release,day,orders_paid_units,orders_private_room_units,orders_from_draft_units,funnel_event_units,funnel_export_units
Abdulnasser Gharem · Hemisphere · 2026 Q3,2026-07-23,2,2,0,2.0,2.0
Abdulnasser Gharem · Hemisphere · 2026 Q3,2026-07-24,1,1,0,1.0,1.0
Abdulnasser Gharem · Hemisphere · 2026 Q3,2026-07-29,1,0,1,1.0,1.0
Abdulnasser Gharem · Hemisphere · 2026 Q3,2026-07-31,3,0,3,3.0,3.0
Abdulnasser Gharem · Hemisphere · 2026 Q3,2026-08-03,1,0,1,1.0,1.0
Abdulnasser Gharem · Hemisphere · 2026 Q3,2026-08-06,1,0,1,1.0,1.0
Abdulnasser Gharem · Hemisphere · 2026 Q3,2026-08-07,1,0,1,1.0,1.0
Abdulnasser Gharem · Hemisphere · 2026 Q3,2026-08-10,1,0,1,1.0,1.0
Abdulnasser Gharem · Hemisphere · 2026 Q3,2026-08-13,1,0,1,1.0,1.0
Abdulnasser Gharem · Hemisphere · 2026 Q3,2026-08-14,2,0,2,2.0,2.0
Abdulnasser Gharem · Hemisphere · 2026 Q3,2026-08-18,5,0,5,5.0,5.0
Abdulnasser Gharem · Hemisphere · 2026 Q3,2026-08-25,1,0,1,1.0,1.0
Adam Pendleton · Multiple · 2025 Q1,2025-01-28,8,0,8,8.0,8.0
Ahmed Mater · Magnetism 25 · 2025 Q4,2025-10-03,3,3,0,0.0,0.0
Ahmed Mater · Magnetism 25 · 2025 Q4,2025-10-08,1,1,0,0.0,0.0
Ahmed Mater · Magnetism 25 · 2025 Q4,2025-10-20,1,0,1,0.0,0.0
Ahmed Mater · Magnetism 25 · 2025 Q4,2025-10-21,35,0,4,0.0,0.0
Ahmed Mater · Multiple · 2026 Q3,2026-07-01,1,1,0,1.0,1.0
Ahmed Mater · Multiple · 2026 Q3,2026-07-02,2,1,1,2.0,2.0
Ahmed Mater · Multiple · 2026 Q3,2026-07-03,1,1,0,1.0,1.0
Ahmed Mater · Multiple · 2026 Q3,2026-07-04,2,2,0,2.0,2.0
Ahmed Mater · Multiple · 2026 Q3,2026-07-06,13,2,11,12.0,12.0
Ahmed Mater · Multiple · 2026 Q3,2026-07-08,2,0,2,2.0,2.0
Ahmed Mater · Multiple · 2026 Q3,2026-07-09,1,0,1,1.0,1.0
Ahmed Mater · Multiple · 2026 Q3,2026-07-13,1,0,1,1.0,1.0
Ahmed Mater · Multiple · 2026 Q3,2026-07-17,1,0,1,1.0,1.0
Ahmed Mater · Multiple · 2026 Q3,2026-07-22,1,0,1,1.0,1.0
Ahmed Mater · Multiple · 2026 Q3,2026-07-24,1,0,1,1.0,1.0
Ahmed Mater · Multiple · 2026 Q3,2026-07-27,3,0,3,4.0,4.0
Ahmed Mater · Multiple · 2026 Q3,2026-07-28,3,0,3,2.0,2.0
Ahmed Mater · Multiple · 2026 Q3,2026-08-25,3,0,3,1.0,1.0
Ahmed Mater · Multiple · 2026 Q3,2026-09-18,1,0,1,2.0,2.0
Ai Weiwei · Arm · Multiple · 2026 Q2,2026-03-30,20,20,0,20.0,20.0
Ai Weiwei · Arm · Multiple · 2026 Q2,2026-03-31,4,3,1,4.0,4.0
Ai Weiwei · Arm · Multiple · 2026 Q2,2026-04-02,32,0,32,32.0,32.0
Ai Weiwei · Arm · Multiple · 2026 Q2,2026-04-03,3,0,3,3.0,3.0
Ai Weiwei · Arm · Multiple · 2026 Q2,2026-04-05,1,0,1,1.0,1.0
Ai Weiwei · Arm · Multiple · 2026 Q2,2026-04-07,1,0,1,1.0,1.0
Ai Weiwei · Arm · Multiple · 2026 Q2,2026-04-08,1,0,1,1.0,1.0
Ai Weiwei · Arm · Multiple · 2026 Q2,2026-04-09,31,0,31,31.0,31.0
Ai Weiwei · Arm · Multiple · 2026 Q2,2026-04-10,3,0,3,3.0,3.0
Ai Weiwei · Arm · Multiple · 2026 Q2,2026-04-13,1,0,1,1.0,1.0
Ai Weiwei · Arm · Multiple · 2026 Q2,2026-04-15,16,0,16,16.0,16.0
Ai Weiwei · Arm · Multiple · 2026 Q2,2026-04-17,5,0,5,5.0,5.0
Ai Weiwei · Arm · Multiple · 2026 Q2,2026-04-22,27,0,27,27.0,27.0
Ai Weiwei · Arm · Multiple · 2026 Q2,2026-04-23,1,0,1,1.0,1.0
Ai Weiwei · Combat fear with truth · 2025 Q1,2025-01-23,1,0,1,0.0,0.0
Ai Weiwei · Combat fear with truth · 2025 Q1,2025-01-28,84,84,0,0.0,0.0
Ai Weiwei · Combat fear with truth · 2025 Q1,2025-01-29,103,25,5,0.0,0.0
Ai Weiwei · Combat fear with truth · 2025 Q1,2025-01-30,35,0,0,0.0,0.0
Ai Weiwei · Combat fear with truth · 2025 Q1,2025-02-01,1,0,1,0.0,0.0
Ai Weiwei · Combat fear with truth · 2025 Q1,2025-02-06,1,0,1,0.0,0.0
Ai Weiwei · Combat fear with truth · 2025 Q1,2025-02-12,2,0,2,0.0,0.0
Ai Weiwei · Combat fear with truth · 2025 Q1,2025-02-13,1,0,1,0.0,0.0
Ai Weiwei · Combat fear with truth · 2025 Q1,2025-02-17,1,0,1,0.0,0.0
Ai Weiwei · Combat fear with truth · 2025 Q1,2025-02-24,1,0,1,0.0,0.0
Ai Weiwei · Combat fear with truth · 2025 Q1,2025-03-12,1,0,1,0.0,0.0
Ai Weiwei · Combat fear with truth · 2025 Q1,2025-04-01,1,0,0,0.0,0.0
Ai Weiwei · Combat fear with truth · 2025 Q1,2025-04-02,4,0,0,0.0,0.0
Ai Weiwei · Combat fear with truth · 2025 Q1,2025-04-25,1,0,1,0.0,0.0
Ai Weiwei · Combat fear with truth · 2025 Q1,2025-06-19,1,0,1,0.0,0.0
Ai Weiwei · Everyone is a dragon · 2024 Q3,2025-01-09,1,0,1,0.0,0.0
Ai Weiwei · Everyone is a dragon · 2024 Q3,2025-05-07,1,0,0,0.0,0.0
Ai Weiwei · Everyone is a dragon · 2024 Q3,2025-08-12,1,0,0,0.0,0.0
Ai Weiwei · Everyone is a dragon · 2024 Q3,2025-10-28,2,0,2,0.0,0.0
Ai Weiwei · Everyone is a dragon · 2024 Q3,2026-03-08,1,0,1,0.0,0.0
Ai Weiwei · Everyone is a dragon · 2024 Q3,2026-06-18,1,0,1,0.0,0.0
Ai Weiwei · Guar · Multiple · 2026 Q2,2026-04-30,1,0,1,0.0,0.0
Ai Weiwei · Guar · Multiple · 2026 Q2,2026-05-02,1,0,1,0.0,0.0
Ai Weiwei · Guar · Multiple · 2026 Q2,2026-05-05,1,0,1,0.0,0.0
Ai Weiwei · Guar · Multiple · 2026 Q2,2026-05-13,3,0,3,0.0,0.0
Ai Weiwei · Guar · Multiple · 2026 Q2,2026-05-18,1,0,1,0.0,0.0
Ai Weiwei · Guar · Multiple · 2026 Q2,2026-05-20,3,0,3,0.0,0.0
Ai Weiwei · Guar · Multiple · 2026 Q2,2026-05-26,4,4,0,0.0,0.0
Ai Weiwei · Guar · Multiple · 2026 Q2,2026-05-27,4,1,3,0.0,0.0
Ai Weiwei · Guar · Multiple · 2026 Q2,2026-05-28,6,6,0,0.0,0.0
Ai Weiwei · Guar · Multiple · 2026 Q2,2026-05-29,1,0,1,0.0,0.0
Ai Weiwei · Guar · Multiple · 2026 Q2,2026-06-01,225,225,0,0.0,0.0
Ai Weiwei · Guar · Multiple · 2026 Q2,2026-06-02,247,86,12,0.0,0.0
Ai Weiwei · Guar · Multiple · 2026 Q2,2026-06-03,40,0,1,0.0,0.0
Ai Weiwei · Guar · Multiple · 2026 Q2,2026-06-04,51,0,0,0.0,0.0
Ai Weiwei · Guar · Multiple · 2026 Q2,2026-06-05,49,0,3,0.0,0.0
Ai Weiwei · Guar · Multiple · 2026 Q2,2026-06-06,48,0,0,0.0,0.0
Ai Weiwei · Guar · Multiple · 2026 Q2,2026-06-07,69,0,0,0.0,0.0
Ai Weiwei · Guar · Multiple · 2026 Q2,2026-06-08,88,0,2,0.0,0.0
Ai Weiwei · Guar · Multiple · 2026 Q2,2026-06-09,197,0,0,0.0,0.0
Ai Weiwei · Guar · Multiple · 2026 Q2,2026-06-10,5,0,5,0.0,0.0
Ai Weiwei · Guar · Multiple · 2026 Q2,2026-06-11,1,0,1,0.0,0.0
Ai Weiwei · Guar · Multiple · 2026 Q2,2026-06-13,1,0,1,0.0,0.0
Ai Weiwei · Guar · Multiple · 2026 Q2,2026-06-17,1,0,1,0.0,0.0
Ai Weiwei · Guar · Multiple · 2026 Q2,2026-06-18,2,0,2,0.0,0.0
Ai Weiwei · Guar · Multiple · 2026 Q2,2026-06-25,1,0,1,0.0,0.0
Ai Weiwei · Guar · Multiple · 2026 Q2,2026-06-29,1,0,1,0.0,0.0
Ai Weiwei · Guar · Multiple · 2026 Q2,2026-07-02,2,2,0,0.0,0.0
Ai Weiwei · Guar · Multiple · 2026 Q2,2026-07-04,1,1,0,0.0,0.0
Ai Weiwei · Guar · Multiple · 2026 Q2,2026-07-07,1,0,1,0.0,0.0
Ai Weiwei · Guar · Multiple · 2026 Q2,2026-07-11,1,1,0,0.0,0.0
Ai Weiwei · Guar · Multiple · 2026 Q2,2026-07-15,3,3,0,0.0,0.0
Ai Weiwei · Guar · Multiple · 2026 Q2,2026-07-17,1,1,0,0.0,0.0
Ai Weiwei · Guar · Multiple · 2026 Q2,2026-07-19,1,1,0,0.0,0.0
Ai Weiwei · Guar · Multiple · 2026 Q2,2026-08-01,2,2,0,0.0,0.0
Ai Weiwei · Guar · Multiple · 2026 Q2,2026-08-03,1,0,1,0.0,0.0
Ai Weiwei · Guar · Multiple · 2026 Q2,2026-08-12,1,0,1,0.0,0.0
Ai Weiwei · Guar · Multiple · 2026 Q2,2026-08-24,1,0,1,0.0,0.0
Ai Weiwei · Guar · Multiple · 2026 Q2,2026-08-31,1,1,0,0.0,0.0
Ai Weiwei · Guardian · 2024 Q1,2025-11-07,1,0,1,0.0,0.0
Ai Weiwei · Guardian · 2024 Q1,2025-12-02,1,0,1,0.0,0.0
Ai Weiwei · Guardian · 2024 Q1,2026-06-29,1,0,1,0.0,0.0
Ai Weiwei · Middle Finger in Red · 2023 Q1,2026-02-13,1,0,1,0.0,0.0
Ai Weiwei · Multiple · 2024 Q4,2025-02-21,4,0,0,4.0,4.0
Ai Weiwei · Multiple · 2024 Q4,2025-02-24,1,0,0,1.0,1.0
Ai Weiwei · Multiple · 2025 Q3,2025-08-13,8,8,0,0.0,0.0
Ai Weiwei · Multiple · 2025 Q3,2025-08-14,8,8,0,0.0,0.0
Ai Weiwei · Multiple · 2025 Q3,2025-08-16,1,1,0,0.0,0.0
Ai Weiwei · Multiple · 2025 Q3,2025-08-18,2,2,0,0.0,0.0
Ai Weiwei · Multiple · 2025 Q3,2025-08-19,5,4,1,0.0,0.0
Ai Weiwei · Multiple · 2025 Q3,2025-08-20,1,1,0,0.0,0.0
Ai Weiwei · Multiple · 2025 Q3,2025-08-21,1,0,1,0.0,0.0
Ai Weiwei · Multiple · 2025 Q3,2025-08-22,1,0,1,0.0,0.0
Ai Weiwei · Multiple · 2025 Q3,2025-08-23,3,2,1,0.0,0.0
Ai Weiwei · Multiple · 2025 Q3,2025-08-24,1,1,0,0.0,0.0
Ai Weiwei · Multiple · 2025 Q3,2025-08-26,2,1,1,0.0,0.0
Ai Weiwei · Multiple · 2025 Q3,2025-08-27,95,95,0,0.0,0.0
Ai Weiwei · Multiple · 2025 Q3,2025-08-28,141,32,4,0.0,0.0
Ai Weiwei · Multiple · 2025 Q3,2025-08-29,37,3,2,0.0,0.0
Ai Weiwei · Multiple · 2025 Q3,2025-08-30,35,2,0,0.0,0.0
Ai Weiwei · Multiple · 2025 Q3,2025-08-31,21,0,1,0.0,0.0
Ai Weiwei · Multiple · 2025 Q3,2025-09-01,17,0,0,0.0,0.0
Ai Weiwei · Multiple · 2025 Q3,2025-09-02,10,0,0,0.0,0.0
Ai Weiwei · Multiple · 2025 Q3,2025-09-03,49,1,8,0.0,0.0
Ai Weiwei · Multiple · 2025 Q3,2025-09-04,44,0,4,0.0,0.0
Ai Weiwei · Multiple · 2025 Q3,2025-09-11,1,0,1,0.0,0.0
Ai Weiwei · Multiple · 2025 Q3,2026-01-02,1,0,1,0.0,0.0
Ai Weiwei · Multiple · 2025 Q3,2026-02-05,1,0,1,0.0,0.0
Ai Weiwei · Multiple · 2025 Q4,2025-10-20,22,22,0,22.0,22.0
Ai Weiwei · Multiple · 2025 Q4,2025-10-21,9,9,0,10.0,10.0
Ai Weiwei · Multiple · 2025 Q4,2025-10-22,13,13,0,12.0,12.0
Ai Weiwei · Multiple · 2025 Q4,2025-10-23,16,0,16,17.0,17.0
Ai Weiwei · Multiple · 2025 Q4,2025-10-24,1,0,1,1.0,1.0
Ai Weiwei · Multiple · 2025 Q4,2025-10-27,8,0,8,8.0,8.0
Ai Weiwei · Multiple · 2025 Q4,2025-10-28,20,3,17,20.0,20.0
Ai Weiwei · Multiple · 2025 Q4,2025-10-29,7,1,6,7.0,7.0
Ai Weiwei · Multiple · 2025 Q4,2025-10-30,1,1,0,1.0,1.0
Ai Weiwei · Multiple · 2025 Q4,2025-10-31,1,0,1,1.0,1.0
Ai Weiwei · Multiple · 2025 Q4,2025-11-03,8,0,8,8.0,8.0
Ai Weiwei · Multiple · 2025 Q4,2025-11-06,2,0,2,2.0,2.0
Ai Weiwei · Multiple · 2025 Q4,2025-11-07,11,0,11,11.0,11.0
Ai Weiwei · Multiple · 2025 Q4,2025-11-10,13,0,13,13.0,13.0
Ai Weiwei · Multiple · 2025 Q4,2025-11-17,16,0,16,16.0,16.0
Ai Weiwei · Multiple · 2025 Q4,2025-11-27,1,0,1,1.0,1.0
Ai Weiwei · Multiple · 2026 Q1,2026-01-07,1,0,1,0.0,0.0
Ai Weiwei · Multiple · 2026 Q1,2026-01-19,2,0,2,0.0,0.0
Ai Weiwei · Multiple · 2026 Q1,2026-01-27,36,31,5,0.0,0.0
Ai Weiwei · Multiple · 2026 Q1,2026-01-28,29,9,0,0.0,0.0
Ai Weiwei · Multiple · 2026 Q1,2026-01-29,15,1,4,0.0,0.0
Ai Weiwei · Multiple · 2026 Q1,2026-01-30,7,0,0,0.0,0.0
Ai Weiwei · Multiple · 2026 Q1,2026-02-01,1,0,0,0.0,0.0
Ai Weiwei · Multiple · 2026 Q1,2026-02-02,6,0,0,0.0,0.0
Ai Weiwei · Multiple · 2026 Q1,2026-02-03,8,0,0,0.0,0.0
Ai Weiwei · Multiple · 2026 Q1,2026-02-04,19,0,0,0.0,0.0
Ai Weiwei · Multiple · 2026 Q1,2026-02-05,4,0,4,0.0,0.0
Ai Weiwei · Multiple · 2026 Q1,2026-02-06,1,0,1,0.0,0.0
Ai Weiwei · Multiple · 2026 Q1,2026-02-09,1,0,1,0.0,0.0
Ai Weiwei · Multiple · 2026 Q1,2026-02-11,4,0,4,0.0,0.0
Ai Weiwei · Multiple · 2026 Q1,2026-02-16,1,0,1,0.0,0.0
Ai Weiwei · Multiple · 2026 Q1,2026-03-03,1,0,1,0.0,0.0
Ai Weiwei · Multiple · 2026 Q1,2026-03-12,1,0,1,0.0,0.0
Ai Weiwei · Multiple · 2026 Q1,2026-07-30,1,0,1,0.0,0.0
Ai Weiwei · Multiple · 2026 Q1,2026-08-27,1,0,1,0.0,0.0
Ai Weiwei · Multiple · 2026 Q3,2026-08-26,4,4,0,4.0,4.0
Ai Weiwei · Multiple · 2026 Q3,2026-08-27,2,2,0,2.0,2.0
Ai Weiwei · Multiple · 2026 Q3,2026-08-28,0,0,0,1.0,1.0
Ai Weiwei · Multiple · 2026 Q3,2026-08-29,1,0,1,0.0,0.0
Ai Weiwei · Multiple · 2026 Q3,2026-09-02,1,0,1,1.0,1.0
Ai Weiwei · Multiple · 2026 Q3,2026-09-04,3,0,3,3.0,3.0
Ai Weiwei · Multiple · 2026 Q3,2026-09-07,1,0,1,1.0,1.0
Ai Weiwei · Multiple · 2026 Q3,2026-09-14,2,0,2,2.0,2.0
Ai Weiwei · Multiple · 2026 Q3,2026-09-18,1,0,1,1.0,1.0
Ai Weiwei · Multiple · 2026 Q3,2026-09-23,1,0,1,1.0,1.0
Ai Weiwei · Multiple · 2026 Q3,2026-09-24,3,0,3,3.0,3.0
Ai Weiwei · To Be Looked At... · 2024 Q4,2026-03-27,1,0,1,1.0,1.0
Alex Katz · Ada Ada · 2025 Q4,2025-09-24,4,4,0,5.0,5.0
Alex Katz · Ada Ada · 2025 Q4,2025-09-25,2,2,0,1.0,1.0
Alex Katz · Ada Ada · 2025 Q4,2025-09-26,1,1,0,1.0,1.0
Alex Katz · Ada Ada · 2025 Q4,2025-09-29,18,18,0,18.0,18.0
Alex Katz · Ada Ada · 2025 Q4,2025-09-30,8,8,0,8.0,8.0
Alex Katz · Ada Ada · 2025 Q4,2025-10-01,8,6,2,8.0,8.0
Alex Katz · Ada Ada · 2025 Q4,2025-10-02,1,0,1,1.0,1.0
Alex Katz · Ada Ada · 2025 Q4,2025-10-03,3,0,3,3.0,3.0
Alex Katz · Ada Ada · 2025 Q4,2025-10-06,16,0,16,17.0,17.0
Alex Katz · Ada Ada · 2025 Q4,2025-10-07,5,0,5,5.0,5.0
Alex Katz · Ada Ada · 2025 Q4,2025-10-08,22,0,22,22.0,22.0
Alex Katz · Ada Ada · 2025 Q4,2025-10-09,11,0,11,11.0,11.0
Alex Katz · Ada Ada · 2025 Q4,2025-10-10,2,0,2,2.0,2.0
Alex Katz · Ada Ada · 2025 Q4,2025-10-11,1,0,1,1.0,1.0
Alex Katz · Ada Ada · 2025 Q4,2025-10-13,10,0,10,11.0,11.0
Alex Katz · Ada Ada · 2025 Q4,2025-10-15,17,0,17,17.0,17.0
Alex Katz · Ada Ada · 2025 Q4,2025-10-16,3,0,3,3.0,3.0
Alex Katz · Ada Ada · 2025 Q4,2025-10-17,5,0,5,6.0,6.0
Alex Katz · Ada Ada · 2025 Q4,2025-10-18,1,0,1,0.0,0.0
Alex Katz · Ada Ada · 2025 Q4,2025-10-24,21,0,21,21.0,21.0
Alex Katz · Ada Ada · 2025 Q4,2025-10-28,9,0,9,9.0,9.0
Alex Katz · Ada Ada · 2025 Q4,2025-10-30,24,0,24,24.0,24.0
Alex Katz · Ada Ada · 2025 Q4,2025-11-05,2,0,2,2.0,2.0
Alex Katz · Ada Ada · 2025 Q4,2025-11-06,1,0,1,1.0,1.0
Alex Katz · Ada Ada · 2025 Q4,2026-01-13,1,0,1,1.0,1.0
Alex Katz · Ada Ada · 2025 Q4,2026-01-15,2,0,2,2.0,2.0
Ali Banisadr · Thinkpol · 2021 Q2,2025-06-10,1,0,1,0.0,0.0
Ali Banisadr · Thinkpol · 2021 Q2,2026-02-12,1,0,1,0.0,0.0
Alpha Centauri Kid · Multiple · 2024 Q4,2025-02-07,1,0,1,0.0,0.0
Alpha Centauri Kid · Multiple · 2024 Q4,2025-02-08,1,0,1,0.0,0.0
Alpha Centauri Kid · Multiple · 2024 Q4,2025-02-19,1,0,1,0.0,0.0
Alpha Centauri Kid · Multiple · 2024 Q4,2025-02-20,1,0,1,0.0,0.0
Alpha Centauri Kid · Multiple · 2024 Q4,2025-02-28,1,0,1,0.0,0.0
Alpha Centauri Kid · Multiple · 2024 Q4,2025-05-02,1,0,1,0.0,0.0
Amanda Baldwin · Bell Bay · 2023 Q3,2025-06-26,0,0,0,1.0,1.0
Amanda Baldwin · Bell Bay · 2023 Q3,2025-07-20,0,0,0,1.0,1.0
Amanda Baldwin · Bell Bay · 2023 Q3,2026-01-01,0,0,0,1.0,1.0
Amanda Baldwin · Bell Bay · 2023 Q3,2026-08-09,0,0,0,1.0,1.0
Amani Lewis · TWO QUEENS: Ode to Romare Bearden · 2021 Q3,2026-07-18,1,0,0,1.0,1.0
Andy Warhol Estate · Multiple · 2026 Q3,2026-09-01,73,73,0,76.0,76.0
Andy Warhol Estate · Multiple · 2026 Q3,2026-09-02,30,28,2,30.0,30.0
Andy Warhol Estate · Multiple · 2026 Q3,2026-09-03,18,18,0,15.0,15.0
Andy Warhol Estate · Multiple · 2026 Q3,2026-09-04,14,0,14,12.0,12.0
Andy Warhol Estate · Multiple · 2026 Q3,2026-09-05,7,0,7,6.0,6.0
Andy Warhol Estate · Multiple · 2026 Q3,2026-09-07,64,0,64,64.0,64.0
Andy Warhol Estate · Multiple · 2026 Q3,2026-09-08,7,0,7,7.0,7.0
Andy Warhol Estate · Multiple · 2026 Q3,2026-09-09,48,0,48,48.0,48.0
Andy Warhol Estate · Multiple · 2026 Q3,2026-09-10,10,0,10,10.0,10.0
Andy Warhol Estate · Multiple · 2026 Q3,2026-09-11,23,0,23,23.0,23.0
Andy Warhol Estate · Multiple · 2026 Q3,2026-09-14,63,0,63,63.0,63.0
Andy Warhol Estate · Multiple · 2026 Q3,2026-09-15,4,0,4,4.0,4.0
Andy Warhol Estate · Multiple · 2026 Q3,2026-09-16,31,0,31,31.0,31.0
Andy Warhol Estate · Multiple · 2026 Q3,2026-09-17,1,0,1,1.0,1.0
Andy Warhol Estate · Multiple · 2026 Q3,2026-09-18,57,0,57,57.0,57.0
Andy Warhol Estate · Multiple · 2026 Q3,2026-09-19,4,0,0,4.0,4.0
Andy Warhol Estate · Multiple · 2026 Q3,2026-09-21,146,0,146,146.0,146.0
Andy Warhol Estate · Multiple · 2026 Q3,2026-09-22,13,0,13,13.0,13.0
Andy Warhol Estate · Multiple · 2026 Q3,2026-09-23,1,0,1,1.0,1.0
Andy Warhol Estate · Multiple · 2026 Q3,2026-09-24,84,0,84,84.0,84.0
Anish Kapoor · Out of the Dark · 2023 Q4,2026-05-02,1,0,1,0.0,0.0
Anna Weyant · Loose Screw · 2022 Q2,2025-02-21,1,0,1,1.0,1.0
Anni and Josef Albers · Multiple · 2026 Q2,2026-04-29,23,21,2,23.0,23.0
Anni and Josef Albers · Multiple · 2026 Q2,2026-04-30,22,17,5,20.0,20.0
Anni and Josef Albers · Multiple · 2026 Q2,2026-05-01,14,8,6,14.0,14.0
Anni and Josef Albers · Multiple · 2026 Q2,2026-05-02,1,0,1,1.0,1.0
Anni and Josef Albers · Multiple · 2026 Q2,2026-05-04,2,0,2,2.0,2.0
Anni and Josef Albers · Multiple · 2026 Q2,2026-05-06,3,0,3,3.0,3.0
Anni and Josef Albers · Multiple · 2026 Q2,2026-05-07,92,0,92,92.0,92.0
Anni and Josef Albers · Multiple · 2026 Q2,2026-05-08,2,0,2,2.0,2.0
Anni and Josef Albers · Multiple · 2026 Q2,2026-05-09,3,0,3,3.0,3.0
Anni and Josef Albers · Multiple · 2026 Q2,2026-05-10,3,0,3,3.0,3.0
Anni and Josef Albers · Multiple · 2026 Q2,2026-05-11,2,0,2,2.0,2.0
Anni and Josef Albers · Multiple · 2026 Q2,2026-05-12,1,0,1,1.0,1.0
Anni and Josef Albers · Multiple · 2026 Q2,2026-05-13,130,0,130,130.0,130.0
Anni and Josef Albers · Multiple · 2026 Q2,2026-05-14,4,0,4,4.0,4.0
Anni and Josef Albers · Multiple · 2026 Q2,2026-05-15,67,1,66,67.0,67.0
Anni and Josef Albers · Multiple · 2026 Q2,2026-05-16,2,0,2,2.0,2.0
Anni and Josef Albers · Multiple · 2026 Q2,2026-05-18,98,0,98,98.0,98.0
Anni and Josef Albers · Multiple · 2026 Q2,2026-05-19,3,0,3,2.0,2.0
Anni and Josef Albers · Multiple · 2026 Q2,2026-05-20,43,0,41,43.0,43.0
Anni and Josef Albers · Multiple · 2026 Q2,2026-05-21,3,0,3,4.0,4.0
Anni and Josef Albers · Multiple · 2026 Q2,2026-05-22,56,0,56,51.0,51.0
Anni and Josef Albers · Multiple · 2026 Q2,2026-05-23,2,0,2,1.0,1.0
Anni and Josef Albers · Multiple · 2026 Q2,2026-05-25,5,0,5,5.0,5.0
Anni and Josef Albers · Multiple · 2026 Q2,2026-05-26,72,0,71,71.0,71.0
Anni and Josef Albers · Multiple · 2026 Q2,2026-05-27,9,1,8,6.0,6.0
Anni and Josef Albers · Multiple · 2026 Q2,2026-05-28,291,6,285,292.0,292.0
Anni and Josef Albers · Multiple · 2026 Q2,2026-05-29,3,0,3,2.0,2.0
Anni and Josef Albers · Multiple · 2026 Q2,2026-05-30,2,0,2,2.0,2.0
Anni and Josef Albers · Multiple · 2026 Q2,2026-06-01,3,0,3,3.0,3.0
Anni and Josef Albers · Multiple · 2026 Q2,2026-06-02,6,0,6,5.0,5.0
Anni and Josef Albers · Multiple · 2026 Q2,2026-06-03,2,0,2,2.0,2.0
Anni and Josef Albers · Multiple · 2026 Q2,2026-06-04,4,0,4,4.0,4.0
Anni and Josef Albers · Multiple · 2026 Q2,2026-06-11,4,0,4,2.0,2.0
Anni and Josef Albers · Multiple · 2026 Q2,2026-06-12,1,0,1,1.0,1.0
Anni and Josef Albers · Multiple · 2026 Q2,2026-06-16,1,0,0,1.0,1.0
Anni and Josef Albers · Multiple · 2026 Q2,2026-07-09,1,0,1,1.0,1.0
Anni and Josef Albers · Multiple · 2026 Q2,2026-07-27,1,0,1,1.0,1.0
Anni and Josef Albers · Multiple · 2026 Q2,2026-07-28,1,0,1,1.0,1.0
Anni and Josef Albers · Multiple · 2026 Q2,2026-08-06,1,0,1,1.0,1.0
Anni and Josef Albers · Multiple · 2026 Q2,2026-08-07,1,0,1,1.0,1.0
Anni and Josef Albers · Multiple · 2026 Q2,2026-08-08,1,0,1,1.0,1.0
Anni and Josef Albers · Multiple · 2026 Q2,2026-08-19,1,0,1,1.0,1.0
Anni and Josef Albers · Multiple · 2026 Q2,2026-08-20,2,0,2,2.0,2.0
Anni and Josef Albers · Multiple · 2026 Q2,2026-08-26,1,0,1,1.0,1.0
Anni and Josef Albers · Multiple · 2026 Q2,2026-08-27,1,0,0,1.0,1.0
Anni and Josef Albers · Multiple · 2026 Q2,2026-09-03,1,0,0,1.0,1.0
Anni and Josef Albers · Multiple · 2026 Q2,2026-09-08,1,0,1,1.0,1.0
Anni and Josef Albers · Multiple · 2026 Q2,2026-09-24,1,0,1,1.0,1.0
Antony Micallef · Self Portrait with Blue Slash · 2026 Q2,2026-04-28,4,4,0,6.0,6.0
Antony Micallef · Self Portrait with Blue Slash · 2026 Q2,2026-04-29,4,4,0,2.0,2.0
Antony Micallef · Self Portrait with Blue Slash · 2026 Q2,2026-05-01,3,1,2,4.0,4.0
Antony Micallef · Self Portrait with Blue Slash · 2026 Q2,2026-05-02,2,0,2,1.0,1.0
Antony Micallef · Self Portrait with Blue Slash · 2026 Q2,2026-05-05,2,0,2,2.0,2.0
Antony Micallef · Self Portrait with Blue Slash · 2026 Q2,2026-05-06,1,0,1,1.0,1.0
Antony Micallef · Self Portrait with Blue Slash · 2026 Q2,2026-05-07,10,3,7,10.0,10.0
Antony Micallef · Self Portrait with Blue Slash · 2026 Q2,2026-05-08,2,2,0,2.0,2.0
Antony Micallef · Self Portrait with Blue Slash · 2026 Q2,2026-05-11,2,0,2,2.0,2.0
Antony Micallef · Self Portrait with Blue Slash · 2026 Q2,2026-05-13,5,0,5,5.0,5.0
Antony Micallef · Self Portrait with Blue Slash · 2026 Q2,2026-05-14,1,0,1,1.0,1.0
Antony Micallef · Self Portrait with Blue Slash · 2026 Q2,2026-05-15,1,0,1,1.0,1.0
Antony Micallef · Self Portrait with Blue Slash · 2026 Q2,2026-05-17,0,0,0,1.0,1.0
Antony Micallef · Self Portrait with Blue Slash · 2026 Q2,2026-05-18,12,0,12,11.0,11.0
Antony Micallef · Self Portrait with Blue Slash · 2026 Q2,2026-05-20,1,0,1,1.0,1.0
Antony Micallef · Self Portrait with Blue Slash · 2026 Q2,2026-05-21,1,0,1,1.0,1.0
Antony Micallef · Self Portrait with Blue Slash · 2026 Q2,2026-05-22,2,0,2,2.0,2.0
Antony Micallef · Self Portrait with Blue Slash · 2026 Q2,2026-05-29,10,0,10,10.0,10.0
Antony Micallef · Self Portrait with Blue Slash · 2026 Q2,2026-07-09,1,0,1,1.0,1.0
Antony Micallef · Self Portrait with Blue Slash · 2026 Q2,2026-08-07,1,0,1,1.0,1.0
Antony Micallef · Self Portrait with Yellow Lake and Magenta · 2025 Q3,2025-05-31,1,0,1,1.0,1.0
Antony Micallef · Self Portrait with Yellow Lake and Magenta · 2025 Q3,2025-06-26,16,16,0,18.0,18.0
Antony Micallef · Self Portrait with Yellow Lake and Magenta · 2025 Q3,2025-06-27,7,7,0,5.0,5.0
Antony Micallef · Self Portrait with Yellow Lake and Magenta · 2025 Q3,2025-06-28,3,3,0,3.0,3.0
Antony Micallef · Self Portrait with Yellow Lake and Magenta · 2025 Q3,2025-06-30,3,3,0,5.0,5.0
Antony Micallef · Self Portrait with Yellow Lake and Magenta · 2025 Q3,2025-07-01,3,3,0,1.0,1.0
Antony Micallef · Self Portrait with Yellow Lake and Magenta · 2025 Q3,2025-07-02,1,1,0,1.0,1.0
Antony Micallef · Self Portrait with Yellow Lake and Magenta · 2025 Q3,2025-07-08,1,0,1,1.0,1.0
Antony Micallef · Self Portrait with Yellow Lake and Magenta · 2025 Q3,2025-07-09,1,1,0,1.0,1.0
Antony Micallef · Self Portrait with Yellow Lake and Magenta · 2025 Q3,2025-07-11,1,1,0,1.0,1.0
Antony Micallef · Self Portrait with Yellow Lake and Magenta · 2025 Q3,2025-07-29,21,0,21,21.0,21.0
Antony Micallef · Self Portrait with Yellow Lake and Magenta · 2025 Q3,2025-07-30,1,0,1,1.0,1.0
Antony Micallef · Self Portrait with Yellow Lake and Magenta · 2025 Q3,2025-08-27,1,0,1,1.0,1.0
Antony Micallef · Self Portrait with Yellow Lake and Magenta · 2025 Q3,2026-04-18,1,0,1,1.0,1.0
Artspace Amphora Project · Multiple · 2025 Q1,2025-01-02,1,0,1,1.0,1.0
Artspace Amphora Project · Multiple · 2025 Q1,2025-02-05,1,0,1,1.0,1.0
Ayako Rokkaku · Untitled · 2025 Q2,2025-03-11,1,0,1,0.0,0.0
Ayako Rokkaku · Untitled · 2025 Q2,2025-03-19,1,0,1,0.0,0.0
Ayako Rokkaku · Untitled · 2025 Q2,2025-03-20,1,0,1,0.0,0.0
Ayako Rokkaku · Untitled · 2025 Q2,2025-03-21,2,0,2,0.0,0.0
Ayako Rokkaku · Untitled · 2025 Q2,2025-03-27,4,0,4,0.0,0.0
Ayako Rokkaku · Untitled · 2025 Q2,2025-03-28,1,0,1,0.0,0.0
Ayako Rokkaku · Untitled · 2025 Q2,2025-03-31,1,0,1,0.0,0.0
Ayako Rokkaku · Untitled · 2025 Q2,2025-04-01,5,0,5,0.0,0.0
Ayako Rokkaku · Untitled · 2025 Q2,2025-04-02,1,0,1,0.0,0.0
Ayako Rokkaku · Untitled · 2025 Q2,2025-04-08,1,0,1,0.0,0.0
Ayako Rokkaku · Untitled · 2025 Q2,2025-04-09,1,0,1,0.0,0.0
Ayako Rokkaku · Untitled · 2025 Q2,2025-04-14,1,0,1,0.0,0.0
Ayako Rokkaku · Untitled · 2025 Q2,2025-04-17,1,0,1,0.0,0.0
Ayako Rokkaku · Untitled · 2025 Q2,2025-05-16,1,0,1,0.0,0.0
Ayako Rokkaku · Untitled · 2025 Q2,2025-09-16,1,0,1,0.0,0.0
Backside works. · Multiple · 2026 Q3,2026-06-29,1,0,1,3.0,3.0
Backside works. · Multiple · 2026 Q3,2026-06-30,23,20,3,21.0,21.0
Backside works. · Multiple · 2026 Q3,2026-07-01,2,0,2,2.0,2.0
Backside works. · Multiple · 2026 Q3,2026-07-02,2,0,2,2.0,2.0
Backside works. · Multiple · 2026 Q3,2026-07-03,4,0,4,4.0,4.0
Backside works. · Multiple · 2026 Q3,2026-07-06,3,0,3,3.0,3.0
Backside works. · Multiple · 2026 Q3,2026-07-07,3,0,3,3.0,3.0
Backside works. · Multiple · 2026 Q3,2026-07-08,7,0,7,7.0,7.0
Backside works. · Multiple · 2026 Q3,2026-07-09,2,0,2,2.0,2.0
Backside works. · Multiple · 2026 Q3,2026-07-10,4,0,4,4.0,4.0
Backside works. · Multiple · 2026 Q3,2026-07-13,2,0,2,2.0,2.0
Backside works. · Multiple · 2026 Q3,2026-07-14,0,0,0,1.0,1.0
Backside works. · Multiple · 2026 Q3,2026-07-15,1,0,1,0.0,0.0
Backside works. · Multiple · 2026 Q3,2026-07-20,1,0,1,1.0,1.0
Backside works. · Multiple · 2026 Q3,2026-07-24,1,0,1,1.0,1.0
Backside works. · Multiple · 2026 Q3,2026-07-29,1,0,1,1.0,1.0
Backside works. · Multiple · 2026 Q3,2026-07-30,30,0,30,30.0,30.0
Backside works. · Multiple · 2026 Q3,2026-08-07,10,0,10,10.0,10.0
Barry McGee · Fuzz Gathering · 2025 Q1,2025-01-15,1,0,1,0.0,0.0
Barry McGee · Fuzz Gathering · 2025 Q1,2025-01-16,1,0,1,0.0,0.0
Barry McGee · Fuzz Gathering · 2025 Q1,2025-01-28,1,0,1,0.0,0.0
Barry McGee · Fuzz Gathering · 2025 Q1,2025-01-29,1,0,1,0.0,0.0
Barry McGee · Fuzz Gathering · 2025 Q1,2025-01-30,16,0,16,0.0,0.0
Barry McGee · Fuzz Gathering · 2025 Q1,2025-01-31,1,0,1,0.0,0.0
Barry McGee · Fuzz Gathering · 2025 Q1,2025-02-03,10,0,10,0.0,0.0
Barry McGee · Fuzz Gathering · 2025 Q1,2025-02-04,181,181,0,0.0,0.0
Barry McGee · Fuzz Gathering · 2025 Q1,2025-02-05,204,70,0,0.0,0.0
Barry McGee · Fuzz Gathering · 2025 Q1,2025-02-06,100,0,0,0.0,0.0
Barry McGee · Fuzz Gathering · 2025 Q1,2025-02-07,117,1,0,0.0,0.0
Barry McGee · Fuzz Gathering · 2025 Q1,2025-02-10,6,0,6,0.0,0.0
Barry McGee · Fuzz Gathering · 2025 Q1,2025-02-11,2,0,2,0.0,0.0
Barry McGee · Fuzz Gathering · 2025 Q1,2025-02-12,1,0,1,0.0,0.0
Barry McGee · Fuzz Gathering · 2025 Q1,2025-02-13,3,0,3,0.0,0.0
Barry McGee · Fuzz Gathering · 2025 Q1,2025-02-14,5,0,5,0.0,0.0
Barry McGee · Fuzz Gathering · 2025 Q1,2025-02-20,2,0,2,0.0,0.0
Barry McGee · Fuzz Gathering · 2025 Q1,2025-03-27,1,0,1,0.0,0.0
Barry McGee · Fuzz Gathering · 2025 Q1,2025-04-03,1,0,1,0.0,0.0
Barry McGee · Fuzz Gathering · 2025 Q1,2025-06-04,1,0,1,0.0,0.0
Barry McGee · Fuzz Gathering · 2025 Q1,2025-07-14,1,0,1,0.0,0.0
Barry McGee · Fuzz Gathering · 2025 Q1,2025-10-28,6,0,6,0.0,0.0
Barry McGee · Multiple · 2023 Q4,2025-01-23,1,0,1,0.0,0.0
Barry McGee · Multiple · 2023 Q4,2025-01-27,1,0,1,0.0,0.0
Beeple · Multiple · 2024 Q4,2025-02-12,3,0,3,0.0,0.0
Beeple · Multiple · 2024 Q4,2025-02-13,15,0,15,0.0,0.0
Beeple · Multiple · 2024 Q4,2025-02-22,1,0,1,0.0,0.0
Bisa Butler · Multiple · 2026 Q4,2026-09-15,2,0,2,0.0,0.0
Bisa Butler · Multiple · 2026 Q4,2026-09-17,4,2,2,0.0,0.0
Bisa Butler · Multiple · 2026 Q4,2026-09-18,1,0,1,0.0,0.0
Bony Ramirez · TORO! · 2023 Q4,2025-04-04,1,0,0,1.0,1.0
Bony Ramirez · TORO! · 2023 Q4,2025-04-18,1,0,0,1.0,1.0
Bony Ramirez · TORO! · 2023 Q4,2025-06-26,0,0,0,1.0,1.0
Bony Ramirez · TORO! · 2023 Q4,2025-06-27,1,0,1,0.0,0.0
Bony Ramirez · TORO! · 2023 Q4,2025-07-10,1,0,1,1.0,1.0
Bony Ramirez · TORO! · 2023 Q4,2025-09-23,1,0,0,1.0,1.0
Bony Ramirez · TORO! · 2023 Q4,2026-08-18,1,0,1,1.0,1.0
Brian Calvin · Multiple · 2023 Q3,2025-03-09,1,0,0,0.0,0.0
Brian Calvin · Multiple · 2023 Q3,2025-04-03,1,0,0,0.0,0.0
Brian Calvin · Multiple · 2023 Q3,2025-04-08,1,0,0,0.0,0.0
Brian Calvin · Multiple · 2023 Q3,2025-05-16,1,0,0,0.0,0.0
Brian Calvin · Multiple · 2023 Q3,2025-07-10,1,0,1,0.0,0.0
Brian Calvin · Multiple · 2023 Q3,2025-08-02,1,0,0,0.0,0.0
Brian Calvin · Multiple · 2023 Q3,2026-03-07,1,0,0,0.0,0.0
Brian Calvin · Multiple · 2023 Q3,2026-05-14,1,0,0,0.0,0.0
Brian Calvin · Multiple · 2023 Q3,2026-06-04,1,0,0,0.0,0.0
Brian Calvin · Multiple · 2023 Q3,2026-07-07,1,0,0,0.0,0.0
Brian Calvin · Multiple · 2023 Q3,2026-07-14,3,0,0,0.0,0.0
Brian Calvin · Multiple · 2023 Q3,2026-07-16,1,0,0,0.0,0.0
Brian Calvin · Multiple · 2023 Q3,2026-07-22,1,0,0,0.0,0.0
Brian Calvin · Multiple · 2023 Q3,2026-07-31,4,0,0,0.0,0.0
Brian Calvin · Multiple · 2023 Q3,2026-08-01,1,0,0,0.0,0.0
Brian Calvin · Multiple · 2023 Q3,2026-08-03,1,0,0,0.0,0.0
Brian Calvin · Multiple · 2023 Q3,2026-08-04,1,0,0,0.0,0.0
Brian Calvin · Multiple · 2023 Q3,2026-09-16,1,0,0,0.0,0.0
Brian Calvin · Multiple · 2023 Q3,2026-09-23,1,0,0,0.0,0.0
Caleb Hahne Quintana · Ourselves Scattered Parts Of Earth · 2023 Q1,2025-04-08,0,0,0,1.0,1.0
Caleb Hahne Quintana · Ourselves Scattered Parts Of Earth · 2023 Q1,2025-05-14,0,0,0,1.0,1.0
Caleb Hahne Quintana · Ourselves Scattered Parts Of Earth · 2023 Q1,2025-06-22,0,0,0,1.0,1.0
Caleb Hahne Quintana · Ourselves Scattered Parts Of Earth · 2023 Q1,2025-09-22,0,0,0,1.0,1.0
Carrie Mae Weems · Multiple · 2025 Q3,2025-07-02,1,0,1,0.0,0.0
Carrie Mae Weems · Multiple · 2025 Q3,2025-07-07,1,0,1,0.0,0.0
Carrie Mae Weems · Multiple · 2025 Q3,2025-07-14,1,0,1,0.0,0.0
Carrie Mae Weems · Multiple · 2025 Q3,2025-07-17,1,0,1,0.0,0.0
Carrie Mae Weems · Multiple · 2025 Q3,2025-07-21,1,0,1,0.0,0.0
Carrie Mae Weems · Multiple · 2025 Q3,2025-07-22,193,192,1,0.0,0.0
Carrie Mae Weems · Multiple · 2025 Q3,2025-07-23,423,111,0,0.0,0.0
Carrie Mae Weems · Multiple · 2025 Q3,2025-07-24,207,6,0,0.0,0.0
Carrie Mae Weems · Multiple · 2025 Q3,2025-07-25,231,4,1,0.0,0.0
Carrie Mae Weems · Multiple · 2025 Q3,2025-07-28,8,0,8,0.0,0.0
Carrie Mae Weems · Multiple · 2025 Q3,2025-07-29,4,0,4,0.0,0.0
Carrie Mae Weems · Multiple · 2025 Q3,2025-07-30,7,0,7,0.0,0.0
Carrie Mae Weems · Multiple · 2025 Q3,2025-07-31,3,0,3,0.0,0.0
Carrie Mae Weems · Multiple · 2025 Q3,2025-08-01,4,0,4,0.0,0.0
Carrie Mae Weems · Multiple · 2025 Q3,2025-08-04,1,0,1,0.0,0.0
Carrie Mae Weems · Multiple · 2025 Q3,2025-08-05,2,0,2,0.0,0.0
Carrie Mae Weems · Multiple · 2025 Q3,2025-08-07,1,0,1,0.0,0.0
Carrie Mae Weems · Multiple · 2025 Q3,2025-08-08,1,0,1,0.0,0.0
Carrie Mae Weems · Multiple · 2025 Q3,2025-08-09,1,0,0,0.0,0.0
Carrie Mae Weems · Multiple · 2025 Q3,2025-08-19,1,0,1,0.0,0.0
Carrie Mae Weems · Multiple · 2025 Q3,2025-08-21,1,0,1,0.0,0.0
Carrie Mae Weems · Multiple · 2025 Q3,2025-08-28,3,0,3,0.0,0.0
Carrie Mae Weems · Multiple · 2025 Q3,2025-09-16,1,0,1,0.0,0.0
Carrie Mae Weems · Multiple · 2025 Q3,2025-10-13,3,0,3,0.0,0.0
Carrie Mae Weems · Multiple · 2025 Q3,2025-10-29,3,0,3,0.0,0.0
Carrie Mae Weems · Multiple · 2025 Q3,2025-11-03,1,0,0,0.0,0.0
Carrie Mae Weems · Multiple · 2025 Q3,2025-11-17,3,0,3,0.0,0.0
Carrie Mae Weems · Multiple · 2025 Q3,2025-11-26,2,0,0,0.0,0.0
Carrie Mae Weems · Multiple · 2025 Q3,2025-12-19,1,0,1,0.0,0.0
Carrie Mae Weems · Multiple · 2025 Q3,2025-12-31,1,0,1,0.0,0.0
Carrie Mae Weems · Multiple · 2025 Q3,2026-01-16,1,0,1,0.0,0.0
Carrie Mae Weems · Multiple · 2025 Q3,2026-01-22,1,0,1,0.0,0.0
Carrie Mae Weems · Multiple · 2025 Q3,2026-01-26,1,0,1,0.0,0.0
Carrie Mae Weems · Multiple · 2025 Q3,2026-02-12,1,0,1,0.0,0.0
Carrie Mae Weems · Multiple · 2025 Q3,2026-02-23,1,0,1,0.0,0.0
Carrie Mae Weems · Multiple · 2025 Q3,2026-02-24,1,0,1,0.0,0.0
Carrie Mae Weems · Multiple · 2025 Q3,2026-02-28,1,0,1,0.0,0.0
Carrie Mae Weems · Multiple · 2025 Q3,2026-03-24,1,0,1,0.0,0.0
Carrie Mae Weems · Multiple · 2025 Q3,2026-04-20,1,0,1,0.0,0.0
Carrie Mae Weems · Multiple · 2025 Q3,2026-04-21,1,0,1,0.0,0.0
Carrie Mae Weems · Multiple · 2025 Q3,2026-05-06,1,0,1,0.0,0.0
Carrie Mae Weems · Multiple · 2025 Q3,2026-09-24,1,0,1,0.0,0.0
Che Lovelace · Emerald and Sun Dancers · 2022 Q3,2026-04-15,0,0,0,1.0,1.0
"Chris Huen Sin Kan · Joel, Tess and Haze · 2023 Q1",2025-05-26,1,0,0,1.0,1.0
Chris Succo · Multiple · 2019 Q1,2025-08-29,1,0,0,0.0,0.0
Chris Succo · Multiple · 2019 Q1,2025-11-24,1,0,0,0.0,0.0
Chris Succo · Multiple · 2019 Q1,2026-01-06,1,0,0,0.0,0.0
Chris Succo · Multiple · 2019 Q1,2026-03-17,1,0,0,0.0,0.0
Cindy Sherman · Untitled · 2025 Q4,2025-11-01,2,0,1,0.0,0.0
Cindy Sherman · Untitled · 2025 Q4,2025-11-04,2,0,2,0.0,0.0
Cindy Sherman · Untitled · 2025 Q4,2025-11-05,1,0,1,0.0,0.0
Cindy Sherman · Untitled · 2025 Q4,2025-11-06,1,0,1,0.0,0.0
Cindy Sherman · Untitled · 2025 Q4,2025-11-08,10,0,10,0.0,0.0
Cindy Sherman · Untitled · 2025 Q4,2025-11-10,132,130,2,0.0,0.0
Cindy Sherman · Untitled · 2025 Q4,2025-11-11,175,65,0,0.0,0.0
Cindy Sherman · Untitled · 2025 Q4,2025-11-12,62,0,0,0.0,0.0
Cindy Sherman · Untitled · 2025 Q4,2025-11-13,27,0,0,0.0,0.0
Cindy Sherman · Untitled · 2025 Q4,2025-11-14,28,0,1,0.0,0.0
Cindy Sherman · Untitled · 2025 Q4,2025-11-15,25,0,0,0.0,0.0
Cindy Sherman · Untitled · 2025 Q4,2025-11-16,24,0,3,0.0,0.0
Cindy Sherman · Untitled · 2025 Q4,2025-11-17,55,0,0,0.0,0.0
Cindy Sherman · Untitled · 2025 Q4,2025-11-18,63,0,3,0.0,0.0
Cindy Sherman · Untitled · 2025 Q4,2025-11-19,4,0,4,0.0,0.0
Cindy Sherman · Untitled · 2025 Q4,2025-11-20,1,0,1,0.0,0.0
Cindy Sherman · Untitled · 2025 Q4,2025-11-24,3,0,3,0.0,0.0
Cindy Sherman · Untitled · 2025 Q4,2025-11-25,1,0,1,0.0,0.0
Cindy Sherman · Untitled · 2025 Q4,2025-11-27,1,0,1,0.0,0.0
Cindy Sherman · Untitled · 2025 Q4,2025-12-02,3,0,3,0.0,0.0
Cindy Sherman · Untitled · 2025 Q4,2025-12-04,1,0,1,0.0,0.0
Cindy Sherman · Untitled · 2025 Q4,2025-12-10,1,0,1,0.0,0.0
Cindy Sherman · Untitled · 2025 Q4,2026-01-06,1,0,1,0.0,0.0
Cindy Sherman · Untitled · 2025 Q4,2026-01-15,2,0,2,0.0,0.0
Cindy Sherman · Untitled · 2025 Q4,2026-01-19,1,0,1,0.0,0.0
Cindy Sherman · Untitled · 2025 Q4,2026-01-23,1,0,1,0.0,0.0
Cindy Sherman · Untitled · 2025 Q4,2026-01-27,1,0,1,0.0,0.0
Cindy Sherman · Untitled · 2025 Q4,2026-02-03,1,0,1,0.0,0.0
Cindy Sherman · Untitled · 2025 Q4,2026-02-05,1,0,0,0.0,0.0
Cindy Sherman · Untitled · 2026 Q2,2026-05-13,70,69,1,75.0,75.0
Cindy Sherman · Untitled · 2026 Q2,2026-05-14,55,55,0,52.0,52.0
Cindy Sherman · Untitled · 2026 Q2,2026-05-15,14,13,1,13.0,13.0
Cindy Sherman · Untitled · 2026 Q2,2026-05-18,66,1,65,68.0,68.0
Cindy Sherman · Untitled · 2026 Q2,2026-05-19,3,0,3,2.0,2.0
Cindy Sherman · Untitled · 2026 Q2,2026-05-20,47,0,47,47.0,47.0
Cindy Sherman · Untitled · 2026 Q2,2026-05-21,1,0,1,1.0,1.0
Cindy Sherman · Untitled · 2026 Q2,2026-05-22,21,1,20,21.0,21.0
Cindy Sherman · Untitled · 2026 Q2,2026-05-23,1,0,1,1.0,1.0
Cindy Sherman · Untitled · 2026 Q2,2026-05-24,1,0,1,1.0,1.0
Cindy Sherman · Untitled · 2026 Q2,2026-05-27,1,0,1,1.0,1.0
Cindy Sherman · Untitled · 2026 Q2,2026-05-29,19,0,19,19.0,19.0
Cindy Sherman · Untitled · 2026 Q2,2026-05-31,1,0,1,1.0,1.0
Cindy Sherman · Untitled · 2026 Q2,2026-06-01,14,0,14,14.0,14.0
Cindy Sherman · Untitled · 2026 Q2,2026-06-02,1,0,1,2.0,2.0
Cindy Sherman · Untitled · 2026 Q2,2026-06-03,7,0,7,6.0,6.0
Cindy Sherman · Untitled · 2026 Q2,2026-06-04,2,0,2,2.0,2.0
Cindy Sherman · Untitled · 2026 Q2,2026-06-05,8,0,8,8.0,8.0
Cindy Sherman · Untitled · 2026 Q2,2026-06-06,1,0,1,1.0,1.0
Cindy Sherman · Untitled · 2026 Q2,2026-06-08,8,0,8,8.0,8.0
Cindy Sherman · Untitled · 2026 Q2,2026-06-09,4,0,4,4.0,4.0
Cindy Sherman · Untitled · 2026 Q2,2026-06-10,146,0,146,146.0,146.0
Cindy Sherman · Untitled · 2026 Q2,2026-06-12,2,0,2,2.0,2.0
Cindy Sherman · Untitled · 2026 Q2,2026-06-22,1,0,1,1.0,1.0
Cindy Sherman · Untitled · 2026 Q2,2026-07-16,1,0,1,1.0,1.0
Claire Silver · daydreamer · 2025 Q3,2025-07-11,11,0,4,0.0,0.0
Claire Silver · daydreamer · 2025 Q3,2025-07-12,4,0,0,0.0,0.0
Claire Silver · daydreamer · 2025 Q3,2025-07-15,10,0,10,0.0,0.0
Claire Silver · daydreamer · 2025 Q3,2025-07-16,4,0,4,0.0,0.0
Claire Silver · daydreamer · 2025 Q3,2025-07-18,1,0,1,0.0,0.0
Claire Silver · daydreamer · 2025 Q3,2025-08-12,2,0,2,0.0,0.0
Claire Silver · daydreamer · 2025 Q3,2025-08-22,1,0,1,0.0,0.0
Claire Silver · daydreamer · 2025 Q3,2026-05-14,1,0,1,0.0,0.0
Cleon Peterson · Multiple · 2023 Q3,2025-01-23,1,0,0,0.0,0.0
Cleon Peterson · Multiple · 2023 Q3,2025-04-08,2,0,0,0.0,0.0
Cleon Peterson · Multiple · 2023 Q3,2025-05-22,1,0,0,0.0,0.0
Cleon Peterson · Multiple · 2023 Q3,2025-07-10,1,0,1,0.0,0.0
Cleon Peterson · Multiple · 2023 Q3,2025-09-15,1,0,0,0.0,0.0
Cleon Peterson · Multiple · 2023 Q3,2025-09-18,3,0,0,0.0,0.0
Cleon Peterson · Multiple · 2023 Q3,2025-09-19,1,0,0,0.0,0.0
Cleon Peterson · Multiple · 2023 Q3,2025-09-22,2,0,0,0.0,0.0
Cleon Peterson · Multiple · 2023 Q3,2025-09-27,1,0,0,0.0,0.0
Cleon Peterson · Multiple · 2023 Q3,2025-11-05,1,0,0,0.0,0.0
Cleon Peterson · Multiple · 2023 Q3,2025-11-10,1,0,0,0.0,0.0
Cleon Peterson · Multiple · 2023 Q3,2026-08-23,1,0,0,0.0,0.0
Cleon Peterson · Multiple · 2023 Q3,2026-09-23,1,0,0,0.0,0.0
Cleon Peterson · Shame · 2025 Q3,2025-08-19,3,0,3,0.0,0.0
Cleon Peterson · Shame · 2025 Q3,2025-08-23,1,0,1,0.0,0.0
Cleon Peterson · Shame · 2025 Q3,2025-08-29,1,0,1,0.0,0.0
Cleon Peterson · Shame · 2025 Q3,2025-09-01,1,0,1,0.0,0.0
Cleon Peterson · Shame · 2025 Q3,2025-09-02,1,0,1,0.0,0.0
Cleon Peterson · Shame · 2025 Q3,2025-09-09,2,0,2,0.0,0.0
Cleon Peterson · Shame · 2025 Q3,2025-09-11,1,0,1,0.0,0.0
Cleon Peterson · Shame · 2025 Q3,2025-09-14,42,42,0,0.0,0.0
Cleon Peterson · Shame · 2025 Q3,2025-09-15,21,21,0,0.0,0.0
Cleon Peterson · Shame · 2025 Q3,2025-09-16,49,49,0,0.0,0.0
Cleon Peterson · Shame · 2025 Q3,2025-09-17,77,23,0,0.0,0.0
Cleon Peterson · Shame · 2025 Q3,2025-09-18,46,2,0,0.0,0.0
Cleon Peterson · Shame · 2025 Q3,2025-09-19,28,1,0,0.0,0.0
Cleon Peterson · Shame · 2025 Q3,2025-09-23,1,0,1,0.0,0.0
Cleon Peterson · Shame · 2025 Q3,2025-09-25,1,0,1,0.0,0.0
Cleon Peterson · Shame · 2025 Q3,2025-09-29,1,0,1,0.0,0.0
Cleon Peterson · Shame · 2025 Q3,2025-10-08,1,0,1,0.0,0.0
Cleon Peterson · Shame · 2025 Q3,2026-01-13,1,0,1,0.0,0.0
Cristina de Miguel · Tentacular Thinking · 2024 Q3,2025-06-04,1,0,0,1.0,1.0
CryptoPunks · Multiple · 2023 Q4,2025-01-03,1,0,1,0.0,0.0
CryptoPunks · Multiple · 2023 Q4,2025-02-22,1,0,0,0.0,0.0
CryptoPunks · Multiple · 2023 Q4,2025-03-16,1,0,1,0.0,0.0
CryptoPunks · Multiple · 2023 Q4,2025-05-29,1,0,1,0.0,0.0
CryptoPunks · Multiple · 2023 Q4,2025-07-22,1,0,1,0.0,0.0
Cui Jie · Shanghai Federation of Industry & Commerce Building · 2023 Q4,2025-01-03,1,0,0,1.0,1.0
Cui Jie · Shanghai Federation of Industry & Commerce Building · 2023 Q4,2025-04-04,1,0,0,1.0,1.0
Cui Jie · Shanghai Federation of Industry & Commerce Building · 2023 Q4,2026-03-31,1,0,1,1.0,1.0
DRIFT · Proto Nature I · 2026 Q1,2026-02-25,3,0,3,3.0,3.0
DRIFT · Proto Nature I · 2026 Q1,2026-02-26,1,0,1,1.0,1.0
DRIFT · Proto Nature I · 2026 Q1,2026-03-02,2,0,2,2.0,2.0
DRIFT · Proto Nature I · 2026 Q1,2026-03-05,3,0,3,3.0,3.0
DRIFT · Proto Nature I · 2026 Q1,2026-03-09,2,0,2,3.0,3.0
DRIFT · Proto Nature I · 2026 Q1,2026-03-16,1,0,1,1.0,1.0
DRIFT · Proto Nature I · 2026 Q1,2026-03-19,6,0,6,6.0,6.0
DRIFT · Proto Nature I · 2026 Q1,2026-04-04,1,0,0,1.0,1.0
DRIFT · Proto Nature I · 2026 Q1,2026-04-08,1,0,0,1.0,1.0
DRIFT · Proto Nature I · 2026 Q1,2026-04-14,1,0,0,1.0,1.0
DRIFT · Proto Nature I · 2026 Q1,2026-04-17,1,0,0,1.0,1.0
"Dada Khanyisa · I can't change, even if I tried · 2023 Q1",2025-03-15,0,0,0,1.0,1.0
"Dada Khanyisa · I can't change, even if I tried · 2023 Q1",2025-11-24,0,0,0,1.0,1.0
"Dada Khanyisa · I can't change, even if I tried · 2023 Q1",2026-07-11,0,0,0,1.0,1.0
Danielle Mckinney · Sandman · 2025 Q1,2025-01-06,1,0,1,0.0,0.0
Danielle Mckinney · Sandman · 2025 Q1,2025-01-07,7,0,7,0.0,0.0
Danielle Mckinney · Sandman · 2025 Q1,2025-01-08,27,0,27,0.0,0.0
Danielle Mckinney · Sandman · 2025 Q1,2025-01-10,1,0,1,0.0,0.0
Danielle Mckinney · Sandman · 2025 Q1,2025-01-16,29,27,2,0.0,0.0
Danielle Mckinney · Sandman · 2025 Q1,2025-01-17,8,6,2,0.0,0.0
Danielle Mckinney · Sandman · 2025 Q1,2025-01-20,2,0,2,0.0,0.0
Danielle Mckinney · Sandman · 2025 Q1,2025-01-21,3,0,3,0.0,0.0
Danielle Mckinney · Sandman · 2025 Q1,2025-01-23,642,0,0,0.0,0.0
Danielle Mckinney · Sandman · 2025 Q1,2025-01-24,404,0,8,0.0,0.0
Danielle Mckinney · Sandman · 2025 Q1,2025-01-26,1,0,1,0.0,0.0
Danielle Mckinney · Sandman · 2025 Q1,2025-01-27,10,0,10,0.0,0.0
Danielle Mckinney · Sandman · 2025 Q1,2025-01-28,7,0,7,0.0,0.0
Danielle Mckinney · Sandman · 2025 Q1,2025-01-29,6,0,6,0.0,0.0
Danielle Mckinney · Sandman · 2025 Q1,2025-01-30,3,0,3,0.0,0.0
Danielle Mckinney · Sandman · 2025 Q1,2025-01-31,1,0,1,0.0,0.0
Danielle Mckinney · Sandman · 2025 Q1,2025-02-01,2,0,2,0.0,0.0
Danielle Mckinney · Sandman · 2025 Q1,2025-02-03,3,0,3,0.0,0.0
Danielle Mckinney · Sandman · 2025 Q1,2025-02-04,3,0,3,0.0,0.0
Danielle Mckinney · Sandman · 2025 Q1,2025-02-07,1,0,1,0.0,0.0
Danielle Mckinney · Sandman · 2025 Q1,2025-02-10,3,0,3,0.0,0.0
Danielle Mckinney · Sandman · 2025 Q1,2025-02-12,1,0,1,0.0,0.0
Danielle Mckinney · Sandman · 2025 Q1,2025-02-13,1,0,1,0.0,0.0
Danielle Mckinney · Sandman · 2025 Q1,2025-02-19,1,0,1,0.0,0.0
Danielle Mckinney · Sandman · 2025 Q1,2025-02-20,1,0,1,0.0,0.0
Danielle Mckinney · Sandman · 2025 Q1,2025-02-24,1,0,1,0.0,0.0
Danielle Mckinney · Sandman · 2025 Q1,2025-03-10,1,0,1,0.0,0.0
Danielle Mckinney · Sandman · 2025 Q1,2025-03-25,1,0,0,0.0,0.0
Danielle Mckinney · Sandman · 2025 Q1,2025-03-26,1,0,0,0.0,0.0
Danielle Mckinney · Sandman · 2025 Q1,2025-04-10,1,0,1,0.0,0.0
Danielle Mckinney · Sandman · 2025 Q1,2025-07-16,1,0,1,0.0,0.0
Danielle Mckinney · Sandman · 2025 Q1,2025-09-26,1,0,0,0.0,0.0
Danielle Mckinney · Sandman · 2025 Q1,2026-01-26,1,0,1,0.0,0.0
Danielle Mckinney · Shelter · 2024 Q3,2025-10-06,1,0,1,1.0,1.0
Danielle Orchard · A Warm Garden · 2023 Q2,2026-02-06,0,0,0,1.0,1.0
Danielle Orchard · A Warm Garden · 2023 Q2,2026-03-04,0,0,0,1.0,1.0
Danielle Orchard · A Warm Garden · 2023 Q2,2026-08-07,0,0,0,1.0,1.0
Deborah Brown · March Snowstorm · 2023 Q2,2025-03-11,0,0,0,1.0,1.0
Deborah Brown · March Snowstorm · 2023 Q2,2025-05-28,0,0,0,1.0,1.0
Deborah Brown · March Snowstorm · 2023 Q2,2025-11-10,0,0,0,1.0,1.0
Deborah Brown · March Snowstorm · 2023 Q2,2026-02-11,0,0,0,1.0,1.0
Deborah Brown · March Snowstorm · 2023 Q2,2026-06-20,0,0,0,1.0,1.0
Deborah Brown · March Snowstorm · 2023 Q2,2026-08-03,0,0,0,1.0,1.0
Deborah Segun · Multiple · 2023 Q2,2025-01-08,0,0,0,1.0,1.0
Deborah Segun · Multiple · 2023 Q2,2025-01-22,0,0,0,1.0,1.0
Deborah Segun · Multiple · 2023 Q2,2025-02-01,0,0,0,1.0,1.0
Deborah Segun · Multiple · 2023 Q2,2025-02-02,0,0,0,2.0,2.0
Deborah Segun · Multiple · 2023 Q2,2025-07-05,0,0,0,1.0,1.0
Deborah Segun · Multiple · 2023 Q2,2025-07-30,0,0,0,1.0,1.0
Deborah Segun · Multiple · 2023 Q2,2025-10-19,0,0,0,1.0,1.0
Deborah Segun · Multiple · 2023 Q2,2025-11-15,0,0,0,1.0,1.0
Deborah Segun · Multiple · 2023 Q2,2025-12-04,0,0,0,1.0,1.0
Deborah Segun · Multiple · 2023 Q2,2025-12-22,0,0,0,1.0,1.0
Deborah Segun · Multiple · 2023 Q2,2026-02-06,0,0,0,2.0,2.0
DeeKay · Love Ripples · 2024 Q1,2025-08-08,1,0,1,1.0,1.0
Derek Fordjour · Multiple · 2025 Q1,2025-01-28,18,0,18,18.0,18.0
Devan Shimoyama · Le Mat · 2023 Q4,2025-02-02,1,1,0,1.0,1.0
Dominique Fung · Handheld Fan · 2025 Q3,2025-06-26,2,0,2,2.0,2.0
Dominique Fung · Handheld Fan · 2025 Q3,2025-07-02,1,0,1,1.0,1.0
Dominique Fung · Handheld Fan · 2025 Q3,2025-07-03,1,0,1,1.0,1.0
Dominique Fung · Handheld Fan · 2025 Q3,2025-07-09,3,3,0,3.0,3.0
Dominique Fung · Handheld Fan · 2025 Q3,2025-07-10,1,1,0,1.0,1.0
Dominique Fung · Handheld Fan · 2025 Q3,2025-07-11,1,0,1,1.0,1.0
Dominique Fung · Handheld Fan · 2025 Q3,2025-07-22,26,0,25,26.0,26.0
Donna Huanca · Multiple · 2021 Q2,2026-02-23,1,0,1,0.0,0.0
Ed Ruscha · Actual Size · 2024 Q2,2025-08-08,1,0,1,0.0,0.0
Ed Ruscha · Actual Size · 2024 Q2,2025-10-28,8,0,8,0.0,0.0
Eddie Martinez · Olive Garden · 2026 Q2,2026-04-22,15,15,0,15.0,15.0
Eddie Martinez · Olive Garden · 2026 Q2,2026-04-23,9,9,0,9.0,9.0
Eddie Martinez · Olive Garden · 2026 Q2,2026-04-24,2,2,0,2.0,2.0
Eddie Martinez · Olive Garden · 2026 Q2,2026-04-30,1,0,1,1.0,1.0
Eddie Martinez · Olive Garden · 2026 Q2,2026-05-01,2,0,2,2.0,2.0
Eddie Martinez · Olive Garden · 2026 Q2,2026-05-07,18,0,18,18.0,18.0
Eddie Martinez · Olive Garden · 2026 Q2,2026-05-10,1,0,1,1.0,1.0
Eddie Martinez · Olive Garden · 2026 Q2,2026-05-11,2,0,2,2.0,2.0
Eddie Martinez · Olive Garden · 2026 Q2,2026-05-13,18,0,18,18.0,18.0
Eddie Martinez · Olive Garden · 2026 Q2,2026-05-14,2,0,2,2.0,2.0
Eddie Martinez · Olive Garden · 2026 Q2,2026-05-15,1,0,1,1.0,1.0
Eddie Martinez · Olive Garden · 2026 Q2,2026-05-18,2,0,2,2.0,2.0
Eddie Martinez · Olive Garden · 2026 Q2,2026-05-22,23,0,23,24.0,24.0
Eddie Martinez · Olive Garden · 2026 Q2,2026-05-24,1,0,1,1.0,1.0
Eddie Martinez · Olive Garden · 2026 Q2,2026-05-26,0,0,0,1.0,1.0
Eddie Martinez · Olive Garden · 2026 Q2,2026-05-27,3,0,3,2.0,2.0
Eddie Martinez · Olive Garden · 2026 Q2,2026-07-29,1,0,0,1.0,1.0
Eddie Martinez · Scaffold · 2024 Q2,2026-09-01,1,0,1,1.0,1.0
Em Cooper · Multiple · 2026 Q1,2026-03-03,11,11,0,0.0,0.0
Em Cooper · Multiple · 2026 Q1,2026-03-04,15,8,0,0.0,0.0
Em Cooper · Multiple · 2026 Q1,2026-03-05,8,1,0,0.0,0.0
Em Cooper · Multiple · 2026 Q1,2026-03-06,8,0,0,0.0,0.0
Em Cooper · Multiple · 2026 Q1,2026-03-10,1,0,1,0.0,0.0
En Iwamura · Multiple · 2025 Q3,2025-08-01,1,0,1,1.0,1.0
En Iwamura · Multiple · 2025 Q3,2025-08-04,1,0,1,1.0,1.0
En Iwamura · Multiple · 2025 Q3,2025-08-05,1,1,0,2.0,2.0
En Iwamura · Multiple · 2025 Q3,2025-08-06,4,2,2,3.0,3.0
En Iwamura · Multiple · 2025 Q3,2025-08-07,1,1,0,1.0,1.0
En Iwamura · Multiple · 2025 Q3,2025-08-08,1,0,1,1.0,1.0
En Iwamura · Multiple · 2025 Q3,2025-08-11,1,0,1,1.0,1.0
En Iwamura · Multiple · 2025 Q3,2025-08-12,4,0,4,4.0,4.0
En Iwamura · Multiple · 2025 Q3,2025-08-20,8,0,8,8.0,8.0
En Iwamura · Multiple · 2025 Q3,2025-08-23,1,0,1,1.0,1.0
En Iwamura · Multiple · 2025 Q3,2025-08-27,10,0,10,10.0,10.0
FUTURA · Multiple · 2022 Q4,2025-02-21,0,0,0,2.0,2.0
Felipe Pantone · Chromadynamica 19 P · 2025 Q3,2025-06-04,1,0,1,0.0,0.0
Felipe Pantone · Chromadynamica 19 P · 2025 Q3,2025-06-13,1,0,1,0.0,0.0
Felipe Pantone · Chromadynamica 19 P · 2025 Q3,2025-07-02,62,62,0,0.0,0.0
Felipe Pantone · Chromadynamica 19 P · 2025 Q3,2025-07-03,101,31,0,0.0,0.0
Felipe Pantone · Chromadynamica 19 P · 2025 Q3,2025-07-04,30,3,0,0.0,0.0
Felipe Pantone · Chromadynamica 19 P · 2025 Q3,2025-07-05,13,0,0,0.0,0.0
Felipe Pantone · Chromadynamica 19 P · 2025 Q3,2025-07-06,10,0,0,0.0,0.0
Felipe Pantone · Chromadynamica 19 P · 2025 Q3,2025-07-07,10,1,0,0.0,0.0
Felipe Pantone · Chromadynamica 19 P · 2025 Q3,2025-07-08,12,0,0,0.0,0.0
Felipe Pantone · Chromadynamica 19 P · 2025 Q3,2025-07-09,17,0,0,0.0,0.0
Felipe Pantone · Chromadynamica 19 P · 2025 Q3,2025-07-10,21,0,0,0.0,0.0
Felipe Pantone · Chromadynamica 19 P · 2025 Q3,2025-07-11,3,0,3,0.0,0.0
Felipe Pantone · Chromadynamica 19 P · 2025 Q3,2025-07-18,1,0,1,0.0,0.0
Felipe Pantone · Chromadynamica 19 P · 2025 Q3,2025-07-25,1,0,1,0.0,0.0
Felipe Pantone · Chromadynamica 19 P · 2025 Q3,2025-09-15,1,0,0,0.0,0.0
Felipe Pantone · Chromadynamica 19 P · 2025 Q3,2025-10-11,1,0,0,0.0,0.0
Felipe Pantone · Chromadynamica 19 P · 2025 Q3,2025-12-22,1,0,1,0.0,0.0
Felipe Pantone · Chromadynamica 19 P · 2025 Q3,2026-02-02,1,0,1,0.0,0.0
Felipe Pantone · Subtractive Variability Dimensional 13 AA · 2026 Q2,2026-05-20,8,8,0,8.0,8.0
Felipe Pantone · Subtractive Variability Dimensional 13 AA · 2026 Q2,2026-05-21,2,2,0,2.0,2.0
Felipe Pantone · Subtractive Variability Dimensional 13 AA · 2026 Q2,2026-05-22,2,2,0,2.0,2.0
Felipe Pantone · Subtractive Variability Dimensional 13 AA · 2026 Q2,2026-05-26,1,0,0,1.0,1.0
Felipe Pantone · Subtractive Variability Dimensional 13 AA · 2026 Q2,2026-05-29,21,0,21,21.0,21.0
Felipe Pantone · Subtractive Variability Dimensional 13 AA · 2026 Q2,2026-06-01,8,0,8,8.0,8.0
Felipe Pantone · Subtractive Variability Dimensional 13 AA · 2026 Q2,2026-06-02,1,0,1,1.0,1.0
Felipe Pantone · Subtractive Variability Dimensional 13 AA · 2026 Q2,2026-06-03,2,0,2,2.0,2.0
Felipe Pantone · Subtractive Variability Dimensional 13 AA · 2026 Q2,2026-06-05,1,0,1,1.0,1.0
Felipe Pantone · Subtractive Variability Dimensional 13 AA · 2026 Q2,2026-06-15,3,0,3,4.0,4.0
Felipe Pantone · Subtractive Variability Dimensional 13 AA · 2026 Q2,2026-06-16,1,0,1,0.0,0.0
Felipe Pantone · Subtractive Variability Dimensional 13 AA · 2026 Q2,2026-06-18,1,0,1,1.0,1.0
Felipe Pantone · Subtractive Variability Dimensional 13 AA · 2026 Q2,2026-06-22,26,0,26,26.0,26.0
Felipe Pantone · Subtractive Variability Dimensional 13 AA · 2026 Q2,2026-06-24,13,0,13,13.0,13.0
Felipe Pantone · Subtractive Variability Dimensional 13 AA · 2026 Q2,2026-06-29,60,0,60,60.0,60.0
Felipe Pantone · Subtractive Variability Dimensional 13 AA · 2026 Q2,2026-07-01,1,0,1,1.0,1.0
Felipe Pantone · Subtractive Variability Dimensional 13 AA · 2026 Q2,2026-07-08,1,0,1,1.0,1.0
Felipe Pantone · Subtractive Variability Dimensional 13 AA · 2026 Q2,2026-08-26,1,0,1,1.0,1.0
Ferrari Sheppard · Iris · 2025 Q2,2025-04-01,1,0,1,1.0,1.0
Ferrari Sheppard · Iris · 2025 Q2,2025-04-02,29,29,0,29.0,29.0
Ferrari Sheppard · Iris · 2025 Q2,2025-04-03,6,5,1,8.0,8.0
Ferrari Sheppard · Iris · 2025 Q2,2025-04-04,7,3,4,5.0,5.0
Ferrari Sheppard · Iris · 2025 Q2,2025-04-05,1,0,1,1.0,1.0
Ferrari Sheppard · Iris · 2025 Q2,2025-04-07,3,0,3,3.0,3.0
Ferrari Sheppard · Iris · 2025 Q2,2025-04-09,1,0,1,1.0,1.0
Ferrari Sheppard · Iris · 2025 Q2,2025-04-10,1,0,1,1.0,1.0
Ferrari Sheppard · Iris · 2025 Q2,2025-04-11,1,0,1,1.0,1.0
Ferrari Sheppard · Iris · 2025 Q2,2025-04-12,1,1,0,1.0,1.0
Ferrari Sheppard · Iris · 2025 Q2,2025-04-25,1,0,1,1.0,1.0
Ferrari Sheppard · Iris · 2025 Q2,2025-04-29,1,0,1,1.0,1.0
Ferrari Sheppard · Iris · 2025 Q2,2025-05-01,22,0,22,22.0,22.0
Ferrari Sheppard · Iris · 2025 Q2,2025-05-14,1,0,1,1.0,1.0
Ferrari Sheppard · Put Some Red On It · 2026 Q1,2025-12-19,1,0,1,1.0,1.0
Ferrari Sheppard · Put Some Red On It · 2026 Q1,2026-01-05,6,6,0,7.0,7.0
Ferrari Sheppard · Put Some Red On It · 2026 Q1,2026-01-06,5,5,0,4.0,4.0
Ferrari Sheppard · Put Some Red On It · 2026 Q1,2026-01-07,7,6,1,7.0,7.0
Ferrari Sheppard · Put Some Red On It · 2026 Q1,2026-01-08,2,0,2,2.0,2.0
Ferrari Sheppard · Put Some Red On It · 2026 Q1,2026-01-12,2,0,2,2.0,2.0
Ferrari Sheppard · Put Some Red On It · 2026 Q1,2026-01-13,1,0,1,1.0,1.0
Ferrari Sheppard · Put Some Red On It · 2026 Q1,2026-01-14,9,0,9,9.0,9.0
Ferrari Sheppard · Put Some Red On It · 2026 Q1,2026-01-16,1,0,1,1.0,1.0
Ferrari Sheppard · Put Some Red On It · 2026 Q1,2026-01-19,24,0,24,24.0,24.0
Ferrari Sheppard · Put Some Red On It · 2026 Q1,2026-01-21,1,0,1,1.0,1.0
Ferrari Sheppard · Put Some Red On It · 2026 Q1,2026-01-26,9,0,9,9.0,9.0
Ferrari Sheppard · Put Some Red On It · 2026 Q1,2026-01-29,32,0,32,32.0,32.0
Ferrari Sheppard · Put Some Red On It · 2026 Q1,2026-01-30,1,0,1,1.0,1.0
Friedrich Kunath · Storms Never Last · 2025 Q2,2025-04-24,1,0,1,0.0,0.0
Friedrich Kunath · Storms Never Last · 2025 Q2,2025-04-30,1,0,1,0.0,0.0
Friedrich Kunath · Storms Never Last · 2025 Q2,2025-05-05,2,0,2,0.0,0.0
Friedrich Kunath · Storms Never Last · 2025 Q2,2025-05-07,1,0,1,0.0,0.0
Friedrich Kunath · Storms Never Last · 2025 Q2,2025-05-08,1,0,1,0.0,0.0
Friedrich Kunath · Storms Never Last · 2025 Q2,2025-05-09,1,0,1,0.0,0.0
Friedrich Kunath · Storms Never Last · 2025 Q2,2025-05-14,78,77,1,0.0,0.0
Friedrich Kunath · Storms Never Last · 2025 Q2,2025-05-15,94,45,0,0.0,0.0
Friedrich Kunath · Storms Never Last · 2025 Q2,2025-05-16,31,0,1,0.0,0.0
Friedrich Kunath · Storms Never Last · 2025 Q2,2025-05-17,13,1,0,0.0,0.0
Friedrich Kunath · Storms Never Last · 2025 Q2,2025-05-18,18,0,0,0.0,0.0
Friedrich Kunath · Storms Never Last · 2025 Q2,2025-05-19,8,0,0,0.0,0.0
Friedrich Kunath · Storms Never Last · 2025 Q2,2025-05-20,12,0,1,0.0,0.0
Friedrich Kunath · Storms Never Last · 2025 Q2,2025-05-21,11,0,0,0.0,0.0
Friedrich Kunath · Storms Never Last · 2025 Q2,2025-05-22,14,0,0,0.0,0.0
Friedrich Kunath · Storms Never Last · 2025 Q2,2025-05-28,2,0,2,0.0,0.0
Friedrich Kunath · Storms Never Last · 2025 Q2,2025-05-29,2,0,2,0.0,0.0
Friedrich Kunath · Storms Never Last · 2025 Q2,2025-05-30,2,0,2,0.0,0.0
Friedrich Kunath · Storms Never Last · 2025 Q2,2025-06-03,2,0,2,0.0,0.0
Friedrich Kunath · Storms Never Last · 2025 Q2,2025-06-04,2,0,2,0.0,0.0
Friedrich Kunath · Storms Never Last · 2025 Q2,2025-07-08,1,0,1,0.0,0.0
Friedrich Kunath · Storms Never Last · 2025 Q2,2025-07-09,1,0,1,0.0,0.0
Friedrich Kunath · Storms Never Last · 2025 Q2,2025-07-25,1,0,1,0.0,0.0
Friedrich Kunath · Storms Never Last · 2025 Q2,2025-08-08,1,0,1,0.0,0.0
Friedrich Kunath · Storms Never Last · 2025 Q2,2026-04-11,1,0,1,0.0,0.0
Friedrich Kunath · Storms Never Last · 2025 Q2,2026-08-17,1,0,1,0.0,0.0
Friedrich Kunath · This Is The Worst Time Of My Life · 2022 Q4,2025-05-18,0,0,0,1.0,1.0
Friedrich Kunath · This Is The Worst Time Of My Life · 2022 Q4,2026-06-09,0,0,0,1.0,1.0
Friedrich Kunath · This Is The Worst Time Of My Life · 2022 Q4,2026-08-11,0,0,0,1.0,1.0
Gabriel Moses · Multiple · 2024 Q3,2025-01-21,2,0,2,0.0,0.0
Gabriel Moses · Multiple · 2024 Q3,2026-06-12,2,0,2,0.0,0.0
Gabrielle Garland · Anything worth having hurts a little · 2023 Q1,2026-05-06,1,0,1,0.0,0.0
Gabrielle Garland · Anything worth having hurts a little · 2023 Q1,2026-05-07,1,0,1,0.0,0.0
George Condo · Fashion Model AP · 2025 Q1,2025-03-05,1,0,1,1.0,1.0
George Condo · Fashion Model AP · 2025 Q1,2025-03-07,1,0,1,1.0,1.0
George Condo · Fashion Model AP · 2025 Q1,2025-06-24,1,0,1,1.0,1.0
George Condo · Fashion Model AP · 2025 Q1,2025-08-23,1,0,1,1.0,1.0
George Condo · Fashion Model AP · 2025 Q1,2026-02-23,1,0,1,1.0,1.0
George Condo · Fashion Model AP · 2025 Q1,2026-04-07,1,0,1,1.0,1.0
George Condo · Fashion Model AP · 2025 Q1,2026-07-31,1,0,1,1.0,1.0
George Condo · Fashion Model AP · 2025 Q1,2026-08-06,1,0,1,1.0,1.0
George Condo · Fashion Model · 2025 Q1,2025-01-15,3,1,2,4.0,4.0
George Condo · Fashion Model · 2025 Q1,2025-01-16,11,3,8,12.0,12.0
George Condo · Fashion Model · 2025 Q1,2025-01-17,2,0,2,2.0,2.0
George Condo · Fashion Model · 2025 Q1,2025-01-19,1,0,1,1.0,1.0
George Condo · Fashion Model · 2025 Q1,2025-01-20,1,0,1,1.0,1.0
George Condo · Fashion Model · 2025 Q1,2025-01-21,6,0,6,6.0,6.0
George Condo · Fashion Model · 2025 Q1,2025-01-22,4,0,4,4.0,4.0
George Condo · Fashion Model · 2025 Q1,2025-01-23,8,0,8,8.0,8.0
George Condo · Fashion Model · 2025 Q1,2025-01-24,4,0,4,4.0,4.0
George Condo · Fashion Model · 2025 Q1,2025-01-25,1,0,1,1.0,1.0
George Condo · Fashion Model · 2025 Q1,2025-01-27,1,0,1,1.0,1.0
George Condo · Fashion Model · 2025 Q1,2025-01-28,9,0,9,9.0,9.0
George Condo · Fashion Model · 2025 Q1,2025-01-29,2,0,2,2.0,2.0
George Condo · Fashion Model · 2025 Q1,2025-01-30,3,0,3,3.0,3.0
George Condo · Fashion Model · 2025 Q1,2025-01-31,1,0,1,1.0,1.0
George Condo · Fashion Model · 2025 Q1,2025-02-01,1,0,1,1.0,1.0
George Condo · Fashion Model · 2025 Q1,2025-02-03,6,0,6,6.0,6.0
George Condo · Fashion Model · 2025 Q1,2025-02-04,8,0,8,8.0,8.0
George Condo · Fashion Model · 2025 Q1,2025-02-05,6,0,6,6.0,6.0
George Condo · Fashion Model · 2025 Q1,2025-02-06,3,0,3,3.0,3.0
George Condo · Fashion Model · 2025 Q1,2025-02-10,4,0,4,4.0,4.0
George Condo · Fashion Model · 2025 Q1,2025-02-11,1,0,1,1.0,1.0
George Condo · Fashion Model · 2025 Q1,2025-02-12,3,0,3,3.0,3.0
George Condo · Fashion Model · 2025 Q1,2025-02-13,5,0,5,5.0,5.0
George Condo · Fashion Model · 2025 Q1,2025-02-17,1,0,1,1.0,1.0
George Condo · Fashion Model · 2025 Q1,2025-02-18,36,0,36,36.0,36.0
George Condo · Fashion Model · 2025 Q1,2025-02-19,1,0,1,1.0,1.0
George Condo · Fashion Model · 2025 Q1,2025-02-20,4,0,4,4.0,4.0
George Condo · Fashion Model · 2025 Q1,2025-02-21,4,0,4,4.0,4.0
George Condo · Fashion Model · 2025 Q1,2025-02-25,2,0,2,2.0,2.0
George Condo · Fashion Model · 2025 Q1,2025-02-26,2,0,2,2.0,2.0
George Condo · Fashion Model · 2025 Q1,2025-03-06,1,0,1,1.0,1.0
George Condo · Fashion Model · 2025 Q1,2025-03-12,2,0,2,2.0,2.0
George Condo · Fashion Model · 2025 Q1,2025-04-14,1,0,1,1.0,1.0
George Condo · Fashion Model · 2025 Q1,2025-04-22,1,0,1,1.0,1.0
George Condo · Fashion Model · 2025 Q1,2025-09-04,1,0,1,1.0,1.0
George Condo · Multiple · 2024 Q1,2025-01-10,3,0,3,1.0,1.0
George Condo · Multiple · 2024 Q1,2025-01-15,4,0,4,2.0,2.0
George Condo · Multiple · 2024 Q1,2025-01-16,1,0,1,1.0,1.0
George Condo · Multiple · 2024 Q1,2025-01-24,2,0,2,2.0,2.0
George Condo · Multiple · 2024 Q1,2025-01-28,1,0,1,1.0,1.0
George Condo · Multiple · 2024 Q1,2025-02-18,1,0,1,1.0,1.0
George Condo · Multiple · 2024 Q1,2025-02-21,3,0,3,2.0,2.0
George Condo · Multiple · 2024 Q1,2025-03-02,3,0,3,2.0,2.0
George Condo · Multiple · 2024 Q1,2025-03-06,3,0,3,1.0,1.0
George Condo · Multiple · 2024 Q1,2025-04-07,1,0,1,1.0,1.0
George Condo · Multiple · 2024 Q1,2025-04-08,3,0,3,1.0,1.0
George Condo · Multiple · 2024 Q1,2025-06-24,2,0,2,2.0,2.0
George Condo · Multiple · 2024 Q1,2025-11-09,1,0,1,1.0,1.0
George Condo · Multiple · 2024 Q1,2025-11-10,1,0,1,1.0,1.0
George Condo · Multiple · 2024 Q1,2026-01-02,1,0,1,1.0,1.0
George Condo · Multiple · 2024 Q1,2026-02-09,3,0,3,2.0,2.0
George Condo · Multiple · 2024 Q1,2026-05-12,1,0,1,2.0,2.0
Gisela McDaniel · Are you watching? · 2022 Q1,2026-01-21,1,0,0,1.0,1.0
Giuseppe Penone · Multiple · 2026 Q3,2026-06-15,4,4,0,4.0,4.0
Giuseppe Penone · Multiple · 2026 Q3,2026-06-17,1,1,0,1.0,1.0
Giuseppe Penone · Multiple · 2026 Q3,2026-06-19,2,0,2,2.0,2.0
Giuseppe Penone · Multiple · 2026 Q3,2026-06-24,3,0,3,3.0,3.0
Giuseppe Penone · Multiple · 2026 Q3,2026-06-26,4,0,4,4.0,4.0
Giuseppe Penone · Multiple · 2026 Q3,2026-06-30,1,0,1,1.0,1.0
Giuseppe Penone · Multiple · 2026 Q3,2026-07-06,2,0,2,2.0,2.0
Giuseppe Penone · Multiple · 2026 Q3,2026-07-16,5,0,5,5.0,5.0
Giuseppe Penone · Multiple · 2026 Q3,2026-07-17,1,0,1,1.0,1.0
Glenn Brown · Multiple · 2025 Q3,2025-09-15,14,14,0,0.0,0.0
Glenn Brown · Multiple · 2025 Q3,2025-09-16,16,2,0,0.0,0.0
Glenn Brown · Multiple · 2025 Q3,2025-09-17,3,0,0,0.0,0.0
Glenn Brown · Multiple · 2025 Q3,2025-09-18,1,0,0,0.0,0.0
Glenn Brown · Multiple · 2025 Q3,2025-09-19,1,0,0,0.0,0.0
Glenn Brown · Multiple · 2025 Q3,2025-09-20,1,0,0,0.0,0.0
Glenn Brown · Multiple · 2025 Q3,2025-09-21,1,0,0,0.0,0.0
Glenn Brown · Multiple · 2025 Q3,2025-09-22,1,0,0,0.0,0.0
Glenn Brown · Multiple · 2025 Q3,2025-09-23,8,0,0,0.0,0.0
Glenn Ligon · Multiple · 2026 Q3,2026-08-14,24,24,0,24.0,24.0
Glenn Ligon · Multiple · 2026 Q3,2026-08-15,6,6,0,6.0,6.0
Glenn Ligon · Multiple · 2026 Q3,2026-08-17,7,7,0,7.0,7.0
Glenn Ligon · Multiple · 2026 Q3,2026-08-18,2,0,2,2.0,2.0
Glenn Ligon · Multiple · 2026 Q3,2026-08-20,2,0,2,2.0,2.0
Glenn Ligon · Multiple · 2026 Q3,2026-08-21,27,0,27,27.0,27.0
Glenn Ligon · Multiple · 2026 Q3,2026-08-24,8,0,8,9.0,9.0
Glenn Ligon · Multiple · 2026 Q3,2026-08-25,3,0,2,2.0,2.0
Glenn Ligon · Multiple · 2026 Q3,2026-08-26,2,0,2,2.0,2.0
Glenn Ligon · Multiple · 2026 Q3,2026-08-27,2,0,2,4.0,4.0
Glenn Ligon · Multiple · 2026 Q3,2026-08-28,26,0,26,24.0,24.0
Glenn Ligon · Multiple · 2026 Q3,2026-08-30,0,0,0,2.0,2.0
Glenn Ligon · Multiple · 2026 Q3,2026-08-31,2,0,2,0.0,0.0
Glenn Ligon · Multiple · 2026 Q3,2026-09-01,2,0,2,2.0,2.0
Glenn Ligon · Multiple · 2026 Q3,2026-09-02,10,0,10,10.0,10.0
Glenn Ligon · Multiple · 2026 Q3,2026-09-03,0,0,0,2.0,2.0
Glenn Ligon · Multiple · 2026 Q3,2026-09-04,4,0,4,2.0,2.0
Glenn Ligon · Multiple · 2026 Q3,2026-09-08,1,0,1,1.0,1.0
Glenn Ligon · Multiple · 2026 Q3,2026-09-09,2,0,2,2.0,2.0
Glenn Ligon · Multiple · 2026 Q3,2026-09-17,20,0,20,21.0,21.0
Glenn Ligon · Multiple · 2026 Q3,2026-09-21,1,0,0,1.0,1.0
"Grant Levy-Lucero · de la Rosa, Dulcería La Moderna · 2023 Q2",2025-01-14,1,0,0,1.0,1.0
Grant Riven Yun · High Fly Over the Valley · 2026 Q2,2026-02-20,2,0,2,2.0,2.0
Grant Riven Yun · High Fly Over the Valley · 2026 Q2,2026-02-24,1,0,1,1.0,1.0
Grant Riven Yun · High Fly Over the Valley · 2026 Q2,2026-03-12,2,1,1,2.0,2.0
Grant Riven Yun · High Fly Over the Valley · 2026 Q2,2026-03-20,8,0,8,8.0,8.0
Grant Riven Yun · High Fly Over the Valley · 2026 Q2,2026-03-25,2,0,2,2.0,2.0
Grant Riven Yun · High Fly Over the Valley · 2026 Q2,2026-03-30,1,0,1,1.0,1.0
Grant Riven Yun · High Fly Over the Valley · 2026 Q2,2026-04-09,2,0,2,2.0,2.0
Grant Riven Yun · Multiple · 2024 Q1,2025-06-26,6,0,6,0.0,0.0
Grayson Perry · Magical Thinking (Large) · 2025 Q2,2025-04-01,1,0,1,1.0,1.0
Grayson Perry · Magical Thinking (Large) · 2025 Q2,2025-04-15,1,0,1,1.0,1.0
Grayson Perry · Magical Thinking (Large) · 2025 Q2,2025-04-24,1,0,1,1.0,1.0
Grayson Perry · Magical Thinking (Large) · 2025 Q2,2025-06-05,1,0,1,1.0,1.0
Grayson Perry · Magical Thinking (Large) · 2025 Q2,2025-08-03,1,0,1,1.0,1.0
Grayson Perry · Magical Thinking (Large) · 2025 Q2,2025-10-02,1,0,1,1.0,1.0
Grayson Perry · Magical Thinking · 2024 Q4,2025-01-06,1,0,0,0.0,0.0
Grayson Perry · Magical Thinking · 2024 Q4,2025-01-23,1,0,0,0.0,0.0
Grayson Perry · Magical Thinking · 2024 Q4,2025-01-29,1,0,1,0.0,0.0
Grayson Perry · Magical Thinking · 2024 Q4,2025-01-30,2,0,2,0.0,0.0
Grayson Perry · Magical Thinking · 2024 Q4,2025-02-05,1,0,1,0.0,0.0
Grayson Perry · Magical Thinking · 2024 Q4,2025-03-04,1,0,1,0.0,0.0
Grayson Perry · Magical Thinking · 2024 Q4,2026-03-27,1,0,1,0.0,0.0
Grayson Perry · The Changeling · 2026 Q2,2026-04-09,4,0,4,0.0,0.0
Grayson Perry · The Changeling · 2026 Q2,2026-04-10,2,0,2,0.0,0.0
Grayson Perry · The Changeling · 2026 Q2,2026-04-15,1,0,1,0.0,0.0
Grayson Perry · The Changeling · 2026 Q2,2026-04-29,157,157,0,0.0,0.0
Grayson Perry · The Changeling · 2026 Q2,2026-04-30,152,45,0,0.0,0.0
Grayson Perry · The Changeling · 2026 Q2,2026-05-01,22,0,1,0.0,0.0
Grayson Perry · The Changeling · 2026 Q2,2026-05-02,11,0,0,0.0,0.0
Grayson Perry · The Changeling · 2026 Q2,2026-05-03,9,0,0,0.0,0.0
Grayson Perry · The Changeling · 2026 Q2,2026-05-04,8,0,0,0.0,0.0
Grayson Perry · The Changeling · 2026 Q2,2026-05-05,9,0,1,0.0,0.0
Grayson Perry · The Changeling · 2026 Q2,2026-05-06,24,0,2,0.0,0.0
Grayson Perry · The Changeling · 2026 Q2,2026-05-07,43,0,5,0.0,0.0
Grayson Perry · The Changeling · 2026 Q2,2026-05-08,1,0,1,0.0,0.0
Grayson Perry · The Changeling · 2026 Q2,2026-05-10,1,0,1,0.0,0.0
Grayson Perry · The Changeling · 2026 Q2,2026-05-15,1,0,1,0.0,0.0
Grayson Perry · The Changeling · 2026 Q2,2026-07-09,2,0,1,0.0,0.0
Gregory Crewdson · Multiple · 2023 Q4,2025-01-09,1,0,1,0.0,0.0
Gregory Crewdson · Multiple · 2023 Q4,2025-01-28,1,0,1,0.0,0.0
Gregory Crewdson · Multiple · 2023 Q4,2025-01-30,1,0,1,0.0,0.0
Gregory Crewdson · Multiple · 2023 Q4,2025-03-17,2,0,2,0.0,0.0
Gregory Crewdson · Multiple · 2023 Q4,2025-06-03,1,0,1,0.0,0.0
Gregory Crewdson · Multiple · 2023 Q4,2025-11-14,1,0,1,0.0,0.0
Gregory Crewdson · Multiple · 2023 Q4,2026-01-19,1,0,1,0.0,0.0
Gregory Crewdson · Multiple · 2026 Q2,2026-05-29,1,0,1,0.0,0.0
Gregory Crewdson · Multiple · 2026 Q2,2026-06-01,6,0,6,0.0,0.0
Gregory Crewdson · Multiple · 2026 Q2,2026-06-04,6,0,6,0.0,0.0
Gregory Crewdson · Multiple · 2026 Q2,2026-06-09,7,0,7,0.0,0.0
Gregory Crewdson · Multiple · 2026 Q2,2026-06-11,4,0,4,0.0,0.0
Gregory Crewdson · Multiple · 2026 Q2,2026-06-12,1,0,1,0.0,0.0
Gregory Crewdson · Multiple · 2026 Q2,2026-06-15,2,0,2,0.0,0.0
Gregory Crewdson · Multiple · 2026 Q2,2026-06-16,3,0,3,0.0,0.0
Gregory Crewdson · Multiple · 2026 Q2,2026-06-18,1,0,1,0.0,0.0
Gregory Crewdson · Multiple · 2026 Q2,2026-06-20,1,0,1,0.0,0.0
Gregory Crewdson · Multiple · 2026 Q2,2026-06-23,1,0,1,0.0,0.0
Gregory Crewdson · Multiple · 2026 Q2,2026-06-24,2,0,2,0.0,0.0
Gregory Crewdson · Multiple · 2026 Q2,2026-06-25,1,0,1,0.0,0.0
Gregory Crewdson · Multiple · 2026 Q2,2026-06-26,6,0,6,0.0,0.0
Gregory Crewdson · Multiple · 2026 Q2,2026-06-29,603,603,0,0.0,0.0
Gregory Crewdson · Multiple · 2026 Q2,2026-06-30,1161,480,0,0.0,0.0
Gregory Crewdson · Multiple · 2026 Q2,2026-07-01,454,2,5,0.0,0.0
Gregory Crewdson · Multiple · 2026 Q2,2026-07-02,625,0,39,0.0,0.0
Gregory Crewdson · Multiple · 2026 Q2,2026-07-03,11,0,11,0.0,0.0
Gregory Crewdson · Multiple · 2026 Q2,2026-07-06,3,0,3,0.0,0.0
Gregory Crewdson · Multiple · 2026 Q2,2026-07-07,9,0,9,0.0,0.0
Gregory Crewdson · Multiple · 2026 Q2,2026-07-08,3,0,3,0.0,0.0
Gregory Crewdson · Multiple · 2026 Q2,2026-07-09,2,0,2,0.0,0.0
Gregory Crewdson · Multiple · 2026 Q2,2026-07-13,4,0,0,0.0,0.0
Gregory Crewdson · Multiple · 2026 Q2,2026-07-14,3,0,0,0.0,0.0
Gregory Crewdson · Multiple · 2026 Q2,2026-07-15,1,0,0,0.0,0.0
Gregory Crewdson · Multiple · 2026 Q2,2026-07-17,2,0,2,0.0,0.0
Gregory Crewdson · Multiple · 2026 Q2,2026-07-24,2,0,2,0.0,0.0
Gregory Crewdson · Multiple · 2026 Q2,2026-07-25,2,0,0,0.0,0.0
Gregory Crewdson · Multiple · 2026 Q2,2026-08-10,1,0,1,0.0,0.0
Gregory Crewdson · Multiple · 2026 Q2,2026-08-12,2,0,0,0.0,0.0
Gregory Crewdson · Multiple · 2026 Q2,2026-08-30,6,0,6,0.0,0.0
Gregory Crewdson · Multiple · 2026 Q2,2026-09-16,1,0,1,0.0,0.0
Hajime Sorayama · Untitled · 2025 Q2,2025-03-07,36,36,0,36.0,36.0
Hajime Sorayama · Untitled · 2025 Q2,2025-03-08,3,3,0,4.0,4.0
Hajime Sorayama · Untitled · 2025 Q2,2025-03-09,5,5,0,4.0,4.0
Hajime Sorayama · Untitled · 2025 Q2,2025-03-11,3,0,3,3.0,3.0
Hajime Sorayama · Untitled · 2025 Q2,2025-03-12,4,0,4,4.0,4.0
Hajime Sorayama · Untitled · 2025 Q2,2025-03-13,2,0,2,2.0,2.0
Hajime Sorayama · Untitled · 2025 Q2,2025-03-14,1,0,1,1.0,1.0
Hajime Sorayama · Untitled · 2025 Q2,2025-03-17,1,0,1,1.0,1.0
Hajime Sorayama · Untitled · 2025 Q2,2025-03-20,1,0,1,1.0,1.0
Hajime Sorayama · Untitled · 2025 Q2,2025-03-21,4,4,0,4.0,4.0
Hajime Sorayama · Untitled · 2025 Q2,2025-03-22,4,4,0,4.0,4.0
Hajime Sorayama · Untitled · 2025 Q2,2025-03-23,1,1,0,1.0,1.0
Hajime Sorayama · Untitled · 2025 Q2,2025-03-26,1,0,1,1.0,1.0
Hajime Sorayama · Untitled · 2025 Q2,2025-03-27,1,0,1,1.0,1.0
Hajime Sorayama · Untitled · 2025 Q2,2025-03-28,1,0,1,1.0,1.0
Hajime Sorayama · Untitled · 2025 Q2,2025-04-06,1,0,1,1.0,1.0
Hajime Sorayama · Untitled · 2025 Q2,2025-04-07,375,0,375,379.0,379.0
Hajime Sorayama · Untitled · 2025 Q2,2025-04-08,10,3,7,8.0,8.0
Hajime Sorayama · Untitled · 2025 Q2,2025-04-18,5,0,5,5.0,5.0
Hajime Sorayama · Untitled · 2025 Q2,2025-04-22,1,0,1,1.0,1.0
Hajime Sorayama · Untitled · 2025 Q2,2025-04-27,1,0,1,1.0,1.0
Hajime Sorayama · Untitled · 2025 Q2,2025-06-25,1,0,1,1.0,1.0
Hajime Sorayama · Untitled · 2025 Q2,2025-08-13,1,0,1,1.0,1.0
Hajime Sorayama · Untitled · 2025 Q2,2025-09-22,1,0,1,1.0,1.0
Hajime Sorayama · Untitled · 2025 Q2,2025-10-23,1,0,1,1.0,1.0
Hajime Sorayama · Untitled · 2025 Q2,2025-12-08,1,0,1,1.0,1.0
Hajime Sorayama · Untitled · 2025 Q2,2026-06-05,1,0,1,1.0,1.0
"Hank Willis Thomas · ""The only bond worth anything between human beings is their humanness."" · 2024 Q3",2025-01-31,1,0,1,0.0,0.0
"Hank Willis Thomas · ""The only bond worth anything between human beings is their humanness."" · 2024 Q3",2025-05-28,1,0,1,0.0,0.0
"Hank Willis Thomas · ""The only bond worth anything between human beings is their humanness."" · 2024 Q3",2025-07-30,1,0,1,0.0,0.0
Hank Willis Thomas · “Success is no accident.” · 2026 Q2,2026-06-05,16,16,0,17.0,17.0
Hank Willis Thomas · “Success is no accident.” · 2026 Q2,2026-06-06,9,9,0,8.0,8.0
Hank Willis Thomas · “Success is no accident.” · 2026 Q2,2026-06-07,5,5,0,5.0,5.0
Hank Willis Thomas · “Success is no accident.” · 2026 Q2,2026-06-08,2,1,1,3.0,3.0
Hank Willis Thomas · “Success is no accident.” · 2026 Q2,2026-06-09,3,3,0,2.0,2.0
Hank Willis Thomas · “Success is no accident.” · 2026 Q2,2026-06-10,32,0,32,32.0,32.0
Hank Willis Thomas · “Success is no accident.” · 2026 Q2,2026-06-11,2,0,2,2.0,2.0
Hank Willis Thomas · “Success is no accident.” · 2026 Q2,2026-06-12,24,0,24,24.0,24.0
Hank Willis Thomas · “Success is no accident.” · 2026 Q2,2026-06-15,30,0,30,30.0,30.0
Hank Willis Thomas · “Success is no accident.” · 2026 Q2,2026-06-17,8,0,8,9.0,9.0
Hank Willis Thomas · “Success is no accident.” · 2026 Q2,2026-06-18,1,1,0,0.0,0.0
Hank Willis Thomas · “Success is no accident.” · 2026 Q2,2026-06-19,14,0,14,14.0,14.0
Hank Willis Thomas · “Success is no accident.” · 2026 Q2,2026-06-24,23,0,23,23.0,23.0
Hank Willis Thomas · “Success is no accident.” · 2026 Q2,2026-06-25,2,0,2,3.0,3.0
Hank Willis Thomas · “Success is no accident.” · 2026 Q2,2026-06-26,23,1,22,23.0,23.0
Hank Willis Thomas · “Success is no accident.” · 2026 Q2,2026-06-30,91,0,91,91.0,91.0
Hank Willis Thomas · “Success is no accident.” · 2026 Q2,2026-07-01,2,0,2,2.0,2.0
Hank Willis Thomas · “Success is no accident.” · 2026 Q2,2026-07-02,2,0,2,2.0,2.0
Hank Willis Thomas · “Success is no accident.” · 2026 Q2,2026-07-06,1,0,1,1.0,1.0
Hank Willis Thomas · “Success is no accident.” · 2026 Q2,2026-07-08,1,0,1,1.0,1.0
Hank Willis Thomas · “Success is no accident.” · 2026 Q2,2026-07-09,3,0,3,3.0,3.0
Hank Willis Thomas · “Success is no accident.” · 2026 Q2,2026-07-10,0,0,0,1.0,1.0
Hank Willis Thomas · “Success is no accident.” · 2026 Q2,2026-07-11,1,0,1,0.0,0.0
Hank Willis Thomas · “Success is no accident.” · 2026 Q2,2026-07-27,0,0,0,1.0,1.0
Hank Willis Thomas · “Success is no accident.” · 2026 Q2,2026-07-28,1,0,1,0.0,0.0
Hank Willis Thomas · “Success is no accident.” · 2026 Q2,2026-08-21,1,0,1,1.0,1.0
Harland Miller · Multiple · 2025 Q1,2025-01-10,1,0,1,1.0,1.0
Harland Miller · Multiple · 2025 Q1,2025-01-28,16,0,16,16.0,16.0
Harland Miller · Multiple · 2025 Q3,2025-08-23,1,0,1,1.0,1.0
Harland Miller · Multiple · 2025 Q3,2025-08-27,23,17,6,20.0,20.0
Harland Miller · Multiple · 2025 Q3,2025-08-28,9,3,6,8.0,8.0
Harland Miller · Multiple · 2025 Q3,2025-08-29,8,1,7,5.0,5.0
Harland Miller · Multiple · 2025 Q3,2025-08-30,3,0,3,4.0,4.0
Harland Miller · Multiple · 2025 Q3,2025-09-02,2,0,2,2.0,2.0
Harland Miller · Multiple · 2025 Q3,2025-09-04,2,0,2,3.0,3.0
Harland Miller · Multiple · 2025 Q3,2025-09-05,9,0,9,11.0,11.0
Harland Miller · Multiple · 2025 Q3,2025-09-08,5,0,5,4.0,4.0
Harland Miller · Multiple · 2025 Q3,2025-09-09,12,0,12,13.0,13.0
Harland Miller · Multiple · 2025 Q3,2025-09-11,2,0,2,2.0,2.0
Harland Miller · Multiple · 2025 Q3,2025-09-19,4,0,4,4.0,4.0
Harland Miller · Multiple · 2025 Q3,2025-09-24,1,0,1,1.0,1.0
Harland Miller · Multiple · 2025 Q3,2025-09-26,1,0,1,1.0,1.0
Harland Miller · Multiple · 2025 Q3,2025-09-29,1,0,1,1.0,1.0
Harland Miller · Multiple · 2025 Q3,2025-09-30,26,0,26,27.0,27.0
Harland Miller · Multiple · 2025 Q3,2025-11-20,5,0,0,8.0,8.0
Harland Miller · Multiple · 2025 Q3,2026-02-23,1,0,1,1.0,1.0
Harland Miller · Multiple · 2025 Q3,2026-05-01,2,0,2,1.0,1.0
Harland Miller · Multiple · 2025 Q3,2026-05-08,1,0,1,1.0,1.0
Harland Miller · York So Good They Named It Once · 2025 Q2,2025-03-13,3,0,3,3.0,3.0
Harland Miller · York So Good They Named It Once · 2025 Q2,2025-03-14,3,0,3,3.0,3.0
Harland Miller · York So Good They Named It Once · 2025 Q2,2025-03-17,1,0,1,1.0,1.0
Harland Miller · York So Good They Named It Once · 2025 Q2,2025-03-18,2,0,2,3.0,3.0
Harland Miller · York So Good They Named It Once · 2025 Q2,2025-03-19,1,0,1,1.0,1.0
Harland Miller · York So Good They Named It Once · 2025 Q2,2025-03-20,3,0,3,3.0,3.0
Harland Miller · York So Good They Named It Once · 2025 Q2,2025-03-25,1,0,1,1.0,1.0
Harland Miller · York So Good They Named It Once · 2025 Q2,2025-03-26,2,0,2,2.0,2.0
Harland Miller · York So Good They Named It Once · 2025 Q2,2025-03-29,1,0,1,1.0,1.0
Harland Miller · York So Good They Named It Once · 2025 Q2,2025-03-30,1,0,1,1.0,1.0
Harland Miller · York So Good They Named It Once · 2025 Q2,2025-04-01,2,0,2,2.0,2.0
Harland Miller · York So Good They Named It Once · 2025 Q2,2025-04-02,1,0,1,1.0,1.0
Harland Miller · York So Good They Named It Once · 2025 Q2,2025-04-09,5,0,5,6.0,6.0
Harland Miller · York So Good They Named It Once · 2025 Q2,2025-04-10,4,0,4,3.0,3.0
Harland Miller · York So Good They Named It Once · 2025 Q2,2025-04-13,1,0,1,1.0,1.0
Harland Miller · York So Good They Named It Once · 2025 Q2,2025-04-14,16,0,16,16.0,16.0
Harland Miller · York So Good They Named It Once · 2025 Q2,2025-04-15,1,0,0,1.0,1.0
Harland Miller · York So Good They Named It Once · 2025 Q2,2025-04-16,1,0,1,1.0,1.0
Harland Miller · York So Good They Named It Once · 2025 Q2,2025-04-17,2,0,2,2.0,2.0
Harland Miller · York So Good They Named It Once · 2025 Q2,2025-06-15,1,0,1,1.0,1.0
Harmonia · Multiple · 2025 Q4,2025-10-08,1,0,1,0.0,0.0
Harmonia · Multiple · 2025 Q4,2025-10-09,1,0,1,0.0,0.0
Harmonia · Multiple · 2025 Q4,2025-10-24,1,0,1,0.0,0.0
Harmonia · Multiple · 2025 Q4,2025-10-28,57,57,0,0.0,0.0
Harmonia · Multiple · 2025 Q4,2025-10-29,135,44,0,0.0,0.0
Harmonia · Multiple · 2025 Q4,2025-10-30,56,9,1,0.0,0.0
Harmonia · Multiple · 2025 Q4,2025-10-31,90,11,1,0.0,0.0
Harmonia · Multiple · 2025 Q4,2025-11-03,2,0,2,0.0,0.0
Harmonia · Multiple · 2025 Q4,2025-11-04,3,0,3,0.0,0.0
Harmonia · Multiple · 2025 Q4,2025-11-05,1,0,1,0.0,0.0
Harmonia · Multiple · 2025 Q4,2025-11-06,1,0,1,0.0,0.0
Harmonia · Multiple · 2025 Q4,2025-11-19,1,0,1,0.0,0.0
Harmonia · Multiple · 2025 Q4,2025-11-24,1,0,1,0.0,0.0
Harmonia · Multiple · 2025 Q4,2025-12-15,1,0,1,0.0,0.0
Harmonia · Multiple · 2025 Q4,2026-01-31,1,0,1,0.0,0.0
Harmonia · Multiple · 2025 Q4,2026-02-04,1,0,0,0.0,0.0
Harmonia · Multiple · 2025 Q4,2026-02-06,1,0,1,0.0,0.0
Harmonia · Multiple · 2025 Q4,2026-03-02,2,0,2,0.0,0.0
Harmonia · Multiple · 2025 Q4,2026-03-10,1,0,1,0.0,0.0
Harmonia · Multiple · 2025 Q4,2026-05-06,1,0,1,0.0,0.0
Harmonia · Multiple · 2025 Q4,2026-08-26,1,0,1,0.0,0.0
Harmonia · Multiple · 2025 Q4,2026-09-10,1,0,1,0.0,0.0
Harmonia · Multiple · 2025 Q4,2026-09-21,1,0,1,0.0,0.0
Hassan Hajjaj · Yazid & Rania · 2021 Q3,2025-07-13,1,0,0,1.0,1.0
Hassan Hajjaj · Yazid & Rania · 2021 Q3,2025-08-09,0,0,0,1.0,1.0
Hassan Hajjaj · Yazid & Rania · 2021 Q3,2025-08-10,1,0,0,0.0,0.0
Hassan Hajjaj · Yazid & Rania · 2021 Q3,2025-08-25,1,0,0,1.0,1.0
Hassan Hajjaj · Yazid & Rania · 2021 Q3,2026-01-22,1,0,0,1.0,1.0
Hassan Hajjaj · Yazid & Rania · 2021 Q3,2026-06-29,1,0,1,1.0,1.0
Hebru Brantley · Free Advice · 2022 Q2,2025-02-25,1,0,1,1.0,1.0
Hein Koh · Multiple · 2023 Q3,2025-07-10,1,0,1,0.0,0.0
Hein Koh · Multiple · 2023 Q3,2025-08-08,1,0,0,0.0,0.0
Hein Koh · Multiple · 2023 Q3,2025-10-17,1,0,0,0.0,0.0
Hein Koh · Multiple · 2023 Q3,2026-09-23,1,0,0,0.0,0.0
Hilary Pecis · Multiple · 2025 Q1,2025-01-28,5,0,5,7.0,7.0
Hyangmok Baik · I Know What You Did Last Summer · 2023 Q1,2025-02-21,1,0,1,1.0,1.0
JR · La Nascita · 2024 Q2,2025-06-03,1,0,1,0.0,0.0
JR · La Nascita · 2024 Q2,2026-04-02,1,0,1,0.0,0.0
Jaime Muñoz · Self Portrait · 2022 Q3,2025-01-13,0,0,0,1.0,1.0
James Jarvis · Hang in there! · 2025 Q3,2025-06-27,29,29,0,30.0,30.0
James Jarvis · Hang in there! · 2025 Q3,2025-06-28,4,4,0,4.0,4.0
James Jarvis · Hang in there! · 2025 Q3,2025-07-02,2,0,2,2.0,2.0
James Jarvis · Hang in there! · 2025 Q3,2025-07-05,1,0,1,1.0,1.0
James Jarvis · Hang in there! · 2025 Q3,2025-07-08,3,0,3,3.0,3.0
James Jarvis · Hang in there! · 2025 Q3,2025-07-09,15,15,0,15.0,15.0
James Jarvis · Hang in there! · 2025 Q3,2025-07-10,1,1,0,1.0,1.0
James Jarvis · Hang in there! · 2025 Q3,2025-07-11,0,0,0,1.0,1.0
James Jarvis · Hang in there! · 2025 Q3,2025-07-12,1,0,1,0.0,0.0
James Jarvis · Hang in there! · 2025 Q3,2025-07-22,1,0,1,1.0,1.0
James Jarvis · Hang in there! · 2025 Q3,2025-07-29,88,0,88,88.0,88.0
James Jarvis · Hang in there! · 2025 Q3,2025-07-30,1,0,1,1.0,1.0
James Jarvis · Hang in there! · 2025 Q3,2025-08-04,1,0,1,1.0,1.0
James Jarvis · Hang in there! · 2025 Q3,2025-09-22,1,0,1,1.0,1.0
James Jarvis · Hang in there! · 2025 Q3,2025-11-04,1,0,1,1.0,1.0
James Jarvis · Hang in there! · 2025 Q3,2025-11-06,1,0,1,1.0,1.0
James Jean · Bath Saxum · 2022 Q4,2025-05-28,0,0,0,1.0,1.0
James Jean · Bath Saxum · 2022 Q4,2025-11-03,0,0,0,1.0,1.0
James Jean · Descendent - Lucid Dreamer,2025-01-14,1,0,1,0.0,0.0
James Jean · Descendent - Lucid Dreamer,2025-02-04,1,0,1,0.0,0.0
James Jean · Descendent - Lucid Dreamer,2025-02-05,1,0,1,0.0,0.0
James Jean · Descendent - Lucid Dreamer,2025-02-19,1,0,1,0.0,0.0
James Jean · Descendent - Lucid Dreamer,2025-02-26,1,0,1,0.0,0.0
James Jean · Descendent - Lucid Dreamer,2025-02-28,2,0,2,0.0,0.0
James Jean · Maze (Print) · 2022 Q4,2025-03-20,1,0,1,1.0,1.0
James Jean · Maze - Lucid · 2025 Q1,2025-01-06,1,0,1,0.0,0.0
James Jean · Maze - Lucid · 2025 Q1,2025-01-24,2,0,2,0.0,0.0
James Jean · Maze - Lucid · 2025 Q1,2025-01-25,1,0,1,0.0,0.0
James Jean · Maze - Lucid · 2025 Q1,2025-01-27,4,0,4,0.0,0.0
James Jean · Maze - Lucid · 2025 Q1,2025-01-28,1,0,1,0.0,0.0
James Jean · Maze - Lucid · 2025 Q1,2025-02-13,1,0,1,0.0,0.0
James Jean · Maze - Lucid · 2025 Q1,2025-02-17,1,0,1,0.0,0.0
James Jean · Maze - Lucid · 2025 Q1,2025-02-18,79,77,2,0.0,0.0
James Jean · Maze - Lucid · 2025 Q1,2025-02-19,123,46,0,0.0,0.0
James Jean · Maze - Lucid · 2025 Q1,2025-02-20,71,0,0,0.0,0.0
James Jean · Maze - Lucid · 2025 Q1,2025-02-21,70,0,2,0.0,0.0
James Jean · Maze - Lucid · 2025 Q1,2025-02-24,1,0,1,0.0,0.0
James Jean · Maze - Lucid · 2025 Q1,2025-02-25,1,0,1,0.0,0.0
James Jean · Maze - Lucid · 2025 Q1,2025-02-26,1,0,1,0.0,0.0
James Jean · Maze - Lucid · 2025 Q1,2025-03-07,2,0,2,0.0,0.0
James Jean · Maze - Lucid · 2025 Q1,2025-03-12,1,0,1,0.0,0.0
James Jean · Maze - Lucid · 2025 Q1,2025-03-21,1,0,1,0.0,0.0
James Jean · Multiple · 2025 Q4,2025-10-06,3,0,3,0.0,0.0
James Jean · Multiple · 2025 Q4,2025-10-21,1,0,1,0.0,0.0
James Jean · Multiple · 2025 Q4,2025-10-22,2,0,2,0.0,0.0
James Jean · Multiple · 2025 Q4,2025-10-27,1,0,1,0.0,0.0
James Jean · Multiple · 2025 Q4,2025-10-30,89,89,0,0.0,0.0
James Jean · Multiple · 2025 Q4,2025-10-31,70,44,0,0.0,0.0
James Jean · Multiple · 2025 Q4,2025-11-01,17,0,0,0.0,0.0
James Jean · Multiple · 2025 Q4,2025-11-02,10,0,0,0.0,0.0
James Jean · Multiple · 2025 Q4,2025-11-03,4,0,0,0.0,0.0
James Jean · Multiple · 2025 Q4,2025-11-04,7,0,0,0.0,0.0
James Jean · Multiple · 2025 Q4,2025-11-05,7,0,0,0.0,0.0
James Jean · Multiple · 2025 Q4,2025-11-06,23,0,0,0.0,0.0
James Jean · Multiple · 2025 Q4,2025-11-07,35,0,3,0.0,0.0
James Jean · Multiple · 2026 Q3,2026-07-28,27,27,0,27.0,27.0
James Jean · Multiple · 2026 Q3,2026-07-29,11,11,0,11.0,11.0
James Jean · Multiple · 2026 Q3,2026-07-30,13,9,4,13.0,13.0
James Jean · Multiple · 2026 Q3,2026-07-31,4,2,2,4.0,4.0
James Jean · Multiple · 2026 Q3,2026-08-01,2,0,2,2.0,2.0
James Jean · Multiple · 2026 Q3,2026-08-03,83,0,83,83.0,83.0
James Jean · Multiple · 2026 Q3,2026-08-04,2,0,1,2.0,2.0
James Jean · Multiple · 2026 Q3,2026-08-05,52,0,52,52.0,52.0
James Jean · Multiple · 2026 Q3,2026-08-06,3,0,3,3.0,3.0
James Jean · Multiple · 2026 Q3,2026-08-07,33,0,33,33.0,33.0
James Jean · Multiple · 2026 Q3,2026-08-08,1,0,1,1.0,1.0
James Jean · Multiple · 2026 Q3,2026-08-10,31,0,31,31.0,31.0
James Jean · Multiple · 2026 Q3,2026-08-12,16,0,16,16.0,16.0
James Jean · Multiple · 2026 Q3,2026-08-13,1,0,1,1.0,1.0
James Jean · Multiple · 2026 Q3,2026-08-14,58,0,58,58.0,58.0
James Jean · Multiple · 2026 Q3,2026-08-15,1,0,1,1.0,1.0
James Jean · Multiple · 2026 Q3,2026-08-17,20,0,20,20.0,20.0
James Jean · Multiple · 2026 Q3,2026-08-18,1,0,1,1.0,1.0
James Jean · Multiple · 2026 Q3,2026-08-19,15,0,15,15.0,15.0
James Jean · Multiple · 2026 Q3,2026-08-20,212,0,212,212.0,212.0
James Jean · Multiple · 2026 Q3,2026-09-24,1,0,1,1.0,1.0
Jammie Holmes · Fred · 2025 Q1,2025-02-04,4,0,4,4.0,4.0
Jammie Holmes · Fred · 2025 Q1,2025-02-06,15,15,0,16.0,16.0
Jammie Holmes · Fred · 2025 Q1,2025-02-07,5,4,1,6.0,6.0
Jammie Holmes · Fred · 2025 Q1,2025-02-08,3,3,0,2.0,2.0
Jammie Holmes · Fred · 2025 Q1,2025-02-10,1,0,1,1.0,1.0
Jammie Holmes · Fred · 2025 Q1,2025-02-11,3,0,3,3.0,3.0
Jammie Holmes · Fred · 2025 Q1,2025-02-13,1,0,1,1.0,1.0
Jammie Holmes · Fred · 2025 Q1,2025-02-21,1,0,1,1.0,1.0
Jammie Holmes · Fred · 2025 Q1,2025-02-24,1,0,1,1.0,1.0
Jammie Holmes · Fred · 2025 Q1,2025-02-27,1,0,1,1.0,1.0
Jammie Holmes · Fred · 2025 Q1,2025-03-04,36,0,36,36.0,36.0
Jammie Holmes · Fred · 2025 Q1,2025-03-07,1,0,1,1.0,1.0
Jammie Holmes · Fred · 2025 Q1,2025-03-08,1,0,1,1.0,1.0
Jammie Holmes · Fred · 2025 Q1,2025-05-28,1,0,1,1.0,1.0
Jammie Holmes · Fred · 2025 Q1,2026-08-21,1,0,0,1.0,1.0
Jaume Plensa · UTOPIA · 2026 Q3,2026-07-06,4,4,0,4.0,4.0
Jaume Plensa · UTOPIA · 2026 Q3,2026-07-07,6,5,1,6.0,6.0
Jaume Plensa · UTOPIA · 2026 Q3,2026-07-08,2,1,1,2.0,2.0
Jaume Plensa · UTOPIA · 2026 Q3,2026-07-10,10,0,10,10.0,10.0
Jaume Plensa · UTOPIA · 2026 Q3,2026-07-13,1,0,1,1.0,1.0
Jaume Plensa · UTOPIA · 2026 Q3,2026-07-15,1,0,1,1.0,1.0
Jaume Plensa · UTOPIA · 2026 Q3,2026-07-21,1,1,0,1.0,1.0
Jaume Plensa · UTOPIA · 2026 Q3,2026-07-22,2,0,2,2.0,2.0
Jaume Plensa · UTOPIA · 2026 Q3,2026-07-24,2,0,2,2.0,2.0
Jaume Plensa · UTOPIA · 2026 Q3,2026-07-26,1,1,0,1.0,1.0
Jaume Plensa · UTOPIA · 2026 Q3,2026-07-27,4,0,4,4.0,4.0
Jaume Plensa · UTOPIA · 2026 Q3,2026-07-28,1,0,1,1.0,1.0
Jaume Plensa · UTOPIA · 2026 Q3,2026-07-29,5,0,5,5.0,5.0
Jaume Plensa · UTOPIA · 2026 Q3,2026-07-31,21,0,21,21.0,21.0
Jaume Plensa · UTOPIA · 2026 Q3,2026-08-03,26,0,26,26.0,26.0
Jaume Plensa · UTOPIA · 2026 Q3,2026-08-05,119,0,119,119.0,119.0
Jaume Plensa · UTOPIA · 2026 Q3,2026-08-06,3,0,3,3.0,3.0
Jaume Plensa · UTOPIA · 2026 Q3,2026-08-07,4,0,4,4.0,4.0
Jaume Plensa · UTOPIA · 2026 Q3,2026-08-08,1,0,1,1.0,1.0
Jaume Plensa · UTOPIA · 2026 Q3,2026-08-10,2,0,1,2.0,2.0
Jaume Plensa · UTOPIA · 2026 Q3,2026-08-31,1,0,1,1.0,1.0
Jaume Plensa · UTOPIA · 2026 Q3,2026-09-03,1,0,1,1.0,1.0
Javier Calleja · Multiple · 2020 Q1,2025-11-03,1,0,1,0.0,0.0
Javier Calleja · Multiple · 2023 Q1,2025-06-04,1,0,1,0.0,0.0
Jean-Michel Othoniel · Multiple · 2026 Q1,2026-01-30,8,8,0,8.0,8.0
Jean-Michel Othoniel · Multiple · 2026 Q1,2026-01-31,1,1,0,1.0,1.0
Jean-Michel Othoniel · Multiple · 2026 Q1,2026-02-01,1,1,0,1.0,1.0
Jean-Michel Othoniel · Multiple · 2026 Q1,2026-02-02,2,2,0,2.0,2.0
Jean-Michel Othoniel · Multiple · 2026 Q1,2026-02-03,5,4,1,5.0,5.0
Jean-Michel Othoniel · Multiple · 2026 Q1,2026-02-04,1,1,0,1.0,1.0
Jean-Michel Othoniel · Multiple · 2026 Q1,2026-02-07,3,0,3,3.0,3.0
Jean-Michel Othoniel · Multiple · 2026 Q1,2026-02-09,2,0,2,2.0,2.0
Jean-Michel Othoniel · Multiple · 2026 Q1,2026-02-10,1,0,1,1.0,1.0
Jean-Michel Othoniel · Multiple · 2026 Q1,2026-02-11,41,0,41,41.0,41.0
Jean-Michel Othoniel · Multiple · 2026 Q1,2026-02-12,3,0,3,3.0,3.0
Jean-Michel Othoniel · Multiple · 2026 Q1,2026-02-16,2,0,2,2.0,2.0
Jean-Michel Othoniel · Multiple · 2026 Q1,2026-02-17,7,0,7,7.0,7.0
Jean-Michel Othoniel · Multiple · 2026 Q1,2026-02-23,1,0,1,1.0,1.0
Jean-Michel Othoniel · Multiple · 2026 Q1,2026-02-25,1,0,1,1.0,1.0
Jean-Michel Othoniel · Multiple · 2026 Q1,2026-02-26,1,0,1,1.0,1.0
Jean-Michel Othoniel · Multiple · 2026 Q1,2026-02-27,2,0,2,2.0,2.0
Jean-Michel Othoniel · Multiple · 2026 Q1,2026-03-02,1,0,1,1.0,1.0
Jean-Michel Othoniel · Multiple · 2026 Q1,2026-03-03,30,0,30,31.0,31.0
Jean-Michel Othoniel · Multiple · 2026 Q1,2026-03-04,6,3,3,5.0,5.0
Jean-Michel Othoniel · Multiple · 2026 Q1,2026-03-20,1,0,1,1.0,1.0
Jean-Michel Othoniel · Multiple · 2026 Q1,2026-03-25,1,0,1,1.0,1.0
Jeff Koons · Multiple · 2026 Q1,2026-02-17,2,0,2,2.0,2.0
Jeff Koons · Multiple · 2026 Q1,2026-02-18,7,6,1,7.0,7.0
Jeff Koons · Multiple · 2026 Q1,2026-02-19,8,2,6,10.0,10.0
Jeff Koons · Multiple · 2026 Q1,2026-02-20,14,1,13,12.0,12.0
Jeff Koons · Multiple · 2026 Q1,2026-02-21,1,0,1,1.0,1.0
Jeff Koons · Multiple · 2026 Q1,2026-02-23,48,0,48,48.0,48.0
Jeff Koons · Multiple · 2026 Q1,2026-02-24,8,0,8,8.0,8.0
Jeff Koons · Multiple · 2026 Q1,2026-02-25,6,0,6,6.0,6.0
Jeff Koons · Multiple · 2026 Q1,2026-02-26,6,0,6,6.0,6.0
Jeff Koons · Multiple · 2026 Q1,2026-02-27,3,0,3,3.0,3.0
Jeff Koons · Multiple · 2026 Q1,2026-02-28,1,0,1,1.0,1.0
Jeff Koons · Multiple · 2026 Q1,2026-03-01,1,0,1,1.0,1.0
Jeff Koons · Multiple · 2026 Q1,2026-03-02,6,0,6,6.0,6.0
Jeff Koons · Multiple · 2026 Q1,2026-03-03,2,0,2,2.0,2.0
Jeff Koons · Multiple · 2026 Q1,2026-03-04,6,0,6,7.0,7.0
Jeff Koons · Multiple · 2026 Q1,2026-03-05,4,0,4,4.0,4.0
Jeff Koons · Multiple · 2026 Q1,2026-03-06,11,0,11,11.0,11.0
Jeff Koons · Multiple · 2026 Q1,2026-03-07,2,2,0,2.0,2.0
Jeff Koons · Multiple · 2026 Q1,2026-03-08,1,1,0,1.0,1.0
Jeff Koons · Multiple · 2026 Q1,2026-03-09,70,0,70,70.0,70.0
Jeff Koons · Multiple · 2026 Q1,2026-03-10,68,0,68,68.0,68.0
Jeff Koons · Multiple · 2026 Q1,2026-03-11,2,0,2,2.0,2.0
Jeff Koons · Multiple · 2026 Q1,2026-03-12,16,0,16,16.0,16.0
Jeff Koons · Multiple · 2026 Q1,2026-03-13,30,1,29,30.0,30.0
Jeff Koons · Multiple · 2026 Q1,2026-03-15,1,0,1,1.0,1.0
Jeff Koons · Multiple · 2026 Q1,2026-03-17,133,0,133,133.0,133.0
Jeff Koons · Multiple · 2026 Q1,2026-03-18,6,0,6,6.0,6.0
Jeff Koons · Multiple · 2026 Q1,2026-03-19,1,0,1,1.0,1.0
Jeff Koons · Multiple · 2026 Q1,2026-03-20,3,0,3,3.0,3.0
Jeff Koons · Multiple · 2026 Q1,2026-03-22,1,0,1,1.0,1.0
Jeff Koons · Multiple · 2026 Q1,2026-03-24,1,0,1,1.0,1.0
Jeff Koons · Multiple · 2026 Q1,2026-03-25,2,0,2,2.0,2.0
Jeff Koons · Multiple · 2026 Q1,2026-03-31,1,0,1,2.0,2.0
Jeff Koons · Multiple · 2026 Q1,2026-04-08,1,0,1,1.0,1.0
Jeff Koons · Multiple · 2026 Q1,2026-04-14,15,0,15,12.0,12.0
Jeff Koons · Multiple · 2026 Q1,2026-04-17,1,0,1,1.0,1.0
Jeff Koons · Multiple · 2026 Q1,2026-04-18,1,1,0,1.0,1.0
Jeff Koons · Multiple · 2026 Q1,2026-05-05,1,0,1,1.0,1.0
Jeff Koons · Multiple · 2026 Q1,2026-05-07,1,0,1,1.0,1.0
Jeff Koons · Multiple · 2026 Q1,2026-05-29,13,0,13,13.0,13.0
Jeff Koons · Multiple · 2026 Q1,2026-06-26,0,0,0,1.0,1.0
Jeff Koons · Multiple · 2026 Q1,2026-06-27,1,0,1,0.0,0.0
Jeff Koons · Multiple · 2026 Q1,2026-06-29,3,0,3,3.0,3.0
Jeff Koons · Multiple · 2026 Q1,2026-07-11,1,0,1,1.0,1.0
Jeff Koons · Multiple · 2026 Q1,2026-09-19,1,0,0,1.0,1.0
Jen Stark · Dichroic Mandala · 2022 Q4,2026-06-30,0,0,0,1.0,1.0
Jen Stark · Multiple · 2025 Q2,2025-05-29,2,0,2,0.0,0.0
Jen Stark · Multiple · 2025 Q2,2025-06-03,11,11,0,0.0,0.0
Jen Stark · Multiple · 2025 Q2,2025-06-04,21,5,0,0.0,0.0
Jen Stark · Multiple · 2025 Q2,2025-06-06,1,0,0,0.0,0.0
Jen Stark · Multiple · 2025 Q2,2025-06-07,4,0,0,0.0,0.0
Jen Stark · Multiple · 2025 Q2,2025-06-08,2,0,0,0.0,0.0
Jen Stark · Multiple · 2025 Q2,2025-06-09,2,0,0,0.0,0.0
Jen Stark · Multiple · 2025 Q2,2025-06-10,3,0,0,0.0,0.0
Jen Stark · Multiple · 2025 Q2,2025-06-11,6,0,1,0.0,0.0
Jen Stark · Multiple · 2025 Q2,2025-06-17,2,0,2,0.0,0.0
Jen Stark · Multiple · 2025 Q2,2025-07-17,1,0,1,0.0,0.0
Jenny Brosinski · Untitled 9 · 2020 Q3,2026-01-19,1,0,0,0.0,0.0
Jenny Holzer · Multiple · 2025 Q1,2025-01-28,11,0,11,11.0,11.0
Jenny Holzer · Multiple · 2025 Q1,2025-02-19,1,0,1,1.0,1.0
Joakim Ojanen · The dance we dance when we are together · 2026 Q1,2025-12-12,4,4,0,4.0,4.0
Joakim Ojanen · The dance we dance when we are together · 2026 Q1,2025-12-13,1,1,0,1.0,1.0
Joakim Ojanen · The dance we dance when we are together · 2026 Q1,2025-12-14,0,0,0,1.0,1.0
Joakim Ojanen · The dance we dance when we are together · 2026 Q1,2025-12-15,1,0,1,0.0,0.0
Joakim Ojanen · The dance we dance when we are together · 2026 Q1,2025-12-22,16,0,16,16.0,16.0
Joakim Ojanen · The dance we dance when we are together · 2026 Q1,2026-01-05,6,0,6,6.0,6.0
Joakim Ojanen · The dance we dance when we are together · 2026 Q1,2026-01-09,2,0,2,2.0,2.0
Joakim Ojanen · The dance we dance when we are together · 2026 Q1,2026-01-14,3,0,3,3.0,3.0
Joakim Ojanen · The dance we dance when we are together · 2026 Q1,2026-01-15,1,0,1,1.0,1.0
Joakim Ojanen · The dance we dance when we are together · 2026 Q1,2026-01-19,2,0,2,2.0,2.0
Joakim Ojanen · The dance we dance when we are together · 2026 Q1,2026-01-22,14,0,14,14.0,14.0
Joan Cornellà · Work Hard and Then Die · 2025 Q4,2025-10-06,1,0,1,0.0,0.0
Joan Cornellà · Work Hard and Then Die · 2025 Q4,2025-10-13,1,0,1,0.0,0.0
Joan Cornellà · Work Hard and Then Die · 2025 Q4,2025-10-17,1,0,1,0.0,0.0
Joan Cornellà · Work Hard and Then Die · 2025 Q4,2025-10-20,1,0,1,0.0,0.0
Joan Cornellà · Work Hard and Then Die · 2025 Q4,2025-10-22,134,133,0,0.0,0.0
Joan Cornellà · Work Hard and Then Die · 2025 Q4,2025-10-23,212,33,1,0.0,0.0
Joan Cornellà · Work Hard and Then Die · 2025 Q4,2025-10-24,118,6,1,0.0,0.0
Joan Cornellà · Work Hard and Then Die · 2025 Q4,2025-10-25,2,1,0,0.0,0.0
Joan Cornellà · Work Hard and Then Die · 2025 Q4,2025-10-27,1,0,1,0.0,0.0
Joan Cornellà · Work Hard and Then Die · 2025 Q4,2025-10-29,1,0,1,0.0,0.0
Joan Cornellà · Work Hard and Then Die · 2025 Q4,2025-10-31,1,0,1,0.0,0.0
Joan Cornellà · Work Hard and Then Die · 2025 Q4,2025-11-04,1,0,1,0.0,0.0
Joan Cornellà · Work Hard and Then Die · 2025 Q4,2025-11-07,1,0,1,0.0,0.0
Joan Cornellà · Work Hard and Then Die · 2025 Q4,2025-11-24,1,0,1,0.0,0.0
Joan Cornellà · Work Hard and Then Die · 2025 Q4,2025-11-28,1,0,1,0.0,0.0
Joan Cornellà · Work Hard and Then Die · 2025 Q4,2025-11-29,1,0,1,0.0,0.0
Joan Cornellà · Work Hard and Then Die · 2025 Q4,2025-12-02,1,0,1,0.0,0.0
Joan Cornellà · Work Hard and Then Die · 2025 Q4,2026-01-03,1,0,1,0.0,0.0
Joan Cornellà · Work Hard and Then Die · 2025 Q4,2026-01-19,1,0,1,0.0,0.0
Joan Cornellà · Work Hard and Then Die · 2025 Q4,2026-01-28,1,0,1,0.0,0.0
Joan Cornellà · Work Hard and Then Die · 2025 Q4,2026-01-29,1,0,1,0.0,0.0
Joan Cornellà · Work Hard and Then Die · 2025 Q4,2026-02-04,1,0,0,0.0,0.0
Joan Cornellà · Work Hard and Then Die · 2025 Q4,2026-03-13,1,0,1,0.0,0.0
Joan Cornellà · Work Hard and Then Die · 2025 Q4,2026-09-03,1,0,1,0.0,0.0
Joel Mesler · Multiple · 2026 Q2,2026-04-30,2,0,2,0.0,0.0
Joel Mesler · Multiple · 2026 Q2,2026-05-07,1,0,1,0.0,0.0
Joel Mesler · Multiple · 2026 Q2,2026-05-11,1,1,0,0.0,0.0
Joel Mesler · Multiple · 2026 Q2,2026-05-19,15,15,0,0.0,0.0
Joel Mesler · Multiple · 2026 Q2,2026-05-20,31,6,0,0.0,0.0
Joel Mesler · Multiple · 2026 Q2,2026-05-21,20,0,0,0.0,0.0
Joel Mesler · Multiple · 2026 Q2,2026-05-22,14,0,0,0.0,0.0
Joel Mesler · Multiple · 2026 Q2,2026-05-26,2,0,2,0.0,0.0
Joel Mesler · Multiple · 2026 Q2,2026-06-01,1,0,1,0.0,0.0
Joel Mesler · Multiple · 2026 Q2,2026-06-10,2,0,2,0.0,0.0
Johnson Tsang · Alliance · 2026 Q2,2026-05-29,2,0,2,2.0,2.0
Johnson Tsang · Alliance · 2026 Q2,2026-06-01,1,0,1,1.0,1.0
Johnson Tsang · Alliance · 2026 Q2,2026-06-02,31,31,0,31.0,31.0
Johnson Tsang · Alliance · 2026 Q2,2026-06-03,11,11,0,11.0,11.0
Johnson Tsang · Alliance · 2026 Q2,2026-06-04,2,2,0,2.0,2.0
Johnson Tsang · Alliance · 2026 Q2,2026-06-05,3,0,3,3.0,3.0
Johnson Tsang · Alliance · 2026 Q2,2026-06-06,1,0,1,1.0,1.0
Johnson Tsang · Alliance · 2026 Q2,2026-06-08,17,0,17,17.0,17.0
Johnson Tsang · Alliance · 2026 Q2,2026-06-10,16,0,16,16.0,16.0
Johnson Tsang · Alliance · 2026 Q2,2026-06-12,10,0,10,10.0,10.0
Johnson Tsang · Alliance · 2026 Q2,2026-06-15,28,0,28,28.0,28.0
Johnson Tsang · Alliance · 2026 Q2,2026-06-17,13,0,13,13.0,13.0
Johnson Tsang · Alliance · 2026 Q2,2026-06-19,9,0,9,9.0,9.0
Johnson Tsang · Alliance · 2026 Q2,2026-06-24,4,0,4,4.0,4.0
Johnson Tsang · Alliance · 2026 Q2,2026-06-26,47,0,47,47.0,47.0
Johnson Tsang · Alliance · 2026 Q2,2026-07-01,2,0,2,2.0,2.0
Johnson Tsang · Alliance · 2026 Q2,2026-07-09,1,0,1,1.0,1.0
Johnson Tsang · Alliance · 2026 Q2,2026-07-14,1,0,1,1.0,1.0
Johnson Tsang · Multiple · 2022 Q1,2025-11-11,2,0,2,2.0,2.0
Johnson Tsang · Multiple · 2022 Q1,2026-04-09,8,0,8,8.0,8.0
Johnson Tsang · Multiple · 2023 Q3,2026-01-30,0,0,0,1.0,1.0
Johnson Tsang · Open the Right Mind · 2023 Q4,2026-04-09,2,0,2,4.0,4.0
Johnson Tsang · Remembrance · 2025 Q3,2025-07-07,1,0,1,1.0,1.0
Johnson Tsang · Remembrance · 2025 Q3,2025-07-08,22,22,0,23.0,23.0
Johnson Tsang · Remembrance · 2025 Q3,2025-07-09,8,8,0,7.0,7.0
Johnson Tsang · Remembrance · 2025 Q3,2025-07-10,8,8,0,8.0,8.0
Johnson Tsang · Remembrance · 2025 Q3,2025-07-13,1,0,1,1.0,1.0
Johnson Tsang · Remembrance · 2025 Q3,2025-07-15,2,0,2,2.0,2.0
Johnson Tsang · Remembrance · 2025 Q3,2025-07-16,1,0,1,1.0,1.0
Johnson Tsang · Remembrance · 2025 Q3,2025-07-18,1,0,1,1.0,1.0
Johnson Tsang · Remembrance · 2025 Q3,2025-07-23,1,0,1,1.0,1.0
Johnson Tsang · Remembrance · 2025 Q3,2025-08-08,1,0,1,1.0,1.0
Johnson Tsang · Remembrance · 2025 Q3,2025-08-14,101,0,101,102.0,102.0
Johnson Tsang · Remembrance · 2025 Q3,2025-08-18,1,0,1,1.0,1.0
Johnson Tsang · Remembrance · 2025 Q3,2026-04-09,3,0,3,3.0,3.0
Johnson Tsang · Searching for Spring · 2022 Q2,2025-01-16,1,0,1,1.0,1.0
Johnson Tsang · Searching for Spring · 2022 Q2,2025-04-09,1,0,1,1.0,1.0
Johnson Tsang · Searching for Spring · 2022 Q2,2026-04-09,1,0,1,1.0,1.0
Johnson Tsang · The Moment · 2024 Q4,2026-04-09,4,0,4,4.0,4.0
Johnson Tsang · Work in Progress · 2026 Q1,2025-12-17,30,29,1,31.0,31.0
Johnson Tsang · Work in Progress · 2026 Q1,2025-12-18,12,12,0,11.0,11.0
Johnson Tsang · Work in Progress · 2026 Q1,2025-12-19,2,0,2,2.0,2.0
Johnson Tsang · Work in Progress · 2026 Q1,2025-12-20,1,0,1,1.0,1.0
Johnson Tsang · Work in Progress · 2026 Q1,2025-12-22,4,0,4,4.0,4.0
Johnson Tsang · Work in Progress · 2026 Q1,2026-01-05,26,0,26,26.0,26.0
Johnson Tsang · Work in Progress · 2026 Q1,2026-01-06,3,0,3,3.0,3.0
Johnson Tsang · Work in Progress · 2026 Q1,2026-01-07,1,0,1,1.0,1.0
Johnson Tsang · Work in Progress · 2026 Q1,2026-01-08,8,0,8,8.0,8.0
Johnson Tsang · Work in Progress · 2026 Q1,2026-01-12,1,0,1,1.0,1.0
Johnson Tsang · Work in Progress · 2026 Q1,2026-01-14,6,0,6,6.0,6.0
Johnson Tsang · Work in Progress · 2026 Q1,2026-01-17,1,0,1,1.0,1.0
Johnson Tsang · Work in Progress · 2026 Q1,2026-01-19,15,0,15,15.0,15.0
Johnson Tsang · Work in Progress · 2026 Q1,2026-01-20,1,0,1,1.0,1.0
Johnson Tsang · Work in Progress · 2026 Q1,2026-01-23,37,0,37,37.0,37.0
Johnson Tsang · Work in Progress · 2026 Q1,2026-01-30,1,0,1,1.0,1.0
Johnson Tsang · Work in Progress · 2026 Q1,2026-06-03,1,0,1,1.0,1.0
Jonny Niesche · Multiple · 2025 Q2,2025-04-24,1,0,1,0.0,0.0
Jonny Niesche · Multiple · 2025 Q2,2025-05-07,38,38,0,0.0,0.0
Jonny Niesche · Multiple · 2025 Q2,2025-05-08,46,20,3,0.0,0.0
Jonny Niesche · Multiple · 2025 Q2,2025-05-09,16,1,0,0.0,0.0
Jonny Niesche · Multiple · 2025 Q2,2025-05-10,8,0,0,0.0,0.0
Jonny Niesche · Multiple · 2025 Q2,2025-05-11,6,0,0,0.0,0.0
Jonny Niesche · Multiple · 2025 Q2,2025-05-12,1,0,0,0.0,0.0
Jonny Niesche · Multiple · 2025 Q2,2025-05-13,18,0,0,0.0,0.0
Jonny Niesche · Multiple · 2025 Q2,2025-05-14,11,1,0,0.0,0.0
Jonny Niesche · Multiple · 2025 Q2,2025-05-15,9,0,0,0.0,0.0
Jonny Niesche · Multiple · 2025 Q2,2025-05-16,1,0,1,0.0,0.0
Jonny Niesche · Multiple · 2025 Q2,2025-05-18,1,0,1,0.0,0.0
Jonny Niesche · Multiple · 2025 Q2,2025-05-27,1,0,1,0.0,0.0
Jonny Niesche · Multiple · 2025 Q2,2025-06-04,2,0,2,0.0,0.0
Jonny Niesche · Multiple · 2025 Q2,2025-07-02,1,0,1,0.0,0.0
Jonny Niesche · Multiple · 2025 Q2,2025-09-02,1,0,1,0.0,0.0
Jonny Niesche · Multiple · 2025 Q2,2026-09-18,1,0,1,0.0,0.0
Jonny Niesche · Schein Blossom · 2020 Q4,2026-02-23,1,0,1,0.0,0.0
Jonny Niesche · moon moth lust in warm copper · 2022 Q4,2025-09-09,1,0,1,1.0,1.0
Jordan Casteel · Multiple · 2025 Q1,2025-01-22,0,0,0,1.0,1.0
Jordan Casteel · Multiple · 2025 Q1,2025-01-23,1,1,0,0.0,0.0
Jordan Casteel · Multiple · 2025 Q1,2025-01-28,9,0,9,9.0,9.0
Jordan Casteel · Multiple · 2025 Q1,2025-01-29,1,0,1,1.0,1.0
Jordan Casteel · Multiple · 2025 Q1,2025-01-30,1,0,1,1.0,1.0
Josh Smith · Multiple · 2025 Q1,2025-01-28,5,0,5,5.0,5.0
José Parlá · Multiple · 2024 Q4,2025-01-02,1,0,1,1.0,1.0
José Parlá · Writers’ Bench 149th Street and Grand Concourse · 2020 Q3,2025-02-14,1,0,1,0.0,0.0
Judy Chicago · Multiple · 2025 Q2,2025-05-21,1,0,1,0.0,0.0
Judy Chicago · Multiple · 2025 Q2,2025-05-22,1,0,1,0.0,0.0
Judy Chicago · Multiple · 2025 Q2,2025-05-27,44,44,0,0.0,0.0
Judy Chicago · Multiple · 2025 Q2,2025-05-28,99,36,0,0.0,0.0
Judy Chicago · Multiple · 2025 Q2,2025-05-29,28,3,0,0.0,0.0
Judy Chicago · Multiple · 2025 Q2,2025-05-30,16,0,0,0.0,0.0
Judy Chicago · Multiple · 2025 Q2,2025-05-31,16,2,0,0.0,0.0
Judy Chicago · Multiple · 2025 Q2,2025-06-01,24,0,0,0.0,0.0
Judy Chicago · Multiple · 2025 Q2,2025-06-02,16,0,0,0.0,0.0
Judy Chicago · Multiple · 2025 Q2,2025-06-03,26,1,0,0.0,0.0
Judy Chicago · Multiple · 2025 Q2,2025-06-04,55,0,0,0.0,0.0
Judy Chicago · Multiple · 2025 Q2,2025-06-05,1,0,1,0.0,0.0
Judy Chicago · Multiple · 2025 Q2,2025-06-08,1,0,1,0.0,0.0
Judy Chicago · Multiple · 2025 Q2,2025-06-12,1,0,1,0.0,0.0
Judy Chicago · Multiple · 2025 Q2,2025-07-21,1,0,1,0.0,0.0
Judy Chicago · Multiple · 2025 Q2,2025-07-23,1,0,1,0.0,0.0
Judy Chicago · Multiple · 2025 Q2,2025-07-29,1,0,1,0.0,0.0
Judy Chicago · Multiple · 2025 Q2,2025-09-15,1,0,0,0.0,0.0
Judy Chicago · Multiple · 2025 Q2,2025-10-20,1,0,0,0.0,0.0
Judy Chicago · Reincarnation Triptych · 2025 Q4,2025-10-24,4,4,0,5.0,5.0
Judy Chicago · Reincarnation Triptych · 2025 Q4,2025-10-25,2,2,0,2.0,2.0
Judy Chicago · Reincarnation Triptych · 2025 Q4,2025-10-26,2,2,0,1.0,1.0
Judy Chicago · Reincarnation Triptych · 2025 Q4,2025-10-27,0,0,0,1.0,1.0
Judy Chicago · Reincarnation Triptych · 2025 Q4,2025-10-28,3,1,2,2.0,2.0
Judy Chicago · Reincarnation Triptych · 2025 Q4,2025-10-30,1,0,0,1.0,1.0
Judy Chicago · Reincarnation Triptych · 2025 Q4,2025-10-31,13,0,13,13.0,13.0
Judy Chicago · Reincarnation Triptych · 2025 Q4,2025-11-03,4,0,4,4.0,4.0
Judy Chicago · Reincarnation Triptych · 2025 Q4,2025-11-11,9,0,9,9.0,9.0
Judy Chicago · Reincarnation Triptych · 2025 Q4,2025-11-12,1,0,1,1.0,1.0
Judy Chicago · Reincarnation Triptych · 2025 Q4,2025-11-13,1,0,1,1.0,1.0
Judy Chicago · Reincarnation Triptych · 2025 Q4,2025-11-25,3,0,3,3.0,3.0
Judy Chicago · Reincarnation Triptych · 2025 Q4,2025-11-26,1,0,1,1.0,1.0
Judy Chicago · Reincarnation Triptych · 2025 Q4,2026-01-15,5,0,5,5.0,5.0
Julian Schnabel · Multiple · 2026 Q3,2026-08-28,16,16,0,18.0,18.0
Julian Schnabel · Multiple · 2026 Q3,2026-08-29,12,12,0,5.0,5.0
Julian Schnabel · Multiple · 2026 Q3,2026-08-30,7,7,0,5.0,5.0
Julian Schnabel · Multiple · 2026 Q3,2026-08-31,6,6,0,4.0,4.0
Julian Schnabel · Multiple · 2026 Q3,2026-09-01,3,0,3,2.0,2.0
Julian Schnabel · Multiple · 2026 Q3,2026-09-04,13,0,13,13.0,13.0
Julian Schnabel · Multiple · 2026 Q3,2026-09-07,15,0,15,15.0,15.0
Julian Schnabel · Multiple · 2026 Q3,2026-09-08,1,0,1,1.0,1.0
Julian Schnabel · Multiple · 2026 Q3,2026-09-09,4,0,4,4.0,4.0
Julian Schnabel · Multiple · 2026 Q3,2026-09-11,6,0,6,4.0,4.0
Julian Schnabel · Multiple · 2026 Q3,2026-09-14,5,0,5,5.0,5.0
Julian Schnabel · Multiple · 2026 Q3,2026-09-16,5,0,5,5.0,5.0
Julian Schnabel · Multiple · 2026 Q3,2026-09-18,12,0,12,12.0,12.0
Julian Schnabel · Multiple · 2026 Q3,2026-09-21,11,0,11,11.0,11.0
Julian Schnabel · Multiple · 2026 Q3,2026-09-23,9,0,9,9.0,9.0
Katharina Grosse · Multiple · 2026 Q1,2026-01-23,1,0,1,0.0,0.0
Katharina Grosse · Multiple · 2026 Q1,2026-01-26,1,0,1,0.0,0.0
Katharina Grosse · Multiple · 2026 Q1,2026-01-28,1,0,1,0.0,0.0
Katharina Grosse · Multiple · 2026 Q1,2026-01-29,1,0,1,0.0,0.0
Katharina Grosse · Multiple · 2026 Q1,2026-02-05,5,0,5,0.0,0.0
Katharina Grosse · Multiple · 2026 Q1,2026-02-12,107,105,2,0.0,0.0
Katharina Grosse · Multiple · 2026 Q1,2026-02-13,105,38,0,0.0,0.0
Katharina Grosse · Multiple · 2026 Q1,2026-02-14,14,1,0,0.0,0.0
Katharina Grosse · Multiple · 2026 Q1,2026-02-15,21,0,0,0.0,0.0
Katharina Grosse · Multiple · 2026 Q1,2026-02-16,18,0,4,0.0,0.0
Katharina Grosse · Multiple · 2026 Q1,2026-02-17,18,0,4,0.0,0.0
Katharina Grosse · Multiple · 2026 Q1,2026-02-18,26,1,2,0.0,0.0
Katharina Grosse · Multiple · 2026 Q1,2026-02-19,37,0,13,0.0,0.0
Katharina Grosse · Multiple · 2026 Q1,2026-02-20,47,1,4,0.0,0.0
Katharina Grosse · Multiple · 2026 Q1,2026-02-23,4,0,4,0.0,0.0
Katharina Grosse · Multiple · 2026 Q1,2026-02-25,1,0,1,0.0,0.0
Katharina Grosse · Multiple · 2026 Q1,2026-02-26,2,0,2,0.0,0.0
Katharina Grosse · Multiple · 2026 Q1,2026-03-05,1,0,1,0.0,0.0
Katharina Grosse · Multiple · 2026 Q1,2026-03-13,1,0,1,0.0,0.0
Katharina Grosse · Multiple · 2026 Q1,2026-03-17,1,0,1,0.0,0.0
Katharina Grosse · Multiple · 2026 Q1,2026-03-25,1,0,1,0.0,0.0
Katharina Grosse · Multiple · 2026 Q1,2026-03-26,3,0,3,0.0,0.0
Katharina Grosse · Multiple · 2026 Q1,2026-03-27,3,0,3,0.0,0.0
Katharina Grosse · Multiple · 2026 Q1,2026-03-30,1,0,1,0.0,0.0
Katharina Grosse · Multiple · 2026 Q1,2026-04-16,2,0,2,0.0,0.0
Katharina Grosse · Multiple · 2026 Q1,2026-04-24,3,0,3,0.0,0.0
Katharina Grosse · Multiple · 2026 Q1,2026-05-07,1,0,1,0.0,0.0
Katharina Grosse · Multiple · 2026 Q1,2026-05-19,1,0,1,0.0,0.0
Katharina Grosse · Multiple · 2026 Q1,2026-07-01,2,0,2,0.0,0.0
Katharina Grosse · Multiple · 2026 Q1,2026-07-20,1,0,1,0.0,0.0
Katherina Olschbaur · Humility and the Other One in Me · 2023 Q3,2025-10-06,0,0,0,1.0,1.0
Katherine Bradford · Swing Over Pool · 2025 Q3,2025-07-16,1,0,1,1.0,1.0
Katherine Bradford · Swing Over Pool · 2025 Q3,2025-07-17,4,0,4,4.0,4.0
Katherine Bradford · Swing Over Pool · 2025 Q3,2025-07-18,8,6,2,8.0,8.0
Katherine Bradford · Swing Over Pool · 2025 Q3,2025-07-19,2,2,0,2.0,2.0
Katherine Bradford · Swing Over Pool · 2025 Q3,2025-07-20,0,0,0,1.0,1.0
Katherine Bradford · Swing Over Pool · 2025 Q3,2025-07-21,2,1,1,1.0,1.0
Katherine Bradford · Swing Over Pool · 2025 Q3,2025-07-22,2,0,2,2.0,2.0
Katherine Bradford · Swing Over Pool · 2025 Q3,2025-07-24,1,0,1,1.0,1.0
Katherine Bradford · Swing Over Pool · 2025 Q3,2025-08-01,1,0,1,1.0,1.0
Katherine Bradford · Swing Over Pool · 2025 Q3,2025-08-04,1,0,1,1.0,1.0
Katherine Bradford · Swing Over Pool · 2025 Q3,2025-08-06,1,0,1,1.0,1.0
Katherine Bradford · Swing Over Pool · 2025 Q3,2025-08-07,1,0,1,1.0,1.0
Katherine Bradford · Swing Over Pool · 2025 Q3,2025-08-12,87,0,85,87.0,87.0
Katherine Bradford · Swing Over Pool · 2025 Q3,2025-08-13,2,0,2,2.0,2.0
Katherine Bradford · Swing Over Pool · 2025 Q3,2025-08-14,1,0,0,2.0,2.0
Katherine Bradford · Swing Over Pool · 2025 Q3,2025-08-15,1,0,0,2.0,2.0
Katherine Bradford · Swing Over Pool · 2025 Q3,2025-08-18,4,0,3,7.0,7.0
Katherine Bradford · Swing Over Pool · 2025 Q3,2025-08-22,1,0,0,2.0,2.0
Katherine Bradford · Swing Over Pool · 2025 Q3,2025-08-29,2,0,0,2.0,2.0
Katherine Bradford · Swing Over Pool · 2025 Q3,2025-08-30,5,0,0,5.0,5.0
Katherine Bradford · Swing Over Pool · 2025 Q3,2025-08-31,1,0,0,1.0,1.0
Katherine Bradford · Swing Over Pool · 2025 Q3,2025-09-24,0,0,0,1.0,1.0
Katherine Bradford · Swing Over Pool · 2025 Q3,2025-09-25,1,0,0,0.0,0.0
Katherine Bradford · Swing Over Pool · 2025 Q3,2025-10-01,1,0,0,1.0,1.0
Katherine Bradford · Swing Over Pool · 2025 Q3,2025-10-03,1,0,0,1.0,1.0
Katherine Bradford · Swing Over Pool · 2025 Q3,2025-10-04,1,0,0,1.0,1.0
Katherine Bradford · Swing Over Pool · 2025 Q3,2025-10-06,1,0,0,1.0,1.0
Katherine Bradford · Swing Over Pool · 2025 Q3,2025-10-10,1,0,0,1.0,1.0
Katherine Bradford · Swing Over Pool · 2025 Q3,2025-10-15,1,0,0,1.0,1.0
Katherine Bradford · Swing Over Pool · 2025 Q3,2025-10-29,2,0,0,2.0,2.0
Katherine Bradford · Swing Over Pool · 2025 Q3,2025-10-31,1,0,0,1.0,1.0
Katherine Bradford · Swing Over Pool · 2025 Q3,2025-11-02,1,0,0,1.0,1.0
Katherine Bradford · Swing Over Pool · 2025 Q3,2025-11-17,1,0,0,1.0,1.0
Katherine Bradford · Swing Over Pool · 2025 Q3,2025-11-21,1,0,1,1.0,1.0
Katherine Bradford · Swing Over Pool · 2025 Q3,2025-11-24,1,0,0,1.0,1.0
Katherine Bradford · Swing Over Pool · 2025 Q3,2025-12-29,1,0,0,1.0,1.0
Katherine Bradford · Swing Over Pool · 2025 Q3,2026-01-02,1,0,0,1.0,1.0
Katherine Bradford · Swing Over Pool · 2025 Q3,2026-01-07,1,0,1,1.0,1.0
Katherine Bradford · Swing Over Pool · 2025 Q3,2026-01-30,1,0,0,1.0,1.0
Katherine Bradford · Swing Over Pool · 2025 Q3,2026-02-01,1,0,0,1.0,1.0
Katherine Bradford · Swing Over Pool · 2025 Q3,2026-02-08,1,0,0,1.0,1.0
Katherine Bradford · Swing Over Pool · 2025 Q3,2026-02-10,0,0,0,1.0,1.0
Katherine Bradford · Swing Over Pool · 2025 Q3,2026-02-11,1,0,0,0.0,0.0
Katherine Bradford · Swing Over Pool · 2025 Q3,2026-02-19,1,0,0,1.0,1.0
Katherine Bradford · Swing Over Pool · 2025 Q3,2026-03-17,1,0,0,1.0,1.0
Katherine Bradford · Swing Over Pool · 2025 Q3,2026-04-05,0,0,0,1.0,1.0
Katherine Bradford · Swing Over Pool · 2025 Q3,2026-04-06,1,0,0,0.0,0.0
Katherine Bradford · Swing Over Pool · 2025 Q3,2026-05-09,1,0,0,1.0,1.0
Katherine Bradford · Swing Over Pool · 2025 Q3,2026-05-11,1,0,0,1.0,1.0
Katherine Bradford · Swing Over Pool · 2025 Q3,2026-05-28,1,0,0,1.0,1.0
Katherine Bradford · Swing Over Pool · 2025 Q3,2026-06-04,1,0,0,1.0,1.0
Katherine Bradford · Swing Over Pool · 2025 Q3,2026-06-25,1,0,0,1.0,1.0
Katherine Bradford · Swing Over Pool · 2025 Q3,2026-07-02,1,0,0,1.0,1.0
Katherine Bradford · Swing Over Pool · 2025 Q3,2026-07-05,1,0,0,1.0,1.0
Katherine Bradford · Swing Over Pool · 2025 Q3,2026-07-12,1,0,0,1.0,1.0
Katherine Bradford · Swing Over Pool · 2025 Q3,2026-07-18,1,0,0,1.0,1.0
Katherine Bradford · Swing Over Pool · 2025 Q3,2026-07-22,1,0,0,1.0,1.0
Katherine Bradford · Swing Over Pool · 2025 Q3,2026-07-26,1,0,0,1.0,1.0
Katherine Bradford · Swing Over Pool · 2025 Q3,2026-08-03,1,0,0,1.0,1.0
Katherine Bradford · Swing Over Pool · 2025 Q3,2026-08-17,1,0,0,1.0,1.0
Katherine Bradford · Swing Over Pool · 2025 Q3,2026-09-08,2,0,2,2.0,2.0
Katrin Fridriks · Multiple · 2019 Q4,2025-01-28,1,0,1,0.0,0.0
Kaï · Content (Hand-finished) · 2024 Q2,2026-02-23,1,0,1,2.0,2.0
Keita Morimoto · Multiple · 2025 Q4,2025-11-18,2,0,2,0.0,0.0
Keita Morimoto · Multiple · 2025 Q4,2025-11-20,3,0,3,0.0,0.0
Keita Morimoto · Multiple · 2025 Q4,2025-11-21,1,0,1,0.0,0.0
Keita Morimoto · Multiple · 2025 Q4,2025-11-24,1,0,1,0.0,0.0
Keita Morimoto · Multiple · 2025 Q4,2025-11-26,1,0,1,0.0,0.0
Keita Morimoto · Multiple · 2025 Q4,2025-11-27,1,0,1,0.0,0.0
Keita Morimoto · Multiple · 2025 Q4,2025-11-30,1,0,1,0.0,0.0
Keita Morimoto · Multiple · 2025 Q4,2025-12-01,1,0,1,0.0,0.0
Keita Morimoto · Multiple · 2025 Q4,2025-12-02,2,0,2,0.0,0.0
Keita Morimoto · Multiple · 2025 Q4,2025-12-05,1,0,1,0.0,0.0
Keita Morimoto · Multiple · 2025 Q4,2025-12-08,139,138,1,0.0,0.0
Keita Morimoto · Multiple · 2025 Q4,2025-12-09,153,33,1,0.0,0.0
Keita Morimoto · Multiple · 2025 Q4,2025-12-10,84,2,0,0.0,0.0
Keita Morimoto · Multiple · 2025 Q4,2025-12-11,80,5,10,0.0,0.0
Keita Morimoto · Multiple · 2025 Q4,2025-12-13,1,0,1,0.0,0.0
Keita Morimoto · Multiple · 2025 Q4,2025-12-16,3,0,3,0.0,0.0
Keita Morimoto · Multiple · 2025 Q4,2025-12-17,1,0,1,0.0,0.0
Keita Morimoto · Multiple · 2025 Q4,2025-12-29,1,0,1,0.0,0.0
Keita Morimoto · Multiple · 2025 Q4,2026-01-07,1,0,1,0.0,0.0
Keita Morimoto · Multiple · 2025 Q4,2026-01-16,2,0,2,0.0,0.0
Keita Morimoto · Multiple · 2025 Q4,2026-01-18,1,0,1,0.0,0.0
Keita Morimoto · Multiple · 2025 Q4,2026-01-19,1,0,1,0.0,0.0
Keita Morimoto · Multiple · 2025 Q4,2026-01-24,1,0,1,0.0,0.0
Keita Morimoto · Multiple · 2025 Q4,2026-01-29,1,0,1,0.0,0.0
Keita Morimoto · Multiple · 2025 Q4,2026-02-06,1,0,1,0.0,0.0
Keita Morimoto · Multiple · 2025 Q4,2026-02-13,1,0,1,0.0,0.0
Keita Morimoto · Multiple · 2025 Q4,2026-03-24,1,0,0,0.0,0.0
Keita Morimoto · Multiple · 2025 Q4,2026-04-13,1,0,0,0.0,0.0
Keita Morimoto · Multiple · 2025 Q4,2026-07-27,2,0,2,0.0,0.0
Kour Pour · Sacred Flames (Yoshitoshi) · 2020 Q1,2025-08-28,1,0,0,0.0,0.0
Kwesi Botchway · African Style · 2023 Q1,2025-02-15,1,0,1,1.0,1.0
Kwesi Botchway · Lady with a Tampi · 2022 Q2,2025-02-02,1,1,0,1.0,1.0
LY · LUV Blossoming · 2025 Q2,2025-04-07,3,0,3,3.0,3.0
LY · LUV Blossoming · 2025 Q2,2025-04-08,11,11,0,11.0,11.0
LY · LUV Blossoming · 2025 Q2,2025-04-09,3,2,1,4.0,4.0
LY · LUV Blossoming · 2025 Q2,2025-04-10,3,3,0,2.0,2.0
LY · LUV Blossoming · 2025 Q2,2025-04-11,1,0,1,1.0,1.0
LY · LUV Blossoming · 2025 Q2,2025-04-12,1,0,1,1.0,1.0
LY · LUV Blossoming · 2025 Q2,2025-04-14,1,0,1,1.0,1.0
LY · LUV Blossoming · 2025 Q2,2025-04-16,1,0,1,1.0,1.0
LY · LUV Blossoming · 2025 Q2,2025-05-02,1,0,1,1.0,1.0
LY · LUV Blossoming · 2025 Q2,2025-05-14,13,0,13,13.0,13.0
LY · LUV Blossoming · 2025 Q2,2025-07-24,1,0,1,1.0,1.0
LY · LUV Blossoming · 2025 Q2,2026-06-15,1,0,1,1.0,1.0
LY · LUV New Beginnings · 2026 Q3,2026-06-15,10,10,0,10.0,10.0
LY · LUV New Beginnings · 2026 Q3,2026-06-16,4,4,0,4.0,4.0
LY · LUV New Beginnings · 2026 Q3,2026-06-17,2,2,0,2.0,2.0
LY · LUV New Beginnings · 2026 Q3,2026-06-19,5,0,5,5.0,5.0
LY · LUV New Beginnings · 2026 Q3,2026-06-24,3,0,3,3.0,3.0
LY · LUV New Beginnings · 2026 Q3,2026-06-29,1,0,1,1.0,1.0
LY · LUV New Beginnings · 2026 Q3,2026-07-07,7,0,7,7.0,7.0
LY · LUV Somewhere New · 2023 Q4,2025-02-21,1,0,1,1.0,1.0
LY · Multiple · 2022 Q1,2026-02-23,0,0,0,1.0,1.0
LY · Multiple · 2023 Q2,2025-01-07,1,0,1,1.0,1.0
LY · Multiple · 2023 Q2,2025-02-27,1,0,0,1.0,1.0
LY · Multiple · 2023 Q2,2025-04-29,1,0,1,1.0,1.0
LY · Multiple · 2023 Q2,2025-06-16,1,0,1,1.0,1.0
LY · Multiple · 2023 Q2,2025-07-03,1,0,0,1.0,1.0
LY · Multiple · 2023 Q2,2025-08-05,1,0,1,0.0,0.0
LY · Multiple · 2023 Q2,2025-10-11,1,0,0,1.0,1.0
LY · Multiple · 2023 Q2,2026-06-25,1,0,0,1.0,1.0
LY · Multiple · 2023 Q2,2026-06-27,1,0,0,1.0,1.0
LY · Multiple · 2023 Q2,2026-07-13,1,0,0,1.0,1.0
LY · Multiple · 2023 Q2,2026-07-26,1,0,0,1.0,1.0
LY · Multiple · 2023 Q2,2026-07-28,1,0,1,1.0,1.0
Lee Ufan · Dialogue · 2026 Q1,2025-12-15,3,3,0,3.0,3.0
Lee Ufan · Dialogue · 2026 Q1,2025-12-16,1,1,0,1.0,1.0
Lee Ufan · Dialogue · 2026 Q1,2025-12-17,1,1,0,1.0,1.0
Lee Ufan · Dialogue · 2026 Q1,2025-12-23,2,0,2,2.0,2.0
Lee Ufan · Dialogue · 2026 Q1,2025-12-24,1,0,1,1.0,1.0
Lee Ufan · Dialogue · 2026 Q1,2025-12-27,1,0,1,1.0,1.0
Lee Ufan · Dialogue · 2026 Q1,2025-12-29,1,0,1,1.0,1.0
Lee Ufan · Dialogue · 2026 Q1,2026-01-03,1,0,1,1.0,1.0
Lee Ufan · Dialogue · 2026 Q1,2026-01-05,12,10,2,15.0,15.0
Lee Ufan · Dialogue · 2026 Q1,2026-01-06,40,36,4,38.0,38.0
Lee Ufan · Dialogue · 2026 Q1,2026-01-07,14,12,2,14.0,14.0
Lee Ufan · Dialogue · 2026 Q1,2026-01-08,3,1,2,3.0,3.0
Lee Ufan · Dialogue · 2026 Q1,2026-01-09,1,0,1,1.0,1.0
Lee Ufan · Dialogue · 2026 Q1,2026-01-10,1,0,1,1.0,1.0
Lee Ufan · Dialogue · 2026 Q1,2026-01-12,3,0,3,3.0,3.0
Lee Ufan · Dialogue · 2026 Q1,2026-01-13,1,0,1,1.0,1.0
Lee Ufan · Dialogue · 2026 Q1,2026-01-16,1,0,1,1.0,1.0
Lee Ufan · Dialogue · 2026 Q1,2026-01-21,3,0,3,3.0,3.0
Lee Ufan · Dialogue · 2026 Q1,2026-01-22,2,0,2,2.0,2.0
Lee Ufan · Dialogue · 2026 Q1,2026-01-26,1,0,1,1.0,1.0
Lee Ufan · Dialogue · 2026 Q1,2026-01-29,5,0,5,5.0,5.0
Lee Ufan · Dialogue · 2026 Q1,2026-01-30,26,0,26,26.0,26.0
Lee Ufan · Dialogue · 2026 Q1,2026-02-02,2,0,2,2.0,2.0
Lee Ufan · Dialogue · 2026 Q1,2026-02-03,3,0,3,3.0,3.0
Lee Ufan · Dialogue · 2026 Q1,2026-02-04,1,0,1,1.0,1.0
Lee Ufan · Dialogue · 2026 Q1,2026-02-27,20,0,20,20.0,20.0
Lee Ufan · Dialogue · 2026 Q1,2026-03-18,1,0,1,1.0,1.0
Lee Ufan · Dialogue · 2026 Q1,2026-04-27,2,0,2,2.0,2.0
Lee Ufan · Dialogue · 2026 Q1,2026-07-22,1,0,1,1.0,1.0
Lee Ufan · Dialogue · 2026 Q1,2026-08-01,1,0,1,1.0,1.0
Lee Ufan · Dialogue · 2026 Q1,2026-08-26,1,0,1,1.0,1.0
Lee Ufan · Multiple · 2025 Q2,2025-05-03,1,0,1,1.0,1.0
Lee Ufan · Multiple · 2025 Q2,2025-05-05,2,0,2,2.0,2.0
Lee Ufan · Multiple · 2025 Q2,2025-05-06,2,0,2,3.0,3.0
Lee Ufan · Multiple · 2025 Q2,2025-05-07,1,0,1,0.0,0.0
Lee Ufan · Multiple · 2025 Q2,2025-05-08,2,0,2,2.0,2.0
Lee Ufan · Multiple · 2025 Q2,2025-05-09,1,0,1,1.0,1.0
Lee Ufan · Multiple · 2025 Q2,2025-05-13,1,0,1,1.0,1.0
Lee Ufan · Multiple · 2025 Q2,2025-05-14,1,0,1,6.0,6.0
Lee Ufan · Multiple · 2025 Q2,2025-05-15,5,0,5,0.0,0.0
Lee Ufan · Multiple · 2025 Q2,2025-05-19,42,42,0,47.0,47.0
Lee Ufan · Multiple · 2025 Q2,2025-05-20,23,23,0,21.0,21.0
Lee Ufan · Multiple · 2025 Q2,2025-05-21,12,8,4,10.0,10.0
Lee Ufan · Multiple · 2025 Q2,2025-05-22,8,1,7,6.0,6.0
Lee Ufan · Multiple · 2025 Q2,2025-05-23,2,0,2,2.0,2.0
Lee Ufan · Multiple · 2025 Q2,2025-05-24,1,0,1,1.0,1.0
Lee Ufan · Multiple · 2025 Q2,2025-05-26,1,0,1,1.0,1.0
Lee Ufan · Multiple · 2025 Q2,2025-05-27,1,0,1,1.0,1.0
Lee Ufan · Multiple · 2025 Q2,2025-05-28,2,0,2,2.0,2.0
Lee Ufan · Multiple · 2025 Q2,2025-05-29,2,1,1,2.0,2.0
Lee Ufan · Multiple · 2025 Q2,2025-05-30,2,1,1,2.0,2.0
Lee Ufan · Multiple · 2025 Q2,2025-05-31,2,0,2,2.0,2.0
Lee Ufan · Multiple · 2025 Q2,2025-06-02,16,0,16,13.0,13.0
Lee Ufan · Multiple · 2025 Q2,2025-06-03,3,0,3,3.0,3.0
Lee Ufan · Multiple · 2025 Q2,2025-06-04,3,0,3,3.0,3.0
Lee Ufan · Multiple · 2025 Q2,2025-06-05,2,0,2,1.0,1.0
Lee Ufan · Multiple · 2025 Q2,2025-06-06,4,0,4,4.0,4.0
Lee Ufan · Multiple · 2025 Q2,2025-06-07,3,3,0,3.0,3.0
Lee Ufan · Multiple · 2025 Q2,2025-06-09,3,0,3,3.0,3.0
Lee Ufan · Multiple · 2025 Q2,2025-06-10,2,0,2,2.0,2.0
Lee Ufan · Multiple · 2025 Q2,2025-06-11,2,0,2,2.0,2.0
Lee Ufan · Multiple · 2025 Q2,2025-06-12,1,0,1,1.0,1.0
Lee Ufan · Multiple · 2025 Q2,2025-06-13,5,0,5,4.0,4.0
Lee Ufan · Multiple · 2025 Q2,2025-06-16,4,0,4,5.0,5.0
Lee Ufan · Multiple · 2025 Q2,2025-06-17,1,0,1,1.0,1.0
Lee Ufan · Multiple · 2025 Q2,2025-06-23,2,0,2,2.0,2.0
Lee Ufan · Multiple · 2025 Q2,2025-06-24,1,0,1,2.0,2.0
Lee Ufan · Multiple · 2025 Q2,2025-06-25,3,0,3,2.0,2.0
Lee Ufan · Multiple · 2025 Q2,2025-06-26,116,2,114,117.0,117.0
Lee Ufan · Multiple · 2025 Q2,2025-06-27,2,0,2,2.0,2.0
Lee Ufan · Multiple · 2025 Q2,2025-06-30,7,7,0,7.0,7.0
Lee Ufan · Multiple · 2025 Q2,2025-07-01,4,1,3,4.0,4.0
Lee Ufan · Multiple · 2025 Q2,2025-07-02,1,0,1,1.0,1.0
Lee Ufan · Multiple · 2025 Q2,2025-07-03,1,0,1,1.0,1.0
Lee Ufan · Multiple · 2025 Q2,2025-07-07,1,0,1,1.0,1.0
Lee Ufan · Multiple · 2025 Q2,2025-07-09,9,7,2,9.0,9.0
Lee Ufan · Multiple · 2025 Q2,2025-07-10,1,0,1,1.0,1.0
Lee Ufan · Multiple · 2025 Q2,2025-07-16,3,0,3,2.0,2.0
Lee Ufan · Multiple · 2025 Q2,2025-07-22,3,0,3,1.0,1.0
Lee Ufan · Multiple · 2025 Q2,2025-08-12,2,0,1,2.0,2.0
Lee Ufan · Multiple · 2025 Q2,2025-08-25,1,0,1,1.0,1.0
Lee Ufan · Multiple · 2025 Q2,2025-08-26,1,0,1,2.0,2.0
Lee Ufan · Multiple · 2025 Q2,2025-09-16,2,0,2,2.0,2.0
Lee Ufan · Multiple · 2025 Q2,2025-10-22,1,0,1,1.0,1.0
Lee Ufan · Multiple · 2025 Q2,2026-01-15,2,0,2,2.0,2.0
Lee Ufan · Multiple · 2025 Q2,2026-04-27,2,0,2,1.0,1.0
Lee Ufan · Multiple · 2025 Q2,2026-05-05,1,0,1,1.0,1.0
Lee Ufan · Multiple · 2025 Q2,2026-05-08,0,0,0,1.0,1.0
Lee Ufan · Multiple · 2025 Q2,2026-05-09,1,0,1,0.0,0.0
Lee Ufan · Multiple · 2025 Q2,2026-06-01,1,0,1,1.0,1.0
Lee Ufan · Multiple · 2025 Q2,2026-07-31,1,0,1,1.0,1.0
Lee Ufan · Multiple · 2025 Q2,2026-08-01,1,0,1,1.0,1.0
Lee Ufan · Multiple · 2025 Q2,2026-08-06,1,0,1,1.0,1.0
Lee Ufan · Multiple · 2025 Q2,2026-08-07,1,0,1,1.0,1.0
Lee Ufan · Multiple · 2025 Q2,2026-09-15,2,0,2,2.0,2.0
Liang Fu · Anonyme · 2023 Q1,2025-10-24,0,0,0,1.0,1.0
Liang Fu · Anonyme · 2023 Q1,2025-11-15,0,0,0,1.0,1.0
Liang Fu · Anonyme · 2023 Q1,2025-12-23,0,0,0,1.0,1.0
Lu Yang · Gong Tau Alien · 2020 Q4,2026-04-05,1,0,0,0.0,0.0
Luc Tuymans · Bell Boy · 2026 Q1,2026-02-19,1,0,1,1.0,1.0
Luc Tuymans · Bell Boy · 2026 Q1,2026-02-24,1,0,1,1.0,1.0
Luc Tuymans · Bell Boy · 2026 Q1,2026-02-27,6,6,0,7.0,7.0
Luc Tuymans · Bell Boy · 2026 Q1,2026-02-28,5,5,0,5.0,5.0
Luc Tuymans · Bell Boy · 2026 Q1,2026-03-01,2,2,0,2.0,2.0
Luc Tuymans · Bell Boy · 2026 Q1,2026-03-03,1,0,1,1.0,1.0
Luc Tuymans · Bell Boy · 2026 Q1,2026-03-04,2,0,2,2.0,2.0
Luc Tuymans · Bell Boy · 2026 Q1,2026-03-05,16,0,16,16.0,16.0
Luc Tuymans · Bell Boy · 2026 Q1,2026-03-06,13,0,13,13.0,13.0
Luc Tuymans · Bell Boy · 2026 Q1,2026-03-09,19,0,19,19.0,19.0
Luc Tuymans · Bell Boy · 2026 Q1,2026-03-10,2,0,2,2.0,2.0
Luc Tuymans · Bell Boy · 2026 Q1,2026-03-12,2,0,2,2.0,2.0
Luc Tuymans · Bell Boy · 2026 Q1,2026-03-16,1,0,1,1.0,1.0
Luc Tuymans · Bell Boy · 2026 Q1,2026-03-19,1,0,1,1.0,1.0
Luc Tuymans · Bell Boy · 2026 Q1,2026-03-30,2,0,2,2.0,2.0
Luc Tuymans · Bell Boy · 2026 Q1,2026-03-31,16,0,16,16.0,16.0
Luc Tuymans · Bell Boy · 2026 Q1,2026-04-17,11,0,11,11.0,11.0
Luc Tuymans · Bell Boy · 2026 Q1,2026-05-26,1,0,1,1.0,1.0
Lucian Freud · Multiple · 2025 Q3,2025-07-04,1,0,1,0.0,0.0
Lucian Freud · Multiple · 2025 Q3,2025-07-09,1,0,1,0.0,0.0
Lucian Freud · Multiple · 2025 Q3,2025-07-15,1,0,1,0.0,0.0
Lucian Freud · Multiple · 2025 Q3,2025-07-16,97,97,0,0.0,0.0
Lucian Freud · Multiple · 2025 Q3,2025-07-17,114,21,0,0.0,0.0
Lucian Freud · Multiple · 2025 Q3,2025-07-18,56,3,1,0.0,0.0
Lucian Freud · Multiple · 2025 Q3,2025-07-19,19,1,0,0.0,0.0
Lucian Freud · Multiple · 2025 Q3,2025-07-20,7,0,0,0.0,0.0
Lucian Freud · Multiple · 2025 Q3,2025-07-21,15,2,0,0.0,0.0
Lucian Freud · Multiple · 2025 Q3,2025-07-22,12,1,0,0.0,0.0
Lucian Freud · Multiple · 2025 Q3,2025-07-23,19,0,1,0.0,0.0
Lucian Freud · Multiple · 2025 Q3,2025-07-24,19,0,0,0.0,0.0
Lucian Freud · Multiple · 2025 Q3,2025-07-25,1,0,1,0.0,0.0
Lucian Freud · Multiple · 2025 Q3,2025-07-28,1,0,1,0.0,0.0
Lucian Freud · Multiple · 2025 Q3,2025-07-29,4,0,4,0.0,0.0
Lucian Freud · Multiple · 2025 Q3,2025-07-30,1,0,1,0.0,0.0
Lucian Freud · Multiple · 2025 Q3,2025-07-31,4,0,4,0.0,0.0
Lucian Freud · Multiple · 2025 Q3,2025-08-18,1,0,1,0.0,0.0
Lucian Freud · Multiple · 2025 Q3,2025-08-27,1,0,1,0.0,0.0
Lucian Freud · Multiple · 2025 Q3,2025-09-30,2,0,0,0.0,0.0
Lucian Freud · Multiple · 2025 Q3,2025-10-20,20,0,0,0.0,0.0
Lucian Freud · Multiple · 2025 Q3,2025-10-29,1,0,0,0.0,0.0
Lucian Freud · Multiple · 2025 Q3,2026-02-02,1,0,1,0.0,0.0
Lucian Freud · Multiple · 2025 Q3,2026-03-09,1,0,1,0.0,0.0
Lucian Freud · Multiple · 2025 Q3,2026-06-23,1,0,1,0.0,0.0
Lucian Freud · Multiple · 2026 Q2,2026-02-23,1,0,1,0.0,0.0
Lucian Freud · Multiple · 2026 Q2,2026-02-24,1,0,1,0.0,0.0
Lucian Freud · Multiple · 2026 Q2,2026-03-05,1,0,1,0.0,0.0
Lucian Freud · Multiple · 2026 Q2,2026-03-31,1,0,1,0.0,0.0
Lucian Freud · Multiple · 2026 Q2,2026-04-13,46,44,2,0.0,0.0
Lucian Freud · Multiple · 2026 Q2,2026-04-14,79,14,1,0.0,0.0
Lucian Freud · Multiple · 2026 Q2,2026-04-15,32,0,0,0.0,0.0
Lucian Freud · Multiple · 2026 Q2,2026-04-16,37,0,3,0.0,0.0
Lucian Freud · Multiple · 2026 Q2,2026-04-17,2,0,2,0.0,0.0
Lucian Freud · Multiple · 2026 Q2,2026-04-18,1,0,1,0.0,0.0
Lucian Freud · Multiple · 2026 Q2,2026-04-22,1,0,1,0.0,0.0
Lucian Freud · Multiple · 2026 Q2,2026-04-30,1,0,1,0.0,0.0
Lucian Freud · Multiple · 2026 Q2,2026-08-30,2,0,2,0.0,0.0
Ludovic Nkoth · Multiple · 2021 Q3,2025-05-15,1,0,1,0.0,0.0
Magdalena Suarez Frimkess · Homage for Jasper Johns · 2024 Q3,2025-10-28,2,0,2,2.0,2.0
Makiko Kudo · Empathy AP · 2021 Q2,2025-01-07,1,0,1,0.0,0.0
Makiko Kudo · Nanohana Ramen · 2022 Q3,2025-02-15,0,0,0,1.0,1.0
Man Ray · Multiple · 2026 Q1,2026-01-23,1,0,1,0.0,0.0
Man Ray · Multiple · 2026 Q1,2026-01-26,2,0,2,0.0,0.0
Man Ray · Multiple · 2026 Q1,2026-02-05,1,0,1,0.0,0.0
Man Ray · Multiple · 2026 Q1,2026-02-16,94,94,0,0.0,0.0
Man Ray · Multiple · 2026 Q1,2026-02-17,123,33,0,0.0,0.0
Man Ray · Multiple · 2026 Q1,2026-02-18,82,4,0,0.0,0.0
Man Ray · Multiple · 2026 Q1,2026-02-19,74,0,0,0.0,0.0
Man Ray · Multiple · 2026 Q1,2026-02-20,7,0,7,0.0,0.0
Man Ray · Multiple · 2026 Q1,2026-02-23,3,0,3,0.0,0.0
Man Ray · Multiple · 2026 Q1,2026-02-24,6,0,6,0.0,0.0
Man Ray · Multiple · 2026 Q1,2026-02-25,2,0,2,0.0,0.0
Man Ray · Multiple · 2026 Q1,2026-03-02,2,0,2,0.0,0.0
Man Ray · Multiple · 2026 Q1,2026-03-04,1,0,1,0.0,0.0
Marc Quinn · Aragonitesphere · 2019 Q3,2025-01-03,1,0,1,0.0,0.0
Marcela Flórido · BLOOM · 2023 Q3,2025-02-04,0,0,0,1.0,1.0
Marcela Flórido · BLOOM · 2023 Q3,2025-05-14,0,0,0,1.0,1.0
Marcela Flórido · BLOOM · 2023 Q3,2025-07-31,0,0,0,1.0,1.0
Marcela Flórido · BLOOM · 2023 Q3,2025-08-30,0,0,0,1.0,1.0
Marcela Flórido · BLOOM · 2023 Q3,2026-03-05,0,0,0,1.0,1.0
Marcela Flórido · BLOOM · 2023 Q3,2026-04-15,0,0,0,1.0,1.0
Marcus Jansen · Afro Painter · 2023 Q4,2025-03-07,1,0,0,1.0,1.0
Marcus Jansen · Afro Painter · 2023 Q4,2025-03-18,1,0,0,1.0,1.0
Marcus Jansen · Afro Painter · 2023 Q4,2025-04-02,1,0,0,1.0,1.0
Marcus Jansen · Afro Painter · 2023 Q4,2025-04-29,1,0,0,1.0,1.0
Marcus Jansen · Afro Painter · 2023 Q4,2025-08-21,1,0,0,1.0,1.0
Marcus Jansen · Afro Painter · 2023 Q4,2025-08-24,1,0,0,1.0,1.0
Marcus Jansen · Afro Painter · 2023 Q4,2025-08-29,0,0,0,1.0,1.0
Marcus Jansen · Afro Painter · 2023 Q4,2025-08-30,1,0,0,0.0,0.0
Marcus Jansen · Afro Painter · 2023 Q4,2025-09-16,0,0,0,1.0,1.0
Marcus Jansen · Afro Painter · 2023 Q4,2025-09-17,1,0,0,0.0,0.0
Marcus Jansen · Afro Painter · 2023 Q4,2025-09-22,1,0,0,1.0,1.0
Marcus Jansen · Afro Painter · 2023 Q4,2025-09-24,1,0,0,1.0,1.0
Marcus Jansen · Afro Painter · 2023 Q4,2025-12-24,1,1,0,1.0,1.0
Marcus Jansen · Afro Painter · 2023 Q4,2026-01-08,1,0,0,1.0,1.0
Marcus Jansen · Afro Painter · 2023 Q4,2026-04-21,1,0,0,1.0,1.0
Marcus Jansen · Afro Painter · 2023 Q4,2026-05-24,1,0,0,1.0,1.0
Margo Wolowiec · -57° · 2020 Q1,2025-01-03,1,0,1,0.0,0.0
Marina Abramović · Maria/Marina · 2026 Q1,2026-01-14,1,0,1,0.0,0.0
Marina Abramović · Maria/Marina · 2026 Q1,2026-01-15,3,0,3,0.0,0.0
Marina Abramović · Maria/Marina · 2026 Q1,2026-01-28,5,0,5,0.0,0.0
Marina Abramović · Maria/Marina · 2026 Q1,2026-01-30,1,0,1,0.0,0.0
Marina Abramović · Maria/Marina · 2026 Q1,2026-02-05,1,0,1,0.0,0.0
Marina Abramović · Maria/Marina · 2026 Q1,2026-02-06,1,0,1,0.0,0.0
Marina Abramović · Maria/Marina · 2026 Q1,2026-02-09,263,263,0,0.0,0.0
Marina Abramović · Maria/Marina · 2026 Q1,2026-02-10,403,167,2,0.0,0.0
Marina Abramović · Maria/Marina · 2026 Q1,2026-02-11,162,11,0,0.0,0.0
Marina Abramović · Maria/Marina · 2026 Q1,2026-02-12,166,5,12,0.0,0.0
Marina Abramović · Maria/Marina · 2026 Q1,2026-02-13,4,0,3,0.0,0.0
Marina Abramović · Maria/Marina · 2026 Q1,2026-02-16,6,0,6,0.0,0.0
Marina Abramović · Maria/Marina · 2026 Q1,2026-02-17,4,0,4,0.0,0.0
Marina Abramović · Maria/Marina · 2026 Q1,2026-02-18,4,0,4,0.0,0.0
Marina Abramović · Maria/Marina · 2026 Q1,2026-02-19,1,0,1,0.0,0.0
Marina Abramović · Maria/Marina · 2026 Q1,2026-02-20,4,0,4,0.0,0.0
Marina Abramović · Maria/Marina · 2026 Q1,2026-02-23,1,0,1,0.0,0.0
Marina Abramović · Maria/Marina · 2026 Q1,2026-02-25,2,0,2,0.0,0.0
Marina Abramović · Maria/Marina · 2026 Q1,2026-03-02,1,0,1,0.0,0.0
Marina Abramović · Maria/Marina · 2026 Q1,2026-03-06,1,0,1,0.0,0.0
Marina Abramović · Maria/Marina · 2026 Q1,2026-03-10,1,0,1,0.0,0.0
Marina Abramović · Maria/Marina · 2026 Q1,2026-03-30,1,0,1,0.0,0.0
Marina Abramović · Maria/Marina · 2026 Q1,2026-03-31,1,0,1,0.0,0.0
Marina Abramović · Maria/Marina · 2026 Q1,2026-04-08,1,0,0,0.0,0.0
Marina Abramović · Maria/Marina · 2026 Q1,2026-04-21,1,0,1,0.0,0.0
Marina Abramović · Maria/Marina · 2026 Q1,2026-04-22,1,0,1,0.0,0.0
Marina Abramović · Maria/Marina · 2026 Q1,2026-05-06,1,0,1,0.0,0.0
Marina Abramović · Maria/Marina · 2026 Q1,2026-05-08,1,0,1,0.0,0.0
Marina Abramović · Maria/Marina · 2026 Q1,2026-08-20,1,0,1,0.0,0.0
Mark Bradford · Scorched Earth Edition · 2025 Q2,2025-05-14,2,1,1,0.0,0.0
Mark Bradford · Scorched Earth Edition · 2025 Q2,2025-05-16,1,1,0,0.0,0.0
Mark Bradford · Scorched Earth Edition · 2025 Q2,2025-05-17,1,1,0,0.0,0.0
Mark Bradford · Scorched Earth Edition · 2025 Q2,2025-05-20,9,9,0,0.0,0.0
Mark Bradford · Scorched Earth Edition · 2025 Q2,2025-05-21,6,6,0,0.0,0.0
Mark Bradford · Scorched Earth Edition · 2025 Q2,2025-05-22,5,5,0,0.0,0.0
Mark Bradford · Scorched Earth Edition · 2025 Q2,2025-05-23,3,3,0,0.0,0.0
Mark Bradford · Scorched Earth Edition · 2025 Q2,2025-05-24,2,2,0,0.0,0.0
Mark Bradford · Scorched Earth Edition · 2025 Q2,2025-05-25,4,4,0,0.0,0.0
Mark Bradford · Scorched Earth Edition · 2025 Q2,2025-05-26,65,65,0,0.0,0.0
Mark Bradford · Scorched Earth Edition · 2025 Q2,2025-05-27,104,40,0,0.0,0.0
Mark Bradford · Scorched Earth Edition · 2025 Q2,2025-05-28,53,1,0,0.0,0.0
Mark Bradford · Scorched Earth Edition · 2025 Q2,2025-05-29,26,0,0,0.0,0.0
Mark Bradford · Scorched Earth Edition · 2025 Q2,2025-05-30,16,0,0,0.0,0.0
Mark Bradford · Scorched Earth Edition · 2025 Q2,2025-05-31,16,0,0,0.0,0.0
Mark Bradford · Scorched Earth Edition · 2025 Q2,2025-06-01,15,0,0,0.0,0.0
Mark Bradford · Scorched Earth Edition · 2025 Q2,2025-06-02,33,0,0,0.0,0.0
Mark Bradford · Scorched Earth Edition · 2025 Q2,2025-06-03,41,2,0,0.0,0.0
Mark Bradford · Scorched Earth Edition · 2025 Q2,2025-06-04,2,0,2,0.0,0.0
Mark Bradford · Scorched Earth Edition · 2025 Q2,2025-06-05,1,0,1,0.0,0.0
Mark Bradford · Scorched Earth Edition · 2025 Q2,2025-06-06,3,0,3,0.0,0.0
Mark Bradford · Scorched Earth Edition · 2025 Q2,2025-06-08,1,0,1,0.0,0.0
Mark Bradford · Scorched Earth Edition · 2025 Q2,2025-06-09,24,0,24,0.0,0.0
Mark Bradford · Scorched Earth Edition · 2025 Q2,2025-06-10,1,0,1,0.0,0.0
Mark Bradford · Scorched Earth Edition · 2025 Q2,2025-06-11,1,0,1,0.0,0.0
Mark Bradford · Scorched Earth Edition · 2025 Q2,2025-06-12,2,0,2,0.0,0.0
Mark Bradford · Scorched Earth Edition · 2025 Q2,2025-06-17,1,0,1,0.0,0.0
Mark Bradford · Scorched Earth Edition · 2025 Q2,2025-07-04,50,0,50,0.0,0.0
Mark Bradford · Scorched Earth Edition · 2025 Q2,2025-07-09,1,0,1,0.0,0.0
Mark Bradford · Scorched Earth Edition · 2025 Q2,2025-07-15,1,0,1,0.0,0.0
Mark Bradford · Scorched Earth Edition · 2025 Q2,2025-07-16,1,0,1,0.0,0.0
Mark Bradford · Scorched Earth Edition · 2025 Q2,2025-07-22,1,0,1,0.0,0.0
Mark Bradford · Scorched Earth Edition · 2025 Q2,2025-08-20,1,0,1,0.0,0.0
Mark Bradford · Scorched Earth Edition · 2025 Q2,2025-08-21,1,0,1,0.0,0.0
Mark Bradford · Scorched Earth Edition · 2025 Q2,2025-09-15,1,0,0,0.0,0.0
Mark Bradford · Scorched Earth Edition · 2025 Q2,2025-10-07,30,0,30,0.0,0.0
Mark Bradford · Scorched Earth Edition · 2025 Q2,2025-10-17,2,0,0,0.0,0.0
Mark Bradford · Scorched Earth Edition · 2025 Q2,2025-10-20,1,0,0,0.0,0.0
Mark Bradford · Scorched Earth Edition · 2025 Q2,2026-03-02,1,0,1,0.0,0.0
Mark Whalen · Early Light · 2023 Q3,2025-09-29,1,0,0,1.0,1.0
Mark Whalen · Early Light · 2023 Q3,2026-08-24,1,0,0,1.0,1.0
Maurizio Cattelan · La Nona Ora · 2026 Q2,2026-03-31,46,45,1,46.0,46.0
Maurizio Cattelan · La Nona Ora · 2026 Q2,2026-04-01,31,29,2,31.0,31.0
Maurizio Cattelan · La Nona Ora · 2026 Q2,2026-04-02,18,13,5,18.0,18.0
Maurizio Cattelan · La Nona Ora · 2026 Q2,2026-04-03,1,0,1,1.0,1.0
Maurizio Cattelan · La Nona Ora · 2026 Q2,2026-04-07,4,0,4,4.0,4.0
Maurizio Cattelan · La Nona Ora · 2026 Q2,2026-04-09,126,0,126,128.0,128.0
Maurizio Cattelan · La Nona Ora · 2026 Q2,2026-04-10,19,0,19,17.0,17.0
Maurizio Cattelan · La Nona Ora · 2026 Q2,2026-04-13,1,0,1,1.0,1.0
Maurizio Cattelan · La Nona Ora · 2026 Q2,2026-04-14,1,0,1,1.0,1.0
Maurizio Cattelan · La Nona Ora · 2026 Q2,2026-04-15,71,0,71,72.0,72.0
Maurizio Cattelan · La Nona Ora · 2026 Q2,2026-04-16,3,0,3,2.0,2.0
Maurizio Cattelan · La Nona Ora · 2026 Q2,2026-04-17,38,0,38,38.0,38.0
Maurizio Cattelan · La Nona Ora · 2026 Q2,2026-04-18,1,0,1,1.0,1.0
Maurizio Cattelan · La Nona Ora · 2026 Q2,2026-04-19,1,0,1,1.0,1.0
Maurizio Cattelan · La Nona Ora · 2026 Q2,2026-04-20,35,0,35,36.0,36.0
Maurizio Cattelan · La Nona Ora · 2026 Q2,2026-04-21,4,0,4,4.0,4.0
Maurizio Cattelan · La Nona Ora · 2026 Q2,2026-04-22,6,3,3,6.0,6.0
Maurizio Cattelan · La Nona Ora · 2026 Q2,2026-04-23,200,2,198,202.0,202.0
Maurizio Cattelan · La Nona Ora · 2026 Q2,2026-04-24,11,0,11,10.0,10.0
Maurizio Cattelan · La Nona Ora · 2026 Q2,2026-04-26,1,0,1,1.0,1.0
Maurizio Cattelan · La Nona Ora · 2026 Q2,2026-04-27,7,0,7,7.0,7.0
Maurizio Cattelan · La Nona Ora · 2026 Q2,2026-04-28,8,0,8,8.0,8.0
Maurizio Cattelan · La Nona Ora · 2026 Q2,2026-04-29,3,0,3,3.0,3.0
Maurizio Cattelan · La Nona Ora · 2026 Q2,2026-04-30,1,0,1,1.0,1.0
Maurizio Cattelan · La Nona Ora · 2026 Q2,2026-05-05,3,0,3,3.0,3.0
Maurizio Cattelan · La Nona Ora · 2026 Q2,2026-05-06,1,0,1,1.0,1.0
Maurizio Cattelan · La Nona Ora · 2026 Q2,2026-05-07,1,0,1,1.0,1.0
Maurizio Cattelan · La Nona Ora · 2026 Q2,2026-05-12,1,0,1,1.0,1.0
Maurizio Cattelan · La Nona Ora · 2026 Q2,2026-05-15,1,0,1,1.0,1.0
Maurizio Cattelan · La Nona Ora · 2026 Q2,2026-05-18,2,0,2,2.0,2.0
Maurizio Cattelan · La Nona Ora · 2026 Q2,2026-06-05,1,0,1,1.0,1.0
Maurizio Cattelan · La Nona Ora · 2026 Q2,2026-07-03,1,0,1,1.0,1.0
Maurizio Cattelan · La Nona Ora · 2026 Q2,2026-08-21,1,0,1,1.0,1.0
Maurizio Cattelan · La Nona Ora · 2026 Q2,2026-09-23,1,0,1,1.0,1.0
Maurizio Cattelan · Multiple · 2027 Q1,2026-09-18,94,93,1,76.0,76.0
Maurizio Cattelan · Multiple · 2027 Q1,2026-09-19,35,34,1,26.0,26.0
Maurizio Cattelan · Multiple · 2027 Q1,2026-09-20,19,19,0,12.0,12.0
Maurizio Cattelan · Multiple · 2027 Q1,2026-09-21,18,13,3,15.0,15.0
Maurizio Cattelan · Multiple · 2027 Q1,2026-09-22,17,11,6,13.0,13.0
Maurizio Cattelan · Multiple · 2027 Q1,2026-09-23,65,0,65,63.0,63.0
Maurizio Cattelan · Multiple · 2027 Q1,2026-09-24,4,0,4,4.0,4.0
Maurizio Cattelan · THERAPY · 2026 Q2,2026-04-01,1,0,1,1.0,1.0
Maurizio Cattelan · THERAPY · 2026 Q2,2026-04-09,2,2,0,2.0,2.0
Maurizio Cattelan · THERAPY · 2026 Q2,2026-04-10,58,57,1,66.0,66.0
Maurizio Cattelan · THERAPY · 2026 Q2,2026-04-11,31,31,0,26.0,26.0
Maurizio Cattelan · THERAPY · 2026 Q2,2026-04-12,13,13,0,10.0,10.0
Maurizio Cattelan · THERAPY · 2026 Q2,2026-04-13,4,0,4,4.0,4.0
Maurizio Cattelan · THERAPY · 2026 Q2,2026-04-14,3,0,3,3.0,3.0
Maurizio Cattelan · THERAPY · 2026 Q2,2026-04-15,28,0,28,28.0,28.0
Maurizio Cattelan · THERAPY · 2026 Q2,2026-04-16,1,0,1,1.0,1.0
Maurizio Cattelan · THERAPY · 2026 Q2,2026-04-17,1,0,1,1.0,1.0
Maurizio Cattelan · THERAPY · 2026 Q2,2026-04-18,1,0,1,1.0,1.0
Maurizio Cattelan · THERAPY · 2026 Q2,2026-04-20,1,0,1,1.0,1.0
Maurizio Cattelan · THERAPY · 2026 Q2,2026-04-21,47,0,47,48.0,48.0
Maurizio Cattelan · THERAPY · 2026 Q2,2026-04-22,3,0,3,2.0,2.0
Maurizio Cattelan · THERAPY · 2026 Q2,2026-04-23,0,0,0,1.0,1.0
Maurizio Cattelan · THERAPY · 2026 Q2,2026-04-24,1,1,0,0.0,0.0
Maurizio Cattelan · THERAPY · 2026 Q2,2026-04-27,1,0,1,1.0,1.0
Maurizio Cattelan · THERAPY · 2026 Q2,2026-04-28,33,0,33,33.0,33.0
Maurizio Cattelan · THERAPY · 2026 Q2,2026-05-01,10,0,10,10.0,10.0
Maurizio Cattelan · THERAPY · 2026 Q2,2026-05-03,1,1,0,1.0,1.0
Maurizio Cattelan · THERAPY · 2026 Q2,2026-05-04,2,2,0,2.0,2.0
Maurizio Cattelan · THERAPY · 2026 Q2,2026-05-05,71,0,71,73.0,73.0
Maurizio Cattelan · THERAPY · 2026 Q2,2026-05-06,2,0,2,1.0,1.0
Maurizio Cattelan · THERAPY · 2026 Q2,2026-05-07,1,0,1,1.0,1.0
Maurizio Cattelan · THERAPY · 2026 Q2,2026-05-08,1,0,1,1.0,1.0
Maurizio Cattelan · THERAPY · 2026 Q2,2026-05-09,2,0,2,2.0,2.0
Maurizio Cattelan · THERAPY · 2026 Q2,2026-05-11,1,0,1,1.0,1.0
Maurizio Cattelan · THERAPY · 2026 Q2,2026-05-18,3,0,3,3.0,3.0
Maurizio Cattelan · THERAPY · 2026 Q2,2026-05-28,1,0,1,1.0,1.0
Maurizio Cattelan · THERAPY · 2026 Q2,2026-09-21,1,0,1,1.0,1.0
Maurizio Cattelan · THERAPY · 2026 Q2,2026-09-24,1,0,1,1.0,1.0
Maurizio Cattelan · We are the Revolution (Gold Rush) · 2026 Q1,2026-02-26,1,0,1,0.0,0.0
Maurizio Cattelan · We are the Revolution (Gold Rush) · 2026 Q1,2026-02-27,1,0,1,0.0,0.0
Maurizio Cattelan · We are the Revolution (Gold Rush) · 2026 Q1,2026-03-02,1,0,1,0.0,0.0
Maurizio Cattelan · We are the Revolution (Gold Rush) · 2026 Q1,2026-03-05,1,0,1,0.0,0.0
Maurizio Cattelan · We are the Revolution (Gold Rush) · 2026 Q1,2026-03-06,3,0,3,0.0,0.0
Maurizio Cattelan · We are the Revolution (Gold Rush) · 2026 Q1,2026-03-10,1,0,1,0.0,0.0
Maurizio Cattelan · We are the Revolution (Gold Rush) · 2026 Q1,2026-03-18,1,0,1,0.0,0.0
Maurizio Cattelan · We are the Revolution (Gold Rush) · 2026 Q1,2026-03-20,1,0,1,0.0,0.0
Maurizio Cattelan · We are the Revolution · 2025 Q4,2025-09-23,4,0,4,4.0,4.0
Maurizio Cattelan · We are the Revolution · 2025 Q4,2025-09-24,6,0,6,7.0,7.0
Maurizio Cattelan · We are the Revolution · 2025 Q4,2025-09-25,40,34,6,44.0,44.0
Maurizio Cattelan · We are the Revolution · 2025 Q4,2025-09-26,33,24,9,31.0,31.0
Maurizio Cattelan · We are the Revolution · 2025 Q4,2025-09-27,16,16,0,16.0,16.0
Maurizio Cattelan · We are the Revolution · 2025 Q4,2025-09-29,338,0,337,340.0,340.0
Maurizio Cattelan · We are the Revolution · 2025 Q4,2025-09-30,50,0,49,52.0,52.0
Maurizio Cattelan · We are the Revolution · 2025 Q4,2025-10-01,134,0,133,132.0,132.0
Maurizio Cattelan · We are the Revolution · 2025 Q4,2025-10-02,57,0,57,57.0,57.0
Maurizio Cattelan · We are the Revolution · 2025 Q4,2025-10-03,65,0,65,65.0,65.0
Maurizio Cattelan · We are the Revolution · 2025 Q4,2025-10-06,1,0,1,1.0,1.0
Maurizio Cattelan · We are the Revolution · 2025 Q4,2025-10-07,6,0,6,6.0,6.0
Maurizio Cattelan · We are the Revolution · 2025 Q4,2025-10-08,4,0,4,4.0,4.0
Maurizio Cattelan · We are the Revolution · 2025 Q4,2025-10-09,1,0,1,1.0,1.0
Maurizio Cattelan · We are the Revolution · 2025 Q4,2025-10-13,2,0,2,2.0,2.0
Maurizio Cattelan · We are the Revolution · 2025 Q4,2025-10-17,1,0,1,1.0,1.0
Maurizio Cattelan · We are the Revolution · 2025 Q4,2025-10-18,1,0,1,1.0,1.0
Maurizio Cattelan · We are the Revolution · 2025 Q4,2025-10-20,1,0,1,1.0,1.0
Maurizio Cattelan · We are the Revolution · 2025 Q4,2025-10-21,1,0,1,1.0,1.0
Maurizio Cattelan · We are the Revolution · 2025 Q4,2025-10-22,1,0,1,1.0,1.0
Maurizio Cattelan · We are the Revolution · 2025 Q4,2025-10-23,1,0,1,1.0,1.0
Maurizio Cattelan · We are the Revolution · 2025 Q4,2025-10-24,6,0,6,6.0,6.0
Maurizio Cattelan · We are the Revolution · 2025 Q4,2025-10-27,212,0,212,213.0,213.0
Maurizio Cattelan · We are the Revolution · 2025 Q4,2025-10-28,1,0,1,1.0,1.0
Maurizio Cattelan · We are the Revolution · 2025 Q4,2025-10-29,1,0,1,1.0,1.0
Maurizio Cattelan · We are the Revolution · 2025 Q4,2025-11-03,1,0,1,1.0,1.0
Maurizio Cattelan · We are the Revolution · 2025 Q4,2025-11-07,1,0,1,1.0,1.0
Maurizio Cattelan · We are the Revolution · 2025 Q4,2025-11-12,1,0,1,1.0,1.0
Maurizio Cattelan · We are the Revolution · 2025 Q4,2025-11-24,1,0,1,1.0,1.0
Maurizio Cattelan · We are the Revolution · 2025 Q4,2026-01-15,2,0,2,2.0,2.0
Maurizio Cattelan · We are the Revolution · 2025 Q4,2026-02-27,1,0,1,1.0,1.0
Maurizio Cattelan · We are the Revolution · 2025 Q4,2026-05-06,1,0,1,1.0,1.0
Maurizio Cattelan · We are the Revolution · 2025 Q4,2026-06-12,1,0,1,1.0,1.0
Maurizio Cattelan · We are the Revolution · 2025 Q4,2026-09-22,1,0,1,1.0,1.0
Maurizio Cattelan · Window · 2026 Q1,2026-01-22,54,54,0,56.0,56.0
Maurizio Cattelan · Window · 2026 Q1,2026-01-23,46,41,5,45.0,45.0
Maurizio Cattelan · Window · 2026 Q1,2026-01-24,23,21,2,23.0,23.0
Maurizio Cattelan · Window · 2026 Q1,2026-01-26,9,0,9,11.0,11.0
Maurizio Cattelan · Window · 2026 Q1,2026-01-27,16,1,15,15.0,15.0
Maurizio Cattelan · Window · 2026 Q1,2026-01-28,7,0,7,7.0,7.0
Maurizio Cattelan · Window · 2026 Q1,2026-01-29,5,0,5,6.0,6.0
Maurizio Cattelan · Window · 2026 Q1,2026-01-30,1,0,1,1.0,1.0
Maurizio Cattelan · Window · 2026 Q1,2026-02-03,2,0,2,2.0,2.0
Maurizio Cattelan · Window · 2026 Q1,2026-02-06,10,0,10,10.0,10.0
Maurizio Cattelan · Window · 2026 Q1,2026-02-07,1,0,1,1.0,1.0
Maurizio Cattelan · Window · 2026 Q1,2026-02-15,1,0,1,1.0,1.0
Maurizio Cattelan · Window · 2026 Q1,2026-02-16,1,1,0,1.0,1.0
Maurizio Cattelan · Window · 2026 Q1,2026-02-17,2,0,2,2.0,2.0
Maurizio Cattelan · Window · 2026 Q1,2026-02-19,1,0,1,1.0,1.0
Maurizio Cattelan · Window · 2026 Q1,2026-02-20,114,0,114,114.0,114.0
Maurizio Cattelan · Window · 2026 Q1,2026-02-25,3,0,3,3.0,3.0
Maurizio Cattelan · Window · 2026 Q1,2026-02-27,1,0,1,1.0,1.0
Maurizio Cattelan · Window · 2026 Q1,2026-03-26,1,0,1,1.0,1.0
Maurizio Cattelan · Window · 2026 Q1,2026-06-26,0,0,0,2.0,2.0
Maurizio Cattelan · Window · 2026 Q1,2026-06-27,2,0,2,0.0,0.0
Maurizio Cattelan · Window · 2026 Q1,2026-07-30,1,0,1,1.0,1.0
Maurizio Cattelan · Window · 2026 Q1,2026-09-18,1,0,1,1.0,1.0
Maxwell Mustardo · Multiple · 2023 Q2,2025-01-14,0,0,0,1.0,1.0
Michael Kagan · Critical Mass · 2021 Q3,2025-01-03,1,0,1,0.0,0.0
Mickalene Thomas · Multiple · 2024 Q2,2025-01-03,1,0,1,0.0,0.0
Mickalene Thomas · Multiple · 2024 Q2,2025-01-04,1,0,1,0.0,0.0
Mickalene Thomas · Multiple · 2024 Q2,2025-01-06,1,0,1,0.0,0.0
Mickalene Thomas · Multiple · 2024 Q2,2025-01-17,1,0,1,0.0,0.0
Mickalene Thomas · Multiple · 2024 Q2,2025-02-01,5,5,0,0.0,0.0
Mickalene Thomas · Multiple · 2024 Q2,2025-02-05,1,0,1,0.0,0.0
Mickalene Thomas · Multiple · 2024 Q2,2025-03-19,1,0,0,0.0,0.0
Mickalene Thomas · Multiple · 2024 Q2,2025-04-18,1,0,1,0.0,0.0
Mickalene Thomas · Multiple · 2024 Q2,2026-06-18,1,0,1,0.0,0.0
Mickalene Thomas · Multiple · 2025 Q1,2025-02-26,2,0,2,0.0,0.0
Mickalene Thomas · Multiple · 2025 Q1,2025-03-03,1,0,1,0.0,0.0
Mickalene Thomas · Multiple · 2025 Q1,2025-03-04,1,0,1,0.0,0.0
Mickalene Thomas · Multiple · 2025 Q1,2025-03-11,3,0,3,0.0,0.0
Mickalene Thomas · Multiple · 2025 Q1,2025-03-12,1,0,1,0.0,0.0
Mickalene Thomas · Multiple · 2025 Q1,2025-03-17,377,375,2,0.0,0.0
Mickalene Thomas · Multiple · 2025 Q1,2025-03-18,798,241,0,0.0,0.0
Mickalene Thomas · Multiple · 2025 Q1,2025-03-19,380,3,0,0.0,0.0
Mickalene Thomas · Multiple · 2025 Q1,2025-03-20,350,0,5,0.0,0.0
Mickalene Thomas · Multiple · 2025 Q1,2025-03-21,6,0,6,0.0,0.0
Mickalene Thomas · Multiple · 2025 Q1,2025-03-22,5,0,5,0.0,0.0
Mickalene Thomas · Multiple · 2025 Q1,2025-03-24,14,0,4,0.0,0.0
Mickalene Thomas · Multiple · 2025 Q1,2025-03-25,5,0,5,0.0,0.0
Mickalene Thomas · Multiple · 2025 Q1,2025-03-26,1,0,1,0.0,0.0
Mickalene Thomas · Multiple · 2025 Q1,2025-03-27,4,0,4,0.0,0.0
Mickalene Thomas · Multiple · 2025 Q1,2025-03-28,1,0,1,0.0,0.0
Mickalene Thomas · Multiple · 2025 Q1,2025-03-29,2,0,2,0.0,0.0
Mickalene Thomas · Multiple · 2025 Q1,2025-04-01,1,0,1,0.0,0.0
Mickalene Thomas · Multiple · 2025 Q1,2025-04-07,2,0,2,0.0,0.0
Mickalene Thomas · Multiple · 2025 Q1,2025-04-14,1,0,1,0.0,0.0
Mickalene Thomas · Multiple · 2025 Q1,2025-04-18,2,0,2,0.0,0.0
Mickalene Thomas · Multiple · 2025 Q1,2025-04-24,3,0,3,0.0,0.0
Mickalene Thomas · Multiple · 2025 Q1,2025-05-05,1,0,1,0.0,0.0
Mickalene Thomas · Multiple · 2025 Q1,2025-05-13,1,0,1,0.0,0.0
Mickalene Thomas · Multiple · 2025 Q1,2025-05-14,1,0,1,0.0,0.0
Mickalene Thomas · Multiple · 2025 Q1,2025-05-22,2,0,2,0.0,0.0
Mickalene Thomas · Multiple · 2025 Q1,2025-05-30,1,0,1,0.0,0.0
Mickalene Thomas · Multiple · 2025 Q1,2025-05-31,1,0,1,0.0,0.0
Mickalene Thomas · Multiple · 2025 Q1,2025-06-06,1,0,1,0.0,0.0
Mickalene Thomas · Multiple · 2025 Q1,2025-06-19,1,0,0,0.0,0.0
Mickalene Thomas · Multiple · 2025 Q1,2025-06-20,1,0,1,0.0,0.0
Mickalene Thomas · Multiple · 2025 Q1,2025-06-24,1,0,0,0.0,0.0
Mickalene Thomas · Multiple · 2025 Q1,2025-07-28,1,0,1,0.0,0.0
Mickalene Thomas · Multiple · 2025 Q1,2025-08-12,1,0,0,0.0,0.0
Mickalene Thomas · Multiple · 2025 Q1,2025-10-20,1,0,0,0.0,0.0
Mickalene Thomas · Multiple · 2025 Q1,2026-01-27,1,0,1,0.0,0.0
Mickalene Thomas · Multiple · 2025 Q1,2026-01-28,1,0,1,0.0,0.0
Mickalene Thomas · Multiple · 2025 Q1,2026-01-30,1,0,1,0.0,0.0
Mickalene Thomas · Multiple · 2025 Q1,2026-02-07,1,0,1,0.0,0.0
Mickalene Thomas · Multiple · 2025 Q1,2026-03-13,3,0,3,0.0,0.0
Mickalene Thomas · Multiple · 2025 Q1,2026-03-19,1,0,1,0.0,0.0
Mickalene Thomas · Multiple · 2025 Q1,2026-09-14,1,0,1,0.0,0.0
Mickalene Thomas · Multiple · 2026 Q1,2026-02-19,1,0,1,0.0,0.0
Mickalene Thomas · Multiple · 2026 Q1,2026-02-23,2,0,2,0.0,0.0
Mickalene Thomas · Multiple · 2026 Q1,2026-02-24,4,0,4,0.0,0.0
Mickalene Thomas · Multiple · 2026 Q1,2026-02-26,1,0,1,0.0,0.0
Mickalene Thomas · Multiple · 2026 Q1,2026-03-03,3,0,3,0.0,0.0
Mickalene Thomas · Multiple · 2026 Q1,2026-03-07,1,0,1,0.0,0.0
Mickalene Thomas · Multiple · 2026 Q1,2026-03-13,1,0,1,0.0,0.0
Mickalene Thomas · Multiple · 2026 Q1,2026-03-14,5,5,0,0.0,0.0
Mickalene Thomas · Multiple · 2026 Q1,2026-03-16,192,192,0,0.0,0.0
Mickalene Thomas · Multiple · 2026 Q1,2026-03-17,393,151,12,0.0,0.0
Mickalene Thomas · Multiple · 2026 Q1,2026-03-18,146,1,3,0.0,0.0
Mickalene Thomas · Multiple · 2026 Q1,2026-03-19,224,0,33,0.0,0.0
Mickalene Thomas · Multiple · 2026 Q1,2026-03-20,8,0,8,0.0,0.0
Mickalene Thomas · Multiple · 2026 Q1,2026-03-21,3,0,3,0.0,0.0
Mickalene Thomas · Multiple · 2026 Q1,2026-03-22,1,0,1,0.0,0.0
Mickalene Thomas · Multiple · 2026 Q1,2026-03-23,5,0,5,0.0,0.0
Mickalene Thomas · Multiple · 2026 Q1,2026-03-24,5,0,5,0.0,0.0
Mickalene Thomas · Multiple · 2026 Q1,2026-03-25,3,0,3,0.0,0.0
Mickalene Thomas · Multiple · 2026 Q1,2026-03-26,3,0,3,0.0,0.0
Mickalene Thomas · Multiple · 2026 Q1,2026-03-30,1,0,1,0.0,0.0
Mickalene Thomas · Multiple · 2026 Q1,2026-04-01,3,0,3,0.0,0.0
Mickalene Thomas · Multiple · 2026 Q1,2026-04-08,1,0,1,0.0,0.0
Mickalene Thomas · Multiple · 2026 Q1,2026-04-16,1,0,1,0.0,0.0
Mickalene Thomas · Multiple · 2026 Q1,2026-04-23,1,0,1,0.0,0.0
Mickalene Thomas · Multiple · 2026 Q1,2026-05-06,1,0,1,0.0,0.0
Mickalene Thomas · Multiple · 2026 Q1,2026-06-02,1,0,1,0.0,0.0
Miwa Komatsu · Innocent Days and Wishes · 2025 Q2,2025-02-12,1,0,1,1.0,1.0
Miwa Komatsu · Innocent Days and Wishes · 2025 Q2,2025-02-19,1,0,1,1.0,1.0
Miwa Komatsu · Innocent Days and Wishes · 2025 Q2,2025-02-20,8,8,0,9.0,9.0
Miwa Komatsu · Innocent Days and Wishes · 2025 Q2,2025-02-21,3,3,0,2.0,2.0
Miwa Komatsu · Innocent Days and Wishes · 2025 Q2,2025-02-27,3,2,1,3.0,3.0
Miwa Komatsu · Innocent Days and Wishes · 2025 Q2,2025-03-05,2,2,0,2.0,2.0
Miwa Komatsu · Innocent Days and Wishes · 2025 Q2,2025-03-19,1,0,1,1.0,1.0
Miwa Komatsu · Innocent Days and Wishes · 2025 Q2,2025-04-02,6,0,6,6.0,6.0
Miwa Komatsu · Multiple · 2023 Q4,2025-06-04,1,0,1,1.0,1.0
Miwa Komatsu · Multiple · 2023 Q4,2025-06-19,1,0,1,1.0,1.0
Miwa Komatsu · Three Guardians: Gatekeeping the Heat and Cold · 2026 Q2,2026-05-22,20,20,0,20.0,20.0
Miwa Komatsu · Three Guardians: Gatekeeping the Heat and Cold · 2026 Q2,2026-05-23,5,5,0,5.0,5.0
Miwa Komatsu · Three Guardians: Gatekeeping the Heat and Cold · 2026 Q2,2026-05-24,1,1,0,1.0,1.0
Miwa Komatsu · Three Guardians: Gatekeeping the Heat and Cold · 2026 Q2,2026-06-05,4,0,4,4.0,4.0
Miwa Komatsu · Three Guardians: Gatekeeping the Heat and Cold · 2026 Q2,2026-06-08,1,0,1,1.0,1.0
Miwa Komatsu · Three Guardians: Gatekeeping the Heat and Cold · 2026 Q2,2026-06-10,2,0,2,2.0,2.0
Miwa Komatsu · Three Guardians: Gatekeeping the Heat and Cold · 2026 Q2,2026-06-23,15,0,15,15.0,15.0
Moe Nakamura · Inside Us · 2023 Q4,2025-09-09,1,0,1,1.0,1.0
Moe Nakamura · Inside Us · 2023 Q4,2026-08-10,1,0,1,1.0,1.0
Mr. StarCity · Multiple · 2022 Q2,2025-02-02,0,0,0,1.0,1.0
Neo Image Matloga · Multiple · 2023 Q3,2025-03-11,1,0,0,0.0,0.0
Neo Image Matloga · Multiple · 2023 Q3,2025-07-10,1,0,1,0.0,0.0
Neo Image Matloga · Multiple · 2023 Q3,2026-02-08,1,0,0,0.0,0.0
Neo Image Matloga · Multiple · 2023 Q3,2026-09-02,1,0,0,0.0,0.0
Neo Image Matloga · Multiple · 2023 Q3,2026-09-23,1,0,0,0.0,0.0
Nigel Howlett · Multiple · 2022 Q1,2025-01-28,1,0,0,1.0,1.0
Nigel Howlett · Multiple · 2022 Q1,2025-07-10,1,0,0,1.0,1.0
Nigel Howlett · Multiple · 2022 Q1,2025-07-12,1,0,0,1.0,1.0
Nigel Howlett · Multiple · 2022 Q1,2026-05-07,1,0,0,1.0,1.0
Nigel Howlett · Multiple · 2022 Q1,2026-07-12,1,0,0,1.0,1.0
Nigel Howlett · Multiple · 2022 Q1,2026-08-04,1,0,0,1.0,1.0
"Oscar yi Hou · Coolieisms, aka: Born In The USA (Go And Kill The Yellow Man) · 2025 Q2",2025-03-21,1,1,0,1.0,1.0
"Oscar yi Hou · Coolieisms, aka: Born In The USA (Go And Kill The Yellow Man) · 2025 Q2",2025-03-23,1,1,0,1.0,1.0
"Oscar yi Hou · Coolieisms, aka: Born In The USA (Go And Kill The Yellow Man) · 2025 Q2",2025-04-10,1,0,1,1.0,1.0
"Oscar yi Hou · Coolieisms, aka: Born In The USA (Go And Kill The Yellow Man) · 2025 Q2",2025-04-22,2,0,2,2.0,2.0
Other World · Dogs of War · 2025 Q2,2025-03-21,5,5,0,5.0,5.0
Other World · Dogs of War · 2025 Q2,2025-03-23,1,0,1,1.0,1.0
Other World · Dogs of War · 2025 Q2,2025-03-24,2,1,1,2.0,2.0
Other World · Dogs of War · 2025 Q2,2025-03-26,1,1,0,1.0,1.0
Other World · Dogs of War · 2025 Q2,2025-03-27,1,1,0,1.0,1.0
Other World · Dogs of War · 2025 Q2,2025-04-15,9,0,9,9.0,9.0
Other World · Dogs of War · 2025 Q2,2025-04-24,4,0,4,4.0,4.0
Other World · Dogs of War · 2025 Q2,2025-07-18,1,0,1,1.0,1.0
Other World · Dogs of War · 2025 Q2,2025-07-23,1,0,1,1.0,1.0
Other World · Dogs of War · 2025 Q2,2025-08-12,1,0,1,1.0,1.0
Paco Pomet · The Last Evening · 2019 Q2,2025-07-24,1,0,0,0.0,0.0
Paco Pomet · The Last Evening · 2019 Q2,2026-06-04,1,0,0,0.0,0.0
Parra · Multiple · 2022 Q3,2025-01-02,1,0,1,0.0,0.0
Parra · Multiple · 2022 Q3,2025-01-20,1,0,1,0.0,0.0
Parra · Multiple · 2022 Q3,2025-06-19,1,0,1,0.0,0.0
Parra · Multiple · 2022 Q3,2026-05-06,1,0,1,0.0,0.0
Parra · Multiple · 2024 Q4,2025-01-14,1,0,1,1.0,1.0
Parra · Multiple · 2024 Q4,2025-06-29,1,0,1,1.0,1.0
Parra · Multiple · 2025 Q3,2025-06-16,1,0,1,0.0,0.0
Parra · Multiple · 2025 Q3,2025-07-09,1,0,1,0.0,0.0
Parra · Multiple · 2025 Q3,2025-07-17,1,0,1,0.0,0.0
Parra · Multiple · 2025 Q3,2025-07-24,1,0,1,0.0,0.0
Parra · Multiple · 2025 Q3,2025-07-27,1,0,1,0.0,0.0
Parra · Multiple · 2025 Q3,2025-07-29,77,77,0,0.0,0.0
Parra · Multiple · 2025 Q3,2025-07-30,105,30,1,0.0,0.0
Parra · Multiple · 2025 Q3,2025-07-31,40,4,0,0.0,0.0
Parra · Multiple · 2025 Q3,2025-08-02,1,0,1,0.0,0.0
Parra · Multiple · 2025 Q3,2025-08-04,1,0,1,0.0,0.0
Parra · Multiple · 2025 Q3,2025-08-20,2,0,2,0.0,0.0
Parra · Multiple · 2026 Q3,2026-07-29,51,51,0,54.0,54.0
Parra · Multiple · 2026 Q3,2026-07-30,20,18,2,17.0,17.0
Parra · Multiple · 2026 Q3,2026-07-31,9,7,2,9.0,9.0
Parra · Multiple · 2026 Q3,2026-08-03,55,0,55,55.0,55.0
Parra · Multiple · 2026 Q3,2026-08-04,3,0,3,3.0,3.0
Parra · Multiple · 2026 Q3,2026-08-05,13,0,13,13.0,13.0
Parra · Multiple · 2026 Q3,2026-08-07,49,0,49,49.0,49.0
Parra · Multiple · 2026 Q3,2026-08-10,29,0,29,29.0,29.0
Parra · Multiple · 2026 Q3,2026-08-12,6,0,6,6.0,6.0
Parra · Multiple · 2026 Q3,2026-08-14,12,0,12,14.0,14.0
Parra · Multiple · 2026 Q3,2026-08-15,2,0,2,0.0,0.0
Parra · Multiple · 2026 Q3,2026-08-17,5,0,5,5.0,5.0
Parra · Multiple · 2026 Q3,2026-08-18,1,0,1,1.0,1.0
Parra · Multiple · 2026 Q3,2026-08-20,1,0,1,1.0,1.0
Parra · Multiple · 2026 Q3,2026-08-21,41,0,41,41.0,41.0
Patrick Quarm · Multiple · 2022 Q1,2025-02-02,1,1,0,1.0,1.0
Patrick Quarm · Multiple · 2022 Q1,2026-04-15,1,0,0,1.0,1.0
Paul Insect · Christmas Tree Baubles · 2022 Q4,2025-11-29,1,0,0,1.0,1.0
Paul Insect · Christmas Tree Baubles · 2022 Q4,2026-09-23,1,0,0,1.0,1.0
Paul Insect · Prismatic Visions · 2026 Q2,2026-04-05,1,0,1,1.0,1.0
Paul Insect · Prismatic Visions · 2026 Q2,2026-04-07,2,2,0,3.0,3.0
Paul Insect · Prismatic Visions · 2026 Q2,2026-04-08,3,2,1,2.0,2.0
Paul Insect · Prismatic Visions · 2026 Q2,2026-04-09,1,1,0,1.0,1.0
Paul Insect · Prismatic Visions · 2026 Q2,2026-04-10,2,0,2,3.0,3.0
Paul Insect · Prismatic Visions · 2026 Q2,2026-04-11,1,0,1,0.0,0.0
Paul Insect · Prismatic Visions · 2026 Q2,2026-04-15,12,0,12,12.0,12.0
Paul Insect · Prismatic Visions · 2026 Q2,2026-04-17,1,0,1,1.0,1.0
Paul Insect · Prismatic Visions · 2026 Q2,2026-04-21,12,0,12,12.0,12.0
Paul Insect · Prismatic Visions · 2026 Q2,2026-04-22,1,0,1,1.0,1.0
Paul Insect · Prismatic Visions · 2026 Q2,2026-04-28,4,0,4,4.0,4.0
Paul Insect · Prismatic Visions · 2026 Q2,2026-04-30,8,0,8,8.0,8.0
Paul Insect · Prismatic Visions · 2026 Q2,2026-05-06,2,0,2,2.0,2.0
Paul Insect · The Observer 1 AP · 2021 Q1,2025-01-20,1,0,1,0.0,0.0
Paul Insect · The Reflection (Blue) · 2021 Q1,2025-07-24,1,0,1,0.0,0.0
Paul Insect · The Reflection (Red) · 2021 Q1,2025-01-06,1,0,1,0.0,0.0
Paul McCarthy · Santa with Butt Plug Bronze 11.4 inches · 2022 Q4,2025-09-05,0,0,0,1.0,1.0
Paul McCarthy · Santa with Butt Plug Bronze 11.4 inches · 2022 Q4,2026-05-18,0,0,0,1.0,1.0
Pejac · Multiple · 2024 Q3,2025-01-28,1,0,1,1.0,1.0
Pejac · Multiple · 2024 Q3,2026-04-11,1,0,1,1.0,1.0
Pejac · Multiple · 2026 Q1,2026-01-21,5,0,5,6.0,6.0
Pejac · Multiple · 2026 Q1,2026-01-22,5,0,5,5.0,5.0
Pejac · Multiple · 2026 Q1,2026-01-27,2,0,2,2.0,2.0
Pejac · Multiple · 2026 Q1,2026-01-28,1,0,1,1.0,1.0
Pejac · Multiple · 2026 Q1,2026-02-03,42,0,42,42.0,42.0
Pejac · Multiple · 2026 Q1,2026-02-04,26,0,26,26.0,26.0
Pejac · Multiple · 2026 Q1,2026-02-05,17,0,17,17.0,17.0
Pejac · Multiple · 2026 Q1,2026-02-06,12,0,12,12.0,12.0
Pejac · Multiple · 2026 Q1,2026-02-09,1,0,1,1.0,1.0
Pejac · Multiple · 2026 Q1,2026-02-20,1,0,1,1.0,1.0
Pejac · Multiple · 2026 Q1,2026-02-24,1,0,1,1.0,1.0
Pejac · Multiple · 2026 Q1,2026-03-31,1,0,1,1.0,1.0
Pejac · Multiple · 2026 Q1,2026-04-03,1,0,1,1.0,1.0
Pejac · Multiple · 2026 Q1,2026-09-21,1,0,1,1.0,1.0
Peter Halley · Rising High II · 2024 Q2,2025-01-27,1,0,0,1.0,1.0
Peter Halley · Rising High II · 2024 Q2,2025-01-29,2,0,2,2.0,2.0
Peter Halley · Rising High II · 2024 Q2,2025-03-13,1,0,1,1.0,1.0
Peter Halley · Rising High II · 2024 Q2,2025-07-12,1,0,1,1.0,1.0
Peter Halley · Rising High II · 2024 Q2,2025-09-08,1,0,1,1.0,1.0
Piet Mondrian Estate · Multiple · 2026 Q3,2026-07-22,112,112,0,124.0,124.0
Piet Mondrian Estate · Multiple · 2026 Q3,2026-07-23,53,53,0,41.0,41.0
Piet Mondrian Estate · Multiple · 2026 Q3,2026-07-24,15,14,0,15.0,15.0
Piet Mondrian Estate · Multiple · 2026 Q3,2026-07-27,73,0,73,74.0,74.0
Piet Mondrian Estate · Multiple · 2026 Q3,2026-07-28,9,0,9,9.0,9.0
Piet Mondrian Estate · Multiple · 2026 Q3,2026-07-29,68,0,68,68.0,68.0
Piet Mondrian Estate · Multiple · 2026 Q3,2026-07-31,52,0,51,52.0,52.0
Piet Mondrian Estate · Multiple · 2026 Q3,2026-08-03,80,0,80,81.0,81.0
Piet Mondrian Estate · Multiple · 2026 Q3,2026-08-04,6,0,6,5.0,5.0
Piet Mondrian Estate · Multiple · 2026 Q3,2026-08-05,43,0,40,43.0,43.0
Piet Mondrian Estate · Multiple · 2026 Q3,2026-08-06,4,0,3,4.0,4.0
Piet Mondrian Estate · Multiple · 2026 Q3,2026-08-07,31,0,31,31.0,31.0
Piet Mondrian Estate · Multiple · 2026 Q3,2026-08-09,1,0,1,1.0,1.0
Piet Mondrian Estate · Multiple · 2026 Q3,2026-08-10,10,0,9,10.0,10.0
Piet Mondrian Estate · Multiple · 2026 Q3,2026-08-11,6,0,6,9.0,9.0
Piet Mondrian Estate · Multiple · 2026 Q3,2026-08-12,6,0,6,3.0,3.0
Piet Mondrian Estate · Multiple · 2026 Q3,2026-08-14,20,0,20,20.0,20.0
Piet Mondrian Estate · Multiple · 2026 Q3,2026-08-17,2,0,2,2.0,2.0
Piet Mondrian Estate · Multiple · 2026 Q3,2026-08-18,275,0,272,275.0,275.0
Piet Mondrian Estate · Multiple · 2026 Q3,2026-08-19,5,0,5,5.0,5.0
Piet Mondrian Estate · Multiple · 2026 Q3,2026-08-20,5,0,5,5.0,5.0
Piet Mondrian Estate · Multiple · 2026 Q3,2026-08-21,0,0,0,1.0,1.0
Piet Mondrian Estate · Multiple · 2026 Q3,2026-08-22,2,0,2,1.0,1.0
Piet Mondrian Estate · Multiple · 2026 Q3,2026-08-24,1,0,1,1.0,1.0
Piet Mondrian Estate · Multiple · 2026 Q3,2026-08-26,1,0,1,1.0,1.0
Piet Mondrian Estate · Multiple · 2026 Q3,2026-08-28,2,0,2,2.0,2.0
Piet Mondrian Estate · Multiple · 2026 Q3,2026-09-12,3,0,3,3.0,3.0
Piet Mondrian Estate · Multiple · 2026 Q3,2026-09-16,1,0,1,1.0,1.0
Piet Mondrian Estate · Multiple · 2026 Q3,2026-09-23,2,0,2,2.0,2.0
Piet Mondrian Estate · Multiple · 2026 Q3,2026-09-24,1,0,1,1.0,1.0
Robert Longo · Multiple · 2025 Q2,2025-04-01,4,0,4,0.0,0.0
Robert Longo · Multiple · 2025 Q2,2025-04-02,1,0,1,0.0,0.0
Robert Longo · Multiple · 2025 Q2,2025-04-03,3,0,3,0.0,0.0
Robert Longo · Multiple · 2025 Q2,2025-04-05,1,0,1,0.0,0.0
Robert Longo · Multiple · 2025 Q2,2025-04-07,2,0,2,0.0,0.0
Robert Longo · Multiple · 2025 Q2,2025-04-08,2,0,2,0.0,0.0
Robert Longo · Multiple · 2025 Q2,2025-04-09,1,0,1,0.0,0.0
Robert Longo · Multiple · 2025 Q2,2025-04-10,1,0,1,0.0,0.0
Robert Longo · Multiple · 2025 Q2,2025-04-11,1,0,1,0.0,0.0
Robert Longo · Multiple · 2025 Q2,2025-04-12,6,0,6,0.0,0.0
Robert Longo · Multiple · 2025 Q2,2025-04-14,1,0,1,0.0,0.0
Robert Longo · Multiple · 2025 Q2,2025-04-15,1,0,1,0.0,0.0
Robert Longo · Multiple · 2025 Q2,2025-04-16,1,0,1,0.0,0.0
Robert Longo · Multiple · 2025 Q2,2025-04-17,1,0,1,0.0,0.0
Robert Longo · Multiple · 2025 Q2,2025-04-22,3,1,2,0.0,0.0
Robert Longo · Multiple · 2025 Q2,2025-04-24,1,0,1,0.0,0.0
Robert Longo · Multiple · 2025 Q2,2025-04-25,1,0,1,0.0,0.0
Robert Longo · Multiple · 2025 Q2,2025-04-28,4,0,4,0.0,0.0
Robert Longo · Multiple · 2025 Q2,2025-04-29,363,344,19,0.0,0.0
Robert Longo · Multiple · 2025 Q2,2025-04-30,409,132,6,0.0,0.0
Robert Longo · Multiple · 2025 Q2,2025-05-01,309,4,6,0.0,0.0
Robert Longo · Multiple · 2025 Q2,2025-05-02,257,5,7,0.0,0.0
Robert Longo · Multiple · 2025 Q2,2025-05-03,3,0,3,0.0,0.0
Robert Longo · Multiple · 2025 Q2,2025-05-04,51,0,51,0.0,0.0
Robert Longo · Multiple · 2025 Q2,2025-05-05,2,2,0,0.0,0.0
Robert Longo · Multiple · 2025 Q2,2025-05-06,8,1,6,0.0,0.0
Robert Longo · Multiple · 2025 Q2,2025-05-07,2,0,2,0.0,0.0
Robert Longo · Multiple · 2025 Q2,2025-05-08,11,0,10,0.0,0.0
Robert Longo · Multiple · 2025 Q2,2025-05-09,3,0,3,0.0,0.0
Robert Longo · Multiple · 2025 Q2,2025-05-12,2,0,2,0.0,0.0
Robert Longo · Multiple · 2025 Q2,2025-05-13,3,0,3,0.0,0.0
Robert Longo · Multiple · 2025 Q2,2025-05-15,1,0,1,0.0,0.0
Robert Longo · Multiple · 2025 Q2,2025-05-16,1,0,1,0.0,0.0
Robert Longo · Multiple · 2025 Q2,2025-05-17,1,0,1,0.0,0.0
Robert Longo · Multiple · 2025 Q2,2025-05-19,1,0,1,0.0,0.0
Robert Longo · Multiple · 2025 Q2,2025-05-20,1,0,1,0.0,0.0
Robert Longo · Multiple · 2025 Q2,2025-05-23,1,0,1,0.0,0.0
Robert Longo · Multiple · 2025 Q2,2025-05-29,4,0,4,0.0,0.0
Robert Longo · Multiple · 2025 Q2,2025-06-05,2,0,0,0.0,0.0
Robert Longo · Multiple · 2025 Q2,2025-06-09,1,0,1,0.0,0.0
Robert Longo · Multiple · 2025 Q2,2025-06-10,1,0,1,0.0,0.0
Robert Longo · Multiple · 2025 Q2,2025-06-16,1,0,1,0.0,0.0
Robert Longo · Multiple · 2025 Q2,2025-08-28,1,0,1,0.0,0.0
Robert Longo · Multiple · 2025 Q2,2025-09-11,1,0,1,0.0,0.0
Robert Longo · Multiple · 2025 Q2,2025-09-15,1,0,0,0.0,0.0
Robert Longo · Multiple · 2025 Q2,2025-09-18,1,0,1,0.0,0.0
Robert Longo · Multiple · 2025 Q2,2025-11-03,1,0,1,0.0,0.0
Robert Longo · Multiple · 2025 Q2,2026-01-17,14,0,14,0.0,0.0
Robert Longo · Multiple · 2025 Q2,2026-05-05,1,0,1,0.0,0.0
Robert Longo · Multiple · 2025 Q2,2026-06-18,1,0,1,0.0,0.0
Robert Longo · Multiple · 2025 Q2,2026-07-02,1,0,1,0.0,0.0
Robert Longo · Multiple · 2025 Q2,2026-07-10,9,0,9,0.0,0.0
Robert Longo · Multiple · 2025 Q2,2026-08-13,2,0,0,0.0,0.0
Robert Longo · Multiple · 2025 Q2,2026-09-08,1,0,1,0.0,0.0
"Robert Longo · Untitled (Sandy, from the series “Men in the Cities”) · 2026 Q3",2026-09-03,16,16,0,17.0,17.0
"Robert Longo · Untitled (Sandy, from the series “Men in the Cities”) · 2026 Q3",2026-09-04,6,5,1,7.0,7.0
"Robert Longo · Untitled (Sandy, from the series “Men in the Cities”) · 2026 Q3",2026-09-05,6,5,1,4.0,4.0
"Robert Longo · Untitled (Sandy, from the series “Men in the Cities”) · 2026 Q3",2026-09-07,1,1,0,1.0,1.0
"Robert Longo · Untitled (Sandy, from the series “Men in the Cities”) · 2026 Q3",2026-09-09,6,0,6,6.0,6.0
"Robert Longo · Untitled (Sandy, from the series “Men in the Cities”) · 2026 Q3",2026-09-10,3,0,3,3.0,3.0
"Robert Longo · Untitled (Sandy, from the series “Men in the Cities”) · 2026 Q3",2026-09-11,3,0,3,4.0,4.0
"Robert Longo · Untitled (Sandy, from the series “Men in the Cities”) · 2026 Q3",2026-09-12,1,0,1,0.0,0.0
"Robert Longo · Untitled (Sandy, from the series “Men in the Cities”) · 2026 Q3",2026-09-14,5,0,5,5.0,5.0
"Robert Longo · Untitled (Sandy, from the series “Men in the Cities”) · 2026 Q3",2026-09-16,2,0,2,2.0,2.0
"Robert Longo · Untitled (Sandy, from the series “Men in the Cities”) · 2026 Q3",2026-09-18,5,0,5,5.0,5.0
"Robert Longo · Untitled (Sandy, from the series “Men in the Cities”) · 2026 Q3",2026-09-21,3,0,3,3.0,3.0
"Robert Longo · Untitled (Sandy, from the series “Men in the Cities”) · 2026 Q3",2026-09-22,2,1,1,2.0,2.0
"Robert Longo · Untitled (Sandy, from the series “Men in the Cities”) · 2026 Q3",2026-09-23,3,0,3,3.0,3.0
Robert Nava · Death Carrier Bunny · 2024 Q1,2025-05-28,0,0,0,1.0,1.0
Roby Dwi Antono · KIRA (Black) · 2021 Q4,2025-02-13,1,0,1,0.0,0.0
Roby Dwi Antono · KIRA (Burnished Gold) · 2021 Q4,2025-08-23,1,0,1,0.0,0.0
Roby Dwi Antono · KIRA (Burnished Gold) · 2021 Q4,2025-11-07,1,0,1,0.0,0.0
Salvador Dali Estate · Multiple · 2026 Q3,2026-08-19,22,22,0,22.0,22.0
Salvador Dali Estate · Multiple · 2026 Q3,2026-08-20,10,10,0,10.0,10.0
Salvador Dali Estate · Multiple · 2026 Q3,2026-08-21,4,3,1,4.0,4.0
Salvador Dali Estate · Multiple · 2026 Q3,2026-08-24,91,0,91,91.0,91.0
Salvador Dali Estate · Multiple · 2026 Q3,2026-08-25,1,0,1,1.0,1.0
Salvador Dali Estate · Multiple · 2026 Q3,2026-08-26,6,0,6,6.0,6.0
Salvador Dali Estate · Multiple · 2026 Q3,2026-08-28,116,0,116,116.0,116.0
Salvador Dali Estate · Multiple · 2026 Q3,2026-08-30,1,0,1,1.0,1.0
Salvador Dali Estate · Multiple · 2026 Q3,2026-09-02,160,0,160,160.0,160.0
Salvador Dali Estate · Multiple · 2026 Q3,2026-09-04,108,0,108,108.0,108.0
Salvador Dali Estate · Multiple · 2026 Q3,2026-09-07,96,0,96,96.0,96.0
Salvador Dali Estate · Multiple · 2026 Q3,2026-09-08,12,0,12,13.0,13.0
Salvador Dali Estate · Multiple · 2026 Q3,2026-09-09,57,0,57,57.0,57.0
Salvador Dali Estate · Multiple · 2026 Q3,2026-09-10,12,0,12,12.0,12.0
Salvador Dali Estate · Multiple · 2026 Q3,2026-09-11,373,0,373,374.0,374.0
Salvador Dali Estate · Multiple · 2026 Q3,2026-09-12,1,0,1,0.0,0.0
Salvador Dali Estate · Multiple · 2026 Q3,2026-09-14,3,3,0,3.0,3.0
Salvador Dali Estate · Multiple · 2026 Q3,2026-09-15,4,1,3,4.0,4.0
Salvador Dali Estate · Multiple · 2026 Q3,2026-09-17,0,0,0,1.0,1.0
Salvador Dali Estate · Multiple · 2026 Q3,2026-09-18,1,0,1,0.0,0.0
Salvador Dali Estate · Multiple · 2026 Q3,2026-09-19,3,0,3,3.0,3.0
Salvador Dali Estate · Multiple · 2026 Q3,2026-09-21,6,0,6,6.0,6.0
Salvador Dali Estate · Multiple · 2026 Q3,2026-09-22,1,0,1,1.0,1.0
Salvador Dali Estate · Multiple · 2026 Q3,2026-09-23,1,0,1,1.0,1.0
Salvador Dali Estate · Multiple · 2026 Q3,2026-09-24,5,0,5,5.0,5.0
Sarah Morris · Industry (Spiderweb) · 2023 Q2,2026-01-15,1,0,0,1.0,1.0
Satoru Koizumi · White Rhino · 2022 Q4,2026-03-02,0,0,0,1.0,1.0
Sayre Gomez · America's Tire · 2025 Q2,2025-03-28,1,1,0,1.0,1.0
Sayre Gomez · America's Tire · 2025 Q2,2025-03-31,1,0,1,1.0,1.0
Sayre Gomez · America's Tire · 2025 Q2,2025-04-03,1,0,1,1.0,1.0
Sayre Gomez · America's Tire · 2025 Q2,2025-04-07,1,0,1,2.0,2.0
Sayre Gomez · America's Tire · 2025 Q2,2025-04-08,1,0,1,0.0,0.0
Sayre Gomez · America's Tire · 2025 Q2,2025-04-29,5,0,5,5.0,5.0
Sayre Gomez · America's Tire · 2025 Q2,2026-01-16,0,0,0,1.0,1.0
Sayre Gomez · America's Tire · 2025 Q2,2026-01-17,1,0,0,0.0,0.0
Sayre Gomez · America's Tire · 2025 Q2,2026-02-08,1,0,0,1.0,1.0
Sayre Gomez · America's Tire · 2025 Q2,2026-03-04,1,0,0,1.0,1.0
Sayre Gomez · America's Tire · 2025 Q2,2026-07-04,1,0,0,1.0,1.0
Shigeki Matsuyama · Multiple · 2023 Q2,2025-11-01,0,0,0,1.0,1.0
Shigeki Matsuyama · Multiple · 2023 Q2,2026-01-06,0,0,0,1.0,1.0
Shigeki Matsuyama · Multiple · 2023 Q2,2026-01-21,0,0,0,1.0,1.0
Shigeki Matsuyama · Multiple · 2023 Q2,2026-03-17,0,0,0,1.0,1.0
Shigeki Matsuyama · Multiple · 2023 Q2,2026-08-24,0,0,0,1.0,1.0
Shigeki Matsuyama · Multiple · 2023 Q2,2026-08-26,0,0,0,1.0,1.0
Shirin Neshat · Multiple · 2025 Q1,2025-01-22,1,0,1,0.0,0.0
Shirin Neshat · Multiple · 2025 Q1,2025-01-27,1,0,1,0.0,0.0
Shirin Neshat · Multiple · 2025 Q1,2025-01-29,1,0,1,0.0,0.0
Shirin Neshat · Multiple · 2025 Q1,2025-02-03,1,0,1,0.0,0.0
Shirin Neshat · Multiple · 2025 Q1,2025-02-10,1,0,1,0.0,0.0
Shirin Neshat · Multiple · 2025 Q1,2025-02-20,1,0,1,0.0,0.0
Shirin Neshat · Multiple · 2025 Q1,2025-02-25,79,79,0,0.0,0.0
Shirin Neshat · Multiple · 2025 Q1,2025-02-26,158,27,0,0.0,0.0
Shirin Neshat · Multiple · 2025 Q1,2025-02-27,96,0,0,0.0,0.0
Shirin Neshat · Multiple · 2025 Q1,2025-02-28,101,0,2,0.0,0.0
Shirin Neshat · Multiple · 2025 Q1,2025-03-04,2,0,2,0.0,0.0
Shirin Neshat · Multiple · 2025 Q1,2025-03-07,3,0,3,0.0,0.0
Shirin Neshat · Multiple · 2025 Q1,2025-03-12,1,0,1,0.0,0.0
Shirin Neshat · Multiple · 2025 Q1,2025-03-14,1,0,1,0.0,0.0
Shirin Neshat · Multiple · 2025 Q1,2025-03-25,1,0,1,0.0,0.0
Shirin Neshat · Multiple · 2025 Q1,2025-03-31,1,0,1,0.0,0.0
Shirin Neshat · Multiple · 2025 Q1,2025-04-01,1,0,1,0.0,0.0
Shirin Neshat · Multiple · 2025 Q1,2025-05-18,2,0,2,0.0,0.0
Shirin Neshat · Multiple · 2025 Q1,2025-05-19,2,0,2,0.0,0.0
Shirin Neshat · Multiple · 2025 Q1,2025-06-03,1,0,1,0.0,0.0
Shirin Neshat · Multiple · 2025 Q1,2025-07-21,1,0,1,0.0,0.0
Shirin Neshat · Multiple · 2025 Q1,2025-07-28,1,0,1,0.0,0.0
Shirin Neshat · Multiple · 2025 Q1,2026-01-07,1,0,1,0.0,0.0
Shirin Neshat · Multiple · 2025 Q1,2026-01-26,1,0,1,0.0,0.0
Shirin Neshat · Multiple · 2025 Q1,2026-02-23,2,0,2,0.0,0.0
Shirin Neshat · Multiple · 2025 Q1,2026-02-25,1,0,1,0.0,0.0
Shirin Neshat · Multiple · 2025 Q1,2026-03-05,1,0,1,0.0,0.0
Shirin Neshat · Multiple · 2025 Q1,2026-07-14,1,0,1,0.0,0.0
Shirin Neshat · Multiple · 2026 Q2,2026-04-09,1,0,1,0.0,0.0
Shirin Neshat · Multiple · 2026 Q2,2026-04-10,1,0,1,0.0,0.0
Shirin Neshat · Multiple · 2026 Q2,2026-04-12,1,0,1,0.0,0.0
Shirin Neshat · Multiple · 2026 Q2,2026-04-21,1,0,1,0.0,0.0
Shirin Neshat · Multiple · 2026 Q2,2026-04-24,1,0,1,0.0,0.0
Shirin Neshat · Multiple · 2026 Q2,2026-04-27,71,71,0,0.0,0.0
Shirin Neshat · Multiple · 2026 Q2,2026-04-28,113,43,0,0.0,0.0
Shirin Neshat · Multiple · 2026 Q2,2026-04-29,80,0,12,0.0,0.0
Shirin Neshat · Multiple · 2026 Q2,2026-04-30,52,0,2,0.0,0.0
Shirin Neshat · Multiple · 2026 Q2,2026-05-01,4,0,2,0.0,0.0
Shirin Neshat · Multiple · 2026 Q2,2026-05-06,2,0,2,0.0,0.0
Shirin Neshat · Multiple · 2026 Q2,2026-06-05,1,0,1,0.0,0.0
Shirin Neshat · Multiple · 2026 Q2,2026-06-19,4,0,4,0.0,0.0
Shirin Neshat · Multiple · 2026 Q2,2026-07-16,3,0,2,0.0,0.0
Snowfro · Chromie Squiggle #8107 · 2023 Q4,2026-01-01,1,0,1,0.0,0.0
So Youn Lee · Ready? · 2023 Q4,2025-01-29,1,0,0,1.0,1.0
So Youn Lee · Ready? · 2023 Q4,2025-02-08,1,0,0,1.0,1.0
So Youn Lee · Ready? · 2023 Q4,2025-04-16,1,0,0,1.0,1.0
So Youn Lee · Ready? · 2023 Q4,2025-05-02,1,0,0,1.0,1.0
So Youn Lee · Ready? · 2023 Q4,2025-07-02,1,0,0,1.0,1.0
So Youn Lee · Ready? · 2023 Q4,2025-08-22,1,0,0,1.0,1.0
So Youn Lee · Ready? · 2023 Q4,2025-08-25,1,0,0,1.0,1.0
So Youn Lee · Ready? · 2023 Q4,2025-09-03,1,0,0,1.0,1.0
So Youn Lee · Ready? · 2023 Q4,2025-09-19,1,0,1,1.0,1.0
Sola Olulode · Laying in the Grass (Hand-finished) · 2021 Q4,2025-03-12,1,0,0,0.0,0.0
Super Future Kid · Multiple · 2022 Q1,2026-01-13,0,0,0,1.0,1.0
Super Future Kid · Multiple · 2022 Q1,2026-08-18,0,0,0,1.0,1.0
Susumu Kamijo · The Sinner at Dusk · 2021 Q1,2025-08-29,1,0,1,0.0,0.0
TIDE · Multiple · 2024 Q4,2025-02-26,1,0,0,1.0,1.0
Takashi Murakami · Multiple · 2026 Q2,2026-04-08,3,0,2,3.0,3.0
Takashi Murakami · Multiple · 2026 Q2,2026-04-09,24,0,24,13.0,13.0
Takashi Murakami · Multiple · 2026 Q2,2026-04-10,11,0,11,4.0,4.0
Takashi Murakami · Multiple · 2026 Q2,2026-04-12,1,0,1,1.0,1.0
Takashi Murakami · Multiple · 2026 Q2,2026-04-13,3,0,3,3.0,3.0
Takashi Murakami · Multiple · 2026 Q2,2026-04-14,11,0,11,9.0,9.0
Takashi Murakami · Multiple · 2026 Q2,2026-04-15,3,0,3,3.0,3.0
Takashi Murakami · Multiple · 2026 Q2,2026-04-16,3,0,3,3.0,3.0
Takashi Murakami · Multiple · 2026 Q2,2026-04-17,2,0,2,2.0,2.0
Takashi Murakami · Multiple · 2026 Q2,2026-04-18,1,0,1,1.0,1.0
Takashi Murakami · Multiple · 2026 Q2,2026-04-20,2,0,2,2.0,2.0
Takashi Murakami · Multiple · 2026 Q2,2026-04-21,9,0,9,5.0,5.0
Takashi Murakami · Multiple · 2026 Q2,2026-04-22,5,0,5,2.0,2.0
Takashi Murakami · Multiple · 2026 Q2,2026-04-23,4,0,4,4.0,4.0
Takashi Murakami · Multiple · 2026 Q2,2026-04-24,1,0,1,2.0,2.0
Takashi Murakami · Multiple · 2026 Q2,2026-04-25,1,0,1,0.0,0.0
Takashi Murakami · Multiple · 2026 Q2,2026-04-28,5,0,5,3.0,3.0
Takashi Murakami · Multiple · 2026 Q2,2026-04-29,1,0,1,1.0,1.0
Takashi Murakami · Multiple · 2026 Q2,2026-04-30,205,202,3,221.0,221.0
Takashi Murakami · Multiple · 2026 Q2,2026-05-01,84,54,27,65.0,65.0
Takashi Murakami · Multiple · 2026 Q2,2026-05-02,5,0,5,6.0,6.0
Takashi Murakami · Multiple · 2026 Q2,2026-05-03,2,0,2,1.0,1.0
Takashi Murakami · Multiple · 2026 Q2,2026-05-04,5,0,5,5.0,5.0
Takashi Murakami · Multiple · 2026 Q2,2026-05-05,9,0,9,7.0,7.0
Takashi Murakami · Multiple · 2026 Q2,2026-05-06,8,1,7,6.0,6.0
Takashi Murakami · Multiple · 2026 Q2,2026-05-07,10,3,7,6.0,6.0
Takashi Murakami · Multiple · 2026 Q2,2026-05-08,3,1,2,2.0,2.0
Takashi Murakami · Multiple · 2026 Q2,2026-05-09,3,2,1,3.0,3.0
Takashi Murakami · Multiple · 2026 Q2,2026-05-11,3,0,3,3.0,3.0
Takashi Murakami · Multiple · 2026 Q2,2026-05-12,4,0,4,3.0,3.0
Takashi Murakami · Multiple · 2026 Q2,2026-05-14,5,0,5,5.0,5.0
Takashi Murakami · Multiple · 2026 Q2,2026-05-15,13,0,12,13.0,13.0
Takashi Murakami · Multiple · 2026 Q2,2026-05-16,2,0,2,2.0,2.0
Takashi Murakami · Multiple · 2026 Q2,2026-05-18,4,0,4,4.0,4.0
Takashi Murakami · Multiple · 2026 Q2,2026-05-21,3,0,3,3.0,3.0
Takashi Murakami · Multiple · 2026 Q2,2026-05-22,1,0,1,1.0,1.0
Takashi Murakami · Multiple · 2026 Q2,2026-05-25,3,0,3,2.0,2.0
Takashi Murakami · Multiple · 2026 Q2,2026-05-26,2,0,2,2.0,2.0
Takashi Murakami · Multiple · 2026 Q2,2026-05-27,372,0,372,374.0,374.0
Takashi Murakami · Multiple · 2026 Q2,2026-05-28,2,0,2,1.0,1.0
Takashi Murakami · Multiple · 2026 Q2,2026-06-01,4,0,4,1.0,1.0
Takashi Murakami · Multiple · 2026 Q2,2026-06-02,4,0,4,1.0,1.0
Takashi Murakami · Multiple · 2026 Q2,2026-06-03,4,0,4,3.0,3.0
Takashi Murakami · Multiple · 2026 Q2,2026-06-05,5,0,5,5.0,5.0
Takashi Murakami · Multiple · 2026 Q2,2026-06-06,1,0,1,1.0,1.0
Takashi Murakami · Multiple · 2026 Q2,2026-06-08,1,0,1,1.0,1.0
Takashi Murakami · Multiple · 2026 Q2,2026-06-10,2,0,2,2.0,2.0
Takashi Murakami · Multiple · 2026 Q2,2026-06-11,1,0,1,1.0,1.0
Takashi Murakami · Multiple · 2026 Q2,2026-07-10,1,0,1,1.0,1.0
Takashi Murakami · Multiple · 2026 Q2,2026-07-28,2,0,2,1.0,1.0
Takashi Murakami · Multiple · 2026 Q2,2026-08-04,1,0,1,1.0,1.0
Takashi Murakami · Multiple · 2026 Q2,2026-08-28,1,0,1,1.0,1.0
Takashi Murakami · Multiple · 2026 Q2,2026-09-04,2,0,2,4.0,4.0
Takeru Amano · Venus · 2023 Q2,2025-01-10,0,0,0,1.0,1.0
Takeru Amano · Venus · 2023 Q2,2025-02-07,0,0,0,1.0,1.0
Takeru Amano · Venus · 2023 Q2,2025-02-10,0,0,0,1.0,1.0
Takeru Amano · Venus · 2023 Q2,2025-02-17,0,0,0,1.0,1.0
Takeru Amano · Venus · 2023 Q2,2025-03-12,0,0,0,1.0,1.0
Takeru Amano · Venus · 2023 Q2,2025-11-11,0,0,0,1.0,1.0
Taku Obata · B BOY JUSHI · 2025 Q1,2025-01-08,1,0,1,1.0,1.0
Taku Obata · B BOY JUSHI · 2025 Q1,2025-01-13,11,11,0,11.0,11.0
Taku Obata · B BOY JUSHI · 2025 Q1,2025-01-14,16,16,0,16.0,16.0
Taku Obata · B BOY JUSHI · 2025 Q1,2025-01-15,4,4,0,4.0,4.0
Taku Obata · B BOY JUSHI · 2025 Q1,2025-01-16,1,1,0,1.0,1.0
Taku Obata · B BOY JUSHI · 2025 Q1,2025-01-17,8,8,0,8.0,8.0
Taku Obata · B BOY JUSHI · 2025 Q1,2025-01-18,3,3,0,3.0,3.0
Taku Obata · B BOY JUSHI · 2025 Q1,2025-01-20,1,0,1,1.0,1.0
Taku Obata · B BOY JUSHI · 2025 Q1,2025-01-21,2,0,2,2.0,2.0
Taku Obata · B BOY JUSHI · 2025 Q1,2025-01-22,2,0,2,2.0,2.0
Taku Obata · B BOY JUSHI · 2025 Q1,2025-01-24,1,0,1,1.0,1.0
Taku Obata · B BOY JUSHI · 2025 Q1,2025-01-27,6,0,6,6.0,6.0
Taku Obata · B BOY JUSHI · 2025 Q1,2025-01-28,1,0,1,1.0,1.0
Taku Obata · B BOY JUSHI · 2025 Q1,2025-02-11,0,0,0,1.0,1.0
Taku Obata · B BOY JUSHI · 2025 Q1,2025-02-12,1,0,1,0.0,0.0
Taku Obata · B BOY JUSHI · 2025 Q1,2025-02-21,91,0,91,91.0,91.0
Taku Obata · B BOY JUSHI · 2025 Q1,2025-03-20,1,0,1,1.0,1.0
Tom Sachs · Too Darn Hot · 2022 Q4,2025-06-04,1,0,1,0.0,0.0
Tomokazu Matsuyama · Morning Sun Dance · 2025 Q3,2025-09-10,1,0,1,1.0,1.0
Tomokazu Matsuyama · Morning Sun Dance · 2025 Q3,2025-09-12,2,0,2,2.0,2.0
Tomokazu Matsuyama · Morning Sun Dance · 2025 Q3,2025-09-15,1,1,0,2.0,2.0
Tomokazu Matsuyama · Morning Sun Dance · 2025 Q3,2025-09-16,5,5,0,4.0,4.0
Tomokazu Matsuyama · Morning Sun Dance · 2025 Q3,2025-09-18,4,4,0,4.0,4.0
Tomokazu Matsuyama · Morning Sun Dance · 2025 Q3,2025-09-19,4,4,0,4.0,4.0
Tomokazu Matsuyama · Morning Sun Dance · 2025 Q3,2025-09-20,2,2,0,2.0,2.0
Tomokazu Matsuyama · Morning Sun Dance · 2025 Q3,2025-09-22,7,0,7,7.0,7.0
Tomokazu Matsuyama · Morning Sun Dance · 2025 Q3,2025-09-23,0,0,0,1.0,1.0
Tomokazu Matsuyama · Morning Sun Dance · 2025 Q3,2025-09-24,2,0,2,1.0,1.0
Tomokazu Matsuyama · Morning Sun Dance · 2025 Q3,2025-09-29,10,0,10,10.0,10.0
Tomokazu Matsuyama · Morning Sun Dance · 2025 Q3,2025-09-30,7,0,7,7.0,7.0
Tomokazu Matsuyama · Morning Sun Dance · 2025 Q3,2025-11-19,14,0,14,14.0,14.0
Tomokazu Matsuyama · Morning Sun Dance · 2025 Q3,2026-01-12,1,0,1,1.0,1.0
Tomás Sánchez · Inner Love · 2024 Q1,2025-04-07,1,0,1,0.0,0.0
Tomás Sánchez · Inner Love · 2024 Q1,2025-04-09,1,0,1,0.0,0.0
Tomás Sánchez · Multiple · 2025 Q1,2025-02-26,1,0,1,0.0,0.0
Tomás Sánchez · Multiple · 2025 Q1,2025-02-27,2,0,2,0.0,0.0
Tomás Sánchez · Multiple · 2025 Q1,2025-03-05,2,0,2,0.0,0.0
Tomás Sánchez · Multiple · 2025 Q1,2025-03-25,1,0,1,0.0,0.0
Tomás Sánchez · Multiple · 2025 Q1,2025-03-27,1,0,1,0.0,0.0
Tomás Sánchez · Multiple · 2025 Q1,2025-03-30,133,131,2,0.0,0.0
Tomás Sánchez · Multiple · 2025 Q1,2025-03-31,306,72,1,0.0,0.0
Tomás Sánchez · Multiple · 2025 Q1,2025-04-01,206,0,1,0.0,0.0
Tomás Sánchez · Multiple · 2025 Q1,2025-04-02,132,2,3,0.0,0.0
Tomás Sánchez · Multiple · 2025 Q1,2025-04-03,5,0,5,0.0,0.0
Tomás Sánchez · Multiple · 2025 Q1,2025-04-04,2,0,2,0.0,0.0
Tomás Sánchez · Multiple · 2025 Q1,2025-04-07,3,0,3,0.0,0.0
Tomás Sánchez · Multiple · 2025 Q1,2025-04-09,2,0,2,0.0,0.0
Tomás Sánchez · Multiple · 2025 Q1,2025-04-15,1,0,0,0.0,0.0
Tomás Sánchez · Multiple · 2025 Q1,2025-04-24,2,0,1,0.0,0.0
Tomás Sánchez · Multiple · 2025 Q1,2025-05-19,1,0,1,0.0,0.0
Tomás Sánchez · Multiple · 2025 Q1,2025-05-23,1,0,1,0.0,0.0
Tomás Sánchez · Multiple · 2025 Q1,2025-06-03,1,0,1,0.0,0.0
Tomás Sánchez · Multiple · 2025 Q1,2025-06-06,3,0,3,0.0,0.0
Tomás Sánchez · Multiple · 2025 Q1,2025-06-13,1,0,1,0.0,0.0
Tomás Sánchez · Multiple · 2025 Q1,2025-06-25,1,0,1,0.0,0.0
Tomás Sánchez · Multiple · 2025 Q1,2025-07-28,1,0,1,0.0,0.0
Tomás Sánchez · Multiple · 2025 Q1,2025-08-12,1,0,0,0.0,0.0
Tomás Sánchez · Multiple · 2025 Q1,2025-08-23,1,0,1,0.0,0.0
Tomás Sánchez · Multiple · 2025 Q1,2026-01-27,1,0,1,0.0,0.0
Tomás Sánchez · Multiple · 2025 Q1,2026-01-29,1,0,1,0.0,0.0
Tomás Sánchez · Multiple · 2025 Q1,2026-01-30,2,0,2,0.0,0.0
Tomás Sánchez · Multiple · 2025 Q1,2026-05-07,1,0,1,0.0,0.0
Tomás Sánchez · Multiple · 2026 Q1,2025-12-19,1,0,1,0.0,0.0
Tomás Sánchez · Multiple · 2026 Q1,2026-01-09,1,0,1,0.0,0.0
Tomás Sánchez · Multiple · 2026 Q1,2026-01-13,1,0,1,0.0,0.0
Tomás Sánchez · Multiple · 2026 Q1,2026-01-20,1,0,1,0.0,0.0
Tomás Sánchez · Multiple · 2026 Q1,2026-01-26,123,122,1,0.0,0.0
Tomás Sánchez · Multiple · 2026 Q1,2026-01-27,251,86,2,0.0,0.0
Tomás Sánchez · Multiple · 2026 Q1,2026-01-28,142,5,7,0.0,0.0
Tomás Sánchez · Multiple · 2026 Q1,2026-01-29,130,4,5,0.0,0.0
Tomás Sánchez · Multiple · 2026 Q1,2026-01-30,4,0,4,0.0,0.0
Tomás Sánchez · Multiple · 2026 Q1,2026-02-02,7,0,7,0.0,0.0
Tomás Sánchez · Multiple · 2026 Q1,2026-02-03,1,0,1,0.0,0.0
Tomás Sánchez · Multiple · 2026 Q1,2026-02-04,1,0,1,0.0,0.0
Tomás Sánchez · Multiple · 2026 Q1,2026-02-06,1,0,1,0.0,0.0
Tomás Sánchez · Multiple · 2026 Q1,2026-02-09,2,0,2,0.0,0.0
Tomás Sánchez · Multiple · 2026 Q1,2026-02-10,1,0,1,0.0,0.0
Tomás Sánchez · Multiple · 2026 Q1,2026-02-11,2,0,2,0.0,0.0
Tomás Sánchez · Multiple · 2026 Q1,2026-02-17,1,0,1,0.0,0.0
Tomás Sánchez · Multiple · 2026 Q1,2026-02-23,1,0,1,0.0,0.0
Tomás Sánchez · Multiple · 2026 Q1,2026-02-24,1,0,1,0.0,0.0
Tomás Sánchez · Multiple · 2026 Q1,2026-03-04,2,0,2,0.0,0.0
Tomás Sánchez · Multiple · 2026 Q1,2026-03-09,2,0,2,0.0,0.0
Tomás Sánchez · Multiple · 2026 Q1,2026-03-10,2,0,2,0.0,0.0
Tomás Sánchez · Multiple · 2026 Q1,2026-03-18,1,0,1,0.0,0.0
Tomás Sánchez · Multiple · 2026 Q1,2026-04-11,1,0,1,0.0,0.0
Tomás Sánchez · Multiple · 2026 Q1,2026-05-05,1,0,1,0.0,0.0
Tomás Sánchez · Sonido de aguas en la noche · 2022 Q1,2026-01-29,1,0,0,1.0,1.0
Trudy Benson · Red Sky · 2019 Q4,2025-09-06,1,0,1,0.0,0.0
Trudy Benson · Red Sky · 2019 Q4,2026-05-22,1,0,0,0.0,0.0
Tschabalala Self · Multiple · 2023 Q3,2025-03-02,1,0,0,0.0,0.0
Tschabalala Self · Multiple · 2023 Q3,2025-03-11,1,0,0,0.0,0.0
Tschabalala Self · Multiple · 2023 Q3,2025-06-27,2,0,2,0.0,0.0
Tschabalala Self · Multiple · 2023 Q3,2025-07-02,1,0,0,0.0,0.0
Tschabalala Self · Multiple · 2023 Q3,2025-07-11,1,0,0,0.0,0.0
Tschabalala Self · Multiple · 2023 Q3,2026-09-23,1,0,0,0.0,0.0
Tschabalala Self · Multiple · 2026 Q3,2026-07-09,10,10,0,10.0,10.0
Tschabalala Self · Multiple · 2026 Q3,2026-07-10,35,35,0,35.0,35.0
Tschabalala Self · Multiple · 2026 Q3,2026-07-11,10,8,2,10.0,10.0
Tschabalala Self · Multiple · 2026 Q3,2026-07-12,5,4,1,6.0,6.0
Tschabalala Self · Multiple · 2026 Q3,2026-07-13,2,2,0,1.0,1.0
Tschabalala Self · Multiple · 2026 Q3,2026-07-14,10,10,0,11.0,11.0
Tschabalala Self · Multiple · 2026 Q3,2026-07-15,14,14,0,13.0,13.0
Tschabalala Self · Multiple · 2026 Q3,2026-07-27,1,0,1,1.0,1.0
Tschabalala Self · Multiple · 2026 Q3,2026-07-30,1,1,0,1.0,1.0
Tschabalala Self · Multiple · 2026 Q3,2026-08-03,2,0,2,2.0,2.0
Tschabalala Self · Multiple · 2026 Q3,2026-08-18,1,0,1,1.0,1.0
Tschabalala Self · Multiple · 2026 Q3,2026-08-25,2,0,2,2.0,2.0
Tschabalala Self · Multiple · 2026 Q3,2026-09-01,7,0,7,7.0,7.0
Tschabalala Self · Multiple · 2026 Q3,2026-09-04,1,0,1,1.0,1.0
Tschabalala Self · Seated Bronze · 2022 Q4,2026-08-27,1,0,1,1.0,1.0
Tunji Adeniyi-Jones · Violet Dance (Hand-finished) · 2021 Q4,2025-08-06,1,0,1,0.0,0.0
Urs Fischer · Multiple · 2026 Q2,2026-06-01,20,13,7,20.0,20.0
Urs Fischer · Multiple · 2026 Q2,2026-06-02,6,4,2,6.0,6.0
Urs Fischer · Multiple · 2026 Q2,2026-06-04,2,0,2,2.0,2.0
Urs Fischer · Multiple · 2026 Q2,2026-06-05,8,0,8,8.0,8.0
Urs Fischer · Multiple · 2026 Q2,2026-06-06,1,0,1,1.0,1.0
Urs Fischer · Multiple · 2026 Q2,2026-06-08,12,0,12,12.0,12.0
Urs Fischer · Multiple · 2026 Q2,2026-06-09,3,0,3,3.0,3.0
Urs Fischer · Multiple · 2026 Q2,2026-06-10,8,0,8,8.0,8.0
Urs Fischer · Multiple · 2026 Q2,2026-06-12,6,0,6,6.0,6.0
Urs Fischer · Multiple · 2026 Q2,2026-06-15,8,0,8,8.0,8.0
Urs Fischer · Multiple · 2026 Q2,2026-06-17,3,0,3,3.0,3.0
Urs Fischer · Multiple · 2026 Q2,2026-06-19,2,0,2,2.0,2.0
Urs Fischer · Multiple · 2026 Q2,2026-06-22,1,0,1,1.0,1.0
Urs Fischer · Multiple · 2026 Q2,2026-06-24,3,0,3,3.0,3.0
Urs Fischer · Multiple · 2026 Q2,2026-06-25,27,0,27,27.0,27.0
Urs Fischer · Multiple · 2026 Q2,2026-09-01,1,0,0,1.0,1.0
Wang Yan Cheng · Between Two Poles · 2020 Q4,2025-07-23,1,0,1,0.0,0.0
Wang Yan Cheng · Between Two Poles · 2020 Q4,2026-03-17,1,0,0,0.0,0.0
"Wang Zhibo · 15℃, Nationalistic Optimism by the Sea · 2024 Q3",2026-01-21,1,0,0,1.0,1.0
Will Cotton · The Cowgirl · 2025 Q1,2025-01-16,1,1,0,2.0,2.0
Will Cotton · The Cowgirl · 2025 Q1,2025-01-17,3,3,0,2.0,2.0
Will Cotton · The Cowgirl · 2025 Q1,2025-01-21,1,0,1,1.0,1.0
Will Cotton · The Cowgirl · 2025 Q1,2025-01-25,1,0,1,1.0,1.0
Will Cotton · The Cowgirl · 2025 Q1,2025-01-27,14,0,14,14.0,14.0
Will Cotton · The Cowgirl · 2025 Q1,2025-01-28,1,0,1,1.0,1.0
Will Cotton · The Cowgirl · 2025 Q1,2025-02-14,78,0,78,78.0,78.0
Will Cotton · The Cowgirl · 2025 Q1,2025-02-18,1,0,1,1.0,1.0
Will Cotton · The Cowgirl · 2025 Q1,2026-07-23,1,0,1,1.0,1.0
William Blake · Multiple · 2025 Q4,2025-11-19,1,0,1,1.0,1.0
William Blake · Multiple · 2025 Q4,2025-11-20,5,0,5,3.0,3.0
William Blake · Multiple · 2025 Q4,2025-11-26,1,0,1,1.0,1.0
William Blake · Multiple · 2025 Q4,2025-12-05,1,0,1,1.0,1.0
William Blake · Multiple · 2025 Q4,2025-12-06,1,1,0,1.0,1.0
William Blake · Multiple · 2025 Q4,2025-12-10,1,0,1,1.0,1.0
Woo Kuk Won · Multiple · 2025 Q3,2025-08-28,96,76,20,84.0,84.0
Woo Kuk Won · Multiple · 2025 Q3,2025-08-29,7,0,7,5.0,5.0
Woo Kuk Won · Multiple · 2025 Q3,2025-08-30,4,0,4,3.0,3.0
Woo Kuk Won · Multiple · 2025 Q3,2025-09-02,1,0,0,1.0,1.0
Woo Kuk Won · Multiple · 2025 Q3,2025-09-03,9,0,9,10.0,10.0
Woo Kuk Won · Multiple · 2025 Q3,2025-09-04,3,0,3,1.0,1.0
Woo Kuk Won · Multiple · 2025 Q3,2025-09-05,6,0,6,3.0,3.0
Woo Kuk Won · Multiple · 2025 Q3,2025-09-07,1,0,1,1.0,1.0
Woo Kuk Won · Multiple · 2025 Q3,2025-09-08,5,0,5,5.0,5.0
Woo Kuk Won · Multiple · 2025 Q3,2025-09-09,6,0,6,6.0,6.0
Woo Kuk Won · Multiple · 2025 Q3,2025-09-17,3,0,3,3.0,3.0
Woo Kuk Won · Multiple · 2025 Q3,2025-09-18,1,0,1,1.0,1.0
Woo Kuk Won · Multiple · 2025 Q3,2025-09-23,0,0,0,1.0,1.0
Woo Kuk Won · Multiple · 2025 Q3,2025-09-24,4,0,4,0.0,0.0
Woo Kuk Won · Multiple · 2025 Q3,2025-09-30,32,0,32,32.0,32.0
Woo Kuk Won · Multiple · 2025 Q3,2025-10-13,2,0,2,1.0,1.0
Woo Kuk Won · Multiple · 2025 Q3,2025-12-02,1,0,1,1.0,1.0
Woo Kuk Won · Multiple · 2025 Q3,2026-07-08,1,0,1,1.0,1.0
Yoon Hyup · Ambre Roulette · 2026 Q3,2026-06-23,18,18,0,21.0,21.0
Yoon Hyup · Ambre Roulette · 2026 Q3,2026-06-24,14,14,0,12.0,12.0
Yoon Hyup · Ambre Roulette · 2026 Q3,2026-06-25,8,8,0,7.0,7.0
Yoon Hyup · Ambre Roulette · 2026 Q3,2026-06-29,35,0,35,35.0,35.0
Yoon Hyup · Ambre Roulette · 2026 Q3,2026-06-30,0,0,0,1.0,1.0
Yoon Hyup · Ambre Roulette · 2026 Q3,2026-07-01,1,0,1,0.0,0.0
Yoon Hyup · Ambre Roulette · 2026 Q3,2026-07-03,1,0,1,1.0,1.0
Yoon Hyup · Ambre Roulette · 2026 Q3,2026-07-06,16,0,16,16.0,16.0
Yoon Hyup · Ambre Roulette · 2026 Q3,2026-07-07,1,0,1,1.0,1.0
Yoon Hyup · Ambre Roulette · 2026 Q3,2026-07-08,5,0,5,5.0,5.0
Yoon Hyup · Ambre Roulette · 2026 Q3,2026-07-10,2,0,2,2.0,2.0
Yoon Hyup · Ambre Roulette · 2026 Q3,2026-07-13,10,0,10,10.0,10.0
Yoon Hyup · Ambre Roulette · 2026 Q3,2026-07-15,8,0,8,8.0,8.0
Yoon Hyup · Ambre Roulette · 2026 Q3,2026-07-17,10,0,10,11.0,11.0
Yoon Hyup · Ambre Roulette · 2026 Q3,2026-07-20,14,0,14,14.0,14.0
Yoon Hyup · Ambre Roulette · 2026 Q3,2026-07-22,8,0,8,8.0,8.0
Yoon Hyup · Ambre Roulette · 2026 Q3,2026-07-23,44,0,44,44.0,44.0
Yoon Hyup · Ambre Roulette · 2026 Q3,2026-08-04,1,0,1,1.0,1.0
Yoon Hyup · Summer in San Sebastian · 2025 Q3,2025-05-30,2,0,2,2.0,2.0
Yoon Hyup · Summer in San Sebastian · 2025 Q3,2025-06-03,1,0,1,1.0,1.0
Yoon Hyup · Summer in San Sebastian · 2025 Q3,2025-06-05,28,28,0,34.0,34.0
Yoon Hyup · Summer in San Sebastian · 2025 Q3,2025-06-06,22,21,1,22.0,22.0
Yoon Hyup · Summer in San Sebastian · 2025 Q3,2025-06-07,12,12,0,14.0,14.0
Yoon Hyup · Summer in San Sebastian · 2025 Q3,2025-06-08,5,5,0,4.0,4.0
Yoon Hyup · Summer in San Sebastian · 2025 Q3,2025-06-09,4,4,0,4.0,4.0
Yoon Hyup · Summer in San Sebastian · 2025 Q3,2025-06-10,4,2,2,6.0,6.0
Yoon Hyup · Summer in San Sebastian · 2025 Q3,2025-06-11,2,0,2,2.0,2.0
Yoon Hyup · Summer in San Sebastian · 2025 Q3,2025-06-13,1,0,1,1.0,1.0
Yoon Hyup · Summer in San Sebastian · 2025 Q3,2025-06-16,2,0,2,2.0,2.0
Yoon Hyup · Summer in San Sebastian · 2025 Q3,2025-06-21,1,0,1,1.0,1.0
Yoon Hyup · Summer in San Sebastian · 2025 Q3,2025-06-25,0,0,0,1.0,1.0
Yoon Hyup · Summer in San Sebastian · 2025 Q3,2025-06-27,1,0,1,1.0,1.0
Yoon Hyup · Summer in San Sebastian · 2025 Q3,2025-06-28,1,1,0,1.0,1.0
Yoon Hyup · Summer in San Sebastian · 2025 Q3,2025-07-04,2,2,0,3.0,3.0
Yoon Hyup · Summer in San Sebastian · 2025 Q3,2025-07-07,4,3,1,5.0,5.0
Yoon Hyup · Summer in San Sebastian · 2025 Q3,2025-07-08,83,0,83,94.0,94.0
Yoon Hyup · Summer in San Sebastian · 2025 Q3,2025-07-09,2,0,2,2.0,2.0
Yoon Hyup · Summer in San Sebastian · 2025 Q3,2025-07-16,1,0,1,1.0,1.0
Yoon Hyup · Summer in San Sebastian · 2025 Q3,2025-11-24,1,0,1,1.0,1.0
Yoon Hyup · Summer in San Sebastian · 2025 Q3,2026-07-10,1,0,1,1.0,1.0
Yoon Hyup · Summer in San Sebastian · 2025 Q3,2026-07-17,1,0,1,1.0,1.0
Yoon Hyup · Summer in San Sebastian · 2025 Q3,2026-07-22,1,0,1,1.0,1.0
Yue Minjun · Multiple · 2023 Q1,2025-01-22,0,0,0,1.0,1.0
Yue Minjun · Multiple · 2023 Q1,2025-11-08,0,0,0,1.0,1.0
Yue Minjun · Multiple · 2023 Q1,2026-04-22,0,0,0,2.0,2.0
Zeng Fanzhi · Multiple · 2026 Q3,2026-07-02,1,0,1,1.0,1.0
Zeng Fanzhi · Multiple · 2026 Q3,2026-07-28,9,9,0,9.0,9.0
Zeng Fanzhi · Multiple · 2026 Q3,2026-07-29,10,10,0,10.0,10.0
Zeng Fanzhi · Multiple · 2026 Q3,2026-07-30,5,5,0,5.0,5.0
Zeng Fanzhi · Multiple · 2026 Q3,2026-08-03,7,0,7,7.0,7.0
Zeng Fanzhi · Multiple · 2026 Q3,2026-08-04,1,0,1,1.0,1.0
Zeng Fanzhi · Multiple · 2026 Q3,2026-08-05,3,0,3,3.0,3.0
Zeng Fanzhi · Multiple · 2026 Q3,2026-08-07,3,0,3,3.0,3.0
Zeng Fanzhi · Multiple · 2026 Q3,2026-08-10,6,0,6,6.0,6.0
Zeng Fanzhi · Multiple · 2026 Q3,2026-08-14,3,0,3,3.0,3.0
Zeng Fanzhi · Multiple · 2026 Q3,2026-08-19,1,0,1,1.0,1.0
Zeng Fanzhi · Multiple · 2026 Q3,2026-08-24,1,0,1,1.0,1.0
Zeng Fanzhi · Multiple · 2026 Q3,2026-08-26,11,0,11,11.0,11.0
Zeng Fanzhi · Rainbow (Mask Series 1997 no.8) · 2026 Q3,2026-06-24,23,23,0,23.0,23.0
Zeng Fanzhi · Rainbow (Mask Series 1997 no.8) · 2026 Q3,2026-06-25,2,2,0,2.0,2.0
Zeng Fanzhi · Rainbow (Mask Series 1997 no.8) · 2026 Q3,2026-06-26,2,2,0,2.0,2.0
Zeng Fanzhi · Rainbow (Mask Series 1997 no.8) · 2026 Q3,2026-06-29,26,0,26,27.0,27.0
Zeng Fanzhi · Rainbow (Mask Series 1997 no.8) · 2026 Q3,2026-06-30,1,0,1,1.0,1.0
Zeng Fanzhi · Rainbow (Mask Series 1997 no.8) · 2026 Q3,2026-07-01,1,0,1,1.0,1.0
Zeng Fanzhi · Rainbow (Mask Series 1997 no.8) · 2026 Q3,2026-07-06,10,0,10,10.0,10.0
Zeng Fanzhi · Rainbow (Mask Series 1997 no.8) · 2026 Q3,2026-07-07,1,0,1,1.0,1.0
Zeng Fanzhi · Rainbow (Mask Series 1997 no.8) · 2026 Q3,2026-07-08,6,0,6,6.0,6.0
Zeng Fanzhi · Rainbow (Mask Series 1997 no.8) · 2026 Q3,2026-07-09,0,0,0,1.0,1.0
Zeng Fanzhi · Rainbow (Mask Series 1997 no.8) · 2026 Q3,2026-07-10,13,0,13,12.0,12.0
Zeng Fanzhi · Rainbow (Mask Series 1997 no.8) · 2026 Q3,2026-07-13,11,0,11,11.0,11.0
Zeng Fanzhi · Rainbow (Mask Series 1997 no.8) · 2026 Q3,2026-07-14,1,0,1,1.0,1.0
Zeng Fanzhi · Rainbow (Mask Series 1997 no.8) · 2026 Q3,2026-07-15,3,0,3,3.0,3.0
Zeng Fanzhi · Rainbow (Mask Series 1997 no.8) · 2026 Q3,2026-07-17,4,0,4,4.0,4.0
Zeng Fanzhi · Rainbow (Mask Series 1997 no.8) · 2026 Q3,2026-07-20,2,0,2,2.0,2.0
Zeng Fanzhi · Rainbow (Mask Series 1997 no.8) · 2026 Q3,2026-07-21,2,0,2,2.0,2.0
Zeng Fanzhi · Rainbow (Mask Series 1997 no.8) · 2026 Q3,2026-07-22,72,0,72,72.0,72.0
Zeng Fanzhi · Rainbow (Mask Series 1997 no.8) · 2026 Q3,2026-08-07,2,0,2,2.0,2.0
Zeng Fanzhi · Rainbow (Mask Series 1997 no.8) · 2026 Q3,2026-08-17,1,0,0,1.0,1.0
Zeng Fanzhi · Rainbow (Mask Series 1997 no.8) · 2026 Q3,2026-09-02,3,0,3,3.0,3.0
Zhang Huan · Amitabha · 2021 Q3,2026-09-10,1,0,0,1.0,1.0
Zhang Ruyi · Forced Separation · 2024 Q3,2025-07-27,1,0,0,1.0,1.0
Zhang Ruyi · Forced Separation · 2024 Q3,2026-01-31,1,0,0,1.0,1.0
