Email Name,Send Date (Your time zone),Campaign,Delivered,Opened,Clicked,Unsubscribed
130826_CUS_GlennLigon_LE_26 - Early Access (LE) 1,2026-08-14 18:00:06,GlennLigon_LE_26,74,46,37,0
130826_CUS_GlennLigon_LE_26 - Early Access (LE) 3,2026-08-14 18:00:31,GlennLigon_LE_26,2939,589,271,1
130826_CUS_GlennLigon_LE_26 - Early Access (LE) 2,2026-08-14 18:00:03,GlennLigon_LE_26,4305,892,406,4
140826_TRNS_JeffKoons_LE_25 - On track (Batch 1),2026-08-14 17:00:36,JeffKoons_LE_25,35,10,0,0
130826_TRNS_ZengFanzhi_LE_26 - New estimated dispatch (Ordered before 07/08 delayed),2026-08-14 09:00:51,ZengFanzhi_LE_26,18,9,0,0
130826_TRNS_ZengFanzhi_LE_26 - New estimated dispatch (Ordered before 07/08 delayed) (Unframed),2026-08-14 09:00:48,ZengFanzhi_LE_26,7,2,0,0
110826_CUS_New_Feature_Test - Releases page spotlight,2026-08-13 16:20:04,,0,0,0,0
110826_CUS_New_Feature_Test - Releases page spotlight (From Sam),2026-08-13 16:19:42,,0,0,0,0
120826_TRNS_ShirinNeshat_TL_26 - Framed & preparing for dispatch delay PP (framed),2026-08-12 17:00:47,ShirinNeshat_TL_26,111,50,1,0
120826_TRNS_TakashiMu_LE_26 - Signed PP (unframed),2026-08-12 17:00:36,TakashiMu_LE_26,269,138,5,0
120826_TRNS_JeanMichel_LE_25 - New estimated dispatch (30 delayed units),2026-08-12 17:00:27,JeanMichel_LE_25,32,15,1,0
120826_TRNS_TakashiMu_LE_26 - Signed PP (framed),2026-08-12 17:00:28,TakashiMu_LE_26,408,171,5,0
110826_CUS_Albers_LE_26 - Thank you from The Josef and Anni Albers Foundation,2026-08-11 17:00:19,Albers_LE_26,852,314,8,0
100826_TRNS_Maurizio_NonaOra_26 - On track v2,2026-08-10 17:00:56,Maurizio_NonaOra_26,638,261,5,0
100826_TRNS_ AiWeiwei_Guardian2_26 - Signing PP (framed),2026-08-10 16:02:08,AiWeiwei_Guardian2_26,208,97,2,0
060826_TRNS_Grayson Perry - Preparing for dispatch PP (framed),2026-08-10 15:00:36,GraysonPerry_TL_25,204,95,3,0
100826_CUS_Abdulnasser_LE_26 - Announcement (LE) (re-send to exclusions),2026-08-10 14:00:11,Abdulnasser_LE_26,2852,448,56,5
AUT_JaumePlen_LE_26 - Non-purchaser survey (LE),2026-08-07 11:53:04,JaumePlen_LE_26,623,99,26,12
AUT_JaumePlen_LE_26 - Survey repeat buyers (LE),2026-08-07 11:46:51,JaumePlen_LE_26,37,25,9,0
AUT_JaumePlen_LE_26 - Survey first time collectors (LE),2026-08-07 11:41:03,JaumePlen_LE_26,139,68,29,1
AUT_90day_Personalised_track - Day 30,2026-08-07 10:51:48,90day_Personalised_track,635,204,0,3
060826_TRNS_GregoryCrewd_TL_26 - Printing PP (unframed),2026-08-06 17:00:47,GregoryCrewd_TL_26,1187,426,7,0
060826_TRNS_GregoryCrewd_TL_26 - Printing PP (framed),2026-08-06 17:00:58,GregoryCrewd_TL_26,468,163,2,0
060826_TRNS_ AiWeiwei_Guardian2_26 - Signing PP (unframed),2026-08-06 16:00:26,AiWeiwei_Guardian2_26,603,245,6,0
060826_TRNS_ CindySher_LE_26 - Signing PP (unframed),2026-08-06 16:00:21,CindySher_LE_26,238,82,0,0
060826_TRNS_ CindySher_LE_26 - Signing PP (framed),2026-08-06 16:00:21,CindySher_LE_26,245,78,6,0
"060826_GEN_LE_Bundle - Piet Parra, Zeng Fanzhi, Abdulnasser Gharem",2026-08-06 14:00:48,FREQ_LE_Bundle,135579,13527,929,327
060826_CUS_TschabalalaSelf_Tapestry - Announcement (LE) (Artists & Editions),2026-08-05 17:00:22,Tschabalal_LE_25,105,16,8,0
060826_CUS_TschabalalaSelf_Tapestry - Announcement (LE),2026-08-05 17:00:46,Tschabalal_LE_25,2296,312,114,3
050826_TRNS_HankWillisT_LE_26 - Printing PP (unframed),2026-08-05 14:00:24,HankWillisT_LE_26,147,56,1,0
050826_TRNS_HankWillisT_LE_26 - Printing PP (framed),2026-08-05 14:00:04,HankWillisT_LE_26,144,49,0,0
050826_TRNS_LY_LE_26 - Framing PP (framed),2026-08-05 10:00:16,,23,7,0,0
040826_TRNS_Maurizio_Therapy_26 - Preparing for dispatch PP (unframed),2026-08-04 17:00:59,Maurizio_Therapy_26,183,93,7,0
040726_TRNS_JeanMichel_LE_25 - Preparing for dispatch (Batch 2 – on track orders),2026-08-04 17:00:50,JeanMichel_LE_25,52,18,3,0
040826_GEN_PietMondrian_LE_26 - Sustain (LE) V2,2026-08-04 14:00:14,PietMondrian_LE_26,53300,14144,1634,220
030826_CUS_JamesJean_Blossom_26 - Announcement (LE) Mop Up V2,2026-08-03 17:00:58,JamesJean_Blossom_26,25437,4339,468,74
310726_TRNS_AiWeiwei_NVase_25 - An update on your order PP (Batch 1 - Not Shipped 310726)),2026-07-31 15:30:12,AiWeiwei_NVase_25,20,9,0,0
310726_GEN_Parra_LE_26 - Announcement (LE) V2,2026-07-31 15:00:20,Parra_LE_26,136775,12631,1516,401
310726_TRNS_JohnsonTs_Alliance_26 - Production in progress,2026-07-31 13:00:21,JohnsonTs_Alliance_26,197,71,2,0
300726_GEN_JamesJean_Blossom_26 - Announcement (LE),2026-07-30 17:00:13,JamesJean_Blossom_26,111325,9152,785,341
AUT_Backside_LE_26 - Survey first time collectors (LE),2026-07-30 16:53:15,Backside_LE_26,18,13,5,0
AUT_Backside_LE_26 - Survey repeat buyers (LE),2026-07-30 16:50:35,Backside_LE_26,49,42,24,0
AUT_Backside_LE_26 - Non-purchaser survey (LE),2026-07-30 16:48:28,Backside_LE_26,192,81,42,0
300726_CUS_SALES Sam - Non US - August Monthly Preview Send V2,2026-07-30 16:30:47,MONTHLYPREV,1023,410,216,0
300726_TRNS_UrsFischer_LE_26 - Delay to your order (framed),2026-07-30 16:00:51,UrsFischer_LE_26,45,17,1,0
300726_TRNS_MickaleneT_TL_26 - Framing PP (framed) On track,2026-07-30 16:00:17,MickaleneT_TL_26,300,133,6,0
300726_TRNS_UrsFischer_LE_26 - Delay to your order (unframed),2026-07-30 16:00:08,UrsFischer_LE_26,45,18,0,0
300726_TRNS_MickaleneT_TL_26 - Framing delay PP (framed),2026-07-30 16:00:01,MickaleneT_TL_26,62,29,0,0
300726_TRNS_EddieMart_LE_25 - Preparing for dispatch PP (framed),2026-07-30 16:00:05,EddieMart_LE_25,54,26,1,0
300726_TRNS_GiuseppePen_LE_26 - Delay to your order (framed),2026-07-30 15:00:41,GiuseppePen_LE_26,7,2,0,0
300726_TRNS_GiuseppePen_LE_26 - Delay to your order (unframed),2026-07-30 15:00:33,GiuseppePen_LE_26,13,5,1,0
300626_CUS_SALES Curtis - Non US - August Monthly Preview,2026-07-30 14:30:12,MONTHLYPREV,43,25,14,0
300626_CUS_SALES Sam - US - August Monthly Preview,2026-07-30 14:30:30,MONTHLYPREV,773,310,139,1
300626_CUS_SALES Curtis - US - August Monthly Preview,2026-07-30 14:30:34,MONTHLYPREV,17,4,3,0
AUT_AhmedM_Salam_26 - Survey first time collectors (LE),2026-07-30 13:53:35,AhmedM_Salam_26,6,2,1,0
AUT_AhmedM_Salam_26 - Survey repeat buyers (LE),2026-07-30 13:51:17,AhmedM_Salam_26,19,11,8,0
300726_CUS_SALES Sam - Non US - August Monthly Preview,2026-07-30 13:48:30,MONTHLYPREV,249,109,42,0
AUT_AhmedM_Salam_26 - Non-purchaser survey (LE),2026-07-30 13:48:28,AhmedM_Salam_26,98,17,5,0
300726_CUS_SALES Sam - Non US - James Jean_ August Monthly Preview,2026-07-30 13:47:07,MONTHLYPREV,13,9,4,0
300726_CUS_SALES Sam - Non US - Parra_ August Monthly Preview,2026-07-30 13:44:51,MONTHLYPREV,27,10,8,0
300726_CUS_SALES Sam - Non US - Abdulnasser August Monthly Preview,2026-07-30 13:43:38,MONTHLYPREV,0,0,0,0
290726_TRNS_JeanMichel_LE_25 - Dispatch delay,2026-07-30 13:00:31,JeanMichel_LE_25,32,21,0,0
300726_TRNS_MiwaKomat_LE_26 - Framing PP (framed),2026-07-30 13:00:20,MiwaKomat_LE_26,37,17,0,0
300726_CUS_JamesJean_Blossom_26 - Early Access (LE) Edition details correction,2026-07-30 09:45:53,JamesJean_Blossom_26,2789,1570,265,6
300726_CUS_ZengFanzhi_LE_26 - Announcement (LE),2026-07-30 09:00:02,ZengFanzhi_LE_26,23488,3470,407,88
290726_TRNS_Tschabalal_LE_25 - New dispatch window,2026-07-29 17:00:56,Tschabalal_LE_25,84,40,3,0
300726_CUS_SALES Sam - Non US - Zeng Fanzhi August Monthly Preview,2026-07-29 16:39:24,MONTHLYPREV,5,5,1,0
300726_CUS_SALES Sam - Non US - Mondrian August Monthly Previw,2026-07-29 16:38:56,MONTHLYPREV,6,1,1,0
290726_CUS_Parra_LE_26 - Early Access (LE) Plain text (Artists & editions),2026-07-29 15:00:34,Parra_LE_26,629,242,182,7
290726_CUS_Parra_LE_26 - Early Access (LE) Plain text (Curtis - NL collectors),2026-07-29 15:00:40,Parra_LE_26,29,18,14,0
290726_CUS_Parra_LE_26 - Early Access (LE) Plain text (Free shipping test variation),2026-07-29 11:00:26,Parra_LE_26,5489,1771,1210,9
290726_CUS_Parra_LE_26 - Early Access (LE) Plain text,2026-07-29 10:53:37,Parra_LE_26,5506,1758,1215,8
280726_CUS_JamesJean_Blossom_26 - Early Access (LE) Plain text,2026-07-28 17:00:06,JamesJean_Blossom_26,9204,3056,1570,18
280626_CUS_LeeUfan_FromPointI_APOutreach,2026-07-28 16:00:06,,48,29,2,0
280626_CUS_LeeUfan_FromPointII_APOutreach,2026-07-28 16:00:12,,62,32,6,0
280626_CUS_Weiwei_Embroidery_PurpleYellow_APOutreach (Clone),2026-07-28 16:00:04,,65,31,0,0
280626_CUS_Cattelan_Window_APOutreach,2026-07-28 16:00:12,,79,52,2,0
160626_CUS_HarlandMiller_APOutreach,2026-07-28 16:00:32,,59,25,0,0
280626_CUS_FROMLINE_APOutreach,2026-07-28 16:00:16,,13,8,0,0
280626_CUS_Weiwei_Embroidery_BluePink_APOutreach,2026-07-28 16:00:05,,43,14,1,0
270726_CUS_Abdulnasser_LE_26 - Announcement (LE),2026-07-28 14:00:59,Abdulnasser_LE_26,11324,1550,199,32
270726_CUS_ZengFanzhi_LE_26 - Early Access (LE) Plain text V2,2026-07-28 10:00:06,ZengFanzhi_LE_26,8239,1951,994,23
270726_CUS_JaumePlen_LE_26 - Last Chance (LE),2026-07-27 15:00:00,JaumePlen_LE_26,24563,4729,455,109
270726_CUS_AhmedM_Salam_26 - Last Chance (LE),2026-07-27 14:00:27,AhmedM_Salam_26,1739,491,80,1
AUT_YoonHyup_LE_26 - Non-purchaser survey (LE),2026-07-27 13:15:19,YoonHyup_LE_26,507,125,37,9
AUT_YoonHyup_LE_26 - Survey repeat buyers (LE),2026-07-27 13:11:44,YoonHyup_LE_26,77,51,25,0
AUT_YoonHyup_LE_26 - Survey first time collectors (LE),2026-07-27 13:10:18,YoonHyup_LE_26,101,47,25,0
230726_CUS_AhmedM_Salam_26 - Sustain (LE),2026-07-25 14:00:38,AhmedM_Salam_26,22547,3887,478,61
240726_GEN_PietMondrian_LE_26 - Announcement (LE),2026-07-24 14:00:12,PietMondrian_LE_26,135347,16832,3562,467
230726_CUS_Abdulnasser_LE_26 - Early Access (LE) Plain text,2026-07-23 14:00:08,Abdulnasser_LE_26,2315,731,298,11
220726_CUS_YoonHyup_LE_26 - Last Chance (LE),2026-07-22 17:00:27,YoonHyup_LE_26,4694,1419,256,13
220726_TRNS_Albers_LE_26 - New estimated dispatch date (framed),2026-07-22 17:00:57,Albers_LE_26,412,164,7,0
220726_TRNS_JoelMesler_TL_26 - Dispatch delay PP (unframed),2026-07-22 17:00:35,JoelMesler_TL_26,22,10,0,0
220726_TRNS_JoelMesler_TL_26 - Dispatch delay PP (framed),2026-07-22 17:00:13,JoelMesler_TL_26,47,21,2,0
220726_TRNS_Albers_LE_26 - New estimated dispatch date (unframed),2026-07-22 17:00:02,Albers_LE_26,426,213,10,0
220726_CUS_PietMondrian_LE_26 - Early Access (LE) Plain text (Free shipping test variation),2026-07-22 10:05:43,PietMondrian_LE_26,5720,2238,1432,15
AUT_ZengFanzhi_TL_26 - Non-purchaser survey (LE),2026-07-21 13:40:55,ZengFanzhi_TL_26,343,65,16,6
AUT_ZengFanzhi_TL_26 - Survey repeat buyers (LE),2026-07-21 13:38:01,ZengFanzhi_TL_26,90,50,24,0
AUT_ZengFanzhi_TL_26 - Survey first time collectors (LE),2026-07-21 13:36:09,ZengFanzhi_TL_26,71,36,19,0
200726_CUS_ZengFanzhi_TL_26 - Last Chance (LE),2026-07-21 09:00:14,ZengFanzhi_TL_26,3427,1094,174,6
220726_CUS_PietMondrian_LE_26 - Early Access (LE) Plain text,2026-07-20 17:16:06,PietMondrian_LE_26,5640,2229,1391,12
170726_TRNS_AiWeiwei_NVase_25 - Preparing for dispatch - Batch 1 - 8 Orders,2026-07-17 17:25:53,AiWeiwei_NVase_25,8,5,0,0
170726_TRNS_AiWeiwei_NVase_25 - An update on your order PP (Batch 1 - Excluding 8 Orders),2026-07-17 17:20:23,AiWeiwei_NVase_25,44,19,0,0
170726_TRNS_CONDOPRINT - George Condo (2024 editions) COA Dispatch - Follow-up,2026-07-17 16:45:30,CONDOPRINT,106,41,25,0
160726_TRNS_FelipePantone_LE_26 - Production in progress/New dispatch date,2026-07-16 17:00:39,FelipePantone_LE_26,153,68,1,0
AUT_GiuseppePen_LE_26 - Non-purchaser survey (LE),2026-07-16 13:52:47,GiuseppePen_LE_26,53,13,6,0
AUT_GiuseppePen_LE_26 - Survey repeat buyers (LE),2026-07-16 13:47:13,GiuseppePen_LE_26,7,5,2,0
AUT_GiuseppePen_LE_26 - Survey first time collectors (LE),2026-07-16 13:37:45,GiuseppePen_LE_26,6,2,1,0
150726_TRNS_MaurizioC_Rev_25 - Preparing for dispatch 2 (remaining batches),2026-07-15 17:00:53,MaurizioC_Rev_25,768,374,19,0
150726_TRNS_CindySher_LE_26 - Printing/Delay PP (framed),2026-07-15 17:00:52,CindySher_LE_26,244,99,4,0
150726_TRNS_CindySher_LE_26 - Printing PP (unframed),2026-07-15 17:00:05,CindySher_LE_26,240,93,1,0
150726_TRNS_AiWeiwei_Guardian2_26 - Printing PP (framed) 4 Coloured Vase collectors,2026-07-15 16:00:19,AiWeiwei_Guardian2_26,4,2,0,0
090726_CUS_GiuseppePen_LE_26 - Last Chance (LE),2026-07-15 14:00:40,GiuseppePen_LE_26,2063,702,75,5
140726_TRNS_JeffKoons_LE_25 - Delay (Batch 2 & 3),2026-07-14 17:00:05,JeffKoons_LE_25,433,168,11,0
140726_TRNS_AiWeiwei_Guardian2_26 - Delay PP (framed),2026-07-14 16:00:32,AiWeiwei_Guardian2_26,202,95,0,0
140726_TRNS_AiWeiwei_Guardian2_26 - Printing PP (unframed),2026-07-14 16:00:00,AiWeiwei_Guardian2_26,602,252,6,0
140726_CUS_TschabalalaSelf_Tapestry - Private Release - 4.2k audience,2026-07-14 14:00:37,Tschabalal_LE_25,2684,700,273,8
140726_CUS_ZengFanzhi_TL_26 - Announcement (LE) (Resend to non-openers),2026-07-14 11:00:21,ZengFanzhi_TL_26,115192,5842,357,465
070726_TRNS_Maurizio_Therapy_26 - Signing PP (unframed),2026-07-13 16:00:53,Maurizio_Therapy_26,184,98,4,0
070726_TRNS_Maurizio_Therapy_26 - Signing PP (framed),2026-07-13 16:00:59,Maurizio_Therapy_26,130,61,3,0
100726_TRNS_JeffKoons_LE_25 - Dispatch delay,2026-07-10 17:00:50,JeffKoons_LE_25,35,11,0,0
100726_TRNS_JamesJean_Sun_25 - On track (delayed units),2026-07-10 17:00:09,JamesJean_Sun_25,26,14,0,0
"090726_GEN_LE_Bundle - Yoon Hyup, Ahmed Mater, Giuseppe Penone",2026-07-09 17:00:59,FREQ_LE_Bundle,135926,14637,1161,349
100726_TRNS_AiWeiwei_NVase_25 - On track (Batch 3),2026-07-10 15:00:53,AiWeiwei_NVase_25,216,89,1,0
100726_TRNS_AiWeiwei_NVase_25 - On track (Batch 2),2026-07-10 15:00:13,AiWeiwei_NVase_25,139,59,0,0
100726_INS_TschabalalaSelf_Tapestry - Private Release - Insiders Curtis,2026-07-10 14:00:31,Tschabalal_LE_25,91,44,31,0
100726_CUS_TschabalalaSelf_Tapestry - Private Release - Related Artist or Insider,2026-07-10 14:00:42,Tschabalal_LE_25,2015,735,460,0
090726_CUS_TschabalalaSelf_Tapestry - Private Release,2026-07-09 17:00:01,Tschabalal_LE_25,141,57,44,1
090726_Monthly_Round_Up - New & Noteworthy,2026-07-09 17:00:43,The_Monthly_Edit,732,42,7,6
AUT_LY_LE_26 - Survey first time collectors (LE),2026-07-08 17:33:48,LY_LE_26,8,4,3,0
AUT_LY_LE_26 - Survey repeat buyers (LE),2026-07-08 17:28:34,LY_LE_26,19,17,13,0
AUT_LY_LE_26 - Non-purchaser survey (LE),2026-07-08 17:26:18,LY_LE_26,82,34,9,1
080726_Survey_Completion_26 - Q2 Winner,2026-07-08 15:00:01,Survey_Completion,1,1,0,0
070726_GEN_JaumePlen_LE_26 - Announcement (LE),2026-07-07 13:10:45,JaumePlen_LE_26,68558,7577,588,176
070726_GEN_JaumePlen_LE_26 - Announcement (LE) Reduced copy test,2026-07-07 13:07:29,JaumePlen_LE_26,68145,7420,612,191
020726_TRNS_ShirinNeshat_TL_26 - Framing delay PP (framed),2026-07-06 17:00:00,ShirinNeshat_TL_26,107,50,2,0
060726_CUS_JaumePlen_LE_26 - Early Access (LE) Plain text,2026-07-06 15:00:05,JaumePlen_LE_26,6488,1915,918,26
060726_CUS_LY_LE_26 - Last Chance (LE),2026-07-06 10:00:14,LY_LE_26,3636,1009,200,7
030726_TRNS_Albers_LE_26 - Printing delay,2026-07-03 17:00:39,Albers_LE_26,851,372,21,0
030725_CUS_AWWNT_25 - Sewing a Button,2026-07-03 17:00:13,,17179,3213,678,70
AUT_GregoryCrewd_TL_26 - Edition Number Confirmed (PP TL Flow),2026-07-03 14:25:26,GregoryCrewd_TL_26,1587,844,447,1
030726_CUS_AhmedM_Salam_26 - Announcement (LE),2026-07-03 14:00:42,AhmedM_Salam_26,15030,1993,274,52
020726_CUS_YoonHyup_LE_26 - Announcement (LE) Wider audience,2026-07-02 17:00:29,YoonHyup_LE_26,45921,8814,676,303
020726_TRNS_Maurizio_NonaOra_26 - On track,2026-07-02 16:00:03,Maurizio_NonaOra_26,640,273,4,0
AUT_GregoryCrewd_TL_26 - Survey repeat buyers (PP TL Flow),2026-07-02 12:25:14,GregoryCrewd_TL_26,342,202,85,1
AUT_GregoryCrewd_TL_26 - Survey first time collectors (PP TL Flow),2026-07-02 12:21:06,GregoryCrewd_TL_26,1214,619,209,9
AUT_GregoryCrewd_TL_26 - Edition Closed (PP TL Flow),2026-07-02 12:04:19,GregoryCrewd_TL_26,1465,589,115,5
AUT_GregoryCrewd_TL_26 - Non-purchaser survey (TL-Flow),2026-07-02 11:40:17,GregoryCrewd_TL_26,5272,790,194,69
AUT_GregoryCrewd_TL_26 - Last Chance (TL Flow),2026-07-02 11:17:25,GregoryCrewd_TL_26,5438,958,400,69
020726_CUS_Backside_LE_26 - Announcement (LE),2026-07-02 10:00:06,Backside_LE_26,11918,1972,350,26
020726_CUS_Backside_LE_26 - Announcement (LE) Local language test EN,2026-07-02 09:23:34,Backside_LE_26,1626,304,95,4
020726_CUS_Backside_LE_26 - Announcement (LE) Local language test JP,2026-07-02 09:22:27,Backside_LE_26,1608,303,92,1
AUT_HankWillisT_LE_26 - Non-purchaser survey (LE),2026-07-01 18:00:30,HankWillisT_LE_26,414,79,26,6
AUT_HankWillisT_LE_26 - Survey repeat buyers (LE),2026-07-01 17:57:58,HankWillisT_LE_26,135,61,27,0
AUT_HankWillisT_LE_26 - Survey first time collectors (LE),2026-07-01 17:55:51,HankWillisT_LE_26,96,45,18,1
010726_TRNS_EddieMart_LE_25 - Printing PP (framed),2026-07-01 17:00:38,EddieMart_LE_25,52,20,0,0
010726_TRNS_EddieMart_LE_25 - Printing PP (unframed),2026-07-01 17:00:15,EddieMart_LE_25,48,20,2,0
300626_CUS_AhmedM_Salam_26 - Early Access (LE) Artists & Editions,2026-07-01 16:00:45,AhmedM_Salam_26,89,19,11,3
300626_CUS_AhmedM_Salam_26 - Early Access (LE) Plain text,2026-07-01 16:00:56,AhmedM_Salam_26,2506,805,454,6
AUT_GregoryCrewd_TL_26 - Halfway (TL Flow),2026-07-01 15:14:52,GregoryCrewd_TL_26,5569,1052,445,61
010626_TRNS_AiWeiwei_FingerSE_25 - On track,2026-07-01 14:00:14,AiWeiwei_FingerSE_25,144,71,3,0
300626_TRNS_GraysonPerry_TL_25 - Signing PP (framed),2026-07-01 14:00:06,GraysonPerry_TL_25,204,98,6,0
010726_TRNS_TakashiMu_LE_26 - Printing PP (unframed),2026-07-01 12:00:46,TakashiMu_LE_26,271,143,3,0
010726_TRNS_TakashiMu_LE_26 - Printing PP (framed),2026-07-01 12:00:34,TakashiMu_LE_26,404,169,6,0
300626_TRNS_MickaleneT_TL_26 - Signing PP (framed),2026-06-30 18:00:10,MickaleneT_TL_26,356,143,8,0
300626_GEN_GregoryCrewd_TL_26 - Now Live (TL Non-flow),2026-06-30 17:00:36,GregoryCrewd_TL_26,123874,13545,2558,665
AUT_FelipePantone_LE_26 - Survey repeat buyers (LE),2026-06-30 16:20:36,FelipePantone_LE_26,56,33,17,0
AUT_FelipePantone_LE_26 - Survey first time collectors (LE),2026-06-30 16:16:01,FelipePantone_LE_26,79,32,10,0
AUT_FelipePantone_LE_26 - Non-purchaser survey (LE),2026-06-30 16:11:59,FelipePantone_LE_26,909,183,41,23
AUT_GregoryCrewd_TL_26 - Now Live (TL Flow),2026-06-30 12:32:12,GregoryCrewd_TL_26,5908,1701,1073,63
300626_CUS_Backside_LE_26 - Early Access (LE) Plain text,2026-06-30 10:00:04,Backside_LE_26,6097,1694,933,12
300626_CUS_Backside_LE_26 - Early Access (LE) Artists & Editions,2026-06-30 10:00:22,Backside_LE_26,5,2,2,0
300626_CUS_Backside_LE_26 - Early Access (LE) Local language test JP,2026-06-30 09:45:00,Backside_LE_26,1640,470,311,2
300626_CUS_Backside_LE_26 - Early Access (LE) Local language test EN,2026-06-30 09:29:28,Backside_LE_26,1641,414,225,3
AUT_GregoryCrewd_TL_26 - Early Access for PP (TL Flow),2026-06-29 17:00:33,GregoryCrewd_TL_26,335,125,84,1
290626_CUS_HankWillisT_LE_26 - Last Chance (LE),2026-06-29 17:00:29,HankWillisT_LE_26,4016,1015,139,13
AUT_JohnsonTs_Alliance_26 - Non-purchaser survey (LE),2026-06-29 15:45:41,JohnsonTs_Alliance_26,374,75,24,7
AUT_JohnsonTs_Alliance_26 - Survey repeat buyers (LE),2026-06-29 15:41:24,JohnsonTs_Alliance_26,88,44,25,0
AUT_JohnsonTs_Alliance_26 - Survey first time collectors (LE),2026-06-29 15:38:29,JohnsonTs_Alliance_26,82,41,21,0
AUT_UrsFischer_LE_26 - Non-purchaser survey (LE),2026-06-29 15:23:44,UrsFischer_LE_26,197,54,16,1
AUT_UrsFischer_LE_26 - Survey repeat buyers (LE),2026-06-29 15:18:30,UrsFischer_LE_26,60,33,12,0
AUT_UrsFischer_LE_26 - Survey first time collectors (LE),2026-06-29 15:14:15,UrsFischer_LE_26,20,2,0,0
AUT_GregoryCrewd_TL_26 - Early Access (TL Flow),2026-06-29 14:55:57,GregoryCrewd_TL_26,6252,2240,1561,56
290626_CUS_LY_LE_26 - Announcement (LE) - Wider send,2026-06-29 14:00:05,LY_LE_26,35072,4470,202,203
240626_CUS_SALES Curtis - Non US - JUNE Monthly Preview,2026-06-29 11:00:59,MONTHLYPREV,43,24,13,0
240626_CUS_SALES Sam - US - JUNE Monthly Preview,2026-06-29 11:00:32,MONTHLYPREV,579,250,109,0
240626_CUS_SALES Curtis - US - JUNE Monthly Preview,2026-06-29 11:00:20,MONTHLYPREV,17,8,7,0
280626_CUS_FelipePantone_LE_26 - Last Chance (LE),2026-06-28 17:00:03,FelipePantone_LE_26,27220,5132,794,115
"270626_GEN_LE_Bundle - Hank Willis, Giuseppe Penone, LY, Zeng Fanzhi",2026-06-27 11:00:41,FREQ_LE_Bundle,140349,14731,1064,745
260526_TRNS_GraysonPerry_TL_25 - Signing PP (unframed),2026-06-26 15:00:25,GraysonPerry_TL_25,224,101,5,0
test 240626_CUS_SALES Sam - Non US - JUNE Monthly Preview,2026-06-26 13:20:00,MONTHLYPREV,3,2,0,0
240626_CUS_SALES Sam - Non US - LY JULY Monthly Preview,2026-06-26 13:19:26,MONTHLYPREV,221,81,44,0
240626_CUS_SALES Sam - Non US - Backside works. JULY Monthly Preview,2026-06-26 13:19:07,MONTHLYPREV,2,1,1,0
240626_CUS_SALES Sam - Non US - Zeng Fanzhi JULY Monthly Preview,2026-06-26 13:18:53,MONTHLYPREV,2,2,2,0
240626_CUS_SALES Sam - Non US - Giuseppe Penone JULY Monthly Preview,2026-06-26 13:18:38,MONTHLYPREV,3,2,2,0
240626_CUS_SALES Sam - Non US - JULY Monthly Preview (Clone),2026-06-26 12:44:43,MONTHLYPREV,749,284,125,1
240626_CUS_SALES Sam - Non US -Yoon Hyup JULY Monthly Preview,2026-06-26 10:47:57,MONTHLYPREV,57,34,22,0
AUT_GregoryCrewd_TL_26 - Deep dive 2 (In conversation with),2026-06-26 10:07:18,GregoryCrewd_TL_26,4618,1022,259,45
260626_CUS_ZengFanzhi_TL_26 - Announcement (LE),2026-06-26 09:00:55,ZengFanzhi_TL_26,140656,16231,1071,831
250626_CUS_YoonHyup_LE_26 - Announcement (LE),2026-06-25 17:00:57,YoonHyup_LE_26,19476,2507,364,66
250626_TRNS_TomasSanchez_TL_26 - Dispatch delay V2 PP (framed),2026-06-25 17:00:27,TomasSanchez_TL_26,32,18,1,0
250626_TRNS_MickaleneT_TL_26 - Signing PP (unframed),2026-06-25 17:00:22,MickaleneT_TL_26,483,201,6,0
250626_CUS_JohnsonTs_Alliance_26 - Last Chance (LE),2026-06-25 13:00:47,JohnsonTs_Alliance_26,6586,1152,180,31
250626_TRNS_JeanMichel_LE_25 - Preparing for dispatch (Batch 1),2026-06-25 12:00:52,JeanMichel_LE_25,33,15,0,0
160626_TRNS_JeanMichel_LE_25 - On track (Batch 2),2026-06-25 12:00:41,JeanMichel_LE_25,82,33,0,0
240626_CUS_UrsFischer_LE_26 - Last Chance (LE),2026-06-24 17:00:55,UrsFischer_LE_26,31637,6228,477,199
230626_CUS_ZengFanzhi_TL_26 - Early Access (LE) Plain text,2026-06-24 13:00:38,ZengFanzhi_TL_26,4569,1550,892,10
230626_CUS_YoonHyup_LE_26 - Early Access (LE) Plain text,2026-06-23 17:00:49,YoonHyup_LE_26,8513,2506,1545,8
230626_TRNS_ShirinNeshat_TL_26 - Signing PP (unframed),2026-06-23 17:00:47,ShirinNeshat_TL_26,131,58,3,0
230626_TRNS_JoelMesler_TL_26 - Printing PP (framed),2026-06-23 17:00:41,JoelMesler_TL_26,46,16,1,0
230626_TRNS_JoelMesler_TL_26 - Printing PP (unframed),2026-06-23 17:00:44,JoelMesler_TL_26,23,11,2,0
230626_TRNS_ShirinNeshat_TL_26 - Signing PP (framed),2026-06-23 17:00:10,ShirinNeshat_TL_26,105,39,2,0
AUT_MiwaKomat_LE_26 - Non-purchaser survey (LE),2026-06-23 15:04:04,MiwaKomat_LE_26,106,37,15,0
AUT_MiwaKomat_LE_26 - Survey repeat buyers (LE),2026-06-23 14:58:18,MiwaKomat_LE_26,32,23,15,0
AUT_MiwaKomat_LE_26 - Survey first time collectors (LE),2026-06-23 14:51:55,MiwaKomat_LE_26,6,5,3,0
AUT_GregoryCrewd_TL_26 - Framing deep dive,2026-06-23 10:40:28,GregoryCrewd_TL_26,5924,1422,338,58
220626_CUS_MiwaKomat_LE_26 - Last Chance (LE),2026-06-22 10:00:17,MiwaKomat_LE_26,3892,1294,247,6
180626_TRNS_MaurizioC_Rev_25 - Preparing for dispatch (remaining batches),2026-06-18 16:00:48,MaurizioC_Rev_25,768,356,10,0
AUT_AWWNT_26 - Human Flow Password,2026-06-18 14:00:46,AWWNT_26,2,2,2,0
170626_CUS_GiuseppePen_LE_26 - Announcement (LE),2026-06-17 12:12:06,GiuseppePen_LE_26,12950,1925,204,54
170626_CUS_GiuseppePen_LE_26 - Announcement (LE) Plain text,2026-06-17 10:52:56,GiuseppePen_LE_26,12800,2407,749,69
160626_CUS_LY_LE_26 - Announcement (LE),2026-06-16 15:00:43,LY_LE_26,11721,1559,204,27
AUT_CarrieMae_TL_25 - Deepdive 1 (A Legacy That Shapes Generations),2026-06-16 14:48:38,CarrieMae_TL_25,9589,2102,384,91
160626_CUS_LY_LE_26 - Announcement (LE) Artists & Editions,2026-06-16 10:30:34,LY_LE_26,162,18,3,2
160626_CUS_LY_LE_26 - Announcement (LE) test JP,2026-06-16 10:02:22,LY_LE_26,1652,265,41,6
160626_CUS_LY_LE_26 - Announcement (LE) test EN,2026-06-16 10:01:54,LY_LE_26,1596,269,33,4
AUT_Winback_flow - Advisor outreach email to 70+ sends unengaged (1 purchase),2026-06-15 17:45:29,Winback_flow,95,10,0,0
AUT_Winback_flow - Advisor outreach email to 70+ sends unengaged (>1 purchase),2026-06-15 17:18:07,Winback_flow,1,0,0,0
AUT_Winback_flow - Advisor outreach email to 70+ sends unengaged (non-purchaser),2026-06-15 17:16:20,Winback_flow,392,72,0,0
150626_CUS_GiuseppePen_LE_26 - Early Access (LE) Plain text,2026-06-15 14:00:42,GiuseppePen_LE_26,8679,2265,952,81
150626_CUS_LY_LE_26 - Early Access (LE) Plain text standard,2026-06-15 10:00:12,LY_LE_26,5405,1756,1093,9
150626_CUS_LY_LE_26 - Early Access (LE) Plain text in Japanese,2026-06-12 15:19:23,LY_LE_26,1911,685,386,11
150626_CUS_LY_LE_26 - Early Access (LE) Plain text in English,2026-06-12 15:18:21,LY_LE_26,1901,567,269,8
"120626_GEN_LE_Bundle - Felipe Pantone, Hank Willis Thomas, Urs Fischer, Johnson Tsang",2026-06-12 15:00:25,FREQ_LE_Bundle,134005,14118,1527,641
110626_CUS_GregoryCrewd_TL_26 - Announcement re-send (TL Non-flow),2026-06-11 17:00:55,GregoryCrewd_TL_26,1111,456,159,3
AUT_CindySher_LE_26 - Survey repeat buyers (LE),2026-06-11 16:34:07,CindySher_LE_26,293,158,66,1
AUT_CindySher_LE_26 - Survey first time collectors (LE),2026-06-11 16:31:58,CindySher_LE_26,161,90,53,1
AUT_CindySher_LE_26 - Non-purchaser survey (LE),2026-06-11 16:24:28,CindySher_LE_26,497,98,32,9
110626_GEN_Collector_Report_2026 - Download collector report,2026-06-11 15:00:41,Collector_Report_2026,127918,13136,1046,261
110626_TRNS_MaurizioC_WATR_Gold - Let us know everything is ok,2026-06-11 11:30:57,MaurizioC_WATR_Gold,1,0,0,0
100626_GEN_GregoryCrewd_TL_26 - Announcement (TL Non-flow),2026-06-10 16:58:25,GregoryCrewd_TL_26,67588,8330,1451,349
100626_GEN_GregoryCrewd_TL_26 - Announcement (TL Non-flow) - Floating CTA,2026-06-10 16:07:26,GregoryCrewd_TL_26,67876,8108,1443,330
AUT_AiWeiwei_Guardian2_26 - Edition Number Confirmed (PP TL Flow),2026-06-10 11:26:12,AiWeiwei_Guardian2_26,777,388,72,1
100626_CUS_SALES_Curtis_Order5_Outreach - Email 1 to 2026 YTD group,2026-06-10 09:15:29,Curtis_Order5_Outreach,317,150,7,1
090626_CUS_CindySher_LE_26 - Last Chance (LE),2026-06-09 17:00:58,CindySher_LE_26,49923,7745,1492,214
AUT_GregoryCrewd_TL_26 - TL Education (TL Flow),2026-06-09 16:57:07,GregoryCrewd_TL_26,4002,1052,202,42
AUT_GregoryCrewd_TL_26 - Welcome (TL FLow),2026-06-09 16:49:48,GregoryCrewd_TL_26,4701,1020,205,64
AUT_GregoryCrewd_TL_26 - Missed launch (TL Flow),2026-06-09 16:26:56,GregoryCrewd_TL_26,21,8,0,0
AUT_GregoryCrewd_TL_26 - Signup Confirmation (TL Flow),2026-06-09 16:06:58,GregoryCrewd_TL_26,6635,2080,702,50
090626_CUS_Maurizio_Therapy_26 - Thank you from Ren,2026-06-09 16:00:52,Maurizio_Therapy_26,265,149,40,0
090626_TRNS_Katharina_TL_25 - Dispatch delay PP (framed),2026-06-09 16:00:42,Katharina_TL_25,7,2,0,0
090626_TRNS_MaurizioC_WATR_Gold - Let us know everything is ok,2026-06-09 16:00:28,MaurizioC_WATR_Gold,4,1,0,0
AUT_GregoryCrewd_TL_26 - Re-subscribe to artists & editions,2026-06-09 15:48:24,GregoryCrewd_TL_26,117,52,5,49
080626_TRNS_LucianFreud_TL_26 - Preparing for dispatch PP (framed),2026-06-09 14:00:09,LucianFreud_TL_26,84,30,3,0
AUT_AiWeiwei_Guardian2_26 - Non-purchaser survey (TL Flow),2026-06-09 11:34:41,AiWeiwei_Guardian2_26,3679,540,136,22
AUT_AiWeiwei_Guardian2_26 - Survey first time collectors (PP TL Flow),2026-06-09 11:28:33,AiWeiwei_Guardian2_26,592,321,140,5
AUT_AiWeiwei_Guardian2_26 - Survey repeat buyers (PP TL Flow),2026-06-09 11:23:17,AiWeiwei_Guardian2_26,160,91,35,0
AUT_AiWeiwei_Guardian2_26 - Edition Closed (PP TL Flow),2026-06-09 10:53:16,AiWeiwei_Guardian2_26,719,343,69,1
080626_CUS_TRNS_CondoCOA_NoSignature,2026-06-09 08:00:02,GeorgeCondo_Model_25,122,102,11,0
080626_TRNS_AiWeiwei_NVase_25 - An update on your order PP (Batch 3),2026-06-08 17:00:53,AiWeiwei_NVase_25,218,87,2,0
280526_TRNS_AiWeiwei_NVase_25 - An update on your order PP (Batch 1),2026-06-08 17:00:38,AiWeiwei_NVase_25,52,27,0,0
080626_TRNS_AiWeiwei_NVase_25 - An update on your order PP (Batch 2),2026-06-08 17:00:30,AiWeiwei_NVase_25,140,62,1,0
AUT_Collector_Report_2026 - Download collector report,2026-06-08 15:38:30,Collector_Report_2026,229,176,158,0
AUT_AiWeiwei_Guardian2_26 - Last Chance (TL Flow),2026-06-08 13:01:35,AiWeiwei_Guardian2_26,3759,615,181,38
080626_CUS_HankWillisT_LE_26 - Announcement (LE),2026-06-08 12:37:24,HankWillisT_LE_26,11132,1533,221,48
080626_CUS_HankWillisT_LE_26 - Announcement (LE) - hyperlink test,2026-06-08 12:32:55,HankWillisT_LE_26,11409,1518,230,48
040626_CUS_JohnsonTs_Alliance_26 - Announcement (LE),2026-06-08 10:56:21,JohnsonTs_Alliance_26,7472,1107,162,37
050626_CUS_HankWillisT_LE_26 - Early Access (LE) Plain text,2026-06-05 17:00:20,HankWillisT_LE_26,3838,1146,669,6
050626_INS_HankWillisT_LE_26 - Early Access for Insiders (Sam) Plain text,2026-06-05 17:00:56,INSIDERSEA,859,282,157,0
050626_INS_HankWillisT_LE_26 - Early Access for Insiders (Curtis) Plain text,2026-06-05 17:00:04,INSIDERSEA,89,48,33,0
050626_CUS_HankWillisT_LE_26 - Early Access (LE) Plain text (Artists & Editions),2026-06-05 17:00:43,HankWillisT_LE_26,28,14,10,0
040626_TRNS_JeffKoons_LE_25 - Production in progress (Batch 3),2026-06-04 17:00:31,JeffKoons_LE_25,225,98,2,0
040626_TRNS_JeffKoons_LE_25 - Production in progress (Batch 1),2026-06-04 17:00:22,JeffKoons_LE_25,35,11,0,0
040626_TRNS_JeffKoons_LE_25 - Production in progress (Batch 2),2026-06-04 17:00:08,JeffKoons_LE_25,209,77,1,0
AUT_90day_Personalised_track - Experience survey,2026-06-04 15:02:06,EddieMart_LE_25,3,3,0,0
AUT_90day_Personalised_track - Day 90,2026-06-04 14:49:16,90day_Personalised_track,5,5,0,0
AUT_90day_Personalised_track - Day 60,2026-06-04 14:48:49,90day_Personalised_track,27,18,0,0
AUT_90day_Personalised_track - Day 0,2026-06-04 14:47:15,90day_Personalised_track,818,344,0,4
040626_CUS_SALES Sam - Non US -JUNE Monthly Preview - whatsapp non send,2026-06-04 14:00:00,MONTHLYPREV,399,173,76,2
AUT_AiWeiwei_Guardian2_26 - Missed launch (TL Flow),2026-06-04 10:27:26,AiWeiwei_Guardian2_26,40,16,2,0
AUT_AiWeiwei_Guardian2_26 - 3 days to go (TL Flow),2026-06-04 10:24:25,AiWeiwei_Guardian2_26,3802,607,177,34
AUT_AntonyMic_LE_26 - Non-purchaser survey (LE),2026-06-04 10:12:20,AntonyMic_LE_26,183,54,14,1
AUT_AntonyMic_LE_26 - Survey repeat buyers (LE),2026-06-04 10:09:07,AntonyMic_LE_26,40,20,5,0
AUT_AntonyMic_LE_26 - Survey first time collectors (LE),2026-06-04 10:06:08,AntonyMic_LE_26,13,10,3,1
030626_CUS_UrsFischer_LE_26 - Announcement (LE) Plain text (Resend - correct link),2026-06-03 18:20:53,UrsFischer_LE_26,474,261,142,2
030626_GEN_CindySher_LE_26 - MoMA 50th Microsite,2026-06-03 18:00:38,CindySher_LE_26,105613,10743,1132,616
010626_TRNS_TomasSanchez_TL_26 - Dispatch delay PP (framed),2026-06-03 17:00:35,TomasSanchez_TL_26,179,105,6,0
040626_CUS_JohnsonTs_Alliance_26 - Announcement (LE) Plain text,2026-06-03 16:56:52,JohnsonTs_Alliance_26,7785,1431,441,36
AUT_AiWeiwei_Guardian2_26 - 5 days to go (TL Flow),2026-06-03 16:27:53,AiWeiwei_Guardian2_26,3858,697,228,40
030626_CUS_UrsFischer_LE_26 - Announcement (LE),2026-06-03 16:16:44,UrsFischer_LE_26,14817,3354,373,101
030626_CUS_UrsFischer_LE_26 - Announcement (LE) Plain text,2026-06-03 16:15:37,UrsFischer_LE_26,14996,3911,1350,86
020626_TRNS_Maurizio_Therapy_26 - Printing PP (framed),2026-06-02 16:00:13,Maurizio_Therapy_26,128,56,0,0
020626_TRNS_Maurizio_Therapy_26 - Printing PP (unframed),2026-06-02 16:00:10,Maurizio_Therapy_26,187,94,5,0
010626_TRNS_JamesJean_Sun_25 - QC Fails (Sculpture & print),2026-06-02 15:00:09,JamesJean_Sun_25,27,16,2,0
010626_GEN_AiWeiwei_Guardian2_26 - Now Live (TL Non-flow),2026-06-02 14:00:13,AiWeiwei_Guardian2_26,121318,15701,2518,606
020626_INS_JohnsonTs_Alliance_26 - Early Access for Insiders (Curtis),2026-06-02 14:00:18,INSIDERSEA,89,34,16,0
020626_INS_JohnsonTs_Alliance_26 - Early Access for Insiders (Sam),2026-06-02 14:00:12,INSIDERSEA,857,257,127,1
020626_CUS_JohnsonTs_Alliance_26 - Early Access (LE) Plain text - Artists & editions,2026-06-02 14:00:50,JohnsonTs_Alliance_26,1307,226,122,17
020626_CUS_JohnsonTs_Alliance_26 - Early Access (LE) Plain text,2026-06-02 14:00:17,JohnsonTs_Alliance_26,5463,1577,967,10
AUT_EddieMart_LE_25 - Non-purchaser survey (LE),2026-06-02 11:45:01,EddieMart_LE_25,145,43,14,2
AUT_EddieMart_LE_25 - Survey repeat buyers (LE),2026-06-02 11:43:12,EddieMart_LE_25,72,45,20,0
AUT_EddieMart_LE_25 - Survey first time collectors (LE),2026-06-02 11:41:36,EddieMart_LE_25,25,14,10,0
AUT_AiWeiwei_Guardian2_26 - Now Live (TL Flow),2026-06-02 09:51:52,AiWeiwei_Guardian2_26,4029,1014,550,42
010626_CUS_UrsFischer_LE_26 - Early Access (LE) Plain text,2026-06-01 17:00:33,UrsFischer_LE_26,10087,2614,1379,58
"010626_CUS_Albers_LE_26 - Josef Miss Outs, Anni Available (draw follow up)",2026-06-01 15:00:19,Albers_LE_26,245,163,148,1
010626_CUS_AiWeiwei_Guardian2_26 - Early Access for PP (TL Non-flow),2026-06-01 14:35:05,AiWeiwei_Guardian2_26,2059,619,181,1
010626_INS_AiWeiwei_Guardian2_26 - Early Access for Insiders (Sam),2026-06-01 14:35:16,INSIDERSEA,857,220,26,0
010626_INS_AiWeiwei_Guardian2_26 - Early Access for Insiders (Curtis),2026-06-01 14:35:09,INSIDERSEA,89,26,2,0
AUT_AiWeiwei_Guardian2_26 - Early Access (TL Flow),2026-06-01 12:39:01,AiWeiwei_Guardian2_26,2082,620,336,19
AUT_AiWeiwei_Guardian2_26 - Early Access (TL Flow) - No free shipping test group,2026-06-01 09:56:31,AiWeiwei_Guardian2_26,2022,606,318,20
220526_CUS_FelipePantone_LE_26 - Announcement (LE) - To rest of general,2026-05-29 17:00:55,FelipePantone_LE_26,116817,12429,1326,770
AUT_Albers_LE_26 - Non-purchaser survey (LE),2026-05-29 16:46:56,Albers_LE_26,4060,981,194,51
AUT_Albers_LE_26 - Survey repeat buyers (LE),2026-05-29 16:41:42,Albers_LE_26,266,157,83,2
AUT_Albers_LE_26 - Survey first time collectors (LE),2026-05-29 16:38:30,Albers_LE_26,398,223,95,0
280526_TRNS_TakashiMu_LE_26 - New dispatch dates PP (framed & unframed) - orders pre-27th of May @ 2pm,2026-05-29 10:00:46,TakashiMu_LE_26,596,286,17,0
280526_Josef Albers_TRNS_DrawResults_Set of 4_Preorders,2026-05-28 18:35:05,Albers_LE_26,36,17,4,0
280526_Josef Albers_TRNS_DrawResults_Pair_Preorders,2026-05-28 18:34:20,Albers_LE_26,8,6,0,0
AUT_TakashiMu_LE_26 - Non-purchaser survey (LE),2026-05-28 18:33:07,TakashiMu_LE_26,1251,395,156,6
AUT_TakashiMu_LE_26 - Survey repeat buyers (LE),2026-05-28 18:23:04,TakashiMu_LE_26,468,291,144,0
AUT_TakashiMu_LE_26 - Survey first time collectors (LE),2026-05-28 18:20:41,TakashiMu_LE_26,129,73,34,0
280526_TRNS_GraysonPerry_TL_25 - Printing PP (unframed),2026-05-28 16:00:30,GraysonPerry_TL_25,225,95,7,0
280526_TRNS_MickaleneT_TL_26 - On track PP (framed),2026-05-28 16:00:27,MickaleneT_TL_26,354,140,5,0
280526_TRNS_GraysonPerry_TL_25 - Printing PP (framed),2026-05-28 16:00:22,GraysonPerry_TL_25,203,87,7,0
280526_TRNS_MickaleneT_TL_26 - On track PP (unframed),2026-05-28 16:00:04,MickaleneT_TL_26,485,194,7,0
280526_TRNS_Maurizio_NonaOra_26 - Production in progress,2026-05-28 16:00:12,Maurizio_NonaOra_26,638,297,5,0
280526_CUS_SALES Curtis - Non US -JUNE Monthly Preview,2026-05-28 14:30:31,MONTHLYPREV,43,20,16,0
280526_CUS_SALES Sam - US -JUNE Monthly Preview,2026-05-28 14:30:09,MONTHLYPREV,581,245,147,1
280526_CUS_SALES Sam - Non US -JUNE Monthly Preview,2026-05-28 14:30:25,MONTHLYPREV,1019,407,232,1
280526_CUS_SALES Curtis - US -JUNE Monthly Preview,2026-05-28 14:30:34,MONTHLYPREV,17,11,9,0
280526_CUS_AntonyMic_LE_26 - Last Chance (LE),2026-05-28 14:00:53,AntonyMic_LE_26,18581,2654,325,100
270526_TakashiMu_LE_26_TRNS_DrawResults_Set of 4_Preorders,2026-05-27 18:55:50,TakashiMu_LE_26,125,73,12,0
270526_CUS_Albers_LE_26 - Last Chance (LE),2026-05-27 17:00:02,Albers_LE_26,39980,4712,658,192
210526_TRNS_Paulnsect_Repeat_25 - Framing in progress PP (framed),2026-05-27 16:00:48,Paulnsect_Repeat_25,32,13,1,0
270526_TRNS_AiWeiwei_FingerSE_25 - Production in progress,2026-05-27 16:00:17,AiWeiwei_FingerSE_25,146,74,2,0
270526_TRNS_Katharina_TL_25 - Framing delay PP (framed),2026-05-27 16:00:10,Katharina_TL_25,107,54,3,0
270526_CUS_MiwaKomat_LE_26 - Announcement (LE) - JP,2026-05-27 10:15:34,MiwaKomat_LE_26,1251,251,67,3
270526_CUS_MiwaKomat_LE_26 - Announcement (LE) - EN,2026-05-27 10:15:35,MiwaKomat_LE_26,1301,271,65,4
270526_CUS_MiwaKomat_LE_26 - Announcement (LE) - Excluding JP audience,2026-05-27 10:00:35,MiwaKomat_LE_26,13491,2389,327,33
260526_CUS_TakashiMu_LE_26 - Last Chance (LE),2026-05-26 17:00:10,TakashiMu_LE_26,6031,2222,758,7
260526_TRNS_ShirinNeshat_TL_26 - Printing PP (framed),2026-05-26 17:00:48,ShirinNeshat_TL_26,105,46,1,0
260526_TRNS_ShirinNeshat_TL_26 - Printing PP (unframed),2026-05-26 17:00:25,ShirinNeshat_TL_26,129,59,1,0
AUT_AiWeiwei_Guardian2_26 - Welcome (TL Flow) (WhatsApp),2026-05-26 16:10:03,AiWeiwei_Guardian2_26,73,24,4,3
AUT_AiWeiwei_Guardian2_26 - Signup Confirmation (TL Flow) (WhatsApp),2026-05-26 16:05:33,AiWeiwei_Guardian2_26,1616,539,182,13
260526_CUS_AiWeiwei_Guardian2_26 - Early Access for past Guardian purchasers (LE),2026-05-26 16:00:08,AiWeiwei_Guardian2_26,1027,345,128,3
260526_CUS_TakashiMu_LE_26 - Last Chance (LE) (Japanese),2026-05-26 10:00:59,TakashiMu_LE_26,2468,669,209,5
250526_CUS_GraysonPerry_TL_25 - Thank you from The Foundling,2026-05-25 17:00:01,GraysonPerry_TL_25,327,165,44,2
220526_CUS_FelipePantone_LE_26 - Announcement (LE),2026-05-22 17:00:22,FelipePantone_LE_26,27609,4318,872,95
220526_CUS_MiwaKomat_LE_26 - Early Access (LE) Plain text,2026-05-22 10:00:15,MiwaKomat_LE_26,3822,1040,592,5
220526_INS_MiwaKomat_LE_26 - Early Access for Insiders (Curtis) Plain text,2026-05-22 10:00:36,INSIDERSEA,89,40,26,0
220526_INS_MiwaKomat_LE_26 - Early Access for Insiders (Sam) Plain text,2026-05-22 10:00:32,INSIDERSEA,857,312,174,1
AUT_JoelMesler_TL_26 - Survey repeat buyers (PP TL Flow),2026-05-21 17:09:16,JoelMesler_TL_26,39,22,14,0
210526_CUS_Albers_LE_26 - Advisor outreach,2026-05-21 17:00:44,Albers_LE_26,98,61,0,0
210526_CUS_Albers_LE_26 - Advisor outreach (Homage to the Square (Red)),2026-05-21 17:00:54,Albers_LE_26,112,62,0,0
AUT_JoelMesler_TL_26 - Survey first time collectors (PP TL Flow),2026-05-21 17:07:10,JoelMesler_TL_26,16,7,4,0
210526_CUS_EddieMart_LE_25 - Last chance (LE),2026-05-21 17:00:20,EddieMart_LE_25,13292,2404,431,32
AUT_JoelMesler_TL_26 - Edition Number Confirmed (PP TL Flow),2026-05-21 17:01:32,JoelMesler_TL_26,0,0,0,0
AUT_JoelMesler_TL_26 - Edition Closed (PP TL Flow),2026-05-21 16:54:16,JoelMesler_TL_26,55,23,6,0
AUT_AiWeiwei_Guardian2_26 - WhatsApp Invite (TL Flow),2026-05-21 15:27:49,AiWeiwei_Guardian2_26,1903,573,219,9
220526_CUS_MiwaKomat_LE_26 - Early Access (LE) Plain text in Japanese,2026-05-21 14:49:39,MiwaKomat_LE_26,1542,565,290,9
220526_CUS_MiwaKomat_LE_26 - Early Access (LE) Plain text in English,2026-05-21 14:31:07,MiwaKomat_LE_26,1439,393,192,7
AUT_AiWeiwei_Guardian2_26 - Deep dive 1 (Decoded),2026-05-20 17:13:15,AiWeiwei_Guardian2_26,3460,901,305,29
200526_INS_FelipePantone_LE_26 - Early Access for Insiders (Curtis) Plain text,2026-05-20 17:00:27,INSIDERSEA,89,41,29,0
200526_CUS_FelipePantone_LE_26 - Early Access (LE) Plain text (Artists & editions),2026-05-20 17:00:40,FelipePantone_LE_26,69,26,21,0
100526_CUS_FelipePantone_LE_26 - Early Access (LE) Plain text,2026-05-20 17:00:13,FelipePantone_LE_26,4072,1247,875,6
200526_GEN_JoelMesler_TL_26 - Now Live (TL Non-flow),2026-05-20 17:00:00,JoelMesler_TL_26,132493,14480,1370,663
200526_INS_FelipePantone_LE_26 - Early Access for Insiders (Sam) Plain text,2026-05-20 17:00:20,INSIDERSEA,857,303,185,0
190526_CUS_EddieMart_LE_25 - 3 days to go (LE) Artists & editions,2026-05-19 17:00:01,EddieMart_LE_25,181,22,5,3
190526_INS_JoelMesler_TL_26 - Early Access for Insiders (Sam),2026-05-19 17:00:49,INSIDERSEA,890,243,35,0
190526_INS_JoelMesler_TL_26 - Early Access for Insiders (Curtis),2026-05-19 17:00:45,INSIDERSEA,91,32,6,0
AUT_JoelMesler_TL_26 - Last Chance (TL Flow),2026-05-19 16:42:23,JoelMesler_TL_26,145,53,12,1
AUT_JoelMesler_TL_26 - Halfway (TL Flow),2026-05-19 16:24:42,JoelMesler_TL_26,146,50,10,1
AUT_JoelMesler_TL_26 - Now Live (TL Flow),2026-05-19 10:33:09,JoelMesler_TL_26,153,62,25,0
AUT_JoelMesler_TL_26 - Early Access (TL Flow),2026-05-19 09:52:53,JoelMesler_TL_26,164,77,33,0
AUT_PaulInsect_Repeat_25 - Non-purchaser survey (LE),2026-05-18 17:45:30,Paulnsect_Repeat_25,226,80,36,0
AUT_PaulInsect_Repeat_25 - Survey repeat buyers (LE),2026-05-18 17:23:21,Paulnsect_Repeat_25,33,22,12,0
AUT_PaulInsect_Repeat_25 - Survey first time collectors (LE),2026-05-18 17:16:36,Paulnsect_Repeat_25,10,4,2,0
180526_TRNS_MaurizioC_LE_26 - Preparing for dispatch PP (framed),2026-05-18 16:00:04,MaurizioC_LE_26,124,49,3,0
150526_CUS_Albers_LE_26 - Deep dive (LE),2026-05-15 17:00:44,Albers_LE_26,4054,1218,318,18
150526_CUS_CindySher_LE_26 - Announcement (LE) Plain text to artist & editions subscribers,2026-05-15 17:00:59,CindySher_LE_26,198,86,60,9
150526_GEN_AiWeiwei_Guardian2_26 - Announcement (TL Non-flow) - Artists & editions subscribers,2026-05-15 16:00:46,AiWeiwei_Guardian2_26,1294,314,103,26
150526_TRNS_MaurizioC_Golden_26 - Preparing for dispatch PP (all),2026-05-15 16:00:39,MaurizioC_WATR_Gold,11,8,1,0
150526_CUS_ZengFanzhi_TL_26 - Announcement (TL Non-flow) - DEMAND TEST 25%,2026-05-15 14:55:00,ZengFanzhi_TL_26,35006,4282,284,185
150526_CUS_AntonyMic_LE_26 - Deep dive (LE),2026-05-15 14:00:34,AntonyMic_LE_26,2538,935,250,2
140526_GEN_CindySher_LE_26 - Announcement (LE),2026-05-14 17:00:39,CindySher_LE_26,117037,13973,3369,592
140526_TRNS_MaurizioC_Rev_25 - On track (remaining batches),2026-05-14 16:00:30,MaurizioC_Rev_25,767,353,16,0
140526_TRNS_LucianFreud_TL_26 - Framing in progress PP (framed),2026-05-14 14:00:59,LucianFreud_TL_26,83,31,3,0
130526_CUS_CindySher_LE_26 - Early Access (LE) Plain text,2026-05-13 17:00:32,CindySher_LE_26,7019,2610,1908,9
130526_INS_CindySher_LE_26 - Early Access for Insiders (Sam) Plain text,2026-05-13 17:00:08,INSIDERSEA,856,312,203,0
130526_INS_CindySher_LE_26 - Early Access for Insiders (Curtis) Plain text,2026-05-13 17:00:11,INSIDERSEA,89,46,36,0
130526_TRNS_Paulnsect_Repeat_25 - Preparing for dispatch PP (unframed),2026-05-13 16:00:48,Paulnsect_Repeat_25,18,9,0,0
130526_TRNS_Drift_LE_25 - Preparing for dispatch,2026-05-13 16:00:42,Drift_LE_25,23,10,2,0
130526_TRNS_LucianFreud_TL_26 - Preparing for dispatch PP (unframed),2026-05-13 15:00:37,LucianFreud_TL_26,80,36,0,0
140526_CUS_CindySher_LE_26 - Announcement (LE) Plain text,2026-05-13 11:12:34,CindySher_LE_26,10873,2283,929,34
140526_CUS_CindySher_LE_26 - Announcement (LE),2026-05-13 11:00:19,CindySher_LE_26,11147,2008,781,47
AUT_JoelMesler_TL_26 - Deep dive 2 (Make–Ready),2026-05-12 16:36:26,JoelMesler_TL_26,155,65,12,0
120526_GEN_AiWeiwei_Guardian2_26 - Announcement (TL Non-flow),2026-05-12 14:00:48,AiWeiwei_Guardian2_26,138611,17710,4199,635
120526_TRNS_JeanMichel_LE_25 - Production in progress,2026-05-12 12:00:50,JeanMichel_LE_25,115,45,2,0
AUT_AiWeiwei_Guardian2_26 - Signup Confirmation (TL Flow),2026-05-12 10:32:38,AiWeiwei_Guardian2_26,2787,891,158,22
AUT_AiWeiwei_Guardian2_26 - Welcome (TL FLow),2026-05-12 10:14:28,AiWeiwei_Guardian2_26,2068,486,86,26
110526_GEN_Albers_LE_26 - Sustain (LE),2026-05-11 17:00:56,Albers_LE_26,134880,13862,2133,586
AUT_AiWeiwei_Guardian2_26 - TL Education (TL Flow),2026-05-11 16:52:40,AiWeiwei_Guardian2_26,1441,374,55,8
AUT_AiWeiwei_Guardian2_26 - Re-subscribe to artists & editions,2026-05-11 16:04:41,AiWeiwei_Guardian2_26,89,44,6,33
080526_TRNS_MaurizioC_Rev_25 - Let us know everything is ok,2026-05-08 18:30:51,MaurizioC_Rev_25,154,56,0,0
080526_CUS_TakashiMu_LE_26 - Clue 2,2026-05-08 17:05:01,TakashiMu_LE_26,414,215,160,0
AUT_Maurizio_Therapy_26 - Non-purchaser survey (LE),2026-05-08 15:40:08,Maurizio_Therapy_26,277,85,29,0
AUT_Maurizio_Therapy_26 - Survey repeat buyers (LE),2026-05-08 15:39:59,Maurizio_Therapy_26,170,109,57,0
AUT_Maurizio_Therapy_26 - Survey first time collectors (LE),2026-05-08 15:31:44,Maurizio_Therapy_26,89,55,37,1
080526_LE_Bundle - Eddie Martinez & Antony Micallef,2026-05-08 14:00:56,FREQ_LE_Bundle,131835,13337,1337,607
080526_TRNS_Katharina_TL_25 - Framing PP (framed),2026-05-08 14:00:29,Katharina_TL_25,108,37,4,0
AUT_GraysonPerry_TL_25 - Edition Number Confirmed (PP TL Flow),2026-05-08 11:31:17,GraysonPerry_TL_25,332,174,37,1
070526_TRNS_TomasSanchez_TL_26 - Framing PP (framed),2026-05-07 17:00:40,TomasSanchez_TL_26,179,100,4,0
070526_CUS_TakashiMu_LE_26 - Clue 1,2026-05-07 16:05:24,TakashiMu_LE_26,380,236,180,0
070526_CUS_AntonyMic_LE_26 - Pre Order For Last Year Early Access (LE),2026-05-07 14:00:40,AntonyMic_LE_26,5668,1404,259,14
AUT_GraysonPerry_TL_25 - Survey repeat buyers (PP TL Flow),2026-05-07 09:59:29,GraysonPerry_TL_25,147,84,47,0
AUT_GraysonPerry_TL_25 - Survey first time collectors (PP TL Flow),2026-05-07 09:57:05,GraysonPerry_TL_25,179,101,51,0
AUT_GraysonPerry_TL_25 - Edition Closed (PP TL Flow),2026-05-07 09:33:10,GraysonPerry_TL_25,320,152,43,0
AUT_GraysonPerry_TL_25 - Missed launch (TL Flow),2026-05-07 09:23:51,GraysonPerry_TL_25,11,3,1,0
AUT_TakashiMu_LE_26 - Clue 2,2026-05-06 17:22:24,TakashiMu_LE_26,0,0,0,0
AUT_TakashiMu_LE_26 - Clue 1,2026-05-06 17:05:51,TakashiMu_LE_26,0,0,0,0
060526_TRNS_MarinaAbr-1502 - Framing delay PP (framed),2026-05-06 17:00:26,MarinaAbr-1502,407,189,12,0
060526_TRNS_AiWeiwei_SelfPortrait_26 - Dispatch delay (All),2026-05-06 14:00:25,AiWeiwei_SelfPortrait_26,107,50,1,0
AUT_GraysonPerry_TL_25 - Last Chance (TL Flow),2026-05-06 12:11:30,GraysonPerry_TL_25,671,144,51,1
050526_GEN_TakashiMu_LE_26 - Treasure Hunt Announcement (LE) (V2 Japanese),2026-05-06 01:00:58,TakashiMu_LE_26,2351,587,227,9
050526_GEN_TakashiMu_LE_26 - Treasure Hunt Announcement (LE) (V2)),2026-05-05 18:13:18,TakashiMu_LE_26,108468,13572,2262,415
040526_CUS_Maurizio_Therapy_26 - Last chance (LE),2026-05-04 17:00:01,Maurizio_Therapy_26,2045,755,133,2
010526_GEN_TakashiMu_LE_26 - Announcement (LE),2026-05-01 17:00:53,TakashiMu_LE_26,102172,14531,4654,380
AUT_JoelMesler_TL_26 - Deep dive 1 (Interview),2026-05-01 16:29:44,JoelMesler_TL_26,144,57,23,0
AUT_ShirinNeshat_TL_26 - Edition Number Confirmed (PP TL Flow),2026-05-01 16:03:36,ShirinNeshat_TL_26,131,61,16,0
010526_CUS_AntonyMic_LE_26 - Announcement (LE),2026-05-01 14:00:59,AntonyMic_LE_26,7079,1255,288,25
010526_TRNS_MaurizioC_Rev_25 - New estimated dispatch date (batch 1 - QC fails for repair),2026-05-01 14:00:01,MaurizioC_Rev_25,16,4,0,0
010526_CUS_Maurizio_Therapy_26 - Exclusive Access La Nona Ora Purchasers,2026-05-01 14:00:16,Maurizio_Therapy_26,287,147,57,1
010526_TRNS_TomasSanchez_TL_26 - Preparing for dispatch PP (unframed),2026-05-01 10:00:36,TomasSanchez_TL_26,433,206,8,0
240426_CUS_Albers_LE_26 - Announcement (LE),2026-04-30 17:00:16,Albers_LE_26,36697,4478,899,190
300426_TRNS_AiWeiwei_NVase_25 - New estimated dispatch date (Batch 2),2026-04-30 16:00:46,AiWeiwei_NVase_25,142,67,3,0
300426_TRNS_AiWeiwei_NVase_25 - New estimated dispatch date (Batch 3),2026-04-30 16:00:42,AiWeiwei_NVase_25,225,103,4,0
300426_TRNS_AiWeiwei_NVase_25 - New estimated dispatch date (Batch 1),2026-04-30 16:00:12,AiWeiwei_NVase_25,53,25,0,0
300426_TRNS_JamesJean_Sun_25 - New estimated dispatch date (Sculpture & print),2026-04-30 15:00:22,JamesJean_Sun_25,174,94,6,0
300426_CUS_TakashiMu_LE_26 - Early Access (LE) (Plain text test) (V2) (Clone),2026-04-30 14:56:50,TakashiMu_LE_26,0,0,0,0
300426_CUS_TakashiMu_LE_26 - Early Access (LE) (V2),2026-04-30 14:56:07,TakashiMu_LE_26,0,0,0,0
300426_GEN_GraysonPerry_TL_25 - Now Live (TL Non-flow),2026-04-30 14:00:59,GraysonPerry_TL_25,89703,8324,1011,355
290426_CUS_TakashiMu_LE_26 - Early Access (LE) (Japanese),2026-04-30 13:46:02,TakashiMu_LE_26,2459,844,514,4
290426_CUS_TakashiMu_LE_26 - Early Access (LE),2026-04-30 12:41:17,TakashiMu_LE_26,4327,1387,874,3
290426_CUS_TakashiMu_LE_26 - Early Access (LE) (Plain text test),2026-04-30 12:05:23,TakashiMu_LE_26,4379,1661,1221,7
230426_CUS_Albers_LE_26 - Early Access (LE) (Plain text test),2026-04-29 16:11:00,Albers_LE_26,3874,1056,561,6
230426_CUS_Albers_LE_26 - Early Access (LE),2026-04-29 16:10:28,Albers_LE_26,3880,1108,352,11
290426_CUS_GraysonPerry_TL_25 - Early Access for PP (TL Non-flow),2026-04-29 14:15:59,GraysonPerry_TL_25,614,239,137,0
290426_CUS_SALES Curtis - Non US - MAY Monthly Preview,2026-04-29 14:00:39,MONTHLYPREV,117,39,24,2
290426_CUS_SALES Curtis - US - MAY Monthly Preview,2026-04-29 14:00:14,MONTHLYPREV,37,16,7,0
290426_CUS_SALES Sam - US - MAY Monthly Preview,2026-04-29 14:00:53,MONTHLYPREV,498,241,143,0
290426_CUS_SALES Sam - Non US - MAY Monthly Preview (Plain Text Test),2026-04-29 13:51:27,MONTHLYPREV,427,183,115,0
290426_CUS_SALES Sam - Non US - MAY Monthly Preview,2026-04-29 13:31:15,MONTHLYPREV,467,221,140,0
280426_GEN_ShirinNeshat_TL_26 - Now Live (TL Non-flow),2026-04-28 17:00:58,ShirinNeshat_TL_26,124448,13379,1331,617
290426_CUS_Paulnsect_Repeat_25 - Last chance (LE),2026-04-28 17:00:44,Paulnsect_Repeat_25,5083,1582,326,10
280426_CUS_AntonyMic_LE_26 - Early Access (LE) (Plain text test),2026-04-28 12:54:27,AntonyMic_LE_26,760,214,117,2
280426_CUS_AntonyMic_LE_26 - Early Access (LE),2026-04-28 12:45:59,AntonyMic_LE_26,747,180,79,1
270426_INS_ShirinNeshat_TL_26 - Early Access for Insiders (Sam),2026-04-27 17:00:52,INSIDERSEA,746,247,14,0
270426_CUS_ShirinNeshat_TL_26 - Early Access for PP (TL Non-flow),2026-04-27 17:00:05,ShirinNeshat_TL_26,278,106,40,0
270426_INS_ShirinNeshat_TL_26 - Early Access for Insiders (Curtis),2026-04-27 17:00:17,INSIDERSEA,150,49,5,0
240426_TRNS_JamesJean_Sun_25 - Delay (Sculpture & print),2026-04-24 17:15:17,JamesJean_Sun_25,174,95,3,0
240426_CUS_EddieMart_LE_25 - Announcement (LE),2026-04-24 17:00:54,EddieMart_LE_25,26674,4121,600,76
200426_TRNS_MaurizioC_LE_26 - Printing PP (framed),2026-04-24 15:30:33,MaurizioC_LE_26,125,51,1,0
200426_TRNS_MaurizioC_LE_26 - Signing PP (unframed),2026-04-24 15:30:06,MaurizioC_LE_26,155,82,0,0
220426_CUS_EddieMart_LE_25 - Early Access (LE) (Plain text test) (Clone for Tom),2026-04-24 13:57:43,EddieMart_LE_25,1,0,0,0
220426_CUS_EddieMart_LE_25 - Early Access (LE) (Plain text test),2026-04-24 13:59:24,EddieMart_LE_25,5379,1444,767,5
AUT_Maurizio_NonaOra_26 - Non-purchaser survey (LE),2026-04-24 11:39:35,Maurizio_NonaOra_26,645,172,64,5
AUT_Maurizio_NonaOra_26 - Survey repeat buyers (LE),2026-04-24 11:35:28,Maurizio_NonaOra_26,156,97,57,0
AUT_Maurizio_NonaOra_26 - Survey first time collectors (LE),2026-04-24 11:32:12,Maurizio_NonaOra_26,136,78,44,0
AUT_GraysonPerry_TL_25 - Now Live (TL Flow),2026-04-24 11:28:12,GraysonPerry_TL_25,2748,680,405,20
AUT_ShirinNeshat_TL_26 - Survey repeat buyers (PP TL Flow),2026-04-24 11:18:29,ShirinNeshat_TL_26,72,46,29,0
AUT_ShirinNeshat_TL_26 - Survey first time collectors (PP TL Flow),2026-04-24 11:15:05,ShirinNeshat_TL_26,56,26,15,0
AUT_ShirinNeshat_TL_26 - Edition Closed (PP TL Flow),2026-04-24 10:58:50,ShirinNeshat_TL_26,218,89,20,0
AUT_GraysonPerry_TL_25 - Early Access (TL Flow),2026-04-24 09:49:07,GraysonPerry_TL_25,2858,808,528,14
230426_TRNS_MickaleneT_TL_26 - Printing PP (unframed),2026-04-23 17:00:55,MickaleneT_TL_26,484,214,13,0
230426_TRNS_MickaleneT_TL_26 - Printing PP (framed),2026-04-23 17:00:07,MickaleneT_TL_26,353,151,10,0
230426_CUS_Maurizio_NonaOra_26 - Last chance re-send (LE),2026-04-23 12:00:25,Maurizio_NonaOra_26,12686,3616,213,99
AUT_Gen_Sign_Up - Welcome 1 (FLow),2026-04-22 18:27:48,Welcome_Evergreen,1451,379,110,19
AUT_Gen_Sign_Up - Welcome 2 (FLow),2026-04-22 18:26:46,Welcome_Evergreen,1408,280,30,25
AUT_Gen_Sign_Up - Welcome 3 (Flow),2026-04-22 18:25:53,Welcome_Evergreen,1359,250,20,30
220426_GEN_Maurizio_NonaOra_26 - Last chance (LE) & Live stream update,2026-04-22 17:00:04,Maurizio_NonaOra_26,125667,12514,1279,625
220426_INS_EddieMart_LE_25 - Early Access for Insiders (Curtis),2026-04-22 17:00:27,INSIDERSEA,150,50,25,0
220426_INS_EddieMart_LE_25 - Early Access for Insiders (Sam),2026-04-22 17:00:26,INSIDERSEA,746,229,81,0
220426_CUS_Maurizio_NonaOra_26 - Exclusive Access Ai Weiwei Arm Draw Miss Outs,2026-04-22 17:00:47,Maurizio_NonaOra_26,87,29,3,1
220426_TRNS_MarinaAbr-1502 - Framing PP (framed),2026-04-22 16:00:23,MarinaAbr-1502,407,157,6,0
210426_GEN_JoelMesler_TL_26 - Announcement (TL Non-flow),2026-04-21 17:00:11,JoelMesler_TL_26,136022,15701,2532,632
AUT_JoelMesler_TL_26 - Signup Confirmation (TL Flow),2026-04-21 16:56:37,JoelMesler_TL_26,238,91,19,0
AUT_ShirinNeshat_TL_26 - Non-purchaser survey (TL Flow),2026-04-21 16:43:58,ShirinNeshat_TL_26,240,66,22,1
AUT_ShirinNeshat_TL_26 - Last Chance (TL Flow),2026-04-21 16:38:25,ShirinNeshat_TL_26,778,151,61,3
AUT_ShirinNeshat_TL_26 - Halfway (TL Flow),2026-04-21 16:30:07,ShirinNeshat_TL_26,791,142,64,4
AUT_ShirinNeshat_TL_26 - Now Live (TL Flow),2026-04-21 16:24:09,ShirinNeshat_TL_26,834,225,147,3
AUT_ShirinNeshat_TL_26 - Early Access (TL Flow),2026-04-21 16:10:48,ShirinNeshat_TL_26,897,296,186,4
AUT_GraysonPerry_TL_25 - Non-purchaser survey (TL Flow),2026-04-21 15:57:45,GraysonPerry_TL_25,1449,288,104,7
AUT_GraysonPerry_TL_25 - 3 days to go (TL Flow),2026-04-21 14:59:22,GraysonPerry_TL_25,683,136,44,3
AUT_GraysonPerry_TL_25 - 5 days to go (TL Flow),2026-04-21 14:52:25,GraysonPerry_TL_25,689,154,57,3
210426_CUS_AiWeiwei_FingerSE_25 - Last chance (LE),2026-04-21 14:00:29,AiWeiwei_FingerSE_25,2839,812,171,16
AUT_ShirinNeshat_TL_26 - Deep dive 3 (Framing),2026-04-21 11:44:12,LucianFreud_TL_26,372,124,40,2
AUT_GraysonPerry_TL_25 - Framing deep dive 3,2026-04-21 11:10:52,GraysonPerry_TL_25,1511,376,116,6
AUT_GraysonPerry_TL_25 - Deep dive 2 (BTS M–R),2026-04-21 10:30:39,GraysonPerry_TL_25,2468,556,159,15
200426_TRNS_Katharina_TL_25 - Signing PP (unframed) re-send,2026-04-20 18:30:43,Katharina_TL_25,192,95,4,0
AUT_JoelMesler_TL_26 - Non-purchaser survey (TL Flow),2026-04-20 17:42:38,JoelMesler_TL_26,141,65,15,1
AUT_JoelMesler_TL_26 - Missed launch (TL Flow),2026-04-20 17:39:03,JoelMesler_TL_26,7,2,0,0
AUT_JoelMesler_TL_26 - TL Education (TL Flow),2026-04-20 17:18:06,JoelMesler_TL_26,85,18,7,0
AUT_JoelMesler_TL_26 - Welcome (TL FLow),2026-04-20 17:10:25,JoelMesler_TL_26,86,12,4,1
200426_TRNS_Katharina_TL_25 - Signing PP (framed),2026-04-20 17:00:34,Katharina_TL_25,108,43,4,0
200426_TRNS_Katharina_TL_25 - Signing PP (unframed),2026-04-20 17:00:02,Katharina_TL_25,194,87,2,0
AUT_JoelMesler_TL_26 - Re-subscribe to artists & editions,2026-04-20 16:12:25,JoelMesler_TL_26,11,2,0,4
220426_CUS_EddieMart_LE_25 - Early Access (LE),2026-04-20 14:26:54,EddieMart_LE_25,5316,1070,306,7
170426_TRNS_ManRay_TL_25 - Framing PP (framed),2026-04-17 17:00:43,ManRay_TL_25,166,68,3,0
170425_TRNS_Drift_LE_25 - Edition in progress,2026-04-17 14:00:22,Drift_LE_25,22,14,2,0
AUT_LucianFreud_TL_26 - Edition Number Confirmed (PP TL Flow),2026-04-17 13:27:19,LucianFreud_TL_26,156,76,21,1
160426_CUS_Paulnsect_Repeat_25 - Announcement re-send (LE),2026-04-16 17:00:00,Paulnsect_Repeat_25,130906,13168,1987,638
160426_TRNS_JeffKoons_LE_25 - Production in progress (All batches),2026-04-16 17:00:11,JeffKoons_LE_25,465,192,10,0
AUT_ShirinNeshat_TL_26 - Deep dive 2 (two of the most important series from her career),2026-04-16 14:06:30,ShirinNeshat_TL_26,697,187,61,4
AUT_GraysonPerry_TL_25 - Deep dive 1,2026-04-16 12:37:36,GraysonPerry_TL_25,2706,705,247,22
AUT_ShirinNeshat_TL_26 - Shirin/Marina,2026-04-15 17:00:26,ShirinNeshat_TL_26,7046,1166,431,40
AUT_ShirinNeshat_TL_26 - Deep dive 1 (Interview),2026-04-15 16:45:48,ShirinNeshat_TL_26,838,210,58,5
AUT_LucianFreud_TL_26 - Survey repeat buyers (PP TL Flow),2026-04-15 13:04:50,LucianFreud_TL_26,72,43,14,0
AUT_LucianFreud_TL_26 - Survey first time collectors (PP TL Flow),2026-04-15 13:01:49,LucianFreud_TL_26,79,34,14,0
AUT_LucianFreud_TL_26 - Edition Closed (PP TL Flow),2026-04-15 12:44:51,LucianFreud_TL_26,145,60,24,1
AUT_LucianFreud_TL_26 - Halfway (TL Flow),2026-04-15 12:23:57,LucianFreud_TL_26,1120,189,74,10
AUT_LucianFreud_TL_26 - Last Chance (TL Flow),2026-04-15 12:22:10,LucianFreud_TL_26,1103,173,69,7
AUT_GrantRiven_LE_26 - Non-purchaser survey (LE),2026-04-14 16:29:31,GrantRiven_LE_26,77,21,7,0
AUT_GrantRiven_LE_26 - Survey repeat buyers (LE),2026-04-14 16:27:00,GrantRiven_LE_26,13,6,4,0
AUT_GrantRiven_LE_26 - Survey first time collectors (LE),2026-04-14 16:22:56,GrantRiven_LE_26,1,1,0,0
140426_TRNS_MaurizioC_Rev_25 - New estimated dispatch date (batch 1 new),2026-04-14 15:00:42,MaurizioC_Rev_25,107,48,4,0
140426_TRNS_MaurizioC_Rev_25 - On track (remaining batches),2026-04-14 15:00:21,MaurizioC_Rev_25,767,344,6,0
140426_GEN_LucianFreud_TL_26 - Now Live (TL Non-flow),2026-04-14 14:00:49,LucianFreud_TL_26,134439,16324,2680,562
AUT_LucianFreud_TL_26 - Now Live (TL flow),2026-04-14 13:50:21,LucianFreud_TL_26,1136,266,167,6
130426_GEN_Maurizio_Therapy_26 - Announcement (LE),2026-04-13 17:00:48,Maurizio_Therapy_26,122418,14435,1879,606
130426_INS_LucianFreud_TL_26 - Early Access for Insiders (Sam),2026-04-13 14:00:31,INSIDERSEA,690,185,32,0
130426_INS_LucianFreud_TL_26 - Early Access for Insiders (Curtis),2026-04-13 14:00:05,INSIDERSEA,147,41,6,0
130426_CUS_LucianFreud_TL_26 - Early Access for PP (TL Non-flow),2026-04-13 14:00:43,LucianFreud_TL_26,215,63,16,0
AUT_LucianFreud_TL_26 - Early Access (TL Flow),2026-04-13 11:42:31,LucianFreud_TL_26,1090,323,187,5
100426_CUS_Maurizio_Therapy_26 - Early Access (LE),2026-04-10 15:00:49,Maurizio_Therapy_26,7427,2137,938,90
100426_INS_Maurizio_Therapy_26 - Early Access for Insiders (Curtis),2026-04-10 15:00:19,INSIDERSEA,164,45,25,0
100426_INS_Maurizio_Therapy_26 - Early Access for Insiders (Sam),2026-04-10 15:00:46,INSIDERSEA,779,223,65,0
100426_Survey_Completion_26 - Q1 Winner,2026-04-10 11:59:06,Survey_Completion,1,1,0,0
090426_CUS_Paulnsect_Repeat_25 - Announcement (LE),2026-04-09 17:00:21,Paulnsect_Repeat_25,26116,4138,708,100
AUT_Maurizio_NT_26 - Design week breakfast,2026-04-09 17:00:23,Maurizio_NT26,2077,546,163,13
090426_TRNS_AiWeiwei_NVase_25 - Delay (batch 1),2026-04-09 16:00:29,AiWeiwei_NVase_25,52,25,0,0
090426_TRNS_LucTuymans_LE_26 - Preparing for dispatch (Unframed),2026-04-09 16:00:33,LucTuymans_LE_26,40,22,2,0
090426_TRNS_TomasSanchez_TL_26 - Signing PP (framed),2026-04-09 16:00:25,TomasSanchez_TL_26,179,89,10,0
090426_TRNS_AiWeiwei_SelfPortrait_26 - Signing in progress (All),2026-04-09 16:00:14,AiWeiwei_SelfPortrait_26,109,51,2,0
090426_TRNS_LucTuymans_LE_26 - Framing in progress (framed),2026-04-09 16:00:05,LucTuymans_LE_26,49,31,0,0
090426_TRNS_TomasSanchez_TL_26 - Signing PP (unframed),2026-04-09 16:00:09,TomasSanchez_TL_26,435,196,4,0
AUT_LucianFreud_TL_26 - Framing deep dive 3,2026-04-09 11:36:35,LucianFreud_TL_26,673,167,51,2
080426_GrantRiven_LE_26 - Last chance (LE),2026-04-08 17:00:03,GrantRiven_LE_26,884,250,77,0
080426_GEN_GraysonPerry_TL_25 - Announcement (Artist & Editions subscribers),2026-04-08 14:00:49,GraysonPerry_TL_25,178,59,33,1
080426_CUS_SALES Curtis - NON US - APRIL Monthly Preview,2026-04-08 14:00:53,MONTHLYPREV,118,32,19,0
080426_CUS_SALES Curtis - US - APRIL Monthly Preview,2026-04-08 14:00:04,MONTHLYPREV,39,12,5,0
080426_CUS_SALES Sam - US - APRIL Monthly Preview,2026-04-08 14:00:46,MONTHLYPREV,499,200,130,0
080426_CUS_SALES Sam - Non US - APRIL Monthly Preview,2026-04-08 14:00:29,MONTHLYPREV,876,366,241,1
AUT_GraysonPerry_TL_25 - TL Education (TL Flow),2026-04-08 11:48:42,GraysonPerry_TL_25,1569,327,84,11
AUT_GraysonPerry_TL_25 - Welcome (TL FLow),2026-04-08 11:28:09,GraysonPerry_TL_25,1996,356,80,18
080426_GEN_GraysonPerry_TL_25 - Announcement (TL Non-flow - Plain text),2026-04-08 10:46:31,GraysonPerry_TL_25,32280,4999,2062,139
080426_GEN_GraysonPerry_TL_25 - Announcement (TL Non-flow),2026-04-08 10:24:04,GraysonPerry_TL_25,97482,12524,2043,460
070426_CUS_Incorrect_link - Apology,2026-04-07 17:45:31,Paulnsect_Repeat_25,2343,722,476,2
AUT_GraysonPerry_TL_25 - Signup Confirmation (TL Flow),2026-04-07 17:12:36,GraysonPerry_TL_25,2962,885,261,21
070426_GEN_ShirinNeshat_TL_26 - Announcement (Artist & editions subscribers),2026-04-07 17:00:15,ShirinNeshat_TL_26,51,20,14,0
070426_INS_Paulnsect_Repeat_25 - Early Access for Insiders (Curtis),2026-04-07 17:00:02,INSIDERSEA,157,47,22,0
070426_INS_Paulnsect_Repeat_25 - Early Access for Insiders (Sam),2026-04-07 17:00:13,INSIDERSEA,757,246,75,0
AUT_ShirinNeshat_TL_26 - Missed launch (TL Flow),2026-04-07 16:56:51,ShirinNeshat_TL_26,20,3,0,0
070426_CUS_Paulnsect_Repeat_25 - Early Access (LE),2026-04-07 16:51:28,Paulnsect_Repeat_25,2344,581,254,4
070426_CUS_Paulnsect_Repeat_25 - Early Access (Plain text test),2026-04-07 16:48:14,Paulnsect_Repeat_25,2344,612,361,1
AUT_GraysonPerry_TL_25 - Re-subscribe to artists & editions,2026-04-07 16:33:23,GraysonPerry_TL_25,57,27,1,25
070426_TRNS_ManRay_TL_25 - Preparing for dispatch (Unframed),2026-04-07 16:00:41,ManRay_TL_25,185,67,1,0
AUT_ShirinNeshat_TL_26 - Welcome (TL FLow),2026-04-07 15:57:59,ShirinNeshat_TL_26,494,118,22,5
070426_TRNS_JeanMichel_LE_25 - Production in progress,2026-04-07 14:00:33,JeanMichel_LE_25,116,46,2,0
070426_GEN_ShirinNeshat_TL_26 - Announcement (TL Non-flow),2026-04-07 13:53:15,ShirinNeshat_TL_26,126111,15105,2344,569
AUT_Maurizio_NonaOra_26 - Hotline announcement,2026-04-03 15:00:52,Maurizio_NonaOra_26,131136,15010,956,619
020426_GEN_Maurizio_NonaOra_26 - Announcement (LE),2026-04-02 15:00:18,Maurizio_NonaOra_26,131175,17434,2336,598
AUT_ShirinNeshat_TL_26 - TL Education (TL Flow),2026-04-01 18:05:11,ShirinNeshat_TL_26,410,106,30,3
AUT_ShirinNeshat_TL_26 - Signup Confirmation (TL Flow),2026-04-01 16:59:09,ShirinNeshat_TL_26,942,308,74,3
AUT_ShirinNeshat_TL_26 - Re-subscribe to artists & editions,2026-04-01 16:38:32,ShirinNeshat_TL_26,17,8,0,7
AUT_LucianFreud_TL_26 - Deep dive 2 (Make–Ready BTS),2026-04-01 10:44:18,LucianFreud_TL_26,1031,232,85,6
010426_CUS_Maurizio_NonaOra_26 - Early Access for Insiders (Curtis),2026-03-31 17:00:20,INSIDERSEA,157,58,30,0
010426_CUS_Maurizio_NonaOra_26 - Early Access for Insiders (Sam),2026-03-31 17:00:46,INSIDERSEA,759,241,100,0
AUT_LucTuymans_LE_26 - Non-purchaser survey (LE),2026-03-31 17:03:21,LucTuymans_LE_26,231,61,23,3
310326_TRNS_MarinaAbr-1502 - Signing PP (unframed),2026-03-31 17:00:14,MarinaAbr-1502,623,315,12,0
310326_TRNS_MarinaAbr-1502 - Signing PP (framed),2026-03-31 17:00:32,MarinaAbr-1502,408,162,9,0
AUT_LucTuymans_LE_26 - Survey repeat buyers (LE),2026-03-31 16:58:36,LucTuymans_LE_26,34,24,11,0
AUT_LucTuymans_LE_26 - Survey first time collectors (LE),2026-03-31 16:56:18,LucTuymans_LE_26,45,33,26,0
310326_GEN_AiWeiwei_FingerSE_25 - Announcement,2026-03-31 14:00:37,AiWeiwei_FingerSE_25,130175,17274,2365,616
300326_LucTuymans_LE_26 - Last chance (LE),2026-03-30 16:00:57,LucTuymans_LE_26,889,343,129,1
310326_CUS_Maurizio_NonaOra_26 - Early Access (Plain text test),2026-03-30 15:41:56,Maurizio_NonaOra_26,3022,1175,833,17
260326_CUS_AiWeiwei_FingerSE_25 - Early Access (Plain text test),2026-03-30 15:39:46,AiWeiwei_FingerSE_25,3696,926,573,17
310326_CUS_Maurizio_NonaOra_26 - Early Access (LE),2026-03-30 15:36:02,Maurizio_NonaOra_26,2953,1036,620,28
AUT_Gen_Sign_Up - Welcome 4 (FLow),2026-03-30 15:14:41,Welcome_Evergreen,1323,213,12,16
260326_CUS_AiWeiwei_FingerSE_25 - Early Access (LE),2026-03-30 14:16:34,AiWeiwei_FingerSE_25,10466,2358,807,51
260326_INS_AiWeiwei_FingerSE_25 - Early Access for Insiders (Sam),2026-03-30 14:00:41,INSIDERSEA,777,240,81,0
260326_INS_AiWeiwei_FingerSE_25 - Early Access for Insiders (Curtis),2026-03-30 14:00:24,INSIDERSEA,164,47,23,0
260326_TRNS_JamesJean_Sun_25 - Preparing for dispatch (Sculpture & print),2026-03-26 17:00:42,JamesJean_Sun_25,175,89,2,0
260326_TRNS_EmCooper_TL_25 - Preparing for dispatch (Unframed),2026-03-26 14:00:45,EmCooper_TL_25,19,9,0,0
260326_TRNS_EmCooper_TL_25 - Preparing for dispatch (Framed),2026-03-26 14:00:15,EmCooper_TL_25,21,14,1,0
240326_TRNS_CleonPeter_Timed_25 - Preparing for dispatch,2026-03-25 18:00:38,CleonPeter_Timed_25,273,129,10,0
AUT_TomasSanchez_TL_26 - Launching in 3 days (framing spotlight),2026-03-25 17:56:17,TomasSanchez_TL_26,0,0,0,0
AUT_LucianFreud_TL_26 - Deep dive 1 (Q&A with David Dawson),2026-03-24 17:35:15,LucianFreud_TL_26,1132,262,55,5
170326_CUS_MaurizioC_WATR_Gold - outreach to gauge interest,2026-03-23 15:00:39,MaurizioC_LE_26,4864,1449,42,39
200326_TRNS_Email sent in error - Apology,2026-03-20 18:45:06,MickaleneT_TL_26,3134,535,7,31
200326_TRNS_MaurizioC_LE_26 - Printing PP (framed),2026-03-20 17:00:32,MaurizioC_LE_26,58,27,0,0
200326_TRNS_MaurizioC_LE_26 - Printing PP (framed & unframed) - Pre Feb 18 orders,2026-03-20 17:00:33,MaurizioC_LE_26,162,71,3,0
200326_TRNS_MaurizioC_LE_26 - Printing PP (unframed),2026-03-20 17:00:08,MaurizioC_LE_26,60,26,1,0
AUT_MickaleneT_TL_26 - Non-purchaser survey (TL Flow),2026-03-20 16:56:44,MickaleneT_TL_26,3188,348,72,5
200326_TRNS_CONDOPRINT - George Condo (2024 editions) COA Dispatch,2026-03-20 15:00:19,CONDOPRINT,244,169,147,0
AUT_MickaleneT_TL_26 - Edition Number Confirmed (PP TL Flow),2026-03-20 14:48:54,MickaleneT_TL_26,815,408,169,6
190326_TRNS_JohnsonTs_SE_25 - Preparing for dispatch,2026-03-19 13:00:35,JohnsonTs_SE_25,149,73,3,0
AUT_JeffKoons_LE_25 - Survey repeat buyers (LE),2026-03-19 12:52:51,JeffKoons_LE_25,182,110,56,0
AUT_JeffKoons_LE_25 - Survey first time collectors (LE),2026-03-19 12:51:57,JeffKoons_LE_25,225,126,67,1
190326_TRNS_TomoKazum_Shaped_25 - New estimated dispatch date,2026-03-19 11:00:28,TomoKazum_Shaped_25,41,23,1,0
AUT_MickaleneT_TL_26 - Survey first time collectors (PP TL Flow),2026-03-18 17:32:59,MickaleneT_TL_26,573,316,119,5
AUT_MickaleneT_TL_26 - Survey repeat buyers (PP TL Flow),2026-03-18 17:32:18,MickaleneT_TL_26,218,123,56,0
AUT_MickaleneT_TL_26 - Edition Closed (PP TL Flow),2026-03-18 17:18:31,MickaleneT_TL_26,745,312,61,5
180326_TRNS_ManRay_TL_25 - Printing PP (unframed),2026-03-18 17:00:58,ManRay_TL_25,185,78,2,0
180326_TRNS_ManRay_TL_25 - Printing PP (framed),2026-03-18 17:00:58,ManRay_TL_25,165,76,1,0
AUT_MickaleneT_TL_26 - Last Chance (TL Flow),2026-03-18 16:59:08,MickaleneT_TL_26,3276,480,185,9
180326_Drift_LE_25 - Last chance (LE),2026-03-18 14:00:28,Drift_LE_25,1434,510,121,3
180326_FREQ_LE_Bundle - DRIFT & Grant Riven Yun,2026-03-18 14:00:50,FREQ_LE_Bundle,66623,7511,813,380
AUT_MickaleneT_TL_26 - Halfway (TL Flow),2026-03-18 09:46:06,MickaleneT_TL_26,3336,520,216,15
170326_GEN_MickaleneT_TL_26 - Now Live (TL Non-flow),2026-03-17 16:45:55,MickaleneT_TL_26,70952,8744,1483,441
AUT_MickaleneT_TL_26 - Now Live (TL flow),2026-03-17 16:14:24,MickaleneT_TL_26,3521,806,489,14
160326_CUS_JeffKoons_LE_25 - Game Competition Missouts - New Sign Ups,2026-03-16 18:37:25,JeffKoons_LE_25,639,141,40,12
160326_CUS_JeffKoons_LE_25 - Game Top 100 Skip The Draw - New Sign Ups,2026-03-16 18:34:04,JeffKoons_LE_25,28,10,5,0
160326_CUS_JeffKoons_LE_25 - Game Competition Missouts,2026-03-16 17:10:21,JeffKoons_LE_25,1640,617,135,6
160326_CUS_JeffKoons_LE_25 - Game Top 100 Skip The Draw,2026-03-16 17:05:51,JeffKoons_LE_25,65,38,11,0
160326_GEN_JeffKoons_LE_25 - Last Chance 24 Hours (LE),2026-03-16 17:00:33,JeffKoons_LE_25,7135,1807,323,30
160326_INS_MickaleneT_TL_26 - Early Access for Insiders (Curtis),2026-03-16 17:00:02,INSIDERSEA,141,40,4,0
160326_INS_MickaleneT_TL_26 - Early Access for Insiders (Sam),2026-03-16 17:00:19,MickaleneT_TL_26,689,244,15,0
160326_CUS_MickaleneT_TL_26 - Early Access for past purchasers,2026-03-16 17:00:35,MickaleneT_TL_26,1557,564,205,1
160326_GEN_LucianFreud_TL_26 - Announcement (TL Non-flow),2026-03-16 14:00:23,LucianFreud_TL_26,134399,18377,3284,779
AUT_MickaleneT_TL_26 - Early Access (TL Flow),2026-03-16 12:51:40,ManRay_TL_25,3705,1139,730,21
AUT_LucianFreud_TL_26 - Non-purchaser survey (TL Flow),2026-03-16 12:13:30,LucianFreud_TL_26,1082,169,46,6
AUT_LucianFreud_TL_26 - Missed launch (TL Flow),2026-03-16 12:07:50,LucianFreud_TL_26,10,5,0,0
AUT_LucianFreud_TL_26 - TL Education (TL Flow),2026-03-16 11:49:00,LucianFreud_TL_26,596,130,27,7
AUT_LucianFreud_TL_26 - Welcome (TL FLow),2026-03-16 11:24:17,LucianFreud_TL_26,780,152,42,15
AUT_LucianFreud_TL_26 - Signup Confirmation (TL Flow),2026-03-16 10:54:09,LucianFreud_TL_26,1250,316,59,8
AUT_JeffKoons_LE_25 - Non-purchaser survey (LE),2026-03-16 10:48:05,JeffKoons_LE_25,1345,248,84,9
AUT_LucianFreud_TL_26 - Re-subscribe to artists & editions,2026-03-16 10:21:32,LucianFreud_TL_26,33,10,0,18
150326_GEN_JeffKoons_LE_25 - Last Chance 48 Hours (LE),2026-03-15 17:00:05,JeffKoons_LE_25,126718,13357,1342,615
AUT_MickaleneT_TL_26 - Framing deep dive 3,2026-03-13 17:08:06,MickaleneT_TL_26,1946,464,168,12
130326_CUS_GrantRiven_LE_26 - Announcement (LE) (Artist & Editions),2026-03-13 17:00:01,GrantRiven_LE_26,1837,65,23,2
130326_CUS_GrantRiven_LE_26 - Announcement (LE),2026-03-13 17:00:35,GrantRiven_LE_26,12140,2206,396,35
AUT_MickaleneT_TL_26 - Missed launch (TL Flow),2026-03-13 16:22:07,MickaleneT_TL_26,23,7,1,0
130326_TRNS_Katharina_TL_25 - Printing PP (unframed),2026-03-13 14:00:15,Katharina_TL_25,188,88,2,0
130326_TRNS_Katharina_TL_25 - Printing PP (framed),2026-03-13 14:00:04,Katharina_TL_25,106,43,2,0
120326_CUS_MickaleneT_TL_26 - Get ready for Launch,2026-03-12 17:00:44,MickaleneT_TL_26,20819,2646,714,88
120326_TRNS_AiWeiwei_NVase_25 - On track 2 (batch 1),2026-03-12 14:00:47,AiWeiwei_NVase_25,52,24,1,0
110326_TRNS_AlexKatz_H2_25 - Let us know everything is ok (framed),2026-03-11 17:30:41,AlexKatz_H2_25,95,25,0,0
110326_INS_GrantRiven_LE_26 - Early Access for Insiders (Curtis),2026-03-11 17:00:38,INSIDERSEA,156,39,7,0
110326_CUS_GrantRiven_LE_26 - Early Access (LE),2026-03-11 17:00:33,GrantRiven_LE_26,2563,411,154,9
110326_INS_GrantRiven_LE_26 - Early Access for Insiders (Sam),2026-03-11 17:00:30,INSIDERSEA,761,239,58,1
110326_GEN_SURVEY - Collector Insights report 2026,2026-03-11 16:00:36,Survey_Completion,103105,10075,870,517
110326_GEN_SURVEY - Collector Insights report 2026 (Clone),2026-03-11 15:30:13,Survey_Completion,1,1,1,0
TEST - Collector Insights report 2026,2026-03-10 16:53:36,Survey_Completion,1,1,1,0
AUT_EmCooper_TL_25 - Edition Number Confirmed (PP TL Flow),2026-03-10 09:45:38,EmCooper_TL_25,40,21,7,0
AUT_JeanMichel_LE_25 - Non-purchaser survey (LE),2026-03-10 09:40:45,JeanMichel_LE_25,280,40,11,0
AUT_JeanMichel_LE_25 - Survey repeat buyers (LE),2026-03-10 09:29:14,JeanMichel_LE_25,32,29,16,0
AUT_JeanMichel_LE_25 - Survey first time collectors (LE),2026-03-10 09:26:49,JeanMichel_LE_25,66,29,13,0
090326_GEN_500_Complete_your_collector_profile - 2026 Survey - Mop Up,2026-03-09 17:00:42,Survey_Completion,27075,4526,1384,250
090326_TRNS_AiWeiwei_NVase_25 - On track (Batch 2),2026-03-09 14:00:56,AiWeiwei_NVase_25,141,64,2,0
090326_TRNS_AiWeiwei_NVase_25 - On track (Batch 3),2026-03-09 14:00:40,AiWeiwei_NVase_25,225,87,0,0
060326_TRNS_AiWeiwei_SelfPortrait_26 - Production in progress (All),2026-03-06 17:00:02,AiWeiwei_SelfPortrait_26,108,53,3,0
AUT_MickaleneT_TL_26 - Deep dive 2,2026-03-06 12:03:52,MickaleneT_TL_26,3201,688,185,13
050326_TRNS_TomasSanchez_TL_26 - Printing PP (unframed),2026-03-05 17:00:42,TomasSanchez_TL_26,425,194,11,0
050326_TRNS_TomasSanchez_TL_26 - Printing PP (framed),2026-03-05 17:00:05,TomasSanchez_TL_26,176,95,1,0
AUT_EmCooper_TL_25 - Survey repeat buyers (PP TL Flow),2026-03-05 16:08:01,EmCooper_TL_25,4,2,1,0
AUT_EmCooper_TL_25 - Survey first time collectors (PP TL Flow),2026-03-05 16:05:10,EmCooper_TL_25,36,20,11,0
"050326_FREQ_LE_Bundle - DRIFT, Jeff Koons & Luc Tuymans (Frequency Group B & D)",2026-03-05 16:00:54,FREQ_LE_Bundle,66890,7962,1035,388
AUT_EmCooper_TL_25 - Edition Closed (PP TL Flow),2026-03-05 15:44:51,EmCooper_TL_25,39,19,9,0
050326_CUS_MaurizioC_WATR_Gold - Draw Miss Outs - US,2026-03-05 15:00:08,MaurizioC_WATR_Gold,112,46,33,0
050326_CUS_MaurizioC_WATR_Gold - Draw Miss Outs - NON US,2026-03-05 15:00:41,MaurizioC_WATR_Gold,556,205,132,5
AUT_EmCooper_TL_25 - Non-purchaser survey (TL Flow),2026-03-05 11:19:25,EmCooper_TL_25,319,31,3,0
AUT_EmCooper_TL_25 - Last chance (TL Flow),2026-03-05 11:03:30,EmCooper_TL_25,324,42,17,4
040326_TRNS_KeitaMor_TL_25 - Preparing for dispatch (framed),2026-03-05 10:00:54,KeitaMor_TL_25,181,95,3,0
AUT_EmCooper_TL_25 - Halfway (TL Flow),2026-03-05 09:19:22,EmCooper_TL_25,329,43,8,1
030326_CUS_JeffKoons_LE_25 - Sustain (LE),2026-03-04 17:15:39,JeffKoons_LE_25,44580,7293,526,336
040326_TRNS_Pejac_Repeat_26 - Dispatch delay (Black & Nutwood),2026-03-04 15:00:01,Pejac_Repeat_26,25,16,0,0
040326_TRNS_Pejac_Repeat_26 - Dispatch delay (White),2026-03-04 15:00:07,Pejac_Repeat_26,18,8,1,0
AUT_EmCooper_TL_25 - Now Live (TL Non-flow),2026-03-04 14:00:30,EmCooper_TL_25,66938,7798,707,413
"040326_CUS_JeanMichel_LE_25 - Kokoro Gold Miss Outs, Red Available (draw follow up)",2026-03-04 13:00:54,JeanMichel_LE_25,21,9,7,0
AUT_EmCooper_TL_25 - Now Live (TL Flow),2026-03-04 10:59:13,EmCooper_TL_25,335,53,21,0
030326_TRNS_MaurizioC_Rev_25 - New estimated dispatch date (batch 1),2026-03-03 17:00:30,MaurizioC_Rev_25,90,48,2,0
030326_TRNS_MaurizioC_Rev_25 - New estimated dispatch date (remaining batches),2026-03-03 17:00:31,MaurizioC_Rev_25,875,412,11,0
030326_TRNS_MarinaAbr-1502 - Printing PP (framed),2026-03-03 17:00:26,MarinaAbr-1502,404,159,8,0
030326_TRNS_MarinaAbr-1502 - Printing PP (unframed),2026-03-03 17:00:19,MarinaAbr-1502,613,304,18,0
030326_CUS_LucTuymans_LE_26 - Announcement (LE),2026-03-03 16:00:31,LucTuymans_LE_26,6816,1323,256,56
030326_INS_EmCooper_TL_25 - Early Access for Insiders (Sam),2026-03-03 14:00:17,INSIDERSEA,756,201,30,1
030326_INS_EmCooper_TL_25 - Early Access for Insiders (Curtis),2026-03-03 14:00:02,INSIDERSEA,157,34,6,0
030326_TRNS_JohnsonTs_SE_25 - On track,2026-03-03 13:00:53,JohnsonTs_SE_25,149,76,2,0
AUT_EmCooper_TL_25 - Early Access (TL Flow),2026-03-03 10:02:06,EmCooper_TL_25,341,82,34,4
020326_TRNS_LeeUfan_LE_26 - Framing Delay PP (select orders),2026-03-02 17:00:48,LeeUfan_LE_26,7,3,0,0
020326_TRNS_CindySher_TL_25 - Framing Delay PP (select orders),2026-03-02 17:00:44,CindySher_TL_25,39,22,1,0
020326_CUS_MaurizioC_WATR_Gold - Top Tiers - NON US,2026-03-02 15:00:37,MaurizioC_WATR_Gold,46,33,28,0
020326_TRNS_CleonPeter_Timed_25 - On track (3),2026-03-02 15:00:15,CleonPeter_Timed_25,270,108,7,0
020326_CUS_MaurizioC_WATR_Gold - Top Tiers - US,2026-03-02 15:00:07,MaurizioC_WATR_Gold,21,14,12,0
010326_Jean-Michel Othoniel - Last chance (LE),2026-03-02 12:00:54,JeanMichel_LE_25,560,152,32,1
AUT_EmCooper_TL_25 - Deep dive 2 (Unpacking the editions),2026-02-27 18:07:01,EmCooper_TL_25,217,42,8,0
AUT_MickaleneT_TL_26 - TL Education (TL Flow),2026-02-27 18:02:04,MickaleneT_TL_26,2193,500,90,16
270226_INS_LucTuymans_LE_26 - Early Access for Insiders (Curtis),2026-02-27 16:00:56,INSIDERSEA,157,55,14,0
270226_CUS_LucTuymans_LE_26 - Early Access (LE),2026-02-27 16:00:19,LucTuymans_LE_26,2464,602,174,15
270226_INS_LucTuymans_LE_26 - Early Access for Insiders (Sam),2026-02-27 16:00:17,INSIDERSEA,753,292,50,1
270226_TRNS_AiWeiwei_NVase_25 - On track (batch 1),2026-02-27 14:00:40,AiWeiwei_NVase_25,51,19,0,0
200226_CUS_AWWNT_26 - Rohingya Announcement,2026-02-27 11:00:49,AWWNT_26,12897,2411,225,64
AUT_MickaleneT_TL_26 - Deep dive 1,2026-02-27 09:35:26,MickaleneT_TL_26,3352,799,287,17
260226_Monthly_Round_Up - New & Noteworthy,2026-02-26 17:00:27,The_Monthly_Edit,128,40,6,10
AUT_AWWNT_26 - Rohingya Password,2026-02-26 16:44:23,AWWNT_26,2222,1354,1062,0
"260226_FREQ_LE_Bundle - DRIFT, Jean-Michel, Jeff Koons (Frequency Group B & D)",2026-02-26 15:00:28,FREQ_LE_Bundle,61477,7773,1032,374
250226_CUS_MaurizioC_WATR_Gold - Exclusive look - NON US,2026-02-25 15:00:10,MaurizioC_WATR_Gold,159,102,83,0
250226_CUS_MaurizioC_WATR_Gold - Exclusive look - US,2026-02-25 15:00:28,MaurizioC_WATR_Gold,73,48,37,0
AUT_250226_CUS_AiWeiwei_FingerSE_25 - Announcement (10% Demand test),2026-02-25 14:23:23,AiWeiwei_FingerSE_25,14190,2188,494,117
AUT_TL Educational 2 (TL Flow),2026-02-24 17:56:23,Welcome_Evergreen,0,0,0,0
AUT_TL Educational (TL Flow),2026-02-24 17:21:47,Welcome_Evergreen,2,0,0,0
AUT_EmCooper_TL_25 - Deep dive 1 (Inside The Beatles’ dreamlike world),2026-02-24 14:04:01,EmCooper_TL_25,339,62,14,1
AUT_Katharina_TL_25 - Survey repeat buyers (PP TL Flow),2026-02-24 10:19:28,Katharina_TL_25,71,43,19,0
AUT_Katharina_TL_25 - Survey first time collectors (PP TL Flow),2026-02-24 10:18:52,Katharina_TL_25,200,101,53,1
Testing estate question (no) - Survey first time collectors (LE) (Clone),2026-02-24 10:13:30,MaurizioC_LE_26,1,1,1,0
Testing estate question - Survey first time collectors (LE),2026-02-24 09:41:02,MaurizioC_LE_26,1,1,1,0
230226_CUS_MaurizioC_LE_26 - Email from Sam to Maurizio (Window) missouts,2026-02-23 17:00:41,MaurizioC_LE_26,209,128,3,3
230226_GEN_JeffKoons_LE_25 - Game Announcement (LE),2026-02-23 17:00:19,JeffKoons_LE_25,129978,19605,3273,727
AUT_MaurizioC_LE_26 - Non-purchaser survey (LE),2026-02-23 11:05:01,MaurizioC_LE_26,915,276,93,6
AUT_MaurizioC_LE_26 - Survey repeat buyers (LE),2026-02-23 11:01:11,MaurizioC_LE_26,151,96,45,0
AUT_MaurizioC_LE_26 - Survey first time collectors (LE),2026-02-23 10:59:21,MaurizioC_LE_26,91,52,30,0
AUT_Katharina_TL_25 - Edition Number Confirmed (PP TL Flow),2026-02-23 10:44:25,Katharina_TL_25,283,167,56,0
210226_GEN_MickaleneT_TL_26 - Announcement (2),2026-02-21 17:00:19,MickaleneT_TL_26,6113,1296,247,27
200226_TRNS_KeitaMor_TL_25 - Message from the artist,2026-02-21 17:00:54,KeitaMor_TL_25,462,237,5,0
200226_CUS_MickaleneT_TL_26 - Announcement (Artist & editions subscribers),2026-02-20 17:00:54,MickaleneT_TL_26,12,5,4,0
200226_GEN_MickaleneT_TL_26 - Announcement,2026-02-20 17:00:31,MickaleneT_TL_26,128814,18932,3634,855
190226_CUS_Drift_LE_25 - Announcement (LE),2026-02-20 17:00:26,Drift_LE_25,6152,1447,348,16
AUT_ManRay_TL_25 - Edition Number Confirmed (PP TL Flow),2026-02-20 11:34:58,ManRay_TL_25,341,166,34,0
AUT_Katharina_TL_25 - Edition Closed (PP TL Flow),2026-02-20 11:14:22,Katharina_TL_25,266,140,52,0
180226_GEN_JeffKoons_LE_25 - Announcement (LE),2026-02-19 17:00:10,JeffKoons_LE_25,129856,21094,5114,736
190226_TRNS_JamesJean_Sun_25 - On track 2 (Sculpture & print),2026-02-19 17:00:38,JamesJean_Sun_25,175,84,2,0
180226_TRNS_TomoKazum_Shaped_25 - Dispatch delay,2026-02-19 17:00:53,TomoKazum_Shaped_25,41,20,2,0
190225_CUS_SALES Curtis - NON US - March Monthly Preview,2026-02-19 14:00:28,MONTHLYPREV,119,37,23,1
190225_CUS_SALES Curtis - US - March Monthly Preview,2026-02-19 14:00:02,MONTHLYPREV,38,15,5,0
190225_CUS_SALES Sam - NON US - March Monthly Preview,2026-02-19 14:00:35,MONTHLYPREV,873,407,256,1
190225_CUS_SALES Sam - US - March Monthly Preview,2026-02-19 14:00:16,MONTHLYPREV,478,225,150,1
190226_CUS_LeeUfan_LE_26 - Thank you from Dia,2026-02-19 12:00:45,LeeUfan_LE_26,113,52,3,0
AUT_ManRay_TL_25 - Last Chance (TL Flow),2026-02-19 11:42:31,ManRay_TL_25,2538,418,135,28
180226_CUS_ManRay_TL_25 - Halfway (TL Non-flow),2026-02-18 17:00:07,ManRay_TL_25,1759,638,235,10
180226_TRNS_AlexKatz_H2_25 - Let us know everything is ok (framed),2026-02-18 16:00:56,AlexKatz_H2_25,25,8,1,0
180226_INS_Drift_LE_25 - Early Access for Insiders (Curtis),2026-02-18 15:00:29,INSIDERSEA,157,58,25,0
180226_INS_Drift_LE_25 - Early Access for Insiders (Sam),2026-02-18 15:00:38,INSIDERSEA,759,299,102,1
180226_CUS_Drift_LE_25 - Early Access (LE),2026-02-18 15:00:09,Drift_LE_25,1060,269,93,1
AUT_ManRay_TL_25 - Halfway deep dive (To test collectors),2026-02-18 10:28:45,ManRay_TL_25,758,130,36,7
AUT_MickaleneT_TL_26 - Welcome (TL FLow),2026-02-17 17:47:24,MickaleneT_TL_26,2469,554,122,20
170226_GEN_ManRay_TL_25 - Now Live (TL Non-flow) (Mop Up),2026-02-17 17:22:36,ManRay_TL_25,1,0,0,0
AUT_MickaleneT_TL_26 - Signup Confirmation (TL Flow),2026-02-17 17:38:03,MickaleneT_TL_26,3898,1128,253,14
170226_GEN_ManRay_TL_25 - Now Live (TL Non-flow),2026-02-17 17:00:29,ManRay_TL_25,64878,9218,1401,491
AUT_ManRay_TL_25 - Now Live (TL Flow),2026-02-17 16:58:15,ManRay_TL_25,2641,637,353,28
AUT_MickaleneT_TL_26 - Re-subscribe to artists & editions,2026-02-17 15:43:58,ManRay_TL_25,84,38,1,39
170226_CUS_SALES Jeff Koons - Curtis Monthly Preview (Non-US)),2026-02-17 15:00:59,MONTHLYPREV,119,47,33,0
170226_CUS_SALES Jeff Koons - Curtis Monthly Preview (US),2026-02-17 15:00:02,MONTHLYPREV,38,20,12,0
170226_CUS_US_Subscribers - DDP by PP,2026-02-17 14:00:47,US Shipping Update,42754,7348,299,22
AUT_EmCooper_TL_25 - Framing deep dive,2026-02-16 16:55:19,EmCooper_TL_25,172,44,2,4
AUT_ManRay_TL_25 - Survey repeat buyers (PP TL Flow),2026-02-16 15:52:38,ManRay_TL_25,118,63,25,0
AUT_ManRay_TL_25 - Survey first time collectors (PP TL Flow),2026-02-16 15:50:47,ManRay_TL_25,210,100,42,0
AUT_ManRay_TL_25 - Edition Closed (PP TL Flow),2026-02-16 15:28:04,ManRay_TL_25,306,143,39,1
160226_CUS_MaurizioC_LE_26 - World Gone Bananas Competition Missouts,2026-02-16 15:05:20,Maurizio_NT26,64,41,15,0
160226_CUS_MaurizioC_LE_26 - World Gone Bananas Competition Runners Up,2026-02-16 15:00:07,Maurizio_NT26,4,3,2,0
AUT_ManRay_TL_25 - Non-purchaser survey (TL Flow),2026-02-16 15:04:23,ManRay_TL_25,2495,417,90,39
AUT_ManRay_TL_25 - Missed launch (TL Flow),2026-02-16 14:59:53,ManRay_TL_25,26,15,3,0
AUT_ManRay_TL_25 - Halfway (TL Flow),2026-02-16 14:49:46,ManRay_TL_25,1818,288,92,18
AUT_Katharina_TL_25 - Missed launch (TL Flow),2026-02-16 14:44:34,Katharina_TL_25,11,5,0,0
AUT_Katharina_TL_25 - Non-purchaser survey (TL Flow),2026-02-16 14:39:56,Katharina_TL_25,1041,251,80,5
AUT_Katharina_TL_25 - Last chance (TL Flow),2026-02-16 14:33:57,Katharina_TL_25,1085,238,82,9
AUT_Katharina_TL_25 - 3 days to go (TL Flow),2026-02-16 14:26:55,Katharina_TL_25,1101,246,72,4
160226_TRNS_KeitaMor_TL_25 - Framing PP (framed),2026-02-16 11:00:37,KeitaMor_TL_25,177,87,3,0
160226_TRNS_KeitaMor_TL_25 - Preparing for dispatch PP (unframed),2026-02-16 11:00:08,KeitaMor_TL_25,286,148,5,0
AUT_MarinaAbr-1502 - Edition Number Confirmed (PP TL Flow),2026-02-13 15:33:24,MarinaAbr-1502,1010,540,133,2
130226_GEN_Katharina_TL_25 - Now Live (TL Non Flow),2026-02-13 14:00:30,Katharina_TL_25,66673,8994,798,476
AUT_ManRay_TL_25 - Early Access (TL Flow),2026-02-13 11:56:25,ManRay_TL_25,2727,760,467,15
AUT_Katharina_TL_25 - 5 days to go (TL Flow),2026-02-13 11:17:35,Katharina_TL_25,1118,279,89,9
AUT_Katharina_TL_25 - Now Live (TL Flow),2026-02-13 09:47:01,Katharina_TL_25,1168,420,242,7
120226_TRNS_Email sent in error - Apology,2026-02-12 17:35:38,CS,29,11,0,0
120226_CUS_HarmoniaR_Two_25 - Let us know everything is ok (V2) (Clone),2026-02-12 17:30:30,HarmoniaR_Two_25,6,2,0,0
120226_INS_Katharina_TL_25 - Early Access (Insiders Curtis),2026-02-12 14:00:00,INSIDERSEA,162,35,5,0
120226_INS_Katharina_TL_25 - Early Access (Insiders Sam),2026-02-12 14:00:31,INSIDERSEA,773,233,43,0
AUT_Katharina_TL_25 - Early Access (TL Flow),2026-02-12 10:18:21,Katharina_TL_25,1231,487,330,8
AUT_MarinaAbr-1502 - Survey repeat buyers (PP TL Flow),2026-02-11 17:48:50,MarinaAbr-1502,196,118,59,1
AUT_MarinaAbr-1502 - Survey first time collectors (PP TL Flow),2026-02-11 17:44:18,MarinaAbr-1502,780,440,189,3
110226_CUS_US_Collectors - DDP by PP,2026-02-11 17:30:27,US Shipping Update,15000,3446,103,1
AUT_MarinaAbr-1502 - Edition Closed (PP TL Flow),2026-02-11 17:33:43,MarinaAbr-1502,949,465,146,2
AUT_500_Complete_your_collector_profile - 2026 Survey,2026-02-11 15:45:22,Survey_Completion,102734,14288,2532,688
AUT_200_Complete_your_collector_profile - 2026 Survey,2026-02-11 15:43:02,Survey_Completion,11341,1593,236,59
AUT_MarinaAbr-1502 - Non-purchaser survey (TL Flow),2026-02-11 14:24:55,MarinaAbr-1502,6807,1254,299,90
AUT_MarinaAbr-1502- Last chance (TL Flow),2026-02-11 14:21:07,MarinaAbr-1502,6947,1369,476,71
AUT_ManRay_TL_25 - Deep dive 3 (Video),2026-02-11 11:28:53,ManRay_TL_25,1274,272,65,12
100226_GEN_MarinaAbr-1502 - Now Live (TL Non-flow) (Group C and D),2026-02-10 17:00:08,MarinaAbr-1502,64116,10276,1517,444
100226_GEN_MarinaAbr-1502 - Now Live (TL Non-flow) (Group A and B),2026-02-10 17:00:45,MarinaAbr-1502,63554,9818,1418,366
100226_CUS_MarinaAbr-1502 - Flow Early Access Resend (Clicked Did Not Purchase),2026-02-10 12:38:02,MarinaAbr-1502,855,389,146,6
AUT_MarinaAbr-1502 - Now Live (TL Flow),2026-02-10 10:26:57,MarinaAbr-1502,7322,2128,1244,60
AUT_MarinaAbr-1502 - Halfway (TL Flow),2026-02-10 10:21:44,MarinaAbr-1502,6292,1300,532,60
AUT_Pejac_Repeat_26 - Non-purchaser survey (LE),2026-02-09 17:04:02,Pejac_Repeat_26,863,268,96,7
090226_INS_MarinaAbr-1502 - Early Access (TL Non Flow) (Sam),2026-02-09 17:00:55,INSIDERSEA,765,301,45,0
090226_INS_MarinaAbr-1502 - Early Access (TL Non Flow) (Curtis),2026-02-09 17:00:20,INSIDERSEA,160,49,8,0
AUT_Pejac_Repeat_26 - Survey repeat buyers (LE),2026-02-09 16:59:15,Pejac_Repeat_26,49,34,19,0
AUT_Pejac_Repeat_26 - Survey first time collectors (LE),2026-02-09 16:57:32,Pejac_Repeat_26,47,33,17,0
060226_TRNS_AlexKatz_H2_25 - Let us know everything is ok,2026-02-06 17:01:35,AlexKatz_H2_25,5,3,0,0
030226_GEN_EmCooper_TL_25 - Announcement (TL Non-flow),2026-02-06 14:00:20,EmCooper_TL_25,134437,18432,1991,866
050226_CUS_HarmoniaR_Two_25 - Let us know everything is ok (V2),2026-02-05 17:00:10,HarmoniaR_Two_25,45,20,0,0
AUT_MarinaAbr-1502 - Early Access (TL Flow),2026-02-05 15:09:18,MarinaAbr-1502,7629,2470,1378,80
AUT_MarinaAbr-1502 - Deep dive 3 (Story behind the piece),2026-02-05 15:00:55,MarinaAbr-1502,3592,780,127,25
AUT_AiWeiwei_SelfPortrait_26 - Edition Number Confirmed (PP TL Flow),2026-02-05 14:11:18,AiWeiwei_SelfPortrait_26,106,55,15,0
AUT_Katharina_TL_25 - Deep dive 2 (Unpacking the editions),2026-02-05 13:39:38,Katharina_TL_25,690,257,99,4
AUT_EmCooper_TL_25 - Missed launch (TL Flow),2026-02-05 11:27:15,EmCooper_TL_25,3,1,0,0
AUT_EmCooper_TL_25 - Welcome (TL FLow),2026-02-05 11:12:38,EmCooper_TL_25,269,55,13,6
AUT_EmCooper_TL_25 - Signup Confirmation (TL Flow),2026-02-05 10:40:55,EmCooper_TL_25,367,98,12,7
AUT_EmCooper_TL_25 - Re-subscribe to artists & editions,2026-02-05 10:09:41,EmCooper_TL_25,3,1,0,0
050226_AUT_Pejac_Repeat_26 - Draw live (10-12),2026-02-05 09:57:39,Pejac_Repeat_26,989,286,100,8
AUT_AiWeiwei_SelfPortrait_26 - Edition Closed (PP TL Flow),2026-02-04 16:52:23,AiWeiwei_SelfPortrait_26,99,55,12,0
030226_TRNS_AlexKatz_H2_25 - Let us know everything is ok,2026-02-03 15:00:43,AlexKatz_H2_25,6,2,0,0
040226_AUT_Pejac_Repeat_26 - Draw live (7-9),2026-02-03 14:33:22,Pejac_Repeat_26,991,346,128,3
030226_GEN_AiWeiwei_SelfPortrait_26 - Last chance (TL Non Flow),2026-02-03 14:00:23,AiWeiwei_SelfPortrait_26,14914,5331,516,106
AUT_Katharina_TL_25 - Deep dive (Intro to the artist),2026-02-03 09:52:01,Katharina_TL_25,861,248,64,3
030226_AUT_Pejac_Repeat_26 - Draw live (4-6) (Clone 2),2026-02-03 09:33:46,Pejac_Repeat_26,1,1,1,0
030226_AUT_Pejac_Repeat_26 - Draw live (4-6) (Clone),2026-02-03 09:28:41,Pejac_Repeat_26,3,2,1,0
AUT_LeeUfan_LE_26 - Non-purchaser survey (LE),2026-02-03 09:10:35,LeeUfan_LE_26,915,174,54,6
030226_AUT_Pejac_Repeat_26 - Draw live (4-6),2026-02-02 17:02:30,Pejac_Repeat_26,983,332,136,4
020226_CUS_Pejac_Repeat_26 - Now Live (higher frequency groups),2026-02-02 13:15:46,Pejac_Repeat_26,48349,4070,444,306
020226_CUS_JeanMichel_LE_25 - Announcement (LE) Korean,2026-02-02 12:00:33,JeanMichel_LE_25,2023,294,100,3
020226_CUS_JeanMichel_LE_25 - Announcement (LE),2026-02-02 12:00:29,JeanMichel_LE_25,7352,1696,228,35
020226_CUS_Pejac_Repeat_26 - Now Live (SUs & engagers),2026-02-02 12:00:38,Pejac_Repeat_26,19150,10600,541,192
020224_CUS_JeanMichel_LE_25 - Exclusive Access Lee Ufan Draw Miss Outs (LE) Korean),2026-02-02 10:00:20,JeanMichel_LE_25,116,65,42,0
020224_CUS_JeanMichel_LE_25 - Exclusive Access Lee Ufan Draw Miss Outs,2026-02-02 10:00:59,JeanMichel_LE_25,43,17,10,0
290126_CUS_AWWNT_26 - On Censorship Competition Missouts,2026-01-31 12:00:22,AWWNT_26,896,479,228,8
020226_AUT_Pejac_Repeat_26 - Draw live (1-3),2026-01-30 17:33:02,Pejac_Repeat_26,921,381,217,4
AUT_LeeUfan_LE_26 - Survey repeat buyers (LE),2026-01-30 16:44:35,LeeUfan_LE_26,70,54,36,0
AUT_LeeUfan_LE_26 - Survey first time collectors (LE),2026-01-30 16:42:22,LeeUfan_LE_26,35,24,13,0
AUT_AiWeiWei_SelfPortrait_26 - Non-purchaser survey (TL Flow),2026-01-30 16:29:41,AiWeiwei_SelfPortrait_26,1006,208,56,5
AUT_AiWeiwei_SelfPortrait_26 - Survey repeat buyers (PP TL Flow),2026-01-30 16:21:50,AiWeiwei_SelfPortrait_26,44,22,10,0
AUT_AiWeiwei_SelfPortrait_26 - Survey first time collectors (PP TL Flow),2026-01-30 16:18:08,AiWeiwei_SelfPortrait_26,53,33,23,0
AUT_TomasSanchez_TL_26 - Edition Number Confirmed (PP TL Flow),2026-01-30 15:48:14,TomasSanchez_TL_26,597,347,114,1
AUT_AiWeiwei_SelfPortrait_26 - Missed launch (TL Flow),2026-01-30 15:15:12,AiWeiwei_SelfPortrait_26,12,5,1,0
300126_INS_JeanMichel_LE_25 - Early Access for Insiders (Curtis),2026-01-30 12:00:24,INSIDERSEA,157,54,21,0
300126_CUS_JeanMichel_LE_25 - Early Access (LE),2026-01-30 12:00:01,JeanMichel_LE_25,1903,492,124,3
300126_INS_JeanMichel_LE_25 - Early Access for Insiders (Sam),2026-01-30 12:00:27,INSIDERSEA,752,261,104,2
290126_TRNS_AlexKatz_H2_25 - Let us know everything is ok,2026-01-29 18:48:19,AlexKatz_H2_25,2,1,0,0
290126_TRNS_JamesJean_Sun_25 - Framing PP (framed prints only),2026-01-29 17:00:03,JamesJean_Sun_25,37,16,1,0
AUT_FerrariSh_LE_26 - Non-purchaser survey (LE),2026-01-29 17:00:28,FerrariSh_LE_26,437,92,18,6
AUT_FerrariSh_LE_26 - Survey repeat buyers (LE),2026-01-29 16:59:37,FerrariSh_LE_26,48,28,13,0
AUT_FerrariSh_LE_26 - Survey first time collectors (LE),2026-01-29 16:58:39,FerrariSh_LE_26,40,24,10,0
AUT_TomasSanchez_TL_26 - Survey repeat buyers (PP TL Flow),2026-01-29 16:56:38,TomasSanchez_TL_26,190,117,44,0
AUT_TomasSanchez_TL_26 - Survey first time collectors (PP TL Flow),2026-01-29 16:55:51,TomasSanchez_TL_26,370,222,74,0
AUT_ManRay_TL_25 - Deep dive 2 (Three photographs that defined 20th-century art),2026-01-29 16:28:27,ManRay_TL_25,1579,364,98,7
AUT_TomasSanchez_TL_26 - Edition Closed (PP TL Flow),2026-01-29 16:07:07,TomasSanchez_TL_26,560,287,63,2
280126_TRNS_AiWeiwei_NVase_25 - Dispatch Delay (Batch 3),2026-01-29 15:00:29,AiWeiwei_NVase_25,225,99,10,0
280126_TRNS_AiWeiwei_NVase_25 - Dispatch Delay (Batch 2),2026-01-29 15:00:26,AiWeiwei_NVase_25,145,65,1,0
AUT_Pejac_Repeat_26 - Get ready for the draw,2026-01-29 14:21:04,Pejac_Repeat_26,818,336,117,3
290126_CUS_JohnsonTs_SE_25 - Non-purchaser survey (LE),2026-01-29 13:00:39,JohnsonTs_SE_25,480,133,44,8
AUT_AiWeiWei_SelfPortrait_26 - 5 days to go (TL Flow),2026-01-29 11:16:42,AiWeiwei_SelfPortrait_26,1042,199,50,12
AUT_AiWeiWei_SelfPortrait_26 - 3 days to go (TL Flow),2026-01-29 11:13:17,AiWeiwei_SelfPortrait_26,1026,217,50,7
AUT_AiWeiWei_SelfPortrait_26 - Last chance (TL Flow),2026-01-29 11:08:34,AiWeiwei_SelfPortrait_26,1018,179,51,8
AUT_JohnsonTs_SE_25 - Survey repeat buyers (PP LE),2026-01-29 09:49:51,JohnsonTs_SE_25,73,46,17,0
AUT_JohnsonTs_SE_25 - Survey first time collectors (PP LE),2026-01-29 09:47:36,JohnsonTs_SE_25,55,34,12,0
280126_AWWNT_26 - Talk Winners,2026-01-28 18:00:29,AWWNT_26,5,3,2,0
280126_TRNS_CindySher_TL_25 - Framing PP (framed),2026-01-28 18:00:28,CindySher_TL_25,213,91,5,0
280126_AWWNT_26 - Book Winners,2026-01-28 17:58:54,AWWNT_26,5,3,0,0
"280126_FREQ_LE_Bundle - Lee Ufan, Ferrari Sheppard, & Joakim Ojanen (Frequency Group B & D)",2026-01-28 17:00:31,FREQ_LE_Bundle,55405,3557,615,351
270126_FerrariSh_LE_26 - Last chance (LE),2026-01-28 17:00:06,FerrariSh_LE_26,684,186,58,4
AUT_ManRay_TL_25 - Deep dive (Note from the Man Ray Trust),2026-01-28 15:57:02,ManRay_TL_25,1965,480,147,15
280126_CUS_Pejac_Repeat_26 - Sam Monthly Preview Recipients Pre-Order Offer (not received previously),2026-01-28 15:00:56,Pejac_Repeat_26,741,229,5,3
280126_CUS_Pejac_Repeat_26 - Curtis Monthly Preview Recipients Pre-Order Offer (not received previously),2026-01-28 15:00:50,Pejac_Repeat_26,243,58,0,0
280126_GEN_AiWeiwei_SelfPortrait_26 - Now Live (TL Non Flow),2026-01-28 14:00:46,AiWeiwei_SelfPortrait_26,54975,4028,896,306
AUT_MarinaAbr-1502 - Deep dive 2 (About Marina Abramovic),2026-01-28 12:54:29,MarinaAbr-1502,6769,1666,286,46
AUT_AiWeiWei_SelfPortrait_26 - Now Live (TL Flow),2026-01-28 12:46:37,AiWeiwei_SelfPortrait_26,1058,268,125,9
280126_CUS_Pejac_Repeat_26 - Re-engage (LE),2026-01-28 12:30:51,Pejac_Repeat_26,21167,11877,554,240
270126_GEN_TomasSanchez_TL_26 - Now Live (TL Non-flow),2026-01-27 17:00:47,TomasSanchez_TL_26,65628,9162,1262,391
270126_INS_AiWeiWei_SelfPortrait_26 - Early Access (Insiders Curtis),2026-01-27 14:00:15,INSIDERSEA,163,46,10,0
270126_INS_AiWeiWei_SelfPortrait_26 - Early Access (Insiders General),2026-01-27 14:00:27,INSIDERSEA,765,216,28,3
270126_CUS_AiWeiWei_SelfPortrait_26 - Early Access (Artist PP),2026-01-27 14:00:32,AiWeiwei_SelfPortrait_26,1556,473,94,2
AUT_AiWeiWei_SelfPortrait_26 - Early Access (TL Flow),2026-01-27 13:30:09,AiWeiwei_SelfPortrait_26,1081,314,168,10
AUT_TomasSanchez_TL_26 - Halfway (TL Flow),2026-01-27 10:34:29,TomasSanchez_TL_26,2112,448,132,22
260126_CUS_AWWNT_26 - On Censorship Competition Announcement,2026-01-26 20:00:49,AWWNT_26,11514,2918,784,69
260126_TRNS_AlexKatz_H2_25 - Let us know everything is ok,2026-01-26 17:30:15,AlexKatz_H2_25,6,1,0,0
260126_GEN_MaurizioC_LE_26 - Announcement (LE),2026-01-26 17:00:09,MaurizioC_LE_26,130540,21075,3221,836
260126_INS_TomasSanchez_TL_26 - Early Access for Insiders (Curtis),2026-01-26 17:00:54,INSIDERSEA,156,36,4,0
260126_INS_TomasSanchez_TL_26 - Early Access for Insiders (Sam),2026-01-26 17:00:20,INSIDERSEA,746,216,22,1
AUT_TomasSanchez_TL_26 - Now Live (TL Flow),2026-01-26 15:51:03,TomasSanchez_TL_26,2188,648,381,14
AUT_TomasSanchez_TL_26 - Early Access (TL Flow),2026-01-26 15:49:39,TomasSanchez_TL_26,2262,760,468,13
260126_CUS_TomasSanchez_TL_26 - Early Access for past purchasers (Bundle test),2026-01-26 15:05:48,TomasSanchez_TL_26,493,170,80,0
AUT_Katharina_TL_25 - Announcement to collectors who haven't received it (TL Non-flow),2026-01-24 14:00:36,Katharina_TL_25,11287,2930,264,68
AUT_AWWNT_26 - Entry Confirmation (Flow),2026-01-23 17:38:05,AWWNT_26,731,355,57,1
AUT_AWWNT_26 - On Censorship Welcome (Flow),2026-01-23 17:37:51,AWWNT_26,185,61,8,2
AUT_AWWNT_26 - Re-subscribe to artists & editions,2026-01-23 17:37:38,AWWNT_26,16,12,0,11
230126_TRNS_AlexKatz_H2_25 - Let us know everything is ok,2026-01-23 17:00:26,AlexKatz_H2_25,11,8,0,0
230126_TRNS_MaurizioC_Rev_25 - On track (batch 1 & 2),2026-01-23 17:00:20,MaurizioC_Rev_25,976,453,14,0
230126_TRNS_CleonPeter_Timed_25 - On track (2),2026-01-23 17:00:05,CleonPeter_Timed_25,273,114,5,0
230126_GEN_Pejac_Repeat_26 - Announcement (LE),2026-01-23 13:15:05,Pejac_Repeat_26,131612,21302,3147,1005
AUT_Pejac_Repeat_26 - Draw Now Live (10-12),2026-01-23 12:57:02,Pejac_Repeat_26,0,0,0,0
AUT_Pejac_Repeat_26 - Draw Now Live (6-9),2026-01-23 12:56:04,Pejac_Repeat_26,0,0,0,0
AUT_Pejac_Repeat_26 - Draw Now Live (4-6),2026-01-23 12:55:39,Pejac_Repeat_26,0,0,0,0
AUT_Pejac_Repeat_26 - Signup Confirmation (LE),2026-01-23 12:35:01,Pejac_Repeat_26,1043,486,214,5
AUT_Pejac_Repeat_26 - Re-subscribe to artists & editions,2026-01-23 11:13:35,TomasSanchez_TL_26,139,67,1,44
AUT_AiWeiWei_SelfPortait_26 - Deep dive 3,2026-01-23 09:43:09,AiWeiwei_SelfPortrait_26,581,149,43,7
AUT_MarinaAbr-1502 - Deep dive (Who is Marina?),2026-01-23 09:29:12,MarinaAbr-1502,7275,1648,267,61
220126_INS_MaurizioC_LE_26 - Early Access for Insiders (Curtis),2026-01-22 17:00:27,INSIDERSEA,164,60,36,0
220126_CUS_MaurizioC_LE_26 - Early Access (LE),2026-01-22 17:00:32,MaurizioC_LE_26,4132,1280,615,51
220126_INS_MaurizioC_LE_26 - Early Access for Insiders (Sam),2026-01-22 17:00:40,INSIDERSEA,771,296,145,3
220126_CUS_MaurizioC_LE_26 - Early Access PP (LE),2026-01-22 17:00:47,MaurizioC_LE_26,870,512,346,0
220126_TRNS_AlexKatz_H2_25 - Let us know everything is ok,2026-01-22 17:00:22,AlexKatz_H2_25,16,5,0,0
AUT_Katharina_TL_25 - Announcement (TL Non-flow - 80%),2026-01-22 14:00:16,Katharina_TL_25,119808,15963,1809,810
220126_CUS_LeeUfan_Dialogue(AML required),2026-01-22 14:00:10,LeeUfan_From_25,22,14,11,0
220126_JohnsonTs_SE_25 - Last chance (LE),2026-01-22 13:00:24,JohnsonTs_Rememb_25,1986,444,135,14
AUT_Katharina_TL_25 - Welcome (TL FLow),2026-01-22 11:14:37,Katharina_TL_25,839,214,57,10
AUT_Katharina_TL_25 - Signup Confirmation (TL Flow),2026-01-22 10:46:12,Katharina_TL_25,1314,464,124,3
AUT_Katharina_TL_25 - Re-subscribe to artists & editions,2026-01-22 10:13:04,Katharina_TL_25,21,9,0,10
220126_CUS_Pejac_Repeat_26 - Early access from Sam (Previously bought a set),2026-01-22 10:00:13,Pejac_Repeat_26,31,20,0,0
210126_JoakimOja_LE_25 - Last chance (LE),2026-01-21 17:00:25,JoakimOja_LE_25,267,90,27,1
210126_TRNS_AlexKatz_H2_25 - Let us know everything is ok,2026-01-21 16:15:55,AlexKatz_H2_25,11,5,0,0
210126_CUS_Pejac_Repeat_26 - Early access (Monthly preview: Sam),2026-01-21 15:00:05,Pejac_Repeat_26,191,100,2,0
210126_CUS_Pejac_Repeat_26 - Early access (Monthly preview: Curtis),2026-01-21 15:00:51,Pejac_Repeat_26,29,11,0,0
210126_CUS_Pejac_Repeat_26 - Early access (Curtis' Collector List),2026-01-21 10:30:30,Pejac_Repeat_26,39,22,0,0
200126_GEN_ManRay_TL_25 - Announcement,2026-01-20 17:00:14,ManRay_TL_25,130417,20833,3624,856
200126_TRNS_AlexKatz_H2_25 - Let us know everything is ok,2026-01-20 16:00:40,AlexKatz_H2_25,1,0,0,0
AUT_ManRay_TL_25 - Signup Confirmation (TL Flow),2026-01-20 10:48:12,ManRay_TL_25,2850,788,117,21
190126_TRNS_AlexKatz_H2_25 - Let us know everything is ok,2026-01-19 17:00:23,AlexKatz_H2_25,10,5,0,0
AUT_ManRay_TL_25 - Welcome (TL FLow),2026-01-19 16:11:06,ManRay_TL_25,1973,434,88,26
AUT_ManRay_TL_25 - Re-subscribe to artists & editions,2026-01-19 15:21:27,ManRay_TL_25,29,12,0,10
GEN_AiWeiwei_SelfPortrait_26 - Interview,2026-01-16 14:10:45,AiWeiwei_SelfPortrait_26,69313,10178,691,415
150126_TRNS_AiWeiwei_NVase_25 - Dispatch Delay (Batch 1),2026-01-15 17:00:27,AiWeiwei_NVase_25,52,23,0,0
150126_TRNS_JamesJean_Sun_25 - On track (Sculpture & print),2026-01-15 17:00:01,JamesJean_Sun_25,176,90,2,0
150126_CUS_CindySher_TL_25 - 10% off Cindy Shermans exhibition catalogue,2026-01-14 17:00:08,CindySher_TL_25,571,348,225,1
221225_TRNS_WilliamBl_LE_25 - Printing PP (unframed),2026-01-14 14:00:52,WilliamBl_LE_25,7,3,0,0
130126_GEN_MarinaAbr-1502 - Announcement,2026-01-13 17:00:46,MarinaAbr-1502,126189,21748,4028,951
120126_TRNS_TomoKazum_Shaped_25 - Framing PP (framed),2026-01-13 17:00:07,TomoKazum_Shaped_25,41,23,0,0
AUT_TomasSanchez_TL_26 - Last chance (TL Flow),2026-01-13 14:46:33,TomasSanchez_TL_26,2060,431,160,20
AUT_TomasSanchez_TL_26 - Non-purchaser survey (TL Flow),2026-01-13 14:40:26,TomasSanchez_TL_26,2979,668,103,36
AUT_MarinaAbr-1502 - Re-subscribe to artists & editions,2026-01-13 12:41:29,TomasSanchez_TL_26,70,34,3,24
AUT_MarinaAbr-1502 - Missed launch (TL Flow),2026-01-13 12:34:55,MarinaAbr-1502,157,76,3,1
AUT_MarinaAbr-1502 - Welcome (TL FLow),2026-01-13 12:28:33,MarinaAbr-1502,5703,1385,266,64
AUT_MarinaAbr-1502 - Signup Confirmation (TL Flow),2026-01-13 12:21:48,MarinaAbr-1502,8203,2603,363,63
AUT_AiWeiWei_SelfPortait_26 - Deep dive 2,2026-01-12 17:49:24,AiWeiwei_SelfPortrait_26,786,220,54,3
120126_CUS_FerrariSh_LE_26 - Announcement (Re-send),2026-01-12 17:00:23,FerrariSh_LE_26,10001,1272,201,50
090126_CUS_TomasSanchez_TL_26 - Announcement (TL Non-flow),2026-01-09 17:00:56,TomasSanchez_TL_26,4143,827,85,119
AUT_TomasSanchez_TL_26 - Deep dive 2 (A pair to collect),2026-01-09 11:13:51,TomasSanchez_TL_26,1681,584,241,9
AUT_AiWeiWei_SelfPortrait_26 - Deep dive 1,2026-01-09 10:24:36,AiWeiwei_SelfPortrait_26,1001,254,70,6
AUT_TomasSanchez_TL_26 - Deep dive 1 (In conversation with),2026-01-09 09:47:04,TomasSanchez_TL_26,2170,616,176,10
080126_CUS_FerrariSh_LE_26 - Announcement (LE),2026-01-08 18:00:39,FerrariSh_LE_26,9655,1293,203,63
"080126_FREQ_LE_Bundle - Lee Ufan, Ferrari Sheppard, & Joakim Ojanen (Frequency Group B & D)",2026-01-08 17:00:09,FREQ_LE_Bundle,62986,9553,1418,496
080126_TRNS_HarmoniaR_Two_25 - Framing PP (framed),2026-01-08 17:00:50,HarmoniaR_Two_25,61,23,1,0
080126_TRNS_AlexKatz_H2_25 - Framing PP (framed),2026-01-08 17:00:40,AlexKatz_H2_25,122,53,0,0
AUT_Pejac_Repeat_26 - Template,2026-01-08 16:35:00,Pejac_Repeat_26,0,0,0,0
080126_CUS_LeeUfan_LE_26 - Announcement LE - Mop Up Send250,2026-01-08 15:41:08,LeeUfan_LE_26,41088,6144,642,424
080126_CUS_LeeUfan_LE_26 - Announcement LE,2026-01-08 14:00:07,LeeUfan_LE_26,21688,3858,809,113
080126_TRNS_KeitaMor_TL_25 - Signing PP (framed),2026-01-08 12:00:28,KeitaMor_TL_25,173,90,4,0
080126_TRNS_KeitaMor_TL_25 - Signing PP (unframed),2026-01-08 12:00:25,KeitaMor_TL_25,283,150,6,0
070126_GEN_TomasSanchez_TL_26 - Announcement (TL Non-flow),2026-01-07 17:00:41,TomasSanchez_TL_26,119192,19783,2920,961
070126_TRNS_CindySher_TL_25 - Signing PP (framed),2026-01-07 17:00:43,CindySher_TL_25,213,94,8,0
070126_TRNS_CindySher_TL_25 - Signing PP (unframed),2026-01-07 17:00:01,CindySher_TL_25,384,154,9,0
070126_CUS_LeeUfan_LE_26 - Early Access (LE) 24hrs,2026-01-07 10:00:13,LeeUfan_LE_26,1544,298,110,7
070126_CUS_LeeUfan_LE_26 - Early Access (LE) (Korean) 24hrs,2026-01-07 10:00:20,LeeUfan_LE_26,1540,580,220,5
070126_CUS_FerrariSh_LE_26 - Early Access (LE) 24hrs,2026-01-06 17:15:40,FerrariSh_LE_26,242,76,44,0
060126_GEN_AiWeiwei_SelfPortrait_26 - Announcement (TL Non-flow),2026-01-06 14:17:29,AiWeiwei_SelfPortrait_26,123217,22210,4405,1002
AUT_AiWeiWei_SelfPortrait_26 - Signup Confirmation (TL Flow),2026-01-06 12:41:01,AiWeiwei_SelfPortrait_26,1150,325,58,7
AUT_AiWeiWei_SelfPortrait_26 - Re-subscribe to artists & editions,2026-01-06 12:11:58,AiWeiwei_SelfPortrait_26,26,10,1,11
AUT_AiWeiWei_SelfPortrait_26 - Welcome (TL FLow),2026-01-06 12:11:39,AiWeiwei_SelfPortrait_26,622,140,24,12
050126_CUS_LeeUfan_LE_26 - Early Access (LE) (Japanese Collectors),2026-01-06 10:00:22,LeeUfan_LE_26,647,226,76,2
050126_CUS_LeeUfan_LE_26 - Early Access (LE) (Korean),2026-01-06 10:00:16,LeeUfan_LE_26,339,225,161,0
060126_INS_FerrariSh_LE_26 - Early Access for Insiders (Sofiya),2026-01-05 17:00:25,INSIDERSEA,44,21,9,0
060126_INS_FerrariSh_LE_26 - Early Access for Insiders (Curtis),2026-01-05 17:00:02,INSIDERSEA,146,34,5,0
060126_CUS_FerrariSh_LE_26 - Early Access (LE),2026-01-05 17:00:40,FerrariSh_LE_26,1649,516,258,3
060126_INS_FerrariSh_LE_26 - Early Access for Insiders (Sam),2026-01-05 17:00:43,INSIDERSEA,707,241,46,2
AUT_TomasSanchez_TL_26 - Missed launch (TL Flow),2026-01-05 14:56:58,TomasSanchez_TL_26,41,17,1,0
AUT_TomasSanchez_TL_26 - Signup Confirmation (TL Flow),2026-01-05 14:46:41,TomasSanchez_TL_26,2526,786,111,22
050126_INS_LeeUfan_LE_26 - Insiders Early Access (Curtis),2026-01-05 14:00:18,INSIDERSEA,146,52,30,0
050126_INS_LeeUfan_LE_26 - Insiders Early Access (Sofiya),2026-01-05 14:00:19,INSIDERSEA,44,24,11,0
050126_INS_LeeUfan_LE_26 - Insiders Early Access (Sam),2026-01-05 14:00:52,INSIDERSEA,707,280,128,1
050126_CUS_LeeUfan_LE_26 - Early Access (LE),2026-01-05 14:00:16,LeeUfan_LE_26,359,225,182,1
AUT_TomasSanchez_TL_26 - Welcome (TL FLow),2025-12-23 14:30:25,TomasSanchez_TL_26,1601,421,76,17
AUT_TomasSanchez_TL_26 - Re-subscribe to artists & editions,2025-12-23 13:39:20,TomasSanchez_TL_26,50,32,3,25
221225_GEN_Inventory_December25,2025-12-22 17:00:35,Inventory_December2025,99834,14779,1663,1006
221225_TRNS_JamesJean_Sun_25 - Printed/Preparing for dispatch (unframed prints only),2025-12-22 17:00:55,JamesJean_Sun_25,40,17,1,0
221225_TRNS_HarmoniaR_Two_25 - Preparing to dispatch (unframed),2025-12-22 17:00:50,HarmoniaR_Two_25,254,124,7,0
AUT_Katharina_TL_25 - Announcement (TL Non-flow - 20%),2025-12-22 12:52:01,Katharina_TL_25,24001,3827,491,224
AUT_TESTING - Re-subscribe to artist & release,2025-12-22 12:22:23,CleonPeter_Timed_25,2,2,0,2
181225_CUS_SALES Sam - January Monthly Preview (whatsapp contacts),2025-12-18 17:00:44,MONTHLYPREV,235,94,49,1
181125_TRNS_MaurizioC_Rev_25 - Production in progress (batch 1 & 2),2025-12-18 17:00:58,MaurizioC_Rev_25,976,460,21,0
111225_TRNS_AlexKatz_H2_25 - Signing PP (unframed),2025-12-18 17:00:32,AlexKatz_H2_25,71,34,3,0
111225_TRNS_AlexKatz_H2_25 - Signing PP (framed),2025-12-18 17:00:08,AlexKatz_H2_25,122,48,4,0
181225_FREQ_LE_Bundle - Johnson Tsang & Joakim Ojanen (Frequency Group D),2025-12-18 15:00:19,FREQ_LE_Bundle,31549,4326,444,345
181225_FREQ_LE_Bundle - Johnson Tsang & Joakim Ojanen (Frequency Group B),2025-12-18 15:00:45,FREQ_LE_Bundle,30155,4418,395,264
181225_CUS_JohnsonTs_SE_25 - Announcement LE (Frequency Group A),2025-12-18 13:30:05,JohnsonTs_SE_25,2704,534,77,13
181225_CUS_JohnsonTs_SE_25 - Announcement LE (Frequency Group C),2025-12-18 13:30:34,JohnsonTs_SE_25,2845,600,89,16
171225_CUS_SALES Curtis - January Monthly Preview,2025-12-18 10:00:15,MONTHLYPREV,148,58,32,0
181225_CUS_SALES Sofiya - January Monthly Preview,2025-12-18 10:00:26,MONTHLYPREV,78,52,37,0
171225_CUS_SALES Sam - January Monthly Preview,2025-12-18 10:00:11,MONTHLYPREV,1227,606,314,2
171225_INS_JohnsonTs_SE_25 - Insiders Early Access (Curtis),2025-12-17 13:00:58,INSIDERSEA,148,36,10,0
171225_INS_JohnsonTs_SE_25 - Insiders Early Access (Sofiya),2025-12-17 13:00:20,INSIDERSEA,45,23,6,0
171225_CUS_JohnsonTs_SE_25 - Early Access (LE) (Frequency Group C),2025-12-17 13:00:35,JohnsonTs_SE_25,1310,396,136,4
171225_INS_JohnsonTs_SE_25 - Insiders Early Access (Sam),2025-12-17 13:00:47,INSIDERSEA,712,228,47,1
171225_CUS_JohnsonTs_SE_25 - Early Access (LE) (Frequency Group B),2025-12-17 13:00:40,JohnsonTs_SE_25,574,191,95,2
171225_CUS_JohnsonTs_SE_25 - Early Access (LE) (Frequency Group A),2025-12-17 13:00:05,JohnsonTs_SE_25,1223,311,94,2
171225_CUS_JohnsonTs_SE_25 - Early Access (LE) (Frequency Group D),2025-12-17 13:00:05,JohnsonTs_SE_25,647,205,99,1
161225_CUS_JoakimOja_LE_25 - Announcement (LE) (Frequency Group A),2025-12-16 17:00:28,JoakimOja_LE_25,2162,469,46,4
161225_TRNS_CindySher_TL_25 - Printing PP (framed),2025-12-16 17:00:32,CindySher_TL_25,212,77,3,0
161225_TRNS_CindySher_TL_25 - Printing PP (unframed),2025-12-16 17:00:00,CindySher_TL_25,381,168,11,0
161225_CUS_JoakimOja_LE_25 - Announcement (LE) (Frequency Group C),2025-12-16 17:00:02,JoakimOja_LE_25,2270,561,62,8
121226_INS_JoakimOja_LE_25 - Early Access for Insiders (Sofiya),2025-12-12 17:00:53,INSIDERSEA,46,22,8,0
121226_INS_JoakimOja_LE_25 - Early Access for Insiders (Curtis),2025-12-12 17:00:16,INSIDERSEA,148,35,11,0
121226_INS_JoakimOja_LE_25 - Early Access for Insiders (Sam),2025-12-12 17:00:36,INSIDERSEA,713,239,44,0
121226_CUS_JoakimOja_LE_25 - Early Access (LE),2025-12-12 17:00:02,JoakimOja_LE_25,2805,729,155,5
111225_TRNS_JamesJean_Sun_25 - Printing PP (Sculpture & print),2025-12-11 17:00:14,JamesJean_Sun_25,176,88,3,0
AUT_KeitaMor_TL_25 - Edition Number Confirmed (PP TL Flow),2025-12-11 15:20:59,KeitaMor_TL_25,444,260,82,0
011225_TRNS_AiWeiwei_NVase_25 - Dispatch delay (Batch 2),2025-12-11 14:00:06,AiWeiwei_LE_25,145,65,7,0
011225_TRNS_AiWeiwei_NVase_25 - Dispatch delay (Batch 3),2025-12-11 14:00:02,AiWeiwei_LE_25,225,97,6,0
111225_WilliamBl_LE_25 - Last chance (LE),2025-12-11 14:00:43,WilliamBl_LE_25,445,155,42,1
101225_TRNS_AiWeiwei_LE_25 - Preparing for dispatch (framed),2025-12-10 14:00:50,AiWeiwei_LE_25,78,47,0,0
AUT_KeitaMor_TL_25 - Edition Closed (PP TL Flow),2025-12-10 10:40:03,KeitaMor_TL_25,412,214,35,0
AUT_KeitaMor_TL_25 - Last chance (TL Flow),2025-12-10 09:54:48,KeitaMor_TL_25,1012,291,103,8
AUT_KeitaMor_TL_25 - Halfway (TL Flow),2025-12-10 09:53:39,KeitaMor_TL_25,1032,299,101,8
091225_GEN_KeitaMor_TL_25 - Now Live (TL Non-flow),2025-12-09 10:00:52,KeitaMor_TL_25,60804,10486,1669,740
AUT_KeitaMor_TL_25 - Now Live (TL Flow),2025-12-09 09:59:10,KeitaMor_TL_25,1111,444,268,6
091225_CUS_Harland_Miller_VIP - Exhibition - Event Reminder,2025-12-09 09:30:52,Harland_Miller_DesignMuseum,38,23,0,0
081225_TRNS_JamesJean_Sun_25 - Printing PP (unframed prints only),2025-12-08 17:00:51,JamesJean_Sun_25,40,20,0,0
0811225_TRNS_TomoKazum_Shaped_25 - Signing PP (framed),2025-12-08 17:00:51,TomoKazum_Shaped_25,41,21,0,0
081225_TRNS_JamesJean_Sun_25 - Printing PP (framed prints only),2025-12-08 17:00:03,JamesJean_Sun_25,37,19,0,0
081225_INS_KeitaMor_TL_25 - Early Access for Insiders (Curtis),2025-12-08 10:15:48,INSIDERSEA,154,36,5,0
081225_INS_KeitaMor_TL_25 - Early Access for Insiders (Sofiya),2025-12-08 10:15:00,INSIDERSEA,45,20,3,0
081225_INS_KeitaMor_TL_25 - Early Access for Insiders (Sam),2025-12-08 10:15:01,INSIDERSEA,720,234,46,0
081225_CUS_KeitaMor_TL_25 - Early Access for Past Purchasers,2025-12-08 10:16:28,KeitaMor_TL_25,12,4,4,0
AUT_KeitaMor_TL_25 - Early Access (TL Flow),2025-12-08 09:43:56,KeitaMor_TL_25,1233,618,432,9
051225_CUS_Harland_Miller_VIP - Exhibition - Waitlist Contact,2025-12-05 17:00:43,Harland_Miller_DesignMuseum,44,21,0,0
041225_TRNS_CleonPeter_Timed_25 - On track,2025-12-04 17:00:09,CleonPeter_Timed_25,271,124,5,0
041225_TRNS_AiWeiwei_NVase_25 - Dispatch delay,2025-12-04 14:00:10,AiWeiwei_LE_25,52,24,1,0
AUT_KeitaMor_TL_25 - Survey repeat buyers (PP TL Flow),2025-12-03 17:29:13,KeitaMor_TL_25,148,89,32,0
AUT_KeitaMor_TL_25 - Survey first time collectors (PP TL Flow),2025-12-03 17:28:15,KeitaMor_TL_25,276,171,61,2
011225_TRNS_HarmoniaR_Two_25 - Signing PP (unframed),2025-12-03 17:00:40,HarmoniaR_Two_25,252,126,11,0
011225_TRNS_HarmoniaR_Two_25 - Signing PP (framed),2025-12-03 17:00:17,HarmoniaR_Two_25,61,27,3,0
AUT_CS_Unsubscribe_Page - Update your preferences,2025-12-01 16:40:57,,7,4,0,2
AUT_KeitaMor_TL_25 - Missed launch (TL Flow),2025-12-01 14:02:08,KeitaMor_TL_25,51,21,3,0
AUT_KeitaMor_TL_25 - Non-purchaser survey (TL Flow),2025-12-01 13:01:43,KeitaMor_TL_25,972,307,103,9
AUT_Judy_Triptych_25 - Survey repeat buyers (PP LE),2025-12-01 12:32:23,Judy_Triptych_25,29,21,9,0
AUT_Judy_Triptych_25 - Survey first time collectors (PP LE),2025-12-01 12:29:56,Judy_Triptych_25,15,10,2,0
271125_CUS_Harland_Miller_VIP - Exhibition - Follow up (at capacity),2025-11-27 17:00:34,Harland_Miller_DesignMuseum,468,135,28,1
261125_CUS_Harland_Miller_VIP - Exhibition invitation (Sofiya's collectors),2025-11-26 17:00:29,Harland_Miller_DesignMuseum,16,9,7,0
261125_CUS_Harland_Miller_VIP - Exhibition invitation,2025-11-26 17:00:54,Harland_Miller_DesignMuseum,501,208,73,1
261125_CUS_Harland_Miller_VIP - Exhibition invitation (Curtis collectors),2025-11-26 17:00:11,Harland_Miller_DesignMuseum,10,8,4,0
211125_TRNS_SirJoanC_TL_25 - Signing PP (unframed),2025-11-26 12:00:36,SirJoanC_TL_25,271,148,10,0
211125_TRNS_SirJoanC_TL_25 - Signing PP (framed),2025-11-26 12:00:35,SirJoanC_TL_25,196,101,11,0
AUT_KeitaMor_TL_25 - Make-Ready (Deep dive),2025-11-26 11:48:25,KeitaMor_TL_25,956,426,210,7
AUT_KeitaMor_TL_25 - In conversation with (Deep dive),2025-11-26 11:46:59,KeitaMor_TL_25,1126,437,150,4
251125_AiWeiwei_LE_25_TRNS_Last_Available,2025-11-25 16:00:18,AiWeiwei_LE_25,7,1,0,0
241125_Judy_Triptych_25 - Last chance (LE),2025-11-24 17:00:33,Judy_Triptych_25,2720,676,177,12
211125_TRNS_GlennBrow_Two_25 - Framing PP (framed),2025-11-21 14:00:27,GlennBrow_Two_25,17,8,1,0
AUT_CindySher_TL_25 - Edition Number Confirmed (PP TL Flow),2025-11-19 15:47:33,CindySher_TL_25,584,285,80,0
181125_TRNS_AlexKatz_H2_25 - Printing PP (framed),2025-11-18 17:00:56,AlexKatz_H2_25,122,52,2,0
181125_TRNS_AlexKatz_H2_25 - Printing PP (unframed),2025-11-18 17:00:17,AlexKatz_H2_25,71,37,5,0
181125_GEN_KeitaMor_TL_25 - Announcement (JP),2025-11-18 10:15:14,KeitaMor_TL_25,3158,727,207,18
181125_GEN_KeitaMor_TL_25 - Announcement (TL Non-flow),2025-11-18 10:00:58,KeitaMor_TL_25,104953,15755,3380,703
171125_AiWeiwei_LE_25_TRNS_DrawResults_Pair_Preorders,2025-11-17 16:09:55,AiWeiwei_LE_25,7,1,0,0
271025_CUS_WilliamBl_LE_25 - Announcement (LE),2025-11-17 14:00:57,WilliamBl_LE_25,16539,2317,217,149
171125_CUS_SALES Curtis - December Monthly Preview,2025-11-17 11:00:32,MONTHLYPREV,159,59,29,0
171125_CUS_SALES Sofiya - December Monthly Preview,2025-11-17 11:00:07,MONTHLYPREV,86,55,38,0
171125_CUS_SALES Sam - December Monthly Preview,2025-11-17 11:00:46,MONTHLYPREV,1038,468,198,2
181125_AiWeiwei_LE_25 - Last chance (LE),2025-11-17 09:00:06,AiWeiwei_LE_25,3973,1399,382,14
AUT_KeitaMor_TL_25 - Welcome (TL FLow),2025-11-14 15:30:05,KeitaMor_TL_25,0,0,0,0
AUT_KeitaMor_TL_25 - Signup Confirmation (TL Flow),2025-11-14 14:48:33,KeitaMor_TL_25,1316,528,126,6
AUT_CindySher_TL_25 - Survey repeat buyers (PP TL Flow),2025-11-14 13:41:56,CindySher_TL_25,206,106,43,0
AUT_CindySher_TL_25 - Survey first time collectors (PP TL Flow),2025-11-14 13:40:04,CindySher_TL_25,355,174,74,2
AUT_CindySher_TL_25 - Edition Closed (PP TL Flow),2025-11-14 13:34:07,CindySher_TL_25,549,237,66,0
AUT_CindySher_TL_25 - Last chance (TL Flow),2025-11-14 12:30:14,CindySher_TL_25,2556,517,202,17
131125_CUS_AlexKatz_H2_25 - Guggenheim offer reminder,2025-11-13 17:00:32,AlexKatz_H2_25,182,81,52,0
131125_TRNS_MaurizioC_Rev_25 - Production in progress (batch 1 & 2),2025-11-13 16:00:36,MaurizioC_Rev_25,975,473,32,0
131125_INS_WilliamBl_LE_25 - Early Access for Insiders (Sofiya),2025-11-13 14:00:35,INSIDERSEA,150,54,17,0
131125_INS_WilliamBl_LE_25 - Early Access for Insiders (Curtis),2025-11-13 14:00:31,INSIDERSEA,151,29,2,0
131125_CUS_WilliamBl_LE_25 - Early Access (LE),2025-11-13 14:00:01,WilliamBl_LE_25,5418,885,179,32
131125_INS_WilliamBl_LE_25 - Early Access for Insiders (Sam),2025-11-13 14:00:14,INSIDERSEA,649,179,23,0
AUT_CindySher_TL_25 - Missed launch (TL Flow),2025-11-13 13:57:06,CindySher_TL_25,12,6,0,0
AUT_CindySher_TL_25 - Non-purchaser survey (TL Flow),2025-11-13 13:49:54,CindySher_TL_25,2496,467,147,18
AUT_CindySher_TL_25 - 3 days to go (TL Flow),2025-11-12 15:29:19,CindySher_TL_25,2044,394,134,14
121125_CUS_Harland_Miller_ICA - Shipping Options,2025-11-12 14:30:00,Harland_Miller_ICA,1,1,0,0
111125_GEN_CindySher_TL_25 - Now Live (TL Non-flow),2025-11-11 17:00:14,CindySher_TL_25,106987,15081,1611,687
101125_INS_CindySher_TL_25 - Early Access for Insiders (Sofiya),2025-11-10 17:00:52,INSIDERSEA,150,66,18,0
101125_CUS_AlexKatz_H2_25 - Thank you from the Guggenheim (2),2025-11-10 17:00:00,AlexKatz_H2_25,3,3,3,0
AUT_JamesJean_Sun_25 - Edition Number Confirmed (PP TL Flow),2025-11-10 17:03:31,JamesJean_Sun_25,231,139,27,1
101125_INS_CindySher_TL_25 - Early Access for Insiders (Curtis),2025-11-10 17:00:00,INSIDERSEA,146,30,5,0
101125_INS_CindySher_TL_25 - Early Access for Insiders (Sam),2025-11-10 17:00:38,INSIDERSEA,640,199,34,0
AUT_CindySher_TL_25 - 5 days to go (TL Flow),2025-11-10 16:42:30,CindySher_TL_25,2077,415,143,16
AUT_CindySher_TL_25 - Now Live (TL Flow),2025-11-10 16:09:48,CindySher_TL_25,2149,642,366,12
AUT_CindySher_TL_25 - Early Access (TL Flow),2025-11-10 13:14:01,CindySher_TL_25,2221,722,460,10
AUT_AlexKatz_H2_25 - Survey repeat buyers (PP TL Flow),2025-11-07 16:28:02,AlexKatz_H2_25,86,43,17,0
AUT_AlexKatz_H2_25 - Survey first time collectors (PP TL Flow),2025-11-07 16:26:24,AlexKatz_H2_25,96,54,20,2
071125_CUS_SALES Harland Miller x ICA (Harland sigups),2025-11-07 14:00:28,Harland_Miller_ICA,986,426,252,4
071125_TRNS_AhmedMat_Magnet_25 - Signing PP (unframed),2025-11-07 12:00:50,AhmedMat_Magnet_25,5,2,0,0
071125_TRNS_AhmedMat_Magnet_25 - Signing PP (framed),2025-11-07 12:00:37,AhmedMat_Magnet_25,35,18,1,0
AUT_JamesJean_Sun_25 - Survey repeat buyers (PP TL Flow),2025-11-07 11:24:33,JamesJean_Sun_25,87,53,14,0
AUT_JamesJean_Sun_25 - Survey first time collectors (PP TL Flow),2025-11-07 11:22:53,JamesJean_Sun_25,140,88,28,1
AUT_JamesJean_Sun_25 - Edition Closed (PP TL Flow),2025-11-07 11:20:49,JamesJean_Sun_25,223,101,8,1
"051125_GEN_Mix_Campaign_25 - Live & Launching (Judy Chicago, Ai Weiwei, James Jean, Cindy Sherman)",2025-11-06 17:00:32,NEWSLETTER,113041,12996,1040,808
051125_TRNS_AiWeiwei_NVase_25 - Production on track (batch 3),2025-11-05 14:00:32,AiWeiwei_NVase_25,225,93,2,0
051125_TRNS_AiWeiwei_NVase_25 - Production on track (batch 2),2025-11-05 14:00:09,AiWeiwei_NVase_25,144,71,1,0
051125_TRNS_AiWeiwei_NVase_25 - Finishing (batch 1),2025-11-05 14:00:12,AiWeiwei_NVase_25,53,28,15,0
AUT_CindySher_TL_25 - Deep dive 1,2025-11-05 10:46:15,CindySher_TL_25,2039,645,356,12
AUT_CindySher_TL_25 - Deep dive 2,2025-11-04 17:22:13,CindySher_TL_25,1654,466,194,9
041125_CUS_AlexKatz_H2_25 - Thank you from the Guggenheim,2025-11-04 17:00:03,AlexKatz_H2_25,183,110,73,0
041125_CUS_SALES Harland Miller x ICA (DRAW MISS OUTS),2025-11-04 14:00:30,Harland_Miller_ICA,91,59,45,0
041125_TRNS_GlennBrow_Two_25 - Signing PP (unframed),2025-11-04 14:00:41,GlennBrow_Two_25,19,11,1,0
041125_TRNS_GlennBrow_Two_25 - Signing (framed),2025-11-04 14:00:37,GlennBrow_Two_25,17,7,0,0
031125_CUS_Judy_Triptych_25 - Exclusive Access (Campaign engagers),2025-11-03 17:00:18,Judy_Triptych_25,1262,500,92,2
031125_TRNS_TomoKazum_Shaped_25 - Printing PP (framed),2025-11-03 17:00:40,TomoKazum_Shaped_25,40,20,1,0
AUT_JamesJean_Sun_25 - Missed launch (TL Flow),2025-11-03 16:13:36,JamesJean_Sun_25,2,1,0,0
AUT_JamesJean_Sun_25 - Non-purchaser survey (TL Flow),2025-11-03 15:52:54,JamesJean_Sun_25,447,115,27,2
AUT_JamesJean_Sun_25 - 3 days to go (TL Flow),2025-11-03 15:49:18,JamesJean_Sun_25,459,108,22,3
AUT_JamesJean_Sun_25 - Last Chance (TL Flow),2025-11-03 15:44:44,JamesJean_Sun_25,453,89,16,4
AUT_HarmoniaR_Two_25 - Edition Number Confirmed (PP TL Flow),2025-11-03 12:23:58,HarmoniaR_Two_25,304,173,43,0
311025_GEN_JamesJean_Sun_25 - Now Live (TL Non-flow),2025-10-31 17:00:58,JamesJean_Sun_25,110637,14146,1381,665
AUT_JamesJean_Sun_25 - 5 days to go (TL Flow),2025-10-31 15:30:04,JamesJean_Sun_25,463,115,35,3
AUT_JamesJean_Sun_25 - Now Live (TL Flow),2025-10-31 15:23:40,JamesJean_Sun_25,478,132,54,3
301025_JamesJean_Sun_25 - Early Access for PP (TL Non-flow),2025-10-30 17:00:35,JamesJean_Sun_25,694,223,78,2
301025_GEN_CindySher_TL_25 - Announcement (TL Non-flow),2025-10-30 17:00:21,CindySher_TL_25,108656,14961,2634,653
301025_INS_JamesJean_Sun_25 - Early Access for Insiders (Curtis),2025-10-30 17:00:11,INSIDERSEA,146,35,9,0
301025_INS_JamesJean_Sun_25 - Early Access for Insiders (Sam),2025-10-30 17:00:36,INSIDERSEA,637,182,34,0
AUT_CindySher_TL_25 - Signup Confirmation (TL Flow),2025-10-30 15:49:05,CindySher_TL_25,2898,814,179,11
301025_INS_JamesJean_Sun_25 - Early Access for Insiders (Sofiya),2025-10-30 15:02:11,INSIDERSEA,148,60,23,0
301025_TRNS_HarlandMi_Qu_25 - Signed with extended delay (unframed),2025-10-30 14:00:38,HarlandMi_Qu_25,29,15,1,0
301025_TRNS_HarlandMi_Qu_25 - Signed with extended delay (framed),2025-10-30 14:00:09,HarlandMi_Qu_25,60,32,1,0
AUT_CindySher_TL_25 - Welcome (TL FLow),2025-10-30 12:56:39,CindySher_TL_25,35,12,4,0
301025_CUS_SALES Curtis - November Monthly Preview,2025-10-30 11:30:57,MONTHLYPREV,160,48,22,0
301025_CUS_SALES Sofiya (from Sam) - November Monthly Preview,2025-10-30 11:30:44,MONTHLYPREV,83,45,33,0
301025_CUS_SALES No Advisor (Sam) - November Monthly Preview,2025-10-30 11:30:43,MONTHLYPREV,1024,353,162,0
AUT_JamesJean_Sun_25 - Early Access (TL Flow),2025-10-29 18:00:10,JamesJean_Sun_25,528,196,97,3
291021_GEN_HarmoniaR_Two_25 - Now Live (TL Non-flow),2025-10-29 17:00:27,HarmoniaR_Two_25,109940,13955,1818,632
291025_CUS_SALES Alex Katz Draw Reminder (Pre-orders),2025-10-29 17:00:55,AlexKatz_H2_25,44,23,9,0
291025_CUS_AhmedMat_Magnet_25 - Survey to inform upcoming collaboration,2025-10-29 15:00:56,AhmedMat_Magnet_25,475,212,52,5
AUT_AhmedMat_Magnet_25 - Survey repeat buyers (PP LE),2025-10-29 09:06:21,AhmedMat_Magnet_25,11,5,2,0
AUT_AhmedMat_Magnet_25 - Survey first time collectors (PP LE),2025-10-29 08:58:54,AhmedMat_Magnet_25,28,11,3,0
AUT_HarmoniaR_Two_25 - Survey repeat buyers (PP TL Flow),2025-10-28 17:50:10,HarmoniaR_Two_25,93,61,28,1
AUT_HarmoniaR_Two_25 - Survey first time collectors (PP TL Flow),2025-10-28 17:47:13,HarmoniaR_Two_25,200,110,34,0
AUT_HarmoniaR_Two_25 - Edition Closed (PP TL Flow),2025-10-28 17:25:33,HarmoniaR_Two_25,249,119,22,0
281025_INS_HarmoniaR_Two_25 - Early Access for Insiders (Sam),2025-10-28 17:00:22,INSIDERSEA,610,219,12,0
281025_AlexKatz_H2_25 - Last chance (LE),2025-10-28 17:00:55,AlexKatz_H2_25,6847,1825,471,80
281025_INS_HarmoniaR_Two_25 - Early Access for Insiders (Sofiya),2025-10-28 17:00:02,INSIDERSEA,146,58,6,0
281025_INS_HarmoniaR_Two_25 - Early Access for Insiders (Curtis),2025-10-28 17:00:06,INSIDERSEA,146,39,3,0
281025_CUS_MaurizioC_Rev_25 - We are the Revolution Missouts,2025-10-28 15:00:54,AiWeiwei_LE_25,781,375,177,8
AUT_HarmoniaR_Two_25 - Now Live (TL Flow),2025-10-28 11:39:35,HarmoniaR_Two_25,1181,300,148,9
AUT_HarmoniaR_Two_25 - Non-purchaser survey (TL Flow),2025-10-28 11:20:38,HarmoniaR_Two_25,1073,217,46,14
AUT_HarmoniaR_Two_25 - Missed launch (TL Flow),2025-10-28 11:15:35,HarmoniaR_Two_25,18,10,1,0
AUT_HarmoniaR_Two_25 - Last chance (TL FLow),2025-10-28 11:11:43,HarmoniaR_Two_25,1105,216,85,12
AUT_HarmoniaR_Two_25 - Halfway (TL Flow),2025-10-28 11:02:54,HarmoniaR_Two_25,1118,226,80,10
AUT_HarmoniaR_Two_25 - Early Access (TL Flow),2025-10-28 10:42:33,HarmoniaR_Two_25,1241,415,228,3
271025_CUS_Judy_Triptych_25 - Announcement (LE),2025-10-27 17:00:09,Judy_Triptych_25,111601,15831,1577,775
AUT_MaurizioC_Rev_25 - Survey repeat buyers (PP LE),2025-10-27 16:49:32,MaurizioC_Rev_25,292,172,74,0
AUT_MaurizioC_Rev_25 - Survey first time collectors (PP LE),2025-10-27 16:47:26,MaurizioC_Rev_25,615,356,157,2
AUT_SirJoanC_TL_25 - Edition Number Confirmed (PP TL Flow),2025-10-27 09:11:53,SirJoanC_TL_25,456,261,59,0
AUT_JamesJean_Sun_25 - Deep dive,2025-10-24 18:54:26,JamesJean_Sun_25,493,146,34,4
241025_INS_Judy_Triptych_25 - Early Access for Insiders (Sofiya),2025-10-24 17:00:53,INSIDERSEA,146,69,27,0
211025_CUS_Judy_Triptych_25 - Early Access (LE),2025-10-24 17:00:48,Judy_Triptych_25,11945,1858,397,50
241025_INS_Judy_Triptych_25 - Early Access for Insiders (Curtis),2025-10-24 17:00:03,INSIDERSEA,148,32,7,0
241025_INS_Judy_Triptych_25 - Early Access for Insiders (Sam),2025-10-24 17:00:47,INSIDERSEA,588,169,26,0
Maurizio Cattelan - Draw extension,2025-10-24 16:00:48,MaurizioC_Rev_25,8538,2944,934,77
AUT_SirJoanC_TL_25 - Survey repeat buyers (PP TL Flow),2025-10-24 09:49:23,SirJoanC_TL_25,126,83,39,0
AUT_SirJoanC_TL_25 - Survey first time collectors (PP TL Flow),2025-10-24 09:43:46,SirJoanC_TL_25,327,201,59,1
AUT_SirJoanC_TL_25 - Edition Closed (PP TL Flow),2025-10-24 09:03:54,SirJoanC_TL_25,431,237,52,0
AUT_SirJoanC_TL_25 - Missed launch (TL Flow),2025-10-24 08:36:22,SirJoanC_TL_25,22,12,1,0
AUT_SirJoanC_TL_25 - Last chance (TL Flow),2025-10-24 08:34:04,SirJoanC_TL_25,2320,518,199,24
AUT_SirJoanC_TL_25 - Non-purchaser survey (TL Flow),2025-10-23 17:25:33,SirJoanC_TL_25,2265,531,138,32
231025_MaurizioC_Rev_25 - Last chance (LE),2025-10-23 17:00:50,MaurizioC_Rev_25,7718,2286,665,77
AUT_GEN_SirJoanC_TL_25 - Now Live (TL Non-flow),2025-10-23 12:06:01,SirJoanC_TL_25,110273,14427,2108,640
AUT_SirJoanC_TL_25 - Now Live (TL Flow),2025-10-23 09:55:30,SirJoanC_TL_25,2436,741,445,26
221025_TRNS_CleonPeter_Timed_25 - Production in progress,2025-10-22 17:00:10,CleonPeter_Timed_25,273,122,8,0
221025_GEN_AiWeiwei_LE_25 - Announcement (LE),2025-10-22 14:00:47,AiWeiwei_LE_25,116094,17375,3251,828
221025_INS__SirJoanC_TL_25 - Early Access for Insiders (Curtis),2025-10-22 12:00:54,INSIDERSEA,144,47,5,0
221025_INS__SirJoanC_TL_25 - Early Access for Insiders (Sofiya),2025-10-22 12:00:23,INSIDERSEA,142,63,17,0
221025_INS__SirJoanC_TL_25 - Early Access for Insiders (Sam),2025-10-22 12:00:52,INSIDERSEA,576,216,36,0
AUT_SirJoanC_TL_25 - Early Access (TL Flow),2025-10-21 16:41:40,SirJoanC_TL_25,2536,906,546,19
201025_TRNS_AhmedMat_Magnet_25 - Less than 24 hours to increase your bid,2025-10-20 18:10:25,AhmedMat_Magnet_25,20,4,3,0
201025_GEN_JamesJean_Sun_25 - Announcement (TL Non-flow),2025-10-20 17:15:11,JamesJean_Sun_25,112769,12626,2834,707
AUT_JamesJean_Sun_25 - Signup Confirmation (TL Flow),2025-10-20 16:07:16,JamesJean_Sun_25,537,183,26,3
AUT_JamesJean_Sun_25 - Welcome (TL FLow) (Clone),2025-10-20 16:04:54,JamesJean_Sun_25,33,11,2,0
201025_CUS_AiWeiwei_LE_25- Early Access (LE),2025-10-20 14:00:26,AiWeiwei_LE_25,7218,1772,765,32
201025_INS_AiWeiwei_LE_25- Early Access for Insiders (Curtis),2025-10-20 14:00:57,INSIDERSEA,148,38,11,0
201025_INS_AiWeiwei_LE_25- Early Access for Insiders (Sofiya),2025-10-20 14:00:33,INSIDERSEA,146,73,38,0
201025_CUS_AiWeiwei_LE_25- Early Access (LE) (WITH BUNDLE),2025-10-20 14:00:53,AiWeiwei_LE_25,7322,1756,769,35
201025_INS_AiWeiwei_LE_25- Early Access for Insiders (Sam),2025-10-20 14:00:25,INSIDERSEA,586,180,54,0
201025_AWWNT - Welcome new sign-ups from Cockroach,2025-10-20 14:00:01,AiWeiwei_LE_25,10330,2442,98,309
201025_AhmedMat_Magnet_25 - Last chance (LE),2025-10-20 10:00:14,AhmedMat_Magnet_25,817,290,71,2
AUT_AWWNT_25 - Cockroach,2025-10-20 09:37:09,AiWeiwei_NT,13716,8422,6383,66
AUT_SirJoanC_TL_25 - Deep dive,2025-10-17 15:41:50,SirJoanC_TL_25,2237,729,275,18
171025_CUS_AWWNT_25 - Cockroach,2025-10-17 14:00:58,AWWNT_25,14442,2904,432,61
171025_TRNS_GlennBrow_Two_25 - Printing PP (unframed),2025-10-17 14:00:44,GlennBrow_Two_25,19,11,1,0
171025_TRNS_GlennBrow_Two_25 - Printing PP (framed),2025-10-17 14:00:54,GlennBrow_Two_25,17,7,0,0
171025_TRNS_AhmedMat_Magnet_25 - You've been outbid (2),2025-10-17 10:30:43,AhmedMat_Magnet_25,17,6,4,0
AUT_HarmoniaR_Two_25 - Deep dive,2025-10-17 10:01:23,HarmoniaR_Two_25,1209,313,123,11
161025_CUS_SALES Cattalan Pre-order Applications,2025-10-16 17:15:02,MaurizioC_Rev_25,165,72,9,0
161025_TRNS_MarkBradf_Broad_25 - Framing (framed),2025-10-16 17:00:56,MarkBradf_Broad_25,188,80,4,0
151025_GEN_AlexKatz_H2_25 - Timeline (sustain),2025-10-15 17:00:32,AlexKatz_H2_25,112453,15160,1315,588
151025_TRNS_Dominique_Limited_25 - Further delays (unframed),2025-10-15 15:00:42,Dominique_Limited_25,29,11,3,0
151025_TRNS_Dominique_Limited_25 - Further delays (framed),2025-10-15 15:00:20,Dominique_Limited_25,11,4,0,0
151025_CUS_Harland_Miller - Survey to inform upcoming print choice,2025-10-15 15:00:25,HarlandMi_Qu_25,1046,495,228,7
151025_TRNS_HarlandMi_Qu_25 - Dispatch delay (unframed),2025-10-15 14:00:43,HarlandMi_Qu_25,27,18,1,0
151025_TRNS_HarlandMi_Qu_25 - Dispatch delay (framed),2025-10-15 14:00:27,HarlandMi_Qu_25,61,29,1,0
141025_TRNS_LucianFre_TL_25 - Dispatch delay (framed),2025-10-14 14:00:14,LucianFre_TL_25,117,52,3,0
131025_CUS_RobertLongo - Exhibition Info,2025-10-13 17:00:28,,2793,783,154,6
161025_TRNS_AhmedMat_Magnet_25 - You've been outbid,2025-10-13 16:45:57,AhmedMat_Magnet_25,18,10,9,0
101025_GEN_SirJoanC_TL_25 - Announcement (TL Non-flow),2025-10-10 12:00:16,SirJoanC_TL_25,110649,15763,2949,540
101025_TRNS_RobertLon_MenIn_25 - Dispatch delayed (framed),2025-10-10 10:30:51,RobertLon_Menin_25,154,58,1,0
091025_CUS_MaurizioC_Rev_25 - Treasure hunt Losers,2025-10-09 17:00:53,MaurizioC_Rev_25,517,236,54,1
091025_GEN_HarmoniaR_Two_25 - Announcement (TL Non-flow),2025-10-09 17:00:54,HarmoniaR_Two_25,110687,14533,1530,555
091025_TRNS_RobertLon_MenIn_25 - Dispatch delayed (framed),2025-10-09 17:00:02,RobertLon_Menin_25,61,21,1,0
081025_CUS_AlexKatz_H2_25 - Announcement (non-openers),2025-10-08 17:00:08,AlexKatz_H2_25,97308,8020,1111,431
AUT_SirJoanC_TL_25 - Make-Ready Video,2025-10-08 10:43:41,SirJoanC_TL_25,1819,458,42,16
AUT_SirJoanC_TL_25 - Signup Confirmation (TL Flow),2025-10-08 10:14:07,SirJoanC_TL_25,2688,833,166,20
AUT_SirJoanC_TL_25 - Welcome (TL FLow),2025-10-08 10:11:04,SirJoanC_TL_25,984,266,53,18
071025_CUS_AhmedMat_Magnet_25 - Sustain,2025-10-07 10:00:44,AhmedMat_Magnet_25,13528,2245,230,58
AUT_HarmoniaR_Two_25 - Welcome (TL FLow),2025-10-06 14:44:34,HarmoniaR_Two_25,601,163,32,10
AUT_HarmoniaR_Two_25 - Signup Confirmation (TL Flow),2025-10-06 14:30:46,HarmoniaR_Two_25,1304,391,81,9
061025_CUS_SALES Sofiya - October Monthly Preview,2025-10-06 14:00:51,MONTHLYPREV,86,51,34,0
061025_CUS_SALES Curtis - October Monthly Preview,2025-10-06 14:00:39,MONTHLYPREV,161,46,20,0
061025_CUS_SALES No Advisor (Sam) - October Monthly Preview,2025-10-06 14:00:03,MONTHLYPREV,938,342,156,1
AUT_HarmoniaR_Two_25 - Make-Ready Video,2025-10-03 12:11:07,HarmoniaR_Two_25,1152,254,24,10
021025_CUS_MaurizioC_Rev_25 - Treasure hunt (London),2025-10-02 17:00:55,MaurizioC_Rev_25,2831,1069,438,25
AUT_KukwonWoo_Rep_25 - Survey repeat buyers (PP LE),2025-10-02 09:41:27,KukwonWoo_Rep_25,45,33,17,0
AUT_KukwonWoo_Rep_25 - Survey first time collectors (PP LE),2025-10-02 09:39:40,KukwonWoo_Rep_25,24,20,13,0
011025_GEN_AlexKatz_H2_25 - Announcement (LE),2025-10-01 17:05:09,AlexKatz_H2_25,113131,15994,2584,707
AUT_ TomoKazum_Shaped_25 - Survey repeat buyers (PP TL Flow),2025-10-01 15:53:14,TomoKazum_Shaped_25,25,17,6,0
AUT_TomoKazum_Shaped_25 - Survey first time collectors (PP TL Flow),2025-10-01 15:51:56,TomoKazum_Shaped_25,12,7,3,0
011025_TRNS_AiWeiwei_NVase_25 - Production in progress (batch 2),2025-10-01 14:00:50,AiWeiwei_NVase_25,143,67,2,0
011025_TRNS_AiWeiwei_NVase_25 - Production in progress (batch 3),2025-10-01 14:00:37,AiWeiwei_NVase_25,224,100,2,0
011025_TRNS_AiWeiwei_NVase_25 - Production in progress (batch 1),2025-10-01 14:00:50,AiWeiwei_NVase_25,51,23,0,0
011025_CUS_AhmedMat_Magnet_25 - Place bid for release sign ups,2025-10-01 11:00:52,AhmedMat_Magnet_25,214,68,48,0
300925_CUS_MaurizioC_Rev_25 - Treasure hunt (New York),2025-09-30 17:00:19,MaurizioC_Rev_25,114273,15232,2152,640
300925_TRNS_FelipePan_TL_25 - Framing (framed),2025-09-30 17:00:49,FelipePan_TL_25,92,47,5,0
AUT_HarlandMi_Qu_25 - Survey repeat buyers (PP LE),2025-09-30 16:09:22,HarlandMi_Qu_25,60,34,13,0
AUT_HarlandMi_Qu_25 - Survey first time collectors (PP LE),2025-09-30 16:06:03,HarlandMi_Qu_25,22,12,4,0
300925_TRNS_Dominique_Limited_25 - Dispatch delayed (framed),2025-09-30 14:00:30,Dominique_Limited_25,11,5,1,0
300925_TRNS_Dominique_Limited_25 - Dispatch delayed (unframed),2025-09-30 14:00:28,Dominique_Limited_25,29,12,1,0
290925_INS_AlexKatz_H2_25 - Insiders Early Access (Curtis),2025-09-29 17:00:55,INSIDERSEA,147,52,29,0
290925_INS_AlexKatz_H2_25 - Insiders Early Access (Sofiya),2025-09-29 17:00:29,INSIDERSEA,145,82,51,0
290925_CUS_AlexKatz_H2_25 - Early Access (LE),2025-09-29 17:00:42,AlexKatz_H2_25,11805,2799,1119,88
290925_INS_AlexKatz_H2_25 - Insiders Early Access (Sam),2025-09-29 17:00:25,INSIDERSEA,577,208,82,1
280925_TomoKazum_Shaped_25 - Last chance (LE),2025-09-28 17:00:00,TomoKazum_Shaped_25,9619,2021,500,31
280925_TomoKazum_Shaped_25 - JP Last chance (LE),2025-09-28 17:00:36,TomoKazum_Shaped_25,3240,870,200,10
190925_INS_MaurizioC_Rev_25 - Early Access for Insiders (Curtis),2025-09-25 17:00:41,INSIDERSEA,111,23,8,0
250925_CUS_MaurizioC_Rev_25 - Exclusive Access (LE),2025-09-25 17:00:50,MaurizioC_Rev_25,5363,1520,527,20
190925_INS_MaurizioC_Rev_25 - Exclusive Access for Insiders (Sofiya),2025-09-25 17:00:32,INSIDERSEA,99,48,18,0
190925_INS_MaurizioC_Rev_25 - Exclusive Access for Insiders (Sam),2025-09-25 17:00:01,INSIDERSEA,475,118,36,1
250925_TRNS_LucianFre_TL_25 - Framing (framed),2025-09-25 14:00:10,LucianFre_TL_25,116,44,1,0
240925_CUS_ Bony_Ramirez - TORO last edition,2025-09-24 17:00:52,BONYRTOROO,559,239,88,0
AUT_TESTING - Signup Confirmation post re-opt in (TL Flow),2025-09-24 16:08:10,Testing,4,4,0,2
AUT_GlennBrow_Two_25 - Edition Number Confirmed (PP TL Flow),2025-09-24 13:54:20,GlennBrow_Two_25,36,15,4,0
230925_GEN_MaurizioC_Rev_25 - Announcement (LE),2025-09-23 17:00:12,MaurizioC_Rev_25,114212,17137,3218,808
AUT_GlennBrow_Two_25 - Edition Closed (PP TL Flow),2025-09-23 13:46:54,GlennBrow_Two_25,35,17,3,0
230925_CUS_GlennBrow_Two_25 - Last chance apology,2025-09-23 11:00:08,GlennBrow_Two_25,32,17,3,0
AUT_GlennBrow_Two_25 - Last chance (TL Flow),2025-09-23 10:33:45,GlennBrow_Two_25,106,35,8,0
AUT_CleonPeter_Timed_25 - Edition Number Confirmed (PP TL Flow),2025-09-22 16:25:50,CleonPeter_Timed_25,248,122,39,0
220925_CUS_AhmedMat_Magnet_25 - Announcement (Auction),2025-09-22 10:00:50,AhmedMat_Magnet_25,9555,1623,296,53
AUT_CleonPeter_Timed_25 - Last chance (TL FLow),2025-09-19 11:56:16,CleonPeter_Timed_25,1050,237,77,3
180925_CUS_TomoKazum_Shaped_25 - JP Early Access (LE),2025-09-18 17:00:46,TomoKazum_Shaped_25,2830,761,219,9
180925_CUS_TomoKazum_Shaped_25 - Early Access (LE),2025-09-18 17:00:24,TomoKazum_Shaped_25,2833,700,228,3
180925_INS_TomoKazum_Shaped_25 - Exclusive Access for Insiders (Sofiya),2025-09-18 17:00:57,INSIDERSEA,140,59,20,0
180925_INS_TomoKazum_Shaped_25 - Exclusive Access for Insiders (Sam),2025-09-18 17:00:48,INSIDERSEA,334,125,16,0
180925_INS_TomoKazum_Shaped_25 - Exclusive Access for Insiders (Curtis),2025-09-18 17:00:26,INSIDERSEA,142,47,11,0
180925_TRNS_CarrieMae_TL_25 - Framing (framed),2025-09-18 17:00:59,CarrieMae_TL_25,243,108,7,0
AUT_CleonPeter_Timed_25 - Halfway (TL Flow),2025-09-18 16:56:22,CleonPeter_Timed_25,1062,246,72,3
AUT_GlennBrow_Two_25 - 5 days to go (TL Flow),2025-09-18 15:27:42,GlennBrow_Two_25,107,36,9,0
180925_TRNS_LucianFre_TL_25 - Preparing for dispatch (unframed),2025-09-18 14:00:38,LucianFre_TL_25,187,69,3,0
AUT_GlennBrow_Two_25 - Survey repeat buyers (PP TL Flow),2025-09-18 09:55:22,GlennBrow_Two_25,17,8,3,0
AUT_GlennBrow_Two_25 - Survey first time collectors (PP TL Flow),2025-09-18 09:52:32,GlennBrow_Two_25,18,12,5,0
170924_GEN_CleonPeter_Timed_25 - Now Live (TL Non-flow),2025-09-17 17:00:32,CleonPeter_Timed_25,109344,14796,2122,588
AUT_CleonPeter_Timed_25 - Now Live (TL Flow),2025-09-17 14:31:11,CleonPeter_Timed_25,1095,317,143,6
AUT_CleonPeter_Timed_25 - Edition Closed (PP TL Flow),2025-09-16 17:40:59,CleonPeter_Timed_25,232,114,27,0
AUT_CleonPeter_Timed_25 - Survey repeat buyers (PP TL Flow),2025-09-16 17:35:37,CleonPeter_Timed_25,105,63,18,0
AUT_CleonPeter_Timed_25 - Survey first time collectors (PP TL Flow),2025-09-16 17:33:45,CleonPeter_Timed_25,139,73,26,1
160925_INS_CleonPeter_Timed_25 - Early Access for Insiders (Sofiya),2025-09-16 17:00:00,INSIDERSEA,144,61,8,0
160925_INS_CleonPeter_Timed_25 - Early Access for Insiders (Sam),2025-09-16 17:00:16,INSIDERSEA,564,202,33,0
160925_CUS_CleonPeter_Timed_25 - Early access (TL Artist PP Non Flow),2025-09-16 17:00:25,CleonPeter_Timed_25,87,24,11,0
160925_INS_CleonPeter_Timed_25 - Early Access for Insiders (Curtis),2025-09-16 17:00:11,INSIDERSEA,143,46,8,0
AUT_CleonPeter_Timed_25 - Early Access (TL Flow),2025-09-16 16:01:48,CleonPeter_Timed_25,1135,393,188,4
AUT_GlennBrow_Two_25 - Non-purchaser survey (TL Flow),2025-09-16 10:53:24,GlennBrow_Two_25,104,29,7,2
AUT_GlennBrow_Two_25 - 3 days to go (TL Flow),2025-09-16 10:23:51,GlennBrow_Two_25,107,33,7,0
160924_GEN_GlennBrow_Two_25 - Now Live (TL Non-flow),2025-09-15 15:11:40,GlennBrow_Two_25,110812,14193,955,605
AUT_GlennBrow_Two_25 - Now Live (TL Flow),2025-09-15 14:28:00,GlennBrow_Two_25,115,43,18,2
AUT_150925_INS_GlennBrow_Two_25 - Early Access (Insiders)(Curtis),2025-09-15 12:37:29,GlennBrow_Two_25,143,30,3,0
AUT_150925_INS_GlennBrow_Two_25 - Early Access (Insiders)(Sofiya),2025-09-15 12:33:25,GlennBrow_Two_25,144,61,11,0
AUT_150925_INS_GlennBrow_Two_25 - Early Access (Insiders)(Sam),2025-09-15 12:26:22,GlennBrow_Two_25,566,158,16,1
120925_TRNS_CarrieMae_TL_25 - Preparing for dispatch (unframed),2025-09-12 17:00:25,CarrieMae_TL_25,634,291,18,0
AUT_GlennBrow_Two_25 - Early Access (TL Flow),2025-09-12 16:47:09,GlennBrow_Two_25,129,59,33,1
110925_TRNS_MarkBradf_Broad_25 - Signing (unframed),2025-09-11 17:00:48,MarkBradf_Broad_25,214,99,10,0
110925_TRNS_MarkBradf_Broad_25 - Signing (framed),2025-09-11 17:00:27,MarkBradf_Broad_25,189,75,4,0
AUT_GlennBrow_Two_25 - Deep dive 2 (Stories of the past),2025-09-11 09:42:28,GlennBrow_Two_25,118,45,18,0
100925_TRNS_FelipePan_TL_25 - Preparing for dispatch (unframed),2025-09-10 17:00:37,FelipePan_TL_25,184,76,1,0
100925_TRNS_JamesJeanMaze25 - Update,2025-09-10 16:00:43,JamesJean_Maze_25,150,83,5,0
100925_TRNS_PietParra_Dip_25 - Preparing for dispatch (unframed),2025-09-10 15:00:36,PietParra_Dip_25,136,51,0,0
100925_TRNS_PietParra_Dip_25 - Signing (framed),2025-09-10 15:00:22,PietParra_Dip_25,75,34,7,0
080925_CUS_TomoKazum_Shaped_25 - Announcement (LE),2025-09-09 17:00:18,TomoKazum_Shaped_25,9862,2194,554,43
080925_CUS_TomoKazum_Shaped_25 - JP Announcement (LE),2025-09-09 17:00:23,TomoKazum_Shaped_25,3296,889,308,12
AUT_GlennBrow_Two_25 - Deep dive 1 (Frames),2025-09-09 15:15:48,GlennBrow_Two_25,128,53,26,0
AUT_CleonPeter_TL_25 - Non-purchaser survey (TL Flow),2025-09-09 11:09:26,CleonPeter_Timed_25,1039,275,77,4
AUT_GlennBrow_Two_25 - Missed launch (TL Flow),2025-09-09 10:38:45,GlennBrow_Two_25,0,0,0,0
AUT_CleonPeter_Timed_25 - Deep dive 2 (About Shame),2025-09-09 10:21:31,CleonPeter_Timed_25,1024,323,88,3
AUT_Friedrich_Storm_25 - Deepdive 1 (Artist intro and text in works),2025-09-08 15:33:25,Friedrich_Storm_25,1888,448,206,9
AUT_MarkBradf_Broad_25 - Deepdive 1 (The Broad),2025-09-08 11:21:34,MarkBradf_Broad_25,1067,314,133,1
AUT_AiWeiwei_NVase_25 - Edition Number Confirmed (PP TL Flow),2025-09-04 15:23:35,AiWeiwei_NVase_25,397,197,38,0
AUT_GlennBrow_Two_25 - Make-Ready Video,2025-09-04 15:16:37,AiWeiwei_NVase_25,118,46,13,0
AUT_AiWeiwei_NVase_25 - Edition Closed (PP TL Flow),2025-09-04 14:09:03,AiWeiwei_NVase_25,385,179,51,0
AUT_AiWeiwei_NVase_25 - Non-purchasers Survey,2025-09-04 10:42:01,AiWeiwei_NVase_25,1938,330,77,22
AUT_GlennBrow_Two_25 - Signup Confirmation (TL Flow),2025-09-03 14:06:59,GlennBrow_Two_25,128,63,26,1
030925_GEN_GlennBrow_Two_25 - Announcement (TL Non-flow),2025-09-03 14:00:55,GlennBrow_Two_25,110891,15393,1794,729
AUT_AiWeiwei_NVase_25 - Last chance (TL FLow),2025-09-03 12:52:49,AiWeiwei_NVase_25,1978,339,92,8
AUT_GlennBrow_Two_25- Welcome (TL FLow),2025-09-02 17:00:06,GlennBrow_Two_25,57,15,3,1
AUT_AiWeiwei_NVase_25 - Survey first time collectors (PP TL Flow),2025-09-02 16:08:37,AiWeiwei_NVase_25,270,144,58,0
AUT_AiWeiwei_NVase_25 - Survey repeat buyers (PP TL Flow),2025-09-02 16:07:39,AiWeiwei_NVase_25,125,76,34,0
020925_CUS_KukwonWoo_Rep_25 - Announcement (LE),2025-09-02 10:00:31,KukwonWoo_Rep_25,24180,3946,799,107
010925_TRNS_JudyChica_TL_25 - Framing (framed),2025-09-01 17:00:58,JudyChica_TL_25,94,40,1,0
270825_TRNS_RobertLon_MenIn_25 - Framing (framed),2025-09-01 17:00:10,RobertLon_Menin_25,418,176,13,0
010925_CUS_AiWeiwei_NVase_25 - Deep dive 1 (Ai Weiwei and the vase have history),2025-09-01 14:00:52,AiWeiwei_NVase_25,6819,1931,387,25
010925_TRNS_AntonyMic_PE_25 - Frame delay,2025-09-01 14:00:36,AntonyMic_PE_25,29,12,2,0
AUT_CleonPeter_Timed_25 - Deep dive 1 (The artist's past),2025-09-01 13:29:48,CleonPeter_Timed_25,1110,354,144,4
AUT_ AiWeiwei_NVase_25 - 3 days to go (TL flow),2025-09-01 11:02:47,AiWeiwei_NVase_25,1998,333,74,16
290825_GEN_HarlandMi_Qu_25 - Announcement (LE),2025-08-29 14:30:26,HarlandMi_Qu_25,116377,15580,2506,980
AUT_AiWeiwei_NVase_25 - (5 days to go) (TL Flow),2025-08-29 13:38:42,AiWeiwei_NVase_25,2034,418,137,19
280825_GEN_AiWeiwei_NVase_25 - Now Live (TL Non-flow),2025-08-28 14:00:19,AiWeiwei_NVase_25,110531,15116,3372,655
AUT_AiWeiwei_NVase_25 - Now Live (TL Flow),2025-08-28 11:46:57,AiWeiwei_NVase_25,2119,571,317,13
280825_CUS_KukwonWoo_Rep_25 - Early Access (LE),2025-08-28 10:00:25,KukwonWoo_Rep_25,9770,1680,363,18
280825_CUS_KukwonWoo_Rep_25 - Early Access (LE Korean),2025-08-28 10:00:22,KukwonWoo_Rep_25,4266,1153,438,13
270825_CUS_Eniwamura_Neojomon (draw follow up),2025-08-27 15:00:47,Eniwamura_Neojomon_25,10,7,0,0
270825_CUS_HarlandMi_Qu_25 - Early Access (LE),2025-08-27 14:00:56,HarlandMi_Qu_25,11151,2744,1199,35
270825_CUS_SALES Curtis - September Monthly Preview,2025-08-27 14:00:23,MONTHLYPREV,161,61,36,0
270825_CUS_SALES No Advisor (Sam) - September Monthly Preview,2025-08-27 14:00:35,MONTHLYPREV,865,350,211,1
270825_CUS_SALES Sofiya - September Monthly Preview,2025-08-27 14:00:11,MONTHLYPREV,85,59,45,0
260825_TRNS_FelipePan_TL_25 - Signing (framed),2025-08-26 17:00:35,FelipePan_TL_25,92,52,3,0
260825_TRNS_FelipePan_TL_25 - Signing (unframed),2025-08-26 17:00:47,FelipePan_TL_25,184,87,3,0
AUT_AiWeiwei_NVase_25 - Early access (TL Flow),2025-08-26 15:26:36,AiWeiwei_NVase_25,2139,745,428,11
260825_CUS_Eniwamura_Neojomon_25 - Last chance (LE),2025-08-26 12:00:03,Eniwamura_Neojomon_25,3359,700,125,200
210825_TRNS_CarrieMae_TL_25 - Printing PP (framed),2025-08-21 17:00:53,CarrieMae_TL_25,243,110,6,0
210825_TRNS_CarrieMae_TL_25 - Printing PP (unframed),2025-08-21 17:00:29,CarrieMae_TL_25,632,283,18,0
210825_TRNS_PietParra_Dip_25 - Printing PP (unframed),2025-08-21 15:00:46,PietParra_Dip_25,136,61,3,0
210825_TRNS_PietParra_Dip_25 - Printing PP (framed),2025-08-21 15:00:05,PietParra_Dip_25,75,33,1,0
210825_TRNS_LucianFre_TL_25 - Printing PP (unframed),2025-08-21 14:00:32,LucianFre_TL_25,186,61,4,0
210825_TRNS_LucianFre_TL_25 - Printing PP (framed),2025-08-21 14:00:34,LucianFre_TL_25,117,45,0,0
AUT_AiWeiwei_NVase_25 - Deep dive 2 (Sets),2025-08-21 13:17:27,AiWeiwei_NVase_25,1000,232,66,2
AUT_AiWeiwei_NVase_25 - Deep dive 1 (Ai Weiwei and the vase have history),2025-08-19 17:16:58,AiWeiwei_NVase_25,1942,526,205,9
190825_GEN_CleonPeter_Timed_25 - Announcement (TL Non-flow),2025-08-19 17:00:44,CleonPeter_Timed_25,110071,15496,2568,840
AUT_CleonPeter_TL_25 - Missed launch (TL Flow),2025-08-19 15:40:52,CleonPeter_Timed_25,10,5,0,0
AUT_PLACEHOLDER - Avant Arte & Make-Ready,2025-08-19 15:32:13,,754,196,24,9
AUT_CleonPeter_TL_25 - Welcome (TL FLow),2025-08-19 11:48:05,CleonPeter_Timed_25,678,187,49,5
AUT_CleonPeter_TL_25 - Signup Confirmation (TL Flow),2025-08-19 10:47:09,CleonPeter_Timed_25,1166,366,75,3
AUT_AiWeiwei_NVase_25 - Signup Confirmation (TL Flow),2025-08-18 11:57:37,AiWeiwei_NVase_25,2195,579,130,13
140825_GEN_AiWeiwei_NVase_25 - Announcement (TL Non-flow),2025-08-15 14:00:48,AiWeiwei_NVase_25,109675,17902,4401,841
Tsang Refunds,2025-08-15 09:54:55,,11,6,0,0
130825_CUS_AiWeiwei_NVase_25 - Early access to pre-orders (artist signups),2025-08-13 14:30:26,AiWeiwei_NVase_25,11669,4079,254,64
130825_CUS_AiWeiwei_NVase_25 - Early access to pre-orders (Vase missouts),2025-08-13 14:30:52,AiWeiwei_NVase_25,1298,647,70,3
130825_JohnsonTs_Rememb_25 - Last chance (LE),2025-08-13 14:00:27,JohnsonTs_Rememb_25,4313,1011,257,55
120825_FelipePan_TL_25 - Survey post-purchase for AA repeat buyers,2025-08-12 17:00:04,FelipePan_TL_25,52,31,11,1
120825_CarrieMae_TL_25 - Survey post-purchase for AA repeat buyers,2025-08-12 17:00:27,CarrieMae_TL_25,243,146,44,0
AUT_AiWeiwei_NVase_25 - Missed launch (TL Flow),2025-08-12 16:29:48,AiWeiwei_NVase_25,12,4,0,0
120825_PietParra_Dip_25 - Survey post-purchase for AA repeat buyers,2025-08-12 15:00:34,PietParra_Dip_25,71,41,23,0
AUT_AiWeiwei_NVase_25 - Welcome (TL FLow),2025-08-12 14:25:34,AiWeiwei_NVase_25,1383,351,84,12
120825_LucianFre_TL_25 - Survey post-purchase for AA repeat buyers,2025-08-12 14:00:13,LucianFre_TL_25,99,52,22,0
120825_AntonyMic_PE_25 - Survey post-purchase for AA repeat buyers,2025-08-12 14:00:09,AnthonyMic_PE_25,38,20,11,0
110825_Katherine_LE_25 - Last chance (LE),2025-08-11 14:00:31,Katherine_LE_25,2476,1157,128,29
060825_CUS_Make_An_Offer_25 - Hank Willis Thomas similar artist SUs (From Sam),2025-08-08 17:00:34,Make_An_Offer_25,34066,4875,751,174
060825_CUS_Make_An_Offer_25 - Hank Willis Thomas sign ups/miss-outs/PP (From Sam),2025-08-08 17:00:40,Make_An_Offer_25,1263,323,110,3
070825_CUS_Katherine_LE_25 - Technical error,2025-08-07 17:30:22,Katherine_LE_25,721,391,139,5
070825_TRNS_MarkBradf_Broad_25 - Printed & On track (framed),2025-08-07 17:00:59,MarkBradf_Broad_25,189,79,2,0
070825_TRNS_MarkBradf_Broad_25 - Printed & On track (unframed),2025-08-07 17:00:45,MarkBradf_Broad_25,213,100,4,0
060825_CUS_Eniwamura_Neojomon_25 - Exclusive Access (Wider network - 24 hrs),2025-08-06 12:00:43,Eniwamura_Neojomon_25,22569,3948,487,129
060825_TRNS_YoonHyup_Summer_25 - Frame delay,2025-08-06 10:00:41,YoonHyup_Summer_25,76,38,4,0
050825_CUS_Eniwamura_Neojomon_25 - Exclusive Access for Insiders (LE) (Sam),2025-08-05 12:00:10,INSIDERSEA,554,231,48,0
050825_CUS_Eniwamura_Neojomon_25 - Exclusive Access for Insiders (LE) (Sofiya),2025-08-05 12:00:50,INSIDERSEA,142,76,29,0
050825_CUS_Eniwamura_Neojomon_25 - Exclusive Access for Insiders (LE) (Curtis),2025-08-05 12:00:53,INSIDERSEA,143,59,20,0
050825_CUS_Eniwamura_Neojomon_25 - Exclusive Access,2025-08-05 12:00:59,Eniwamura_Neojomon_25,3580,1049,240,8
040825_TRNS_TomasSanc_Pair_25 - Preparing for dispatch (unframed),2025-08-04 17:05:31,TomasSanc_Pair_25,453,226,13,0
040825_TRNS_TomasSanc_Pair_25 - Framing (framed),2025-08-04 17:00:43,TomasSanc_Pair_25,140,65,4,0
010825_PietParra_Dip_25 - Sketch losers,2025-08-01 17:00:00,PietParra_Dip_25,170,149,144,0
010825_PietParra_Dip_25 - Sketch winners,2025-08-01 17:00:33,PietParra_Dip_25,9,8,8,0
010825_CUS_Katherine_LE_25 - Extra video content,2025-08-01 14:00:03,Katherine_LE_25,18124,1769,196,135
AUT_PietParra_Dip_27 - Edition Number Confirmed (PP TL Flow),2025-08-01 13:28:08,PietParra_Dip_25,205,102,29,0
010825_CUS_Eniwamura_Neojomon_25 - Announcement (LE),2025-08-01 12:00:03,Eniwamura_Neojomon_25,18294,3390,623,135
310725_TRNS_JenStark_TL_25 - Post Purchase (EARLY DISPATCH) (unframed),2025-07-31 17:00:29,JenStark_TL_25,26,14,0,0
010825_TRNS_FelipePan_TL_25 - Printing PP (framed),2025-07-31 17:00:54,FelipePan_TL_25,92,46,1,0
010825_TRNS_FelipePan_TL_25 - Printing PP (unframed),2025-07-31 17:00:11,FelipePan_TL_25,183,81,8,0
310725_TRNS_JenStark_TL_25 - Post Purchase (FRAMING IN PROGRESS) (framed),2025-07-31 17:00:46,JenStark_TL_25,19,6,1,0
Apology email - Piet parra,2025-07-30 15:37:19,PietParra_Dip_25,1933,432,148,11
300725_CUS_PietParra_Dip_25 - Now Live (TL Non-flow),2025-07-30 15:00:16,PietParra_Dip_25,106312,15493,2264,891
300725_TRNS_JudyChica_TL_25 - Post Purchase (SIGNING) (unframed),2025-07-30 14:30:24,JudyChica_TL_25,194,111,6,0
300725_TRNS_JudyChica_TL_25 - Post Purchase (SIGNING) (framed),2025-07-30 14:30:34,JudyChica_TL_25,94,44,1,0
300725_TRNS_Mickalene_MultiTL_25 - Framing (framed),2025-07-30 14:30:30,Mickalene_MultiTL_25,272,126,7,0
290725_INS_PietParra_Dip_25 - Early Access (TL Insiders) (Sofiya),2025-07-29 15:00:55,INSIDERSEA,124,45,6,0
290725_INS_PietParra_Dip_25 - Early Access (TL Insiders) (Sam),2025-07-29 15:00:24,INSIDERSEA,524,155,12,0
290725_INS_PietParra_Dip_25 - Early Access (TL Insiders) (Curtis),2025-07-29 15:00:47,INSIDERSEA,133,36,3,0
AUT_PietParra_Dip_27 - Survey first time collectors (PP TL Flow),2025-07-29 14:49:14,PietParra_Dip_25,142,71,35,0
AUT_PietParra_Dip_25 - Edition Closed (PP TL Flow),2025-07-29 14:26:01,PietParra_Dip_25,94,45,10,0
301024_LucianFre_TL_25 - Framing upsell FTP (30% discount),2025-07-29 14:15:44,LucianFre_TL_25,133,55,37,1
280725_LucianFre_TL_25 - Framing upsell NON-FTP (30% discount),2025-07-29 14:15:58,LucianFre_TL_25,50,23,16,0
AUT_PietParra_Dip_25 - Missed launch (TL Flow),2025-07-29 13:01:04,PietParra_Dip_25,4,4,1,0
AUT_PietParra_Dip_25 - Last chance (TL Flow),2025-07-29 12:32:54,PietParra_Dip_25,4406,685,214,52
AUT_PietParra_Dip_25 - Non-purchaser survey (TL Flow),2025-07-29 12:19:59,PietParra_Dip_25,4349,682,136,51
AUT_PietParra_Dip_25 - Halfway (TL Flow),2025-07-29 12:13:16,PietParra_Dip_25,6396,971,281,51
AUT_PietParra_Dip_25 - Now Live (TL Flow),2025-07-29 11:59:53,PietParra_Dip_25,4510,828,352,45
290725_CUS_PietParra_Dip_25 - Early access (TL Artist PP Non Flow),2025-07-28 16:17:42,PietParra_Dip_25,913,340,149,0
AUT_PietParra_Dip_25 - Early Access (TL Flow),2025-07-28 15:22:32,PietParra_Dip_25,4602,1371,715,29
280725_JamesJarv_HangInThe_25 - Last chance (LE),2025-07-28 14:00:11,JamesJarv_HangInThe_25,1524,569,151,11
280725_AntonyMic_PE_25 - Last chance (LE),2025-07-28 14:00:03,AntonyMic_PE_25,1293,527,151,4
AUT_CarrieMae_TL_25- Edition Number Confirmed (PP TL Flow),2025-07-28 10:02:43,CarrieMae_TL_25,836,419,67,2
AUT_CarrieMae_TL_25 - Survey first time collectors (PP TL Flow),2025-07-25 12:37:01,CarrieMae_TL_25,587,327,89,5
AUT_CarrieMae_TL_25 - Edition Closed (PP TL Flow),2025-07-25 12:19:44,CarrieMae_TL_25,749,359,60,1
AUT_LucianFre_TL_25 - Edition Number Confirmed (PP TL Flow),2025-07-25 10:59:37,LucianFre_TL_25,295,149,48,0
240725_TRNS_SayreGome_America_25_NewDispatchDate_FR,2025-07-24 18:51:56,SayreGome_America_25,5,0,0,0
Apology email - Non-lucian freud purchasers who received PP email,2025-07-24 17:59:13,LucianFre_TL_25,21,3,0,0
AUT_CarrieMae_TL_25 - Last chance (TL FLow),2025-07-24 17:08:31,CarrieMae_TL_25,10560,1573,427,123
AUT_CarrieMae_TL_25 - Missed launch (TL Flow),2025-07-24 15:39:23,CarrieMae_TL_25,75,26,3,0
AUT_PietParra_Dip_25 - Deepdive 3 (Two playful signature works),2025-07-24 13:09:32,PietParra_Dip_25,3579,867,311,26
AUT_CarrieMae_TL_25 - Non-purchaser survey (TL Flow),2025-07-24 11:56:38,CarrieMae_TL_25,10435,1558,223,180
AUT_CarrieMae_TL_25 - Halfway (TL Flow),2025-07-24 10:06:46,CarrieMae_TL_25,10645,1435,336,116
AUT_LucianFre_TL_25 - Edition Closed (PP TL Flow),2025-07-24 09:45:41,LucianFre_TL_25,303,128,29,0
AUT_LucianFre_TL_25 - Survey first time collectors (PP TL Flow),2025-07-24 09:40:56,LucianFre_TL_25,200,92,23,1
AUT_LucianFre_TL_25 - Missed launch,2025-07-24 09:08:10,LucianFre_TL_25,17,7,1,1
230725_CUS_CarrieMae_TL_25 - Now Live (TL Non-flow),2025-07-23 17:09:29,CarrieMae_TL_25,99547,13040,1612,705
230725_TRNS_RobertLon_MenIn_25 - Post Purchase (SIGNING) (framed),2025-07-23 15:00:43,RobertLon_Menin_25,423,167,10,0
230725_TRNS_RobertLon_MenIn_25 - Post Purchase (SIGNING) (unframed),2025-07-23 15:00:53,RobertLon_Menin_25,793,363,19,0
AUT_CarrieMae_TL_25 - Now Live (TL Flow),2025-07-23 09:51:32,CarrieMae_TL_25,10905,2250,1122,152
220725_INS_CarrieMae_TL_25 - Early Access (TL Insiders) (Sam),2025-07-22 17:00:59,INSIDERSEA,551,195,10,0
220725_INS_CarrieMae_TL_25 - Early Access (TL Insiders) (Sofiya),2025-07-22 17:00:52,INSIDERSEA,139,53,7,0
220725_INS_CarrieMae_TL_25 - Early Access (TL Insiders) (Curtis),2025-07-22 17:00:13,INSIDERSEA,145,41,4,1
080625_CUS_ AntonyMic_PE_25 - Extra video content,2025-07-22 17:00:43,AntonyMic_PE_25,1445,574,149,4
AUT_CarrieMae_TL_25 - Early Access (TL Flow),2025-07-22 16:10:11,CarrieMae_TL_25,10797,2586,1454,133
AUT_LucianFre_TL_25 - (5 days to go) (TL Flow),2025-07-22 14:34:57,LucianFre_TL_25,3589,584,122,55
210725_TRNS_JamesJean_Maze_25_FailedQC - New Date,2025-07-21 16:00:14,JamesJean_Maze_25,156,94,8,0
210725_CUS_Dominique_Limited_25 - Last chance (LE),2025-07-21 14:00:28,Dominique_Limited_25,775,169,37,11
180725_TRNS_Mickalene_NewDispatchDate_UNFR,2025-07-18 16:00:47,Mickalene_MultiTL_25,275,101,6,0
180725_INS_Katherine_LE_25 - Early Access for Insiders (LE) (Sofiya),2025-07-18 14:00:59,Katherine_LE_25,142,69,25,0
180725_INS_Katherine_LE_25 - Exclusive Access for Insiders (LE) (Sam),2025-07-18 14:00:32,Katherine_LE_25,553,195,34,0
180725_CUS_Katherine_LE_25 - Exclusive Access,2025-07-18 14:00:33,Katherine_LE_25,1394,396,73,2
180725_INS_Katherine_LE_25 - Exclusive Access for Insiders (LE) (Curtis),2025-07-18 14:00:17,Katherine_LE_25,145,58,18,0
AUT_CarrieMae_TL_25 - Deepdive 2 (Three signature works),2025-07-17 18:00:34,CarrieMae_TL_25,4518,986,280,34
"AUT_CarrieMae_TL_25 - Deepdive 3 (reflections on Power, Presence & Home)",2025-07-17 17:57:51,CarrieMae_TL_25,4374,832,130,46
AUT_PietParra_Dip_25 - Deepdive 1 (Purchase to Play),2025-07-17 17:04:26,PietParra_Dip_25,5106,1360,651,36
170725_GEN_LucianFre_TL_25 - Now Live (TL Non-flow),2025-07-17 14:01:05,LucianFre_TL_25,99606,14777,2703,574
AUT_LucianFre_TL_25 - Now Live (TL Flow),2025-07-17 13:58:29,LucianFre_TL_25,3675,913,551,45
AUT_PietParra_Dip_25 - Deepdive 2 (Inside Parra’s sketchbooks),2025-07-16 18:32:23,PietParra_Dip_25,4388,814,138,29
AUT_LucianFre_TL_25 - Non-purchasers Survey (TL Flow),2025-07-16 18:00:26,LucianFre_TL_25,3413,453,89,54
AUT_LucianFre_TL_25 - Last chance (TL Flow),2025-07-16 17:52:05,LucianFre_TL_25,3499,574,159,38
AUT_LucianFre_TL_25 - (3 days to go) (TL Flow),2025-07-16 17:41:23,LucianFre_TL_25,3540,574,173,48
160725_CUS_Katherine_Hypr_25 - Announcement (LE),2025-07-16 14:10:54,Katherine_HyPr_25,15030,2156,296,115
160725_TRNS_ClaireSil_House_25_Auction_Winner_Details (Clone),2025-07-16 11:00:28,ClaireSil_House_25,10,6,5,0
160725_INS_LucianFre_TL_25 - Insiders Early Access (Sam),2025-07-15 17:59:36,INSIDERSEA,552,210,28,0
160725_INS_LucianFre_TL_25 - Insiders Early Access (Curtis),2025-07-15 17:59:06,INSIDERSEA,144,44,4,0
160725_INS_LucianFre_TL_25 - Insiders Early Access (Sofiya),2025-07-15 17:57:33,INSIDERSEA,139,56,12,0
AUT_FelipePan_TL_25 - Survey first time collectors (PP TL Flow),2025-07-15 10:53:21,FelipePan_TL_25,210,113,37,0
AUT_LucianFre_TL_25 - Early Access (TL Flow),2025-07-15 09:34:58,LucianFre_TL_25,3665,1416,778,43
140725_TRNS_JamesJean_Maze_25_FailedQC,2025-07-14 17:00:09,JamesJean_Maze_25,156,75,2,0
140725_CUS_JohnsonTs_Rememb_25 - Announcement (LE),2025-07-14 14:00:15,JohnsonTs_Rememb_25,16484,2948,340,58
110725_ClaireSil_House_25 - Auction closed (Buy now),2025-07-11 18:15:36,ClaireSil_House_25,102,54,32,0
110725_TRNS_ClaireSil_House_25_Auction_Winner_Details,2025-07-11 18:00:40,ClaireSil_House_25,24,19,16,0
AUT_LucianFre_TL_25 - Deepdive 2 (Translating the paintings of a portrait master),2025-07-11 16:44:59,LucianFre_TL_25,2025,481,178,21
110725_TRNS_Multiple_Amphorae_24 - Dispatch delayed,2025-07-11 16:00:40,Multiple_Amphorae_24,23,4,1,0
AUT_FelipePan_TL_25 - Edition Number Confirmed (PP TL Flow),2025-07-11 15:15:19,FelipePan_TL_25,266,128,13,0
110725_CUS_CarrieMae_TL_25 - As told by Mickalane Thomas and Hank Willis Thomas,2025-07-11 15:00:21,CarrieMae_TL_25,10042,1722,469,45
110725_ClaireSil_House_25 - Last chance (NFT Audience),2025-07-11 14:00:57,ClaireSil_House_25,6409,998,215,12
AUT_ClaireSil_House_25 - Last chance,2025-07-11 12:22:10,ClaireSil_House_25,118,43,26,0
AUT_ClaireSil_House_25 - Now live,2025-07-11 09:11:30,ClaireSil_House_25,108,54,38,1
100725_CUS_ClaireSil_House_25 - Now live,2025-07-10 17:00:02,ClaireSil_House_25,1050,550,107,2
"100725_GEN_Mix_Campaign_25 - Live & Launching (Micallef, Weems, Fung, Jarvis)",2025-07-10 14:00:00,NEWSLETTER,96893,13282,1393,558
AUT_ClaireSil_House_25 - 8 hours to go,2025-07-10 12:19:38,ClaireSil_House_25,119,37,22,0
090725_TRNS_JenStark_TL_25 - Post Purchase (SIGNING) (framed),2025-07-10 12:00:44,JenStark_TL_25,20,6,0,0
090725_TRNS_JenStark_TL_25 - Post Purchase (SIGNING) (unframed),2025-07-10 12:00:05,JenStark_TL_25,25,12,0,0
AUT_FelipePan_TL_25 - Edition Closed (PP TL Flow),2025-07-10 10:34:15,FelipePan_TL_25,255,120,20,0
090725_CUS_Dominique Fung- Skip the draw,2025-07-09 18:15:34,AiWeiwei_CCTV_24,17,12,8,0
090725_CUS_Antony Micallef - Skip the draw,2025-07-09 18:15:23,AiWeiwei_CCTV_24,3,3,2,0
090725_CUS_James Jarvis - Skip the draw,2025-07-09 18:15:03,AiWeiwei_CCTV_24,32,21,19,0
090725_CUS_PietParra_Dip_25 - Announcement (TL Non-flow) (Johnson Tsang EA excl.),2025-07-09 15:00:56,PietParra_Dip_25,6864,1275,152,24
AUT_FelipePan_TL_25 - Non-purchaser survey (TL Flow),2025-07-09 12:19:50,FelipePan_TL_25,1423,310,77,10
AUT_FelipePan_TL_25 - Missed launch (TL Flow),2025-07-09 12:17:05,FelipePan_TL_25,6,0,0,0
AUT_ClaireSil_House_25 - Signup Acknowledgement,2025-07-09 11:32:42,ClaireSil_House_25,107,45,17,0
AUT_FelipePan_TL_25 - Last chance (TL Flow),2025-07-09 09:52:19,FelipePan_TL_25,1451,282,80,5
090725_CUS_LeeUfan_From_25 - Draw follow up (Non Korean),2025-07-09 09:15:15,LeeUfan_From_25,106,60,43,2
090725_CUS_LeeUfan_From_25 - Draw follow up (Korean),2025-07-09 02:00:47,LeeUfan_From_25,186,77,57,1
080725_GEN_PietParra_Dip_25 - Announcement (TL Non-flow),2025-07-08 15:00:36,PietParra_Dip_25,92029,11770,1333,518
080725_INS_JohnsonTs_Rememb_25 - Early Access for Insiders (LE) (Curtis),2025-07-08 14:00:59,INSIDERSEA,143,40,7,0
080725_CUS_JohnsonTs_Rememb_25 - Early Access,2025-07-08 14:00:15,JohnsonTs_Rememb_25,5744,1752,519,23
080725_INS_JohnsonTs_Rememb_25 - Early Access for Insiders (LE) (Sofiya),2025-07-08 14:00:38,INSIDERSEA,142,58,15,0
080725_INS_JohnsonTs_Rememb_25 - Early Access for Insiders (LE) (Sam),2025-07-08 14:00:38,INSIDERSEA,552,216,33,1
AUT_PietParra_Dip_25 - Signup Confirmation (TL Flow),2025-07-08 11:15:34,PietParra_Dip_25,5293,1326,217,63
AUT_PietParra_Dip_25 - Welcome,2025-07-08 10:00:35,PietParra_Dip_25,4188,970,54,86
070725_CUS_YoonHyup_Summer_25 - Last chance (LE),2025-07-07 14:00:36,YoonHyup_Summer_25,1736,583,191,3
AUT_LucianFre_TL_25 - Deepdive 1 (The changing faces of Lucian Freud),2025-07-07 10:01:19,LucianFre_TL_25,3151,796,346,33
040725_CUS_JamesJarv_HangInThe_25 - Announcement (LE): Felipe Pantone workflow cross over,2025-07-04 14:00:46,JamesJarv_HangInThe_25,122,41,16,0
040725_CUS_AntonyMic_PE_25 - Announcement (LE): Jarvis & Pantone cross over audience,2025-07-04 14:00:39,AntonyMic_PE_25,4276,958,157,27
AUT_FelipePan_TL_25 - 3 days to go (TL Flow),2025-07-04 11:05:31,FelipePan_TL_25,1470,323,94,2
AUT_FelipePan_TL_25 - 5 days to go (TL Flow),2025-07-04 10:53:46,FelipePan_TL_25,1473,334,104,6
AUT_ClaiClaireSil_House_25 - Draw reminder & Extra info,2025-07-04 10:39:45,ClaireSil_House_25,103,43,19,0
AUT_ClaireSil_House_25 - Deepdive 2 (Inside the NFT series paired with daydreamer),2025-07-04 10:36:13,ClaireSil_House_25,87,36,17,0
040725_CUS_SALES_Marina_Perez_Simão_Signups,2025-07-04 10:00:06,MONTHLYPREV,30,15,12,0
030725_CUS_FelipePan_TL_25 - Now Live (TL Non-flow),2025-07-03 14:49:25,FelipePan_TL_25,93345,13109,1502,430
AUT_FelipePan_TL_25 - Now Live (TL Flow),2025-07-03 13:10:56,FelipePan_TL_25,1556,459,246,9
030725_CUS_LeeUfan_From_25- First-time collector survey (LE),2025-07-03 10:00:51,LeeUfan_From_25,119,83,34,0
020725_CUS_FelipePan_TL_25 - Early access (TL Artist PP Non Flow),2025-07-02 16:48:06,FelipePan_TL_25,74,23,14,0
020725_INS_FelipePan_TL_25 - Early Access (TL Insiders) (Sofiya),2025-07-02 16:39:07,FelipePan_TL_25,100,41,5,0
020725_INS_FelipePan_TL_25 - Early Access (TL Insiders) (Curtis),2025-07-02 16:37:02,FelipePan_TL_25,140,35,3,0
020725_CUS_AntonyMic_PE_25 - Announcement (LE),2025-07-02 14:00:43,AntonyMic_PE_25,6723,1375,244,29
020725_CUS_JamesJarv_HangInThe_25 - Announcement (LE): Micallef cross over audience,2025-07-02 14:00:41,JamesJarv_HangInThe_25,2756,672,219,8
020725_CUS_SALES Curtis - July Monthly Preview,2025-07-02 14:00:33,MONTHLYPREV,162,44,24,1
020725_CUS_SALES Sofiya - July Monthly Preview,2025-07-02 14:00:29,MONTHLYPREV,85,55,44,1
020725_CUS_SALES No Advisor (Sam) - July Monthly Preview,2025-07-02 14:00:01,MONTHLYPREV,893,346,171,0
020725_TRNS_JudyChica_TL_25_PostPurchase_PRINTING_MR_FR,2025-07-02 14:00:23,JudyChica_TL_25,94,40,1,0
020725_TRNS_JudyChica_TL_25_PostPurchase_PRINTING_MR_UNFR,2025-07-02 14:00:04,JudyChica_TL_25,195,104,5,0
020725_CUS_JamesJarv_HangInThe_25 - Announcement (LE),2025-07-02 14:00:30,JamesJarv_HangInThe_25,17613,3187,675,97
020725_INS_FelipePan_TL_25 - Early Access (TL Insiders) (Sam),2025-07-02 12:19:21,FelipePan_TL_25,577,157,28,2
AUT_FelipePan_TL_25 - Early Access (TL Flow),2025-07-01 17:38:49,FelipePan_TL_25,1633,634,372,7
010725_TRNS_MarkBradf_Broad_25_PostPurchase_PRINTING_MR_FR,2025-07-01 16:00:50,MarkBradf_Broad_25,189,79,2,0
010725_TRNS_MarkBradf_Broad_25_PostPurchase_PRINTING_MR_UNFR,2025-07-01 16:00:35,MarkBradf_Broad_25,211,86,5,0
010725_TRNS_PostPurchase_JamesJeanMaze25_PreparingForDispatch,2025-07-01 15:00:03,JamesJean_Maze_25,357,164,14,0
AUT_LucianFre_TL_25 - Welcome (TL FLow),2025-07-01 14:27:31,LucianFre_TL_25,2365,698,74,42
AUT_LucianFre_TL_25 - Signup Confirmation (TL Flow),2025-07-01 14:10:48,LucianFre_TL_25,3881,926,151,51
010725_TRNS_Friedrich_Storm_25_PostPurchase_SIGNED_FR,2025-07-01 14:00:50,Friedrich_Storm_25,121,49,4,0
010725_TRNS_Friedrich_Storm_25_PostPurchase_SIGNED_UNFR,2025-07-01 14:00:23,Friedrich_Storm_25,168,71,4,0
010725_GEN_LucianFre_TL_25 - Announcement (TL Non-flow),2025-07-01 14:00:38,LucianFre_TL_25,92853,15116,3196,434
AUT_CarrieMae_TL_25 - Signup Confirmation (TL Flow),2025-07-01 08:57:50,CarrieMae_TL_25,11513,2826,252,139
260625_GEN_CarrieMae_TL_25 - Announcement (TL Non-flow),2025-06-30 18:00:15,CarrieMae_TL_25,94437,14712,2442,413
300625_CUS_LeeUfan_From_25 - Draw follow up (nonKorean),2025-06-30 15:15:35,LeeUfan_From_25,41,34,30,0
300625_CUS_LeeUfan_From_25 - Draw follow up (Korean),2025-06-30 15:15:35,LeeUfan_From_25,27,23,21,0
300625_TomasSanc_Pair_25_TRNS_PostPurchase_SIGNING_UNFR,2025-06-30 15:00:38,TomasSanc_Pair_25,451,201,17,0
300625_TomasSanc_Pair_25_TRNS_PostPurchase_SIGNING_FR,2025-06-30 15:00:44,TomasSanc_Pair_25,139,54,2,0
270625_INS_JamesJarv_HangInThe_25 - Early Access (LE Insiders) (Curtis),2025-06-27 14:00:46,JamesJarv_HangInThe_25,145,43,14,0
270625_INS_JamesJarv_HangInThe_25 - Early Access (LE Insiders) (Sofiya),2025-06-27 14:00:35,JamesJarv_HangInThe_25,104,48,19,0
270625_INS_JamesJarv_HangInThe_25 - Early Access (LE Insiders) (Sam),2025-06-27 14:00:08,JamesJarv_HangInThe_25,592,171,37,1
270625_CUS_JamesJarv_HangInThe_25 - Early Access (LE),2025-06-27 02:00:48,JamesJarv_HangInThe_25,2114,647,291,3
250625_INS_AntonyMic_PE_25 - Early Access (LE Insiders) (Sofiya),2025-06-26 17:00:31,INSIDERSEA,104,47,20,0
260625_CUS_ClaireSil_House_25 - Deepdive 1 (The making of Daydreamer),2025-06-26 17:00:32,ClaireSil_House_25,214,111,43,0
250625_INS_AntonyMic_PE_25 - Early Access (LE Insiders) (Curtis),2025-06-26 17:00:14,INSIDERSEA,145,39,11,0
260625_CUS_AntonyMic_PE_25 - Early access (LE),2025-06-26 17:00:30,AntonyMic_PE_25,6277,1594,484,13
250625_INS_AntonyMic_PE_25 - Early Access (LE Insiders) (Sam),2025-06-26 17:00:21,INSIDERSEA,593,174,30,0
260625_LeeUfan_From_25_TRNS_DrawLoser_ FromPointI,2025-06-26 16:47:09,LeeUfan_From_25,17,9,2,0
260625_LeeUfan_From_25_TRNS_DrawLoser_ FromPointII,2025-06-26 16:51:12,LeeUfan_From_25,18,6,1,0
AUT_CarrieMae_TL_25 - Welcome (TL FLow),2025-06-26 16:39:09,CarrieMae_TL_25,7548,1558,133,122
260624- Lee Ufan - Failed Payments Private Room,2025-06-26 16:31:28,LeeUfan_From_25,73,24,19,0
260625_LeeUfan_From_25_TRNS_Draw Winner Manual Email - From Point II,2025-06-26 15:30:33,LeeUfan_From_25,13,11,4,0
260625_LeeUfan_From_25_TRNS_Draw Winner Manual Email - From Point I,2025-06-26 16:00:15,LeeUfan_From_25,6,5,1,0
250625_Mickalene_MultiTL_25_TRNS_PostPurchase_Readyfordispatch_UNFR,2025-06-25 14:00:04,Mickalene_MultiTL_25,1013,424,46,0
250625_Mickalene_MultiTL_25_TRNS_PostPurchase_FRAMING_FR,2025-06-25 14:00:02,Mickalene_MultiTL_25,498,232,22,0
AUT_CUS_AntonyMic_PE_25 - Early access (LE),2025-06-25 12:39:03,AntonyMic_PE_25,0,0,0,0
250525_CUS_LeeUfan_From_25 - Last chance (Korean),2025-06-25 10:00:26,LeeUfan_From_25,2696,393,145,11
250525_CUS_LeeUfan_From_25 - Last chance,2025-06-25 10:00:08,LeeUfan_From_25,1612,290,61,25
240625_CUS_Dominique_Limited_25 - Announcement (LE),2025-06-24 17:15:46,Dominique_Limited_25,5816,1233,232,19
AUT_ClaireSil_House_25 - Deepdive 1 (The making of Daydreamer),2025-06-24 15:53:10,ClaireSil_House_25,89,42,18,0
AUT_CampaignCode - Signup Confirmation (Non-marketing),2025-06-23 16:51:10,FelipePan_TL_25,0,0,0,0
230625_CUS_LeeUfan_From_25 - Draw Outreach Group 1 (From Line other preferences),2025-06-23 11:00:09,LeeUfan_From_25,23,15,1,0
230625_LeeUfan_From_25 - Last chance to enter the draw,2025-06-23 10:00:01,LeeUfan_From_25,8235,2108,518,64
AUT_FelipePan_TL_25 - Deepdive 2 (From street art to monumental mural),2025-06-20 09:46:29,FelipePan_TL_25,1630,497,164,4
180625_TRNS_RobertLon_MenIn_25 _PostPurchase_PRINTING_MR_FR,2025-06-18 14:00:39,RobertLon_Menin_25,417,173,7,0
180625_TRNS_RobertLon_MenIn_25 _PostPurchase_PRINTING_MR_UNFR,2025-06-18 14:00:30,RobertLon_Menin_25,783,364,23,0
180625_BarryMcge_TL2_25_TRNS_PostPurchase_FRAMING_FR (QC fails - original timeline),2025-06-18 12:00:08,BarryMcge_TL2_25,11,5,1,0
180625_BarryMcge_TL2_25_TRNS_PostPurchase_FRAMING_FR,2025-06-18 12:00:02,BarryMcge_TL2_25,173,65,4,0
"170625_CUS_LeeUfan_From_25 - Draw Outreach Group 3 (From Point, diptych offer)",2025-06-17 09:30:58,LeeUfan_From_25,11,6,1,0
170625_CUS_LeeUfan_From_25 - Draw Outreach Group 1 (From Line other preferences),2025-06-17 09:30:59,LeeUfan_From_25,38,22,2,0
"170625_CUS_LeeUfan_From_25 - Draw Outreach Group 2 (Entered all 3, preferences)",2025-06-17 09:30:00,LeeUfan_From_25,13,7,0,0
120625_CUS_ClaireSil_House_25 - Announcment LE,2025-06-12 17:00:08,ClaireSil_House_25,7271,1075,252,21
AUT_FelipePan_TL_25 - Deepdive 1 (Inside the edition),2025-06-12 16:14:07,FelipePan_TL_25,1664,512,180,4
AUT_JenStark_TL_25 - Edition number confirmed (PP TL Flow),2025-06-12 14:01:14,JenStark_TL_25,43,15,3,0
080625_GEN_LeeUfan_From_25 - 2 weeks to go,2025-06-11 17:00:58,LeeUfan_From_25,92922,12453,1656,310
AUT_JenStark_TL_25 - First-time purchaser survey (PP TL Flow),2025-06-11 10:02:39,JenStark_TL_25,29,13,5,0
AUT_JenStark_TL_25 - Edition closed (PP TL Flow),2025-06-11 09:54:50,JenStark_TL_25,40,13,1,0
AUT_JenStark_TL_25 - Last chance (TL Flow),2025-06-10 14:31:26,JenStark_TL_25,439,74,13,7
100625_CUS_LeeUfan_From_25 - Draw Outreach Group 1 (From Line other preferences),2025-06-10 12:30:12,LeeUfan_From_25,49,31,5,0
"100625_CUS_LeeUfan_From_25 - Draw Outreach Group 3 (From Point, diptych offer)",2025-06-10 12:30:57,LeeUfan_From_25,21,11,1,0
"100625_CUS_LeeUfan_From_25 - Draw Outreach Group 2 (Entered all 3, preferences)",2025-06-10 12:30:12,LeeUfan_From_25,14,10,1,0
090625_CUS_YoonHyup_Summer_25 - Announcement (Error - resend),2025-06-09 18:00:09,YoonHyup_Summer_25,611,288,86,0
090625_CUS_YoonHyup_Summer_25 - Announcement,2025-06-09 17:00:08,YoonHyup_Summer_25,94715,14089,1770,407
060625_GEN_FelipePan_TL_25 - Announcement (TL Non-flow) (Yoon Early access exclusions),2025-06-06 17:00:34,FelipePan_TL_25,2190,585,119,1
060625_CUS_YoonHyup_Summer_25 - Early access (Purchased similar artists),2025-06-06 14:00:20,YoonHyup_Summer_25,6464,1704,376,13
050625_GEN_FelipePan_TL_25 - Announcement (TL Non-flow),2025-06-05 17:00:03,FelipePan_TL_25,90845,12133,1668,305
AUT_FelipePan_TL_25 - Welcome (TL Flow),2025-06-05 15:10:31,FelipePan_TL_25,61,26,4,0
AUT_FelipePan_TL_25 - Signup Confirmation (TL Flow),2025-06-05 15:07:53,FelipePan_TL_25,1662,508,95,2
AUT_JudyChica_TL_25 - Edition number confirmed (PP TL Flow),2025-06-05 14:31:35,JudyChica_TL_25,273,153,18,0
050625_INS_YoonHyup_Summer_25 - Early Access (LE insiders) (Curtis),2025-06-05 14:00:16,INSIDERSEA,145,49,11,0
050625_INS_YoonHyup_Summer_25 - Early Access (LE insiders) (Sam),2025-06-05 14:00:34,INSIDERSEA,581,214,61,0
050625_INS_YoonHyup_Summer_25 - Early Access (LE insiders) (Sofiya),2025-06-05 14:00:04,INSIDERSEA,104,53,21,0
050625_CUS_YoonHyup_Summer_25 - Early access,2025-06-05 14:00:47,YoonHyup_Summer_25,1385,674,456,4
040625_CUS_JenStark_TL_25 - Now Live (TL Non-flow),2025-06-04 17:00:07,JenStark_TL_25,92254,11777,1117,278
AUT_MarkBradf_Broad_25 - Edition number confirmed,2025-06-04 14:15:26,MarkBradf_Broad_25,390,199,42,0
040625_TRNS_TRNS_ShirinNes_TL_25_Frame QC Fails,2025-06-04 12:15:47,ShirinNes_TL_25,12,5,0,0
AUT_JudyChica_TL_25 - First-time purchaser survey (PP TL Flow),2025-06-04 12:11:31,JudyChica_TL_25,180,114,41,2
AUT_JudyChica_TL_25 - Edition closed,2025-06-04 11:50:44,JudyChica_TL_25,255,132,17,0
040625_CUS_LeeUfan_From_25 - Draw Outreach Group 1 Korean (From Line other preferences),2025-06-04 03:00:25,LeeUfan_From_25,56,25,7,0
030625_INS_JenStark_TL_25 - Early Access (TL Insiders) (Sofiya),2025-06-03 15:45:07,INSIDERSEA,102,34,2,0
030625_INS_JenStark_TL_25 - Early Access (TL Insiders) (Curtis),2025-06-03 15:42:50,INSIDERSEA,145,33,2,0
030625_INS_JenStark_TL_25 - Early Access (TL Insiders) (Sam),2025-06-03 15:41:53,INSIDERSEA,583,180,8,0
AUT_JenStark_TL_25 - Early Access (TL Flow),2025-06-03 15:24:48,JenStark_TL_25,475,128,56,4
030624_CUS_SALES WhatsApp Insiders,2025-06-03 13:00:06,MONTHLYPREV,690,246,96,0
AUT_MarkBradf_Broad_25 - First-time purchaser survey,2025-06-03 10:36:06,MarkBradf_Broad_25,229,111,38,0
AUT_MarkBradf_Broad_25 - Edition closed,2025-06-03 10:20:25,MarkBradf_Broad_25,359,171,25,0
AUT_JenStark_TL_25 - 3 days to go (TL Flow),2025-06-02 18:01:12,JenStark_TL_25,444,79,13,6
280525_CUS_MarkBradf_Broad_25 - Now Live (Judy Exclusions),2025-05-31 17:00:51,MarkBradf_Broad_25,1813,375,37,13
300525_CUS_LeeUfan_From_25 - Trio Pre-Order Applications (AML required),2025-05-30 16:30:20,LeeUfan_From_25,22,10,7,1
300525_CUS_LeeUfan_From_25 - Trio Pre-Order Applications (AML complete),2025-05-30 16:00:28,LeeUfan_From_25,16,10,3,0
AUT_JudyChica_TL_25 - (5 days to go),2025-05-30 14:11:42,JudyChica_TL_25,899,191,63,3
300525_CUS_LeeUfan_From_25 - Draw Outreach Group 1 (From Line other preferences),2025-05-30 14:00:07,LeeUfan_From_25,194,122,17,0
"300525_CUS_LeeUfan_From_25 - Draw Outreach Group 3 (From Point, diptych offer)",2025-05-30 14:00:48,LeeUfan_From_25,56,26,8,0
"300525_CUS_LeeUfan_From_25 - Draw Outreach Group 2 (Entered all 3, preferences)",2025-05-30 14:00:11,LeeUfan_From_25,33,23,3,0
AUT_JudyChica_TL_25 - (3 days to go),2025-05-30 10:32:57,JudyChica_TL_25,791,170,45,6
280524_CUS_SALES Sofiya - June Monthly Preview,2025-05-29 14:00:18,MONTHLYPREV,85,59,44,0
280524_CUS_SALES Curtis - June Monthly Preview,2025-05-29 14:00:43,MONTHLYPREV,161,46,27,0
280525_CUS_SALES No Advisor (Sam) - June Monthly Preview,2025-05-29 14:00:53,MONTHLYPREV,842,354,204,3
AUT_JudyChica_TL_25 - Missed launch,2025-05-29 10:06:24,JudyChica_TL_25,9,5,0,0
AUT_JudyChica_TL_25 - Non-purchasers Survey,2025-05-29 10:02:06,JudyChica_TL_25,840,147,32,6
AUT_JudyChica_TL_25 - Last chance,2025-05-29 09:59:26,JudyChica_TL_25,867,169,47,4
AUT_MarkBradf_Broad_25 - Missed launch,2025-05-29 09:34:20,MarkBradf_Broad_25,22,14,1,0
AUT_MarkBradf_Broad_25 - Non-purchasers Survey,2025-05-29 09:32:11,MarkBradf_Broad_25,995,206,62,8
AUT_MarkBradf_Broad_25 - Last chance,2025-05-29 09:28:53,MarkBradf_Broad_25,1019,226,70,6
AUT_MarkBradf_Broad_25 - (3 days to go deep dive),2025-05-29 09:26:36,MarkBradf_Broad_25,1035,201,54,5
AUT_ MarkBradf_Broad_25 - 5 days left,2025-05-29 09:18:51,MarkBradf_Broad_25,1046,246,78,8
280525_GEN_JudyChica_TL_25 - Now Live (General),2025-05-28 17:00:48,JudyChica_TL_25,91813,12940,1279,268
AUT_JudyChica_TL_25 - Now Live,2025-05-28 16:42:26,JudyChica_TL_25,955,266,149,5
280525_CUS_JonnyNies_2TL_25 - Non-purchaser survey,2025-05-28 14:00:00,JonnyNies_2TL_25,82,32,7,0
AUT_JenStark_TL_25 - Deepdive 2 (The making of ‘Driptych’),2025-05-27 17:13:11,JenStark_TL_25,398,93,18,3
270525_GEN_MarkBradf_Broad_25 - Now Live (TL Non-flow),2025-05-27 17:00:16,MarkBradf_Broad_25,89829,13009,1347,277
270525_JudyChica_TL_25 - Insiders Early Access (Sam),2025-05-27 17:00:32,INSIDERSEA,578,191,9,1
270525_JudyChica_TL_25 - Insiders Early Access (Sofiya),2025-05-27 17:00:57,INSIDERSEA,99,39,3,0
270525_JudyChica_TL_25 - Insiders Early Access (Curtis),2025-05-27 17:00:50,INSIDERSEA,144,34,3,0
AUT_JenStark_TL_25 - Deepdive 1 (Unpacking the editions),2025-05-27 16:47:08,JenStark_TL_25,481,134,43,1
270525_INS_JudyChica_TL_25 - Early Access (Curtis),2025-05-27 15:17:27,INSIDERSEA,0,0,0,0
AUT_JudyChica_TL_25 - early access,2025-05-27 11:13:11,JudyChica_TL_25,932,384,215,1
AUT_MarkBradf_Broad_25 - Now Live,2025-05-27 10:53:22,MarkBradf_Broad_25,1055,350,197,10
260525_MarkBradf_Broad_25 - Insiders Early Access (Curtis),2025-05-26 17:00:10,INSIDERSEA,143,36,5,0
260525_MarkBradf_Broad_25 - Insiders Early Access (Sam),2025-05-26 17:00:23,INSIDERSEA,565,169,25,0
260525_MarkBradf_Broad_25 - Insiders Early Access (Sofiya),2025-05-26 17:00:24,INSIDERSEA,97,43,10,0
AUT_MarkBradf_Broad_25 - early access,2025-05-23 10:38:36,MarkBradf_Broad_25,1103,516,323,2
AUT_Friedrich_Storm_25- Edition number confirmed,2025-05-23 09:26:19,Friedrich_Storm_25,285,147,38,0
220525_CUS_LeeUfan_From_25 - Announcement (Korean),2025-05-23 06:00:51,LeeUfan_From_25,523,165,69,0
220525_CUS_LeeUfan_From_25 - Announcement (Japanese),2025-05-23 02:00:10,LeeUfan_From_25,1815,490,140,5
220525_CUS_LeeUfan_From_25 - Announcement,2025-05-22 19:56:45,LeeUfan_From_25,90444,12746,2473,267
AUT_TRNS_LeeUfan_From_25 - Form (DO NOT CLONE TRANSACTIONAL),2025-05-22 12:21:15,LeeUfan_From_25,686,378,277,0
AUT_JudyChica_TL_25 - Deepdive 2 (Moments that defined her career),2025-05-22 10:47:47,RobertLon_Menin_25,915,214,46,2
AUT_MarkBradf_Broad_25 - Deepdive 2 (The stories within the artwork),2025-05-22 10:42:57,MarkBradf_Broad_25,691,236,83,1
AUT_Friedrich_Storm_25 - Edition closed,2025-05-22 10:36:00,Friedrich_Storm_25,271,124,22,0
AUT_Friedrich_Storm_25 - First-time purchaser survey,2025-05-22 10:35:45,Friedrich_Storm_25,179,99,30,0
AUT_JonnyNies_2TL_25 - First-time purchaser survey (Re-send),2025-05-22 10:00:14,JonnyNies_2TL_25,65,32,4,0
AUT_JenStark_TL_25 - Missed launch (TL Flow),2025-05-22 09:24:58,JenStark_TL_25,3,0,0,0
AUT_JenStark_TL_25 - Non-purchaser survey (TL Flow),2025-05-22 09:24:27,JenStark_TL_25,432,74,17,5
AUT_JenStark_TL_25 - 5 days to go (TL Flow),2025-05-22 09:23:11,JenStark_TL_25,452,77,18,6
AUT_JenStark_TL_25 - Now Live (TL Flow),2025-05-22 09:22:50,JenStark_TL_25,462,91,39,4
AUT_JenStark_TL_25 - Welcome (TL Flow),2025-05-22 09:18:50,JenStark_TL_25,382,99,4,9
AUT_JenStark_TL_25 - Signup Confirmation (TL Flow),2025-05-22 09:17:52,JenStark_TL_25,495,127,17,6
210525_GEN_JenStark_TL_25 - Announcement (TL Non-flow),2025-05-21 17:00:37,JenStark_TL_25,90188,13220,1478,293
200525_CUS_LeeUfan_From_25 - Early Access (Cross sell prospects (from Sam)),2025-05-20 17:00:03,LeeUfan_From_25,1313,447,197,0
AUT_JonnyNies_2TL_25 - First-time purchaser survey,2025-05-20 14:37:46,JonnyNies_2TL_25,65,28,4,0
200525_CUS_LeeUfan_From_25 - Code update,2025-05-20 13:55:34,LeeUfan_From_25,44,43,28,0
200525_CUS_LeeUfan_From_25 - Early Access 2 (Korean contacts (from Sam)),2025-05-20 13:15:54,LeeUfan_From_25,864,439,239,1
200525_CUS_LeeUfan_From_25 - Early Access (All with most frequented country South Korea (from Sam)),2025-05-20 13:09:02,LeeUfan_From_25,1,0,0,0
190525_CUS_LeeUfan_From_25 - Early Access (Korean past buyers (from Sam)),2025-05-19 13:30:15,LeeUfan_From_25,506,328,259,0
190525_CUS_LeeUfan_From_25 - Early Access (Early artist + release page sign ups (from Sam)),2025-05-19 13:30:04,LeeUfan_From_25,150,101,91,0
190525_CUS_LeeUfan_From_25 - Early Access (Monthly preview recipients (from Sam)),2025-05-19 13:30:42,LeeUfan_From_25,613,263,133,0
190525_CUS_LeeUfan_From_25 - Early Access (Monthly preview recipients (from Sofiya)),2025-05-19 13:30:33,LeeUfan_From_25,145,88,50,1
190525_CUS_LeeUfan_From_25 - Early Access (Monthly preview recipients (from Curtis)),2025-05-19 13:30:02,LeeUfan_From_25,237,83,36,0
190525_CUS_LeeUfan_From_25 - Early Access (Japanese past buyers (from Sam)),2025-05-19 13:30:01,LeeUfan_From_25,1754,746,396,4
AUT_ Friedrich_Storm_25 - 3 days left,2025-05-19 11:39:18,Friedrich_Storm_25,1837,278,60,12
AUT_JonnyNies_2TL_25 - Edition number confirmed,2025-05-19 09:46:43,JonnyNies_2TL_25,118,65,19,0
TEST_LeeUfan_From_25 - Early Access,2025-05-19 09:29:22,LeeUfan_From_25,1,0,0,0
160525_CUS_LY_Print_25- First-time purchaser survey,2025-05-16 16:00:40,LY_Print_25,10,9,5,0
160525_GEN_Friedrich_Storm_25 - Now Live (Unengaged contacts),2025-05-16 15:00:08,Friedrich_Storm_25,42267,551,173,63
LeeUfan_From_25 - Early Access (Test),2025-05-16 11:48:13,LeeUfan_From_25,1,0,0,0
AUT_JudyChica_TL_25 - Deepdive 1 (A pair of works that defined an era),2025-05-16 10:19:29,RobertLon_Menin_25,904,272,88,3
150525_GEN_Friedrich_Storm_25 - Now Live,2025-05-15 17:00:27,Friedrich_Storm_25,45964,11298,1483,138
AUT_JonnyNies_2TL_25 - Edition closed,2025-05-15 11:55:23,JonnyNies_2TL_25,117,58,13,0
AUT_Friedrich_Storm_25 - Now Live,2025-05-15 11:48:46,Friedrich_Storm_25,2029,442,232,13
AUT_MarkBradf_Broad_25 - Signup Acknowledgement (Email 1),2025-05-14 17:23:55,MarkBradf_Broad_25,1164,322,59,0
140525_GEN_MarkBradf_Broad_25 - Announcement (Jonny Niesche exclusions),2025-05-14 17:00:16,MarkBradf_Broad_25,6144,1735,468,30
140525_CUS_Friedrich_Storm_25 - Insiders Early Access (Curtis),2025-05-14 17:00:02,INSIDERSEA,142,42,12,0
140525_CUS_Friedrich_Storm_25 - Insiders Early Access (Sam),2025-05-14 17:00:42,INSIDERSEA,688,207,50,0
AUT_Friedrich_Storm_25 - early access,2025-05-14 15:12:50,Friedrich_Storm_25,2076,576,340,18
130525_GEN_MarkBradf_Broad_25 - Announcement,2025-05-13 17:00:53,MarkBradf_Broad_25,84665,12243,1455,255
CUS_JonnyNies_2TL_25 - 48 hours to collect,2025-05-13 17:00:08,JonnyNies_2TL_25,6080,1613,384,19
AUT_MarkBradf_Broad_25 - Welcome - general (email 1),2025-05-13 14:33:04,MarkBradf_Broad_25,628,143,20,6
130525_LY_Print_25 - Last chance,2025-05-13 12:00:39,LY_Print_25,3970,1056,361,6
AUT_JonnyNies_2TL_25 - Last chance,2025-05-12 18:37:32,JonnyNies_2TL_25,361,74,19,2
120525_GEN_JudyChica_TL_25 - Announcement,2025-05-12 17:15:20,JudyChica_TL_25,90361,14651,1920,284
PLACEHOLDER EMAIL,2025-05-12 16:07:09,Survey_Completion,0,0,0,0
120525_TRNS_BarryMcge_TL2_25_PostPurchase_SIGNED_FR,2025-05-12 14:30:32,BarryMcge_TL2_25,243,103,6,0
120525_TRNS_BarryMcge_TL2_25_PostPurchase_SIGNED_UNFR,2025-05-12 14:30:16,BarryMcge_TL2_25,365,137,9,0
AUT_JudyChica_TL_25 - Welcome - general (email 1),2025-05-12 14:06:37,JudyChica_TL_25,650,157,21,7
AUT_JudyChica_TL_25 - Signup Acknowledgement (Email 1),2025-05-12 12:08:47,JudyChica_TL_25,1020,275,48,3
090525_CUS_JonnyNies_2TL_25 - Now Live (Sayre Gomez survey exclusions),2025-05-09 17:00:34,JonnyNies_2TL_25,83,24,4,0
080525_CUS_SayreGome_America_25 - Non-purchasers Survey,2025-05-09 17:00:59,SayreGome_America_25,80,21,4,0
080525_GEN_JonnyNies_2TL_25 - Now Live (General),2025-05-08 17:00:21,JonnyNies_2TL_25,89253,11941,1570,270
070525_INS_JonnyNies_2TL_25 - Insiders Early Access (Curtis),2025-05-07 17:00:36,INSIDERSEA,98,30,3,0
070525_INS_JonnyNies_2TL_25 - Insiders Early Access (Sam),2025-05-07 17:00:13,INSIDERSEA,550,184,26,0
AUT_Friedrich_Storm_25 - Deepdive 2 (Unpacking the edition),2025-05-07 10:45:35,Friedrich_Storm_25,1580,380,140,9
AUT_JonnyNies_2TL_25 - Early Access,2025-05-06 16:52:32,JonnyNies_2TL_25,513,244,165,3
AUT_JonnyNies_2TL_25 - Signup Acknowledgement,2025-05-06 16:51:35,JonnyNies_2TL_25,540,153,27,0
CUS_SayreGome_America_25 - First-time purchaser survey,2025-05-06 14:00:25,SayreGome_America_25,3,1,1,0
AUT_RobertLon_MenIn_25 - Edition number confirmed,2025-05-06 09:10:15,RobertLon_Menin_25,1118,586,125,2
020525_CUS_TRNS_AyakoCOA_Dispatch4,2025-05-02 18:15:31,AYAKOTIMED,170,81,6,0
AUT_RobertLon_MenIn_25 - Final Edition Size,2025-05-02 16:52:19,RobertLon_Menin_25,1015,484,92,0
020525_TRNS_ShirinNes_TL_25_PostPurchase_SIGNED_FR,2025-05-02 13:15:55,ShirinNes_TL_25,122,55,3,0
020525_TRNS_ShirinNes_TL_25_PostPurchase_SIGNED_UNFR,2025-05-02 13:15:45,ShirinNes_TL_25,279,134,9,0
AUT_RobertLon_MenIn_25 - Last chance,2025-05-02 10:13:44,RobertLon_Menin_25,1470,405,181,4
010525_RobertLon_MenIn_25 - Halfway,2025-05-01 17:00:09,RobertLon_Menin_25,2138,685,162,8
AUT_RobertLon_MenIn_25 - Halfway,2025-05-01 13:55:34,RobertLon_Menin_25,1939,407,155,6
300425_TRNS_TakuObata_Resin_25_FailedQC,2025-05-01 10:00:21,TakuObata_Resin_25,10,7,0,0
300425_GEN_RobertLon_MenIn_25 - Now Live (General),2025-04-30 17:02:44,RobertLon_Menin_25,84873,11394,1766,256
300425_CUS_FerrariSh_Iris_25 - Last chance,2025-04-30 17:00:52,FerrariSh_Iirs_25,2008,795,336,9
AUT_RobertLon_MenIn_25 - Now Live (Flow),2025-04-30 16:57:19,RobertLon_Menin_25,2142,715,444,4
AUT_JonnyNies_2TL_25 - Deepdive 2 (sets),2025-04-30 13:55:34,JonnyNies_2TL_25,495,187,102,3
290425_INS_RobertLon_MenIn_25 - Insiders early access (Sam),2025-04-29 17:25:10,INSIDERSEA,568,189,40,0
290425_INS_RobertLon_MenIn_25 - Insiders Early Access (Sofiya),2025-04-29 17:00:56,INSIDERSEA,95,39,7,0
290425_INS_RobertLon_MenIn_25 - Insiders Early Access (Curtis),2025-04-29 17:00:09,INSIDERSEA,141,35,7,0
AUT_RobertLon_MenIn_25 - Early Access,2025-04-29 16:55:58,RobertLon_Menin_25,2463,1268,912,7
280425_CUS_SayreGome_America_25 - Last chance,2025-04-28 17:00:20,SayreGome_America_25,2565,892,199,4
AUT_RobertLon_MenIn_25 - Deepdive 3 (sets),2025-04-25 18:12:29,RobertLon_Menin_25,2238,761,369,12
AUT_JonnyNies_2TL_25 - Deepdive 1 (Conversation about his practice),2025-04-25 18:09:17,JonnyNies_2TL_25,517,182,72,0
240425_CUS_Friedrich_Storm_25 - Announcement,2025-04-24 17:30:56,Friedrich_Storm_25,89019,13302,1813,318
AUT_ Friedrich_Storm_25 - 5 days left,2025-04-24 17:30:02,Friedrich_Storm_25,1966,305,98,7
AUT_JonnyNies_2TL_25 - Missed launch,2025-04-24 14:50:40,JonnyNies_2TL_25,8,3,1,0
AUT_RobertLon_MenIn_25 - First-time purchaser survey,2025-04-23 15:54:45,RobertLon_Menin_25,809,418,158,1
AUT_JonnyNies_2TL_25 - Final Edition Size,2025-04-23 15:29:34,JonnyNies_2TL_25,0,0,0,0
AUT_Friedrich_Storm_25 - Last chance,2025-04-23 15:03:08,Friedrich_Storm_25,1497,280,82,9
AUT_Friedrich_Storm_25 - Signup_Acknowledgement - Signup Acknowledgement (Email 1),2025-04-23 14:52:40,Friedrich_Storm_25,2198,519,108,13
AUT_Friedrich_Storm_25 - Non-purchasers Survey,2025-04-23 14:36:54,Friedrich_Storm_25,1282,265,47,14
AUT_Friedrich_Storm_25 - Missed launch,2025-04-23 14:27:36,Friedrich_Storm_25,19,9,0,0
230424_CUS_SALES Sofiya - May Monthly Preview,2025-04-23 14:00:26,MONTHLYPREV,85,65,47,0
230424_CUS_SALES Curtis - May Monthly Preview,2025-04-23 14:00:16,MONTHLYPREV,162,62,39,0
230425_CUS_SALES No Advisor (Sam) - May Monthly Preview,2025-04-23 14:00:42,MONTHLYPREV,820,350,214,2
AUT_RobertLon_MenIn_25 - Deepdive 2,2025-04-23 12:24:18,RobertLon_Menin_25,2500,671,199,8
AUT_Friedrich_Storm_25 - Welcome - general (email 1),2025-04-23 10:29:20,Friedrich_Storm_25,1539,402,59,14
170425_CUS_BarryMcGe_TL_25- Paris run info,2025-04-23 10:00:11,BarryMcge_TL2_25,20,5,2,0
220425_CUS_JonnyNies_2TL_25 - Announcement (Error),2025-04-22 15:30:28,JonnyNies_2TL_25,88969,13289,1211,320
220425_CUS_JonnyNies_2TL_25 - Announcement,2025-04-22 14:00:49,JonnyNies_2TL_25,89105,13227,1500,314
AUT_JonnyNies_2TL_25 - (3 days to go),2025-04-22 13:56:13,JonnyNies_2TL_25,417,75,14,1
AUT_JonnyNies_2TL_25 - (5 days to go),2025-04-22 13:55:21,JonnyNies_2TL_25,435,102,34,0
AUT_JonnyNies_2TL_25 - Now Live (flow),2025-04-22 13:52:14,JonnyNies_2TL_25,466,137,70,1
220325_AiWeiwei_Snake_25_TRNS_PostPurchase_ReadyforDispatch_FR,2025-04-22 10:30:29,AiWeiwei_Snake_25,75,27,1,0
210425_CUS_Oscaryi_Cool_25 - Last chance,2025-04-21 17:00:43,Oscaryi_Cool_25,7201,1379,159,31
AUT_AWWNT_25 - Vivos,2025-04-21 10:33:35,AiWeiwei_Snake_25,1759,666,396,7
170425_CUS_AWWNT_25 - Vivos,2025-04-17 14:00:01,AWWNT_25,12266,2431,243,31
AUT_JonnyNies_2TL_25 - Welcome - general (email 1),2025-04-17 10:45:51,JonnyNies_2TL_25,286,70,7,3
140425_CUS_RobertLon_Menin_25 - Announcement (Miss out group),2025-04-14 17:00:18,RobertLon_Menin_25,12314,2220,319,69
140425_CUS_Otherworld_Dogs_25 - Last chance,2025-04-14 17:00:17,Otherworld_Dogs_25,419,171,46,0
140425_CUS_RobertLon_Menin_25 - Announcement (Tech error),2025-04-14 17:00:18,RobertLon_Menin_25,227,115,40,0
HarlandMi_York_25 - Last chance,2025-04-13 14:00:30,HarlandMi_York_25,15327,7609,1307,65
1142025_CUS_HajimeSor_Untitled_25 - First-time purchaser survey,2025-04-11 11:00:18,HajimeSor_Untitled_25,250,166,47,1
110425_CUS_HajimeSor_Untitled_25 - Non-purchasers Survey,2025-04-11 11:00:30,HajimeSor_Untitled_25,2442,453,58,44
110425_CUS_LY_Print_25 - Announcement,2025-04-11 10:00:38,LY_Print_25,15345,2930,498,44
110425_DanielleM_Sand_25_TRNS_PostPurchase_FRAMING_FR,2025-04-11 10:00:49,DanielleM_Sand_25,301,129,14,0
100425_Collector_Research_Interviews_25 (Elin),2025-04-10 16:00:04,Collector_Research_Interviews_24,243,52,5,2
100425_CUS_SayreGome_America_25 - Announcement,2025-04-10 14:00:20,SayreGome_America_25,5846,1532,113,43
AUT_RobertLon_MenIn_25 - Deepdive 1 (Themes in his work),2025-04-09 17:50:42,RobertLon_Menin_25,2545,812,331,9
080425_CUS_HajimeSor_Untitled_25 - One left,2025-04-08 16:00:26,HajimeSor_Untitled_25,27,17,12,1
080425_CUS_LY_Print_25 - Early Access,2025-04-08 11:00:25,LY_Print_25,4089,1342,721,6
AUT_RobertLon_Menin_25 - Signup Acknowledgement,2025-04-07 17:23:49,RobertLon_Menin_25,2589,906,222,8
070425_CUS_RobertLon_Menin_25 - Announcement (Multiples),2025-04-07 17:00:14,RobertLon_Menin_25,75878,12483,1970,287
070425_CUS_Grayson_Perry_Large_Print - Order Count 1+,2025-04-07 14:00:09,GraysonPE_Magical_Large_25,3192,1130,557,12
070425_CUS_Grayson_Perry_Large_Print - No orders,2025-04-07 14:00:03,GraysonPE_Magical_Large_25,8934,2370,918,67
070425_CUS_MiwaKomat_Innocent_25 - First-time purchaser survey,2025-04-07 11:00:31,MiwaKomatsu_HF_Print_25,14,7,3,0
060425_Collector_Research_Interviews_25 (Elin),2025-04-06 16:00:45,Collector_Research_Interviews_24,0,0,0,0
060425_CUS_HajimeSor_Untitled_25 - Last chance (ENGLISH),2025-04-06 10:00:37,HajimeSor_Untitled_25,9081,3780,739,80
"040425_CUS_AUDIENCE - Live & Launching (Sayre, Oscar & Ferrari)",2025-04-04 14:15:50,NEWSLETTER,57165,8712,858,208
040425_CUS_FerrariSh_Iris_25 - Announcement,2025-04-04 14:00:33,FerrariSh_Iirs_25,22114,3246,612,135
030425_CUS_SayreGome_America_25 - Announcement,2025-04-03 17:00:57,SayreGome_America_25,9138,1762,363,22
AUT_TomasSanc_Pair_25 - Edition number confirmed,2025-04-03 15:48:26,TomasSanc_Pair_25,519,286,68,2
AUT_TomasSanc_Pair_25 - Final Edition Size,2025-04-03 09:19:51,TomasSanc_Pair_25,0,0,0,0
020425_CUS_Oscaryi_Cool_25 - Early Access (skip the draw),2025-04-02 17:00:54,Oscaryi_Cool_25,1245,187,15,7
AUT_RobertLon_MenIn_25 - Non-purchasers Survey,2025-04-02 16:57:15,RobertLon_Menin_25,1760,482,131,23
AUT_RobertLon_MenIn_25 - Missed launch,2025-04-02 16:51:19,RobertLon_Menin_25,43,17,1,0
020425_CUS_FerrariSh_Iirs_25 - Early Access,2025-04-02 14:00:20,FerrariSh_Iirs_25,3329,1154,518,13
AUT_RobertLon_MenIn_25 - Welcome - general (email 1),2025-04-02 14:07:27,RobertLon_Menin_25,2114,553,105,16
AUT_Welcome_Makeready_24 - Intro (PLACEHOLDER EMAIL to CHANGE),2025-04-02 10:54:21,Welcome_24,0,0,0,0
010424_CUS_SALES Curtis - April Monthly Preview,2025-04-01 14:00:40,MONTHLYPREV,162,55,33,0
010425_CUS_SALES No Advisor (Sam) - April Monthly Preview,2025-04-01 14:00:16,MONTHLYPREV,804,389,209,0
010424_CUS_SALES Sofiya - April Monthly Preview,2025-04-01 14:00:03,MONTHLYPREV,85,62,45,0
010425_CUS_MiwaKomat_Innocent_25 - Last chance,2025-04-01 10:30:14,MiwaKomatsu_HF_Print_25,2732,1315,266,7
AUT_TomasSanc_Pair_25 - Last chance,2025-03-31 17:21:11,TomasSanc_Pair_25,1354,301,95,5
AUT_TomasSanc_Pair_25 - Half Way,2025-03-31 17:16:34,TomasSanc_Pair_25,1847,367,126,7
310325_GEN_TomasSanc_Pair_25 - Now Live (General),2025-03-31 17:02:55,TomasSanc_Pair_25,83407,13575,2042,277
AUT_TomasSanc_Pair_25 - Now Live (Flow),2025-03-31 17:00:15,TomasSanc_Pair_25,2300,556,300,16
AUT_TomasSanc_Pair_25 - Now Live,2025-03-31 12:37:12,TomasSanc_Pair_25,0,0,0,0
280325_CUS_SayreGome_America_25 - Early Access,2025-03-28 17:00:15,SayreGome_America_25,2878,811,284,5
270324_CUS_SALES Sofiya - Ayako Rokkaku (wider outreach),2025-03-27 14:00:23,Ayako Rokkaku 25,3863,1421,1002,3
AUT_TomasSanc_Pair_25 - First-time purchaser survey,2025-03-27 11:08:10,TomasSanc_Pair_25,362,206,51,1
AUT_TomasSanc_Pair_25 - Deepdive (sets),2025-03-27 09:29:09,TomasSanc_Pair_25,2348,614,259,10
260325_CUS_Otherworld_Dogs_25 - Announcement,2025-03-26 14:45:29,Otherworld_Dogs_25,2408,855,152,7
250325_CUS_Oscaryi_Cool_25 - Announcement Email,2025-03-25 17:00:52,Oscaryi_Cool_25,6268,1365,227,23
AUT_TomasSanc_Pair_25 - early access,2025-03-25 12:47:11,TomasSanc_Pair_25,2346,736,412,12
240325_CUS_HarlandMi_York_25 - Announcement (miss outs),2025-03-24 14:00:25,HarlandMi_York_25,6496,1278,183,121
AUT_Mickalene_MultiTL_25 - First-time purchaser survey,2025-03-24 11:05:40,Mickalene_MultiTL_25,1107,649,149,1
230325_COLLREPORT2 - Download collector report,2025-03-23 14:00:56,CollectorReport2,84316,14691,1989,310
210325_CUS_HajimeSor_Untitled_25 - Early Access (ENGLISH) (skip the draw),2025-03-21 14:20:45,HajimeSor_Untitled_25,2902,444,138,4
210325_CUS_Otherworld_Dogs_25 - Early Access,2025-03-21 14:15:28,Otherworld_Dogs_25,2528,620,237,6
210425_CUS_Oscaryi_Cool_25 - Early Access,2025-03-21 12:47:23,Oscaryi_Cool_25,1649,694,93,5
210325_AiWeiwei_Snake_25_TRNS_PostPurchase_SIGNING_UNFR,2025-03-21 11:30:51,AiWeiwei_Snake_25,141,75,8,0
210325_AiWeiwei_Snake_25_TRNS_PostPurchase_SIGNING_FR,2025-03-21 11:30:36,AiWeiwei_Snake_25,75,39,1,0
AUT_Mickalene_MultiTL_25 - Final Edition Size,2025-03-20 14:39:26,Mickalene_MultiTL_25,1339,732,213,0
190325_TRNS_TakuObata_Resin_25_NewDispatchDate,2025-03-19 15:00:25,TakuObata_Resin_25,146,72,7,0
190325_Collector_Research_Interviews_25 (Elin),2025-03-19 14:00:33,Collector_Research_Interviews_24,239,48,7,1
190324_CUS_SALES Sofiya - Ayako Rokkaku,2025-03-19 11:05:41,Ayako Rokkaku 25,907,418,304,1
180325_Mickalene_MultiTL_25 - (Now Live - Out of flow),2025-03-18 17:00:55,Mickalene_MultiTL_25,76222,12061,2350,246
AUT_Mickalene_MultiTL_25 - Last chance,2025-03-18 16:47:52,Mickalene_MultiTL_25,6457,989,334,22
AUT_Mickalene_MultiTL_25 - Half Way (flow),2025-03-18 16:45:42,Mickalene_MultiTL_25,6554,1059,364,33
AUT_Mickalene_MultiTL_25 - (Now Live - flow),2025-03-18 10:31:27,Mickalene_MultiTL_25,6912,1805,1135,32
AUT_COLLREPORT2 - Download collector report,2025-03-17 22:54:41,CollectorReport2,455,367,330,0
170325_INS_Mickalene_MultiTL_25 - Insiders Early Access (Sofiya),2025-03-17 17:00:51,INSIDERSEA,97,46,7,0
170325_INS_Mickalene_MultiTL_25 - Insiders Early Access (Curtis),2025-03-17 17:00:14,INSIDERSEA,144,39,6,0
170325_INS_Mickalene_MultiTL_25 - Insiders Early Access (Sam),2025-03-17 17:00:49,INSIDERSEA,576,170,20,1
170325_CUS_HarlandMi_York_25 - Announcement,2025-03-17 14:15:57,HarlandMi_York_25,76126,13636,2865,264
AUT_TomasSanc_Pair_25 - Deepdive 2 (Romanticism),2025-03-17 09:09:18,TomasSanc_Pair_25,2457,555,152,13
AUT_Mickalene_MultiTL_25 - Deepdive (sets),2025-03-14 16:10:11,Mickalene_MultiTL_25,4513,1294,657,18
130325_TRNS_ShirinNes_TL_25_PostPurchase_PRINTING_MR_FR,2025-03-13 12:00:39,ShirinNes_TL_25,122,60,4,0
130325_TRNS_ShirinNes_TL_25_PostPurchase_PRINTING_MR_UNFR,2025-03-13 12:00:17,ShirinNes_TL_25,276,127,4,0
120325_TRNS_PostPurchase_JamesJeanMaze25_ProductionInProgress,2025-03-12 13:00:45,JamesJean_Maze_25,355,189,10,0
120325_TRNS_PostPurchase_WillCotto_Unicorn_25_OnTrack_FR,2025-03-12 12:00:48,WillCotto_Unicorn_25,43,19,2,0
120325_TRNS_PostPurchase_WillCotto_Unicorn_25_OnTrack_UNFR,2025-03-12 12:00:22,WillCotto_Unicorn_25,56,28,1,0
110325_TRNS_Aiweiwei_TondoWood_24 - Frame delay,2025-03-11 14:30:37,AiWeiwei_TondoWood_24,13,6,0,0
AUT_ Mickalene_MultiTL_25 - Early Access (Dynamic fileds) Test,2025-03-11 11:57:20,Mickalene_MultiTL_25,6613,2152,1343,33
100325_GEN_HajimeSor_Untitled_25 - Announcement (ENGLISH) (Remaining general audience),2025-03-10 14:10:17,HajimeSor_Untitled_25,64001,9563,1241,238
060325_GEN_TomasSanc_Pair_25 - Announcement (Miss out group),2025-03-10 14:00:09,TomasSanc_Pair_25,7,3,1,0
100325_CUS_HajimeSor_Untitled_25 - Announcement (ENGLISH),2025-03-10 12:00:46,HajimeSor_Untitled_25,16148,4732,1004,82
100325_CUS_HajimeSor_Untitled_25 - Announcement (Japanese),2025-03-10 11:10:56,HajimeSor_Untitled_25,2198,720,267,2
AUT_TomasSanc_Pair_25 - Deepdive 1 (Conversation about his practice),2025-03-07 17:13:28,TomasSanc_Pair_25,1866,370,87,12
AUT_Mickalene_MultiTL_25 - Deepdive 2 (Make-Ready) (new),2025-03-07 11:16:51,Mickalene_MultiTL_25,4539,1040,263,16
070325_CUS_HajimeSor_Untitled_25 - Early Access (ENGLISH),2025-03-07 10:00:46,HajimeSor_Untitled_25,4738,1948,703,12
070325_CUS_HajimeSor_Untitled_25 - Early Access (JAPANESE),2025-03-07 10:00:54,HajimeSor_Untitled_25,707,313,156,0
060325_GEN_TomasSanc_Pair_25 - Announcement (Miss out group),2025-03-06 14:00:53,TomasSanc_Pair_25,1236,458,134,4
AUT_ Mickalene_MultiTL_25 - Early Access,2025-03-06 11:45:36,Mickalene_MultiTL_25,0,0,0,0
AUT_TomasSanc_Pair_25 - Signup Acknowledgement,2025-03-05 15:47:19,TomasSanc_Pair_25,2374,661,119,10
050325_CUS_MiwaKomat_Innocent_25 - Announcement,2025-03-05 14:30:27,MiwaKomatsu_HF_Print_25,5086,1712,368,6
AUT_Mickalene_MultiTL_25 - Deepdive 3 (Resist),2025-03-05 10:50:45,Mickalene_MultiTL_25,0,0,0,0
040325_CUS_Mickalene_MultiTL_25 - Announcement (Missout group),2025-03-04 14:00:04,Mickalene_MultiTL_25,1809,489,94,18
AUT_TomasSanc_Pair_25 - Welcome - general (email 1),2025-03-04 10:59:43,TomasSanc_Pair_25,2121,472,59,19
AUT_TomasSanc_Pair_25 - Deepdive 1 (Conversation about his practice),2025-03-03 17:27:39,TomasSanc_Pair_25,577,181,38,3
030325_CUS_TomasSanc_Pair_25 - Announcement (New Since Jan 2025),2025-03-03 17:00:22,TomasSanc_Pair_25,20633,2638,324,186
030325_GEN_TomasSanc_Pair_25 - Announcement,2025-03-03 17:00:31,TomasSanc_Pair_25,53338,8977,1508,115
AUT_Mickalene_MultiTL_25 - Welcome - general (email 1),2025-03-03 15:27:34,welcome_emails_24,4069,1393,148,32
AUT_ShirinNes_TL_25 - First-time purchaser survey,2025-03-03 14:41:25,ShirinNes_TL_25,252,138,39,0
030325_CUS_JammieHol_Print_25 - Last chance,2025-03-03 14:00:17,JammieHol_Print_25,1744,562,142,2
AUT_TomasSanc_Pair_25 - Missed launch,2025-03-03 10:21:58,TomasSanc_Pair_25,23,12,4,0
270224_CUS_SALES Curtis - March Monthly Preview,2025-02-27 14:00:16,MONTHLYPREV,161,56,27,0
270224_CUS_SALES Sofiya - March Monthly Preview,2025-02-27 14:00:18,MONTHLYPREV,84,62,42,0
270225_CUS_SALES No Advisor (Sam) - March Monthly Preview,2025-02-27 14:00:05,MONTHLYPREV,758,316,172,0
270225_CUS_JammieHol_Print_25 - Sustain deepdive,2025-02-27 14:00:08,DanielleM_Sand_25,1289,419,123,2
AUT_ShirinNes_TL_25 - Half Way,2025-02-27 12:39:21,ShirinNes_TL_25,661,157,49,1
AUT_ShirinNes_TL_25 - Last Chance (multiple sections),2025-02-27 12:35:24,ShirinNes_TL_25,515,148,59,1
270225_CUS_Grayson_Perry_Large_Print,2025-02-27 11:45:11,GraysonPE_Magical_Large_25,958,475,390,2
AUT_TomasSanc_Pair_25 - Non-purchasers Survey,2025-02-27 09:13:01,TomasSanc_Pair_25,1169,341,50,18
260225_GEN_ShirinNes_TL_25 - Now Live,2025-02-26 14:03:27,ShirinNes_TL_25,76394,12101,1530,256
260225_BarryMcge_TL2_25_TRNS_PostPurchase_PRINTING_MR_FR,2025-02-26 12:30:43,BarryMcge_TL2_25,244,103,7,0
260225_DanielleM_Sand_25_TRNS_PostPurchase_PRINTING_MR_UNFR,2025-02-26 12:30:27,DanielleM_Sand_25,743,361,24,0
260225_DanielleM_Sand_25_TRNS_PostPurchase_PRINTING_MR_FR,2025-02-26 12:30:24,DanielleM_Sand_25,385,199,16,0
260225_BarryMcge_TL2_25_TRNS_PostPurchase_PRINTING_MR_UNFR,2025-02-26 12:30:05,BarryMcge_TL2_25,363,149,13,0
250225_CUS_Mickalene_MultiTL_25 - Announcement (ZeroBounce PP),2025-02-25 17:00:29,Mickalene_MultiTL_25,621,136,33,0
250225_CUS_Mickalene_MultiTL_25 - Announcement (New since Jan 2025),2025-02-25 17:00:42,Mickalene_MultiTL_25,20661,3009,636,201
250225_GEN_Mickalene_MultiTL_25 - Announcement (General),2025-02-25 17:00:58,Mickalene_MultiTL_25,53455,9168,1618,92
250225_CUS_Mickalene_MultiTL_25 - Announcement (ZeroBounce Never Purchased),2025-02-25 17:00:01,Mickalene_MultiTL_25,565,149,25,0
AUT_Mickalene_MultiTL_25 - Deepdive 1 (watch the interview),2025-02-25 16:57:49,Mickalene_MultiTL_25,6236,1252,198,25
AUT_ShirinNes_TL_25 - Now Live,2025-02-25 15:47:46,ShirinNes_TL_25,744,230,124,2
AUT_ShirinNes_TL_25 - Early Access,2025-02-25 15:46:02,ShirinNes_TL_25,792,366,251,3
250225_INS_ShirinNes_TL_25 - Insiders Early Access (Sofiya),2025-02-25 14:00:47,INSIDERSEA,87,44,5,0
250225_INS_ShirinNes_TL_25 - Insiders Early Access (Curtis),2025-02-25 14:00:17,INSIDERSEA,110,40,9,0
250225_INS_ShirinNes_TL_25 - Insiders Early Access (Sam),2025-02-25 14:00:59,INSIDERSEA,464,183,19,1
AUT_Mickalene_MultiTL_25 - Non-purchasers Survey,2025-02-25 13:52:16,Mickalene_MultiTL_25,5013,1015,206,42
AUT_ShirinNes_TL_25-Signup_Acknowledgement,2025-02-25 10:56:14,ShirinNes_TL_25,838,259,30,5
AUT_Mickalene_MultiTL_25 - Signup Acknowledgement (No hero + with Jammie Holmes),2025-02-25 10:55:52,Mickalene_MultiTL_25,1253,407,90,4
240225_CUS_JammieHol_Print_25 - Announcement (release SUs MOs),2025-02-24 18:34:48,JammieHol_Print_25,44,22,18,0
AUT_ShirinNes_TL_25 - Last chance,2025-02-24 14:54:04,ShirinNes_TL_25,0,0,0,0
180225_ ShirinNes_TL_25 - Deepdive 3 (film shots),2025-02-24 14:02:47,ShirinNes_TL_25,781,182,22,1
240225_CUS_WillCotto_Unicorn_25 - New Collector Survey,2025-02-24 14:00:43,WillCotto_Unicorn_25,49,21,6,0
AUT_JamesJean_Maze_25 - First-time purchaser survey,2025-02-24 09:38:49,JamesJean_Maze_25,186,122,36,0
AUT_Mickalene_MultiTL_25 - Signup Acknowledgement,2025-02-20 11:18:27,Mickalene_MultiTL_25,5846,1526,349,20
200225_CUS_TRNS_GeorgeCondo_Model_25_PP_Dispatch_UNFR,2025-02-20 11:00:58,GeorgeCondo_Model_25,33,15,0,0
200225_CUS_TRNS_GeorgeCondo_Model_25_PP_Dispatch_UNFR_5106Reminder,2025-02-20 11:00:00,GeorgeCondo_Model_25,29,16,0,0
200225_TakuObata_Resin_25 - Last chance,2025-02-20 10:00:41,TakuObata_Resin_25,767,245,68,2
200225_TakuObata_Resin_25 - Last chance (Japan),2025-02-20 10:00:54,TakuObata_Resin_25,97,41,24,0
190225_GEN_JamesJean_Maze_25 - (Now Live) (Out of flow),2025-02-19 17:05:11,JamesJean_Maze_25,74259,12569,1564,265
190225_Collector_Research_Interviews_25 (Elin),2025-02-19 14:00:57,Collector_Research_Interviews_24,209,45,4,2
190225_CUS_TRNS_CondoDrawResults,2025-02-19 14:00:12,GeorgeCondo_Model_25,143,76,1,0
190225_CUS_TRNS_AyakoCOA_Reminder (DO NOT CLONE),2025-02-19 11:00:33,AYAKOTIMED,1581,505,248,0
AUT_Mickalene_MultiTL_25 - Missed launch,2025-02-19 09:30:48,Mickalene_MultiTL_25,34,17,1,0
180225_CUS_JamesJean_Maze_25 - Early Access (Insiders) (Sofiya),2025-02-18 17:00:19,INSIDERSEA,97,54,15,0
180225_CUS_JamesJean_Maze_25 - Early Access (Insiders) (curtis),2025-02-18 17:00:11,INSIDERSEA,143,60,14,0
180225_CUS_JamesJean_Maze_25 - Early Access (Insiders) (Sam),2025-02-18 17:00:15,INSIDERSEA,460,223,52,0
180225_JamesJean_Maze_25 - Early Access (Competition entrants),2025-02-18 17:00:56,JamesJean_Maze_25,1632,1008,337,24
130224_CUS_ShirinNes_TL_25 - Announcement (Miss outs),2025-02-17 17:00:38,ShirinNes_TL_25,13980,2190,224,81
170225_CUS_GeorgeCondo_Model_25 - Last chance,2025-02-17 14:00:13,GeorgeCondo_Model_25,4920,1749,668,5
170225_CUS_AWWNT_25 - Lisson Gallery Announcement,2025-02-17 14:00:05,AiWeiwei_Snake_25,12441,2858,413,40
AUT_AWWNT_25 - Lisson Gallery,2025-02-17 12:17:08,AiWeiwei_Snake_25,43,23,13,1
140225_ ShirinNes_TL_25 - Deepdive 2 (calligraphy),2025-02-14 16:25:30,ShirinNes_TL_25,793,200,33,2
AUT_ ShirinNes_TL_25 - Missed launch,2025-02-14 15:50:23,ShirinNes_TL_25,27,7,1,0
AUT_ShirinNes_TL_25 - Final Edition Size,2025-02-14 15:48:34,ShirinNes_TL_25,328,184,59,0
AUT_JamesJean_Maze_25 - Deepdive (sculpture process),2025-02-14 13:46:17,JamesJean_Maze_25,1845,408,133,6
AUT_Mickalene_MultiTL_25 - Deepdive 2 (Make-Ready),2025-02-14 13:35:04,Mickalene_MultiTL_25,0,0,0,0
AUT_JamesJean_Maze_25 - Missed launch,2025-02-13 17:12:21,JamesJean_Maze_25,0,0,0,0
AUT_JamesJean_Maze_25 - Non-purchasers Survey,2025-02-13 17:10:40,JamesJean_Maze_25,1873,355,63,20
AUT_JamesJean_Maze_25 - Last chance,2025-02-13 17:09:44,JamesJean_Maze_25,2059,302,72,16
AUT_JamesJean_Maze_25 - Half Way,2025-02-13 17:07:51,JamesJean_Maze_25,2148,324,84,10
AUT_JamesJean_Maze_25 - (Now Live),2025-02-13 17:07:22,JamesJean_Maze_25,2217,442,188,19
AUT_JamesJean_Maze_25 - Early Access,2025-02-13 16:40:35,JamesJean_Maze_25,2181,844,397,15
AUT_JamesJean_Maze_25 - Final Edition Size,2025-02-13 15:59:22,JamesJean_Maze_25,293,168,34,0
130225_CUS_WillCotto_Unicorn_25 - Last chance,2025-02-13 14:00:23,WillCotto_Unicorn_25,1131,261,73,18
140225_CUS_Condo/Cotton/James - Live & Launching,2025-02-13 14:00:45,NEWSLETTER,59264,8430,1021,248
AUT_JamesJean_Maze_25 - Deepdive (win an original drawing),2025-02-13 10:51:11,JamesJean_Maze_25,1855,397,111,10
110225_ ShirinNes_TL_25 - Deepdive 1 (intro and her practice),2025-02-12 15:11:02,ShirinNes_TL_25,814,224,39,5
120225_Collector_Research_Interviews_25 (Elin),2025-02-12 14:00:48,Collector_Research_Interviews_24,198,41,5,4
110225_TRNS_GeorgeCondo_Model_25 - Reminder to complete form,2025-02-11 15:00:40,GeorgeCondo_Model_25,31,14,8,0
110225_CUS_MICKALENE_MultiTL_25 - Hayward Gallery,2025-02-11 14:00:54,Mickalene_MultiTL_25,12094,1970,227,61
AUT_BarryMcge_TL2_25 - First-time purchaser survey,2025-02-10 16:11:34,BarryMcge_TL2_25,408,212,66,0
AUT_BarryMcge_TL2_25 - Final Edition Size,2025-02-07 17:19:57,BarryMcge_TL2_25,516,269,93,0
070225_CUS_MIWAKOMATSU - Vetting Form (JP),2025-02-07 11:45:51,MiwaKomatsu_HF_Print_25,374,195,125,2
070225_CUS_MIWAKOMATSU - Vetting Form (Asia),2025-02-07 11:45:13,MiwaKomatsu_HF_Print_25,194,102,68,0
060225_GEN_JammieHol_Print_25 - Early Access,2025-02-06 14:05:51,JammieHol_Print_25,2110,671,199,10
050225_GEN_BarryMcge_TL2_25 - Now Live (General unengaged),2025-02-05 17:14:14,BarryMcge_TL2_25,23699,507,215,34
050225_GEN_BarryMcge_TL2_25 - Now Live (General engaged),2025-02-05 17:03:26,BarryMcge_TL2_25,30316,9125,1358,48
050225_CUS_BarryMcge_TL2_25 - Now Live (ZB exclusions PP),2025-02-05 17:03:57,BarryMcge_TL2_25,637,150,37,2
050225_CUS_BarryMcge_TL2_25 - Now Live (New since Jan 2025),2025-02-05 17:03:09,BarryMcge_TL2_25,10619,2172,278,105
050225_CUS_BarryMcge_TL2_25 - Now Live (ZB exclusions NP),2025-02-05 17:02:21,BarryMcge_TL2_25,1135,165,24,2
AUT_BarryMcge_TL2_25 - Half Way (JP times),2025-02-05 16:09:52,BarryMcge_TL2_25,59,16,7,0
AUT_BarryMcge_TL2_25 - Last chance (JP times),2025-02-05 16:07:36,BarryMcge_TL2_25,58,18,12,0
AUT_BarryMcge_TL2_25 - Last chance,2025-02-05 09:52:02,BarryMcge_TL2_25,1441,320,133,8
040225_INS_ BarryMcge_TL2_25 - Insiders Early Access (Curtis),2025-02-04 14:05:29,INSIDERSEA,141,47,9,0
040225_INS_ BarryMcge_TL2_25 - Insiders Early Access (Sofiya),2025-02-04 14:05:39,INSIDERSEA,96,37,7,0
040225_INS_ BarryMcge_TL2_25 - Insiders Early Access (Sam),2025-02-04 14:05:53,INSIDERSEA,562,199,57,1
AUT_BarryMcge_TL2_25 - Early Access,2025-02-03 16:27:13,BarryMcge_TL2_25,1871,975,652,11
AUT_ShirinNes_TL_25 - Non-purchasers Survey,2025-02-03 15:25:56,ShirinNes_TL_25,490,164,41,2
110225_ ShirinNes_TL_25 - Deepdive 1 (IGNORE PLACEHOLDER EMAIL),2025-02-03 15:17:06,ShirinNes_TL_25,0,0,0,0
030224_CUS_ShirinNes_TL_25 - Announcement,2025-02-03 14:45:18,ShirinNes_TL_25,58646,10657,1330,218
030225_CUS_JammieHol_Print_25 - Announcement (SUs),2025-02-03 14:41:47,JammieHol_Print_25,21,12,12,0
030225_CUS_JammieHol_Print_25 - Announcement (Preorder),2025-02-03 14:30:39,JammieHol_Print_25,7743,1560,472,75
030225_CUS_JammieHol_Print_25 - Announcement (Draw),2025-02-03 14:35:15,JammieHol_Print_25,7824,1511,452,61
AUT_AiWeiwei_Snake_25 - Non-purchasers Survey,2025-02-03 11:39:00,AiWeiwei_Snake_25,2353,452,77,35
310125_CUS_15percent25 - Avant Arte x Fifteen Percent Pledge,2025-02-01 17:00:39,The Fifteen Percent Pledge,16885,3599,830,122
AUT_ShirinNes_TL_25 - Welcome - general (email 1),2025-01-31 16:56:23,welcome_emails_24,672,167,31,3
310125_CUS_Survey25_Future_25 - gallery info,2025-01-31 15:50:24,Survey_Completion,5340,682,155,17
AUT_JamesJean_Maze_25 - Deepdive (live drawing),2025-01-30 15:01:33,JamesJean_Maze_25,2098,442,66,11
300124_Collector_Research_Interviews_25 (Elin),2025-01-30 14:00:45,Collector_Research_Interviews_24,194,62,13,1
AUT_AiWeiwei_Snake_25 - Final Edition Size,2025-01-30 10:14:12,AiWeiwei_Snake_25,192,115,44,0
AUT_BarryMcge_TL2_25 - Deepdive (Make-Ready no mention other emails),2025-01-30 09:17:38,BarryMcge_TL2_25,624,180,87,5
AUT_BarryMcge_TL2_25 - Deepdive (Motif Artwork - no mention other emails),2025-01-30 09:09:59,BarryMcge_TL2_25,259,70,27,2
AUT_BarryMcge_TL2_25 - Hand drawing,2025-01-30 09:06:57,BarryMcge_TL2_25,1190,333,65,7
AUT_ AiWeiwei_Snake_25 - First-time purchaser survey,2025-01-29 16:51:10,AiWeiwei_Snake_25,128,69,16,0
290125_CUS_AiWeiwei_Snake_25 - Now Live (Gen Unengged),2025-01-29 14:30:02,AiWeiwei_Snake_25,25936,491,248,49
290125_CUS_AiWeiwei_Snake_25 - Now Live (Zerobounce exclusions PP),2025-01-29 14:00:24,AiWeiwei_Snake_25,643,170,36,2
290125_CUS_AiWeiwei_Snake_25 - Now Live (Zerobounce exclusions (New since Jan 2025),2025-01-29 14:00:15,AiWeiwei_Snake_25,10180,1609,276,128
290125_GEN_AiWeiwei_Snake_25 - Now Live,2025-01-29 14:00:29,AiWeiwei_Snake_25,31924,8592,1403,62
290125_CUS_AiWeiwei_Snake_25 - Now Live (Zerobounce exclusions Never Purchased),2025-01-29 14:00:02,AiWeiwei_Snake_25,1236,200,40,3
270125_CUS_WillCotto_Unicorn_25 - Announcement,2025-01-28 17:00:45,WillCotto_Unicorn_25,11545,2482,293,53
270125_CUS_ JamesJean_Maze_25 - Announcement (missouts),2025-01-28 16:00:16,JamesJean_Maze_25,1031,376,107,1
AUT_INSIDERSEA - New Welcome to Insiders,2025-01-28 15:40:42,INSIDERSEA,847,431,29,1
280125_CUS_ AiWeiwei_Snake_25 - Early Access (Artist SUs),2025-01-28 15:23:27,AiWeiwei_Snake_25,7306,1777,385,17
280125_CUS_ AiWeiwei_Snake_25 - Early Access (Dragon purchasers),2025-01-28 15:03:03,AiWeiwei_Snake_25,923,373,105,0
AUT_ AiWeiwei_Snake_25 - Early Access,2025-01-28 14:47:25,AiWeiwei_Snake_25,3115,854,423,35
AUT_BarryMcge_TL2_25 - Deepdive (Make-Ready),2025-01-28 13:13:50,BarryMcge_TL2_25,1201,417,203,6
AUT_JamesJean_Maze_25 - Missed launch (+ survey),2025-01-27 18:04:32,GraysonPE_Magical_24,14,7,3,0
270125_CUS_Multiple_Amphorae_24 - Last chance (missed),2025-01-27 17:43:58,Multiple_Amphorae_24,0,0,0,0
AUT_DanielleM_Sand_25 - Non-purchasers Survey,2025-01-27 17:03:28,DanielleM_Sand_25,8129,1718,291,140
270125_CUS_Multiple_Amphorae_24 - Last chance,2025-01-27 17:00:32,Multiple_Amphorae_24,2063,607,149,22
270125_CUS_ JamesJean_Maze_25 - Announcement (unengaged),2025-01-27 16:27:46,JamesJean_Maze_25,26556,539,150,56
270125_CUS_ JamesJean_Maze_25 - Announcement (new signups since Jan 2025),2025-01-27 16:22:44,JamesJean_Maze_25,11974,2008,99,267
270125_GEN_ JamesJean_Maze_25 - Announcement,2025-01-27 16:15:30,JamesJean_Maze_25,32094,10016,1238,85
270125_CUS_AiWeiwei_Snake_25 - Deepdive 3 Legend of the white snake,2025-01-27 15:56:12,AiWeiwei_dragon_24,3029,612,68,31
AUT_AiWeiwei_Snake_25 - Deepdive 3 Legend of the white snake,2025-01-27 15:49:10,AiWeiwei_dragon_24,0,0,0,0
AUT_ JamesJean_Maze_25 - Signup Acknowledgement,2025-01-27 12:56:49,JamesJean_Maze_25,2257,580,79,20
AUT_DanielleM_Sand_25 - Final Edition Size,2025-01-24 16:04:46,DanielleM_Sand_25,931,529,185,2
AUT_BarryMcge_TL2_25 - Deepdive (Motif Artwork),2025-01-24 16:01:52,BarryMcge_TL2_25,1209,418,190,2
230125_CUS_DanielleM_Sand_25 - (Now Live) (Out of flow) (50% actives - B),2025-01-23 20:07:53,DanielleM_Sand_25,17818,4810,808,58
230125_CUS_DanielleM_Sand_25 - (Now Live) (Out of flow) (50% actives),2025-01-23 18:33:39,DanielleM_Sand_25,18158,4871,799,61
230125_CUS_DanielleM_Sand_25 - (Now Live) (Out of flow)(Artist signups),2025-01-23 18:33:05,DanielleM_Sand_25,582,232,136,2
AUT_DanielleM_Sand_25 - First-time purchaser survey,2025-01-23 17:52:35,DanielleM_Sand_25,836,500,181,2
230125_CUS_BarryMcge_TL2_25 - Announcement (Unengaged),2025-01-23 16:27:19,BarryMcge_TL2_25,24631,496,170,45
AUT_DanielleM_Sand_25_Now Live - Flow,2025-01-23 12:06:23,DanielleM_Sand_25,11745,3159,2132,117
220124_Collector_Research_Interviews_25 (Elin),2025-01-22 17:00:42,Collector_Research_Interviews_24,207,55,4,2
220124_CUS_SALES Curtis - February Monthly Preview,2025-01-22 14:00:42,MONTHLYPREV,165,63,32,0
220124_CUS_SALES Sofiya - February Monthly Preview,2025-01-22 14:00:59,MONTHLYPREV,85,67,53,0
220125_CUS_SALES No Advisor (Sam) - February Monthly Preview,2025-01-22 14:00:21,MONTHLYPREV,732,327,213,0
AUT_DanielleM_Sand_25 - TL 24 hours before launch,2025-01-22 10:19:19,DanielleM_Sand_25,11106,2247,816,67
AUT_ AiWeiwei_Snake_25 - Deepdive (Snake in Weiwei's work),2025-01-22 09:41:33,AiWeiwei_Snake_25,5570,1179,198,48
AUT_BarryMcge_TL2_25 - Missed launch,2025-01-21 15:41:59,BarryMcge_TL2_25,71,27,5,0
AUT_BarryMcge_TL2_25 - Non-purchasers Survey,2025-01-21 15:41:34,BarryMcge_TL2_25,1403,352,117,10
AUT_BarryMcge_TL2_25 - Half Way,2025-01-21 15:38:39,BarryMcge_TL2_25,1560,356,163,3
AUT_BarryMcge_TL2_25 - (Now Live),2025-01-21 15:37:07,BarryMcge_TL2_25,1755,606,385,8
210125_GEN_BarryMcge_TL2_25 - Announcement (General all time),2025-01-21 14:00:34,BarryMcge_TL2_25,33092,9838,1792,93
210125_CUS_BarryMcge_TL2_25 - Announcement (General New 2025),2025-01-21 14:00:50,BarryMcge_TL2_25,12344,2043,150,174
210125_CUS_BarryMcge_TL2_25 - Announcement (Zerobounce exclusions np),2025-01-21 14:00:39,BarryMcge_TL2_25,1253,165,27,0
210125_CUS_BarryMcge_TL2_25 - Announcement (Zerobounce exclusions pp),2025-01-21 14:00:57,BarryMcge_TL2_25,628,155,44,1
200125_CUS_WillCotto_Unicorn_25 - Announcement,2025-01-20 14:00:34,WillCotto_Unicorn_25,5890,1185,137,26
AUT_DanielleM_Sand_25 - Last chance,2025-01-20 11:13:58,DanielleM_Sand_25,10878,1958,738,89
AUT_DanielleM_Sand_25 - Missed launch,2025-01-20 11:12:24,DanielleM_Sand_25,69,37,7,1
170125_TakuObata_Resin_25 - Insiders (Sam),2025-01-17 14:00:32,INSIDERSEA,461,209,62,0
170125_TakuObata_Resin_25 - Insiders (Curtis),2025-01-17 14:00:51,INSIDERSEA,72,20,8,0
170125_TakuObata_Resin_25 - Insiders (Sofiya),2025-01-17 14:00:18,INSIDERSEA,37,25,9,0
AUT_ AiWeiwei_Snake_25 - Deepdive Make-Ready,2025-01-17 13:49:08,AiWeiwei_Snake_25,1219,272,36,10
AUT_ BarryMcge_TL2_25 - Signup Acknowledgement,2025-01-17 12:38:31,BarryMcge_TL2_25,1974,661,165,6
AUT_BarryMcgo_TL2_25 - Welcome - general (email 1),2025-01-17 12:34:14,welcome_emails_24,1381,324,52,19
160125_CUS_TakuObata_Resin_25 (Announcement) (Test A Pre-order) (Japan),2025-01-16 23:00:49,TakuObata_Resin_25,457,136,40,0
160125_CUS_TakuObata_Resin_25 (Announcement) (Test B Enter the draw) (Japan),2025-01-16 22:30:45,TakuObata_Resin_25,472,128,27,2
160125_ DanielleM_Sand_25 - Early Access (Paid group test),2025-01-16 16:00:12,DanielleM_Sand_25,950,365,173,6
160125_CUS_WillCotto_Unicorn_25 - Early Access,2025-01-16 14:05:11,WillCotto_Unicorn_25,2046,508,119,4
160125_CUS_TakuObata_Resin_25 (Announcement) (Test B Enter the draw),2025-01-16 14:00:59,TakuObata_Resin_25,4184,828,128,9
160125_TakuObata_Resin_25 (Announcement ) (Test A Pre-order),2025-01-16 14:00:02,TakuObata_Resin_25,4174,811,147,6
150125_CUS_GeorgeCondo_Model_25 - Announcement (general),2025-01-15 17:00:04,GeorgeCondo_Model_25,68725,12742,2591,264
AUT_DanielleM_Sand_25 - Deepdive 2,2025-01-15 16:20:32,DanielleM_Sand_25,7223,1553,243,43
AUT_DanielleM_Sand_25 - Deepdive 3,2025-01-15 11:28:54,DanielleM_Sand_25,9340,1890,170,80
AUT_TRNS_GeorgeCondo_Model_25 - Form (Email 1) (DO NOT CLONE TRANSACTIONAL),2025-01-15 11:13:28,GeorgeCondo_Model_25,196,160,141,0
AUT_TRNS_GeorgeCondo_Model_25 - Form (Email 3) (DO NOT CLONE TRANSACTIONAL),2025-01-15 11:13:25,GeorgeCondo_Model_25,58,43,35,0
150125_CUS_ GeorgeCondo_Model_25 - Announcement 1 (Sam),2025-01-15 11:00:05,GeorgeCondo_Model_25,418,286,217,1
150125_CUS_ GeorgeCondo_Model_25 - Announcement 3 (Sam),2025-01-15 11:00:53,GeorgeCondo_Model_25,104,51,35,0
150125_CUS_ GeorgeCondo_Model_25 - Announcement 3 (Curtis),2025-01-15 11:00:46,GeorgeCondo_Model_25,3,2,0,1
150125_CUS_ GeorgeCondo_Model_25 - Announcement 3 (Sofiya),2025-01-15 11:00:45,GeorgeCondo_Model_25,8,7,7,0
150125_CUS_ GeorgeCondo_Model_25 - Announcement 1 (Sofiya),2025-01-15 11:00:04,GeorgeCondo_Model_25,14,14,10,0
150125_CUS_ GeorgeCondo_Model_25 - Announcement 1 (Curtis),2025-01-15 11:00:31,GeorgeCondo_Model_25,4,3,3,0
AUT_TRNS_GeorgeCondo_Model_25 - Form (Email 2) (DO NOT CLONE TRANSACTIONAL),2025-01-15 09:16:27,GeorgeCondo_Model_25,174,99,3,0
130125_TakuObata_Resin_25 - Early Access (Japanese),2025-01-14 02:00:02,TakuObata_Resin_25,1098,506,288,0
130125_DanielleM_Sand_25 - Deepdive 1,2025-01-13 17:30:27,DanielleM_Sand_25,3966,763,210,34
130125_TakuObata_Resin_25 - Early Access,2025-01-13 14:05:25,TakuObata_Resin_25,2533,749,229,8
131225_CUS_Multiple_Amphorae_24 - (Sustain for Harland Miller),2025-01-13 14:00:47,Multiple_Amphorae_24,4961,1140,284,31
131225_CUS_Multiple_Amphorae_24 - (Sustain for Adam Pendleton),2025-01-13 14:00:47,Multiple_Amphorae_24,2429,585,118,10
131225_CUS_Multiple_Amphorae_24 - (Sustain for Josh Smith),2025-01-13 14:00:59,Multiple_Amphorae_24,560,147,14,0
100125_CUS_AiWeiwei_Snake_25 - Announcement (Dragon Variant),2025-01-10 16:15:19,AiWeiwei_Snake_25,990,479,254,0
100125_GEN_AiWeiwei_Snake_25 - Announcement (Out of flow),2025-01-10 15:43:31,AiWeiwei_Snake_25,64449,12110,3147,224
AUT_AiWeiwei_Snake_25 - Missed launch,2025-01-10 13:41:23,AiWeiwei_Snake_25,26,10,1,0
AUT_ JamesJean_Maze_25 - Signup Acknowledgement (New to AA),2025-01-09 09:29:38,JamesJean_Maze_25,0,0,0,0
AUT_ AiWeiwei_Snake_25 - Last chance,2025-01-08 14:37:14,AiWeiwei_Snake_25,2652,497,121,36
AUT_ AiWeiwei_Snake_25 - Half Way,2025-01-08 14:34:30,AiWeiwei_Snake_25,2961,491,149,21
AUT_ AiWeiwei_Snake_25 - NOW LIVE,2025-01-08 14:30:55,AiWeiwei_Snake_25,3036,733,376,37
TEST_TRNS_ TEST - Form (DO NOT CLONE),2025-01-07 14:26:10,GeorgeCondo_Model_25,3,1,0,0
AUT_ AiWeiwei_Snake_25 - Non-purchasers Survey,2025-01-07 13:41:57,AiWeiwei_Snake_25,0,0,0,0
AUT_ AiWeiwei_Snake_25 - Signup Acknowledgement,2025-01-07 13:13:40,AiWeiwei_Snake_25,3130,815,117,52
AUT_DanielleM_Sand_25 - Deepdive 1,2025-01-07 11:29:21,DanielleM_Sand_25,2853,857,287,24
AUT_ DanielleM_Sand_25 - Early Access (flow),2025-01-06 18:07:33,DanielleM_Sand_25,0,0,0,0
060125_CUS_DanielleM_Sand_25 - TL Announcement (Zerobounce exclusions),2025-01-06 17:05:47,DanielleM_Sand_25,1914,399,79,11
060125_GEN_DanielleM_Sand_25 - TL Announcement,2025-01-06 17:03:31,DanielleM_Sand_25,59103,11843,2317,181
030125_GEN_Complete your collector profile (80% of GEN),2025-01-03 16:20:29,Survey_Completion,48994,9349,1866,201
AUT_DanielleM_Sand_25 - Half Way,2025-01-03 14:19:22,DanielleM_Sand_25,11176,1917,731,83
AUT_DanielleM_Sand_25 - Signup Acknowledgement (flow),2025-01-03 13:30:14,DanielleM_Sand_25,11218,2991,478,125
030125_CUS_Complete your collector profile (20% of GEN),2025-01-03 11:30:41,Survey_Completion,12257,2388,456,48
030125_CUS_Complete your collector profile (internal test) (Clone) (Clone),2025-01-03 11:03:53,Survey_Completion,4,4,2,0
030125_CUS_Complete your collector profile (internal test) (Clone),2025-01-03 10:54:03,Survey_Completion,2,2,1,0
030125_CUS_Complete your collector profile (internal test),2025-01-03 10:44:01,Survey_Completion,4,4,3,0
181224_CUS_Multiple_Amphorae_24 - Skip the Draw Pair Access,2024-12-18 15:00:00,Multiple_Amphorae_24,19,9,0,0
181224_CUS_SALES Sofiya - End of year newsletter,2024-12-18 14:00:00,MONTHLYPREV,88,47,0,0
181224_CUS_SALES Curtis - End of year newsletter,2024-12-18 14:00:00,MONTHLYPREV,171,59,0,0
181224_CUS_SALES Sam - End of year newsletter,2024-12-18 14:00:00,MONTHLYPREV,763,266,4,1
AUT_JamesJean_Maze_25 - Deepdive (Generic),2024-12-17 17:15:43,JamesJean_Maze_25,124,46,8,0
"AUT_JamesJean_Maze_25 - Signup Acknowledgement (Email 1) (cryptic images, No dates)",2024-12-17 17:14:29,JamesJean_Maze_25,68,41,11,0
"AUT_JamesJean_Maze_25 - Signup Acknowledgement (Email 1) (cryptic images, No dates) (New to AA)",2024-12-17 17:12:09,JamesJean_Maze_25,52,12,0,0
AUT_JamesJean_Maze_24 - Welcome - general (email 2),2024-12-17 15:14:04,welcome_emails_24,1500,295,24,14
161224_GEN_SURVEY - Whitepaper v2,2024-12-17 13:30:00,whitepaper_24,12076,2086,192,68
131224_CUS_AiWeiwei_TondoWood_24 - New Collector Survey,2024-12-13 14:00:00,AiWeiwei_TondoWood_24,78,51,19,0
121224_GEN_ChristmasEmail_24 (ZB exclusions),2024-12-12 17:15:23,Multiple_Amphorae_24,4119,613,113,8
121224_GEN_ChristmasEmail_24,2024-12-12 17:13:14,Multiple_Amphorae_24,57374,8790,1323,153
111224_CUS_Multiple_Amphorae_24 - Announcement (Claire miss outs),2024-12-11 14:40:34,Multiple_Amphorae_24,1023,373,106,9
101224_GEN_Multiple_Amphorae_24 - Announcement,2024-12-10 17:00:00,Multiple_Amphorae_24,50422,7445,1202,166
101224_CUS_Multiple_Amphorae_24 - Announcement,2024-12-10 17:00:00,Multiple_Amphorae_24,13477,2712,508,45
101224_CUS_ClaireTab_Tapestry_24 - Last chance,2024-12-10 14:45:00,AiWeiwei_TondoWood_24,937,377,111,4
091224_CUS_AiWeiwei_TondoWood_24 - Last chance,2024-12-09 14:00:00,AiWeiwei_TondoWood_24,7212,1945,300,20
061224_CUS _Multiple_Amphorae_24 - Early Access,2024-12-06 14:00:00,Multiple_Amphorae_24,2184,852,369,1
051224_CUS_SALES Curtis - December Monthly Preview,2024-12-05 14:00:00,MONTHLYPREV,173,68,34,0
051224_CUS_SALES No Advisor (Sam) - December Monthly Preview,2024-12-05 14:00:00,MONTHLYPREV,732,350,171,0
051224_CUS_SALES Sofiya - December Monthly Preview,2024-12-05 14:00:00,MONTHLYPREV,88,67,49,0
041224_AiWeiwei_Tondo_24 - Deepdive,2024-12-04 16:15:00,AiWeiwei_TondoWood_24,9544,2649,534,28
021224_Collector_Research_Interviews_24 (Elin),2024-12-03 11:15:00,Collector_Research_Interviews_24,221,69,6,2
011224_CUS_JoseParla_America_24 - Last chance,2024-12-01 14:00:00,JoseParla_America_24,2559,1015,386,6
281024_AiWeiwei_TondoWood_24 - General Content,2024-11-28 14:00:00,AiWeiwei_TondoWood_24,61619,10034,1007,176
TEST251124_CUS_Wookukwo_PairLE_24 - Non-purchasers Survey,2024-11-27 09:39:47,Wookukwo_PairLE_24,1,1,1,0
261124_CUS_ Kukwon_Woo_missouts_cross_sell,2024-11-26 11:00:00,PaulInsec_JunkShop_24,114,38,1,0
Collector_Research_Interviews_24,2024-11-26 10:15:00,Collector_Research_Interviews_24,211,43,3,4
221124_CUS_Wookukwo_PairLE_24 - First-time purchaser survey,2024-11-22 14:37:40,Wookukwo_PairLE_24,30,21,10,0
151124_INS_Aiweiwei_TondoWood_24 - Insiders exclusive Access (Curtis),2024-11-22 14:20:00,INSIDERSEA,143,38,7,0
151124_INS_Aiweiwei_TondoWood_24 - Insiders Exclusive Access (Sofiya),2024-11-22 14:20:00,INSIDERSEA,60,35,12,0
151124_INS_Aiweiwei_TondoWood_24 - Insiders Exclusive Access (Sam),2024-11-22 14:20:00,INSIDERSEA,235,86,26,0
201124_CUS_AiWeiwei_TondoWood_24 - Announcement (Test B - Weiwei & Claire),2024-11-20 14:03:00,AiWeiwei_TondoWood_24,26643,4709,1164,62
201124_CUS_AiWeiwei_TondoWood_24 - Announcement (Test A Weiwei only),2024-11-20 14:03:00,AiWeiwei_TondoWood_24,26649,4797,1072,69
201124_CUS_ClaireTab_Tapestry_24 - Announcement (Test A - Claire only),2024-11-20 14:03:00,ClaireTab_Tapestry_24,4965,1082,225,10
201124_CUS_ClaireTab_Tapestry_24 - Announcement (Test B - Claire & Weiwei),2024-11-20 14:03:00,ClaireTab_Tapestry_24,5054,1094,241,9
181124_CUS_ClaireTab_Tapestry_24 - Early Access (Test A Claire only) (Crossover group),2024-11-18 14:35:00,ClaireTab_Tapestry_24,119,56,35,0
181124_CUS_ClaireTab_Tapestry_24 - Early Access (Test B Claire & Ai Weiwei) (Crossover group),2024-11-18 14:35:00,ClaireTab_Tapestry_24,112,65,40,0
181124_CUS_AiWeiwei_TondoWood_24 - Early Access (Test A Ai Weiwei CCTV miss outs),2024-11-18 14:36:00,AiWeiwei_TondoWood_24,41,23,11,0
181124_CUS_AiWeiwei_TondoWood_24 - Early Access (Test B Ai Weiwei CCTV miss outs with Claire),2024-11-18 14:15:00,AiWeiwei_TondoWood_24,40,24,16,0
181124_CUS_AiWeiwei_TondoWood_24 - Early Access (Test A Ai Weiwei only),2024-11-18 14:05:00,AiWeiwei_TondoWood_24,5130,1860,857,16
181124_CUS_AiWeiwei_TondoWood_24 - Early Access (Test B Ai Weiwei & Claire),2024-11-18 14:05:00,AiWeiwei_TondoWood_24,5143,1712,808,16
181124_CUS_ClaireTab_Tapestry_24 - Early Access (Test A Claire only),2024-11-18 14:05:00,ClaireTab_Tapestry_24,1332,443,176,2
181124_CUS_ClaireTab_Tapestry_24 - Early Access (Test B Claire & Ai Weiwei),2024-11-18 14:05:00,ClaireTab_Tapestry_24,1304,425,146,4
151124_INS_JoseParla_America_24 - Insiders Early Access (Curtis),2024-11-15 14:00:00,INSIDERSEA,143,47,18,0
151124_INS_JoseParla_America_24 - Insiders Early Access (Sofiya),2024-11-15 14:00:00,INSIDERSEA,56,33,13,0
151124_INS_JoseParla_America_24 - Insiders Early Access (Sam),2024-11-15 14:00:00,INSIDERSEA,566,204,62,1
131124_CUS_JoseParla_America_24 - Announcement (Enter the draw) test B,2024-11-13 14:05:00,JoseParla_America_24,29403,5186,698,104
111124_CUS_JoseParla_America_24 - Announcement (Apply for pre-order) test A,2024-11-11 14:00:00,JoseParla_America_24,29424,5370,646,136
071124_CUS_AiWeiwei_CCTV_24 - First-time purchaser survey,2024-11-07 14:00:00,AiWeiwei_CCTV_24,45,30,14,0
071124_CUS_JoseParla_America_24 - Early Access,2024-11-07 14:00:00,JoseParla_America_24,3110,1389,767,2
311024_CUS_SALES Parra Draw Results,2024-11-01 10:00:00,PietParra_Repeat_24,163,77,1,1
301024_JackKaido_ICYMI_24 - Last chance to enter draw,2024-10-30 14:00:00,JackKaido_ICYMI_24,7919,1075,124,15
301024_CUS_SALES Curtis - November Monthly Preview,2024-10-30 14:00:00,MONTHLYPREV,176,79,53,0
301024_CUS_SALES No Advisor (Sam) - November Monthly Preview,2024-10-30 14:00:00,MONTHLYPREV,734,375,225,0
301024_CUS_SALES Sofiya - November Monthly Preview,2024-10-30 14:00:00,MONTHLYPREV,87,67,53,0
301024_CUS_GraysonPE_Magical_24 - Framing upsell (No discount),2024-10-30 09:00:00,GraysonPE_Magical_24,112,69,41,0
301024_CUS_GraysonPE_Magical_24 - Framing upsell (20% discount),2024-10-30 09:00:00,GraysonPE_Magical_24,109,68,42,0
291024_CUS_Grayson_Magical_24 - Last chance (Kukwon Woo exclusions),2024-10-29 09:00:00,GraysonPE_Magical_24,517,142,31,1
281024_CUS_GraysonPE_Magical_24 - Framing upsell (No discount),2024-10-28 14:30:00,GraysonPE_Magical_24,181,102,66,0
281024_CUS_GraysonPE_Magical_24 - Framing upsell (20% discount),2024-10-28 14:30:00,GraysonPE_Magical_24,180,99,65,0
281024_CUS_Wookukwo_PairLE_24 - Announcement (Korean) (Test B),2024-10-28 14:15:00,Wookukwo_PairLE_24,746,223,122,0
281024_CUS_Wookukwo_PairLE_24 - Announcement (Discover the edition) test B,2024-10-28 14:15:00,Wookukwo_PairLE_24,3762,884,172,3
281024_CUS_Grayson_Magical_24 - Last chance (Campaign engagers),2024-10-28 14:00:00,GraysonPE_Magical_24,2944,1040,259,7
281024_CUS_Grayson_Magical_24 - Last Chance (UK database),2024-10-28 14:00:00,GraysonPE_Magical_24,7249,1320,373,42
141024_CUS_PietParra_Repeat_24 - First-time purchaser survey,2024-10-28 11:10:00,PietParra_Repeat_24,113,68,31,0
AUT_Grayson_Magical_24 - Last chance,2024-10-28 10:08:39,GraysonPE_Magical_24,2135,503,217,12
271024_AiWeiwei_CCTV_24 - Deepdive,2024-10-27 10:00:00,AiWeiwei_dragon_24,61282,10984,1151,164
241024_CUS_Wookukwo_PairLE_24 - Announcement (Korean),2024-10-24 14:22:00,Wookukwo_PairLE_24,744,209,101,1
241024_CUS_Wookukwo_PairLE_24 - Announcement (Discover the edition),2024-10-24 14:15:00,Wookukwo_PairLE_24,3762,845,161,14
AUT_GraysonPE_Magical_24 - Framing upsell (No discount) (V2),2024-10-24 09:20:19,GraysonPE_Magical_24,0,0,0,0
AUT_GraysonPE_Magical_24 - Framing upsell (20% discount) (v2),2024-10-24 09:19:34,GraysonPE_Magical_24,0,0,0,0
231024_CUS_AlphaCent_Multiple_24 - Last Hour (Edition of 30),2024-10-23 18:00:00,AlphaCent_Multiple_24,1698,354,103,3
231024_CUS_Wookukwo_PairLE_24 - Early Access (Korean) (ALL Korean users),2024-10-23 16:12:34,Wookukwo_PairLE_24,1287,565,284,2
231024_CUS_Wookukwo_PairLE_24 - Early Access (Korean),2024-10-23 14:10:00,Wookukwo_PairLE_24,152,96,77,0
231024_CUS_Wookukwo_PairLE_24 - Early Access,2024-10-23 14:10:00,Wookukwo_PairLE_24,1654,700,199,2
231024_CUS_AlphaCent_Multiple_24 - Last Chance (Edition of 30) (Out of flow NFT interest)),2024-10-23 14:00:00,AlphaCent_Multiple_24,6912,954,146,23
231024_PietParra_Repeat_24 - Last chance to enter draw,2024-10-23 14:00:00,PietParra_Repeat_24,2726,1033,350,3
AUT_AlphaCent_Multiple_24 - Last Chance (Edition of 30),2024-10-23 09:41:28,AlphaCent_Multiple_24,245,85,22,0
AUT_GraysonPE_Magical_24 - Framing upsell (20% discount),2024-10-22 16:29:32,GraysonPE_Magical_24,94,53,31,0
AUT_GraysonPE_Magical_24 - Framing upsell (No discount),2024-10-22 16:29:29,GraysonPE_Magical_24,93,53,26,0
221024_GEN_GraysonPE_Magical_24 - Now live,2024-10-22 14:05:00,GraysonPE_Magical_24,58653,11201,1910,154
AUT_GraysonPE_Magical_24 - First-time purchaser survey,2024-10-22 11:53:47,GraysonPE_Magical_24,899,486,174,4
AUT_GraysonPE_Magical_24 - Final Edition Size,2024-10-22 11:52:41,GraysonPE_Magical_24,770,435,191,0
AUT_AlphaCent_Multiple_24 - Half-way (Edition of 30),2024-10-22 10:55:52,AlphaCent_Multiple_24,245,101,48,0
AUT_GraysonPE_Magical_24 - Deepdive (3 Make Ready),2024-10-22 09:25:04,GraysonPE_Magical_24,2213,609,236,13
AUT_GraysonPE_Magical_24 - Deepdive (2 CAS),2024-10-22 09:22:27,GraysonPE_Magical_24,2252,661,225,14
211024_INS_GraysonPE_Magical_24 - Insiders Early Access (Sam),2024-10-21 16:00:00,INSIDERSEA,150,53,22,0
211024_INS_GraysonPE_Magical_24 - Insiders Early Access (Curtis),2024-10-21 16:00:00,INSIDERSEA,32,15,3,0
211024_INS_GraysonPE_Magical_24 - Insiders Early Access (Sofiya),2024-10-21 16:00:00,INSIDERSEA,8,5,2,0
211024_CUS_MiwaKomat_WhiBla_24 - Announcement,2024-10-21 14:15:00,MiwaKomat_WhiBla_24,6000,2140,290,13
171024_GEN_GraysonPE_Magical_24 - Announcement (NFT group that missed out),2024-10-21 14:00:00,GraysonPE_Magical_24,1065,233,12,8
AUT_GraysonPE_Magical_24 - Deepdive (1 Artwork),2024-10-21 12:26:54,GraysonPE_Magical_24,1771,716,334,6
AUT_GraysonPE_Magical_24 - Now live,2024-10-21 11:20:21,GraysonPE_Magical_24,2490,1397,1068,6
201024_CUS_AlphaCent_Multiple_24 - Now live (Edition) Last Chance (1of1s),2024-10-20 19:00:00,AlphaCent_Multiple_24,7072,1221,311,14
AUT_AlphaCent_Multiple_24 - Half-way (1of1s),2024-10-18 16:18:04,AlphaCent_Multiple_24,249,121,70,1
181024_CUS_Matsuyama - Exhibition Info,2024-10-18 14:00:00,,2197,460,26,5
181024_CUS_MiwaKomat_WhiBla_24 - Early Access,2024-10-18 14:00:00,MiwaKomat_WhiBla_24,3914,1772,568,5
230924_INS_AiWeiei_CCTV_24 - Insiders Early Access (Curtis),2024-10-18 14:00:00,INSIDERSEA,104,53,16,0
230924_INS_AiWeiei_CCTV_24 - Insiders Early Access (Sofiya),2024-10-18 14:00:00,INSIDERSEA,54,31,16,0
230924_INS_AiWeiei_CCTV_24 - Insiders Early Access (Sam),2024-10-18 14:00:00,INSIDERSEA,378,114,33,0
AUT_AlphaCent_Multiple_24 - Now live (Edition) Last Chance (1of1s),2024-10-18 12:51:45,AlphaCent_Multiple_24,249,129,72,0
171024_CUS_AiWeiwei_CCTV_24 - Skip the draw,2024-10-18 12:00:00,AiWeiwei_CCTV_24,20,12,9,0
171024_GEN_AlphaCent_Multiple_24 - Now live,2024-10-17 19:00:00,AlphaCent_Multiple_24,7056,1164,364,8
161024_GEN_INBOX_PLACEMENT_TEST,2024-10-17 15:58:09,GraysonPE_Magical_24,17,0,0,0
161024_GEN_INBOX_PLACEMENT_TEST (Clone),2024-10-17 15:59:39,GraysonPE_Magical_24,17,0,0,0
171024_GEN_GraysonPE_Magical_24 - Announcement (Test A) (Unengaged)),2024-10-17 15:45:00,GraysonPE_Magical_24,11161,228,84,16
171024_GEN_GraysonPE_Magical_24 - Announcement (Test B) (Unengaged),2024-10-17 15:45:00,GraysonPE_Magical_24,11098,207,56,15
171024_GEN_GraysonPE_Magical_24 - Announcement (Test A),2024-10-17 15:25:00,GraysonPE_Magical_24,15961,4682,851,53
171024_GEN_GraysonPE_Magical_24 - Announcement (Test B),2024-10-17 14:15:00,GraysonPE_Magical_24,15917,4501,731,55
AUT_Grayson_Magical_24 - Non-purchasers Survey,2024-10-17 12:22:17,GraysonPE_Magical_24,2067,509,151,19
AUT_AlphaCent_Multiple_24 - Now live,2024-10-17 10:43:45,AlphaCent_Multiple_24,231,124,85,0
171024_CUS_PietParra_Repeat_24 - Skip the Draw Pair Access,2024-10-17 10:00:00,PietParra_Repeat_24,87,55,38,0
AUT_AlphaCent_Multiple_24 - Extra info,2024-10-16 16:31:51,AlphaCent_Multiple_24,226,117,34,0
141024_CUS_JohnsonTs_Moments_24 - First-time purchaser survey,2024-10-16 15:00:00,JohnsonTs_Moment_24,134,90,38,0
161024_CUS_Beeple_Tree_24 - First-time purchaser survey (singles only),2024-10-16 14:45:00,Beeple_Tree_24,185,122,39,2
161024_CUS_JackKaido_ICYMI_24 - Announcement,2024-10-16 14:30:00,JackKaido_ICYMI_24,7366,1320,307,25
151024_CUS_Beeple_Tree_24 - Second-time purchaser survey (triptych only),2024-10-16 09:01:13,Beeple_Tree_24,55,42,31,0
151024_GEN_AiWeiwei_CCTV_24 - Announcement (test A) (Unengaged),2024-10-15 17:24:34,AiWeiwei_CCTV_24,12383,391,185,28
151024_GEN_AiWeiwei_CCTV_24 - Announcement (Test B) (Unengaged),2024-10-15 17:23:48,AiWeiwei_CCTV_24,12436,482,242,29
151024_GEN_AiWeiwei_CCTV_24 - Announcement (test B),2024-10-15 15:15:00,AiWeiwei_CCTV_24,17128,5803,1729,62
151024_GEN_AiWeiwei_CCTV_24 - Announcement (test A),2024-10-15 15:15:00,AiWeiwei_CCTV_24,17244,5898,1471,73
AUT_GraysonPE_Magical_24 - Missed launch,2024-10-15 11:20:46,GraysonPE_Magical_24,119,61,6,1
AUT_GraysonPE_Magical_24 - Signup Acknowledgement (Email 1),2024-10-15 11:16:42,GraysonPE_Magical_24,2346,882,305,9
141024_CUS_Beeple_Tree_24 - First-time purchaser survey (triptych only) (missing contacts),2024-10-14 15:48:50,Beeple_Tree_24,3,3,2,0
141024_CUS_PietParra_Repeat_24 - Skip the Draw Pair Access (Sample),2024-10-14 14:15:00,PietParra_Repeat_24,28,17,8,0
141024_CUS_Beeple_Tree_24 - First-time purchaser survey (triptych only),2024-10-14 14:00:00,Beeple_Tree_24,62,37,12,1
AUT_AlphaCent_Multiple_24 - Deepdive,2024-10-11 09:42:59,AlphaCent_Multiple_24,286,139,66,2
AUT_Beeple_Tree_24 - Last chance,2024-10-10 14:06:22,Beeple_Tree_24,734,206,57,4
AUT_Beeple_Tree_24 - Half Way,2024-10-10 14:04:48,Beeple_Tree_24,747,185,47,3
101024_CUS_JohnsonTs_Moment_24 - 1 Left,2024-10-10 10:15:00,JohnsonTs_Moment_24,32,27,19,0
091024_CUS_Beeple_Tree_24 - Now live,2024-10-09 18:00:00,Beeple_Tree_24,8917,4385,841,33
AUT_Beeple_Tree_24 - Final Edition Size,2024-10-09 16:36:44,Beeple_Tree_24,0,0,0,0
AUT_Beeple_Tree_24 - Now live,2024-10-09 11:25:39,Beeple_Tree_24,786,282,130,3
CUS_Beeple_Tree_24 - Early Access Link Correction,2024-10-08 18:48:20,Beeple_Tree_24,61,46,36,1
230924_INS_Beeple_Tree_24 - Insiders Early Access (Curtis),2024-10-08 14:00:00,INSIDERSEA,112,54,10,0
081024_INS_Beeple_Tree_24 - Insiders Early Access (Sofiya),2024-10-08 14:00:00,INSIDERSEA,56,30,7,0
230924_INS_Beeple_Tree_24 - Insiders Early Access (Sam),2024-10-08 14:00:00,INSIDERSEA,430,217,46,0
081024_CUS_AiWeiwei_CCTV_24 - Early Access v2,2024-10-08 14:00:00,AiWeiwei_CCTV_24,4728,2259,953,33
081024_JohnsonTs_Moment_24 - Last chance to enter draw,2024-10-08 14:00:00,JohnsonTs_Moment_24,3055,1014,342,37
AUT_AlphaCent_Multiple_24 - Missed launch,2024-10-08 12:00:22,AlphaCent_Multiple_24,0,0,0,0
AUT_AlphaCent_Multiple_24 - Signup Acknowledgement (Email 1),2024-10-07 16:29:20,AlphaCent_Multiple_24,258,136,46,0
071024_GEN_AlphaCent_Multiple_24 - Announcement,2024-10-07 16:20:00,AlphaCent_Multiple_24,6445,2192,460,17
071024_CUS_AiWeiwei_CCTV_24 - Early Access,2024-10-07 14:15:00,AiWeiwei_CCTV_24,2468,1539,981,2
071024_CUS_SALES Curtis - October Monthly Preview,2024-10-07 12:00:00,MONTHLYPREV,175,80,42,0
071024_CUS_SALES No Advisor (Sam) - October Monthly Preview,2024-10-07 12:00:00,MONTHLYPREV,724,397,209,0
071024_CUS_SALES Sofiya - October Monthly Preview,2024-10-07 12:00:00,MONTHLYPREV,85,74,52,0
AUT_Beeple_Tree_24 - Deepdive,2024-10-04 16:18:05,Beeple_Tree_24,648,283,103,4
041024_INS_PietParra_repeat_24 - (Insiders early Access Curtis),2024-10-04 14:00:00,PietParra_Repeat_24,111,57,7,0
041024_CUS_PietParra_Repeat_24 - Announcement,2024-10-04 14:00:00,PietParra_Repeat_24,8876,2809,426,32
041024_INS_PietParra_repeat_24 - (Insiders Sofiya),2024-10-04 14:00:00,PietParra_Repeat_24,57,27,4,0
041024_INS_PietParra_repeat_24 - Insiders Early Access (Sam),2024-10-04 14:00:00,INSIDERSEA,449,242,41,0
011024_GEN_Beeple_Tree_24 - Announcement (out of flow) (non-engagers test),2024-10-03 17:14:28,Beeple_Tree_24,18273,569,219,41
011024_GEN_Beeple_Tree_24 - Announcement (out of flow),2024-10-03 17:00:00,Beeple_Tree_24,22840,6302,1088,107
AUT_Beeple_Tree_24 - Signup Acknowledgement (Email 1),2024-10-03 13:50:01,Beeple_Tree_24,842,340,50,3
AUT_Beeple_Tree_24 - First-time purchaser survey,2024-10-02 11:52:49,Beeple_Tree_24,0,0,0,0
AUT_Beeple_Tree_24 - Early Access (Email 3),2024-10-02 09:21:40,Beeple_Tree_24,807,438,243,9
AUT_Beeple_Tree_24 - Missed launch,2024-10-02 09:17:39,Beeple_Tree_24,26,13,0,0
AUT_Beeple_Tree_24 - Non-purchasers Survey,2024-10-02 09:14:58,Beeple_Tree_24,711,225,55,2
AUT_MichaelKa_F1_24 - (Drivers) Early Access (Email 3),2024-10-01 15:33:42,MichaelKa_F1_24,0,0,0,0
AUT_MichaelKa_F1_24 - (Drivers) Now live,2024-10-01 15:23:29,MichaelKa_F1_24,0,0,0,0
AUT_MichaelKa_F1_24 - (Drivers) last chance,2024-10-01 15:20:48,MichaelKa_F1_24,0,0,0,0
AUT_MichaelKa_F1_24 - Non-purchasers Survey,2024-10-01 15:11:06,MichaelKa_F1_24,0,0,0,0
AUT_MichaelKa_F1_24 - (Drivers) Missed launch,2024-10-01 15:09:33,MichaelKa_F1_24,0,0,0,0
011024_CUS_PietParra_Repeat_24 - Early Access (Dutch),2024-10-01 14:35:00,PietParra_Repeat_24,313,250,207,0
011024_CUS_PietParra_Repeat_24 - Early Access,2024-10-01 14:15:00,PietParra_Repeat_24,2580,1580,910,4
AUT_MickaelKa_F1_24 - (Racers) Signup Acknowledgement (email 1),2024-10-01 10:09:29,MichaelKa_F1_24,0,0,0,0
300924_TakuObata_BBoy_24 - Last chance to enter draw,2024-09-30 14:00:00,TakuObata_BBoy_24,6647,1860,186,15
300924_TakuObata_BBoy_24 - Last chance to enter draw (Japanese),2024-09-30 12:47:56,TakuObata_BBoy_24,866,470,115,0
AUT_Vhils_Timed_24 - First-time purchaser survey,2024-09-25 17:22:44,Vhils_Timed_24,187,116,46,1
AUT_Vhils_Timed_24 - (Blur & Dissipate) Missed launch,2024-09-25 10:12:55,Vhils_Timed_24,47,19,3,1
AUT_Vhils_Timed_24 - (Blur & Dissipate) last chance,2024-09-24 16:18:01,Vhils_Timed_24,823,235,78,2
AUT_Vhils_Timed_24 - (Blur & Dissipate) Half Way,2024-09-24 16:16:41,Vhils_Timed_24,829,240,76,1
240924_GEN_Vhils_Timed_24 - (Blur & Dissipate) Now live (Out of flow),2024-09-24 14:25:00,Vhils_Timed_24,33340,9826,1748,111
AUT_Vhils_Timed_24 - Final Edition Size,2024-09-24 14:14:51,Vhils_Timed_24,206,124,45,0
AUT_Vhils_Timed_24 - (Blur & Dissipate) Early Access (Email 3),2024-09-23 18:41:28,Vhils_Timed_24,639,424,303,1
230924_CUS_AiWeiwei_Multiple_24 - Exhibition Info,2024-09-23 16:15:00,AiWeiwei_dragon_24,7297,2182,209,34
230924_Tide_Sit_24 - Last chance to enter draw,2024-09-23 14:00:00,Tide_Sit_24,1055,467,106,3
230924_INS_Vhils_timed_24 - Insiders Early Access (Curtis),2024-09-23 14:00:00,INSIDERSEA,111,52,4,0
230924_INS_Vhils_timed_24 - Insiders Early Access (Sofiya),2024-09-23 14:00:00,INSIDERSEA,57,28,7,0
230924_INS_Vhils_timed_24 - Insiders Early Access (Sam),2024-09-23 14:00:00,INSIDERSEA,436,200,16,0
AUT_Vhils_Timed_24 - (Blur & Dissipate) Now live,2024-09-20 09:51:01,Vhils_Timed_24,876,350,209,2
CUS_Vhils_Timed_24 - (Blur) Early Access to LE (out of flow),2024-09-19 14:54:50,Vhils_Timed_24,6269,3057,1169,24
AUT_Vhils_Timed_24 - Deepdive,2024-09-19 09:04:29,Vhils_Timed_24,100,49,9,0
160924_CUS_AlphaCent_Multiple_24 - EVENT INVITE,2024-09-17 16:00:00,AlphaCent_Multiple_24,760,318,29,0
140924_GEN_Vhils_Timed_24 - (BLUR/DISSIPATE) Announcement,2024-09-16 15:30:00,Vhils_Timed_24,33357,9416,1250,168
AUT_Vhils_Timed_24 - (Blur & Dissipate) Signup Acknowledgement (Email 1),2024-09-16 13:02:06,Vhils_Timed_24,126,58,14,1
AUT_Vhils_Timed_24 - (Blur) - Half Way,2024-09-16 12:00:41,Vhils_Timed_24,0,0,0,0
090924_CUS_Complete Your Collector Profile,2024-09-13 16:49:02,Survey_Completion,4692,2183,867,15
"130924_CUS_AUDIENCE - Live & Launching (Johnson, Taku & Yoon)",2024-09-13 16:25:00,NEWSLETTER,26480,7248,1026,141
130924_INS_INSIDERSEA - (Sofiya) (Johnson and Taku),2024-09-13 15:15:00,INSIDERSEA,57,28,7,0
130924_INS_INSIDERSEA - (Sam) (Johnson and Taku),2024-09-13 15:15:00,INSIDERSEA,458,236,51,0
130924_INS_INSIDERSEA - (Curtis) (Johnson and Taku),2024-09-13 15:15:00,INSIDERSEA,110,56,16,0
AUT_Vhils_Timed_24 - (Blur) Missed launch,2024-09-13 15:05:48,Vhils_Timed_24,0,0,0,0
AUT_Vhils_Timed_24 - (Blur) Signup Acknowledgement,2024-09-13 14:35:26,Vhils_Timed_24,0,0,0,0
AUT_Vhils_Timed_24 - Non-purchasers Survey,2024-09-13 14:05:51,Vhils_Timed_24,873,295,88,3
AUT_Vhils_Timed_24 - (Blur) - Last chance,2024-09-13 12:19:56,Vhils_Timed_24,0,0,0,0
AUT_Vhils_Timed_24 - (Blur) Now live,2024-09-13 12:16:25,Vhils_Timed_24,0,0,0,0
120924_CUS_TakuObata_BBoy_24 - Announcement JP,2024-09-13 02:00:00,TakuObata_BBoy_24,947,390,96,0
120924_CUS_TakuObata_BBoy_24 - Announcement,2024-09-12 16:15:00,TakuObata_BBoy_24,5021,1435,173,17
AUT_AiWeiwei_dragon_24 - Email 6 (Half Way),2024-09-12 10:17:32,AiWeiwei_dragon_24,3528,731,245,29
110924_CUS_JohnsonTs_Moment_24 - Announcement,2024-09-11 17:45:00,JohnsonTs_Moment_24,2802,792,72,4
110924_CUS_JohnsonTs_Moment_24 - Announcement (Version A - with Yoon),2024-09-11 17:45:00,JohnsonTs_Moment_24,2778,757,75,5
100924_CUS_TakuObata_BBoy_24 - Early Access JP,2024-09-11 02:00:00,TakuObata_BBoy_24,128,96,53,0
100924_CUS_JohnsonTs_Moment_24 - Early Access,2024-09-10 14:00:00,JohnsonTs_Moment_24,2014,1019,435,7
100924_CUS_TakuObata_BBoy_24 - Early Access,2024-09-10 14:00:00,TakuObata_BBoy_24,1670,729,160,4
100924_IskraVeli_Eyeless_24 - Last chance to enter draw,2024-09-09 14:00:00,IskraVeli_Eyeless_24,278,135,18,0
090924_CUS_YoonHyup_Print_24 - Early Access (non-openers),2024-09-09 12:00:00,YoonHyup_Print_24,3393,1146,157,29
050924_CUS_Aiweiwei_dragon_24 - Framing upsell mistake,2024-09-05 16:25:00,AiWeiwei_dragon_24,186,81,4,0
050924_CUS_AiWeiwei_dragon_24 - Now live (non-flow),2024-09-05 14:01:00,AiWeiwei_dragon_24,52200,9561,2219,93
AUT_AiWeiwei_dragon_24 - Deepdive 2,2024-09-05 12:10:45,AiWeiwei_dragon_24,3551,1141,238,22
040924_CUS_CristinAd_Tentacula_24 - Now live,2024-09-04 17:20:56,CristinAd_Tentacula_24,157,74,38,0
040924_CUS_Tide_Sit_24 - Announcement v2 (draw open),2024-09-04 16:00:00,Tide_Sit_24,4014,1446,273,6
040924_INS_AiWeiwei_dragon_24 - Insiders Early Access (Curtis),2024-09-04 14:00:00,INSIDERSEA,142,70,22,0
040924_INS_AiWeiwei_dragon_24 - Insiders Early Access (Sofiya),2024-09-04 14:00:00,INSIDERSEA,61,33,13,0
040924_INS_AiWeiwei_dragon_24 - Insiders Early Access (Sam),2024-09-04 14:00:00,INSIDERSEA,548,236,76,1
AUT_AiWeiwei_dragon_24 - Early Access,2024-09-03 15:56:46,AiWeiwei_dragon_24,4016,2190,1368,23
020924_CUS_Dominique_Limited_24 - Early Access,2024-09-02 14:06:05,IskraVeli_Eyeless_24,815,358,131,7
CUS_Whitepaper v2 (Mickalene collectors follow up),2024-08-30 15:00:00,,570,105,20,2
CUS_Whitepaper v2 (Fundraising editions collectors follow up),2024-08-30 15:00:00,,4070,735,92,12
"300824_INS_INSIDERSEA - (Sam) (Tide, Yoon Hyup and Iskra Velitchkova)",2024-08-30 14:00:00,INSIDERSEA,445,230,64,0
"300824_INS_INSIDERSEA - (Curtis) (Tide, Yoon Hyup and Iskra Velitchkova)",2024-08-30 14:00:00,INSIDERSEA,99,51,18,0
"300824_INS_INSIDERSEA - (Sofiya) (Tide, Yoon Hyup and Iskra Velitchkova) (v.2)",2024-08-30 14:00:00,INSIDERSEA,57,30,13,0
310724_CUS_SALES Curtis - September Monthly Preview,2024-08-29 14:00:00,MONTHLYPREV,173,82,42,0
310724_CUS_SALES Sofiya - September Monthly Preview,2024-08-29 14:00:00,MONTHLYPREV,85,71,50,0
310724_CUS_SALES No Advisor (Sam) - September Monthly Preview,2024-08-29 14:00:00,MONTHLYPREV,713,354,201,0
300724_CUS_Tide_Sit_24 - Announcement,2024-08-29 11:00:00,Tide_Sit_24,5014,1447,361,6
290824_CUS_YoonHyup_Print_24 - Announcement,2024-08-29 10:00:00,YoonHyup_Print_24,6874,1954,363,38
300724_CUS_Tide_Sit_24 - Announcement (Japan),2024-08-29 02:00:00,Tide_Sit_24,667,297,113,0
280824_CUS_IskraVeli_Eyeless_24 - Announcement,2024-08-28 17:00:00,IskraVeli_Eyeless_24,1271,473,125,5
AUT_AiWeiwei_dragon_24 - Email 1 (Signup Acknowledgement),2024-08-28 16:27:41,AiWeiwei_dragon_24,4229,1372,282,19
270824_GEN_AiWeiwei_Dragon_24 - Announcement,2024-08-27 17:05:00,AiWeiwei_dragon_24,53123,11777,4579,130
260824_CUS_IskraVeli_Eyeless_24 - Early Access,2024-08-27 17:10:00,IskraVeli_Eyeless_24,850,422,123,3
270824_CUS_Tide_Sit_24 - Early Access (JP),2024-08-27 14:00:00,Tide_Sit_24,177,145,98,0
270824_CUS_Tide_Sit_24 - Early Access,2024-08-27 14:00:00,Tide_Sit_24,935,476,194,0
260824_AntonyMic_Print_24 - Last Chance to enter draw,2024-08-26 14:00:00,AntonyMic_Print_24,458,180,69,1
230824_CUS_YoonHyup_Print_24 - Early Access (to missouts),2024-08-23 15:00:00,YoonHyup_Print_24,324,231,171,0
230824_CUS_YoonHyup_Print_24 - Early Access (cross-sell),2024-08-23 15:00:00,YoonHyup_Print_24,3663,1966,705,2
230824_DanielM_Shelter_24 - Curtis' Insiders,2024-08-23 14:00:00,INSIDERSEA,108,62,10,0
230824_DanielM_Shelter_24 - Sofiyas' Insiders,2024-08-23 14:00:00,INSIDERSEA,58,31,13,0
230824_DanielM_Shelter_24 - Sams' Insiders,2024-08-23 14:00:00,INSIDERSEA,434,231,41,0
AUT_AiWeiwei_dragon_24 - Framing upsell,2024-08-23 14:00:53,AiWeiwei_dragon_24,747,377,129,1
22082024_GEN_SURVEY - Whitepaper v2 (wider send),2024-08-22 15:30:00,,23348,435,92,44
210824_CUS_DaniellM_Shelter_24 - Announcement,2024-08-21 14:00:00,DaniellM_Shelter_24,402,236,175,2
AUT_AiWeiwei_dragon_24 - Deepdive,2024-08-19 15:10:50,AiWeiwei_dragon_24,3050,937,384,24
19082024_GEN_SURVEY - Whitepaper v2,2024-08-19 13:00:00,,29525,8339,967,107
AUT_AiWeiwei_dragon_24 - Missed launch,2024-08-19 12:36:39,AiWeiwei_dragon_24,113,46,7,0
AUT_AiWeiwei_dragon_24 - Email 5 (Now live),2024-08-19 12:20:51,AiWeiwei_dragon_24,3677,1171,674,22
AUT_AiWeiwei_dragon_24 - Non-purchasers Survey,2024-08-19 12:10:39,AiWeiwei_dragon_24,3387,757,189,33
AUT_AiWeiwei_dragon_24 - Email 7 (last chance),2024-08-19 12:02:36,AiWeiwei_dragon_24,3478,723,260,26
AUT_AiWeiwei_dragon_24 - Post-purchase 1 (Final edition size check),2024-08-19 11:51:21,AiWeiwei_dragon_24,1024,589,221,1
AUT_AiWeiwei_dragon_24 - First-time purchaser survey,2024-08-19 11:21:38,AiWeiwei_dragon_24,815,480,162,5
150824_CUS_Slawn_UglyBast_24 - New Collector Survey,2024-08-15 14:00:00,Slawn_UglyBast_24,53,27,13,0
150824_CUS_PaulInsec_JunkShop_24 - New Collector Survey,2024-08-15 14:00:00,PaulInsec_JunkShop_24,19,11,6,0
"070824_CUS_Preview_Followup_Sam (clicked, no reply)",2024-08-14 14:00:00,,195,81,4,0
130824_CUS_WangZhibo_National_24 - Now Live,2024-08-13 14:30:00,WangZhibo_National_24,206,111,57,0
120824_CUS_HankWilli_onlybond_24 - missouts,2024-08-12 13:44:00,HankWilli_onlybond_24,9,2,0,0
090824_INS_INSIDERSEA - (Curtis),2024-08-09 14:30:00,INSIDERSEA,107,51,9,0
090824_INS_INSIDERSEA - (Sam),2024-08-09 14:30:00,INSIDERSEA,455,211,35,1
090824_INS_INSIDERSEA - (Sofiya),2024-08-09 14:30:00,INSIDERSEA,56,30,7,0
"AUT_HankWilli_onlybond_24 - Email 7 (Last, last chance)",2024-08-09 09:57:49,HankWilli_onlybond_24,659,166,61,2
AUT_HankWilli_onlybond_24 - Email 6 (Half Way),2024-08-08 18:46:59,HankWilli_onlybond_24,0,0,0,0
AUT_HankWilli_onlybond_24 - Email 8 (Correct Last chance),2024-08-08 18:28:41,HankWilli_onlybond_24,661,135,26,2
AUT_HankWilli_onlybond_24 - Email 1 (Signup Acknowledgement),2024-08-08 16:24:03,HankWilli_onlybond_24,79,33,8,0
070824_CUS_HankWilli_onlybond_24 - Email 5 (General Now live),2024-08-07 17:05:00,HankWilli_onlybond_24,24283,6949,930,59
AUT_HankWilli_onlybond_24 - Email 5 (Now live),2024-08-07 16:49:36,HankWilli_onlybond_24,662,229,117,1
AUT_HankWilli_onlybond - Post-purchase 1 (Final edition size check),2024-08-07 16:48:59,HankWilli_onlybond_24,227,108,47,0
AUT_HankWilli_onlybond_24 - Framing upsell,2024-08-07 16:39:05,HankWilli_onlybond_24,175,64,25,0
AUT_HankWilli_onlybond_24 - First-time purchaser survey,2024-08-07 16:01:01,HankWilli_onlybond_24,182,93,25,0
070824_CUS_Slawn_UglyBast_24 - Draw Reminder,2024-08-07 14:00:00,Slawn_UglyBast_24,5698,1486,232,18
060824_INS_HankWilli_onlybond_24 - Insiders Early Access (Sofiya),2024-08-06 17:00:00,INSIDERSEA,58,37,6,0
060824_INS_HankWilli_onlybond_24 - Insiders Early Access (Curtis),2024-08-06 17:00:00,INSIDERSEA,111,55,6,0
060824_INS_HankWilli_onlybond_24 - Insiders Early Access (Sam),2024-08-06 17:00:00,INSIDERSEA,444,210,17,0
AUT_HankWilli_onlybond_24 - Early Access,2024-08-06 16:18:35,HankWilli_onlybond_24,650,327,208,1
010824_CUS_AiWeiwei_CCTV_24 - Early Demand Test 5% all buyers,2024-08-06 15:00:00,AiWeiwei_CCTV_24,423,176,63,1
060724_CUS_AntonyMic_Print_24 - Announcement,2024-08-06 14:00:00,AntonyMic_Print_24,1942,714,250,6
AUT_HankWilli_onlybond_24 - Email 7 (Last chance),2024-08-06 10:40:08,HankWilli_onlybond_24,661,162,67,0
050824_CUS_Magdalena_Mouse_24 - Last chance (v2),2024-08-05 15:44:45,Magdalena_Mouse_24,21,10,1,0
050724_CUS_CristinAd_Tentacula_24 - Announcement,2024-08-05 14:11:55,CristinAd_Tentacula_24,1028,333,64,1
050824_CUS_Magdalena_Mouse_24 - Last chance,2024-08-05 14:00:00,Magdalena_Mouse_24,760,319,63,3
010824_CUS_AiWeiwei_CCTV_24 - Early Demand Test 20% Past Buyers/Missouts (Clone),2024-08-05 12:00:00,AiWeiwei_CCTV_24,138,74,28,0
010824_CUS_AiWeiwei_CCTV_24 - Early Demand Test 20% Past Buyers/Missouts,2024-08-02 10:00:00,AiWeiwei_CCTV_24,511,288,194,0
AUT_CSATSURVEY - CSAT survey email,2023-12-05 13:32:04,,7806,3354,1698,22
010824_CUS_AntonyMic_Print_24 - Early Access,2024-08-01 14:15:00,AntonyMic_Print_24,681,323,189,2
010824_CUS_CristinAd_Tentacula_24 - Early Access,2024-08-01 14:15:00,CristinAd_Tentacula_24,222,100,34,1
AUT_HankWilli_onlybond_24 - Deepdive,2024-07-31 14:30:37,HankWilli_onlybond_24,85,44,19,0
310724_CUS_SALES Curtis - August Monthly Preview,2024-07-31 12:00:00,MONTHLYPREV,174,74,46,1
310724_CUS_SALES No Advisor (Sam) - August Monthly Preview,2024-07-31 12:00:00,MONTHLYPREV,710,357,198,1
310724_CUS_SALES Sofiya - August Monthly Preview,2024-07-31 12:00:00,MONTHLYPREV,84,64,49,0
310724_CUS_PaulInsec_JunkShop_24 - missouts,2024-07-31 10:40:00,PaulInsec_JunkShop_24,36,23,19,0
"100524_CUS_NONUSAUDIENCE - Live & Launching (Magdalena Suarez Frimkess, Wang Zhibo, and Hank Willis Thomas)",2024-07-31 10:00:00,NEWSLETTER,18527,4967,353,74
300724_CUS_Slawn_UglyBast_24 - Edition deepdive,2024-07-30 17:06:24,Slawn_UglyBast_24,116,61,15,0
"100524_CUS_USAUDIENCE - Live & Launching (Magdalena Suarez Frimkess, Paul Insect, and Hank Willis Thomas)",2024-07-29 14:45:00,NEWSLETTER,10939,2524,207,69
290724_CUS_PaulInsec_JunkShop_24 - Draw Reminder,2024-07-29 10:00:00,PaulInsec_JunkShop_24,2418,742,140,1
260724_PaulInsec_JunkShop_24 - Curtis' Insiders,2024-07-26 17:30:00,INSIDERSEA,143,56,10,0
260724_PaulInsec_JunkShop_24 - General Insiders,2024-07-26 17:30:00,INSIDERSEA,538,212,31,0
260724_PaulInsec_JunkShop_24 - Sofiyas' Insiders,2024-07-26 17:30:00,INSIDERSEA,59,37,13,0
250724_GEN_HankWilli_onlybond_24 - Announcement,2024-07-25 17:00:00,HankWilli_onlybond_24,50310,8321,1361,94
250724_CUS_PaulInsec_JunkShop_24 - Announcement (Pejac audience),2024-07-25 14:00:00,PaulInsec_JunkShop_24,2519,800,164,64
230724_CUS_Slawn_UglyBast_24 - Announcement,2024-07-23 14:00:00,Slawn_UglyBast_24,10166,2117,389,32
CUS_PEJAC-1000Print_24 - First-time purchaser survey (Extended),2024-07-23 11:30:00,Pejac_1000Print_24,76,59,36,0
CUS_PEJAC-1000Print_24 - First-time purchaser survey,2024-07-23 09:30:00,Pejac_1000Print_24,339,230,140,0
180724_CUS_Pejac_100Print_24 - Drop 8 now live,2024-07-18 18:05:00,Pejac_1000Print_24,3575,1387,666,8
AUT_HankWilli_onlybond_24 - Non-purchasers Survey,2024-07-18 16:23:01,HankWilli_onlybond_24,657,169,48,1
AUT_HankWilli_onlybond_24 - Missed launch,2024-07-18 15:16:34,HankWilli_onlybond_24,80,24,0,1
180724_CUS_PaulInsec_JunkShop_24 - Edition deepdive,2024-07-18 14:00:00,PaulInsec_JunkShop_24,2918,959,276,3
180724_CUS_Pejac_100Print_24 - Drop 7 now live,2024-07-18 10:05:00,Pejac_1000Print_24,3558,1240,523,20
170724_GEN_Pejac_1000Print_24 - Launch reminder (drop 6),2024-07-17 18:05:00,Pejac_1000Print_24,49042,7628,965,117
170724_CUS_Pejac_100Print_24 - Drop 6 now live,2024-07-17 18:05:00,Pejac_1000Print_24,3479,1269,585,13
170724_CUS_Pejac_100Print_24 - Drop 5 now live,2024-07-17 10:05:00,Pejac_1000Print_24,3467,1295,607,18
160724_CUS_Pejac_100Print_24 - Drop 4 now live,2024-07-16 18:05:00,Pejac_1000Print_24,3405,1429,709,20
160724_CUS_ZhangRuyi_ForcedSep_24 - Now Live,2024-07-16 10:45:00,ZHANGRUYI_FORCEDSEP_24,481,332,62,0
160724_CUS_Pejac_100Print_24 - Drop 3 now live,2024-07-16 10:06:00,Pejac_1000Print_24,3364,1524,804,25
150724_CUS_Pejac_100Print_24 - Drop 2 now live,2024-07-15 18:15:00,Pejac_1000Print_24,3183,1772,1056,11
150724_CUS_Pejac_1000Print_24 - Drop info,2024-07-15 14:00:00,Pejac_1000Print_24,2653,1521,883,2
150724_CUS_Pejac_100Print_24 - Drop 1 now live,2024-07-15 09:50:00,Pejac_1000Print_24,2599,1508,1010,7
140724_CUS_Pejac_1000Print_24 - ready for launch,2024-07-14 10:00:00,Pejac_1000Print_24,2492,1132,426,4
120724_CUS_PaulInsec_JunkShop_24 - Announcement,2024-07-12 14:00:00,PaulInsec_JunkShop_24,12837,2982,724,39
120724_CUS_PaulInsec_JunkShop_24 - Private room (Friday AM),2024-07-12 10:00:00,PaulInsec_JunkShop_24,110,85,60,0
110724_CUS_PaulInsec_JunkShop_24 - Early access sneak peek,2024-07-11 18:00:00,PaulInsec_JunkShop_24,1483,707,465,2
110724_CUS_PaulInsec_JunkShop_24 - Private room (Thursday 6 PM),2024-07-11 18:00:00,PaulInsec_JunkShop_24,85,75,71,0
110724_CUS_Magdalena_Mouse_24 - Announcement,2024-07-11 15:30:00,Magdalena_Mouse_24,4862,1294,375,16
100724_CUS_Pejac_100Print_24 - BTS edition deepdive (signups),2024-07-10 15:00:00,Pejac_1000Print_24,2395,880,101,4
AUT_Artistfake - Email 1 (Signup Acknowledgement),2024-07-10 12:11:36,JRMILANAPR,0,0,0,0
AUT_GABRIELMO_DOUBLETL_24 - First-time purchaser survey,2024-07-09 15:32:34,GabrielMo_DoubleTL_24,18,10,4,0
AUT_GABRIELMO_DOUBLETL_24 - Post-purchase 1 (Final edition size check),2024-07-09 15:18:33,GabrielMo_DoubleTL_24,32,13,6,0
090724_CUS_PaulInsec_JunkShop_24 - EVENT INVITE - Location details,2024-07-09 14:30:00,PaulInsec_JunkShop_24,114,57,7,0
090724_CUS_GABRIELMO_DOUBLETL_24 - Now live,2024-07-09 14:00:00,GabrielMo_DoubleTL_24,7591,4528,215,27
AUT_GABRIELMO_DOUBLETL_24 - Framing upsell (Lea),2024-07-09 12:43:52,GabrielMo_DoubleTL_24,9,2,1,0
AUT_GABRIELMO_DOUBLETL_24 - Framing upsell (Monica),2024-07-09 12:40:06,GabrielMo_DoubleTL_24,2,1,0,0
AUT_GABRIELMO_DOUBLETL_24 - Framing upsell (Lea & Monica),2024-07-09 12:38:09,GabrielMo_DoubleTL_24,10,5,1,0
AUT_GABRIELMO_DOUBLETL_24 - Email 7 (Both - Last chance),2024-07-09 10:06:29,GabrielMo_DoubleTL_24,95,21,9,0
AUT_GABRIELMO_DOUBLETL_24 - Email 5 (Both - Now live),2024-07-09 10:03:51,GabrielMo_DoubleTL_24,96,35,17,0
AUT_GABRIELMO_DOUBLETL_24 - Email 5 (Lea - Now live),2024-07-09 10:02:55,GabrielMo_DoubleTL_24,44,15,8,0
080724_INS_INSIDERSEA - Curtis' Insiders (GABRIELMO_DOUBLETL_24),2024-07-08 14:00:00,INSIDERSEA,142,55,5,0
080724_INS_INSIDERSEA - Sofiya's Insiders (GABRIELMO_DOUBLETL_24),2024-07-08 14:00:00,INSIDERSEA,71,34,5,0
080724_INS_INSIDERSEA - General Insiders (GABRIELMO_DOUBLETL_24),2024-07-08 14:00:00,INSIDERSEA,523,189,11,0
AUT_GABRIELMO_DOUBLETL_24 - Email 3 (Both - Early access),2024-07-08 13:38:12,GabrielMo_DoubleTL_24,102,54,30,0
AUT_GABRIELMO_DOUBLETL_24 - Email 3 (Lea - Early access),2024-07-08 13:37:04,GabrielMo_DoubleTL_24,48,30,18,0
070724_CUS_Pejac_1000Print_24 - signup acknowledgement & timetable,2024-07-07 14:00:00,Pejac_1000Print_24,707,320,69,0
AUT_GABRIELMO_DOUBLETL_24 - Email 3 (Monica - Early access),2024-07-05 16:38:23,GabrielMo_DoubleTL_24,21,14,10,0
050724_GEN_Pejac_1000Print_24 - Announcement,2024-07-05 14:02:00,Pejac_1000Print_24,51365,10010,2784,120
040724_CUS_WangZhibo_National_24 - Announcement,2024-07-04 16:15:00,WangZhibo_National_24,4177,964,168,22
030724_CUS_PEJAC_1000PRINT_24 - Early access (2-3 orders & like Pejac),2024-07-03 16:15:00,Pejac_1000Print_24,180,120,8,0
030724_CUS_PEJAC_1000PRINT_24 - Early access (25% of monthly preview non-openers),2024-07-03 16:15:00,Pejac_1000Print_24,197,68,1,1
AUT_GABRIELMO_DOUBLETL_24 - Email 2 (Edition deepdive),2024-07-03 13:47:09,GabrielMo_DoubleTL_24,164,62,17,0
AUT_GABRIELMO_DOUBLETL_24 - Non-purchasers Survey,2024-07-03 13:44:16,GabrielMo_DoubleTL_24,155,38,7,0
AUT_GABRIELMO_DOUBLETL_24 - Email 6 (Both - Halfway through),2024-07-03 10:14:30,GabrielMo_DoubleTL_24,95,24,8,0
010724_CUS_PEJAC_1000PRINT_24 - Early access (artist signups),2024-07-02 17:20:00,Pejac_1000Print_24,80,54,3,0
020724_CUS_GABRIELMO_DOUBLETL_24 - Announcement Resend (Non-openers),2024-07-02 17:00:00,GabrielMo_DoubleTL_24,244,23,2,0
280624_CUS_SALES Sofiya (via Sam) Pejac interest - July Monthly Preview,2024-06-28 11:00:00,MONTHLYPREV,20,19,19,0
280624_CUS_CONDOPRINT - Message from Jessica Morgan (purchasers),2024-06-28 15:00:00,CONDOPRINT,238,103,11,0
AUT_GABRIELMO_DOUBLETL_24 - Email 6 (Lea - Halfway through),2024-06-28 14:46:11,GabrielMo_DoubleTL_24,43,14,5,0
AUT_GABRIELMO_DOUBLETL_24 - Email 1 (Signup Acknowledgement),2024-06-28 14:42:18,GabrielMo_DoubleTL_24,152,61,10,0
AUT_GABRIELMO_DOUBLETL_24 - Email 6 (Monica - Halfway through),2024-06-28 14:35:09,GabrielMo_DoubleTL_24,19,5,1,0
AUT_GABRIELMO_DOUBLETL_24 - Missed launch,2024-06-28 14:17:47,GabrielMo_DoubleTL_24,4,3,0,0
AUT_GABRIELMO_DOUBLETL_24 - Email 7 (Lea - Last chance),2024-06-28 14:15:43,GabrielMo_DoubleTL_24,43,13,5,0
AUT_GABRIELMO_DOUBLETL_24 - Email 7 (Monica - Last chance),2024-06-28 14:15:12,GabrielMo_DoubleTL_24,19,5,2,1
AUT_GABRIELMO_DOUBLETL_24 - Email 5 (Monica - Now live),2024-06-28 13:50:18,GabrielMo_DoubleTL_24,21,9,7,0
280624_CUS_SALES Sofiya (via Sam) - July Monthly Preview,2024-06-28 11:00:00,MONTHLYPREV,91,59,42,0
280624_CUS_SALES Curtis - July Monthly Preview,2024-06-28 11:00:00,MONTHLYPREV,174,77,42,1
280624_CUS_SALES No Advisor (Sam) - July Monthly Preview,2024-06-28 11:00:00,MONTHLYPREV,661,328,180,1
270624_GEN_GABRIELMO_DOUBLETL_24 - Announcement,2024-06-27 17:15:00,GabrielMo_DoubleTL_24,50720,7989,407,102
AUT_MICKALENE_MAYAINTER_24 - Missed launch,2024-06-26 18:11:04,Mickalene_MayaInter_24,26,9,2,0
AUT_MICKALENE_MAYAINTER_24 - Post-purchase 1 (Final edition size check),2024-06-26 17:33:31,Mickalene_MayaInter_24,736,411,245,0
AUT_MICKALENE_MAYAINTER_24 - Non-purchasers Survey,2024-06-26 13:57:28,Mickalene_MayaInter_24,1066,266,87,7
AUT_MICKALENE_MAYAINTER_24 - Email 7 (Last chance),2024-06-26 09:06:35,Mickalene_MayaInter_24,1151,301,146,2
AUT_MICKALENE_MAYAINTER_24 - Framing upsell (Pair),2024-06-25 18:19:04,Mickalene_MayaInter_24,112,59,29,1
AUT_MICKALENE_MAYAINTER_24 - Framing upsell (Interior),2024-06-25 18:18:42,Mickalene_MayaInter_24,91,40,14,1
250624_GEN_MICKALENE_MAYAINTER_24 - Now live,2024-06-25 18:00:00,Mickalene_MayaInter_24,49678,7944,916,94
AUT_MICKALENE_MAYAINTER_24 - Framing upsell (Maya),2024-06-25 17:45:14,Mickalene_MayaInter_24,290,129,48,2
240624_CUS_MICKALENE_MAYAINTER_24 - Inner Visions Cross-sell,2024-06-24 18:00:00,Mickalene_MayaInter_24,621,179,54,5
240624_INS_INSIDERSEA - Curtis' Insiders (MICKALENE_MAYAINTER_24),2024-06-24 18:00:00,INSIDERSEA,141,51,1,0
240624_INS_INSIDERSEA - Sofiya's Insiders (MICKALENE_MAYAINTER_24),2024-06-24 18:00:00,INSIDERSEA,70,29,5,0
240624_INS_INSIDERSEA - General Insiders (MICKALENE_MAYAINTER_24),2024-06-24 18:00:00,INSIDERSEA,518,214,19,1
AUT_MICKALENE_MAYAINTER_24 - Email 6 (Halfway through),2024-06-24 17:48:05,Mickalene_MayaInter_24,1215,314,118,5
AUT_MICKALENE_MAYAINTER_24 - Email 4 (Early access),2024-06-24 15:24:30,Mickalene_MayaInter_24,924,572,437,4
AUT_MICKALENE_MAYAINTER_24 - Email 5 (Now live),2024-06-24 14:50:21,Mickalene_MayaInter_24,1342,544,395,4
210624_CUS_PaulInsec_JunkShop_24 - EVENT INVITE (Curtis),2024-06-21 14:00:00,PaulInsec_JunkShop_24,82,36,11,0
200624_CUS_PaulInsec_JunkShop_24 - EVENT INVITE (Sam),2024-06-21 14:00:00,PaulInsec_JunkShop_24,2055,765,285,3
200624_CUS_PaulInsec_JunkShop_24 - EVENT INVITE (Sofiya),2024-06-21 14:00:00,PaulInsec_JunkShop_24,47,29,15,0
AUT_MICKALENE_MAYAINTER_24 - Email 3 (Edition deepdive 2),2024-06-21 13:33:16,Mickalene_MayaInter_24,1129,404,173,3
190624_CUS_GabrielMo_DoubleTL_24 - Teaser,2024-06-20 16:00:00,GabrielMo_DoubleTL_24,2223,589,113,8
200624_CUS_Pejac_1000Print_24 - Teaser (75% remainder),2024-06-20 14:00:00,Pejac_1000Print_24,35855,6776,1235,72
180624_CUS_JAMESJEANWOOD - Simplified Chinese,2024-06-20 10:00:00,,123,30,11,0
180624_CUS_JAMESJEANWOOD - Traditional Chinese,2024-06-20 10:00:00,,644,175,62,0
190624_CUS_JAMESJEANWOOD - ENG version (GA is China/HK/Taiwan),2024-06-19 18:00:00,,290,113,28,1
180624_CUS_JAMESJEANWOOD - Canada,2024-06-19 17:12:18,,1116,479,101,21
AUT_MICKALENE_MAYAINTER_24 - Email 2 (Edition deepdive),2024-06-19 16:40:16,Mickalene_MayaInter_24,1329,412,84,0
140624_GEN_MICKALENE_MAYAINTER_24 - Announcement (Eddie Martinez SU mop-up),2024-06-19 15:30:00,Mickalene_MayaInter_24,379,95,13,8
AUT_MIWAKOMAT_JUN24 - Non-purchasers Survey,2024-06-19 13:14:47,MIWAKOMAT_JUN24,369,133,37,1
AUT_MICKALENE_MAYAINTER_24 - First-time purchaser survey,2024-06-18 17:50:22,Mickalene_MayaInter_24,583,322,110,3
AUT_PRODUCT - Winback opt-in flow 3 (Last chance),2024-06-18 10:18:32,PRODUCT,55995,1306,458,317
AUT_PRODUCT - Winback opt-in flow 2,2024-06-18 10:17:48,PRODUCT,57212,732,145,215
AUT_PRODUCT - Winback opt-in flow 1,2024-06-18 10:17:11,PRODUCT,57925,1043,370,330
140624_GEN_MICKALENE_MAYAINTER_24 - Announcement (Remaining 25%),2024-06-17 15:30:00,Mickalene_MayaInter_24,12171,2147,268,39
170524_CUS_EDDIE_SCAFFOLD_24 - Last Chance,2024-06-17 14:00:00,EDDIE_SCAFFOLD_24,37294,6391,780,103
AUT_Mickalene_MayaInter_24 - Email 1 (Signup Acknowledgement),2024-06-14 16:00:36,Mickalene_MayaInter_24,885,318,83,1
140624_GEN_MICKALENE_MAYAINTER_24 - Announcement,2024-06-14 15:00:00,Mickalene_MayaInter_24,37487,6373,820,69
130624_CUS_Pejac_1000Print_24 - Teaser (25% sample send),2024-06-13 16:30:00,Pejac_1000Print_24,12337,2407,453,22
AUT_MIWAKOMAT_JUN24 - Post-purchase 1 (Final edition size check),2024-06-13 12:04:33,MIWAKOMAT_JUN24,267,166,83,0
120624_CUS_MIWAKOMAT_EVENTMISSOUT,2024-06-13 11:05:00,MIWAKOMAT_JUN24,18,13,1,0
AUT_MIWAKOMAT-JUN24 - Framing upsell,2024-06-12 10:32:36,MIWAKOMAT_JUN24,167,86,44,0
AUT_MIWAKOMAT_JUN24 - Email 6 (Last chance),2024-06-12 10:24:52,MIWAKOMAT_JUN24,383,155,61,2
120624_CUS_MIWAKOMAT_JUN24 - 24 hours to collect (campaign engagers),2024-06-12 10:10:00,MIWAKOMAT_JUN24,1308,655,357,1
AUT_MIWAKOMAT_JUN24 - Email 4 (24 hours to collect),2024-06-12 09:19:24,MIWAKOMAT_JUN24,393,181,111,3
AUT_MIWAKOMAT_JUN24 - Email 4 (Halfway through painting),2024-06-11 13:54:04,MIWAKOMAT_JUN24,420,223,141,1
110623_GEN_MIWAKOMAT_JUN24 - Now live,2024-06-11 10:10:00,MIWAKOMAT_JUN24,48727,8601,1397,101
AUT_MIWAKOMAT_JUN24 - Email 3 (Livestream reminder),2024-06-10 11:41:39,MIWAKOMAT_JUN24,424,178,44,1
060624_CUS_ZHANGRUYI_FORCEDSEP_24 - Announcement,2024-06-07 14:30:00,ZHANGRUYI_FORCEDSEP_24,2311,674,165,4
060624_CUS_EDDIE_SCAFFOLD_24 - Early access sneak peek 2,2024-06-06 14:00:00,EDDIE_SCAFFOLD_24,3148,1268,260,19
050524_CUS_SALES Curtis - June Monthly Preview,2024-06-05 15:00:00,MONTHLYPREV,170,83,43,0
050524_CUS_SALES Sofiya - June Monthly Preview,2024-06-05 15:00:00,MONTHLYPREV,100,73,56,0
050524_CUS_SALES Sam (on Erika's behalf) - June Monthly Preview,2024-06-05 15:00:00,MONTHLYPREV,57,34,27,0
050524_CUS_SALES No Advisor (Sam) - June Monthly Preview,2024-06-05 15:00:00,MONTHLYPREV,622,325,178,1
AUT_MIWAKOMA_JUN24 - First-time purchaser survey,2024-06-05 10:16:41,MIWAKOMAT_JUN24,157,91,39,0
AUT_MIWAKOMAT_JUN24 - Email 4 (Now live),2024-06-05 09:42:55,MIWAKOMAT_JUN24,458,270,187,1
AUT_MIWAKOMAT_JUN24 - Email 2 (Edition deepdive),2024-06-04 16:47:35,MIWAKOMAT_JUN24,273,143,49,0
AUT_MIWAKOMAT_JUN24 - Email 1 (Signup Acknowledgement),2024-06-04 15:52:18,MIWAKOMAT_JUN24,467,209,27,1
040623_GEN_MIWAKOMAT_JUN24 - Announcement (Exc. teaser recipients),2024-06-04 14:35:00,MIWAKOMAT_JUN24,45605,8431,896,109
030624_CUS_MIWAKOMAT_JUN24 - EVENT INVITE (UK wider send),2024-06-03 17:15:00,MIWAKOMAT_JUN24,571,239,43,2
030624_CUS_ASUKA_SLEEPY_24 - First-time purchaser survey,2024-06-03 15:45:00,ASUKA_SLEEPY_24,14,11,6,0
030624_CUS_ASUKA_SLEEPY_24 - Repeat purchaser survey,2024-06-03 15:45:00,ASUKA_SLEEPY_24,27,20,4,0
310524_INS_INSIDERSEA - Curtis's Insiders (Eddie Martinez),2024-05-31 17:00:00,INSIDERSEA,133,63,20,0
310524_INS_INSIDERSEA - Sofiya's Insiders (Eddie Martinez),2024-05-31 17:00:00,INSIDERSEA,62,27,18,0
310524_INS_INSIDERSEA - General Insiders (Eddie Martinez),2024-05-31 17:00:00,INSIDERSEA,416,191,49,0
310524_INS_INSIDERSEA - Erika's Insiders (Eddie Martinez),2024-05-31 17:00:00,INSIDERSEA,25,12,3,0
300524_CUS_MIWAKOMAT_JUN24 - EVENT INVITE (UK),2024-05-30 15:45:00,MIWAKOMAT_JUN24,458,179,40,1
280524_CUS_KAI_CONTENT_24 - Last Chance to enter draw (Kaï),2024-05-28 18:00:00,KAI_CONTENT_24,670,296,33,2
CUS_MICKALENE_MAYAINTER_24 - Broad opens,2024-05-25 19:00:00,Mickalene_MayaInter_24,13615,3303,496,95
"240524_CUS_KAI_CONTENT_24 - Standard Early Access, HF Draw Miss Outs",2024-05-24 16:30:00,KAI_CONTENT_24,24,17,10,0
"230524_CUS_EDDIE_SCAFFOLD_24 - Early Access, Asuka Draw Miss Outs",2024-05-23 16:00:00,EDDIE_SCAFFOLD_24,21,14,6,0
230524_CUS_KAI_CONTENT_24 - HF Last Chance to enter draw,2024-05-23 14:00:00,,175,63,26,0
230523_CUS_MIWAKOMAT_JUN24 - Teaser,2024-05-23 10:00:00,MIWAKOMAT_JUN24,169,64,22,0
230523_CUS_MIWAKOMAT_JUN24 - Teaser (JP Version),2024-05-23 10:00:00,MIWAKOMAT_JUN24,182,89,62,0
230523_CUS_MIWAKOMAT_JUN24 - Teaser (Ayako Purchasers),2024-05-23 10:00:00,MIWAKOMAT_JUN24,2200,627,266,3
210524_CUS_KAI_CONTENT_24 - Announcement (Kaï) (Hype Artist Signups),2024-05-22 14:15:00,KAI_CONTENT_24,2838,438,51,5
210524_CUS_PETERHALL_APR24 - Now live,2024-05-21 14:00:00,PETERHALLAPR24,1719,574,172,5
170524_INS_INSIDERSEA - Curtis Insiders (Kai),2024-05-17 17:00:00,INSIDERSEA,136,57,7,0
170524_INS_INSIDERSEA - Sofiya Insiders (Kai),2024-05-17 17:00:00,INSIDERSEA,64,34,11,0
170524_INS_INSIDERSEA - General Insiders (Kai) (Sam),2024-05-17 17:00:00,INSIDERSEA,511,229,35,0
170524_INS_INSIDERSEA - Erika Insiders (Kai),2024-05-17 17:00:00,INSIDERSEA,32,13,5,0
160524_CUS_PETERHALL_APR24 - Pre-orders closing (Artist signups & incomplete pre-orders),2024-05-16 14:30:00,PETERHALLAPR24,139,50,16,0
160524_CUS_PETERHALL_APR24 - Pre-orders closing (Campaign engagers),2024-05-16 14:30:00,PETERHALLAPR24,480,231,65,0
070524_CUS_JAMESJEANWOOD - Wider audience,2024-05-08 16:45:00,JAMESJEANWOOD,4143,1592,142,15
080524_CUS_KAI_CONTENT_24 - Announcement (Kaï),2024-05-14 15:00:00,KAI_CONTENT_24,10529,2482,596,27
140524_CUS_LINDADOUN_24 - Now live,2024-05-14 14:00:00,LINDADOUN_MAY24,1434,351,54,3
140524_CUS_EDDIE_SCAFFOLD_24 - Announcement (GEN A/B split test 2),2024-05-13 16:15:00,EDDIE_SCAFFOLD_24,26952,4682,746,44
130524_CUS_KAI_CONTENT_24 - Early access,2024-05-13 15:05:00,KAI_CONTENT_24,970,460,122,2
"100524_GEN_NEWSLETTER - Live & Launching (Asuka AO, Peter Halley & Linda Dounia)",2024-05-10 15:00:00,NEWSLETTER,55073,7739,815,106
140524_CUS_EDDIE_SCAFFOLD_24 - Announcement (GEN A/B split test 1),2024-05-09 14:00:00,EDDIE_SCAFFOLD_24,27600,4674,849,52
080524_CUS_LINDADOUN_MAY24 - Early access,2024-05-08 17:00:00,LINDADOUN_MAY24,967,414,90,1
070524_CUS_JAMESJEANWOOD - Private Room,2024-05-08 16:30:00,JAMESJEANWOOD,1040,416,200,0
080524_CUS_EDDIE_SCAFFOLD_24 - Early access sneak peek,2024-05-08 16:00:00,EDDIE_SCAFFOLD_24,2218,932,228,5
080524_CUS_ASUKASLEEPY24 - Announcement,2024-05-08 14:00:00,ASUKASLEEPY24,12674,2014,228,22
080524_CUS_ASUKASLEEPY24 - Early access sneak peek,2024-05-07 20:23:48,ASUKASLEEPY24,4265,1645,307,9
AUT_JRMILANAPR - First-time purchaser survey,2024-05-07 09:30:26,JRMILANAPR,209,116,39,2
030524_CUS_LINDADOUNMAY24 - Announcement (Non-openers resend),2024-05-03 17:30:00,LINDADOUNMAY24,10940,674,46,25
030524_INS_INSIDERSEA - Curtis' Insiders (Peter Halley & Linda Dounia),2024-05-03 17:00:00,INSIDERSEA,137,55,8,0
030524_INS_INSIDERSEA - Sofiya's Insiders (Peter Halley & Linda Dounia),2024-05-03 17:00:00,INSIDERSEA,64,30,6,0
030524_INS_INSIDERSEA - General Insiders (Peter Halley & Linda Dounia),2024-05-03 17:00:00,INSIDERSEA,502,201,22,1
030524_CUS_PETERHALLAPR24 - Announcement,2024-05-03 15:00:00,PETERHALLAPR24,2017,457,97,7
020524_CUS_LINDADOUNMAY24 - Announcement,2024-05-02 17:00:00,LINDADOUNMAY24,12886,1799,198,37
AUT_JRMILANAPR - Non-purchasers Survey,2024-05-02 16:12:56,JRMILANAPR,668,231,65,4
AUT_JRMILANAPR - Missed launch,2024-05-02 14:31:30,JRMILANAPR,16,8,1,0
AUT_JRMILANAPR - Post-purchase 1 (Final edition size check),2024-05-02 13:47:53,JRMILANAPR,276,152,78,0
020524_CUS_JRMILANAPR - Email 6 (Last chance - edition size correction),2024-05-02 11:15:00,JRMILANAPR,348,117,31,2
AUT_JRMILANAPR - Email 6 (Last chance - edition size test A),2024-05-02 08:49:32,JRMILANAPR,687,205,67,3
010524_CUS_PETERHALLAPR24 - Early access sneak peek (Advisor version),2024-05-01 15:17:00,PETERHALLAPR24,604,209,55,6
010524_CUS_PETERHALLAPR24 - Early access sneak peek (AA version),2024-05-01 15:17:00,PETERHALLAPR24,604,167,51,1
AUT_JRMILANAPR - Email 5 (Halfway through - edition size test A),2024-05-01 13:32:15,JRMILANAPR,705,227,100,2
300424_GEN_JRMILANAPR - Now live,2024-04-30 14:00:00,JRMILANAPR,53951,8240,1073,108
AUT_JRMILANAPR - Framing upsell,2024-04-30 12:31:43,JRMILANAPR,213,89,35,0
290424_INS_INSIDERSEA - Curtis' Insiders (JRMILANAPR Early Access),2024-04-29 14:00:00,JRMILANAPR,137,64,8,0
290424_INS_INSIDERSEA - Sofiya's Insiders (JRMILANAPR Early Access),2024-04-29 14:00:00,JRMILANAPR,64,33,8,0
290424_INS_INSIDERSEA - General Insiders (JRMILANAPR Early Access),2024-04-29 14:00:00,JRMILANAPR,503,220,42,0
290424_CUS_JRMILANAPR - Early access (Artist signups),2024-04-29 14:00:00,JAVIEFLOAT,248,141,92,0
290424_CUS_JAVIEFLOAT - Last chance to enter draw,2024-04-29 11:00:00,JAVIEFLOAT,3204,920,223,2
AUT_JRMILANAPR - Email 3 (Early access),2024-04-29 09:48:10,JRMILANAPR,755,490,347,1
AUT_JRMILANAPR - Email 1 (Signup Acknowledgement),2024-04-25 17:40:13,JRMILANAPR,566,224,35,3
AUT_JRMILANAPR - Missed launch OLD,2024-04-25 16:30:33,JRMILANAPR,0,0,0,0
250424_GEN_JRMILANAPR - Announcement,2024-04-25 15:00:00,JRMILANAPR,54000,9879,2060,118
250424_CUS_JRMILANAPR - Announcement (Italian version),2024-04-25 15:00:00,JRMILANAPR,396,139,76,0
AUT_JRMILANAPR - Email 4 (Now live),2024-04-25 11:02:20,JRMILANAPR,725,300,172,2
AUT_JRMILANAPR - Email 5 (Halfway through),2024-04-25 10:57:16,JRMILANAPR,0,0,0,0
AUT_JRMILANAPR - Email 6 (Last chance),2024-04-25 10:53:11,JRMILANAPR,0,0,0,0
250424_CUS_SALES No Advisor (Sam) - May Monthly Preview (Resend),2024-04-25 10:15:00,MONTHLYPREV,512,287,160,0
240424_CUS_SALES No Advisor (Sam) - May Monthly Preview,2024-04-24 14:45:00,MONTHLYPREV,104,64,44,0
240424_CUS_SALES Curtis - May Monthly Preview,2024-04-24 14:45:00,MONTHLYPREV,168,86,48,1
240424_CUS_SALES Sofiya - May Monthly Preview,2024-04-24 14:45:00,MONTHLYPREV,92,72,54,0
240424_CUS_SALES Erika - May Monthly Preview,2024-04-24 14:45:00,MONTHLYPREV,12,10,8,0
230424_CUS_JAVIEFLOAT - Cross-sell early access (Related artists),2024-04-23 11:15:00,JAVIEFLOAT,760,382,202,1
230424_CUS_JAVIEFLOAT - Cross-sell early access (Geographical),2024-04-23 11:15:00,JAVIEFLOAT,826,367,157,1
180424_CUS_RUSCHAACTU - First-time purchaser survey,2024-04-22 11:30:00,RUSCHAACTU,1230,661,247,4
190424_CUS_RUSCHAACTU - Non-purchasers Survey,2024-04-19 15:00:00,RUSCHAACTU,1916,555,211,12
180424_CUS_JRMILANAPR - Italian collectors,2024-04-19 11:00:00,JRMILANAPR,456,143,36,2
AUT_INSIDERS - Welcome to Insiders,2024-04-16 18:11:08,INSIDERSEA,449,214,11,1
160424_GEN_JAVIEFLOAT - Announcement,2024-04-16 13:00:00,JAVIEFLOAT,52136,8750,1507,156
150424_CUS_JAVIEFLOAT - Early access reminder (room closing),2024-04-15 16:00:00,JAVIEFLOAT,2530,1074,350,5
120424_GEN_RUSCHAACTU - Halfway through,2024-04-12 18:00:00,RUSCHAACTU,50078,6671,812,63
AUT_RUSCHAACTU - Email 6 (Last chance - control),2024-04-12 10:16:07,RUSCHAACTU,1985,556,244,9
110424_GEN_RUSCHAACTU - Now live,2024-04-11 18:00:00,RUSCHAACTU,50210,8047,2026,88
AUT_RUSCHAACTU - Email 5 (Halfway through - Curator Q&A test),2024-04-11 15:57:06,RUSCHAACTU,1011,345,118,4
AUT_RUSCHAACTU - Email 5 (Halfway through - control),2024-04-11 11:52:00,RUSCHAACTU,1025,299,117,2
100424_INS_INSIDERSEA - Curtis' Insiders (RUSCHAACTU Early Access),2024-04-10 18:00:00,INSIDERSEA,139,64,12,0
100424_INS_INSIDERSEA - General Insiders (RUSCHAACTU Early Access),2024-04-10 18:00:00,INSIDERSEA,492,210,48,0
100424_CUS_RUSCHAACTU - Early access (Condo miss-outs),2024-04-10 18:00:00,RUSCHAACTU,1036,470,141,13
100424_INS_INSIDERSEA - Sofiya's Insiders (RUSCHAACTU Early Access),2024-04-10 18:00:00,INSIDERSEA,70,37,17,0
AUT_RUSCHAACTU - Email 3 (Early access - Test),2024-04-10 16:25:06,RUSCHAACTU,2374,1527,1140,6
AUT_RUSCHAACTU - Email 4 (Now live),2024-04-10 14:11:12,RUSCHAACTU,2140,757,427,4
090424_MPKOZMECHA - Last chance,2024-04-09 15:30:00,MPKOZMECHA,5297,1421,218,10
090424_CUS_JAVIEFLOAT - Sofiya's collectors - Early access sneak peek (From Sam),2024-04-09 10:15:00,JAVIEFLOAT,75,53,39,0
090424_CUS_JAVIEFLOAT - Resending - Early access sneak peek,2024-04-09 10:15:13,JAVIEFLOAT,1,1,1,0
080424_MPKOZMECHA - Announcement (Disengaged resend),2024-04-08 18:15:00,MPKOZMECHA,6616,314,93,20
080424_CUS_JAVIEFLOAT - Early access sneak peek,2024-04-08 16:30:00,JAVIEFLOAT,2636,1457,993,1
050424_CUS_MPKOZMECHA - Register for early access (token holders),2024-04-05 16:35:00,MPKOZMECHA,143,58,24,0
AUT_RUSCHAACTU - Framing upsell,2024-04-05 16:09:44,RUSCHAACTU,1040,482,188,1
AUT_RUSCHAACTU - Email 2 (Edition deepdive),2024-04-05 13:29:37,RUSCHAACTU,1553,583,241,3
040424_GEN_AUDIENCE - Collector Survey,2024-04-04 13:00:00,,52030,7621,843,137
040424_CUS_AUDIENCE - Collector Survey (Users who completed the survey),2024-04-04 13:00:00,,1154,502,111,3
AUT_RUSCHAACTU - Email 1 (Signup Acknowledgement),2024-04-04 09:14:13,RUSCHAACTU,2672,891,209,8
AUT_AUDIENCE - Download collector report,2024-04-03 18:55:29,,1091,897,807,6
020424_MPKOZMECHA - Announcement,2024-04-02 18:15:00,MPKOZMECHA,6194,1944,421,13
280324_GEN_RUSCHAACTU - Announcement,2024-03-28 14:00:00,RUSCHAACTU,52126,9649,2676,116
270324_CUS_SALES Curtis - Ed Ruscha Monthly Preview Announcement,2024-03-27 15:00:00,MONTHLYPREV,105,66,37,0
270324_CUS_SALES Sofiya - Ed Ruscha Monthly Preview Announcement,2024-03-27 15:00:00,MONTHLYPREV,86,66,49,0
270324_CUS_SALES No Advisor (Sam) - Ed Ruscha Monthly Preview Announcement (collecting@),2024-03-27 15:00:00,MONTHLYPREV,537,365,223,0
200324_CUS_SALES - Grant Yun exhibition now open,2024-03-22 01:15:00,,1867,246,44,0
200324_CUS_CONDOPRINT - Draw miss-outs (Don't receive MP),2024-03-21 11:30:00,CONDOPRINT,419,246,3,1
200324_CUS_CONDOPRINT - Draw miss-outs (Already receive MP),2024-03-21 11:30:00,CONDOPRINT,25,20,0,0
200324_CUS_CONDOPRINT - Complete draw form (Last chance - manual send),2024-03-20 14:16:00,CONDOPRINT,10,8,8,0
200324_CUS_CONDOPRINT - Complete draw form (Manual send),2024-03-20 09:41:00,CONDOPRINT,27,22,18,0
AUT_CONDOPRINT - Complete draw form,2024-03-19 23:31:37,CONDOPRINT,812,628,573,0
180324_CUS_SALES - Grant Yun exhibition Gail Web3,2024-03-18 17:30:00,,8716,2276,312,34
AUT_CONDOPRINT - Preorder Framing upsell,2024-03-14 15:38:37,CONDOPRINT,8,5,3,0
AUT_Welcome email 1 - Welcome to Avant,2024-03-14 13:52:44,WELCOMECRM,3244,830,69,161
AUT_Welcome email 2 - intro to editions,2024-03-14 13:51:54,,2930,632,67,83
120324_GEN_NEWSLETTER - On Show (Image led),2024-03-12 17:30:00,NEWSLETTER,52064,7929,730,111
070324_CUS_SALES - Grant Yun exhibition invite (Extended Korean audience),2024-03-07 10:05:00,,621,237,36,1
050324_CUS_EMXIEGLION - Draw reminder (Did not open announcement),2024-03-05 17:00:00,EMXIEGLION,4353,602,129,10
050324_CUS_EMXIEGLION - Draw reminder (Engaged with announcement),2024-03-05 17:00:00,EMXIEGLION,1961,1031,119,3
050323_CUS_SALES - New advisor test send,2024-03-05 12:35:24,PRODUCT,2,2,0,0
040324_CUS_PRODUCT - Userbrain survey (Video call invite),2024-03-04 16:45:00,PRODUCT,55,32,1,1
040324_CUS_PRODUCT - Userbrain Web3 survey,2024-03-04 16:45:00,PRODUCT,8,3,1,0
040324_CUS_PRODUCT - Userbrain survey (other),2024-03-04 16:45:00,PRODUCT,15,10,2,0
AUT_CONDOPRINT - Call invite,2024-03-04 09:13:58,CONDOPRINT,24,20,16,0
290224_CUS_SALES - Grant Yun exhibition RSVP reminder,2024-02-29 11:10:00,,3934,818,15,9
280224_CUS_EMXIELION - Pre-order Reminder,2024-02-28 15:00:00,EMXIEGLION,37,23,0,0
260224_CUS_EMXIEGLION - Announcement (Emily Xie - extended audience),2024-02-26 17:00:00,EMXIEGLION,10916,1550,209,24
230224_CUS_EMXIEGLION - Announcement (Emily Xie),2024-02-23 17:15:00,EMXIEGLION,1735,509,152,3
230224_INS_INSIDERSEA - Curtis Insiders (Emily Xie),2024-02-23 17:00:00,INSIDERSEA,122,49,9,0
230224_INS_INSIDERSEA - Sofiya Insiders (Emily Xie),2024-02-23 17:00:00,INSIDERSEA,91,36,7,0
230224_INS_INSIDERSEA - General Insiders (Emily Xie),2024-02-23 17:00:00,INSIDERSEA,500,163,28,0
220224_GEN_CONDOPRINT - Announcement,2024-02-22 16:00:00,CONDOPRINT,51713,9179,2463,104
210224_CUS_CGQSNOWLOT - Draw reminder,2024-02-21 15:00:00,CGQSNOWLOT,155,46,9,0
210224_CUS_HUANGRULES - Live reminder,2024-02-21 14:45:00,HUANGRULES,68,31,13,1
"200224_CUS_CONDOPRINT - Sales Enquiries, enter draw",2024-02-20 16:00:00,CONDOPRINT,84,61,44,0
200224_CUS_HUANGRULES- Available now (Extended audience - Didn't open announcement),2024-02-20 14:00:00,HUANGRULES,455,65,21,1
200224_CUS_HUANGRULES- Available now (Extended audience - opens and artist signups),2024-02-20 14:00:00,HUANGRULES,329,205,30,0
AUT_HUANGRULES- Available now,2024-02-20 13:44:17,HUANGRULES,48,24,17,0
190224_CUS_WEIWEIGUAR - Non-purchasers Survey,2024-02-20 11:15:00,WEIWEIGUAR,1543,532,167,13
200224_CUS_WEIWEIGUAR - First-time purchaser survey,2024-02-20 11:15:00,WEIWEIGUAR,1206,764,310,6
160224_INS_INSIDERSEA - Curtis Insiders (Cai Guo-Qiang),2024-02-16 17:35:00,INSIDERSEA,90,30,5,0
160224_INS_INSIDERSEA - General Insiders (Cai Guo-Qiang),2024-02-16 17:33:00,INSIDERSEA,435,141,22,0
160224_INS_INSIDERSEA - Sofiya Insiders (Cai Guo-Qiang),2024-02-16 17:32:00,INSIDERSEA,74,29,5,0
160224_CUS_CGQSNOWLOT - Early access (Last chance reminder),2024-02-16 16:35:00,CGQSNOWLOT,917,240,80,5
160224_CUS_AIWEIWEI23 - Ai Weiwei post launch sign up - 1 left,2024-02-16 16:15:00,AIWEIWEI23,21,15,13,0
170224_GEN_WEIWEIGUAR - Last chance,2024-02-16 10:03:00,WEIWEIGUAR,47414,6139,914,53
160224_CUS_WEIWEIGUAR - Last chance (Artist signups test group 1),2024-02-16 10:03:00,WEIWEIGUAR,1534,341,95,5
150224_CUS_WEIWEIGUAR - Halfway through (Artist signups group 1),2024-02-16 02:00:00,WEIWEIGUAR,1545,402,109,3
AUT_WEIWEIGUAR - Email 4 (Halfway through),2024-02-15 22:18:50,WEIWEIGUAR,1678,539,196,7
"090224_CUS_BALDSATIRE - Early access last chance (past purchasers, artist signups, miss-outs & cross-sell)",2024-02-15 18:36:46,BALDSATIRE,1485,730,298,1
150224_CUS_CONDOPRINT - Complete draw form (Suppressed for low engagement resend),2024-02-15 14:51:00,CONDOPRINT,2,2,2,0
250224_GEN_WEIWEIGUAR - Now Live,2024-02-15 14:00:00,WEIWEIGUAR,47471,6701,1289,68
250224_CUS_WEIWEIGUAR - Now Live (Artist signups test group 1&2),2024-02-15 14:00:00,WEIWEIGUAR,1952,633,280,0
AUT_WEIWEIGUAR - Email 4 (Available now),2024-02-15 13:55:53,WEIWEIGUAR,1801,741,450,5
AUT_WEIWEIGUAR - Email 7 (Last chance),2024-02-15 12:36:39,WEIWEIGUAR,1613,481,224,7
AUT_CONDOPRINT - Draw reminder,2024-02-14 16:43:59,CONDOPRINT,0,0,0,0
140224_CUS_WEIWEIGUAR - Early access (past purchasers not in flow - private room),2024-02-14 14:30:00,WEIWEIGUAR,1140,618,410,2
140224_INS_INSIDERSEA - Sofiya's Insiders (WEIWEIGUAR Early Access),2024-02-14 14:30:00,INSIDERSEA,89,41,15,0
140224_INS_INSIDERSEA - Curtis' Insiders (WEIWEIGUAR Early Access),2024-02-14 14:30:00,INSIDERSEA,122,46,5,0
140224_INS_INSIDERSEA - General Insiders (WEIWEIGUAR Early Access),2024-02-14 14:30:00,INSIDERSEA,485,162,18,0
AUT_WEIWEIGUAR- Email 3 (Early access - previous purchaser),2024-02-14 14:08:58,WEIWEIGUAR,108,77,66,0
AUT_WEIWEIGUAR- Email 3 (Early access - hasn't purchased before),2024-02-14 09:09:03,WEIWEIGUAR,1918,1208,961,5
130224_CUS_SALES - Grant Yun exhibition invite follow-up,2024-02-13 16:35:00,,53,33,3,0
130224_GEN_CGQSNOWLOT - Announcement,2024-02-13 15:00:00,CGQSNOWLOT,50023,7500,887,111
130224_CUS_CGQSNOWLOT - Early access 2 (Artist signups + cross-sell),2024-02-13 11:10:00,CGQSNOWLOT,765,289,150,1
120224_CUS_SALES - Grant Yun exhibition invite,2024-02-13 04:15:00,,3983,881,73,7
120224_CUS_MATTSIERRA - Non-purchasers Survey,2024-02-12 17:45:00,MATTSIERRA,191,86,37,2
120224_CUS_MATTSIERRA - First-time purchaser survey,2024-02-12 17:45:00,MATTSIERRA,79,56,27,0
120224_CUS_BALDSATIRE - Announcemen,2024-02-12 17:20:00,BALDSATIRE,8930,2254,385,13
120224_CUS_HUANGRULES - Announcement,2024-02-12 14:45:00,HUANGRULES,1014,310,66,0
AUT_HUANGRULES - Email 1 (Signup acknowledgement),2024-02-12 12:04:16,HUANGRULES,43,26,9,0
AUT_WEIWEIGUAR - Email 2 (Edition BTS),2024-02-12 12:02:38,WEIWEIGUAR,1740,693,306,4
"AUT_HUANGRULES - Email 2, Option 2 (Previously Bought)",2024-02-12 11:45:29,HUANGRULES,3,1,1,0
"AUT_HUANGRULES - Email 2, Option 1 (Never Bought)",2024-02-12 11:42:28,HUANGRULES,0,0,0,0
090224_CUS_DEEKARIPPL - Announcement,2024-02-09 18:00:00,DEEKARIPPL,12538,2082,653,17
090224_INS_INSIDERSEA - Sofiya's Insiders (Benrei Huang & Baldur Helgason),2024-02-09 17:30:00,INSIDERSEA,88,42,22,0
090224_INS_INSIDERSEA - General Insiders (Benrei Huang & Baldur Helgason),2024-02-09 17:30:00,INSIDERSEA,492,186,51,0
090224_INS_INSIDERSEA - Curtis' Insiders (Benrei Huang & Baldur),2024-02-09 17:30:00,INSIDERSEA,122,52,14,0
"090224_CUS_BALDSATIRE - Early access (past purchasers, artist signups, miss-outs & cross-sell)",2024-02-09 16:35:00,BALDSATIRE,1915,942,645,2
090224_CUS_CGQSNOWLOT - Early access,2024-02-09 14:50:00,CGQSNOWLOT,162,100,74,0
AUT_MATTSIERRA - Email 4 (Halfway through),2024-02-08 16:46:46,MATTSIERRA,210,93,34,0
AUT_WEIWEIGUAR - Email 1 Sign-up,2024-02-08 16:15:06,WEIWEIGUAR,1114,575,247,3
080224_CUS_LAURAPARKA - Announcement (resend to non-openers),2024-02-08 12:15:00,LAURAPARKA,4656,720,110,11
070224_GEN_MATTSIERRA - Now Live (Opened Announcement),2024-02-07 18:00:00,MATTSIERRA,6203,3748,240,14
070224_GEN_MATTSIERRA - Now Live (Clicked Announcement),2024-02-07 18:00:00,MATTSIERRA,622,289,118,0
070224_GEN_MATTSIERRA - Now Live (Did not open announcement),2024-02-07 18:00:00,MATTSIERRA,41459,2758,509,46
070224_CUS_ HUANGRULES - Early access (Artist signups),2024-02-07 14:35:00,HUANGRULES,36,22,18,0
070224_CUS_SALES Sofiya - February Monthly Preview,2024-02-07 14:00:00,MONTHLYPREV,106,74,58,0
070224_CUS_SALES Curtis - February Monthly Preview,2024-02-07 14:00:00,MONTHLYPREV,132,67,49,0
070224_CUS_SALES No Advisor - February Monthly Preview (collecting@),2024-02-07 14:00:00,MONTHLYPREV,488,231,155,0
AUT_MATTSIERRA - Email 7 (Last chance),2024-02-07 13:38:54,MATTSIERRA,201,86,29,0
AUT_MATTSIERRA - Email 4 (Available now),2024-02-07 13:19:51,MATTSIERRA,239,126,74,0
060224_GEN_WEIWEIGUAR - Announcement (A),2024-02-06 16:35:00,WEIWEIGUAR,48958,9164,2512,60
AUT_MATTSIERRA - Email 3 (NFT deepdive),2024-02-06 15:55:26,MATTSIERRA,167,78,28,0
AUT_MATTSIERRA - Email 3 (Ready for launch),2024-02-06 10:33:10,MATTSIERRA,0,0,0,0
AUT_MATTSIERRA - Email 2 (Edition BTS),2024-02-05 14:57:13,MATTSIERRA,208,110,34,1
010224_GEN_MATTSIERRA - Announcement (A),2024-02-01 18:00:00,MATTSIERRA,49163,7424,747,94
AUT_MATTSIERRA - Email 1 Sign-up,2024-02-01 09:52:50,MATTSIERRA,211,96,25,0
300124_CUS_LAURAPARKA - Early access (B - from Avant Arte),2024-01-30 17:05:00,LAURAPARKA,435,294,75,0
300124_CUS_LAURAPARKA - Early access (A - from Sofiya),2024-01-30 17:03:00,LAURAPARKA,434,336,163,0
AUT_RNAVABUNNY - Signup acknowledgement (No advisor),2024-01-29 14:33:27,RNAVABUNNY,53,36,14,0
260124_INS_INSIDERSEA - Curtis' Insiders (Laura El),2024-01-26 17:00:00,INSIDERSEA,122,44,9,0
260124_INS_INSIDERSEA - Sofiya's Insiders (Laura El),2024-01-26 17:00:00,INSIDERSEA,88,38,12,0
260124_INS_INSIDERSEA - General Insiders (Laura El),2024-01-26 17:00:00,INSIDERSEA,482,184,33,0
250124_CUS_MAPANCENTRI - Draw miss out,2024-01-26 16:50:00,MAPANCENTRI,65,39,18,0
260124_CUS_LAURAPARKA - Announcement (A),2024-01-26 16:45:00,LAURAPARKA,7244,2156,347,19
250124_HASHISTUDY - Early Access,2024-01-25 10:17:00,HASHISTUDY,384,267,194,0
240124_CUS_SALES Monarch Follow-up,2024-01-25 04:30:00,,44,22,4,0
AUT_RNAVABUNNY - Signup acknowledgement (Sofiya's collectors),2024-01-24 16:12:08,RNAVABUNNY,0,0,0,0
AUT_RNAVABUNNY - Signup acknowledgement (Curtis' collectors),2024-01-24 16:11:40,RNAVABUNNY,0,0,0,0
240124_CUS_HASHISTUDY - Announcement (JP),2024-01-24 03:15:00,HASHISTUDY,1253,298,80,1
230124_CUS_HASHISTUDY - Announcement (Excl JP),2024-01-23 18:15:00,FRIEDSIGNA,4399,1311,297,9
230124_GEN_NEWSLETTER - Live & launching (A),2024-01-23 11:45:00,NEWSLETTER,25078,7381,973,88
220124_CUS_DARKSDIGIT - Early access,2024-01-22 17:20:00,DARKSDIGIT,1414,570,275,3
220124_CUS_TOMASTLE24 - First-time purchaser survey,2024-01-22 15:36:00,TOMASTLE24,418,302,151,3
220124_CUS_TOMASTLE24 - Non-purchasers Survey,2024-01-22 15:30:00,TOMASTLE24,460,184,65,4
190124_INS_INSIDERSEA - Curtis' Insiders (William Mapan & Dawnia Darkstone),2024-01-19 17:00:00,INSIDERSEA,122,51,4,0
190124_INS_INSIDERSEA - Sofiya's Insiders (William Mapan & Dawnia Darkstone),2024-01-19 17:00:00,INSIDERSEA,88,32,5,0
190124_INS_INSIDERSEA - General Insiders (William Mapan & Dawnia Darkstone),2024-01-19 17:00:00,INSIDERSEA,481,172,22,0
180124_GEN_TOMASTLE24 - Now Live,2024-01-18 17:00:00,TOMASTLE24,40651,2754,565,68
180124_CUS_TOMASTLE24 - Now Live (Campaign engagers),2024-01-18 16:00:00,TOMASTLE24,7111,3987,456,15
AUT_TOMASTLE24 - Email 4 (Available now),2024-01-18 12:52:39,TOMASTLE24,539,209,116,0
"AUT_HASHISTUDY - Email 2, Option 1 (Never Bought)",2024-01-18 12:32:26,HASHISTUDY,0,0,0,0
"AUT_HASHISTUDY - Email 2, Option 2 (Previously Bought)",2024-01-18 12:30:37,HASHISTUDY,5,5,4,0
AUT_HASHISTUDY - Available now,2024-01-18 11:49:31,HASHISTUDY,129,79,59,0
AUT_HASHISTUDY - Email 1 (Signup acknowledgement),2024-01-18 11:48:37,HASHISTUDY,203,100,19,0
170124_CUS_DARKSDIGIT - Announcement,2024-01-17 17:20:00,DARKSDIGIT,6046,1719,189,24
160124_CUS_MAPANCENTRI - Announcement,2024-01-17 17:00:00,MAPANCENTRI,368,142,71,0
170124_INS_INSIDERSEA - Curtis' Insiders (TOMASTLE24 Early Access),2024-01-17 16:00:00,INSIDERSEA,122,42,5,0
170124_INS_INSIDERSEA - Sofiya's Insiders (TOMASTLE24 Early Access),2024-01-17 16:00:00,INSIDERSEA,88,38,5,0
170124_INS_INSIDERSEA - General Insiders (TOMASTLE24 Early Access),2024-01-17 16:00:00,INSIDERSEA,478,158,21,0
170124_CUS_TOMASTLE24- Artist signups early access test,2024-01-17 16:00:00,TOMASTLE24,629,304,166,4
AUT_TOMASTLE24- Email 3 (Early access),2024-01-17 15:43:25,TOMASTLE24,681,460,366,2
AUT_TOMASLE24 - Email 4 (Halfway through),2024-01-17 10:50:53,TOMASTLE24,480,161,59,1
170124_CUS_SALES Monarch Invite,2024-01-17 02:00:00,,1620,500,110,4
160124_CUS_FRIEDSIGNA - Draw reminder (Extended NFT audience),2024-01-16 17:45:00,FRIEDSIGNA,4338,540,83,8
160124_CUS_FRIEDSIGNA - Draw reminder (Miss-outs),2024-01-16 15:40:00,FRIEDSIGNA,44,0,0,0
160124_CUS_FRIEDSIGNA - Draw reminder,2024-01-16 14:30:00,FRIEDSIGNA,2236,1114,94,7
150124_INS_INSIDERSEA - Sofiya's Insiders (Jake Fried & Yutaka Hashimoto),2024-01-15 17:00:00,INSIDERSEA,89,34,7,0
150124_INS_INSIDERSEA - Curtis' Insiders (Jake Fried & Yutaka Hashimoto),2024-01-15 17:00:00,INSIDERSEA,122,56,16,0
150124_INS_INSIDERSEA - General Insiders (Jake Fried & Yutaka Hashimoto),2024-01-15 17:00:00,INSIDERSEA,482,195,53,0
AUT_TOMASTLE24 - Email 1 Sign-up,2024-01-12 14:05:12,TOMASTLE24,543,230,88,1
AUT_TOMASTLE24 - Email 2 (Edition BTS),2024-01-11 17:32:16,TOMASTLE24,578,256,92,2
110124_CUS_SALES January Monthly Preview - Curtis,2024-01-11 15:00:00,MONTHLYPREV,99,63,33,0
110124_CUS_SALES January Monthly Preview - Sofiya,2024-01-11 15:00:00,MONTHLYPREV,106,82,61,0
110124_CUS_SALES January Monthly Preview - No Advisor (collecting@),2024-01-11 15:00:00,MONTHLYPREV,362,222,140,1
AUT_TOMASTLE24 - Email 7 (Last chance),2024-01-11 13:48:54,TOMASTLE24,443,128,42,1
100124_GEN_TOMASTLE24 - Announcement (A),2024-01-10 17:00:00,TOMASTLE24,48555,7734,1320,110
"040124_FRIEDSIGNA - Early Access (Draw miss-outs, artist signups)",2024-01-09 17:00:00,FRIEDSIGNA,104,55,27,0
050124_CUS_FRIEDSIGNA - Announcement,2024-01-08 17:05:00,FRIEDSIGNA,12100,2215,399,33
201223_CUS_ANISHTLE23 - First-time purchaser survey,2023-12-20 17:30:00,ANISHTLE23,162,116,64,0
201223_CUS_ANISHTLE23 - Non-purchasers Survey,2023-12-20 17:30:00,ANISHTLE23,365,170,90,2
191223_CUS_SNOWFSQUIG - First-time purchaser survey,2023-12-19 16:10:00,SNOWFSQUIG,103,60,28,0
191223_CUS_SNOWFSQUIQ - Non-purchasers Survey,2023-12-19 16:03:00,SNOWFSQUIG,167,87,34,1
191223_CUS_CRVM_Non-purchasers Test,2023-12-19 12:51:20,ANISHTLE23,1,1,0,0
151223_CUS_TAKAHSPHINX - JP Email Tokyo Exhibition Details,2023-12-18 10:30:00,TAKAHSPHINX,1982,642,227,4
AUT_ANISHTLE23 - Email 7 (Last chance),2023-12-18 09:42:13,ANISHTLE23,365,142,51,2
171223_CUS_ANISHTLE23 - 24 hours to go (General - not in splits),2023-12-17 15:00:00,ANISHTLE23,40780,3167,770,75
171223_CUS_ANISHTLE23 - 24 hours to go (Campaign openers),2023-12-17 15:00:00,ANISHTLE23,5905,3553,260,14
171223_CUS_ANISHTLE23 - 24 hours to go (Campaign clickers),2023-12-17 15:00:00,ANISHTLE23,1343,539,209,1
AUT_ANISHTLE23 - Email 6 (24 hours to go),2023-12-17 14:04:45,ANISHTLE23,384,171,67,1
141223_GEN_NEWSLETTER - On Show,2023-12-15 15:30:00,NEWSLETTER,46750,5997,373,66
151223_CUS_LYLUVSOMEWHERE - Draw miss out follow up,2023-12-15 12:30:00,LYLUVSOMEWHERE,128,89,29,0
121223_CRVM - First-time purchaser survey,2023-12-14 14:30:00,CHRISTIMED,49,34,16,0
CUS_GIORGFRIEN - Available now (non converters and email engagers),2023-12-14 14:10:00,GIORGFRIEN,1618,751,83,2
AUT_SNOWFSQUIG - Email 7 (Last chance),2023-12-14 11:44:33,SNOWFSQUIG,341,100,31,0
131223_CUS_TAKAHSPHINK - Available now,2023-12-13 16:45:00,TAKAHSPHINX,58,32,9,0
AUT_ANISHTLE23 - Email 4 (Halfway through),2023-12-13 14:43:01,ANISHTLE23,405,180,81,2
121223_GIORGFRIEN - Artist & Product signup follow-up (48 hour early access),2023-12-12 14:00:00,GIORGFRIEN,93,63,43,0
121223_GIORGFRIEN - Announcement non-openers follow-up (48 hour early access),2023-12-12 14:00:00,GIORGFRIEN,1408,669,376,5
111223_CUS_YHYUPNEWYO - One Left,2023-12-11 16:30:00,YHYUPNEWYO,70,49,1,0
111223_CUS_DENNILIGHT - One Left,2023-12-11 16:30:00,DENNILIGHT,26,21,0,0
041223_GEN_ANISHTLE23 - Now Live,2023-12-11 15:00:00,ANISHTLE23,48103,7609,1381,99
AUT_ANISHTLE23 - Framing upsell,2023-12-11 15:02:32,ANISHTLE23,200,87,29,0
AUT_ANISHTLE23 - Email 3 (Available now),2023-12-11 11:47:36,ANISHTLE23,461,257,167,0
081223_INS_INSIDERSEA - Curtis' Insiders (Giorgiko),2023-12-08 17:15:00,INSIDERSEA,119,46,11,0
081223_INS_INSIDERSEA - General Insiders (Giorgiko),2023-12-08 17:15:00,INSIDERSEA,431,140,28,0
081223_INS_INSIDERSEA - Sofiya's Insiders (Giorgiko),2023-12-08 17:15:00,INSIDERSEA,86,40,12,0
081223_TAKAHSPHINK - Launch reminder,2023-12-08 16:15:00,TAKAHSPHINX,119,40,11,0
AUT_ANISHTLE23 - Email 2 (Edition BTS),2023-12-08 14:44:51,ANISHTLE23,388,209,105,0
071223_GEN_NEWSLETTER - Live & launching,2023-12-07 16:00:00,NEWSLETTER,40144,5870,710,77
071223_CUS_SNOWFSQUIG - Available now (NFT Segment),2023-12-07 16:00:00,SNOWFSQUIG,11841,2016,376,18
AUT_SNOWFSQUIG - Email 4 (Available now),2023-12-06 18:31:01,SNOWFSQUIG,409,218,113,0
AUT_ANISHTLE23 - Email 1 Sign-up,2023-12-05 17:56:47,ANISHTLE23,426,204,68,0
041223_GEN_ANISHTLE23 - Announcement (A),2023-12-05 15:00:00,ANISHTLE23,47993,8752,2287,90
041223_CUS_MATSUALONE - Draw reminder,2023-12-04 14:00:00,MATSUALONE,4567,1258,125,5
011223_INS_INSIDERSEA - Curtis' Insiders (LY),2023-12-01 17:00:00,INSIDERSEA,84,47,12,0
011223_INS_INSIDERSEA - Sofiya's Insiders (LY),2023-12-01 17:00:00,INSIDERSEA,81,47,26,1
011223_INS_INSIDERSEA - General Insiders (LY),2023-12-01 17:00:00,INSIDERSEA,277,135,53,0
011223_CUS_MNAKAINSI - Live reminder English,2023-12-01 11:00:00,MNAKAINSI,141,94,35,0
011223_CUS_MNAKAINSI- Trad Chinese Live Reminder,2023-12-01 02:00:00,MNAKAINSI,30,12,9,0
011223_CUS_MNAKAINSI- Simplified Chinese Live Reminder,2023-12-01 02:00:00,MNAKAINSI,3,3,0,0
011223_MNAKAINSI - Live reminder,2023-12-01 11:00:00,MNAKAINSI,0,0,0,0
"281123_CUS_LARYBCOLOUR - Related Artists cross sell, Private Room Colour Tool",2023-11-30 14:30:00,LARYBCOLOUR,482,222,126,1
"281123_CUS_LARYBCOLOUR - Related geographies cross sell, Private Room Colour Tool",2023-11-30 14:15:00,LARYBCOLOUR,957,397,199,2
"281123_CUS_LARYBCOLOUR - Artist Sign Up, Colour Tool Private Room",2023-11-30 14:00:00,LARYBCOLOUR,45,26,21,0
281123_CUS_PINSBAUBLE - Baubles cross-sell (Artist SU),2023-11-30 13:00:00,PINSBAUBLE,2213,727,280,6
AUT_CHRISTIMED - Email 6 (Last chance - 5 hours no edition update),2023-11-30 09:23:44,CHRISTIMED,47,17,4,0
AUT_CHRISTIMED - Email 6 (Last chance - 5 hours edition update),2023-11-30 09:22:07,CHRISTIMED,62,24,7,0
"291123_CUS_CHRISTIMED - Available now (Campaign engagers, giveaway entrants, artist SUs not in flow)",2023-11-29 16:00:00,CHRISTIMED,7431,4171,341,26
231123_CUS_SNOWFSQUIG - Announcement,2023-11-29 14:00:00,SNOWFSQUIG,12224,2513,554,34
131123_CUS_DENNILIGHT - Draw reminder,2023-11-29 11:00:00,DENNILIGHT,128,40,8,0
291123_CUS_SALES Sofiya - December Monthly Preview,2023-11-29 11:00:00,MONTHLYPREV,105,67,52,0
291123_CUS_SALES Curtis - December Monthly Preview,2023-11-29 11:00:00,MONTHLYPREV,98,61,38,0
291123_CUS_SALES No Advisor - December Monthly Preview,2023-11-29 11:00:00,MONTHLYPREV,373,223,145,0
AUT_CHRISTIMED - Email 3 (Halfway through),2023-11-28 17:32:04,CHRISTIMED,111,43,9,0
AUT_CHRISTIMED - Framing upsell,2023-11-28 17:03:32,CRMTESTING,87,38,14,1
281123_INS_INSIDERSEA - Curtis' Insiders (CHRISTIMED TL Early Access),2023-11-28 16:00:00,INSIDERSEA,117,39,5,0
281123_INS_INSIDERSEA - General Insiders (CHRISTIMED TL Early Access),2023-11-28 16:00:00,INSIDERSEA,272,115,17,0
281123_INS_INSIDERSEA - Sofiya's Insiders (CHRISTIMED TL Early Access),2023-11-28 16:00:00,INSIDERSEA,81,40,10,1
281123_CUS_CHRISTIMED- Artist signups early access,2023-11-28 16:00:00,CHRISTIMED,738,368,211,3
AUT_CHRISTIMED - Day 5,2023-11-28 14:05:07,CHRISTIMED,519,271,181,0
AUT_SNOWFSQUIG - Email 1 Sign-up,2023-11-28 13:18:53,SNOWFSQUIG,205,108,24,0
AUT_SNOWFSQUIG - Email 2 (Edition BTS),2023-11-28 12:03:28,SNOWFSQUIG,216,98,18,0
AUT_SNOWFSQUIG - Email 6 (24 hours to go),2023-11-28 11:55:58,SNOWFSQUIG,346,119,36,0
AUT_SNOWFSQUIG - Email 5 (Halfway through),2023-11-28 11:31:55,SNOWFSQUIG,359,132,42,0
281123_CUS_MNAKAINSI - Available now,2023-11-28 11:00:00,MNAKAINSI,102,62,30,0
AUT_GIORGFRIEN - Email 1 (Signup acknowledgement),2023-11-28 09:39:43,GIORGFRIEN,7,5,1,0
AUT_CHRISTIMED- Giveaway early access,2023-11-28 09:31:46,CHRISTIMED,435,259,104,2
AUT_GIORGFRIEN - Available now,2023-11-27 17:47:16,GIORGFRIEN,6,4,3,0
271123_CUS_GIORGFRIEN - Announcement,2023-11-27 16:00:00,GIORGFRIEN,3197,973,174,8
AUT_GIORGFRIEN - Pre-order confirmation,2023-11-27 15:54:00,GIORGFRIEN,28,15,1,0
AUT_CHRISTIMED- Product signups early access,2023-11-27 15:41:47,CHRISTIMED,114,77,48,0
271123_TAKAHSPHIN - pre-order offer (bought something before),2023-11-27 15:40:00,TAKAHSPHINX,1,1,0,0
271123_TAKAHSPHIN - pre-order offer (new collectors),2023-11-27 15:40:00,TAKAHSPHINX,6,3,0,0
271123_GEN_NEWSLETTER - Christmas gift guide (A),2023-11-27 15:00:00,NEWSLETTER,45652,6597,868,157
281123_CUS_MATSUALONE - Announcement,2023-11-27 11:30:00,MATSUALONE,6337,1476,237,19
271123_CUS_LYLUVPINKP - Announcement (JP),2023-11-27 02:15:00,LYLUVPINKP,1108,404,205,3
AUT_CHRISTIMED - Day 5 (Already in product flow),2023-11-24 17:41:36,CHRISTIMED,0,0,0,0
AUT_CHRISTIMED - Day 4,2023-11-24 17:36:08,CHRISTIMED,521,266,168,0
241123_INS_INSIDERSEA - General Insiders (Matsu),2023-11-24 17:15:00,INSIDERSEA,150,51,10,0
241123_INS_INSIDERSEA - Curtis' Insiders (Matsu),2023-11-24 17:15:00,INSIDERSEA,117,52,15,0
241123_INS_INSIDERSEA - Sofiya's Insiders (Matsu),2023-11-24 17:15:00,INSIDERSEA,84,36,12,0
AUT_CHRISTIMED - DAY 2,2023-11-24 16:57:11,CHRISTIMED,157,91,72,0
AUT_CHRISTIMED- Day 3,2023-11-24 16:47:22,CHRISTIMED,157,93,66,0
241123_GEN_CHRISTIMED - Announcement,2023-11-24 16:20:00,CHRISTIMED,49302,6919,711,175
AUT_CHRISTIMED - Email 2 (Edition deepdive),2023-11-24 16:10:05,CHRISTIMED,85,35,12,0
241123_CUS_LYLUVPINKP - Announcement (ENG),2023-11-24 15:00:00,LYLUVPINKP,2242,768,315,4
AUT_MNAKAINSI - Last Pre-order (didn't open previous pre-order email),2023-11-24 11:15:00,MNAKAINSI,16,2,0,0
231123_CUS_ARGHAEARRI - Arghavan dispatch update,2023-11-24 10:00:00,ARGHAEARRI,19,10,0,0
231123_CUS_JJEANDES23 - Dispatch Update,2023-11-23 16:30:00,JJEANDES23,462,246,4,0
AUT_SNOWFSQUIG - Email 3 (Ready for launch),2023-11-23 15:47:49,SNOWFSQUIG,0,0,0,0
231123_CUS_CREWDTWILI - Gregory Crewdson Winners,2023-11-23 11:30:00,CREWDTWILI,25,7,1,0
AUT_CHRISTIMED - Email 1 Sign-up,2023-11-23 10:18:25,CHRISTIMED,120,60,28,0
221123_CUS_ALPHAWAROT - Draw Loser Email,2023-11-22 17:30:00,ALPHAWAROT,541,287,98,1
201123_AUT_TAKAHSPHIN - Pre-order confirmation,2023-11-22 10:44:23,TAKAHSPHINX,16,10,2,0
AUT_CHRISTIMED - Email 4 (Available now),2023-11-22 10:05:18,CHRISTIMED,119,48,22,0
AUT_TAKAHSPHINX - Email 1 (Signup acknowledgement),2023-11-21 16:46:52,TAKAHSPHINX,10,5,0,0
AUT_TAKAHSPHINK - Available now,2023-11-21 09:37:46,TAKAHSPHINX,11,6,2,0
201123_CUS_CUJIESHANG - Post-release follow-up,2023-11-20 10:45:00,CUJIESHANG,40,28,8,2
201123_CUS_YHYUPNEWYO - Draw Loser Email,2023-11-20 17:45:00,YHYUPNEWYO,127,79,43,0
201123_GEN_NEWSLETTER - Live & launching (A),2023-11-20 15:00:00,NEWSLETTER,49133,7224,536,114
201123_CUS_TAKAHSPHIN - Announcement,2023-11-20 11:30:00,TAKAHSPHINX,378,154,25,1
171123_CUS_MNAKAINSI - Traditional Chinese Product SU Pre-Order,2023-11-20 03:00:00,MNAKAINSI,27,9,1,0
171123_CUS_MNAKAINSI - Simplified Chinese Product SU Pre-Order,2023-11-20 03:00:00,MNAKAINSI,3,2,0,0
201123_CUS_TAKAHSPHIN - Announcement (JP),2023-11-20 01:00:00,TAKAHSPHINX,192,89,23,0
171123_CUS_BONYRTOROO - Available now (Missed 1st available now),2023-11-17 17:40:00,BONYRTOROO,177,117,12,1
171123_INS_INSIDERSEA - Sofiya's Insiders (Dennis Osadebe & Takahiro Komoru),2023-11-17 17:15:00,INSIDERSEA,83,43,14,0
171123_INS_INSIDERSEA - Curtis' Insiders (Dennis Osadebe & Takahiro Komuro),2023-11-17 17:15:00,INSIDERSEA,115,41,6,0
171123_INS_INSIDERSEA - General Insiders (Dennis Osadebe & Takahiro Komuro),2023-11-17 17:16:00,INSIDERSEA,190,68,12,0
171123_CUS_BONYRTOROO - Available now,2023-11-17 14:00:00,BONYRTOROO,223,145,40,1
171123_CUS_CAMIEISLAN - One Left,2023-11-17 11:20:00,CAMIEISLAN,180,99,0,1
171123_CUS_JONNYDIAMO - One Left,2023-11-17 11:04:00,JONNYDIAMO,9,7,0,0
AUT_CREWDTWILI - Email 6 (Last chance - 5 hours),2023-11-17 09:39:56,CREWDTWILI,345,129,54,1
161123_CUS_CREWDTWILI - Triptych Upsell,2023-11-16 18:00:00,CREWDTWILI,152,90,21,0
AUT_CREWDTWILI - Email 3 (Halfway through),2023-11-16 18:02:28,CREWDTWILI,364,113,44,1
161123_CUS_MATSUALONE - Private Room (Batch 2 Non-clickers),2023-11-16 17:00:00,MATSUALONE,2633,855,321,10
161123_CUS_CREWDTWILI - Available now (Campaign engagers not in flow),2023-11-16 15:00:00,CREWDTWILI,6342,3775,253,18
161123_CUS_YHYUPNEWYO - Michael Kagan Buyers Private Room,2023-11-16 14:50:00,YHYUPNEWYO,93,63,31,0
161123_CUS_YHYUPNEWYO - Parra Buyers Private Room,2023-11-16 14:50:00,YHYUPNEWYO,936,472,252,4
AUT_CREWDTWILI - Email 3 (Available now),2023-11-16 14:42:44,CREWDTWILI,416,173,92,1
151123_CUS_MATSUALONE - Early Acces Private Room (James Jean Buyers),2023-11-15 17:30:00,MATSUALONE,676,406,232,4
151123_CUS_MATSUALONE - Early Access Private Room (Japanese Collectors),2023-11-15 16:30:00,MATSUALONE,163,78,34,0
151123_CUS_MATSUALONE - Early Access Private Room (Matsu buyers),2023-11-15 16:15:00,MATSUALONE,176,107,69,0
151123_CUS_MATSUALONE - Early Access Private Room (Matsu Artist SUs),2023-11-15 16:15:00,MATSUALONE,2339,957,407,9
151123_CUS_BONYRTOROO - Artist sign up Private Room,2023-11-15 16:15:00,BONYRTOROO,25,15,13,0
151123_CUS_MATSUALONE - Early Access Private Room (Yuichi Hirako Buyers),2023-11-15 16:15:00,MATSUALONE,1,1,0,0
151123_INS_INSIDERSEA - Curtis' Insiders (CREWDTWILI TL Early Access),2023-11-15 15:00:00,INSIDERSEA,115,42,3,0
151123_INS_INSIDERSEA - Sofiya's Insiders (CREWDTWILI TL Early Access),2023-11-15 15:00:00,INSIDERSEA,86,40,13,0
151123_INS_INSIDERSEA - General Insiders (CREWDTWILI TL Early Access),2023-11-15 15:00:00,INSIDERSEA,189,61,7,0
151123_CUS_CREWDTWILI- Artist signups early access,2023-11-15 15:00:00,CREWDTWILI,429,266,200,0
151123_CUS_HIDEAFAN23 - Available now,2023-11-15 14:00:00,HIDEAFAN23,193,74,23,0
141123_CUS_MATSUALONE - Sneak Peek Private Room (Eng) (CN Non-openers),2023-11-15 02:00:00,MATSUALONE,126,41,13,0
141123_CUS_TAKAHSPHINX - Simplified Chinese Sneak peek,2023-11-15 02:00:00,TAKAHSPHINX,6,2,2,0
141123_CUS_TAKAHSPHINX - Traditional Chinese Sneak peek,2023-11-15 02:00:00,TAKAHSPHINX,31,18,6,0
141123_CUS_MATSUALONE - Sneak Peek Private Room (Eng) (JN Non-openers),2023-11-15 01:00:00,MATSUALONE,187,55,17,0
141123_CUS_TAKAHSPHINX - Sneak Peek (JP),2023-11-15 00:30:00,TAKAHSPHINX,25,17,0,0
141123_CUS_MATSUALONE - Sneak Peek Private Room (Eng) (Non-openers),2023-11-14 18:35:00,MATSUALONE,504,163,73,0
131123_CUS_CUJIESHANG - Live reminder,2023-11-14 10:00:00,CUJIESHANG,42,24,9,1
141123_CUS_JONNYDIAMO - Draw Loser Email,2023-11-14 17:15:00,JONNYDIAMO,25,14,8,0
AUT_CREWDTWILI - Email 1 Sign-up,2023-11-14 15:33:28,CREWDTWILI,545,259,84,0
141123_CUS_HIDEAFAN23 - 24hr Early Access Private Room,2023-11-14 14:00:00,HIDEAFAN23,166,94,53,1
141123_CUS_MATSUALONE- Simplified Chinese Private Room Send,2023-11-14 02:00:00,MATSUALONE,50,16,13,1
141123_CUS_MATSUALONE- Traditional Chinese Private Room Send,2023-11-14 02:00:00,MATSUALONE,196,92,72,0
131123_CUS_MATSUALONE - Sneak Peek Private Room (JP),2023-11-14 01:00:00,MATSUALONE,388,223,143,0
AUT_CREWDTWILI - Email 2 (Edition deepdive & ready for launch),2023-11-13 17:18:57,CREWDTWILI,0,0,0,0
131123_GEN_CREWDTWILI - Announcement,2023-11-13 17:15:00,CREWDTWILI,46997,7217,743,114
131123_CUS_DENNILIGHT - Announcement,2023-11-13 15:33:00,DENNILIGHT,1109,311,92,2
131123_CUS_MATSUALONE - Sneak Peek Private Room (Eng),2023-11-13 15:15:00,MATSUALONE,717,359,222,2
131123_CUS_TAYLESWIMM - Available now,2023-11-13 14:00:00,TAYLESWIMM,462,309,32,5
091023_CUS_YHYUPNEWYO - Announcement (Link correction),2023-11-10 20:00:00,YHYUPNEWYO,3585,1204,273,2
101123_CUS_LPONCABSUR - Draw Loser Email,2023-11-10 17:30:00,LPONCABSUR,46,23,0,0
101123_INS_INSIDERSEA - Curtis' Insiders (Yoon Hyup & Hideaki Kawashima HF),2023-11-10 17:00:00,INSIDERSEA,115,39,8,0
101123_INS_INSIDERSEA - Sofiya's Insiders (Yoon Hyup & Hideaki Kawashima HF),2023-11-10 17:00:00,INSIDERSEA,86,43,14,0
101123_INS_INSIDERSEA - General Insiders (Yoon Hyup & Hideaki Kawashima HF),2023-11-10 17:00:00,INSIDERSEA,188,71,17,0
031123_CUS_TAYLESWIMM - Targeted Announcement (Missed 1st announcement),2023-11-10 17:00:00,TAYLESWIMM,1539,455,31,6
091123_CUS_YHYUPNEWYO - Announcement,2023-11-10 15:45:00,YHYUPNEWYO,5120,1189,283,8
101123_CUS_CUJIESHANG - Available now,2023-11-10 14:00:00,CUJIESHANG,519,270,28,0
101123_CUS_BARRY91123 - 5 hours to go (Japanese version),2023-11-10 10:00:00,BARRY91123,514,275,51,0
AUT_BARRY91123 - Email 6 (Last chance - non-HF),2023-11-10 09:56:06,BARRY91123,293,141,78,0
AUT_BARRY91123 - Email 6 (Last chance - HF),2023-11-10 09:55:35,BARRY91123,48,21,12,0
081123_CUS_DEVANLEMAT - Live reminder,2023-11-09 11:00:00,DEVANLEMAT,46,28,10,0
AUT_BARRY91123 - Email 5 (Halfway through - Non-HF),2023-11-09 19:00:13,BARRY91123,264,94,40,1
AUT_BARRY91123 - Email 5 (Halfway through - HF),2023-11-09 18:58:59,BARRY91123,74,30,12,0
"AUT_HIDEAFAN23 - Email 1 (Bought before, Offered pre-order before but not within last 3 months - Fan HF)",2023-11-09 18:31:55,HIDEAFAN23,0,0,0,0
"AUT_HIDEAFAN23 - Email 1 (Never bought before, Never offered pre-order before - Fan HF)",2023-11-09 17:59:03,HIDEAFAN23,0,0,0,0
"AUT_HIDEAFAN23 - Email 1 (Never bought before, Never offered pre-order before - Fan Mishima)",2023-11-09 17:50:51,HIDEAFAN23,2,2,0,0
"AUT_HIDEAFAN23 - Email 1 (Bought before, Never offered pre-order before Fan HF)",2023-11-09 17:20:34,HIDEAFAN23,3,2,0,0
AUT_HIDEAFAN23 - Email 1 (Received email from Sofiya in last month - Fan Mishima),2023-11-09 17:19:05,HIDEAFAN23,2,2,0,0
AUT_HIDEAFAN23 - Email 1 (Received email from Sofiya in last month - Fan HF),2023-11-09 17:18:36,HIDEAFAN23,8,5,2,0
"AUT_HIDEAFAN23 - Email 1 (Bought before, Never offered pre-order before)",2023-11-09 17:04:46,HIDEAFAN23,1,1,0,0
"AUT_HIDEAFAN23 - Email 1 (Bought before, Offered pre-order before but not within last 3 months)",2023-11-09 17:01:57,HIDEAFAN23,0,0,0,0
"AUT_HIDEAFAN23 - Email 1 (Bought before, Never offered pre-order before)",2023-11-09 16:06:37,HIDEAFAN23,0,0,0,0
091123_GEN_BARRY91123 - Available now,2023-11-09 15:00:00,BARRY91123,30418,4494,808,54
091123_GEN_BARRY91123 - Available now (Japanese),2023-11-09 15:00:00,BARRY91123,2198,613,215,2
091123_GEN_BARRY91123 - Available now (Korean),2023-11-09 15:00:00,BARRY91123,635,113,23,1
AUT_BARRY91123 - Email 4 (Available now - HF),2023-11-09 11:19:07,BARRY91123,95,58,38,0
091123_CUS_HIDEAFAN23- Simplified Chinese Announcement,2023-11-09 10:00:00,HIDEAFAN23,88,29,2,0
091123_CUS_HIDEAFAN23- Japanese Announcement,2023-11-09 10:00:00,HIDEAFAN23,249,108,19,1
091123_CUS_HIDEAFAN23- Traditional Chinese Announcement,2023-11-09 10:00:00,HIDEAFAN23,227,64,9,0
081123_CUS_KOTAORUKIC - Draw Loser Email,2023-11-08 18:00:00,KOTAORUKIC,45,30,21,1
081123_CUS_HIDEAFAN23 - Announcement,2023-11-08 17:24:00,HIDEAFAN23,2546,798,128,5
AUT_BARRY91123 - Email 2 (Edition details),2023-11-08 16:14:46,BARRY91123,324,145,53,1
81123_CUS_BARRY91123- Artist signups early access,2023-11-08 15:03:00,BARRY91123,155,107,92,0
081123_INS_INSIDERSEA - Sofiya's Insiders (BARRY91123 TL Early Access),2023-11-08 15:00:00,INSIDERSEA,87,41,11,0
081123_INS_INSIDERSEA - Curtis' Insiders (BARRY91123 TL Early Access),2023-11-08 15:00:00,INSIDERSEA,115,49,5,0
081123_INS_INSIDERSEA - General Insiders (BARRY91123 TL Early Access),2023-11-08 15:00:00,INSIDERSEA,190,72,17,0
"071123_CUS_YHYUPNEWYO - Artist signups private room (Adriana Oliver, with hyperlink)",2023-11-08 11:13:17,YHYUPNEWYO,641,357,185,1
071123_CUS_YHYUPNEWYO - Artist signups private room (Adriana Oliver),2023-11-08 10:00:00,YHYUPNEWYO,644,272,3,1
061123_CUS_ALPHAWAROT - Announcement,2023-11-07 15:45:00,LPONCABSUR,1869,587,159,6
AUT_BARRY91123 - Email 4 (Available now - non-HF),2023-11-06 18:30:29,BARRY91123,331,167,124,0
AUT_BARRY91123- Email 1 Sign-up,2023-11-06 17:32:04,BARRY91123,428,222,99,0
061123_CUS_MICYDPRINT - LAST AVAILABLE,2023-11-06 17:00:00,MICYDPRINT,45,29,17,0
031123_CUS_BONYRTOROO - Announcement,2023-11-06 15:30:00,BONYRTOROO,1096,390,54,3
061123_CUS_YHYUPNEWYO - Artist signups private room,2023-11-06 15:15:00,YHYUPNEWYO,373,246,205,1
061123_CUS_DEVANLEMAT - Available now,2023-11-06 14:00:00,DEVANLEMAT,55,25,15,0
AUT_BONYRTOROO - Email 1 (Received email from Sofiya in last month),2023-11-06 12:43:54,BONYRTOROO,7,3,0,0
AUT_BONYRTOROO - Email 1 (Signup confirmation),2023-11-06 12:41:20,BONYRTOROO,36,19,5,0
031123_CUS_TAKAHSPHINX - Sneak Peek (artist signups),2023-11-06 12:23:00,TAKAHSPHINX,88,48,29,0
061123_CUS_CRMTESTING - Parra purchasers interest scoping,2023-11-06 11:00:00,CRMTESTING,763,279,7,4
031123_INS_INSIDERSEA - Curtis' Insiders (Bony Ramirez & Hideaki Kawashima),2023-11-03 17:30:00,INSIDERSEA,115,43,5,0
031123_INS_INSIDERSEA - General Insiders (Bony Ramirez & Hideaki Kawashima),2023-11-03 17:30:00,INSIDERSEA,190,70,10,0
031123_INS_INSIDERSEA - Curtis' Insiders (Bony Ramirez & Hideaki Kawashima),2023-11-03 17:30:00,INSIDERSEA,86,42,11,0
311023_CUS_KOTAORUKIC - Announcement,2023-11-03 15:15:00,KOTAORUKIC,1545,595,145,2
031123_CUS_TAYLESWIMM - Targeted Announcement,2023-11-03 14:45:00,TAYLESWIMM,115,32,1,0
"AUT_BONYRTOROO - Email 2 (Bought before, Offered pre-order before but not within last 3 months)",2023-11-03 14:43:13,BONYRTOROO,0,0,0,0
"AUT_BONYRTOROO - Email 2 (Bought before, Never offered pre-order before)",2023-11-03 14:40:55,BONYRTOROO,2,2,0,0
"AUT_BONYRTOROO - Email 2 (Never bought before, Never offered pre-order before)",2023-11-03 14:38:31,BONYRTOROO,27,18,1,0
021123_GEN_BARRY91123 - Announcement,2023-11-02 15:11:00,BARRY91123,31878,5167,906,76
021123_CUS_BARRY91123 - Announcement (Artist signups),2023-11-02 15:11:00,BARRY91123,35,25,17,0
021123_CUS_SETHGSOWER - Available now,2023-11-02 14:00:00,SETHGSOWER,160,87,68,0
AUT_TAYLESWIMM - Email 1 (Received email from Sofiya in last month),2023-11-02 10:49:56,TAYLESWIMM,3,2,0,0
AUT_TAYLESWIMM - Email 1 (Signup confirmation),2023-11-02 10:24:48,TAYLESWIMM,26,16,2,0
"AUT_TAYLESWIMM - Email 2 (Bought before, Offered pre-order before but not within last 3 months)",2023-11-01 15:50:54,TAYLESWIMM,0,0,0,0
"AUT_TAYLESWIMM - Email 2 (Bought before, Never offered pre-order before)",2023-11-01 15:42:41,TAYLESWIMM,9,5,3,0
AUT_DEVANLEMAT - Email 1 (Received email from Sofiya in last month),2023-11-01 15:17:58,DEVANLEMAT,7,4,2,0
"AUT_DEVANLEMAT- Email 1 (Bought before, Offered pre-order before but not within last 3 months)",2023-11-01 15:11:40,DEVANLEMAT,0,0,0,0
"AUT_DEVANLEMAT - Email 1 (Bought before, Never offered pre-order before)",2023-11-01 15:04:54,DEVANLEMAT,7,4,1,0
"AUT_DEVANLEMAT - Email 1 (Never bought before, Never offered pre-order before)",2023-11-01 14:59:32,DEVANLEMAT,4,4,1,0
"AUT_TAYLESWIMM - Email 2 (Never bought before, Never offered pre-order before)",2023-11-01 14:53:41,TAYLESWIMM,5,2,0,0
011123_CUS_SALES November Monthly Preview - Sofiya,2023-11-01 14:30:00,MONTHLYPREV,112,76,48,0
011123_CUS_SALES November Monthly Preview - Curtis,2023-11-01 14:30:00,MONTHLYPREV,134,70,37,1
011123_CUS_SALES November Monthly Preview - No Advisor (collecting@),2023-11-01 14:30:00,MONTHLYPREV,439,207,117,0
311023_CUS_DENNILIGHT - Sneak Peek (artist signups),2023-11-01 12:45:00,DENNILIGHT,279,168,75,1
AUT_DEVANLEMAT - Email 1 (Signup confirmation),2023-11-01 12:06:39,DEVANLEMAT,0,0,0,0
011123_CUS_MNAKAINSI - Targeted Announcement (A: smart rules),2023-11-01 11:15:00,MNAKAINSI,1366,646,299,1
011123_CUS_MNAKAINSI - Targeted Announcement (B: No smart rules),2023-11-01 11:15:00,MNAKAINSI,1959,964,402,1
311023_GEN_NEWSLETTER - Live & launching,2023-10-31 17:15:00,NEWSLETTER,41728,5736,478,113
311023_CUS_DEVANLEMAT - Targeted Announcement,2023-10-31 16:45:00,DEVANLEMAT,717,172,19,4
311023_CUS_HIDEAFAN23 - Sneak Peek (artist signups),2023-10-31 16:05:00,HIDEAFAN23,223,104,70,1
311023_CUS_JONNYDIAMO - Announcement,2023-10-31 15:40:00,JONNYDIAMO,1065,327,76,5
301023_CUS_RDIWACLEME - Draw reminder (excl US & unknown region),2023-10-31 09:02:00,RDIWACLEME,1361,436,80,3
301023_CUS_RDIWACLEME - Draw reminder (US & unknown region),2023-10-30 17:50:00,RDIWACLEME,720,170,39,2
"AUT_CUJIESHANG- Email 2 (Bought before, Never offered pre-order before)",2023-10-30 16:01:44,CUJIESHANG,9,9,4,0
AUT_CUJIESHANG - Email 1 (Signup confirmation),2023-10-30 16:01:16,CUJIESHANG,15,10,3,0
AUT_CUJIESHANG - Email 1 (Received email from Sofiya in last month,2023-10-30 15:59:09,CUJIESHANG,4,2,0,0
"AUT_CUJIESHANG- Email 2 (Bought before, Offered pre-order before but not within last 3 months)",2023-10-30 15:53:17,CUJIESHANG,0,0,0,0
"AUT_CUJIESHANG - Email 2 (Never bought before, Never offered pre-order before)",2023-10-30 12:20:55,CUJIESHANG,4,3,0,0
291023_CUS_LOGINS Login Email Anomaly,2023-10-29 21:45:00,,954,369,0,4
271023_CUS_BONYRTOROO - Sneak Peek (artist signups),2023-10-27 18:00:00,BONYRTOROO,34,26,16,0
"271023_INS_INSIDERSEA - Curtis' Insiders (Jonny Niesche, Luis Ponce & Taylor Lee)",2023-10-27 17:45:00,INSIDERSEA,91,43,6,0
"271023_INS_INSIDERSEA - General Insiders (Jonny Niesche, Luis Ponce & Taylor Lee)",2023-10-27 17:45:00,INSIDERSEA,187,73,17,0
"271023_INS_INSIDERSEA - Sofiya's Insiders (Jonny Niesche, Luis Ponce & Taylor Lee)",2023-10-27 17:45:00,INSIDERSEA,89,40,9,0
271023_CUS_JONNYDIAMO - Early Access miss-outs,2023-10-27 16:35:00,JONNYDIAMO,57,30,22,1
"AUT_CRYPTOPUNK - Email 5 (Punk on-chain & 10,000 On-Chain 24 hours to go)",2023-10-27 14:40:04,CRYPTOPUNK,119,45,14,0
"AUT_CRYPTOPUNK - Email 5 (10,000 on-chain 24 hours to go)",2023-10-27 14:39:00,CRYPTOPUNK,742,253,87,2
AUT_CRYPTOPUNK - Email 5 (Punk on-chain 24 hours to go),2023-10-27 14:35:14,CRYPTOPUNK,103,37,13,0
"AUT_CRYPTOPUNK - Email 6 (Punk & 10,000 On-Chain - Last chance)",2023-10-27 12:13:46,CRYPTOPUNK,113,47,23,0
"AUT_CRYPTOPUNK - Email 6 (10,000 On-Chain - Last chance)",2023-10-27 12:13:17,CRYPTOPUNK,737,267,115,2
AUT_CRYPTOPUNK - Email 6 (Last chance),2023-10-27 12:12:50,CRYPTOPUNK,90,33,14,0
271023_CUS_RDIWACLEME - Early Access related buyers,2023-10-27 12:10:00,RDIWACLEME,240,123,17,0
271023_CUS_TSANGRMIND - One Left,2023-10-27 09:42:15,TSANGRMIND,6,6,0,0
261023_CUS_LPONCABSUR - Announcement,2023-10-26 16:45:00,LPONCABSUR,6026,743,115,10
261023_GEN_CRYPTOPUNK - Available now (A),2023-10-26 15:00:00,CRYPTOPUNK,46895,8050,1759,129
261023_CUS_JJEANDES23 - Non-purchaser survey,2023-10-26 13:15:00,JJEANDES23,184,110,32,2
251023_CUS_TSANGRMIND - Draw Loser Email,2023-10-25 20:00:00,TSANGRMIND,57,39,15,0
AUT_CRYPTOPUNK - Email 3 (24 hours to go),2023-10-25 15:28:38,CRYPTOPUNK,971,396,100,1
AUT_SETHGSOWER - Email 1 (Signup acknowledgement - Not in advisor comms flow),2023-10-25 10:02:15,MNAKAINSI,6,6,4,0
251023_CUS_CUJIESHANG- Traditional Chinese Announcement,2023-10-25 10:00:00,CUJIESHANG,752,229,34,0
251023_CUSCUJIESHANG- Simplified Chinese Announcement,2023-10-25 10:00:00,CUJIESHANG,382,98,9,3
251023_CUS_CUJIESHANG - Announcement,2023-10-25 10:00:00,CUJIESHANG,470,187,28,1
"AUT_SETHGSOWER - Email 2, Option 2 (Pre-order offer, existing collectors)",2023-10-25 09:32:16,SETHGSOWER,13,10,4,0
"AUT_SETHGSOWER - Email 2, Option 1 (Pre-order offer, New Collectors)",2023-10-25 09:30:07,SETHGSOWER,102,53,2,0
AUT_SETHGSOWER - Email 1 (Signup confirmation),2023-10-25 09:25:16,SETHGSOWER,161,85,39,1
241023_GEN_NEWSLETTER - Live & launching,2023-10-24 17:15:00,NEWSLETTER,47741,7572,882,121
241023_CUS_SETHGSOWER - Early Access James Jean buyers,2023-10-24 15:30:00,SETHGSOWER,107,96,81,0
"AUT_CRYPTOPUNK - Email 4 (Punk on Chain & 10,000 On-Chain available now)",2023-10-24 14:12:00,CRYPTOPUNK,138,83,53,0
"AUT_CRYPTOPUNK - Email 4 (10,000 On-Chain available now)",2023-10-24 12:41:32,CRYPTOPUNK,753,353,220,0
AUT_CRYPTOPUNK - Email 4 (Punk on Chain available now),2023-10-24 12:28:27,CRYPTOPUNK,118,61,46,0
241023_CUS_CAMIEISLAN - Early Access Jean Jullien buyers,2023-10-24 11:00:00,CAMIEISLAN,176,75,55,0
241023_CUS_CAMIEISLAN - Early Access miss outs,2023-10-24 11:00:00,CAMIEISLAN,9,7,6,0
241023_CUS_CAMIEISLAN - Early Access artist previous buyers,2023-10-24 11:00:00,CAMIEISLAN,22,17,11,0
231023_CUS_CAMIEISLAN - Resending Announcement,2023-10-23 11:00:00,CAMIEISLAN,81,26,18,0
231023_CUS_CAMIEISLAN - Targeted Announcement,2023-10-23 11:00:00,CAMIEISLAN,779,258,51,2
"131023_INS_INSIDERSEA - General Insiders (Devan Shimoyama, Kotao Tomozawa & Cui Jie)",2023-10-20 17:00:00,INSIDERSEA,149,69,23,0
"201023_INS_INSIDERSEA - Curtis' Insiders (Devan Shimoyama, Kotao Tomozawa & Cui Jie)",2023-10-20 17:00:00,INSIDERSEA,90,43,6,0
"201023_INS_INSIDERSEA - Sofiya's Insiders (Devan Shimoyama, Kotao Tomozawa & Cui Jie)",2023-10-20 17:00:00,INSIDERSEA,90,39,15,0
201023_GEN_NEWSLETTER - BHM,2023-10-20 14:40:00,NEWSLETTER,45729,6057,479,87
CUS_MICYDPRINT - Available now,2023-10-20 14:00:00,MICYDPRINT,138,78,46,0
"AUT_MNAKAINSI - Email 2, Option 1 (Pre-order offer, New Collectors)",2023-10-20 11:08:05,MNAKAINSI,61,34,8,0
"AUT_MICYDPRINT - Email 2, Option 2 (Previously Bought)",2023-10-20 11:07:03,MICYDPRINT,12,7,2,0
"AUT_MICYDPRINT - Email 2, Option 1 (Never Bought)",2023-10-20 11:05:45,MICYDPRINT,38,24,4,0
201023_JJEANDES23 - Private Room Fixed,2023-10-19 22:33:22,JJEANDES23,8,6,4,0
201023_JJEANDES23 - Private room (Giveaway entrants),2023-10-19 17:45:00,JJEANDES23,1488,547,138,10
AUT_MNAKAINSI - Email 1 (Signup acknowledgement),2023-10-19 17:32:17,MNAKAINSI,0,0,0,0
AUT_MNAKAINSI - Email 1 (Signup confirmation),2023-10-19 17:27:17,MNAKAINSI,88,54,19,0
"AUT_MNAKAINSI - Email 2, Option 2 (Pre-order offer, existing collectors)",2023-10-19 15:23:36,MNAKAINSI,26,19,8,0
191023_CUS_JJEANDES23 - Last chance,2023-10-19 14:58:00,JJEANDES23,2145,563,115,4
AUT_JJEANDES23 - Clue flow (Last chance product),2023-10-19 14:21:07,JJEANDES23,1564,478,68,2
181023_CUS_JJEANDES23 - 24 hours to go,2023-10-18 19:00:00,JJEANDES23,1615,514,115,1
181023_CUS_MICYDPRINT - Danielle McKinney Buyers Preorders,2023-10-18 17:30:00,MICYDPRINT,13,11,9,1
181023_CUS_ARGHAEARRI - Amir Fallah Buyers Preorders,2023-10-18 17:00:00,ARGHAEARRI,16,9,5,0
181023_CUS_JJEANDES23 - Apology follow-up (Launch date correction),2023-10-18 16:13:00,JJEANDES23,366,144,26,0
181023_CUS_ARGHAEARRI - Arghavan dispatch timeline update,2023-10-18 16:00:00,ARGHAEARRI,7,2,0,0
AUT_JJEANDES23 - Clue 7,2023-10-18 15:49:41,JJEANDES23,1608,741,374,7
181023_CUS_PRODUCT - Framing survey,2023-10-18 14:30:00,PRODUCT,23,11,1,0
181023_CUS_MICYDPRINT - Event Missouts,2023-10-18 12:45:00,MICYDPRINT,16,13,4,0
181023_CUS_MICYDPRINT - Event Follow Up,2023-10-18 12:45:00,MICYDPRINT,7,2,0,0
171023_CUS_SETHGSOWER - Announcement (French audience),2023-10-17 17:15:00,SETHGSOWER,982,263,66,4
171023_CUS_SETHGSOWER - Announcement,2023-10-17 16:00:00,SETHGSOWER,373,104,20,1
"AUT_CRYPTOPUNK - Email 2 (10,000 On-Chain edition details)",2023-10-17 15:21:57,ABNEYSUPER,761,312,92,1
AUT_CRYPTOPUNK - Email 2 (Punk On-Chain edition details),2023-10-17 14:24:13,CRYPTOPUNK,256,125,48,0
171023_CUS_JR54GIANT - Non-purchasers survey,2023-10-17 14:15:00,JR542GIANT,62,28,0,0
171023_CUS_MNAKAINSI- Traditional Chinese Announcement,2023-10-17 11:00:00,MNAKAINSI,976,324,75,2
171023_CUS_MNAKINSI - Japanese Announcement,2023-10-17 11:00:00,MNAKAINSI,1027,384,104,1
171023_CUS_MNAKAINSI- Simplified Chinese Announcement,2023-10-17 11:00:00,MNAKAINSI,315,105,8,1
171023_CUS_ARGHAEARRI - Targeted Announcement,2023-10-17 10:00:00,ARGHAEARRI,2995,1052,359,6
AUT_JJEANDES23 - Clue 6,2023-10-17 09:43:49,JJEANDES23,1512,739,380,2
171023_CUS_MIWAKOCT23 - Draw Loser Email,2023-10-17 09:30:00,MIWAKOCT23,143,92,39,0
161023_GEN_JJEANDES23 - Halfway through (A),2023-10-16 17:20:00,JJEANDES23,39258,5822,729,100
AUT_JJEANDES23 - Email 3 (3 days to go),2023-10-16 17:02:43,JJEANDES23,394,157,58,1
AUT_JJEANDES23 - Clue 5,2023-10-16 15:57:55,JJEANDES23,1402,658,348,5
161023_CUS_JJEANDES23 - Halfway through (JP version),2023-10-16 10:20:00,JJEANDES23,2818,704,95,1
161023_CUS_JJEANDES23 - Halfway through (Simplified Chinese version),2023-10-16 09:45:00,JJEANDES23,1111,181,26,0
161023_CUS_JJEANDES23 - Halfway through (Traditional Chinese version),2023-10-16 09:45:00,JJEANDES23,2033,427,79,0
161023_CUS_JJEANDES23 - Halfway through (KR version),2023-10-16 09:30:00,JJEANDES23,793,223,94,0
AUT_JJEANDES23 - Clue 4,2023-10-13 17:27:49,JJEANDES23,1218,598,341,4
AUT_JJEANDES23 - Clue 3,2023-10-13 17:26:47,JJEANDES23,939,503,269,3
AUT_JJEANDES23 - Clue 2,2023-10-13 17:25:41,JJEANDES23,589,365,198,1
"131023_INS_INSIDERSEA - Sofiya's Insiders (Roby, Camilla Engström, Michaela Yearwood-Dan & SETH)",2023-10-13 17:00:00,INSIDERSEA,90,57,32,0
"131023_INS_INSIDERSEA - Curtis' Insiders (Roby, Camilla Engström, Michaela Yearwood-Dan & SETH)",2023-10-13 17:00:00,INSIDERSEA,91,45,17,0
"131023_INS_INSIDERSEA - General Insiders (Roby, Camilla Engström, Michaela Yearwood-Dan & SETH)",2023-10-13 17:00:00,INSIDERSEA,187,88,40,0
131023_CUS_CAMIEISLAN - Announcement,2023-10-13 15:00:00,CAMIEISLAN,208,84,42,0
121023_CUS_RDIWACLEME - Announcement,2023-10-13 14:30:00,RDIWACLEME,2264,881,365,6
AUT_MICYDPRINT - Email 1 (Signup acknowledgement),2023-10-13 14:29:46,MICYDPRINT,52,34,14,0
AUT_JJEANDES23 - Clue flow (Email 1 - product promo),2023-10-13 10:23:15,JJEANDES23,1564,700,118,5
121023_GEN_JJEANDES23 - Available now (A),2023-10-12 17:30:00,JJEANDES23,45443,6850,1041,98
AUT_JJEANDES23 - Email 2 (Available now),2023-10-12 17:18:17,JJEANDES23,515,292,203,1
111023_INS_INSIDERSEA - Curtis' Insiders (JJEANDES23 TL Early Access),2023-10-11 17:00:00,INSIDERSEA,116,52,19,0
111023_INS_INSIDERSEA - Sofiya's Insiders (JJEANDES23 TL Early Access),2023-10-11 17:00:00,INSIDERSEA,89,50,26,0
101023_CUS_JJEANDES23 - Artist signups early access,2023-10-11 17:00:00,JJEANDES23,293,169,69,1
111023_INS_INSIDERSEA - General Insiders (JJEANDES23 TL Early Access),2023-10-11 17:00:00,INSIDERSEA,187,65,25,0
AUT_JJEANDES23 - Email 1 Sign-up,2023-10-11 14:21:34,JJEANDES23,500,231,71,0
AUT_JJEANDES23 - Email 4 (Last chance),2023-10-11 13:20:39,JJEANDES23,391,140,35,2
111023_CUS_HKURALEMON - Hiroya JP Announcement,2023-10-11 10:30:00,HKURALEMON,60,35,12,0
111023_CUS_KOTAORUKIC- Draw Losers Sculpture Early Access,2023-10-11 10:00:00,KOTAORUKIC,327,226,165,1
101023_CUS_JJEANDES23 - Announcement (A ),2023-10-10 17:15:00,JJEANDES23,9044,2079,639,8
"AUT_CRYPTOPUNK - Email 1 (Signup acknowledgement - 10,000 On-Chain)",2023-10-10 15:41:18,CRYPTOPUNK,772,316,42,2
AUT_CRYPTOPUNK - Email 1 (Signup acknowledgement),2023-10-10 15:40:58,CRYPTOPUNK,260,124,19,0
091023_CUS_MICYDPRINT - Announcement (A),2023-10-10 15:34:00,MICYDPRINT,750,250,45,2
AUT_SYLEEREADY - Email 3 (Available now),2023-10-09 10:45:06,SYLEEREADY,88,50,35,0
061023_INS_INSIDERSEA - Curtis' Insiders (Moe Nakamura),2023-10-06 17:30:00,INSIDERSEA,116,50,17,0
061023_INS_INSIDERSEA - Sofiya's Insiders (Moe Nakamura),2023-10-06 17:30:00,INSIDERSEA,90,45,20,0
061023_INS_INSIDERSEA - General Insiders (Moe Nakamura),2023-10-06 17:30:00,INSIDERSEA,187,73,32,0
061023_CUS_SYLEEREADY - Local Lang Announcement (simplified Chinese),2023-10-06 08:00:00,SYLEEREADY,105,48,11,1
061023_CUS_SYLEEREADY - Local Lang Announcement (traditional Chinese),2023-10-06 08:00:00,SYLEEREADY,329,138,44,0
051023_CUS_CRYPTOPUNK - Announcement (NFT audience) A,2023-10-05 15:00:00,CRYPTOPUNK,10837,2282,733,21
AUT_MARCUAFROP - Email 4 (Available now),2023-10-05 13:55:01,MARCUAFROP,44,24,14,0
051023_CUS_SALES - Matches MYD Event Invite (Phase3 invites remaining UK),2023-10-05 10:30:00,MICYDPRINT,455,187,32,2
"041023_CUS_MARCUAFROP - Marcus Announcement, Inner Visions",2023-10-04 15:00:00,MARCUAFROP,484,141,35,1
041023_CUS_RWOODSNOWG - Available now (A),2023-10-04 14:00:00,RWOODSNOWG,1493,487,107,8
041023_CUS_SALES - Sofiya - Oct Monthly Preview,2023-10-04 14:00:00,MONTHLYPREV,107,75,52,0
041023_CUS_SALES - Curtis - Oct Monthly Preview,2023-10-04 14:00:00,MONTHLYPREV,134,51,31,0
041023_CUS_SALES - No Advisor Collectors - Oct Monthly Preview,2023-10-04 14:00:00,MONTHLYPREV,425,203,104,1
041023_CUS_ARGHAEARRI - Announcement,2023-10-04 11:00:00,ARGHAEARRI,126,60,27,1
031023_GEN_NEWSLETTER - Launching this week (A),2023-10-03 15:00:00,NEWSLETTER,44640,7291,802,146
031023_CUS_SALES - Matches MYD Event Invite (Phase2 invites UK top tier/related artists),2023-10-03 15:00:00,MICYDPRINT,53,23,6,0
031023_CUS_HKURALEMON - Available now,2023-10-03 14:00:00,HKURALEMON,343,130,40,1
AUT_SYLEEREADY - Email 1 (Product info),2023-10-03 13:45:11,SYLEEREADY,87,37,20,0
AUT_SYLEEREADY - Email 2 (Ready for launch),2023-10-03 12:33:38,SYLEEREADY,86,35,18,0
031023_CUS_MNAKAINSI - Early artist sign up sneak peek,2023-10-03 10:00:00,MNAKAINSI,96,68,15,0
031023_CUS_MNAKAINSI - JJ Haroshi SE sign ups sneak peek,2023-10-03 10:00:00,MNAKAINSI,12,9,4,0
031023_CUS_MNAKAINSI - JJ Haroshi SE buyers sneak peek,2023-10-03 10:00:00,MNAKAINSI,9,4,3,0
"220923_INS_INSIDERSEA - Curtis' Insiders (Miwa Komatsu, Johnson Tsang & Arghavan Khosravi)",2023-09-29 17:00:00,INSIDERSEA,118,47,15,1
"220923_INS_INSIDERSEA - Sofiya's Insiders (Miwa Komatsu, Johnson Tsang & Arghavan Khosravi)",2023-09-29 17:00:00,INSIDERSEA,90,43,14,0
"220923_INS_INSIDERSEA - General Insiders (Miwa Komatsu, Johnson Tsang & Arghavan Khosravi)",2023-09-29 17:00:00,INSIDERSEA,189,66,25,1
AUT_MARCUAFROP - Email 3 (Ready for launch),2023-09-29 16:54:35,MARCUAFROP,44,19,10,0
AUT_MARCUAFROP - Email 1 (Product info),2023-09-29 16:54:00,MARCUAFROP,43,21,9,0
290923_CUS_SALES - Dmitri XL Winners,2023-09-29 15:05:43,CHERNLACMA,5,5,0,0
290923_CUS_CHERNLACMA - Last chance (Abandoned cart follow-up),2023-09-29 13:22:00,CHERNLACMA,40,14,4,0
290923_CUS_MIWAKOCT23 - Announcement,2023-09-29 12:00:00,MIWAKOCT23,407,152,39,4
290923_CUS_MIWAKOCT23 - Announcement (JP collectors),2023-09-29 12:00:00,MIWAKOCT23,421,190,73,0
AUT_CHERNLACMA - Email 6 (Last chance),2023-09-29 11:39:37,CHERNLACMA,480,168,46,0
AUT_MARCUAFROP - Email 1 (Signup acknowledgement),2023-09-29 10:32:29,MARCUAFROP,0,0,0,0
AUT_CHERNLACMA - Email 5 (18 hours to go),2023-09-28 18:33:43,AIWEIWEI23,547,251,100,2
280923_CUS_CHERNLACMA - Available now (Offered early access previously),2023-09-28 14:45:00,CHERNLACMA,258,79,23,0
280923_GEN_CHERNLACMA - Available now (A),2023-09-28 14:00:00,CHERNLACMA,43714,6544,839,96
270923_CHERNLACMA - Buyers FAQ,2023-09-27 18:45:00,CHERNLACMA,176,108,15,0
270923_CUS_CHERNLACMA - 24 hours to go (Artist signups),2023-09-27 16:30:00,CHERNLACMA,42,12,1,0
270923_INS_INSIDERSEA - Sofiya's Insiders (Dmitri Cherniak Early Access),2023-09-27 16:15:00,INSIDERSEA,86,42,7,0
270923_INS_INSIDERSEA - Curtis' Insiders (Dmitri Cherniak Early Access),2023-09-27 16:15:00,INSIDERSEA,89,43,4,0
270923_INS_INSIDERSEA - General Insiders (Dmitri Cherniak Early Access),2023-09-27 16:15:00,INSIDERSEA,189,59,4,0
270923_CUS_CHERNLACMA - Early access (NFT past purchasers),2023-09-27 15:45:00,CHERNLACMA,257,117,65,0
270923_CUS_CHERNLACMA - Early access (Product signups),2023-09-27 15:45:00,CHERNLACMA,105,74,50,1
270923_CUS_CHERNLACMA - 24 hours to go (NFT audience),2023-09-27 15:15:00,CHERNLACMA,6079,1319,164,9
270923_CUS_BRIDGMONOT - Available now (Wider send),2023-09-27 15:00:00,BRIDGMONOT,116,70,32,0
270923_CUS_BRIDGMONOT - Available now,2023-09-27 14:00:00,BRIDGMONOT,17,9,5,0
260923_CUS_TSANGRMIND - Announcement,2023-09-27 10:30:00,TSANGRMIND,1978,716,397,1
"270923_CUS_TSANGRMIND - Tsang Early Access, Miss Outs",2023-09-27 10:30:00,TSANGRMIND,13,7,4,0
"270923_CUS_TSANGRMIND - Tsang Early Access, Parra Order 1",2023-09-27 10:30:00,TSANGRMIND,7,5,4,0
250923_CUS_MARCUAFROP - Announcement,2023-09-26 11:30:00,MARCUAFROP,366,132,25,2
250923_CUS_CHERNLACMA - Announcement (Low engagement cohort),2023-09-25 17:45:00,CHERNLACMA,10251,208,52,19
250923_GEN_CHERNLACMA - Announcement (JR suppressed recipients),2023-09-25 17:45:00,CHERNLACMA,602,232,66,0
AUT_CHERNLACMA - Email 2 (Edition details),2023-09-25 14:20:24,CHERNLACMA,686,321,64,2
250923_CUS_MARKWEARLY - Available now,2023-09-25 14:00:00,MARKWEARLY,273,90,40,0
AUT_CHERNLACMA - Email 1 Sign-up,2023-09-22 18:35:26,CHERNLACMA,654,311,71,0
"220923_INS_INSIDERSEA - Curtis' Insiders (So Youn Lee, Marcus Jansen & Hiroya Kurata)",2023-09-22 17:00:00,INSIDERSEA,93,49,14,0
"220923_INS_INSIDERSEA - Sofiya' Insiders (So Youn Lee, Marcus Jansen & Hiroya Kurata)",2023-09-22 17:00:00,INSIDERSEA,90,50,20,0
"220923_INS_INSIDERSEA - General Insiders (So Youn Lee, Marcus Jansen & Hiroya Kurata)",2023-09-22 17:00:00,INSIDERSEA,189,67,17,0
AUT_CHERNLACMA - Email 4 (Available now),2023-09-22 16:51:29,CHERNLACMA,641,344,198,1
AUT_CHERNLACMA - Email 3 (Ready for launch),2023-09-22 13:24:25,CHERNLACMA,0,0,0,0
210923_CUS_CHERNLACMA - Announcement (US only),2023-09-21 16:15:00,CHERNLACMA,7184,993,97,12
210923_CUS_CHERNLACMA - Announcement (NFT audience),2023-09-21 16:15:00,CHERNLACMA,6721,1710,407,22
210923_GEN_CHERNLACMA - Announcement (Version A),2023-09-21 14:00:00,CHERNLACMA,19222,4304,440,41
210923_CUS_JR542GIANT - Available now (Extended audience),2023-09-21 14:00:00,JR542GIANT,972,457,244,1
200923_CUS_HKURALEMON - Announcement,2023-09-21 11:15:00,SYLEEREADY,303,139,31,0
210923_CUS_CHERNLACMA - Ripcache Draw Losers - Dmitri Private Room,2023-09-21 10:00:00,CHERNLACMA,302,154,100,0
210923_CUS_CHERNLACMA - Ripcache Draw Losers - Already sent/bought Dmitri,2023-09-21 10:00:00,CHERNLACMA,3,1,0,0
200923_CUS_CHERNLACMA - Early Artist Sign Up Private Room,2023-09-20 16:00:00,CHERNLACMA,23,13,7,0
200923_CUS_SYLEEREADY - Announcement,2023-09-20 14:30:00,SYLEEREADY,666,235,49,0
"AUT_JR542GIANT - Email 3, Option 2 (Good luck, Day before launch)",2023-09-19 18:34:37,JR542GIANT,35,15,3,0
"190923_CUS_BRIDGMONOT - New York Collectors, private room",2023-09-19 12:00:00,BRIDGMONOT,174,88,25,2
"190923_CUS_MARKWEARLY - Cross Sell Mark Whalen, CRVM audience",2023-09-19 12:00:00,MARKWEARLY,87,28,19,1
190923_CUS_JR542GIANT - Private room Follow Up,2023-09-19 11:00:00,JR542GIANT,115,34,15,0
190923_CUS_NKSINDAVID - Available now (Artist signups),2023-09-19 11:00:00,NKSINDAVID,289,165,103,0
"CUS_JR542GIANT - Email 2, Option 1 (Never Bought)",2023-09-18 13:15:00,JR542GIANT,1,0,0,0
150923_CUS_NFTEVENTS - Twitter Space 2 Web3 event reminder,2023-09-15 17:30:00,TWITTERSPACE,6889,1490,91,35
"150923_INS_INSIDERSEA - Curtis' Insiders (JR, Mark Whalen & Bridget Mullen)",2023-09-15 17:00:00,INSIDERSEA,114,45,16,0
"150923_INS_INSIDERSEA - Sofiya's Insiders (JR, Mark Whalen & Bridget Mullen)",2023-09-15 17:00:00,INSIDERSEA,89,45,17,0
"150923_INS_INSIDERSEA - General Insiders (JR, Mark Whalen & Bridget Mullen)",2023-09-15 17:00:00,INSIDERSEA,187,67,12,0
150923_CUS_BRIDGMONOT - Announcement,2023-09-15 14:00:00,BRIDGMONOT,1014,303,47,4
"150923_CUS_SALES - 1 left, Sola Olulode",2023-09-15 13:00:00,CRMTESTING,25,13,9,0
"AUT_JR542GIANT - Email 2, Option 2 (Previously Bought)",2023-09-14 17:14:28,JR542GIANT,12,9,5,0
140923_CUS_MARKWEARLY - Announcement,2023-09-14 15:30:00,MARKWEARLY,178,65,18,0
AUT_JR542GIANT - Email 1 (Signup acknowledgement),2023-09-14 15:20:08,JR542GIANT,64,36,12,0
140923_GEN_JR542GIANT - Announcement - A variant,2023-09-14 12:00:00,,43095,6695,1081,77
"AUT_JR542GIANT - Email 2, Option 1 (Never Bought)",2023-09-14 12:55:22,JR542GIANT,27,13,4,0
"AUT_JR542GIANT - Email 3, Option 1 (One pre-order left, Day before launch)",2023-09-14 12:35:07,JR542GIANT,0,0,0,0
130923_CUS_JR542GIANT - Segment announcement (private room - Paris),2023-09-13 18:30:00,JR542GIANT,124,70,34,0
CUS_RIPCASECUR - Launch reminder,2023-09-13 16:15:00,RIPCASECUR,771,329,97,1
130923_CUS_JR542GIANT - Artist signup announcement,2023-09-13 15:30:00,JR542GIANT,176,99,60,0
AUT_NKSINDAVID - Email 4 (Available now),2023-09-13 15:21:00,NKSINDAVID,73,36,24,0
AUT_NKSINDAVID - Email 3 (Ready for launch),2023-09-13 15:18:57,NKSINDAVID,77,39,16,0
130923_CUS_Mark Whalen - Artist signup Sneak Peek,2023-09-13 15:15:00,MARKWEARLY,47,24,7,0
120923_CUS_TLONSDOVEP - Artist signups missed out,2023-09-12 16:30:00,TLONSDOVEP,13,7,2,0
120923_CUS_KATHEHUMIL - Artist signups missed out,2023-09-12 16:30:00,KATHEHUMIL,12,5,1,0
050923_CUS_JR542GIANT - Segment announcement (private room - Sofiya),2023-09-12 15:00:00,JR542GIANT,200,137,73,0
050923_CUS_JR542GIANT - Segment announcement (private room - Curtis),2023-09-12 15:00:00,JR542GIANT,3,2,1,0
120923_CUS_MARCEBLOOM - Available now (Artist signups),2023-09-12 14:00:00,MARCEBLOOM,21,8,3,1
080923_INS_INSIDERSEA - Curtis' Insiders (Fairs inventory push),2023-09-08 17:00:00,INSIDERSEA,94,42,12,0
080923_INS_INSIDERSEA - Sofiya's Insiders (Fairs inventory push),2023-09-08 17:00:00,INSIDERSEA,90,43,22,0
080923_INS_INSIDERSEA - General Insiders (Fairs inventory push),2023-09-08 17:00:00,INSIDERSEA,189,65,18,0
AUT_NKSINDAVID - Email 1 (Signup acknowledgement),2023-09-08 13:52:51,NKSINDAVID,75,40,17,0
070923_GEN_NEWSLETTER - September teaser (US test),2023-09-07 18:00:00,NEWSLETTER,4605,612,45,13
AUT_NKSINDAVID - Email 1b New signups (Welcome to Avant),2023-09-07 16:05:24,NKSINDAVID,5,2,0,0
AUT_NKSINDAVID - Email 2b new signups (intro to editions),2023-09-07 15:51:00,,5,2,1,0
AUT_NKSINDAVID - Email 2 (Product info),2023-09-07 13:52:14,NKSINDAVID,74,36,15,0
070923_GEN_NEWSLETTER - September teaser (EU & UK),2023-09-07 13:00:00,NEWSLETTER,26626,3953,320,57
070923_GEN_NEWSLETTER - September teaser (Asia Control),2023-09-07 13:00:00,NEWSLETTER,3532,660,56,7
070923_GEN_NEWSLETTER - September teaser (US control),2023-09-07 13:00:00,NEWSLETTER,4571,603,57,8
070923_GEN_NEWSLETTER - September teaser (Asia Test),2023-09-07 05:00:00,NEWSLETTER,3561,666,55,4
040923_GEN_BRIDGMONOT - CRM test early interest seeding,2023-09-06 15:30:00,BRIDGMONOT,171,75,17,2
"050923_CUS_SALES - Cross Sell Marcela Florido, Korean audience",2023-09-06 10:30:00,MARCEBLOOM,264,71,31,0
050923_CUS_PINSESUPER - Email 1 Draw Losers,2023-09-05 16:30:00,PINSESUPER,162,143,132,0
040923_CUS_NFTEVENTS - Twitter space Web3 event reminder,2023-09-04 18:00:00,TWITTERSPACE,7059,1511,107,32
010923_GEN_NEWSLETTER - New this week (Non-transactional),2023-09-01 18:00:00,NEWSLETTER,43599,6198,459,94
010923_INS_INSIDERSEA - Curtis' Insiders (Ripcache),2023-09-01 17:15:00,INSIDERSEA,118,32,8,0
010923_INS_INSIDERSEA - Sofiya's Insiders (Ripcache),2023-09-01 17:15:00,INSIDERSEA,87,37,11,0
010923_INS_INSIDERSEA - General Insiders (Ripcache),2023-09-01 17:15:00,INSIDERSEA,189,66,12,0
010923_CUS_YUNAGTOYCA - Artist signups missed out,2023-09-01 10:30:00,YUNAGTOYCA,231,83,32,0
AUT_TLONSDOVEP - Email 3 (Ready for launch),2023-09-01 09:19:21,TLONSDOVEP,71,22,7,0
300823_CUS_CRMTEST - PINS framing upsell (Super Glow),2023-08-31 12:30:00,CRMTESTING,100,43,17,0
AUT_MARCEBLOOM - Email 1 (Signup acknowledgement),2023-08-30 17:18:37,MARCEBLOOM,28,18,5,0
AUT_MARCEBLOOM - Email 3 (Ready for launch),2023-08-30 17:05:21,MARCEBLOOM,27,13,2,0
AUT_MARCEBLOOM - Email 2 (Product info),2023-08-30 17:04:06,MARCEBLOOM,27,14,2,0
AUT_MARCEBLOOM - Email 4 (Available now),2023-08-30 16:58:41,MARCEBLOOM,27,18,10,0
300823_CUS_SALES - Curtis - Sept monthly preview,2023-08-30 14:00:00,MONTHLYPREV,136,53,22,0
300823_CUS_SALES - Sofiya - Sept monthly preview,2023-08-30 14:00:00,MONTHLYPREV,108,69,43,0
300823_CUS_SALES - No Advisor Collectors - Sept monthly preview,2023-08-30 14:00:00,MONTHLYPREV,421,163,46,1
290823_CUS_PINSESUPER - Swap Shop live,2023-08-29 15:15:00,PINSESUPER,1868,509,153,3
250823_INS_INSIDERSEA - Sofiya's Insiders (NKSIN),2023-08-25 17:15:00,INSIDERSEA,91,44,18,0
250823_INS_INSIDERSEA - Curtis' Insiders (NKSIN),2023-08-25 17:15:00,INSIDERSEA,117,40,8,0
250823_INS_INSIDERSEA - General Insiders (NKSIN),2023-08-25 17:15:00,INSIDERSEA,190,77,27,0
250823_CUS_SURVEY - Whitepaper survey (Full base send),2023-08-25 16:15:00,SURVEY,47318,7616,1552,243
250823_CUS_SURVEY - Whitepaper survey (20% segment send - A),2023-08-25 13:30:00,SURVEY,11833,2017,436,69
240823_GEN_NKSINDAVID - Artist spotlight (control),2023-08-24 17:30:00,NKSINDAVID,21802,3037,244,42
240823_GEN_NKSINDAVID - Artist spotlight (test),2023-08-24 13:00:00,NKSINDAVID,21841,3219,269,32
240823_CUS_CRMTEST - Koato framing upsell (JP version),2023-08-24 11:15:00,CRMTESTING,182,123,72,0
240823_CUS_CRMTEST - Koato framing upsell (ENG version),2023-08-24 11:15:00,CRMTESTING,13,6,3,0
AUT_KATHEHUMIL - Email 1 (Signup acknowledgement),2023-08-23 15:45:37,KATHEHUMIL,21,18,4,0
AUT_KATHEHUMIL - Email 2 (Product info),2023-08-22 18:13:58,KATHEHUMIL,20,14,4,1
AUT_KATHEHUMIL - Email 4 (Available now),2023-08-22 17:01:33,KATHEHUMIL,19,12,5,0
AUT_KATHEHUMIL - Email 3 (Ready for launch),2023-08-22 16:53:46,KATHEHUMIL,19,11,2,0
220823_CUS_KATHEHUMIL - Announcement,2023-08-22 15:30:00,KATHEHUMIL,416,162,20,0
180823_GEN_NEWSLETTER - New this week,2023-08-18 17:30:00,NEWSLETTER,43664,6598,1033,88
180823_CUS_YUNAGTOYCA - Available now (Artist signups not in product flow),2023-08-18 14:00:00,YUNAGTOYCA,199,115,51,0
170823_CUS_CRMTEST - 1 left (Rooo Lou),2023-08-17 17:30:00,CRMTESTING,91,52,20,0
160823_CUS_CRMTEST - 1 left (Gisela McDaniel),2023-08-17 17:30:00,CRMTESTING,19,8,4,0
170823_CUS_CRMTEST - 1 left (Esiri Erheriene-Essi),2023-08-17 17:30:00,CRMTESTING,35,20,9,0
170823_CUS_CRMTEST - Tahnee Lonsdale & Amanda Baldwin 1 order upsell,2023-08-17 17:15:00,CRMTESTING,1524,426,60,1
160823_CUS_SBOZOAQUAR - Artist signups missed out,2023-08-16 11:10:00,SBOZOAQUAR,144,64,25,0
150823_CUS_JEANJTIMED - Apologies notice (incorrect edition email sent),2023-08-15 17:30:00,JEANJTIMED,284,135,10,0
150823_CUS_MARCEBLOOM - Announcement,2023-08-15 15:15:00,MARCEBLOOM,1481,463,40,6
150823_CUS_YUNAGTOYCA - Launch day update,2023-08-15 11:45:00,YUNAGTOYCA,16,6,2,0
140823_CUS_SBOZOAQUAR - Launching today (Draw miss-outs),2023-08-14 13:15:00,SBOZOAQUAR,124,62,32,1
120823_CUS_SALES - Calleja Order 1 Upsell (24 hour reminder),2023-08-12 14:00:00,ONCEICALLE,127,50,23,1
"110823_INS_INSIDERSEA - Curtis' Insiders (Paul Insect, Katherina Olschbaur & Marcela Florido)",2023-08-11 17:00:00,INSIDERSEA,118,45,13,0
"110823_INS_INSIDERSEA - Sofiya's Insiders (Paul Insect, Katherina Olschbaur & Marcela Florido)",2023-08-11 17:00:00,INSIDERSEA,91,45,29,0
"110823_INS_INSIDERSEA - General Insiders (Paul Insect, Katherina Olschbaur & Marcela Florido)",2023-08-11 17:00:00,INSIDERSEA,191,84,32,0
110823_CUS_PINSESUPER - Announcement,2023-08-11 16:00:00,PINSESUPER,1522,694,340,3
100823_GEN_NEWSLETTER - On show (Inventory push - control version),2023-08-10 17:30:00,NEWSLETTER,42932,6444,1188,78
100823_CUS_SALES - Calleja Order 1 Upsell,2023-08-10 14:00:00,ONCEICALLE,334,187,143,2
090823_CUS_SBOZOAQUAR - 1 purchase early access upsell,2023-08-09 17:15:00,SBOZOAQUAR,649,190,40,1
090823_CUS_YUNAGTOYCA - Japan-based collectors (Local lang test 2 - control),2023-08-09 09:30:00,YUNAGTOYCA,1258,558,192,1
080823_CUS_JULIANSCHOICE - Announcement,2023-08-08 17:30:00,JULIANSCHOICE,5699,1740,296,11
070823_CUS_TOTEBAGS01 - Announcement,2023-08-07 17:30:00,TOTEBAGS01,22675,3705,389,37
040823_GEN_NEWSLETTER - August teaser (Control),2023-08-04 17:30:00,NEWSLETTER,42675,6788,762,99
040823_INS_INSIDERSEA - Sofiya's Insiders (Tahnee Lonsdale & Artist bags - excl UK),2023-08-04 17:00:00,INSIDERSEA,77,32,6,0
040823_INS_INSIDERSEA - Curtis' Insiders (Tahnee Lonsdale & Artist bags - excl UK),2023-08-04 17:00:00,INSIDERSEA,91,41,11,0
040823_INS_INSIDERSEA - General Insiders (Tahnee Lonsdale & Artist bags - excl UK),2023-08-04 17:00:00,INSIDERSEA,176,69,17,0
040823_INS_INSIDERSEA - Curtis' Insiders UK version (Tahnee Lonsdale),2023-08-04 17:00:00,INSIDERSEA,7,4,0,0
040823_INS_INSIDERSEA - General Insiders UK version (Tahnee Lonsdale),2023-08-04 17:00:00,INSIDERSEA,13,7,3,0
040823_CUS_YUNAGTOYCA - Japanese past-purchasers (local lang test- A),2023-08-04 00:30:00,YUNAGTOYCA,55,31,16,0
AUT_TLONSDOVEP - Email 2 (Product info),2023-08-03 12:03:19,TLONSDOVEP,75,28,13,0
AUT_TLONSDOVEP - Email 4 (Available now),2023-08-03 10:43:03,TLONSDOVEP,67,31,17,0
AUT_TLONSDOVEP - Email 1 (Signup acknowledgement),2023-08-02 17:08:05,TLONSDOVEP,76,39,14,1
AUT_AMANDBELLB - Email 3 (Ready for launch),2023-08-02 16:05:00,AMANDBELLB,29,14,0,0
020823_CUS_TLONSDOVEP - Announcement,2023-08-02 15:15:00,TLONSDOVEP,1048,360,66,4
AUT_AMANDBELLB - Email 2 (Product info),2023-08-01 16:14:34,AMANDBELLB,32,16,5,0
AUT_AMANDBELLB - Email 1 (Signup acknowledgement),2023-08-01 13:00:58,AMANDBELLB,35,18,4,0
AUT_AMANDBELLB - Email 4 (Available now),2023-08-01 12:47:09,AMANDBELLB,30,19,17,0
010823_CUS_JJHARTRESP - Verdigris announcement,2023-08-01 11:30:00,,4344,1335,135,17
310723_CUS_SALES - Curtis' Collectors monthly preview (excl. Studio Works),2023-07-31 14:00:00,MONTHLYPREV,137,63,22,0
310723_CUS_SALES - Sofiya's Collectors monthly preview (excl. Studio Works),2023-07-31 14:00:00,MONTHLYPREV,105,69,41,0
310723_CUS_SALES - No Advisor Collectors monthly preview (excl. Studio Works),2023-07-31 14:00:00,MONTHLYPREV,421,183,57,1
280723_GEN_NEWSLETTER - New this week,2023-07-28 18:15:00,NEWSLETTER,43246,6655,1072,108
280723_INS_INSIDERSEA - Sofiya's Insiders (Amanda Baldwin & Kotao Tomozawa),2023-07-28 17:00:00,INSIDERSEA,89,51,21,0
280723_INS_INSIDERSEA - General Insiders (Amanda Baldwin & Kotao Tomozawa),2023-07-28 17:00:00,INSIDERSEA,163,72,25,0
280723_INS_INSIDERSEA - Curtis' Insiders (Amanda Baldwin & Kotao Tomozawa),2023-07-28 17:00:00,INSIDERSEA,100,51,13,0
280723_CUS_AMANDBELLB - Announcement,2023-07-28 15:50:00,AMANDBELLB,687,247,40,2
270723_CUS_NEWSLETTER - Summer selection (Inventory),2023-07-27 18:30:00,NEWSLETTER,2441,764,109,8
AUT_SBOZOAQUAR - Email 1 (Signup acknowledgement),2023-07-26 15:32:55,SBOZOAQUAR,169,90,41,0
AUT_SBOZOAQUAR - Email 4 (Available now),2023-07-26 15:28:13,SBOZOAQUAR,153,98,72,0
AUT_SBOZOAQUAR - Email 3 (Ready for launch),2023-07-26 15:24:13,SBOZOAQUAR,149,64,11,0
260723_CUS_AIWEIWEI23 - Available now (Glass Vase),2023-07-26 13:50:00,AIWEIWEI23,1334,907,776,2
AUT_SBOZOAQUAR - Email 2 (Product info),2023-07-26 12:36:03,SBOZOAQUAR,161,91,37,1
AUT_YUNAGTOYCA - Email 1 (Signup acknowledgement),2023-07-25 16:31:50,YUNAGTOYCA,18,9,6,0
AUT_YUNAGTOYCA - Email 3 (Ready for launch),2023-07-25 15:32:25,YUNAGTOYCA,17,7,3,0
AUT_YUNAGTOYCA - Email 2 (Product info),2023-07-25 14:46:21,YUNAGTOYCA,17,7,2,0
AUT_YUNAGTOYCA - Email 4 (Available now),2023-07-25 14:30:21,YUNAGTOYCA,17,8,6,0
"210723_INS_INSIDERSEA - Sofiya's Insiders (Yu Nagaba, Szabolcs Bozo, JJxHaroshi)",2023-07-21 17:00:00,INSIDERSEA,91,65,54,0
"210723_INS_INSIDERSEA - Curtis' Insiders (Yu Nagaba, Szabolcs Bozo, JJxHaroshi)",2023-07-21 17:00:00,INSIDERSEA,120,54,37,0
"210723_INS_INSIDERSEA - General Insiders (Yu Nagaba, Szabolcs Bozo, JJxHaroshi)",2023-07-21 17:00:00,INSIDERSEA,191,93,51,0
200723_GEN_SBOZOAQUAR - Artist spotlight (control),2023-07-20 18:00:00,SBOZOAQUAR,38666,5269,531,81
190723_CUS_YUNAGTOYCA - Announcement,2023-07-19 16:15:00,YUNAGTOYCA,905,346,108,0
AUT_PARLAPHOSP - Email 8 (Post-purchase framing + upsell),2023-07-17 17:41:55,PARLAPHOSP,130,65,25,0
140723_INS_INSIDERSEA - Curtis' Insiders (Jake Fried & Brice Guilbert),2023-07-14 17:00:00,INSIDERSEA,101,43,11,0
140723_INS_INSIDERSEA - General Insiders (Jake Fried & Brice Guilbert),2023-07-14 17:00:00,INSIDERSEA,165,67,13,0
140723_INS_INSIDERSEA - Sofiya's Insiders (Jake Fried & Brice Guilbert),2023-07-14 17:00:00,INSIDERSEA,81,44,16,0
120723_GEN_NEWSLETTER - On show (Inventory push),2023-07-13 18:00:00,NEWSLETTER,32882,4868,440,56
110723_CUS_JJHARTRESP - VIP preview invite (JP collectors),2023-07-11 00:00:00,JJHARTRESP,3340,1382,444,5
070723_INS_INSIDERSEA - Curtis' Insiders (Larry Bell & Brice Guilbert),2023-07-07 17:15:00,INSIDERSEA,101,47,10,0
070723_INS_INSIDERSEA - Sofiya's Insiders (Larry Bell & Brice Guilbert),2023-07-07 17:15:00,INSIDERSEA,82,50,20,1
070723_INS_INSIDERSEA - General Insiders (Larry Bell & Brice Guilbert),2023-07-07 17:15:00,INSIDERSEA,166,82,27,0
AUT_ONCEICALLE - Email 8 (Post-purchase framing + upsell),2023-07-07 12:16:41,ONCEICALLE,0,0,0,0
070723_CUS_JJHARTRESP - JP collectors exhibition promo,2023-07-07 11:00:00,JJHARTRESP,342,144,44,0
AUT_TSANGSOULT - Email 4 (Available now),2023-07-06 13:26:48,TSANGSOULT,212,130,99,1
050723_CUS_JEANJTIMED - 1 order upsell (print & >1k budget segment cross-sell),2023-07-05 20:30:00,JEANJTIMED,2396,688,189,9
050723_CUS_SALES - Gioia Collectors monthly preview,2023-07-05 16:45:00,,35,24,10,0
050723_CUS_AIWEIWEI23 - Glass Vase purchaser update,2023-07-05 16:15:00,AIWEIWEI23,249,189,147,0
050723_CUS_JEANJTIMED - Timing correction (flow signups),2023-07-05 14:50:00,JEANJTIMED,418,206,79,0
040723_GEN_JEANJTIMED - Available now (control),2023-07-05 14:00:00,JEANJTIMED,32245,5642,868,73
AUT_JEANJTIMED - Email 4 (Available now),2023-07-05 13:52:25,JEANJTIMED,447,240,137,1
300623_CUS_AVANTMEDIC - 1st round artist announcement,2023-06-30 17:45:00,AVANTMEDIC,9930,1844,313,45
300623_INS_INSIDERSEA - Sofiya's Insiders (Jean Jullien),2023-06-30 17:00:00,INSIDERSEA,88,48,15,1
300623_INS_INSIDERSEA - Curtis' Insiders (Jean Jullien),2023-06-30 17:00:00,INSIDERSEA,100,45,15,0
300623_INS_INSIDERSEA - General Insiders (Jean Jullien),2023-06-30 17:00:00,INSIDERSEA,194,74,20,0
300623_CUS_JJHARTRESP - Announcement,2023-06-30 14:00:00,,3539,1371,676,7
AUT_JEANJTIMED - Email 2 (Edition details),2023-06-30 12:40:08,JEANJTIMED,448,180,55,0
AUT_JEANJTIMED - Email 1 Sign-up,2023-06-29 17:10:04,JEANJTIMED,441,206,78,0
280623_GEN_JEANJTIMED - Announcement,2023-06-28 17:15:00,JEANJTIMED,32195,5586,807,70
AUT_JEANJTIMED - Email 3 (Ready for launch),2023-06-28 16:59:54,JEANJTIMED,448,200,67,3
AUT_JEANJTIMED - Email 5 (12 hours to go),2023-06-28 16:55:20,JEANJTIMED,776,323,139,1
AUT_JEANJTIMED - Email 6 (Last chance),2023-06-28 16:50:13,JEANJTIMED,324,125,55,0
130623_CUS_PRODUCT - Collective closing notice (Clone),2023-06-27 23:30:00,COLLECTIVE,2145,693,68,3
2740623_CUS_AVANTMEDIC - Medici partnership announcement (NFT audience),2023-06-27 17:00:00,AVANTMEDIC,3592,632,97,40
2740623_GEN_AVANTMEDIC - Medici partnership announcement,2023-06-27 17:00:00,AVANTMEDIC,26612,4868,518,63
AUT_AIWEWEI23 - Email 9 (Post-purchase framing + upsell),2023-06-27 16:33:47,AIWEIWEI23,0,0,0,0
AUT_TSANGSOULT - Email 2 (Product info),2023-06-27 12:43:47,DANORWARMG,233,110,53,0
260623_CUS_PEYTONATPG - Last chance (engaged with previous send),2023-06-26 12:06:00,PEYTONATPG,3392,1910,124,11
AUT_PEYTONATPG - Email 4 (Combined - 2 hours to go),2023-06-23 17:54:08,PEYTONATPG,15,4,1,0
230623_INS_INSIDERSEA - Sofiya's Insiders (Johnson Tsang),2023-06-23 17:00:00,INSIDERSEA,71,38,18,0
230623_INS_INSIDERSEA - Gioia's Insiders (Johnson Tsang),2023-06-23 17:00:00,INSIDERSEA,97,53,6,0
230623_INS_INSIDERSEA - General Insiders (Johnson Tsang),2023-06-23 17:00:00,INSIDERSEA,88,43,11,0
230623_INS_INSIDERSEA - Curtis' Insiders (Johnson Tsang),2023-06-23 17:00:00,INSIDERSEA,114,45,6,0
230623_CUS_PARLAPHOSP - Email 7 (Post-purchase check-in - timeline correction),2023-06-23 16:17:00,PARLAPHOSP,142,74,2,0
110723_CUS_PARLAPHOSP - Email 7 (Post-purchase check-in - non-flow buyers mop-up),2023-06-23 16:15:00,PARLAPHOSP,141,62,4,0
AUT_TSANGSOULT - Email 3 (Ready for launch),2023-06-23 14:25:09,TSANGSOULT,228,86,23,1
AUT_TSANGSOULT - Email 1 (Signup acknowledgement),2023-06-23 13:41:58,TSANGSOULT,234,118,61,0
220623_CUS_TSANGSOULT - 1 purchase early access upsell,2023-06-22 17:30:00,TSANGSOULT,1441,596,123,1
AUT_PEYTONATPG - Email 3 (Frederick - Halfway through),2023-06-22 12:25:09,PEYTONATPG,42,19,9,0
AUT_PEYTONATPG - Email 3 (Mai - Halfway through),2023-06-22 12:25:03,PEYTONATPG,53,22,6,0
AUT_PARLAPHOSP - Email 7 (Post-purchase check-in),2023-06-21 16:11:54,PARLAPHOSP,142,74,6,0
200623_CUS_RTRAVCHATT - Available now,2023-06-20 14:00:00,RTRAVCHATT,93,54,31,0
130623_CUS_PRODUCT - Collective closing notice,2023-06-19 18:00:00,COLLECTIVE,2153,632,72,5
190623_GEN_PEYTONATPG - Available now,2023-06-19 14:00:00,PEYTONATPG,32030,6396,665,75
AUT_PEYTONATPG - Email 2 (Mai - Available now),2023-06-19 13:59:53,PEYTONATPG,55,33,18,0
170623_CUS_TSANGSOULT - Announcement,2023-06-17 11:00:00,TSANGSOULT,1536,595,306,2
AUT_PEYTONATPG - Email 1 (Combined - Acknowledgement & Product info),2023-06-16 17:19:53,PEYTONATPG,17,6,3,0
AUT_PEYTONATPG - Email 1 (Frederick Acknowledgement & Product info),2023-06-16 17:14:33,PEYTONATPG,43,18,7,0
AUT_PEYTONATPG - Email 1 (Mai Acknowledgement & Product info),2023-06-16 17:13:50,PEYTONATPG,53,22,7,0
AUT_PEYTONATPG - Email 3 (Combined - Halfway through),2023-06-16 17:08:23,PEYTONATPG,15,4,2,0
160623_INS_INSIDERSEA - Sofiya's Insiders (Elizabeth Peyton),2023-06-16 17:00:00,INSIDERSEA,71,34,12,0
160623_INS_INSIDERSEA - Gioia's Insiders (Elizabeth Peyton),2023-06-16 17:00:00,INSIDERSEA,98,56,13,0
160623_INS_INSIDERSEA - General Insiders (Elizabeth Peyton),2023-06-16 17:00:00,INSIDERSEA,90,42,9,0
160623_INS_INSIDERSEA - Curtis' Insiders (Elizabeth Peyton),2023-06-16 17:00:00,INSIDERSEA,97,42,7,0
AUT_PEYTONATPG - Email 5 (Combined - 24 hours to go),2023-06-16 17:00:33,PEYTONATPG,15,5,3,0
AUT_PEYTONATPG - Email 2 (Combined- Available now),2023-06-16 16:56:44,PEYTONATPG,17,8,5,0
AUT_PEYTONATPG - Email 4 (Frederick - 2 hours to go),2023-06-16 16:52:28,PEYTONATPG,42,8,1,0
AUT_PEYTONATPG - Email 4 (Mai - 24 hours to go),2023-06-16 16:39:26,PEYTONATPG,54,19,9,0
AUT_PEYTONATPG - Email 2 (Frederick - Available now),2023-06-16 16:32:10,PEYTONATPG,44,18,11,0
AUT_PEYTONATPG - Email 5 (Frederick - 24 hours to go),2023-06-16 16:30:49,PEYTONATPG,42,14,5,0
AUT_PEYTONATPG - Email 4 (Mai - 2 hours to go),2023-06-16 16:20:48,PEYTONATPG,54,20,9,0
160623_CUS_MRINAUNTTL - Available now,2023-06-16 13:50:00,MRINAUNTTL,111,66,50,0
160623_GEN_LYLUVLDN23 - Available now,2023-06-16 11:00:00,LYLUVLDN23,30304,5099,750,63
AUT_LYLUVLDN23 - Available now (LUV'S BURGERS),2023-06-16 10:29:23,LYLUVLDN23,50,41,33,0
150623_CUS_LYLUVLDN23 - Last chance (Past purchasers),2023-06-15 11:00:00,LYLUVLDN23,45,24,9,0
150623_CUS_LYLUVLDN23 - JP based collectors last chance,2023-06-15 11:00:00,LYLUVLDN23,660,359,98,0
140623_GEN_NEWSLETTER - Art Basel Inventory,2023-06-14 18:00:00,NEWSLETTER,32025,5441,471,59
130623_CUS_LYLUVLDN23 - Opening party attendees reminder,2023-06-13 17:30:00,LYLUVLDN23,91,49,10,0
120623_CUS_MCCOYTIFFT - Announcement,2023-06-12 18:15:00,,360,116,33,1
120623_GEN_PEYTONATPG - Announcement,2023-06-12 17:30:00,PEYTONATPG,31961,5910,506,83
AUT_MCCOYTIFFT - Email 4 (Available now),2023-06-12 17:26:29,MCCOYTIFFT,16,11,7,0
AUT_MCCOYTIFFT - Email 3 (Ready for launch),2023-06-12 17:25:29,MCCOYTIFFT,16,7,2,0
AUT_MCCOYTIFFT - Email 2 (Product info),2023-06-12 17:24:38,MCCOYTIFFT,17,8,2,0
AUT_MCCOYTIFFT - Email 1 (Signup acknowledgement),2023-06-12 17:23:12,MCCOYTIFFT,18,11,4,0
AUT_DANORWARMG - Email 4 (Available now),2023-06-12 16:11:40,DANORWARMG,44,30,18,1
090623_CUS_LYLUVLDN23 - JP based collectors,2023-06-10 02:00:00,LYLUVLDN23,670,462,253,0
AUT_LYLUVLDN23 - Email 1 - Signed up to all editions (Signup acknowledgement),2023-06-09 17:27:59,LYLUVLDN23,0,0,0,0
AUT_LYLUVLDN23 - Available now (All editions),2023-06-09 17:25:08,LYLUVLDN23,0,0,0,0
"AUT_LYLUVLDN23 - Available now (LUV'S DOG ""PARK"")",2023-06-09 17:24:11,LYLUVLDN23,97,82,61,0
AUT_LYLUVLDN23 - Available now (LUV'S BURGERS & LIVING WITH LUV),2023-06-09 17:07:42,LYLUVLDN23,0,0,0,0
090623_INS_INSIDERSEA - General Insiders (Shania McCoy & Grant Riven Yun),2023-06-09 17:00:00,INSIDERSEA,88,40,7,0
090623_INS_INSIDERSEA - Gioia's Insiders (Shania McCoy & Grant Riven Yun),2023-06-09 17:00:00,INSIDERSEA,100,60,14,0
090623_INS_INSIDERSEA - Sofiya's Insiders (Shania McCoy & Grant Riven Yun),2023-06-09 17:00:00,INSIDERSEA,74,40,16,0
090623_INS_INSIDERSEA - Curtis' Insiders (Shania McCoy & Grant Riven Yun),2023-06-09 17:00:00,INSIDERSEA,100,38,6,0
AUT_LYLUVLDN23 - Email 1 - LUV'S BURGERS & LIVING WITH LUV (Signup acknowledgement),2023-06-09 17:02:38,LYLUVLDN23,0,0,0,0
AUT_LYLUVLDN23 - Email 3 (Ready for launch - LUV'S DOG PARK),2023-06-09 16:30:05,LYLUVLDN23,96,60,25,0
AUT_LYLUVLDN23 - Email 2 (Product info),2023-06-09 16:26:32,LYLUVLDN23,97,48,9,0
AUT_LYLUVLDN23 - Available now (LIVING WITH LUV),2023-06-09 16:26:10,LYLUVLDN23,27,21,15,0
AUT_LYLUVLDN23 - Email 1 - LUV'S DOG PARK (Signup acknowledgement),2023-06-09 16:25:51,LYLUVLDN23,97,58,26,0
AUT_LYLUVLDN23 - Email 1 - LUV'S BURGERS (Signup acknowledgement),2023-06-09 16:25:36,LYLUVLDN23,52,37,21,0
AUT_LYLUVLDN23 - Email 1 - LIVING WITH LUV (Signup acknowledgement),2023-06-09 16:25:23,LYLUVLDN23,25,16,5,0
090623_CUS_LYLUVLDN23 - Past purchasers,2023-06-09 16:00:00,LYLUVLDN23,55,28,14,0
090623_CUS_LYLUVLDN23 - LY-related Audience (non-UK) without advisors,2023-06-09 16:00:00,LYLUVLDN23,634,318,154,0
080623_CUS_GRIVEFALLP - Announcement,2023-06-08 15:15:00,GRIVEFALLP,2374,608,282,11
060623_CUS_CRXVMSTRAW - Available now,2023-06-06 14:00:00,CRXVMSTRAW,966,392,222,0
010623_INS_INSIDERSEA - Gioia's Insiders (Ryan Travis Christian & LY),2023-06-02 16:30:00,INSIDERSEA,100,68,35,0
010623_INS_INSIDERSEA - General Insiders (Ryan Travis Christian & LY),2023-06-02 16:30:00,INSIDERSEA,88,39,17,0
010623_INS_INSIDERSEA - Sofiya's Insiders (Ryan Travis Christian & LY),2023-06-02 16:30:00,INSIDERSEA,75,52,29,0
010623_INS_INSIDERSEA - Curtis' Insiders (Ryan Travis Christian & LY),2023-06-02 16:30:00,INSIDERSEA,100,51,32,0
310523_CUS_DANORWARMG - Announcement,2023-05-31 15:00:00,DANORWARMG,994,254,45,0
300523_CUS_AJOHNDREAM - Available now,2023-05-31 14:00:00,AJOHNDREAM,18,14,9,0
260523_CUS_CRXVMSTRAW - Announcement,2023-05-30 17:30:00,CRXVMSTRAW,931,375,177,3
300523_CUS_RTRAVCHATT - Announcement,2023-05-30 16:15:00,RTRAVCHATT,889,449,65,1
AUT_DANORWARMG - Email 3 (Ready for launch),2023-05-30 15:34:54,DANORWARMG,28,15,2,0
AUT_DANORWARMG - Email 2 (Product info),2023-05-30 15:33:53,DANORWARMG,37,17,8,0
300523_ABNEYSUPER - Email 7 (Post-purchase check-in - users not in flow),2023-05-30 15:00:00,ABNEYSUPER,123,74,2,0
260523_INS_INSIDERSEA - General Insiders (Danielle Orchard & Christian Rex Van Minnen),2023-05-26 16:45:00,INSIDERSEA,88,45,20,0
260523_INS_INSIDERSEA - Sofiya's Insiders (Danielle Orchard & Christian Rex Van Minnen),2023-05-26 16:30:00,INSIDERSEA,76,43,20,0
260523_INS_INSIDERSEA - Curtis' Insiders (Danielle Orchard & Christian Rex Van Minnen),2023-05-26 16:30:00,INSIDERSEA,101,34,9,0
260523_INS_INSIDERSEA - Gioia's Insiders (Danielle Orchard & Christian Rex Van Minnen),2023-05-26 16:30:00,INSIDERSEA,100,51,13,0
AUT_DANORWARMG - Email 1 (Signup acknowledgement),2023-05-26 16:14:10,DANORWARMG,37,26,10,0
250523_CUS_LYLUVLDN23 - Announcement (Artist signups),2023-05-26 11:00:00,LYLUVLDN23,4646,1134,350,11
220523_CUS_MRINAUNTTL - Announcement,2023-05-25 18:00:00,MRINAUNTTL,945,338,50,7
250523_CUS_JTSANBLOCK - Available now,2023-05-25 14:00:00,JTSANBLOCK,281,185,151,0
AUT_ABNEYSUPER - Email 7 (Post-purchase check-in),2023-05-25 12:44:12,ABNEYSUPER,57,32,1,0
240323_CUS_AJOHNDREAM - Launch update (product signups),2023-05-24 17:00:00,AJOHNDREAM,17,5,0,0
240523_CUS_ JTSANBLOCK - Launching tomorrow (artist signups excl product signups),2023-05-24 15:15:00,JTSANBLOCK,970,326,93,1
230523_CUS_JTSANBLOCK - 1 purchase early access upsell (cross-sell audience),2023-05-24 14:00:00,JTSANBLOCK,4368,1354,300,8
230523_CUS_SEGUNSWEET - Available now,2023-05-23 15:30:00,SEGUNSWEET,14,12,9,0
230523_CUS_LYLUVLDN23 - Exhibition invite cross-sell,2023-05-23 15:15:00,LYLUVLDN23,324,116,33,0
190523_INS_INSIDERSEA - General Insiders (Marina Perez Simao & LY event invite),2023-05-19 16:30:00,INSIDERSEA,92,40,11,0
190523_INS_INSIDERSEA - Curtis' Insiders (Marina Perez Simao & LY event invite),2023-05-19 16:30:00,INSIDERSEA,113,45,16,0
190523_INS_INSIDERSEA - Gioia's Insiders (Marina Perez Simao & LY event invite),2023-05-19 16:30:00,INSIDERSEA,108,54,17,0
190523_INS_INSIDERSEA - Sofiya's Insiders (Marina Perez Simao & LY event invite),2023-05-19 16:30:00,INSIDERSEA,91,44,25,0
180523_CUS_PARLAPHOSP - The Founders purchasers cross-sell,2023-05-18 12:15:00,PARLAPHOSP,287,129,47,0
180523_CUS_PARLAPHOSP - In case you missed it (US artist signups),2023-05-18 02:00:00,PARLAPHOSP,140,39,19,0
AUT_PARLAPHOSP - Email 5 (12 hours to go),2023-05-17 18:03:44,PARLAPHOSP,387,150,57,0
170523_GEN_PARLAPHOSP - Available now,2023-05-17 14:00:00,PARLAPHOSP,30239,5334,697,41
170523_CUS_PARLAPHOSP - Available now,2023-05-17 14:00:00,PARLAPHOSP,889,321,156,0
170523_CUS_PARLAPHOSP - Meditation event reminder,2023-05-17 14:00:00,PARLAPHOSP,2,2,0,0
AUT_YUNAGTIMED - Email 9 (Post-purchase framing + upsell),2023-05-16 15:14:15,YUNAGTIMED,121,67,37,0
160423_INS_PARLAPHOSP - Available now (Curtis' Insiders),2023-05-16 14:00:00,PARLAPHOSP,111,44,12,0
160423_INS_PARLAPHOSP - Available now (Gioia's Insiders),2023-05-16 14:00:00,PARLAPHOSP,108,59,19,0
160423_INS_PARLAPHOSP - Available now (General Insiders),2023-05-16 14:00:00,PARLAPHOSP,92,38,11,0
160423_INS_PARLAPHOSP - Available now (Sofiya's Insiders),2023-05-16 14:00:00,PARLAPHOSP,91,49,24,0
AUT_GABRITIMED - Email 9 (Post-purchase framing + upsell),2023-05-16 12:42:01,GABRITIMED,68,34,12,0
AUT_PARLAPHOSP - Email 4 (Available now),2023-05-15 11:29:29,PARLAPHOSP,473,298,200,0
AUT_PARLAPHOSP - Email 3 (Ready for launch),2023-05-15 11:06:02,PARLAPHOSP,500,254,71,0
120523_INS_INSIDERSEA - Gioia's Insiders (Aaron Johnson & Takeru Amano),2023-05-12 16:30:00,INSIDERSEA,108,61,17,0
120523_INS_INSIDERSEA - Curtis' Insiders (Aaron Johnson & Takeru Amano),2023-05-12 16:30:00,INSIDERSEA,113,40,8,0
120523_INS_INSIDERSEA - General Insiders (Aaron Johnson & Takeru Amano),2023-05-12 16:30:00,INSIDERSEA,93,37,12,0
120523_INS_INSIDERSEA - Sofiya's Insiders (Aaron Johnson & Takeru Amano),2023-05-12 16:30:00,INSIDERSEA,91,49,18,0
AUT_PARLAPHOSP - Email 2 (Edition details),2023-05-11 17:05:36,PARLAPHOSP,497,205,59,0
AUT_PARLAPHOSP - Email 1 Sign-up,2023-05-11 15:56:03,PARLAPHOSP,474,239,56,0
AUT_PARLAPHOSP - Email 6 (Last chance),2023-05-11 15:38:38,PARLAPHOSP,366,136,57,0
AUT_PARLAPHOSP - Email 7 (Post-purchase check-in),2023-05-11 15:27:38,PARLAPHOSP,3,2,0,0
110523_CUS_AIWEIWEI23 - Available now,2023-05-11 14:00:00,AIWEIWEI23,496,386,308,0
100523_GEN_PARLAPHOSP - Announcement,2023-05-10 18:30:00,PARLAPHOSP,30760,6469,1022,29
100523_CUS_AIWEIWEI23 - Launch reminder,2023-05-10 17:45:00,AIWEIWEI23,1812,1034,601,0
AUT_SEGUNSWEET - Email 4 (Available now),2023-05-10 16:18:42,SEGUNSWEET,19,10,7,0
AUT_SEGUNSWEET - Email 1 (Signup acknowledgement),2023-05-10 16:17:51,SEGUNSWEET,22,13,5,0
AUT_SEGUNSWEET - Email 2 (Product info),2023-05-10 16:15:24,SEGUNSWEET,22,12,4,0
AUT_SEGUNSWEET - Email 3 (Ready for launch),2023-05-10 15:57:31,SEGUNSWEET,21,10,2,0
100523_CUS_PARLAPHOSP - Announcement (Artist signups),2023-05-10 14:00:00,PARLAPHOSP,516,268,154,0
090523_CUS_SHIGKDAZZL - Available now,2023-05-09 11:00:00,SHIGKDAZZL,95,61,40,0
050523_CUS_AJOHNDREAM - Announcement,2023-05-05 16:45:00,AJOHNDREAM,2258,998,99,3
050523_CUS_SMORRINDUS - Available now,2023-05-05 14:00:00,SMORRINDUS,19,9,4,0
"040523_INS_INSIDERSEA - General Insiders (Deborah Segun, Johnson Tsang, Jenna Gribbon & Maxwell Mustardo)",2023-05-04 17:15:00,INSIDERSEA,91,37,17,0
"040523_INS_INSIDERSEA - Gioia's Insiders (Deborah Segun, Johnson Tsang, Jenna Gribbon & Maxwell Mustardo)",2023-05-04 17:15:00,INSIDERSEA,108,55,10,0
"040523_INS_INSIDERSEA - Curtis' Insiders (Deborah Segun, Johnson Tsang, Jenna Gribbon & Maxwell Mustardo)",2023-05-04 17:15:00,INSIDERSEA,111,45,15,0
"040523_INS_INSIDERSEA - Sofiya's Insiders (Deborah Segun, Johnson Tsang, Jenna Gribbon & Maxwell Mustardo)",2023-05-04 17:15:00,INSIDERSEA,92,50,23,0
040523_CUS_ JTSANBLOCK - Announcement,2023-05-04 11:15:00,JTSANBLOCK,1458,469,212,1
020523_GEN_NEWSLETTER - May teaser,2023-05-03 18:00:00,NEWSLETTER,31067,5407,408,43
030523_CUS_JGRIBBSHADE - Announcement,2023-05-03 15:15:00,,774,177,22,1
AUT_ABNEYSUPER - Email 6 (Last chance),2023-04-30 12:49:35,ABNEYSUPER,129,39,11,0
280423_GEN_ABNEYSUPER - Available now,2023-04-28 17:00:00,ABNEYSUPER,30845,5574,798,29
280423_INS_ABNEYSUPER - Available now (General Insiders),2023-04-28 16:00:00,INSIDERSEA,91,32,8,0
280423_INS_ABNEYSUPER - Available now (Gioia's Insiders),2023-04-28 16:00:00,INSIDERSEA,107,57,4,0
280423_INS_ABNEYSUPER - Available now (Sofiya's Insiders),2023-04-28 16:00:00,INSIDERSEA,94,34,9,0
280423_INS_ABNEYSUPER - Available now (Curtis' Insiders),2023-04-28 16:00:00,INSIDERSEA,113,40,6,0
AUT_ABNEYSUPER - Email 4 (Available now),2023-04-28 14:55:59,ABNEYSUPER,184,107,60,0
AUT_ABNEYSUPER - Email 5 (24 hours to go),2023-04-28 11:56:28,ABNEYSUPER,140,60,17,1
AUT_AIWEIWEI23 - Email 7 Post-purchase,2023-04-28 10:10:43,AIWEIWEI23,491,306,71,1
270423_CUS_CHENWPOETI - Available now,2023-04-27 14:00:00,CHENWPOETI,55,43,32,0
AUT_ONCEICALLE - Email 7 (Post-purchase check-in),2023-04-26 17:11:56,ONCEICALLE,274,180,96,0
AUT_ABNEYSUPER - Email 3 (Ready for launch),2023-04-26 11:16:59,ABNEYSUPER,185,76,16,1
210423_INS_INSIDERSEA - Gioia Insiders ( Shigeki Matsuyama & Sarah Morris),2023-04-21 16:15:00,INSIDERSEA,107,58,14,0
210423_INS_INSIDERSEA - Curtis' Insiders ( Shigeki Matsuyama & Sarah Morris),2023-04-21 16:15:00,INSIDERSEA,113,45,15,0
210423_INS_INSIDERSEA - Sofiya's Insiders ( Shigeki Matsuyama & Sarah Morris),2023-04-21 16:15:00,INSIDERSEA,95,43,17,0
210423_INS_INSIDERSEA - General Insiders ( Shigeki Matsuyama & Sarah Morris),2023-04-21 16:15:00,INSIDERSEA,92,42,13,0
AUT_ABNEYSUPER - Email 1 Sign-up,2023-04-20 14:10:49,ABNEYSUPER,166,95,29,0
310323_CUS_HIKARCHILD - Available now,2023-04-20 14:00:00,HIKARCHILD,36,24,12,0
AUT_ABNEYSUPER - Email 2 (Edition details),2023-04-20 11:07:04,ABNEYSUPER,185,83,23,0
190423_CUS_STUDIOWORK2 - Minhee Kim available now,2023-04-19 14:00:00,STUDIOWORK2,65,38,30,0
190423_CUS_STUDIOWORK2 - Pablo Tomek available now,2023-04-19 14:00:00,STUDIOWORK2,16,9,1,0
190423_CUS_STUDIOWORK2 - Kpe Innocent available now,2023-04-19 14:00:00,STUDIOWORK2,24,18,12,0
190423_CUS_STUDIOWORK2 - Katie Hector available now,2023-04-19 14:00:00,STUDIOWORK2,19,9,5,0
140423_GEN_NEWSLETTER - On show,2023-04-14 17:15:00,NEWSLETTER,30647,5143,374,23
140423_INS_INSIDERSEA - Sofiya's Insiders (Keita Morimoto & Ai Weiwei),2023-04-14 15:00:00,INSIDERSEA,93,58,43,0
140423_INS_INSIDERSEA - General Insiders (Keita Morimoto & Ai Weiwei),2023-04-14 15:00:00,INSIDERSEA,93,52,25,1
140423_INS_INSIDERSEA - Gioia's Insiders (Keita Morimoto & Ai Weiwei),2023-04-14 15:00:00,INSIDERSEA,98,63,28,0
130423_INS_INSIDERSEA - Curtis' Insiders (Keita Morimoto & Ai Weiwei),2023-04-14 15:00:00,INSIDERSEA,114,56,28,0
130423_CUS_KEITACITYS - Announcement,2023-04-13 14:30:00,KEITACITYS,724,304,103,1
120423_CUS_PRODUCT - Framing guide,2023-04-12 13:00:00,,745,282,79,2
110423_CUS_ABNEYSUPER - Announcement,2023-04-11 15:15:00,ABNEYSUPER,290,206,133,0
060423_CUS_DEBROMARCH - Available now (Alice Brasser cross-sell),2023-04-06 17:30:00,DEBROMARCH,37,17,3,0
060423_INS_INSIDERSEA - Gioia's Insiders (Chen Wei Ting & Studio Works),2023-04-06 17:00:00,INSIDERSEA,100,59,17,0
060423_INS_INSIDERSEA - General Insiders (Chen Wei Ting & Studio Works),2023-04-06 17:00:00,INSIDERSEA,88,39,14,0
060423_INS_INSIDERSEA - Sofiya's Insiders (Chen Wei Ting & Studio Works),2023-04-06 17:00:00,INSIDERSEA,85,50,22,0
060423_INS_INSIDERSEA - Curtis' Insiders (Chen Wei Ting & Studio Works) (Clone),2023-04-06 17:00:00,INSIDERSEA,99,42,18,0
060423_CUS_ABNEYSUPER - Teaser,2023-04-06 15:00:00,ABNEYSUPER,772,445,85,2
050423_GEN_STUDIOWORK2 - Announcement,2023-04-05 18:15:00,STUDIOWORK2,25371,1781,367,16
030423_CUS_AIWEIWEI23 - Edition size announcement,2023-04-05 16:30:00,Avant-Arte-Tracked,1107,703,177,2
030423_CUS_mpkoz - Metropolis announcement,2023-04-04 15:00:00,MPKOZ,5513,786,96,8
040423_CUS_GRLEVYLAROS - Available now,2023-04-04 14:00:00,GRLEVYLAROS,33,16,12,0
AUT_TAKRUVENUS - Email 1 (Signup acknowledgement),2023-04-03 16:08:57,TAKRUVENUS,74,50,19,0
AUT_TAKRUVENUS - Email 2 (Product info),2023-04-03 15:51:20,TAKRUVENUS,73,41,14,0
AUT_TAKRUVENUS - Email 4 (Available now),2023-04-03 11:15:16,TAKRUVENUS,70,50,36,0
310323_GEN_ABNEYSUPER - Artist spotlight,2023-03-31 17:30:00,,25400,3969,311,11
AUT_TAKRUVENUS - Email 3 (Ready for launch),2023-03-31 15:35:28,TAKRUVENUS,78,45,17,0
310323_CUS_AIWEIWEI23 - 12 hours to go,2023-03-31 03:00:00,AIWEIWEI23,1268,444,122,1
310323_CUS_HIKARCHILD - Announcement,2023-03-30 18:15:00,HIKARCHILD,431,145,43,0
300323_GEN_AIWEIWEI23 - Available now,2023-03-30 15:00:00,AIWEIWEI23,21401,3870,1082,4
300323_CUS_AIWEIWEI23 - Available now (TL collectors),2023-03-30 15:00:00,AIWEIWEI23,5932,1881,666,15
AUT_AIWEIWEI23 - Email 4 (Available now),2023-03-30 14:23:11,AIWEIWEI23,991,694,519,0
AUT_AIWEIWEI23 - Email 5 (12 hours to go),2023-03-30 10:43:08,AIWEIWEI23,647,278,109,0
AUT_AIWEIWEI23 - Email 6 (Last chance),2023-03-30 10:00:11,AIWEIWEI23,604,250,110,0
290323_INS_INSIDERSEA - Curtis' Insiders (Ai Weiwei early access),2023-03-29 15:00:00,AIWEIWEI23,117,47,17,0
290323_INS_INSIDERSEA - General Insiders (Ai Weiwei early access),2023-03-29 15:00:00,AIWEIWEI23,89,46,12,0
290323_INS_INSIDERSEA - Gioia Insiders (Ai Weiwei early access),2023-03-29 15:00:00,AIWEIWEI23,108,59,20,0
290323_INS_INSIDERSEA - Sofiya's Insiders (Ai Weiwei early access),2023-03-29 15:00:00,AIWEIWEI23,89,44,22,0
290323_INS_INSIDERSEA - Sarah's Insiders (Ai Weiwei early access),2023-03-29 15:00:00,AIWEIWEI23,18,11,7,0
AUT_ROLOUEARNE - Email 3 (Ready for launch),2023-03-29 10:42:48,ROLOUEARNE,45,25,9,0
AUT_DEBROMARCH - Email 3 (Ready for launch),2023-03-29 09:44:42,DEBROMARCH,33,25,9,0
280323_INS_INSIDERSEA - Hikari Shimoda click-throughs price update,2023-03-28 17:00:00,INSIDERSEA,42,25,5,0
AUT_AIWEIWEI23 - Email 3 (Ready for launch),2023-03-28 12:06:54,AIWEIWEI23,991,567,163,0
AUT_GABRITIMED - Email 7 (Post-purchase check-in),2023-03-28 11:26:48,GABRITIMED,68,49,21,0
AUT_YUNAGTIMED - Email 7 (Post-purchase check-in),2023-03-28 11:26:02,YUNAGTIMED,125,97,67,0
"240323_INS_INSIDERSEA - Gioia's Insiders (Grant Levy-Lucero, Hikari Shimoda & Takeru Amano)",2023-03-24 17:30:00,INSIDERSEA,93,59,25,0
"240323_INS_INSIDERSEA - Curtis' Insiders (Grant Levy-Lucero, Hikari Shimoda & Takeru Amano)",2023-03-24 17:30:00,INSIDERSEA,104,42,20,0
"240323_INS_INSIDERSEA - Sofiya's Insiders (Grant Levy-Lucero, Hikari Shimoda & Takeru Amano)",2023-03-24 17:30:00,INSIDERSEA,78,45,24,0
"240323_INS_INSIDERSEA - General Insiders (Grant Levy-Lucero, Hikari Shimoda & Takeru Amano)",2023-03-24 17:30:00,INSIDERSEA,95,48,16,0
"240323_INS_INSIDERSEA - Sarah's Insiders (Grant Levy-Lucero, Hikari Shimoda & Takeru Amano)",2023-03-24 17:30:00,INSIDERSEA,19,12,8,0
240323_CUS_ONCEICALLE - Last chance (GEN and artist signups),2023-03-24 13:00:00,ONCEICALLE,964,424,149,0
240323_CUS_ONCEICALLE - Last chance (Asia artist signups without advisors),2023-03-24 12:00:00,ONCEICALLE,313,118,36,0
AUT_ONCEICALLE - Email 6B (Last chance - 1 hour),2023-03-24 11:51:08,ONCEICALLE,413,142,60,0
230323_CUS_NEWSLETTER - Discount code upsell,2023-03-23 19:00:00,ADVOCATES,296,167,59,0
230323_GEN_ONCEICALLE - Available now,2023-03-23 15:00:00,ONCEICALLE,13447,3803,804,8
230323_CUS_ONCEICALLE - Available now (Artist signups),2023-03-23 15:00:00,ONCEICALLE,1672,587,320,0
AUT_ONCEICALLE - Email 6 (Last chance),2023-03-23 14:46:46,ONCEICALLE,549,224,88,0
AUT_ONCEICALLE - Email 5 (12 hours to go),2023-03-23 14:42:31,ONCEICALLE,552,206,69,0
AUT_ONCEICALLE - Email 4 (Available now),2023-03-23 09:14:18,ONCEICALLE,835,501,344,0
AUT_AIWEIWEI23 - Email 2 (Edition details),2023-03-22 16:58:03,AIWEIWEI23,1000,511,195,0
220323_INS_INSIDERSEA - Curtis' Insiders (Javier Calleja early access),2023-03-22 15:00:00,ONCEICALLE,114,57,33,0
220323_INS_INSIDERSEA - Gioia's Insiders (Javier Calleja early access),2023-03-22 15:00:00,ONCEICALLE,100,65,29,0
220323_INS_INSIDERSEA - Sofiya's Insiders (Javier Calleja early access) (Clone),2023-03-22 15:00:00,ONCEICALLE,85,55,36,0
220323_INS_INSIDERSEA - General Insiders (Javier Calleja early access),2023-03-22 15:00:00,ONCEICALLE,105,54,26,0
220323_INS_INSIDERSEA - Sarah's Insiders (Javier Calleja early access),2023-03-22 15:00:00,ONCEICALLE,19,9,4,0
AUT_ONCEICALLE - Email 3 (Ready for launch),2023-03-21 17:09:50,ONCEICALLE,773,449,164,0
210323_CUS_GRLEVYLAROS - Announcement,2023-03-21 16:30:00,GRLEVYLAROS,329,125,26,0
210323_CUS_CHUENJOELT - Available now,2023-03-21 14:00:00,CHUENJOELT,45,31,16,0
AUT_AIWEIWEI23 - Email 1 Sign-up,2023-03-20 09:45:10,AIWEIWEI23,885,530,171,0
AUT_ONCEICALLE - Email 7 Post-purchase,2023-03-17 17:43:23,ONCEICALLE,4,2,0,0
AUT_ONCEICALLE - Email 1 Sign-up,2023-03-17 17:20:09,GABRITIMED,776,462,184,0
AUT_ONCEICALLE - Email 2 (Edition details),2023-03-17 17:15:33,ONCEICALLE,811,377,71,0
160323_GEN_AIWEIWEI23 - Teaser,2023-03-16 15:00:00,AIWEIWEI23,14457,5534,1151,8
160323_CUS_HYANGIKNOW - Available now,2023-03-16 14:00:00,HYANGIKNOW,126,76,57,0
AUT_DEBROMARCH - Email 2 (Product info),2023-03-16 12:06:20,DEBROMARCH,35,20,3,0
AUT_DEBROMARCH - Email 1 (Signup acknowledgement),2023-03-16 11:44:28,DEBROMARCH,35,26,6,0
AUT_DEBROMARCH - Email 4 (Available now),2023-03-15 17:42:08,DEBROMARCH,33,21,17,0
150323_GEN_ONCEICALLE - Announcement (General),2023-03-15 17:00:00,ONCEICALLE,17142,4343,863,10
150323_CUS_ONCEICALLE - Announcement (artist signups),2023-03-15 12:00:00,ONCEICALLE,1341,778,452,0
150323_CUS_DEBROMARCH - Announcement,2023-03-14 18:00:00,DEBROMARCH,1295,434,47,2
140323_CUS_JOJANOCTOP - Joakim event reminder,2023-03-14 14:45:00,JOJANOCTOP,7,5,2,0
130323_CUS_ROLOUEARNE - Announcement,2023-03-13 17:00:00,ROLOUEARNE,1817,721,117,3
AUT_ROLOUEARNE - Email 4 (Available now),2023-03-13 16:17:48,ROLOUEARNE,37,29,25,0
AUT_ROLOUEARNE - Email 2 (Product info),2023-03-13 16:04:29,ROLOUEARNE,45,25,14,0
AUT_ROLOUEARNE - Email 1 (Signup acknowledgement),2023-03-13 16:00:44,ROLOUEARNE,45,22,10,0
100323_INS_INSIDERSEA - Gioia's Insiders (Rooo Lou & Deborah Brown),2023-03-10 17:00:00,INSIDERSEA,96,61,7,0
100323_INS_INSIDERSEA - General Insiders (Rooo Lou & Deborah Brown),2023-03-10 17:00:00,INSIDERSEA,78,33,10,0
100323_INS_INSIDERSEA - Sofiya's Insiders (Rooo Lou & Deborah Brown),2023-03-10 17:00:00,INSIDERSEA,79,40,15,0
100323_INS_INSIDERSEA - Curtis Insiders (Rooo Lou & Deborah Brown),2023-03-10 17:00:00,INSIDERSEA,99,38,6,0
100323_CUS_JOJANOCTOP - Joakim event promo,2023-03-10 16:00:00,JOJANOCTOP,1066,342,49,0
AUT_GABRITIMED - Email 6 (Last chance - mobile control version),2023-03-10 11:43:19,GABRITIMED,207,90,33,0
090323_GEN_GABRITIMED - Available now,2023-03-09 14:00:00,GABRITIMED,20348,4170,524,22
AUT_GABRITIMED - Email 4 (Available now - mobile test control),2023-03-09 12:20:18,GABRITIMED,277,155,101,0
AUT_PRUNEMATER - Email 2 (Product info),2023-03-08 10:21:00,PRUNEMATER,37,25,8,0
070323_CUS_ONCEICALLE - Malaga exhibition,2023-03-07 16:15:00,ONCEICALLE,2033,791,314,1
070323_CUS_MAIKOCOLOR - Email 4 (Available now),2023-03-07 14:00:00,MAIKOCOLOR,156,100,69,0
060323_CUS_NEWSLETTER - Alice Brasser event reminder,2023-03-06 16:50:00,NEWSLETTER,31,23,14,0
060323_GEN_NEWSLETTER - March teaser,2023-03-06 13:15:00,NEWSLETTER,23904,4484,336,15
AUT_GABRITIMED - Email 3b (Ready for launch - corrected launch date),2023-03-06 10:10:00,GABRITIMED,102,58,13,0
AUT_GABRITIMED - Email 3 (Ready for launch - mobile test - control),2023-03-06 09:06:58,GABRITIMED,277,154,47,0
030323_CUS_PRUNEMATER - Announcement (cross-sell),2023-03-03 16:45:00,PRUNEMATER,577,204,20,2
AUT_PRUNEMATER - Email 1 (Signup acknowledgement),2023-03-03 11:31:04,PRUNEMATER,37,25,11,0
240223_CUS_NEWSLETTER - Alice Brasser event,2023-03-02 18:00:00,NEWSLETTER,676,161,24,0
AUT_PRUNEMATER - Email 4 (Available now),2023-03-02 12:19:21,PRUNEMATER,33,21,13,0
AUT_YUNAGTIMED - Email 6 (Last chance - mobile control version),2023-03-02 11:41:08,YUNAGTIMED,334,169,66,0
AUT_PRUNEMATER - Email 3 (Ready for launch),2023-03-02 11:26:04,PRUNEMATER,35,20,7,0
020323_GEN_YUNAGTIMED - Available now,2023-03-02 09:00:00,YUNAGTIMED,24747,4610,954,11
AUT_YUNAGTIMED - Email 5 (12 hours to go - mobile control version),2023-03-02 08:47:29,YUNAGTIMED,336,161,49,1
AUT_YUNAGTIMED - Email 4 (Available now - mobile test control),2023-03-02 08:42:57,YUNAGTIMED,463,308,183,0
280223_CUS_NEWSLETTER - Framing event reminder,2023-02-28 16:50:00,,42,31,18,0
AUT_GABRITIMED - Email 1 Sign-up (Mobile test - control),2023-02-28 14:44:08,GABRITIMED,254,141,44,0
AUT_GABRITIMED - Email 8 Post-purchase shipped (Mobile test - control),2023-02-28 14:32:06,GABRITIMED,0,0,0,0
AUT_GABRITIMED - Email 7 Post-purchase (Mobile test - control),2023-02-28 12:59:23,GABRITIMED,0,0,0,0
AUT_GABRITIMED - Email 5 (12 hours to go - mobile control version),2023-02-28 12:44:24,GABRITIMED,207,73,23,0
AUT_GABRITIMED - Email 2 (Edition details - mobile control version),2023-02-28 11:45:47,GABRITIMED,277,117,22,0
270223_CUS_AYATAANTHM - Launch reminder,2023-02-27 11:00:00,AYATAANTHM,193,64,23,0
AUT_YUNAGTIMED - Email 3 (Ready for launch - mobile test - control),2023-02-24 17:54:31,YUNAGTIMED,462,264,110,0
240223_CUS_NEWSLETTER - Framing event,2023-02-24 17:45:00,,940,285,56,3
240223_INS_INSIDERSEA - Gioia Insiders (Michael Kagan & Prune Nourry),2023-02-24 17:30:00,INSIDERSEA,81,42,2,0
240223_INS_INSIDERSEA - Curtis' Insiders (Michael Kagan & Prune Nourry),2023-02-24 17:30:00,INSIDERSEA,102,42,9,0
240223_INS_INSIDERSEA - Sofiya Insiders (Michael Kagan & Prune Nourry),2023-02-24 17:30:00,INSIDERSEA,68,35,9,0
240223_INS_INSIDERSEA - General Insiders (Michael Kagan & Prune Nourry),2023-02-24 17:30:00,INSIDERSEA,79,31,5,1
240223_INS_INSIDERSEA - Erika Insiders (Michael Kagan & Prune Nourry),2023-02-24 17:30:00,INSIDERSEA,39,25,9,0
230223_GEN_GABRITIMED - Announcement,2023-02-23 18:30:00,GABRITIMED,25270,4495,398,23
220223_CUS_YUNAGTIMED - Cross-sell announcement,2023-02-22 17:30:00,YUNAGTIMED,1991,735,225,2
AUT_YUNAGTIMED - Email 1 Sign-up (Mobile test - control),2023-02-22 12:36:11,YUNAGTIMED,383,238,102,0
AUT_YUNAGTIMED - Email 7 Post-purchase (Mobile test - control),2023-02-22 12:27:45,YUNAGTIMED,0,0,0,0
AUT_YUNAGTIMED - Email 8 Post-purchase (Mobile test - control),2023-02-22 12:21:36,YUNAGTIMED,0,0,0,0
AUT_YUNAGATIMED - Email 9 (Framing index + 2nd purchase upsell),2023-02-22 12:19:24,YUNAGTIMED,0,0,0,0
AUT_YUNAGTIMED - Email 2 (Edition details - mobile control version),2023-02-22 09:21:44,YUNAGTIMED,468,253,58,0
210223_CUS_MAIKOCOLOR - Announcement,2023-02-21 16:15:00,MAIKOCOLOR,491,167,41,0
170223_INS_INSIDERSEA - Curtis' Insiders (Joakim Ojanen),2023-02-17 17:00:00,INSIDERSEA,103,35,15,0
170223_INS_INSIDERSEA - Gioia's Insiders (Joakim Ojanen),2023-02-17 17:00:00,INSIDERSEA,82,45,9,0
170223_INS_INSIDERSEA - General Insiders (Joakim Ojanen),2023-02-17 17:00:00,INSIDERSEA,79,40,14,0
170223_INS_INSIDERSEA - Sofiya's Insiders (Joakim Ojanen),2023-02-17 17:00:00,INSIDERSEA,69,34,20,0
170223_INS_INSIDERSEA - Erika's Insiders (Joakim Ojanen),2023-02-17 17:00:00,INSIDERSEA,40,21,8,0
AUT_YUNAGATIMED - Email 2 (Product info),2023-02-17 16:17:20,YUNAGTIMED,0,0,0,0
AUT_YUNAGTIMED - Email 4 (Available now),2023-02-16 15:35:24,YUNAGTIMED,0,0,0,0
160223_CUS_DANCRIMMOR - Available now,2023-02-16 14:00:00,DANCRIMMOR,75,43,18,0
AUT_YUNAGTIMED - Email 6 (Last chance),2023-02-16 11:45:15,YUNAGTIMED,0,0,0,0
AUT_YUNAGTIMED - Email 5 (12 hours to go),2023-02-16 11:35:42,YUNAGTIMED,0,0,0,0
AUT_YUNAGTIMED - Email 3 (Ready for launch),2023-02-16 10:51:49,YUNAGTIMED,0,0,0,0
140223_GEN_YUNAGTIMED - Artist spotlight,2023-02-14 17:00:00,YUNAGTIMED,25371,4035,411,13
130223_CUS_HYANGIKNOW - Announcement,2023-02-13 17:45:00,HYANGIKNOW,311,106,23,0
100223_GEN_NEWSLETTER - New onsite,2023-02-10 18:00:00,NEWSLETTER,25423,3994,529,19
"100223_INS_INSIDERSEA - Gioia's Insiders (Aya Takano, Chris Huen Sin Kan, Maiko Kobayashi & Hyangmok Baik)",2023-02-10 16:45:00,INSIDERSEA,83,58,16,0
"100223_INS_INSIDERSEA - Curtis' Insiders (Aya Takano, Chris Huen Sin Kan, Maiko Kobayashi & Hyangmok Baik)",2023-02-10 16:45:00,INSIDERSEA,104,46,17,0
"100223_INS_INSIDERSEA - General Insiders (Aya Takano, Chris Huen Sin Kan, Maiko Kobayashi & Hyangmok Baik)",2023-02-10 16:45:00,INSIDERSEA,79,42,23,0
"100223_INS_INSIDERSEA - Sofiya's Insiders (Aya Takano, Chris Huen Sin Kan, Maiko Kobayashi & Hyangmok Baik)",2023-02-10 16:45:00,INSIDERSEA,71,40,18,0
"100223_INS_INSIDERSEA - Erika's Insiders (Aya Takano, Chris Huen Sin Kan, Maiko Kobayashi & Hyangmok Baik)",2023-02-10 16:45:00,INSIDERSEA,42,21,9,0
090223_CUS_CHUENJOELT - Announcement,2023-02-09 16:00:00,CHUENJOELT,733,211,25,1
AUT_MAIKOCOLOR - Email 3 (Ready for launch),2023-02-09 11:23:49,,1,0,0,0
AUT_MAIKOCOLOR - Email 2 (Product info),2023-02-09 11:23:21,,5,3,0,0
AUT_MAIKOCOLOR - Email 1 (Product launch flow),2023-02-09 11:22:47,,5,4,1,0
080223_CUS_DADAKICANT - Available now,2023-02-08 14:00:00,DADAKICANT,34,25,13,0
030223_GEN_NEWSLETTER - Feb teaser,2023-02-03 18:00:00,NEWSLETTER,25463,4225,481,16
AUT_MAIKOCOLOR - Email 4 (Available now),2023-02-03 15:42:07,,5,3,0,0
030223_CUS_AYATAANTHM - Announcement,2023-02-03 14:15:00,AYATAANTHM,204,69,31,0
020223_CUS_KBOTCSTYLE - Available now,2023-02-02 14:00:00,KBOTCSTYLE,110,53,27,0
310123_CUS_CALEBHAHNE - Available now,2023-01-31 14:00:00,CALEBHAHNE,74,40,21,0
300123_CUS_MCKINDREAM - Available now,2023-01-30 14:00:00,MCKINDREAM,187,133,101,0
240123_CUS_OKOKUSUMER - Available now,2023-01-24 14:00:00,OKOKUSUMER,102,78,60,0
DEC22_CUS_110123RDWIHAYU - Announcement,2022-12-16 14:30:00,110123RDWIHAYU,3635,1217,646,0
DEC22_CUS_SCULPTNESS - Available now (CR4SH.),2022-12-16 17:00:00,SCULPTNESS,218,94,56,0
DEC22_CUS_FUTURMARBL - Available now,2022-12-19 14:00:00,FUTURMARBL,169,91,56,0
201222_CUS_190122LIANGANONY - Announcement,2022-12-20 12:30:00,190122LIANGANONY,611,229,45,3
DEC22_CUS_CALEBHAHNE - Announcement,2022-12-22 12:30:00,CALEBHAHNE,535,168,30,2
050123_CUS_YMINJSTAYA - Announcement,2023-01-05 14:30:00,YMINJSTAYA,267,113,66,0
130123_CUS_KBOTCSTYLE - Announcement,2023-01-13 16:30:00,KBOTCSTYLE,101,45,18,0
180123_CUS_YMINJSTAYA - Available now,2023-01-18 14:00:00,YMINJSTAYA,305,166,108,0
190123_CUS_190122LIANGANONY - Available now,2023-01-19 14:00:00,190122LIANGANONY,38,28,20,0
200123_CUS_LunarNYOutreach,2023-01-20 10:00:00,,1858,656,46,4
180123_CUS_FramersOutreach - Non-responders follow-up,2023-01-18 13:00:00,,64,41,24,0
"140123_INS_INSIDERSEA - Gioia's Insiders (Danielle Mckinney, Kwesi Botchway, Daniel Crews-Chubb & Dada Khanyisa)",2023-01-14 11:00:00,,73,41,7,0
"140123_INS_INSIDERSEA - Curtis' Insiders (Danielle Mckinney, Kwesi Botchway, Daniel Crews-Chubb & Dada Khanyisa))",2023-01-14 11:00:00,,99,32,8,0
"140123_INS_INSIDERSEA - Sofiya's Insiders (Danielle Mckinney, Kwesi Botchway, Daniel Crews-Chubb & Dada Khanyisa)",2023-01-14 11:00:00,,74,37,15,0
"140123_INS_INSIDERSEA - Amelia's Insiders (Danielle Mckinney, Kwesi Botchway, Daniel Crews-Chubb & Dada Khanyisa))",2023-01-14 11:00:00,,60,27,6,0
"140123_INS_INSIDERSEA - General Insiders (Danielle Mckinney, Kwesi Botchway, Daniel Crews-Chubb & Dada Khanyisa))",2023-01-14 11:00:00,,24,12,4,0
"140123_INS_INSIDERSEA - Erika's Insiders (Danielle Mckinney, Kwesi Botchway, Daniel Crews-Chubb & Dada Khanyisa))",2023-01-14 11:00:00,,48,24,9,0
130123_CUS_MCKINDREAM - Announcement,2023-01-13 11:45:00,,422,146,35,0
110123_GEN_NEWSLETTER - On the horizon,2023-01-11 18:00:00,,25577,4340,472,25
110123_CUS_OKOKUSUMER - Announcement,2023-01-11 14:15:00,,795,319,118,0
100123_CUS_FramersOutreach - Product framers outreach,2023-01-10 12:00:00,,76,38,23,0
090123_CUS_031022SKAHPEQ4 - Scott Kahn interview,2023-01-09 17:00:00,,297,99,17,0
070123_GEN_NEWSLETTER - On show exhibitions,2023-01-07 11:00:00,,23240,4190,504,24
060123_INS_INSIDERSEA - Erika's Insiders (Yue Minjun & Okokume),2023-01-06 17:30:00,,49,31,16,0
060123_INS_INSIDERSEA - Gioia's Insiders (Yue Minjun & Okokume),2023-01-06 17:30:00,,73,48,20,0
060123_INS_INSIDERSEA - Curtis' Insiders (Yue Minjun & Okokume),2023-01-06 17:30:00,,99,44,17,0
060123_INS_INSIDERSEA - Sofiya's Insiders (Yue Minjun & Okokume),2023-01-06 17:30:00,,75,41,25,0
060123_INS_INSIDERSEA - Amelia's Insiders (Yue Minjun & Okokume),2023-01-06 17:30:00,,59,39,21,0
060123_INS_INSIDERSEA - General Insiders (Yue Minjun & Okokume),2023-01-06 17:30:00,,23,15,6,0
DEC22_GEN_NEWSLETTER - 2022 round-up,2022-12-30 12:15:00,,23274,4130,259,17
"DEC22_INS_INSIDERSEA - General Insiders (Roby, Liang Fu & Caleb Hahn Quintana)",2022-12-21 14:40:00,,23,16,8,0
"DEC22_INS_INSIDERSEA - Gioia's Insiders (Roby, Liang Fu & Caleb Hahn Quintana)",2022-12-21 14:35:00,,73,56,30,0
"DEC22_INS_INSIDERSEA - Curtis' Insiders (Roby, Liang Fu & Caleb Hahn Quintana)",2022-12-21 14:35:00,,98,41,25,0
"DEC22_INS_INSIDERSEA - Sofiya's Insiders (Roby, Liang Fu & Caleb Hahn Quintana)",2022-12-21 14:35:00,,75,41,29,0
"DEC22_INS_INSIDERSEA - Amelia's Insiders (Roby, Liang Fu & Caleb Hahn Quintana)",2022-12-21 14:35:00,,59,45,35,0
"DEC22_INS_INSIDERSEA - Erika's Insiders (Roby, Liang Fu & Caleb Hahn Quintana)",2022-12-21 14:35:00,,48,34,23,0
DEC22_CUS_NEWSLETTER - Highlights 2022 collaborator shows,2022-12-20 17:00:00,,11211,2798,424,11
DEC22_CUS_NEWSLETTER - Jan teaser,2022-12-15 17:30:00,,11194,2815,256,15
DEC22_CUS_SCULPTNESS - Available now (Public),2022-12-15 14:02:00,,2601,511,125,13
DEC22_CUS_SCULPTNESS - Available now (G4M30V3R holders),2022-12-14 14:14:00,,19,13,9,0
DEC22_CUS_JJEANBATHB - Available now,2022-12-14 14:00:00,,2686,923,410,2
DEC22_CUS_SCULPTNESS - Draw reminder,2022-12-13 17:30:00,,3471,782,173,17
"DEC22_INS_INSIDERSEA - Paul McCarthy, Hebru Brantley & Matsu (General Insiders)",2022-12-12 10:45:00,,22,10,0,0
"DEC22_INS_INSIDERSEA - Paul McCarthy, Hebru Brantley & Matsu (Curtis' Insiders)",2022-12-12 10:30:00,,98,34,1,0
"DEC22_INS_INSIDERSEA - Paul McCarthy, Hebru Brantley & Matsu (Gioia's Insiders)",2022-12-12 10:30:00,,75,43,2,0
"DEC22_INS_INSIDERSEA - Paul McCarthy, Hebru Brantley & Matsu (Erika's Insiders)",2022-12-12 10:30:00,,49,21,1,0
"DEC22_INS_INSIDERSEA - Paul McCarthy, Hebru Brantley & Matsu (Amelia's Insiders)",2022-12-12 10:30:00,,61,29,1,0
"DEC22_INS_INSIDERSEA - Paul McCarthy, Hebru Brantley & Matsu (Sofiya's Insiders)",2022-12-12 10:30:00,,76,30,2,0