campaign_code,Date,Profile name,Profile followers,Platform,Content type,Media type,Labels,Total impressions,Total reach,Engagements,Total likes,Total comments,Total shares,Saves,Media views,Exits,Taps forward,Taps back,Completion rate,Video view count,Content ID
JamesJean_Blossom_26,2026-08-13 17:07:02,Avant Arte,2922078,instagram,story,photo,Edition;JamesJean_Blossom_26,6206,5609,0,,0,0,,6206,607,4546,122,0.15001611,,18221290063333906
JamesJean_Blossom_26,2026-08-13 17:06:30,Avant Arte,2922078,instagram,story,photo,Edition;JamesJean_Blossom_26,7700,6859,0,,0,0,,7700,754,4623,61,0.29376623,,18161403874487537
ZengFanzhi_LE_26,2026-08-12 10:04:32,Avant Insiders,72717,instagram,story,photo,Edition;ZengFanzhi_LE_26,650,569,1,,1,0,,650,80,374,5,0.29384616,,18110931382799677
ZengFanzhi_LE_26,2026-08-12 10:03:30,Avant Arte,2922005,instagram,story,photo,Edition;ZengFanzhi_LE_26,10661,9642,1,,1,0,,10661,1305,6629,86,0.24772535,,17996264576809576
GlennLigon_LE_26,2026-08-11 16:00:02,Avant Arte,13484,twitter,post,photo,Edition;GlennLigon_LE_26,638,,20,8,0,0,,,,,,,,2087207421009653842
GlennLigon_LE_26,2026-08-11 16:59:19,Avant Arte,2922014,instagram,story,photo,Edition;GlennLigon_LE_26,11512,9927,1,,1,3,,11512,1420,6416,75,0.31280404,,17949606735027410
Abdulnasser_LE_26,2026-08-10 14:00:23,Avant Arte,2921880,instagram,story,photo,Abdulnasser_LE_26;Edition,12602,11124,1,,1,1,,12602,1581,7565,96,0.26662433,,17874331254546283
AndyWarhol_TL_26,2026-08-06 17:00:03,Avant Arte,2920258,instagram,post,carousel,AndyWarhol_TL_26;Edition,542612,223371,13611,10895,48,1255,1203,542612,,,,,,17902827348532321
Tschabalal_LE_25,2026-08-05 17:01:58,Avant Insiders,72753,instagram,story,photo,Edition;Tschabalal_LE_25,573,470,0,,0,0,,573,84,306,10,0.30191973,,18120221620885431
Tschabalal_LE_25,2026-08-05 17:00:04,Avant Arte,2920184,instagram,collaboration,carousel,Edition;Tschabalal_LE_25,112412,41716,1874,1660,24,75,98,112412,,,,,,18114693379935018
Tschabalal_LE_25,2026-08-05 17:00:03,Avant Insiders,72753,instagram,post,carousel,Edition;Tschabalal_LE_25,4713,2046,118,105,1,7,6,4713,,,,,,18157871944484770
Tschabalal_LE_25,2026-08-05 16:59:53,Avant Arte,2920184,instagram,story,photo,Edition;Tschabalal_LE_25,10533,9270,0,,0,1,,10533,1374,6527,61,0.24409,,17927287980387446
Parra_LE_26,2026-07-31 15:04:19,Avant Insiders,72725,instagram,story,photo,Edition;Parra_LE_26,364,306,0,,0,0,,364,52,230,20,0.17032968,,18083117477250440
Parra_LE_26,2026-07-31 15:04:07,Avant Insiders,72725,instagram,story,photo,Edition;Parra_LE_26,448,371,0,,0,0,,448,38,273,9,0.2857143,,18137480548506281
Parra_LE_26,2026-07-31 15:00:03,Avant Insiders,72730,instagram,post,carousel,Edition;Parra_LE_26,4960,2121,130,119,1,4,6,4960,,,,,,18100420166241010
Parra_LE_26,2026-07-31 14:00:02,Avant Arte,13481,twitter,post,photo,Edition;Parra_LE_26,622,,18,8,0,1,,,,,,,,2083190955499192692
Parra_LE_26,2026-07-31 15:00:02,Avant Arte,2916819,instagram,post,carousel,Edition;Parra_LE_26,211340,87781,2156,1928,16,95,105,211340,,,,,,18067689224481220
Parra_LE_26,2026-07-31 14:59:43,Avant Arte,2916751,instagram,story,photo,Edition;Parra_LE_26,6263,5652,1,,1,1,,6263,673,4452,103,0.16525626,,18145140979543482
Parra_LE_26,2026-07-31 14:59:24,Avant Arte,2916751,instagram,story,photo,Edition;Parra_LE_26,7877,6939,1,,1,1,,7877,653,4711,66,0.31065127,,18339930535267375
JamesJean_Blossom_26,2026-07-30 17:02:58,Avant Insiders,72725,instagram,story,photo,Edition;JamesJean_Blossom_26,461,362,0,,0,0,,461,53,306,21,0.17570499,,18190495117391888
JamesJean_Blossom_26,2026-07-30 17:02:37,Avant Insiders,72725,instagram,story,photo,Edition;JamesJean_Blossom_26,526,434,0,,0,0,,526,48,309,6,0.30988592,,18385785169163898
JamesJean_Blossom_26,2026-07-30 17:00:04,Avant Insiders,72725,instagram,post,carousel,Edition;JamesJean_Blossom_26,4308,1938,102,95,0,2,5,4308,,,,,,17947494003036918
JamesJean_Blossom_26,2026-07-30 17:00:02,Avant Arte,2916339,instagram,post,carousel,Edition;JamesJean_Blossom_26,166325,61757,4288,3839,12,109,287,166325,,,,,,18161398273411918
JamesJean_Blossom_26,2026-07-30 16:00:01,Avant Arte,13482,twitter,post,photo,Edition;JamesJean_Blossom_26,986,,72,12,1,2,,,,,,,,2082858762704925093
JamesJean_Blossom_26,2026-07-30 16:59:37,Avant Arte,2916311,instagram,story,photo,Edition;JamesJean_Blossom_26,5640,4764,1,,1,1,,5640,567,4197,141,0.13031915,,17867385390637801
JamesJean_Blossom_26,2026-07-30 16:59:21,Avant Arte,2916311,instagram,story,photo,Edition;JamesJean_Blossom_26,6404,5598,0,,0,0,,6404,447,4523,172,0.19706434,,18144951982470484
AiWeiwei_Button_26,2026-07-30 13:00:00,Avant Arte,13481,twitter,post,photo,AiWeiwei_Button_26;Edition,2109,,149,12,0,1,,,,,,,,2082813462170738956
AiWeiwei_Button_26,2026-07-30 13:59:14,Avant Arte,2916262,instagram,story,photo,AiWeiwei_Button_26;Edition,8739,7245,0,,0,7,,8739,948,4955,73,0.3161689,,17966417927948956
Backside_LE_26,2026-07-29 10:01:04,Avant Insiders,72732,instagram,story,photo,Backside_LE_26;Edition,418,324,0,,0,0,,418,57,243,17,0.2416268,,18039190466805645
Backside_LE_26,2026-07-29 10:00:13,Avant Arte,2915390,instagram,story,photo,Backside_LE_26;Edition,5943,5236,0,,0,0,,5943,717,4102,108,0.17095743,,18097744853626968
ZengFanzhi_LE_26,2026-07-29 09:09:31,Avant Insiders,72732,instagram,post,carousel,Edition;ZengFanzhi_LE_26,3508,1545,58,49,1,2,6,3508,,,,,,18278402491292073
ZengFanzhi_LE_26,2026-07-29 09:06:51,Avant Insiders,72733,instagram,story,photo,Edition;ZengFanzhi_LE_26,402,337,0,,0,0,,402,24,289,22,0.16666667,,18431503012131308
ZengFanzhi_LE_26,2026-07-29 09:06:21,Avant Insiders,72733,instagram,story,photo,Edition;ZengFanzhi_LE_26,467,401,1,,1,0,,467,50,285,9,0.2633833,,17894040675591160
JaumePlen_LE_26,2026-07-28 15:00:01,Avant Arte,2914615,instagram,post,carousel,Edition;JaumePlen_LE_26,353066,161077,12009,10527,70,564,697,353066,,,,,,17943404109256809
JaumePlen_LE_26,2026-07-28 14:59:42,Avant Insiders,72740,instagram,story,photo,Edition;JaumePlen_LE_26,588,503,0,,0,0,,588,73,347,7,0.27380952,,18099031799580170
Tschabalal_LE_25,2026-07-27 16:59:13,Avant Arte,2914131,instagram,story,photo,Edition;Tschabalal_LE_25,8434,7209,0,,0,2,,8434,959,4753,157,0.30412614,,17924338227162950
Parra_LE_26,2026-07-27 14:00:02,Avant Arte,13488,twitter,post,photo,Edition;Parra_LE_26,671,,58,5,0,0,,,,,,,,2081741405907734733
AhmedM_Salam_26,2026-07-27 14:04:51,Avant Insiders,72739,instagram,story,photo,AhmedM_Salam_26;Edition,903,720,0,,0,1,,903,69,320,31,0.53488374,,17949564189213297
AhmedM_Salam_26,2026-07-27 14:03:53,Avant Arte,2914074,instagram,story,photo,AhmedM_Salam_26;Edition,7882,6926,0,,0,3,,7882,583,5187,165,0.24701852,,17908291467442688
Abdulnasser_LE_26,2026-07-27 14:02:10,Avant Insiders,72739,instagram,story,photo,Abdulnasser_LE_26;Edition,612,513,0,,0,0,,612,59,373,11,0.2761438,,18332044822262258
Abdulnasser_LE_26,2026-07-27 14:00:57,Avant Arte,2914074,instagram,story,photo,Abdulnasser_LE_26;Edition,9084,8028,1,,1,1,,9084,888,5325,54,0.31010568,,18100358951237707
Abdulnasser_LE_26,2026-07-27 14:00:02,Avant Insiders,72738,instagram,post,carousel,Abdulnasser_LE_26;Edition,2595,1024,33,27,0,2,3,2595,,,,,,18007256993951053
Abdulnasser_LE_26,2026-07-27 13:00:01,Avant Arte,13488,twitter,post,photo,Abdulnasser_LE_26;Edition,966,,61,8,1,3,,,,,,,,2081726299832504436
Abdulnasser_LE_26,2026-07-27 14:00:01,Avant Arte,2914074,instagram,post,carousel,Abdulnasser_LE_26;Edition,176648,71234,1755,1341,22,145,226,176648,,,,,,18211567549342310
JamesJean_Blossom_26,2026-07-24 16:00:01,Avant Arte,13489,twitter,post,photo,Edition;JamesJean_Blossom_26,700,,38,4,0,0,,,,,,,,2080684435263902108
JamesJean_Blossom_26,2026-07-24 16:59:32,Avant Arte,2913414,instagram,story,photo,Edition;JamesJean_Blossom_26,5857,5061,0,,0,1,,5857,722,3839,156,0.1946389,,18136731448517063
Parra_LE_26,2026-07-24 14:59:36,Avant Arte,2913410,instagram,story,photo,Edition;Parra_LE_26,10212,7733,2,,2,7,,10212,394,3554,118,0.601841,,18063622733571285
PietMondrian_LE_26,2026-07-24 14:05:02,Avant Insiders,72733,instagram,post,carousel,Edition;PietMondrian_LE_26,6457,2584,155,120,9,20,5,6457,,,,,,18157149880470219
PietMondrian_LE_26,2026-07-24 14:02:05,Avant Insiders,72734,instagram,story,photo,Edition;PietMondrian_LE_26,340,279,0,,0,1,,340,54,201,30,0.16176471,,18427732366133359
PietMondrian_LE_26,2026-07-24 14:01:54,Avant Insiders,72734,instagram,story,photo,Edition;PietMondrian_LE_26,367,296,0,,0,0,,367,20,264,30,0.14441417,,18107938400473018
PietMondrian_LE_26,2026-07-24 14:01:35,Avant Insiders,72734,instagram,story,photo,Edition;PietMondrian_LE_26,444,357,0,,0,0,,444,46,257,3,0.3108108,,18105413993147344
PietMondrian_LE_26,2026-07-24 13:00:03,Avant Arte,13488,twitter,post,photo,Edition;PietMondrian_LE_26,548,,26,5,0,0,,,,,,,,2080639144553046490
PietMondrian_LE_26,2026-07-24 14:00:02,Avant Arte,2913405,instagram,post,carousel,Edition;PietMondrian_LE_26,174055,67730,3846,3067,18,240,426,174055,,,,,,18170862151441234
PietMondrian_LE_26,2026-07-24 14:00:00,Avant Arte,2913405,instagram,story,photo,Edition;PietMondrian_LE_26,4517,4025,0,,0,0,,4517,241,3605,109,0.12441886,,18120921739870891
PietMondrian_LE_26,2026-07-24 13:59:46,Avant Arte,2913405,instagram,story,photo,Edition;PietMondrian_LE_26,4896,4339,0,,0,0,,4896,243,3657,117,0.17953432,,18115751096300004
PietMondrian_LE_26,2026-07-24 13:59:28,Avant Arte,2913405,instagram,story,photo,Edition;PietMondrian_LE_26,6255,5434,1,,1,1,,6255,572,3582,54,0.3272582,,18134069068607280
YoonHyup_LE_26,2026-07-22 17:00:10,Avant Insiders,72733,instagram,story,photo,Edition;YoonHyup_LE_26,483,425,0,,0,0,,483,78,267,9,0.26708075,,18118670251897047
YoonHyup_LE_26,2026-07-22 16:59:15,Avant Arte,2913267,instagram,story,photo,Edition;YoonHyup_LE_26,10200,9113,0,,0,0,,10200,1358,6195,75,0.25215685,,18388465153203229
ZengFanzhi_TL_26,2026-07-21 09:14:33,Avant Insiders,72741,instagram,story,photo,Edition;ZengFanzhi_TL_26,562,497,0,,0,0,,562,66,315,8,0.30782917,,18615633349036409
ZengFanzhi_TL_26,2026-07-21 09:12:56,Avant Arte,2913220,instagram,story,photo,Edition;ZengFanzhi_TL_26,11003,9949,0,,0,0,,11003,1326,6867,113,0.24511497,,18175792966422658
PietMondrian_LE_26,2026-07-20 14:00:02,Avant Arte,13487,twitter,post,photo,Edition;PietMondrian_LE_26,1032,,128,13,0,2,,,,,,,,2079204690248753328
PietMondrian_LE_26,2026-07-20 14:59:29,Avant Arte,2913200,instagram,story,photo,Edition;PietMondrian_LE_26,7460,6385,1,,1,4,,7460,812,5117,157,0.1841823,,18001569542779730
Abdulnasser_LE_26,2026-07-20 13:00:00,Avant Arte,13487,twitter,post,photo,Abdulnasser_LE_26;Edition,636,,51,4,0,2,,,,,,,,2079189582814515218
Abdulnasser_LE_26,2026-07-20 13:59:18,Avant Arte,2913198,instagram,story,photo,Abdulnasser_LE_26;Edition,9379,8190,0,,0,2,,9379,961,5457,86,0.30653587,,18383829451165340
JaumePlen_LE_26,2026-07-17 15:01:09,Avant Arte,2912585,instagram,story,photo,Edition;JaumePlen_LE_26,6539,6017,0,,0,0,,6539,620,4804,93,0.156293,,17970476474917751
JaumePlen_LE_26,2026-07-17 15:00:54,Avant Arte,2912585,instagram,story,photo,Edition;JaumePlen_LE_26,8296,7362,0,,0,1,,8296,613,5041,55,0.31183702,,17950564908014644
JaumePlen_LE_26,2026-07-17 14:59:47,Avant Arte,2912585,instagram,collaboration,carousel,Edition;JaumePlen_LE_26,184006,67806,1732,1541,13,54,117,184006,,,,,,18106669166028728
AhmedM_Salam_26,2026-07-16 14:01:04,Avant Arte,2912547,instagram,story,photo,AhmedM_Salam_26;Edition,11130,9956,0,,0,1,,11130,1300,6947,83,0.25157234,,18118481012478913
AhmedM_Salam_26,2026-07-16 14:00:48,Avant Arte,2912547,instagram,collaboration,reel,AhmedM_Salam_26;Edition,101281,71610,4865,3472,30,742,626,101281,,,,,101281,18043114004606280
GiuseppePen_LE_26,2026-07-15 14:00:49,Avant Insiders,72755,instagram,story,photo,Edition;GiuseppePen_LE_26,559,495,0,,0,0,,559,72,349,3,0.24150269,,17919393642401962
GiuseppePen_LE_26,2026-07-15 13:59:54,Avant Arte,2912512,instagram,story,photo,Edition;GiuseppePen_LE_26,7429,6724,0,,0,0,,7429,693,5505,133,0.14779916,,18106308767090086
GiuseppePen_LE_26,2026-07-15 13:59:16,Avant Arte,2912512,instagram,story,photo,Edition;GiuseppePen_LE_26,9086,8176,0,,0,0,,9086,709,5800,67,0.27624917,,17914736256226310
YoonHyup_LE_26,2026-07-14 17:01:28,Avant Insiders,72758,instagram,story,photo,Edition;YoonHyup_LE_26,401,359,0,,0,0,,401,60,273,5,0.15710723,,18091757003566921
YoonHyup_LE_26,2026-07-14 17:01:23,Avant Insiders,72758,instagram,story,photo,Edition;YoonHyup_LE_26,484,427,0,,0,0,,484,46,298,5,0.27892563,,18063336638725891
YoonHyup_LE_26,2026-07-14 17:00:27,Avant Arte,2912539,instagram,story,photo,Edition;YoonHyup_LE_26,6850,6218,0,,0,1,,6850,665,5079,85,0.1490511,,18092375621633511
YoonHyup_LE_26,2026-07-14 17:00:22,Avant Arte,2912539,instagram,story,photo,Edition;YoonHyup_LE_26,8395,7614,1,,1,2,,8395,744,5291,65,0.273377,,18030993524824387
YoonHyup_LE_26,2026-07-08 17:01:03,Avant Insiders,72755,instagram,story,photo,Edition;YoonHyup_LE_26,402,355,0,,0,0,,402,60,274,7,0.1517413,,18056296757527101
YoonHyup_LE_26,2026-07-08 17:00:48,Avant Insiders,72755,instagram,story,photo,Edition;YoonHyup_LE_26,457,412,0,,0,0,,457,35,296,6,0.26258206,,18097473104186292
YoonHyup_LE_26,2026-07-08 16:59:34,Avant Arte,2911666,instagram,story,photo,Edition;YoonHyup_LE_26,6858,6299,0,,0,1,,6858,735,5067,79,0.14246136,,18155567977470506
YoonHyup_LE_26,2026-07-08 16:59:17,Avant Arte,2911666,instagram,story,photo,Edition;YoonHyup_LE_26,8542,7572,0,,0,0,,8542,756,5439,46,0.26937485,,17948370039199059
JaumePlen_LE_26,2026-07-07 15:01:56,Avant Arte,2911790,instagram,story,photo,Edition;JaumePlen_LE_26,13094,11684,0,,0,0,,13094,1579,8304,115,0.23644418,,18113168923875440
JaumePlen_LE_26,2026-07-07 15:00:56,Avant Arte,2911790,instagram,collaboration,carousel,Edition;JaumePlen_LE_26,127009,50158,1231,1128,11,21,66,127009,,,,,,18099341156189005
JaumePlen_LE_26,2026-07-07 14:00:02,Avant Arte,13502,twitter,post,photo,Edition;JaumePlen_LE_26,730,,30,6,0,0,,,,,,,,2074493646871601579
JaumePlen_LE_26,2026-07-07 15:00:01,Avant Insiders,72758,instagram,post,carousel,Edition;JaumePlen_LE_26,3217,1223,27,24,0,1,3,3217,,,,,,18108796331106072
LY_LE_26,2026-07-06 10:01:10,Avant Insiders,72755,instagram,story,photo,Edition;LY_LE_26,672,583,0,,0,0,,672,105,384,6,0.26339287,,18239965003313895
LY_LE_26,2026-07-06 10:00:19,Avant Arte,2911801,instagram,story,photo,Edition;LY_LE_26,14274,12664,0,,0,1,,14274,1717,8434,97,0.2820513,,18068917310434462
AhmedM_Salam_26,2026-07-03 14:04:09,Avant Insiders,72760,instagram,story,photo,AhmedM_Salam_26;Edition,333,291,0,,0,0,,333,21,254,16,0.12612613,,17950727652194543
AhmedM_Salam_26,2026-07-03 14:04:00,Avant Insiders,72760,instagram,story,photo,AhmedM_Salam_26;Edition,355,312,0,,0,0,,355,18,278,18,0.115492955,,17922004398391577
AhmedM_Salam_26,2026-07-03 14:03:42,Avant Insiders,72760,instagram,story,photo,AhmedM_Salam_26;Edition,412,359,0,,0,0,,412,33,264,6,0.2645631,,18097337981588734
AhmedM_Salam_26,2026-07-03 14:02:16,Avant Arte,2911422,instagram,story,photo,AhmedM_Salam_26;Edition,5086,4669,0,,0,2,,5086,249,3914,100,0.16181675,,18107585665810826
AhmedM_Salam_26,2026-07-03 14:01:55,Avant Arte,2911422,instagram,story,photo,AhmedM_Salam_26;Edition,4945,4522,0,,0,0,,4945,182,4067,112,0.11809909,,18118595305698762
AhmedM_Salam_26,2026-07-03 14:01:39,Avant Arte,2911422,instagram,story,photo,AhmedM_Salam_26;Edition,6760,5917,0,,0,2,,6760,381,4025,70,0.33786982,,18003927395764812
AhmedM_Salam_26,2026-07-03 14:00:05,Avant Arte,2911422,instagram,post,carousel,AhmedM_Salam_26;Edition,176447,69891,3522,2960,25,213,290,176447,,,,,,17924749128142385
AhmedM_Salam_26,2026-07-03 13:00:03,Avant Arte,13506,twitter,post,photo,AhmedM_Salam_26;Edition,695,,44,7,0,2,,,,,,,,2073029001212510698
AhmedM_Salam_26,2026-07-03 14:00:03,Avant Insiders,72758,instagram,post,carousel,AhmedM_Salam_26;Edition,4129,1796,58,49,3,3,2,4129,,,,,,17947445271238433
ZengFanzhi_TL_26,2026-07-03 09:08:39,Avant Arte,2911417,instagram,story,photo,Edition;ZengFanzhi_TL_26,7328,6601,1,,1,1,,7328,764,4248,66,0.3070415,,18171260041425767
GiuseppePen_LE_26,2026-07-02 14:00:12,Avant Insiders,72766,instagram,story,photo,Edition;GiuseppePen_LE_26,668,596,0,,0,1,,668,53,226,8,0.5703593,,17936447178266711
GiuseppePen_LE_26,2026-07-02 13:59:25,Avant Arte,2911357,instagram,story,photo,Edition;GiuseppePen_LE_26,5920,5215,0,,0,1,,5920,595,4000,153,0.19797297,,18333242377280542
GregoryCrewd_TL_26,2026-07-02 12:01:32,Avant Insiders,72765,instagram,story,photo,Edition;GregoryCrewd_TL_26,360,314,0,,0,0,,360,37,257,15,0.14166667,,18051105044787438
GregoryCrewd_TL_26,2026-07-02 12:00:40,Avant Arte,2911334,instagram,story,photo,Edition;GregoryCrewd_TL_26,5029,4425,0,,0,0,,5029,397,3722,89,0.16325313,,18614062609032359
Backside_LE_26,2026-07-02 10:07:01,Avant Insiders,72766,instagram,story,photo,Backside_LE_26;Edition,394,329,0,,0,0,,394,22,287,24,0.15482233,,18012085178918787
Backside_LE_26,2026-07-02 10:06:57,Avant Insiders,72766,instagram,story,photo,Backside_LE_26;Edition,446,370,0,,0,0,,446,37,286,8,0.25784755,,17915127723407730
Backside_LE_26,2026-07-02 10:03:13,Avant Arte,2911307,instagram,story,photo,Backside_LE_26;Edition,4765,4324,0,,0,0,,4765,294,3716,107,0.1359916,,18103106614871832
Backside_LE_26,2026-07-02 10:01:38,Avant Arte,2911307,instagram,story,photo,Backside_LE_26;Edition,5778,5143,1,,1,0,,5778,432,3726,97,0.263586,,18104127428120919
Backside_LE_26,2026-07-02 10:00:37,Avant Arte,2911307,instagram,post,carousel,Backside_LE_26;Edition,103034,39154,1430,1278,9,21,106,103034,,,,,,18016202729908684
Backside_LE_26,2026-07-02 09:00:03,Avant Arte,13508,twitter,post,photo,Backside_LE_26;Edition,619,,36,6,0,0,,,,,,,,2072606216690221146
Backside_LE_26,2026-07-02 10:00:01,Avant Insiders,72766,instagram,post,carousel,Backside_LE_26;Edition,3924,1623,94,82,3,4,5,3924,,,,,,17874978579618715
GregoryCrewd_TL_26,2026-07-01 17:00:12,Avant Insiders,72767,instagram,story,photo,Edition;GregoryCrewd_TL_26,2636,2088,0,,0,1,,2636,72,327,5,0.8467375,,18011347598923900
GregoryCrewd_TL_26,2026-07-01 16:00:02,Avant Arte,13507,twitter,post,photo,Edition;GregoryCrewd_TL_26,745,,65,10,0,1,,,,,,,,2072349520697139705
GregoryCrewd_TL_26,2026-07-01 16:59:25,Avant Arte,2911154,instagram,story,photo,Edition;GregoryCrewd_TL_26,8127,7077,0,,0,2,,8127,903,4639,90,0.30700135,,18015832496854607
GregoryCrewd_TL_26,2026-06-30 17:04:06,Avant Insiders,72765,instagram,story,photo,Edition;GregoryCrewd_TL_26,402,344,0,,0,0,,402,67,259,11,0.16169155,,18091470488380611
GregoryCrewd_TL_26,2026-06-30 17:03:53,Avant Insiders,72765,instagram,story,photo,Edition;GregoryCrewd_TL_26,2151,1480,0,,0,1,,2151,43,297,1,0.8414691,,18122901598602564
GregoryCrewd_TL_26,2026-06-30 17:01:36,Avant Arte,2911145,instagram,story,photo,Edition;GregoryCrewd_TL_26,8683,7427,0,,0,1,,8683,731,4937,198,0.32442704,,18156224740472114
GregoryCrewd_TL_26,2026-06-30 17:01:02,Avant Arte,2911145,instagram,story,photo,Edition;GregoryCrewd_TL_26,8811,7670,0,,0,0,,8811,735,5367,64,0.30019295,,18111009124869331
GregoryCrewd_TL_26,2026-06-30 17:00:03,Avant Insiders,72765,instagram,post,carousel,Edition;GregoryCrewd_TL_26,6171,2641,55,39,2,6,7,6171,,,,,,18118393255647150
GregoryCrewd_TL_26,2026-06-30 17:00:03,Avant Arte,2911143,instagram,post,carousel,Edition;GregoryCrewd_TL_26,298160,124447,3216,2794,9,82,309,298160,,,,,,17931113124343840
GregoryCrewd_TL_26,2026-06-30 16:00:00,Avant Arte,13510,twitter,post,photo,Edition;GregoryCrewd_TL_26,624,,22,6,0,2,,,,,,,,2071987123096355182
HankWillisT_LE_26,2026-06-29 14:02:15,Avant Insiders,72777,instagram,story,photo,Edition;HankWillisT_LE_26,556,503,0,,0,0,,556,80,350,4,0.21942446,,18405199834157383
HankWillisT_LE_26,2026-06-29 14:01:23,Avant Arte,2911203,instagram,story,photo,Edition;HankWillisT_LE_26,7798,6774,0,,0,1,,7798,895,5035,94,0.22749422,,18093774056605403
LY_LE_26,2026-06-29 11:39:58,Avant Arte,2911177,instagram,story,photo,Edition;LY_LE_26,8490,7440,0,,0,1,,8490,821,4802,73,0.32909304,,18111563881937922
FelipePantone_LE_26,2026-06-28 17:01:04,Avant Insiders,72772,instagram,story,photo,Edition;FelipePantone_LE_26,571,499,0,,0,0,,571,58,339,11,0.2854641,,18169309903439219
FelipePantone_LE_26,2026-06-28 17:00:42,Avant Arte,2910961,instagram,story,video,Edition;FelipePantone_LE_26,7078,6315,0,,0,2,,7078,690,5117,104,0.16487709,,18091573637246742
FelipePantone_LE_26,2026-06-28 17:00:01,Avant Arte,2910961,instagram,story,photo,Edition;FelipePantone_LE_26,8805,7911,0,,0,0,,8805,847,5190,92,0.30391824,,17934285348295391
ZengFanzhi_TL_26,2026-06-26 09:02:17,Avant Arte,2910637,instagram,story,photo,Edition;ZengFanzhi_TL_26,10667,8950,1,,1,3,,10667,1157,6080,97,0.312459,,18098795492157069
ZengFanzhi_TL_26,2026-06-26 09:00:52,Avant Arte,2910637,instagram,collaboration,carousel,Edition;ZengFanzhi_TL_26,108115,41529,1052,967,13,35,33,108115,,,,,,18093774950587524
ZengFanzhi_TL_26,2026-06-26 09:00:05,Avant Insiders,72788,instagram,post,carousel,Edition;ZengFanzhi_TL_26,3395,1493,45,41,0,3,1,3395,,,,,,18105093136950367
ZengFanzhi_TL_26,2026-06-26 08:00:03,Avant Arte,13507,twitter,post,photo,Edition;ZengFanzhi_TL_26,697,,59,5,0,0,,,,,,,,2070416787099791506
YoonHyup_LE_26,2026-06-25 17:02:18,Avant Insiders,72789,instagram,story,photo,Edition;YoonHyup_LE_26,437,336,0,,0,0,,437,55,262,18,0.23340961,,18106768927810834
YoonHyup_LE_26,2026-06-25 17:00:16,Avant Arte,2910486,instagram,story,photo,Edition;YoonHyup_LE_26,6380,5447,0,,0,2,,6380,837,4237,123,0.1854232,,18202385572359642
YoonHyup_LE_26,2026-06-25 17:00:03,Avant Insiders,72789,instagram,post,carousel,Edition;YoonHyup_LE_26,5529,2863,122,106,2,7,3,5529,,,,,,18085028633335961
YoonHyup_LE_26,2026-06-25 17:00:03,Avant Arte,2910486,instagram,post,carousel,Edition;YoonHyup_LE_26,113387,45180,2235,1976,4,85,149,113387,,,,,,18607710682009203
YoonHyup_LE_26,2026-06-25 16:00:02,Avant Arte,13507,twitter,post,photo,Edition;YoonHyup_LE_26,1265,,75,17,1,1,,,,,,,,2070175193948168200
JohnsonTs_Alliance_26,2026-06-25 12:59:58,Avant Insiders,72789,instagram,story,photo,Edition;JohnsonTs_Alliance_26,2220,1935,0,,0,1,,2220,57,253,5,0.8581081,,17931384612299795
JohnsonTs_Alliance_26,2026-06-25 12:59:08,Avant Arte,2910400,instagram,story,photo,Edition;JohnsonTs_Alliance_26,9316,7876,0,,0,3,,9316,841,4273,57,0.44493344,,18121623085809349
UrsFischer_LE_26,2026-06-24 17:00:44,Avant Insiders,72784,instagram,story,photo,Edition;UrsFischer_LE_26,401,337,0,,0,0,,401,42,275,13,0.17705736,,18053462699525178
UrsFischer_LE_26,2026-06-24 17:00:37,Avant Insiders,72784,instagram,story,photo,Edition;UrsFischer_LE_26,453,396,0,,0,0,,453,41,288,1,0.27152318,,18606368776062237
UrsFischer_LE_26,2026-06-24 16:59:42,Avant Arte,2910124,instagram,story,photo,Edition;UrsFischer_LE_26,4800,4267,0,,0,0,,4800,447,3630,88,0.13229166,,18381481129163347
UrsFischer_LE_26,2026-06-24 16:59:26,Avant Arte,2910124,instagram,story,photo,Edition;UrsFischer_LE_26,5258,4684,0,,0,0,,5258,344,3821,74,0.19379993,,18090506756069605
HankWillisT_LE_26,2026-06-24 15:00:02,Avant Arte,2910162,instagram,post,carousel,Edition;HankWillisT_LE_26,97257,35896,1550,1440,3,41,57,97257,,,,,,18010525052730464
HankWillisT_LE_26,2026-06-24 14:59:13,Avant Arte,2910162,instagram,story,photo,Edition;HankWillisT_LE_26,6524,5824,0,,0,1,,6524,757,3845,70,0.28387493,,17994644222994699
GregoryCrewd_TL_26,2026-06-23 17:01:56,Avant Arte,2909947,instagram,story,video,Edition;GregoryCrewd_TL_26;Reel,10221,9088,0,,0,2,,10221,1361,6387,82,0.23393014,,18099120194129007
GregoryCrewd_TL_26,2026-06-23 17:00:46,Avant Arte,2909947,instagram,post,reel,Edition;GregoryCrewd_TL_26;Reel,151989,104044,7208,4976,21,917,1294,151989,,,,,151989,18005978360939192
MiwaKomat_LE_26,2026-06-22 10:25:11,Avant Insiders,72793,instagram,story,photo,Edition;MiwaKomat_LE_26,730,605,0,,0,0,,730,104,412,6,0.2849315,,18121098961780983
MiwaKomat_LE_26,2026-06-22 10:24:02,Avant Insiders,72792,instagram,post,reel,Edition;MiwaKomat_LE_26,2622,2082,143,132,0,2,9,2622,,,,,2622,17964706934940567
MiwaKomat_LE_26,2026-06-22 10:16:27,Avant Arte,2909843,instagram,story,photo,Edition;MiwaKomat_LE_26,11843,10405,0,,0,0,,11843,1531,6925,79,0.2793211,,17941065504050405
HankWillisT_LE_26,2026-06-19 13:57:11,Avant Arte,2908977,instagram,story,photo,Edition;HankWillisT_LE_26,10693,9281,2,,2,4,,10693,1270,6478,91,0.26690358,,17955753936173177
GregoryCrewd_TL_26,2026-06-18 17:05:28,Avant Arte,2908904,instagram,story,video,Edition;GregoryCrewd_TL_26,7007,6111,2,,2,1,,7007,885,4529,79,0.21606964,,18424463005130414
GregoryCrewd_TL_26,2026-06-18 16:59:50,Avant Arte,2908904,instagram,post,reel,Edition;GregoryCrewd_TL_26,172055,122453,7113,4617,24,959,1514,172055,,,,,172055,18098938964333610
Backside_LE_26,2026-06-18 10:00:31,Avant Arte,2908874,instagram,story,photo,Backside_LE_26;Edition,4981,4523,0,,0,0,,4981,437,3739,75,0.14655691,,18081161942207187
Backside_LE_26,2026-06-18 10:00:17,Avant Arte,2908874,instagram,story,photo,Backside_LE_26;Edition,6042,5425,0,,0,0,,6042,479,3837,52,0.27706057,,17894364291493052
Backside_LE_26,2026-06-18 09:00:01,Avant Arte,13508,twitter,post,photo,Backside_LE_26;Edition,365,,60,6,0,1,,,,,,,,2067532776618832354
GiuseppePen_LE_26,2026-06-17 14:03:03,Avant Insiders,72795,instagram,story,photo,Edition;GiuseppePen_LE_26,416,363,0,,0,0,,416,45,282,8,0.19471154,,17920004379379655
GiuseppePen_LE_26,2026-06-17 14:02:37,Avant Insiders,72795,instagram,story,photo,Edition;GiuseppePen_LE_26,479,431,0,,0,0,,479,43,290,8,0.2881002,,18095730818242848
GiuseppePen_LE_26,2026-06-17 14:01:28,Avant Arte,2909076,instagram,story,photo,Edition;GiuseppePen_LE_26,5873,5279,0,,0,0,,5873,479,4459,63,0.14847608,,17944921014194576
GiuseppePen_LE_26,2026-06-17 14:01:23,Avant Arte,2909076,instagram,story,photo,Edition;GiuseppePen_LE_26,7608,6630,3,,3,0,,7608,701,4481,43,0.31322291,,17924786280354811
GiuseppePen_LE_26,2026-06-17 13:00:03,Avant Arte,13511,twitter,post,photo,Edition;GiuseppePen_LE_26,321,,10,3,0,1,,,,,,,,2067230793202897122
GiuseppePen_LE_26,2026-06-17 14:00:02,Avant Insiders,72794,instagram,post,carousel,Edition;GiuseppePen_LE_26,4967,2350,32,27,0,0,5,4967,,,,,,18107252059788511
GiuseppePen_LE_26,2026-06-17 14:00:02,Avant Arte,2909076,instagram,post,carousel,Edition;GiuseppePen_LE_26,190811,74761,1578,1424,7,39,96,190811,,,,,,17874987066676455
JohnsonTs_Alliance_26,2026-06-16 13:00:13,Avant Arte,2909100,instagram,story,photo,Edition;JohnsonTs_Alliance_26,4940,4324,0,,0,1,,4940,499,3685,100,0.13279352,,17893115691516340
JohnsonTs_Alliance_26,2026-06-16 12:59:45,Avant Arte,2909100,instagram,story,photo,Edition;JohnsonTs_Alliance_26,7877,6730,0,,0,4,,7877,369,3934,62,0.44585502,,18474810598099961
LY_LE_26,2026-06-16 10:03:02,Avant Insiders,72804,instagram,story,photo,Edition;LY_LE_26,684,555,0,,0,1,,684,101,372,6,0.2997076,,17977346967018805
LY_LE_26,2026-06-16 10:02:25,Avant Insiders,72804,instagram,post,carousel,Edition;LY_LE_26,2605,1154,63,54,2,2,5,2605,,,,,,18077330066305679
LY_LE_26,2026-06-16 10:01:14,Avant Arte,2909063,instagram,story,photo,Edition;LY_LE_26,7530,6673,0,,0,0,,7530,852,4303,61,0.3073041,,18101748134277742
LY_LE_26,2026-06-16 10:00:28,Avant Arte,2909063,instagram,post,carousel,Edition;LY_LE_26,76761,29298,768,714,5,11,34,76761,,,,,,18093730013161880
LY_LE_26,2026-06-16 09:00:00,Avant Arte,13511,twitter,post,photo,Edition;LY_LE_26,339,,20,3,0,0,,,,,,,,2066807997003694267
ZengFanzhi_TL_26,2026-06-15 08:17:25,Avant Arte,13511,twitter,post,photo,Edition;ZengFanzhi_TL_26,426,,40,7,1,0,,,,,,,,2066434890279641310
YoonHyup_LE_26,2026-06-12 17:27:51,Avant Arte,2908324,instagram,story,photo,Edition;YoonHyup_LE_26,9774,8215,0,,0,0,,9774,1400,5762,53,0.26181707,,17969309679078651
YoonHyup_LE_26,2026-06-12 16:00:00,Avant Arte,13515,twitter,post,photo,Edition;YoonHyup_LE_26,323,,23,1,0,0,,,,,,,,2065464141708480780
YoonHyup_LE_26,2026-06-12 16:58:03,Avant Arte,2908308,instagram,story,photo,Edition;YoonHyup_LE_26,1023,594,0,,0,0,,1023,129,370,4,0.5083089,,18618781333051297
GregoryCrewd_TL_26,2026-06-10 17:42:45,Avant Insiders,72781,instagram,story,photo,Edition;GregoryCrewd_TL_26,446,364,0,,0,0,,446,66,262,25,0.20852017,,18062450324487331
GregoryCrewd_TL_26,2026-06-10 17:42:24,Avant Insiders,72781,instagram,story,photo,Edition;GregoryCrewd_TL_26,520,428,0,,0,0,,520,49,300,6,0.31730768,,18099762442915587
GregoryCrewd_TL_26,2026-06-10 17:40:27,Avant Arte,2907679,instagram,story,photo,Edition;GregoryCrewd_TL_26,7288,6126,0,,0,3,,7288,502,3171,86,0.48422062,,18184702702383914
GregoryCrewd_TL_26,2026-06-10 17:39:46,Avant Arte,2907679,instagram,story,photo,Edition;GregoryCrewd_TL_26,4850,4307,0,,0,0,,4850,334,3516,59,0.19402061,,17943681360217606
GregoryCrewd_TL_26,2026-06-10 17:04:14,Avant Insiders,72785,instagram,story,photo,Edition;GregoryCrewd_TL_26,37,11,0,,0,0,,37,2,9,,,,17950330224078314
GregoryCrewd_TL_26,2026-06-10 17:04:03,Avant Insiders,72785,instagram,story,photo,Edition;GregoryCrewd_TL_26,29,21,0,,0,0,,29,1,19,,,,18592759267037039
GregoryCrewd_TL_26,2026-06-10 17:03:50,Avant Insiders,72785,instagram,story,photo,Edition;GregoryCrewd_TL_26,44,15,0,,0,0,,44,1,14,2,0.6136364,,18065465432444592
GregoryCrewd_TL_26,2026-06-10 17:03:33,Avant Insiders,72785,instagram,story,photo,Edition;GregoryCrewd_TL_26,56,18,0,,0,0,,56,4,16,1,0.625,,18089156756069627
GregoryCrewd_TL_26,2026-06-10 17:02:25,Avant Arte,2907658,instagram,story,photo,Edition;GregoryCrewd_TL_26,338,135,0,,0,0,,338,18,124,2,0.5739645,,18100266293273118
GregoryCrewd_TL_26,2026-06-10 17:01:43,Avant Arte,2907658,instagram,story,photo,Edition;GregoryCrewd_TL_26,346,146,0,,0,0,,346,9,143,4,0.54913294,,18103064411470179
GregoryCrewd_TL_26,2026-06-10 17:00:58,Avant Arte,2907658,instagram,story,photo,Edition;GregoryCrewd_TL_26,396,0,0,,0,0,,396,,,,,,17892099258489471
GregoryCrewd_TL_26,2026-06-10 17:00:16,Avant Insiders,72785,instagram,post,carousel,Edition;GregoryCrewd_TL_26,5414,3131,83,66,2,6,8,5414,,,,,,18595179394046046
GregoryCrewd_TL_26,2026-06-10 17:00:13,Avant Arte,2907658,instagram,post,carousel,Edition;GregoryCrewd_TL_26,445972,205051,19781,15274,60,1293,2954,445972,,,,,,18130987867522542
GregoryCrewd_TL_26,2026-06-10 17:00:01,Avant Arte,2907658,instagram,story,photo,Edition;GregoryCrewd_TL_26,453,17,0,,0,0,,453,6,13,,,,18393299062093162
GregoryCrewd_TL_26,2026-06-10 16:00:00,Avant Arte,13518,twitter,post,photo,Edition;GregoryCrewd_TL_26,545,,72,8,0,3,,,,,,,,2064739365687849105
FelipePantone_LE_26,2026-06-10 14:00:48,Avant Arte,2907633,instagram,story,photo,Edition;FelipePantone_LE_26,9534,8165,0,,0,1,,9534,753,3535,59,0.54405284,,17865936666573750
FelipePantone_LE_26,2026-06-10 13:59:32,Avant Arte,2907633,instagram,post,carousel,Edition;FelipePantone_LE_26,75131,29278,775,667,10,32,58,75131,,,,,,17933160369275990
CindySher_LE_26,2026-06-09 17:00:43,Avant Insiders,72785,instagram,story,photo,CindySher_LE_26;Edition,656,548,0,,0,2,,656,92,367,6,0.29115853,,18366148882230628
CindySher_LE_26,2026-06-09 16:59:32,Avant Arte,2907252,instagram,story,photo,CindySher_LE_26;Edition,6515,5702,0,,0,0,,6515,896,4191,84,0.20629317,,17911228845221806
LY_LE_26,2026-06-09 10:00:49,Avant Arte,2907244,instagram,story,photo,Edition;LY_LE_26,6870,5772,1,,1,2,,6870,845,3644,85,0.3342067,,18082888040541773
LY_LE_26,2026-06-09 09:00:00,Avant Arte,13518,twitter,post,photo,Edition;LY_LE_26,400,,31,5,0,0,,,,,,,,2064271281411776690
GregoryCrewd_TL_26,2026-06-08 16:00:02,Avant Arte,13522,twitter,post,photo,Edition;GregoryCrewd_TL_26,269,,19,3,0,0,,,,,,,,2064014596974039513
GregoryCrewd_TL_26,2026-06-08 16:59:28,Avant Arte,2907042,instagram,story,photo,Edition;GregoryCrewd_TL_26,3874,3402,3,,3,0,,3874,414,2910,123,0.11022199,,18069178835386032
GregoryCrewd_TL_26,2026-06-08 16:59:13,Avant Arte,2907042,instagram,story,photo,Edition;GregoryCrewd_TL_26,4755,4053,1,,1,3,,4755,254,3667,119,0.15036803,,18110819605922039
HankWillisT_LE_26,2026-06-08 14:23:09,Avant Arte,13522,twitter,post,photo,Edition;HankWillisT_LE_26,221,,16,3,0,1,,,,,,,,2063990215300039114
HankWillisT_LE_26,2026-06-08 15:20:43,Avant Insiders,72789,instagram,post,carousel,Edition;HankWillisT_LE_26,2499,1155,44,39,1,3,1,2499,,,,,,18092929418593600
HankWillisT_LE_26,2026-06-08 15:18:29,Avant Insiders,72789,instagram,story,photo,Edition;HankWillisT_LE_26,471,382,0,,0,0,,471,59,299,11,0.21656051,,17862514674634352
HankWillisT_LE_26,2026-06-08 15:16:24,Avant Arte,2906971,instagram,story,photo,Edition;HankWillisT_LE_26,4960,4371,0,,0,2,,4960,409,3516,94,0.18971774,,18091465976367837
HankWillisT_LE_26,2026-06-08 15:14:22,Avant Arte,2906971,instagram,collaboration,carousel,Edition;HankWillisT_LE_26,113290,45539,1909,1647,15,117,118,113290,,,,,,17861060145638691
HankWillisT_LE_26,2026-06-08 13:00:02,Avant Arte,13522,twitter,post,photo,Edition;HankWillisT_LE_26,254,,14,1,0,0,,,,,,,,2063969299681661402
AiWeiwei_Guardian2_26,2026-06-08 13:59:25,Avant Insiders,72789,instagram,story,photo,AiWeiwei_Guardian2_26;Edition,554,478,0,,0,0,,554,77,304,5,0.3032491,,18143073382520352
AiWeiwei_Guardian2_26,2026-06-08 13:58:40,Avant Arte,2906953,instagram,story,photo,AiWeiwei_Guardian2_26;Edition,5395,4734,0,,0,0,,5395,489,3692,96,0.20722891,,18001191338952376
MiwaKomat_LE_26,2026-06-08 10:02:57,Avant Arte,2906883,instagram,story,photo,Edition;MiwaKomat_LE_26,10147,8654,0,,0,1,,10147,968,4386,51,0.46733025,,18132114763588578
HankWillisT_LE_26,2026-06-05 15:00:06,Avant Arte,2905582,instagram,story,photo,Edition;HankWillisT_LE_26,4981,4340,0,,0,1,,4981,393,3291,100,0.24031319,,18069430706368856
HankWillisT_LE_26,2026-06-05 14:00:01,Avant Arte,13527,twitter,post,photo,Edition;HankWillisT_LE_26,257,,15,1,0,0,,,,,,,,2062897233377264087
AiWeiwei_Guardian2_26,2026-06-05 14:01:16,Avant Insiders,72795,instagram,story,photo,AiWeiwei_Guardian2_26;Edition,529,455,0,,0,0,,529,78,293,4,0.2911153,,18318310924272184
AiWeiwei_Guardian2_26,2026-06-05 14:00:08,Avant Insiders,72796,instagram,post,carousel,AiWeiwei_Guardian2_26;Edition,1940,864,23,21,0,1,1,1940,,,,,,18084701183623750
AiWeiwei_Guardian2_26,2026-06-05 14:00:08,Avant Arte,2905566,instagram,post,carousel,AiWeiwei_Guardian2_26;Edition,69674,26352,639,550,6,36,41,69674,,,,,,18103023863019847
AiWeiwei_Guardian2_26,2026-06-05 13:00:01,Avant Arte,13526,twitter,post,photo,AiWeiwei_Guardian2_26;Edition,324,,34,4,0,0,,,,,,,,2062882134344491365
AiWeiwei_Guardian2_26,2026-06-05 13:59:32,Avant Arte,2905566,instagram,story,photo,AiWeiwei_Guardian2_26;Edition,5724,5037,0,,0,0,,5724,535,3337,58,0.3134172,,18154274884488455
GiuseppePen_LE_26,2026-06-04 16:00:04,Avant Arte,2905416,instagram,post,carousel,Edition;GiuseppePen_LE_26,334830,166611,10939,7819,85,1741,1113,334830,,,,,,18166443100440716
GiuseppePen_LE_26,2026-06-04 15:00:03,Avant Arte,13525,twitter,post,photo,Edition;GiuseppePen_LE_26,298,,7,2,0,0,,,,,,,,2062549952442810599
GiuseppePen_LE_26,2026-06-04 15:59:48,Avant Arte,2905416,instagram,story,photo,Edition;GiuseppePen_LE_26,4320,3802,0,,0,0,,4320,458,3248,102,0.11851852,,17967103392115745
GiuseppePen_LE_26,2026-06-04 15:59:43,Avant Arte,2905416,instagram,story,photo,Edition;GiuseppePen_LE_26,4852,4251,0,,0,1,,4852,315,3522,88,0.19105524,,17865291177629035
JohnsonTs_Alliance_26,2026-06-04 13:00:42,Avant Insiders,72803,instagram,story,photo,Edition;JohnsonTs_Alliance_26,542,445,0,,0,0,,542,54,337,3,0.27306274,,18099049739011484
JohnsonTs_Alliance_26,2026-06-04 12:00:01,Avant Arte,13525,twitter,post,photo,Edition;JohnsonTs_Alliance_26,314,,23,6,0,1,,,,,,,,2062504646120526301
JohnsonTs_Alliance_26,2026-06-04 13:00:01,Avant Insiders,72803,instagram,post,carousel,Edition;JohnsonTs_Alliance_26,4232,2616,41,33,0,5,2,4232,,,,,,17993440739793064
JohnsonTs_Alliance_26,2026-06-04 13:00:01,Avant Arte,2905358,instagram,post,carousel,Edition;JohnsonTs_Alliance_26,131520,55670,2101,1841,12,109,125,131520,,,,,,18110698904488019
JohnsonTs_Alliance_26,2026-06-04 12:59:28,Avant Arte,2905358,instagram,story,photo,Edition;JohnsonTs_Alliance_26,8517,7057,0,,0,2,,8517,704,3142,46,0.5430316,,18134357053500301
CindySher_LE_26,2026-06-03 18:07:11,Avant Arte,2905251,instagram,story,video,CindySher_LE_26;Edition,4532,4132,0,,0,0,,4532,529,3198,66,0.16306266,,18204122497351208
CindySher_LE_26,2026-06-03 18:00:56,Avant Arte,2905251,instagram,collaboration,carousel,CindySher_LE_26;Edition,110258,44215,1166,857,14,87,192,110258,,,,,,18122000416657213
UrsFischer_LE_26,2026-06-03 17:12:39,Avant Arte,2905246,instagram,story,photo,Edition;UrsFischer_LE_26,5089,4584,0,,0,0,,5089,319,3798,105,0.17036746,,18362508679232670
UrsFischer_LE_26,2026-06-03 17:12:24,Avant Arte,2905246,instagram,story,photo,Edition;UrsFischer_LE_26,6791,6038,0,,0,1,,6791,595,3768,54,0.34958032,,18203430934342662
UrsFischer_LE_26,2026-06-03 17:11:48,Avant Insiders,72805,instagram,story,photo,Edition;UrsFischer_LE_26,468,400,0,,0,0,,468,47,315,27,0.16880342,,18117212167701965
UrsFischer_LE_26,2026-06-03 17:11:35,Avant Insiders,72805,instagram,story,photo,Edition;UrsFischer_LE_26,535,468,0,,0,0,,535,55,345,4,0.24485981,,18110374960904661
UrsFischer_LE_26,2026-06-03 17:00:18,Avant Insiders,72805,instagram,post,carousel,Edition;UrsFischer_LE_26,3081,1368,41,37,0,2,2,3081,,,,,,18152592091425412
UrsFischer_LE_26,2026-06-03 17:00:14,Avant Arte,2905246,instagram,post,carousel,Edition;UrsFischer_LE_26,107016,37891,1021,947,3,11,55,107016,,,,,,18591856843057779
UrsFischer_LE_26,2026-06-03 16:00:00,Avant Arte,13527,twitter,post,photo,Edition;UrsFischer_LE_26,278,,16,2,0,0,,,,,,,,2062202650741842412
AiWeiwei_Guardian2_26,2026-06-02 14:14:19,Avant Insiders,72815,instagram,story,photo,AiWeiwei_Guardian2_26;Edition,755,647,0,,0,0,,755,83,435,8,0.30331126,,18065808731408846
AiWeiwei_Guardian2_26,2026-06-02 14:13:04,Avant Insiders,72811,instagram,post,carousel,AiWeiwei_Guardian2_26;Edition,3278,1610,69,62,0,1,5,3278,,,,,,18105052910512424
AiWeiwei_Guardian2_26,2026-06-02 13:07:40,Avant Arte,13526,twitter,post,photo,AiWeiwei_Guardian2_26;Edition,395,,36,1,0,0,,,,,,,,2061796894020395146
AiWeiwei_Guardian2_26,2026-06-02 14:06:52,Avant Arte,2905319,instagram,story,photo,AiWeiwei_Guardian2_26;Edition,10063,8571,0,,0,2,,10063,1133,4944,66,0.38954586,,18588215761052170
AiWeiwei_Guardian2_26,2026-06-02 14:04:55,Avant Arte,2905319,instagram,post,carousel,AiWeiwei_Guardian2_26;Edition,102142,41873,2308,1912,12,258,107,102142,,,,,,17910625953222335
AiWeiwei_Guardian2_26,2026-05-29 17:31:25,Avant Arte,2904607,instagram,story,photo,AiWeiwei_Guardian2_26;Edition,6949,5955,0,,0,1,,6949,847,4619,121,0.19599943,,17950947015154456
AiWeiwei_Guardian2_26,2026-05-29 17:28:48,Avant Arte,2904607,instagram,post,carousel,AiWeiwei_Guardian2_26;Edition,174221,59039,2602,2236,4,87,254,174221,,,,,,17922492783359139
JohnsonTs_Alliance_26,2026-05-29 12:59:36,Avant Arte,2904573,instagram,story,photo,Edition;JohnsonTs_Alliance_26,11196,9207,3,,3,5,,11196,862,4364,79,0.5261701,,17891120793533183
CindySher_LE_26,2026-05-28 17:19:37,Avant Arte,2904417,instagram,story,photo,CindySher_LE_26;Edition,5784,5003,0,,0,0,,5784,744,3925,96,0.17617565,,18350923519212245
CindySher_LE_26,2026-05-28 17:18:45,Avant Arte,2904417,instagram,collaboration,carousel,CindySher_LE_26;Edition,86919,31018,813,759,7,7,34,86919,,,,,,18078186341197650
AntonyMic_LE_26,2026-05-28 14:11:36,Avant Arte,2904436,instagram,story,photo,AntonyMic_LE_26;Edition,6379,5610,0,,0,0,,6379,721,3885,58,0.26885092,,18120066331665151
AntonyMic_LE_26,2026-05-28 14:10:16,Avant Insiders,72823,instagram,story,photo,AntonyMic_LE_26;Edition,558,470,0,,0,0,,558,84,328,8,0.24731183,,17867796786623172
Albers_LE_26,2026-05-27 17:14:11,Avant Insiders,72828,instagram,story,photo,Albers_LE_26;Edition,373,320,0,,0,0,,373,52,249,17,0.14745308,,17997316457775852
Albers_LE_26,2026-05-27 17:13:54,Avant Insiders,72828,instagram,story,photo,Albers_LE_26;Edition,423,368,0,,0,0,,423,51,274,7,0.21513002,,18075345773300696
Albers_LE_26,2026-05-27 17:13:12,Avant Arte,2904216,instagram,story,photo,Albers_LE_26;Edition,3755,3427,0,,0,0,,3755,351,3025,66,0.08335552,,18535946746074333
Albers_LE_26,2026-05-27 17:12:54,Avant Arte,2904216,instagram,story,photo,Albers_LE_26;Edition,4670,4229,0,,0,1,,4670,159,3294,89,0.24154176,,18084604541627720
Albers_LE_26,2026-05-27 17:12:37,Avant Arte,2904216,instagram,story,photo,Albers_LE_26;Edition,4801,4281,0,,0,1,,4801,152,3380,149,0.23328473,,18010392473714844
UrsFischer_LE_26,2026-05-27 17:11:52,Avant Arte,2904216,instagram,story,photo,Edition;UrsFischer_LE_26,4320,3828,0,,0,1,,4320,176,3508,126,0.11805555,,18104289727986647
UrsFischer_LE_26,2026-05-27 17:11:37,Avant Arte,2904216,instagram,story,photo,Edition;UrsFischer_LE_26,4963,4365,0,,0,1,,4963,359,3412,66,0.22687891,,17928279513292171
UrsFischer_LE_26,2026-05-27 16:00:01,Avant Arte,13530,twitter,post,photo,Edition;UrsFischer_LE_26,437,,23,2,0,0,,,,,,,,2059665939507941609
MiwaKomat_LE_26,2026-05-27 09:33:00,Avant Arte,13531,twitter,post,photo,Edition;MiwaKomat_LE_26,333,,31,6,1,0,,,,,,,,2059568543721508968
MiwaKomat_LE_26,2026-05-27 10:29:33,Avant Insiders,72831,instagram,story,photo,Edition;MiwaKomat_LE_26,471,397,0,,0,0,,471,66,277,8,0.25477707,,17974813953030169
MiwaKomat_LE_26,2026-05-27 10:28:52,Avant Insiders,72828,instagram,post,carousel,Edition;MiwaKomat_LE_26,2045,932,25,25,0,0,0,2045,,,,,,18081141638531844
MiwaKomat_LE_26,2026-05-27 10:27:28,Avant Arte,2904183,instagram,story,photo,Edition;MiwaKomat_LE_26,6051,5360,1,,1,0,,6051,896,3549,78,0.25252023,,18049451963757510
MiwaKomat_LE_26,2026-05-27 10:25:01,Avant Arte,2904172,instagram,post,carousel,Edition;MiwaKomat_LE_26,86401,34425,1594,1437,11,50,77,86401,,,,,,17878528467457153
TakashiMu_LE_26,2026-05-26 17:03:06,Avant Insiders,72835,instagram,story,photo,Edition;TakashiMu_LE_26,993,773,1,,1,0,,993,116,556,16,0.30715004,,17890927569473016
TakashiMu_LE_26,2026-05-26 17:01:59,Avant Arte,2904202,instagram,story,photo,Edition;TakashiMu_LE_26,16039,14080,1,,1,5,,16039,1322,6390,97,0.5131243,,18009389138722663
TakashiMu_LE_26,2026-05-26 17:00:48,Avant Arte,2904202,instagram,collaboration,carousel,Edition;TakashiMu_LE_26,334854,177534,5218,4367,60,335,359,334854,,,,,,18217605160326382
FelipePantone_LE_26,2026-05-22 16:02:26,Avant Insiders,72854,instagram,story,photo,Edition;FelipePantone_LE_26,466,375,0,,0,1,,466,54,300,9,0.22103004,,18047289668541015
FelipePantone_LE_26,2026-05-22 16:01:07,Avant Arte,2902821,instagram,story,photo,Edition;FelipePantone_LE_26,5383,4806,1,,1,0,,5383,708,3720,53,0.16756456,,18153318193466695
FelipePantone_LE_26,2026-05-22 16:00:11,Avant Insiders,72855,instagram,post,carousel,Edition;FelipePantone_LE_26,2964,1374,86,74,1,4,7,2964,,,,,,17964986001116627
FelipePantone_LE_26,2026-05-22 15:00:03,Avant Arte,13538,twitter,post,video,Edition;FelipePantone_LE_26,824,,46,24,0,2,,,,,,,209,2057838910399709526
FelipePantone_LE_26,2026-05-22 16:00:01,Avant Arte,2902821,instagram,post,carousel,Edition;FelipePantone_LE_26,83862,32080,1514,1259,14,79,141,83862,,,,,,18068516345349352
JoelMesler_TL_26,2026-05-22 13:02:56,Avant Insiders,72854,instagram,story,photo,Edition;JoelMesler_TL_26,621,511,0,,0,1,,621,53,275,8,0.4589372,,17882288106579250
JoelMesler_TL_26,2026-05-22 13:02:36,Avant Arte,2902766,instagram,story,video,Edition;JoelMesler_TL_26,5475,4991,0,,0,0,,5475,704,3449,60,0.23050228,,18103156516950827
JoelMesler_TL_26,2026-05-22 12:00:02,Avant Arte,13537,twitter,post,photo,Edition;JoelMesler_TL_26,308,,27,5,0,0,,,,,,,,2057793607034437930
EddieMart_LE_25,2026-05-21 17:01:52,Avant Insiders,72855,instagram,story,photo,EddieMart_LE_25;Edition,420,348,0,,0,0,,420,47,294,15,0.15238096,,18114129397857133
JoelMesler_TL_26,2026-05-21 17:01:29,Avant Insiders,72855,instagram,story,video,Edition;JoelMesler_TL_26,551,465,0,,0,1,,551,63,295,14,0.32486388,,17857253268642959
EddieMart_LE_25,2026-05-21 17:00:05,Avant Arte,2902462,instagram,story,photo,EddieMart_LE_25;Edition,4896,4468,0,,0,0,,4896,586,3715,53,0.11070261,,18103426643291804
JoelMesler_TL_26,2026-05-21 16:59:41,Avant Arte,2902462,instagram,story,video,Edition;JoelMesler_TL_26,6501,5872,0,,0,1,,6501,629,3859,53,0.30149207,,18116204152773986
JoelMesler_TL_26,2026-05-20 17:03:57,Avant Insiders,72858,instagram,story,photo,Edition;JoelMesler_TL_26,1014,832,0,,0,1,,1014,95,440,3,0.469428,,17924128965343580
JoelMesler_TL_26,2026-05-20 17:00:23,Avant Arte,2902393,instagram,story,photo,Edition;JoelMesler_TL_26,10282,8969,1,,1,0,,10282,1278,6285,70,0.2576347,,18044020058795681
JoelMesler_TL_26,2026-05-20 16:00:02,Avant Arte,13539,twitter,post,photo,Edition;JoelMesler_TL_26,366,,28,5,0,1,,,,,,,,2057129227217166445
JoelMesler_TL_26,2026-05-20 17:00:00,Avant Insiders,72858,instagram,post,carousel,Edition;JoelMesler_TL_26,3013,1410,52,49,2,0,1,3013,,,,,,18102755401983880
JoelMesler_TL_26,2026-05-20 17:00:00,Avant Arte,2902393,instagram,post,carousel,Edition;JoelMesler_TL_26,91482,40960,522,493,9,5,15,91482,,,,,,18139248157466915
TakashiMu_LE_26,2026-05-18 17:00:38,Avant Insiders,72864,instagram,story,photo,Edition;TakashiMu_LE_26,855,697,0,,0,0,,855,113,471,10,0.30526316,,18077563409225429
TakashiMu_LE_26,2026-05-18 17:00:16,Avant Arte,2901988,instagram,story,photo,Edition;TakashiMu_LE_26,8568,7493,1,,1,2,,8568,928,4363,89,0.37208217,,18323487643250778
MiwaKomat_LE_26,2026-05-18 10:00:13,Avant Arte,2901853,instagram,story,photo,Edition;MiwaKomat_LE_26,8003,6974,1,,1,0,,8003,960,4762,58,0.27777085,,18074911487281152
MiwaKomat_LE_26,2026-05-18 09:00:00,Avant Arte,13539,twitter,post,photo,Edition;MiwaKomat_LE_26,462,,37,10,1,1,,,,,,,,2056298749870117199
EddieMart_LE_25,2026-05-15 17:00:16,Avant Arte,2901230,instagram,story,photo,EddieMart_LE_25;Edition,6197,5479,1,,1,2,,6197,722,4120,103,0.20203324,,17960233284120552
AntonyMic_LE_26,2026-05-15 14:01:15,Avant Arte,2901188,instagram,story,photo,AntonyMic_LE_26;Edition,6512,5744,1,,1,0,,6512,747,4005,47,0.26305282,,17862324036630041
AntonyMic_LE_26,2026-05-15 14:00:57,Avant Arte,2901188,instagram,collaboration,carousel,AntonyMic_LE_26;Edition,209645,97199,7693,6570,67,396,580,209645,,,,,,18100132423939657
CindySher_LE_26,2026-05-14 17:10:00,Avant Insiders,72898,instagram,post,carousel,CindySher_LE_26;Edition,3700,1739,62,52,2,5,2,3700,,,,,,17906116191413352
CindySher_LE_26,2026-05-14 17:05:24,Avant Insiders,72898,instagram,story,photo,CindySher_LE_26;Edition,607,514,0,,0,0,,607,101,343,7,0.25700164,,18121960915578312
CindySher_LE_26,2026-05-14 17:01:43,Avant Arte,2900908,instagram,story,photo,CindySher_LE_26;Edition,8420,7326,0,,0,2,,8420,1118,4779,54,0.2932304,,18104650348788349
CindySher_LE_26,2026-05-14 17:00:41,Avant Arte,2900908,instagram,collaboration,carousel,CindySher_LE_26;Edition,156808,75460,1171,1059,16,27,59,156808,,,,,,17863929054567591
CindySher_LE_26,2026-05-14 16:00:00,Avant Arte,13543,twitter,post,photo,CindySher_LE_26;Edition,405,,44,4,0,0,,,,,,,,2054954892620693552
FelipePantone_LE_26,2026-05-13 16:00:01,Avant Arte,2900193,instagram,story,photo,Edition;FelipePantone_LE_26,9614,8487,0,,0,2,,9614,1283,5850,62,0.25161225,,17996280836947088
AiWeiwei_Guardian2_26,2026-05-12 17:00:14,Avant Arte,13545,twitter,post,photo,AiWeiwei_Guardian2_26;Edition,382,,32,5,0,1,,,,,,,,2054245277159002430
AiWeiwei_Guardian2_26,2026-05-12 15:09:56,Avant Insiders,72876,instagram,story,photo,AiWeiwei_Guardian2_26;Edition,723,590,0,,0,0,,723,76,438,12,0.2724758,,18094751936174395
AiWeiwei_Guardian2_26,2026-05-12 15:09:09,Avant Arte,2900101,instagram,story,photo,AiWeiwei_Guardian2_26;Edition,10039,8712,3,,3,1,,10039,1245,5756,82,0.29445162,,17918664450358750
AiWeiwei_Guardian2_26,2026-05-12 14:53:22,Avant Arte,2900101,instagram,collaboration,carousel,AiWeiwei_Guardian2_26;Edition,85507,36964,1330,1012,18,218,75,85507,,,,,,18104067550782993
AiWeiwei_Guardian2_26,2026-05-12 14:01:39,Avant Arte,2900090,instagram,story,photo,AiWeiwei_Guardian2_26;Edition,865,604,1,,1,1,,865,126,392,8,0.3919075,,18454804270113928
AiWeiwei_Guardian2_26,2026-05-12 14:00:15,Avant Arte,2900090,instagram,post,carousel,AiWeiwei_Guardian2_26;Edition,,,,0,0,,,,,,,,,18100041701046476
AiWeiwei_Guardian2_26,2026-05-12 13:00:00,Avant Arte,13545,twitter,post,photo,AiWeiwei_Guardian2_26;Edition,191,,23,1,0,0,,,,,,,,2054184818125005037
AiWeiwei_Guardian2_26,2026-05-12 14:00:00,Avant Insiders,72877,instagram,post,carousel,AiWeiwei_Guardian2_26;Edition,6833,3493,108,78,8,10,9,6833,,,,,,18111945832678026
Albers_LE_26,2026-05-11 17:11:09,Avant Arte,2900058,instagram,story,photo,Albers_LE_26;Edition,6156,5587,1,,1,1,,6156,568,4731,104,0.12231969,,17943755073190005
Albers_LE_26,2026-05-11 17:10:56,Avant Arte,2900058,instagram,story,photo,Albers_LE_26;Edition,8069,7207,0,,0,0,,8069,787,4902,50,0.28875944,,18087576131612927
Albers_LE_26,2026-05-11 17:10:15,Avant Insiders,72881,instagram,story,photo,Albers_LE_26;Edition,494,440,0,,0,0,,494,49,359,13,0.14777328,,18142134010502081
Albers_LE_26,2026-05-11 17:10:11,Avant Insiders,72881,instagram,story,photo,Albers_LE_26;Edition,613,532,0,,0,0,,613,71,369,6,0.27243066,,18046803575761934
Albers_LE_26,2026-05-11 17:10:00,Avant Arte,2900058,instagram,post,reel,Albers_LE_26;Edition;Reel,134492,99688,9531,6694,57,1311,1472,134492,,,,,134492,17865127011624314
TakashiMu_LE_26,2026-05-08 17:04:23,Avant Arte,2899467,instagram,story,photo,Edition;TakashiMu_LE_26,3631,3159,1,,1,0,,3631,339,2908,114,0.07435968,,18062359415440085
TakashiMu_LE_26,2026-05-08 17:03:52,Avant Arte,2899467,instagram,story,photo,Edition;TakashiMu_LE_26,4460,3821,0,,0,17,,4460,82,3216,137,0.22982062,,18093584972182100
TakashiMu_LE_26,2026-05-08 17:03:11,Avant Arte,2899467,instagram,story,photo,Edition;TakashiMu_LE_26,3786,3319,0,,0,0,,3786,105,3278,175,0.06022187,,17887920177476056
TakashiMu_LE_26,2026-05-08 17:02:53,Avant Arte,2899467,instagram,story,photo,Edition;TakashiMu_LE_26,3889,3439,1,,1,3,,3889,110,3346,101,0.08536899,,18116297572779128
TakashiMu_LE_26,2026-05-08 17:02:37,Avant Arte,2899467,instagram,story,photo,Edition;TakashiMu_LE_26,9893,8877,0,,0,1,,9893,128,3403,108,0.6321642,,17902341912263514
TakashiMu_LE_26,2026-05-08 17:02:06,Avant Arte,2899467,instagram,story,photo,Edition;TakashiMu_LE_26,11376,10143,0,,0,3,,11376,152,3446,140,0.6714135,,18589024306029240
TakashiMu_LE_26,2026-05-08 17:01:39,Avant Arte,2899467,instagram,story,photo,Edition;TakashiMu_LE_26,5485,4801,1,,1,2,,5485,254,3506,143,0.28842297,,17947087799997409
CindySher_LE_26,2026-05-08 17:00:36,Avant Arte,2899467,instagram,story,photo,CindySher_LE_26;Edition,6278,5411,0,,0,2,,6278,499,3542,44,0.34931508,,18042197153717141
CindySher_LE_26,2026-05-08 16:00:01,Avant Arte,13549,twitter,post,photo,CindySher_LE_26;Edition,242,,19,1,0,1,,,,,,,,2052780571164569644
TakashiMu_LE_26,2026-05-07 17:02:42,Avant Arte,2904678,instagram,story,video,Edition;TakashiMu_LE_26,3756,3266,0,,0,0,,3756,316,2864,161,0.11048988,,18098866474923659
TakashiMu_LE_26,2026-05-07 17:02:22,Avant Arte,2904678,instagram,story,video,Edition;TakashiMu_LE_26,3889,3332,0,,0,0,,3889,131,3091,205,0.11879661,,18040946063784489
TakashiMu_LE_26,2026-05-07 17:01:55,Avant Arte,2904678,instagram,story,video,Edition;TakashiMu_LE_26,4025,3408,0,,0,2,,4025,108,3204,223,0.12173913,,18265841482294989
TakashiMu_LE_26,2026-05-07 17:01:31,Avant Arte,2904678,instagram,story,video,Edition;TakashiMu_LE_26,4110,3516,1,,1,5,,4110,126,3277,152,0.1350365,,18353988316211975
TakashiMu_LE_26,2026-05-07 17:00:42,Avant Arte,2904678,instagram,story,photo,Edition;TakashiMu_LE_26,4190,3660,0,,0,0,,4190,133,3512,118,0.10190931,,17883909777397318
TakashiMu_LE_26,2026-05-07 17:00:18,Avant Arte,2904678,instagram,story,photo,Edition;TakashiMu_LE_26,4455,3893,1,,1,4,,4455,228,3456,112,0.14792368,,17909302467403901
TakashiMu_LE_26,2026-05-07 17:00:02,Avant Arte,2904678,instagram,story,photo,Edition;TakashiMu_LE_26,7367,6216,0,,0,1,,7367,499,3389,38,0.46708295,,18102032042063231
JoelMesler_TL_26,2026-05-06 16:59:43,Avant Arte,2904494,instagram,story,photo,Edition;JoelMesler_TL_26,6127,5468,1,,1,0,,6127,790,4289,85,0.15717317,,18128556982596060
GraysonPerry_TL_25,2026-05-06 13:05:00,Avant Arte,13549,twitter,post,photo,Edition;GraysonPerry_TL_25,434,,16,6,0,1,,,,,,,,2052011750115905725
GraysonPerry_TL_25,2026-05-06 14:01:17,Avant Insiders,73315,instagram,story,photo,Edition;GraysonPerry_TL_25,809,664,0,,0,0,,809,107,463,10,0.28306553,,18064735250399597
GraysonPerry_TL_25,2026-05-06 13:59:53,Avant Arte,2917674,instagram,story,photo,Edition;GraysonPerry_TL_25,6524,5710,2,,2,0,,6524,763,4038,79,0.25199264,,18404829289148637
TakashiMu_LE_26,2026-05-05 18:04:04,Avant Arte,2917484,instagram,story,photo,Edition;TakashiMu_LE_26,4505,3660,1,,1,1,,4505,364,3391,340,0.09100999,,18072181136306771
TakashiMu_LE_26,2026-05-05 18:03:21,Avant Arte,2917484,instagram,story,photo,Edition;TakashiMu_LE_26,4766,3739,0,,0,0,,4766,138,3838,430,0.07553504,,18195703147363276
TakashiMu_LE_26,2026-05-05 18:03:10,Avant Arte,2917484,instagram,story,photo,Edition;TakashiMu_LE_26,5031,3847,1,,1,9,,5031,178,3981,432,0.08745776,,17973266955035185
TakashiMu_LE_26,2026-05-05 18:01:54,Avant Arte,2917484,instagram,story,photo,Edition;TakashiMu_LE_26,6124,4744,0,,0,4,,6124,158,4120,249,0.26077726,,17861184231688338
TakashiMu_LE_26,2026-05-05 18:01:24,Avant Arte,2917484,instagram,story,photo,Edition;TakashiMu_LE_26,5024,4120,0,,0,1,,5024,148,4089,267,0.10350318,,17904178503422751
TakashiMu_LE_26,2026-05-05 18:00:50,Avant Arte,2917484,instagram,story,photo,Edition;TakashiMu_LE_26,6621,5434,0,,0,2,,6621,285,4043,184,0.31853193,,18090813692597794
TakashiMu_LE_26,2026-05-05 18:00:26,Avant Arte,2917484,instagram,story,photo,Edition;TakashiMu_LE_26,8817,7204,1,,1,2,,8817,590,3982,67,0.4738573,,17968772237900823
TakashiMu_LE_26,2026-05-05 18:00:00,Avant Arte,2917484,instagram,collaboration,reel,Edition;TakashiMu_LE_26,111450,80071,2370,2021,39,199,114,111450,,,,,111450,18097495975892029
Maurizio_Therapy_26,2026-05-04 16:59:46,Avant Insiders,73319,instagram,story,photo,Edition;Maurizio_Therapy_26,580,466,0,,0,0,,580,76,355,23,0.21724138,,17887349289509634
Maurizio_Therapy_26,2026-05-04 16:59:36,Avant Arte,2917344,instagram,story,photo,Edition;Maurizio_Therapy_26,6736,5922,1,,1,4,,6736,839,4674,112,0.16493468,,18093985364173691
GraysonPerry_TL_25,2026-05-04 14:09:56,Avant Insiders,73320,instagram,story,photo,Edition;GraysonPerry_TL_25,605,509,0,,0,0,,605,60,379,9,0.25950414,,18115137253816527
GraysonPerry_TL_25,2026-05-04 14:08:23,Avant Arte,2917332,instagram,story,photo,Edition;GraysonPerry_TL_25,6812,6079,0,,0,0,,6812,640,4819,174,0.17307693,,18575703532029756
GraysonPerry_TL_25,2026-05-04 13:00:02,Avant Arte,13549,twitter,post,photo,Edition;GraysonPerry_TL_25,1240,,85,18,2,1,,,,,,,,2051285723274490071
GraysonPerry_TL_25,2026-05-04 14:00:00,Avant Insiders,73319,instagram,post,carousel,Edition;GraysonPerry_TL_25,2184,1046,30,28,0,0,2,2184,,,,,,18112581748647355
GraysonPerry_TL_25,2026-05-04 14:00:00,Avant Arte,2917332,instagram,post,carousel,Edition;GraysonPerry_TL_25,83650,32056,1064,933,5,27,76,83650,,,,,,18010015835894268
AiWeiwei_Guardian2_26,2026-05-04 11:00:50,Avant Arte,2917299,instagram,story,photo,AiWeiwei_Guardian2_26;Edition,9895,8610,1,,1,1,,9895,1049,5933,60,0.28832743,,17878446111581235
AiWeiwei_Guardian2_26,2026-05-04 10:00:02,Avant Arte,13548,twitter,post,photo,AiWeiwei_Guardian2_26;Edition,4799,,196,30,4,4,,,,,,,,2051240425823039744
TakashiMu_LE_26,2026-05-01 17:04:50,Avant Insiders,73314,instagram,story,photo,Edition;TakashiMu_LE_26,611,460,2,,2,0,,611,116,321,62,0.18330605,,18161688622430986
TakashiMu_LE_26,2026-05-01 17:04:45,Avant Insiders,73314,instagram,story,photo,Edition;TakashiMu_LE_26,684,497,2,,2,4,,684,64,418,11,0.27923977,,18206113714339150
TakashiMu_LE_26,2026-05-01 17:04:27,Avant Arte,2916504,instagram,story,photo,Edition;TakashiMu_LE_26,6070,5223,2,,2,2,,6070,682,4358,233,0.13130148,,17910438618204212
TakashiMu_LE_26,2026-05-01 17:04:22,Avant Arte,2916504,instagram,story,photo,Edition;TakashiMu_LE_26,6658,5712,1,,1,5,,6658,442,4770,101,0.20201261,,18079252109173256
TakashiMu_LE_26,2026-05-01 17:03:05,Avant Arte,2916504,instagram,collaboration,carousel,Edition;TakashiMu_LE_26,336560,145891,10723,9594,71,506,364,336560,,,,,,18133588261557590
TakashiMu_LE_26,2026-05-01 16:00:01,Avant Arte,13536,twitter,post,photo,Edition;TakashiMu_LE_26,2793,,482,41,3,5,,,,,,,,2050243854792790029
TakashiMu_LE_26,2026-05-01 17:00:00,Avant Insiders,73314,instagram,collaboration,carousel,Edition;TakashiMu_LE_26,14892,6320,652,534,12,74,30,14892,,,,,,18079942328403976
AntonyMic_LE_26,2026-05-01 14:03:14,Avant Insiders,73307,instagram,story,photo,AntonyMic_LE_26;Edition,582,493,0,,0,0,,582,61,382,13,0.21649484,,18046225004749812
AntonyMic_LE_26,2026-05-01 14:02:14,Avant Insiders,73314,instagram,post,carousel,AntonyMic_LE_26;Edition,5831,2835,94,73,1,11,5,5831,,,,,,18349642222215104
AntonyMic_LE_26,2026-05-01 13:00:00,Avant Arte,13535,twitter,post,photo,AntonyMic_LE_26;Edition,982,,78,15,1,2,,,,,,,,2050198552505094447
AntonyMic_LE_26,2026-05-01 14:00:00,Avant Arte,2916429,instagram,post,carousel,AntonyMic_LE_26;Edition,90493,38906,947,799,9,46,86,90493,,,,,,18169500892408682
AntonyMic_LE_26,2026-05-01 13:59:52,Avant Arte,2916429,instagram,story,photo,AntonyMic_LE_26;Edition,7176,6395,1,,1,0,,7176,754,4387,75,0.27313265,,18006585206883485
Albers_LE_26,2026-04-30 17:04:18,Avant Insiders,73309,instagram,story,photo,Albers_LE_26;Edition,457,349,0,,0,1,,457,56,261,24,0.25382933,,17918797020144082
Albers_LE_26,2026-04-30 17:02:21,Avant Arte,2916269,instagram,story,photo,Albers_LE_26;Edition,4840,4326,0,,0,1,,4840,393,3491,93,0.17830579,,18081968483122145
Albers_LE_26,2026-04-30 17:01:47,Avant Arte,2916269,instagram,story,photo,Albers_LE_26;Edition,5299,4750,1,,1,3,,5299,286,3706,90,0.22966598,,18546196936066019
Albers_LE_26,2026-04-30 17:00:23,Avant Arte,2916269,instagram,collaboration,carousel,Albers_LE_26;Edition,84658,35661,2379,1950,27,156,236,84658,,,,,,17860369824585432
Albers_LE_26,2026-04-30 16:00:00,Avant Arte,13532,twitter,post,photo,Albers_LE_26;Edition,1778,,114,32,3,2,,,,,,,,2049881462883934546
Albers_LE_26,2026-04-30 17:00:00,Avant Insiders,73309,instagram,post,carousel,Albers_LE_26;Edition,2164,980,46,40,0,2,4,2164,,,,,,18434939050142349
GraysonPerry_TL_25,2026-04-30 13:18:16,Avant Arte,13532,twitter,post,photo,Edition;GraysonPerry_TL_25,449,,46,5,0,1,,,,,,,,2049840760065818692
GraysonPerry_TL_25,2026-04-30 14:05:55,Avant Arte,2916235,instagram,story,photo,Edition;GraysonPerry_TL_25,5752,4607,0,,0,0,,5752,493,3534,59,0.2896384,,18045449576768395
GraysonPerry_TL_25,2026-04-30 14:05:03,Avant Insiders,73309,instagram,story,photo,Edition;GraysonPerry_TL_25,400,310,0,,0,0,,400,42,249,20,0.2225,,17904805134244968
GraysonPerry_TL_25,2026-04-30 14:00:34,Avant Arte,2916235,instagram,collaboration,carousel,Edition;GraysonPerry_TL_25,76029,33277,565,500,4,13,43,76029,,,,,,18086518061039889
GraysonPerry_TL_25,2026-04-30 13:59:33,Avant Insiders,73309,instagram,post,carousel,Edition;GraysonPerry_TL_25,2810,1295,35,31,0,1,3,2810,,,,,,18085413140609632
ShirinNeshat_TL_26,2026-04-30 09:31:51,Avant Insiders,73309,instagram,story,photo,Edition;ShirinNeshat_TL_26,388,329,0,,0,0,,388,44,253,13,0.20103092,,18013754453847878
ShirinNeshat_TL_26,2026-04-30 09:30:04,Avant Arte,2916229,instagram,story,photo,Edition;ShirinNeshat_TL_26,5790,5146,1,,1,0,,5790,669,3644,66,0.24369603,,18116144539670316
Paulnsect_Repeat_25,2026-04-29 17:08:54,Avant Insiders,73313,instagram,story,photo,Edition;Paulnsect_Repeat_25,410,334,0,,0,0,,410,50,265,16,0.19268292,,18083491340433535
Paulnsect_Repeat_25,2026-04-29 17:07:35,Avant Arte,2916096,instagram,story,photo,Edition;Paulnsect_Repeat_25,7100,6311,1,,1,1,,7100,625,5025,120,0.18732394,,18079696484403880
ShirinNeshat_TL_26,2026-04-29 17:06:53,Avant Insiders,73313,instagram,story,photo,Edition;ShirinNeshat_TL_26,474,397,0,,0,0,,474,49,288,3,0.28270042,,17977429700851152
ShirinNeshat_TL_26,2026-04-29 17:05:26,Avant Arte,2916096,instagram,story,photo,Edition;ShirinNeshat_TL_26,9534,8254,1,,1,1,,9534,763,5282,65,0.35913572,,18375952648161941
ShirinNeshat_TL_26,2026-04-29 16:00:02,Avant Arte,13531,twitter,post,photo,Edition;ShirinNeshat_TL_26,340,,19,3,0,0,,,,,,,,2049519082198716860
ShirinNeshat_TL_26,2026-04-29 17:00:00,Avant Insiders,73313,instagram,post,carousel,Edition;ShirinNeshat_TL_26,1398,615,17,17,0,0,0,1398,,,,,,17889710475356492
ShirinNeshat_TL_26,2026-04-29 17:00:00,Avant Arte,2916096,instagram,post,carousel,Edition;ShirinNeshat_TL_26,65983,25453,567,524,7,9,26,65983,,,,,,17913579012180249
ShirinNeshat_TL_26,2026-04-28 17:05:40,Avant Arte,2915908,instagram,story,photo,Edition;ShirinNeshat_TL_26,16312,14317,0,,0,4,,16312,1719,9322,85,0.31792545,,18337561075172511
ShirinNeshat_TL_26,2026-04-28 17:04:36,Avant Arte,2915908,instagram,collaboration,carousel,Edition;ShirinNeshat_TL_26,131909,57023,3610,3170,26,167,200,131909,,,,,,18101991943959804
ShirinNeshat_TL_26,2026-04-28 17:02:30,Avant Insiders,73305,instagram,story,photo,Edition;ShirinNeshat_TL_26,567,485,0,,0,0,,567,87,328,8,0.25396827,,17910065463389158
ShirinNeshat_TL_26,2026-04-28 17:01:44,Avant Insiders,73305,instagram,post,carousel,Edition;ShirinNeshat_TL_26,3285,1875,37,33,0,1,3,3285,,,,,,18099016859097585
ShirinNeshat_TL_26,2026-04-28 16:00:00,Avant Arte,13536,twitter,post,photo,Edition;ShirinNeshat_TL_26,295,,13,3,0,0,,,,,,,,2049156689719357868
EddieMart_LE_25,2026-04-24 17:02:02,Avant Insiders,73324,instagram,story,photo,EddieMart_LE_25;Edition,537,455,0,,0,0,,537,67,323,4,0.26629424,,18065091215352501
EddieMart_LE_25,2026-04-24 17:00:56,Avant Arte,2914245,instagram,story,photo,EddieMart_LE_25;Edition,10676,9539,2,,2,0,,10676,1238,6354,76,0.28175348,,18123870646611727
EddieMart_LE_25,2026-04-24 16:00:03,Avant Arte,13515,twitter,post,photo,EddieMart_LE_25;Edition,710,,60,9,1,0,,,,,,,,2047707147275046919
EddieMart_LE_25,2026-04-24 17:00:00,Avant Insiders,73324,instagram,post,carousel,EddieMart_LE_25;Edition,4121,1626,110,88,2,8,11,4121,,,,,,18095898551028754
EddieMart_LE_25,2026-04-24 17:00:00,Avant Arte,2914245,instagram,post,carousel,EddieMart_LE_25;Edition,99078,42035,1413,1265,19,47,81,99078,,,,,,17976411536855735
Maurizio_NonaOra_26,2026-04-22 17:00:13,Avant Insiders,73319,instagram,story,photo,Edition;Maurizio_NonaOra_26,614,508,0,,0,0,,614,74,351,7,0.29641694,,18089948360244342
Maurizio_NonaOra_26,2026-04-22 16:59:13,Avant Arte,2913308,instagram,story,photo,Edition;Maurizio_NonaOra_26,12347,10794,0,,0,2,,12347,1512,7418,96,0.26897222,,17926560609273021
JoelMesler_TL_26,2026-04-21 17:02:35,Avant Insiders,73317,instagram,story,photo,Edition;JoelMesler_TL_26,481,378,0,,0,0,,481,65,280,22,0.23700623,,17956940931116295
JoelMesler_TL_26,2026-04-21 17:00:23,Avant Arte,2912848,instagram,story,photo,Edition;JoelMesler_TL_26,8009,6875,1,,1,2,,8009,923,5166,161,0.21962792,,18083216183527127
JoelMesler_TL_26,2026-04-21 16:00:02,Avant Arte,13515,twitter,post,photo,Edition;JoelMesler_TL_26,611,,52,8,1,1,,,,,,,,2046619979735326826
JoelMesler_TL_26,2026-04-21 17:00:00,Avant Insiders,73317,instagram,post,reel,Edition;JoelMesler_TL_26,3559,2379,106,85,5,10,6,3559,,,,,3559,18398451058147812
JoelMesler_TL_26,2026-04-21 17:00:00,Avant Arte,2912848,instagram,post,carousel,Edition;JoelMesler_TL_26,54979,21644,390,348,11,9,21,54979,,,,,,18045505610590395
AiWeiwei_FingerSE_25,2026-04-21 14:00:57,Avant Insiders,73313,instagram,story,photo,AiWeiwei_FingerSE_25;Edition,557,460,0,,0,1,,557,54,316,8,0.32136446,,18123354280544719
AiWeiwei_FingerSE_25,2026-04-21 13:59:51,Avant Arte,2912841,instagram,story,photo,AiWeiwei_FingerSE_25;Edition,8529,7517,0,,0,1,,8529,933,5241,63,0.26873022,,18173757394397106
Albers_LE_26,2026-04-20 16:00:00,Avant Arte,13517,twitter,post,photo,Albers_LE_26;Edition,481,,29,6,0,0,,,,,,,,2046257586522206252
Albers_LE_26,2026-04-20 16:59:35,Avant Arte,2912280,instagram,story,photo,Albers_LE_26;Edition,7669,6567,0,,0,0,,7669,975,5172,102,0.18516104,,18590050795042344
GraysonPerry_TL_25,2026-04-20 14:01:37,Avant Arte,2912188,instagram,story,photo,Edition;GraysonPerry_TL_25,22740,18733,0,,0,2,,22740,1045,6072,71,0.683905,,18147020827492269
GraysonPerry_TL_25,2026-04-20 14:00:07,Avant Arte,2912188,instagram,collaboration,carousel,Edition;GraysonPerry_TL_25,145433,65835,2382,2020,26,116,190,145433,,,,,,18099492518054411
EddieMart_LE_25,2026-04-17 17:13:07,Avant Arte,13506,twitter,post,photo,EddieMart_LE_25;Edition,580,,24,7,0,0,,,,,,,,2045188822124634146
EddieMart_LE_25,2026-04-17 18:07:09,Avant Arte,2910452,instagram,story,photo,EddieMart_LE_25;Edition,12114,10443,4,,4,1,,12114,1483,7067,97,0.28619778,,18100717588956315
EddieMart_LE_25,2026-04-17 18:06:20,Avant Arte,2910452,instagram,post,carousel,EddieMart_LE_25;Edition,84707,35723,1999,1800,22,43,122,84707,,,,,,18092255945269922
ShirinNeshat_TL_26,2026-04-16 17:04:48,Avant Arte,2909782,instagram,story,photo,Edition;ShirinNeshat_TL_26,7025,6314,1,,1,0,,7025,1032,4609,91,0.18405694,,18100784008981673
ShirinNeshat_TL_26,2026-04-16 17:01:24,Avant Arte,2909782,instagram,collaboration,carousel,Edition;ShirinNeshat_TL_26,205598,98616,6035,4441,183,589,683,205598,,,,,,18076454177187629
LucianFreud_TL_26,2026-04-16 09:05:09,Avant Arte,13507,twitter,post,photo,Edition;LucianFreud_TL_26,355,,16,4,0,0,,,,,,,,2044703634747781548
LucianFreud_TL_26,2026-04-16 09:52:08,Avant Insiders,73316,instagram,story,photo,Edition;LucianFreud_TL_26,467,393,0,,0,0,,467,66,268,7,0.26980728,,18147096781490900
LucianFreud_TL_26,2026-04-16 09:47:46,Avant Arte,2909662,instagram,story,photo,Edition;LucianFreud_TL_26,6702,5983,0,,0,0,,6702,798,4213,71,0.24171889,,17857198983687579
Maurizio_NonaOra_26,2026-04-15 17:04:51,Avant Arte,2909215,instagram,story,photo,Edition;Maurizio_NonaOra_26,5673,4827,2,,2,1,,5673,710,3786,89,0.19178565,,18102277367476821
Maurizio_NonaOra_26,2026-04-15 17:00:00,Avant Arte,2909215,instagram,post,reel,Edition;Maurizio_NonaOra_26,77918,52425,3326,2303,18,537,468,77918,,,,,77918,18096789295848773
LucianFreud_TL_26,2026-04-15 14:01:17,Avant Insiders,73316,instagram,story,photo,Edition;LucianFreud_TL_26,546,474,0,,0,0,,546,65,326,10,0.26556778,,17981830136824676
LucianFreud_TL_26,2026-04-15 14:00:09,Avant Arte,2909155,instagram,story,photo,Edition;LucianFreud_TL_26,5558,4785,1,,1,0,,5558,511,3967,126,0.17164448,,18117681058648975
AntonyMic_LE_26,2026-04-15 11:00:08,Avant Arte,2909110,instagram,story,photo,AntonyMic_LE_26;Edition,6634,5743,1,,1,0,,6634,668,4165,111,0.25474826,,17959322883103527
Maurizio_NonaOra_26,2026-04-14 18:15:34,Avant Arte,2908765,instagram,post,carousel,Edition;Maurizio_NonaOra_26,171447,74301,2641,2185,37,242,160,171447,,,,,,18088286405260514
Maurizio_NonaOra_26,2026-04-14 17:05:18,Avant Arte,2908738,instagram,story,photo,Edition;Maurizio_NonaOra_26,6003,5166,0,,0,0,,6003,727,4050,96,0.18823922,,18073401368242331
LucianFreud_TL_26,2026-04-14 14:00:16,Avant Insiders,73317,instagram,story,photo,Edition;LucianFreud_TL_26,553,468,0,,0,0,,553,81,327,11,0.24231465,,18319565062271921
LucianFreud_TL_26,2026-04-14 14:00:01,Avant Arte,2908841,instagram,story,photo,Edition;LucianFreud_TL_26,6052,5305,0,,0,0,,6052,598,4211,94,0.18985459,,18420133975125364
LucianFreud_TL_26,2026-04-14 14:00:00,Avant Insiders,73315,instagram,post,carousel,Edition;LucianFreud_TL_26,1842,788,33,31,0,1,1,1842,,,,,,18096684725018786
LucianFreud_TL_26,2026-04-14 14:00:00,Avant Arte,2908841,instagram,post,carousel,Edition;LucianFreud_TL_26,90011,39875,2550,2329,11,52,136,90011,,,,,,17914573251162030
AiWeiwei_FingerSE_25,2026-04-14 11:00:51,Avant Arte,2908771,instagram,story,photo,AiWeiwei_FingerSE_25;Edition,7123,6247,1,,1,0,,7123,751,4408,84,0.26393375,,17912606205365869
Maurizio_Therapy_26,2026-04-13 17:18:28,Avant Insiders,73316,instagram,post,carousel,Edition;Maurizio_Therapy_26,3611,1599,54,46,3,2,2,3611,,,,,,17883481419482733
Maurizio_Therapy_26,2026-04-13 17:16:37,Avant Insiders,73316,instagram,story,photo,Edition;Maurizio_Therapy_26,584,474,0,,0,1,,584,93,345,3,0.24486302,,18089172437252078
Maurizio_Therapy_26,2026-04-13 17:13:32,Avant Arte,2908401,instagram,post,carousel,Edition;Maurizio_Therapy_26,67363,26753,482,402,6,32,37,67363,,,,,,17854157685640707
Maurizio_Therapy_26,2026-04-13 17:02:26,Avant Arte,2908401,instagram,story,photo,Edition;Maurizio_Therapy_26,11167,9538,1,,1,0,,11167,1449,6488,87,0.2814543,,17982679811995485
Paulnsect_Repeat_25,2026-04-09 17:24:11,Avant Insiders,73322,instagram,post,carousel,Edition;Paulnsect_Repeat_25,3911,1487,100,83,2,7,8,3911,,,,,,18127652005568096
Paulnsect_Repeat_25,2026-04-09 17:20:17,Avant Insiders,73322,instagram,story,photo,Edition;Paulnsect_Repeat_25,490,402,1,,1,2,,490,53,313,16,0.22040816,,18197514307345858
Paulnsect_Repeat_25,2026-04-09 17:12:48,Avant Arte,2905830,instagram,post,carousel,Edition;Paulnsect_Repeat_25,68954,28032,1132,1014,15,27,68,68954,,,,,,17893015758446481
Paulnsect_Repeat_25,2026-04-09 17:10:49,Avant Arte,2905830,instagram,story,photo,Edition;Paulnsect_Repeat_25,6350,5607,1,,1,1,,6350,815,4374,85,0.16944882,,17941422318177818
JoelMesler_TL_26,2026-04-09 14:00:19,Avant Arte,2905770,instagram,story,photo,Edition;JoelMesler_TL_26,6045,5423,1,,1,0,,6045,582,4386,113,0.15947063,,18115033048672440
GrantRiven_LE_26,2026-04-09 10:46:07,Avant Insiders,73326,instagram,story,photo,Edition;GrantRiven_LE_26,565,449,0,,0,0,,565,62,331,19,0.27079645,,18419235487192139
GrantRiven_LE_26,2026-04-09 10:42:56,Avant Arte,2905697,instagram,story,photo,Edition;GrantRiven_LE_26,7114,6114,0,,0,0,,7114,765,4440,157,0.24627495,,18080761844102396
TakashiMu_LE_26,2026-04-08 17:00:56,Avant Arte,2905334,instagram,story,photo,Edition;TakashiMu_LE_26,7969,6521,5,,5,9,,7969,988,5209,176,0.20027608,,18099099503286900
GrantRiven_LE_26,2026-04-08 16:00:01,Avant Arte,13528,twitter,post,photo,Edition;GrantRiven_LE_26,1078,,96,18,1,1,,,,,,,,2041908935301705806
GraysonPerry_TL_25,2026-04-08 14:05:28,Avant Insiders,73342,instagram,post,photo,Edition;GraysonPerry_TL_25,2302,1299,67,60,0,4,3,2302,,,,,,18100270330783131
GraysonPerry_TL_25,2026-04-08 14:03:34,Avant Insiders,73342,instagram,story,photo,Edition;GraysonPerry_TL_25,619,478,0,,0,0,,619,85,345,15,0.28109854,,18165682651417997
GraysonPerry_TL_25,2026-04-08 14:02:00,Avant Arte,2905311,instagram,story,photo,Edition;GraysonPerry_TL_25,9085,7934,4,,4,0,,9085,995,5625,93,0.2610897,,18142084525497444
GraysonPerry_TL_25,2026-04-08 14:01:56,Avant Arte,2905311,instagram,collaboration,carousel,Edition;GraysonPerry_TL_25,86016,34520,1170,1020,9,42,92,86016,,,,,,18091028105164415
GraysonPerry_TL_25,2026-04-08 13:00:03,Avant Arte,13528,twitter,post,photo,Edition;GraysonPerry_TL_25,380,,41,6,0,0,,,,,,,,2041863646234488892
ShirinNeshat_TL_26,2026-04-07 17:03:18,Avant Insiders,73343,instagram,post,carousel,Edition;ShirinNeshat_TL_26,2479,1127,41,39,0,0,2,2479,,,,,,18052130765505783
ShirinNeshat_TL_26,2026-04-07 17:02:30,Avant Insiders,73343,instagram,story,photo,Edition;ShirinNeshat_TL_26,729,599,0,,0,0,,729,101,410,11,0.28395063,,18078291872134896
ShirinNeshat_TL_26,2026-04-07 17:00:56,Avant Arte,2905150,instagram,collaboration,carousel,Edition;ShirinNeshat_TL_26,85499,35601,1460,1239,19,81,100,85499,,,,,,18025476704810589
GrantRiven_LE_26,2026-04-07 13:00:00,Avant Arte,13530,twitter,post,photo,Edition;GrantRiven_LE_26,893,,46,21,4,5,,,,,,,,2041501243038720020
GrantRiven_LE_26,2026-04-06 16:00:00,Avant Arte,13531,twitter,post,photo,Edition;GrantRiven_LE_26,798,,40,11,0,1,,,,,,,,2041184156047040534
GrantRiven_LE_26,2026-04-05 13:00:01,Avant Arte,13538,twitter,post,photo,Edition;GrantRiven_LE_26,370,,12,3,1,0,,,,,,,,2040776473108439374
GrantRiven_LE_26,2026-04-04 13:00:02,Avant Arte,13549,twitter,post,photo,Edition;GrantRiven_LE_26,861,,57,21,3,3,,,,,,,,2040414087113298418
GrantRiven_LE_26,2026-04-03 16:00:02,Avant Arte,13554,twitter,post,photo,Edition;GrantRiven_LE_26,390,,28,12,0,1,,,,,,,,2040096998372634885
Maurizio_NonaOra_26,2026-04-03 13:06:41,Avant Arte,13554,twitter,post,photo,Edition;Maurizio_NonaOra_26,314,,22,3,0,0,,,,,,,,2040053374251380866
Maurizio_NonaOra_26,2026-04-03 14:00:19,Avant Arte,2903518,instagram,story,video,Edition;Maurizio_NonaOra_26,10351,8992,3,,3,4,,10351,1424,6370,108,0.2365955,,18098987869961399
Maurizio_NonaOra_26,2026-04-03 14:00:00,Avant Arte,2903518,instagram,post,carousel,Edition;Maurizio_NonaOra_26,187129,75973,2814,2105,38,391,232,187129,,,,,,18071797871644374
Maurizio_NonaOra_26,2026-04-02 17:00:00,Avant Arte,13551,twitter,post,photo,Edition;Maurizio_NonaOra_26,442,,68,4,0,0,,,,,,,,2039749704297406922
Maurizio_NonaOra_26,2026-04-02 17:05:02,Avant Insiders,73360,instagram,story,photo,Edition;Maurizio_NonaOra_26,787,619,0,,0,0,,787,84,417,9,0.3519695,,18100567339944180
GrantRiven_LE_26,2026-04-02 16:02:49,Avant Arte,13551,twitter,reply,photo,Edition;GrantRiven_LE_26,154,,14,2,0,0,,,,,,,,2039735311765553217
GrantRiven_LE_26,2026-04-02 16:02:44,Avant Arte,13551,twitter,reply,status,Edition;GrantRiven_LE_26,128,,3,2,1,0,,,,,,,,2039735290081001593
GrantRiven_LE_26,2026-04-02 16:02:41,Avant Arte,13551,twitter,reply,photo,Edition;GrantRiven_LE_26,99,,5,2,1,0,,,,,,,,2039735277355454724
Maurizio_NonaOra_26,2026-04-02 17:02:40,Avant Arte,2902726,instagram,story,photo,Edition;Maurizio_NonaOra_26,7754,6686,1,,1,4,,7754,920,5180,155,0.19331957,,18005839112714573
GrantRiven_LE_26,2026-04-02 16:02:36,Avant Arte,13551,twitter,reply,status,Edition;GrantRiven_LE_26,63,,5,2,1,0,,,,,,,,2039735255880593888
GrantRiven_LE_26,2026-04-02 16:02:32,Avant Arte,13551,twitter,reply,status,Edition;GrantRiven_LE_26,102,,3,2,1,0,,,,,,,,2039735240831520986
GrantRiven_LE_26,2026-04-02 16:02:16,Avant Arte,13551,twitter,reply,status,Edition;GrantRiven_LE_26,603,,11,5,1,1,,,,,,,,2039735173475184653
GrantRiven_LE_26,2026-04-02 16:01:16,Avant Arte,13551,twitter,post,photo,Edition;GrantRiven_LE_26,1659,,36,8,1,1,,,,,,,,2039734923825909790
Maurizio_NonaOra_26,2026-04-02 17:00:00,Avant Insiders,73360,instagram,post,carousel,Edition;Maurizio_NonaOra_26,4143,1928,76,61,2,6,6,4143,,,,,,18099328115473543
Maurizio_NonaOra_26,2026-04-02 17:00:00,Avant Arte,2902726,instagram,post,carousel,Edition;Maurizio_NonaOra_26,148350,64069,2716,2282,27,232,166,148350,,,,,,18075024272534025
GraysonPerry_TL_25,2026-04-02 14:00:05,Avant Arte,2902610,instagram,story,photo,Edition;GraysonPerry_TL_25,8857,7408,1,,1,1,,8857,968,5440,90,0.266343,,18316576033248732
GraysonPerry_TL_25,2026-04-02 13:00:03,Avant Arte,13551,twitter,post,photo,Edition;GraysonPerry_TL_25,278,,25,5,0,1,,,,,,,,2039689317514154256
GraysonPerry_TL_25,2026-04-02 14:00:00,Avant Arte,2902610,instagram,post,carousel,Edition;GraysonPerry_TL_25,89480,36092,1350,1208,2,44,87,89480,,,,,,18078359996400571
Paulnsect_Repeat_25,2026-04-01 17:00:16,Avant Arte,2902310,instagram,story,photo,Edition;Paulnsect_Repeat_25,14891,11442,3,,3,7,,14891,1512,7731,94,0.37297696,,18081883937376340
Paulnsect_Repeat_25,2026-04-01 16:00:01,Avant Arte,13556,twitter,post,photo,Edition;Paulnsect_Repeat_25,637,,68,12,0,2,,,,,,,,2039372221085560843
GrantRiven_LE_26,2026-04-01 11:39:14,Avant Arte,13553,twitter,shared,photo,Edition;GrantRiven_LE_26,0,,,,,,,,,,,,,2039306590109466687
Maurizio_Therapy_26,2026-03-31 17:00:00,Avant Arte,13551,twitter,post,photo,Edition;Maurizio_Therapy_26,669,,38,8,0,1,,,,,,,,2039024928482267568
Maurizio_Therapy_26,2026-03-31 17:00:27,Avant Arte,2902196,instagram,story,photo,Edition;Maurizio_Therapy_26,8376,6801,0,,0,1,,8376,926,5478,369,0.19138013,,18097314728100924
GrantRiven_LE_26,2026-03-31 16:00:02,Avant Arte,13551,twitter,post,photo,Edition;GrantRiven_LE_26,681,,107,13,1,0,,,,,,,,2039009836361486659
AiWeiwei_FingerSE_25,2026-03-31 14:02:03,Avant Insiders,73364,instagram,story,photo,AiWeiwei_FingerSE_25;Edition,689,513,0,,0,0,,689,80,389,24,0.28447026,,18108880744878551
AiWeiwei_FingerSE_25,2026-03-31 14:01:18,Avant Arte,2902151,instagram,story,photo,AiWeiwei_FingerSE_25;Edition,7643,6204,1,,1,4,,7643,673,5210,164,0.20881853,,18059942129417182
AiWeiwei_FingerSE_25,2026-03-31 13:00:01,Avant Arte,13550,twitter,post,photo,AiWeiwei_FingerSE_25;Edition,1315,,152,19,3,3,,,,,,,,2038964533927305706
AiWeiwei_FingerSE_25,2026-03-31 14:00:00,Avant Insiders,73364,instagram,post,carousel,AiWeiwei_FingerSE_25;Edition,4445,2085,82,72,1,3,5,4445,,,,,,18457272409097498
AiWeiwei_FingerSE_25,2026-03-31 14:00:00,Avant Arte,2902151,instagram,post,carousel,AiWeiwei_FingerSE_25;Edition,209876,90857,3921,3415,32,217,222,209876,,,,,,18110517736696607
LucianFreud_TL_26,2026-03-31 11:04:24,Avant Arte,2902122,instagram,story,photo,Edition;LucianFreud_TL_26,7514,6461,2,,2,1,,7514,757,4823,104,0.24354538,,18103492966909859
LucianFreud_TL_26,2026-03-31 11:00:19,Avant Insiders,73364,instagram,story,photo,Edition;LucianFreud_TL_26,638,525,0,,0,0,,638,65,406,12,0.24294671,,17860902021673106
LucianFreud_TL_26,2026-03-31 11:00:00,Avant Arte,2902122,instagram,post,reel,Edition;LucianFreud_TL_26,62935,48500,1830,1410,14,171,235,62935,,,,,62935,17964346551053018
ShirinNeshat_TL_26,2026-03-30 17:35:50,Avant Arte,2901905,instagram,post,carousel,Edition;ShirinNeshat_TL_26,485028,255411,27567,22342,153,1925,2534,485028,,,,,,17934923727198347
ShirinNeshat_TL_26,2026-03-30 17:34:16,Avant Arte,2901905,instagram,story,photo,Edition;ShirinNeshat_TL_26,6802,5971,4,,4,2,,6802,761,4794,171,0.15818878,,18214621504318385
GrantRiven_LE_26,2026-03-30 16:00:00,Avant Arte,13547,twitter,post,photo,Edition;GrantRiven_LE_26,1131,,61,19,1,3,,,,,,,,2038647438668599429
LucTuymans_LE_26,2026-03-30 16:00:44,Avant Insiders,73362,instagram,story,photo,Edition;LucTuymans_LE_26,926,746,0,,0,0,,926,100,539,8,0.3012959,,17883028683386389
LucTuymans_LE_26,2026-03-30 16:00:24,Avant Arte,2901974,instagram,story,photo,Edition;LucTuymans_LE_26,7420,6486,1,,1,1,,7420,586,5226,207,0.18881401,,18575775073036251
Maurizio_NonaOra_26,2026-03-30 14:00:17,Avant Arte,2901927,instagram,story,photo,Edition;Maurizio_NonaOra_26,10304,8929,0,,0,4,,10304,1080,5999,99,0.30337733,,18540300448069932
Maurizio_NonaOra_26,2026-03-30 13:00:01,Avant Arte,13547,twitter,post,photo,Edition;Maurizio_NonaOra_26,619,,42,5,0,1,,,,,,,,2038602145713225761
AiWeiwei_FingerSE_25,2026-03-27 14:00:13,Avant Arte,2900615,instagram,story,photo,AiWeiwei_FingerSE_25;Edition,17133,14703,1,,1,19,,17133,1758,11024,161,0.24455729,,18062860277361858
AiWeiwei_FingerSE_25,2026-03-27 14:00:00,Avant Arte,13559,twitter,post,photo,AiWeiwei_FingerSE_25;Edition,360,,59,2,0,0,,,,,,,,2037530075839504501
GrantRiven_LE_26,2026-03-25 17:00:02,Avant Arte,13565,twitter,post,photo,Edition;GrantRiven_LE_26,1635,,96,8,0,0,,,,,,,,2036850608838521232
LucianFreud_TL_26,2026-03-25 15:16:03,Avant Arte,2900091,instagram,post,carousel,Edition;LucianFreud_TL_26,379263,218751,13445,11361,88,570,1281,379263,,,,,,18143518675488118
LucianFreud_TL_26,2026-03-25 15:11:17,Avant Arte,2900091,instagram,story,photo,Edition;LucianFreud_TL_26,11317,9858,0,,0,0,,11317,1396,6987,75,0.2526288,,18101473196504697
GrantRiven_LE_26,2026-03-23 11:05:55,Avant Arte,13562,twitter,shared,photo,Edition;GrantRiven_LE_26,0,,,,,,,,,,,,,2036036717816291818
LucTuymans_LE_26,2026-03-19 16:09:26,Avant Insiders,73401,instagram,story,photo,Edition;LucTuymans_LE_26,394,356,0,,0,0,,394,44,249,2,0.25126904,,18021732254661017
LucTuymans_LE_26,2026-03-19 16:05:20,Avant Arte,2898128,instagram,story,photo,Edition;LucTuymans_LE_26,9535,8108,0,,0,1,,9535,932,5044,78,0.36507604,,18071986088548590
MickaleneT_TL_26,2026-03-19 09:03:44,Avant Arte,13570,twitter,post,photo,Edition;MickaleneT_TL_26,335,,23,8,0,1,,,,,,,,2034556414711017968
MickaleneT_TL_26,2026-03-19 09:00:50,Avant Insiders,73401,instagram,story,photo,Edition;MickaleneT_TL_26,380,329,0,,0,0,,380,57,226,3,0.24736843,,18050930501711247
MickaleneT_TL_26,2026-03-19 08:57:48,Avant Arte,2897959,instagram,story,photo,Edition;MickaleneT_TL_26,6661,5935,0,,0,0,,6661,712,4312,62,0.23645099,,18110232628694146
MickaleneT_TL_26,2026-03-18 17:00:38,Avant Insiders,73403,instagram,story,photo,Edition;MickaleneT_TL_26,383,344,0,,0,0,,383,41,263,4,0.19582245,,17872289265453048
GrantRiven_LE_26,2026-03-18 17:00:01,Avant Arte,13573,twitter,post,photo,Edition;GrantRiven_LE_26,1074,,65,15,0,1,,,,,,,,2034313889362383058
MickaleneT_TL_26,2026-03-18 16:59:36,Avant Arte,2897603,instagram,story,photo,Edition;MickaleneT_TL_26,6182,5430,0,,0,0,,6182,642,4316,74,0.18602394,,18315613576265144
MickaleneT_TL_26,2026-03-18 16:00:00,Avant Arte,13572,twitter,post,photo,Edition;MickaleneT_TL_26,263,,4,1,0,0,,,,,,,,2034298785266827312
Drift_LE_25,2026-03-18 14:00:14,Avant Insiders,73408,instagram,story,photo,Drift_LE_25;Edition,419,367,0,,0,0,,419,42,265,7,0.25059667,,18072951782551370
Drift_LE_25,2026-03-18 13:59:22,Avant Arte,2897580,instagram,story,photo,Drift_LE_25;Edition,7249,6432,0,,0,1,,7249,798,4386,70,0.27521038,,17966792274042248
GrantRiven_LE_26,2026-03-18 12:44:08,Avant Arte,13571,twitter,shared,video,Edition;GrantRiven_LE_26,0,,,,,,,,,,,,,2034249493864923316
MickaleneT_TL_26,2026-03-17 17:02:36,Avant Insiders,73407,instagram,story,photo,Edition;MickaleneT_TL_26,585,495,1,,1,1,,585,79,332,9,0.2820513,,18079975736578418
MickaleneT_TL_26,2026-03-17 17:00:00,Avant Arte,13574,twitter,post,photo,Edition;MickaleneT_TL_26,317,,43,4,0,0,,,,,,,,2033951496732348510
MickaleneT_TL_26,2026-03-17 17:00:00,Avant Insiders,73407,instagram,post,carousel,Edition;MickaleneT_TL_26,3098,1294,35,30,1,4,0,3098,,,,,,17990114822935196
MickaleneT_TL_26,2026-03-17 17:00:00,Avant Arte,2897169,instagram,post,reel,Edition;MickaleneT_TL_26,42259,31469,629,538,12,37,42,42259,,,,,42259,18161324737423192
MickaleneT_TL_26,2026-03-17 16:59:43,Avant Arte,2897169,instagram,story,photo,Edition;MickaleneT_TL_26,10587,9480,0,,0,5,,10587,1259,6058,83,0.30102956,,18189706012317525
JeffKoons_LE_25,2026-03-16 17:01:24,Avant Insiders,73406,instagram,story,photo,Edition;JeffKoons_LE_25,569,450,0,,0,0,,569,76,333,14,0.25659052,,18106115425849392
JeffKoons_LE_25,2026-03-16 17:00:00,Avant Arte,2896771,instagram,post,carousel,Edition;JeffKoons_LE_25,118836,51324,918,797,32,35,51,118836,,,,,,18154223659443197
JeffKoons_LE_25,2026-03-16 16:59:26,Avant Arte,2896771,instagram,story,photo,Edition;JeffKoons_LE_25,10397,8789,0,,0,3,,10397,947,6065,140,0.31210926,,18071168708550388
LucianFreud_TL_26,2026-03-16 14:02:16,Avant Insiders,73406,instagram,story,photo,Edition;LucianFreud_TL_26,536,457,0,,0,0,,536,71,330,2,0.24813433,,18157778377438162
LucianFreud_TL_26,2026-03-16 14:00:42,Avant Arte,2896694,instagram,story,photo,Edition;LucianFreud_TL_26,10261,8874,0,,0,2,,10261,1001,6351,79,0.27580157,,18094872098105716
LucianFreud_TL_26,2026-03-16 14:00:02,Avant Arte,13573,twitter,post,photo,Edition;LucianFreud_TL_26,377,,40,2,0,0,,,,,,,,2033543819107385823
LucianFreud_TL_26,2026-03-16 14:00:01,Avant Arte,2896694,instagram,post,carousel,Edition;LucianFreud_TL_26,87899,38383,1294,1157,13,30,87,87899,,,,,,18115381543730041
LucianFreud_TL_26,2026-03-16 14:00:00,Avant Insiders,73406,instagram,post,carousel,Edition;LucianFreud_TL_26,5314,2514,69,63,0,4,2,5314,,,,,,18110147494693579
GrantRiven_LE_26,2026-03-13 17:23:35,Avant Arte,13571,twitter,shared,photo,Edition;GrantRiven_LE_26,0,,,,,,,,,,,,,2032507878792179781
GrantRiven_LE_26,2026-03-13 17:03:12,Avant Insiders,73418,instagram,story,photo,Edition;GrantRiven_LE_26,570,493,0,,0,0,,570,66,340,9,0.27192983,,17929655859238793
GrantRiven_LE_26,2026-03-13 17:00:14,Avant Arte,2894140,instagram,story,photo,Edition;GrantRiven_LE_26,10780,9637,1,,1,2,,10780,1196,6374,66,0.29165122,,17882526099379173
GrantRiven_LE_26,2026-03-13 17:00:02,Avant Arte,13571,twitter,post,photo,Edition;GrantRiven_LE_26,1125,,137,19,1,3,,,,,,,,2032501952530022825
GrantRiven_LE_26,2026-03-13 17:00:00,Avant Insiders,73418,instagram,post,carousel,Edition;GrantRiven_LE_26,2922,1280,72,59,3,4,4,2922,,,,,,18086640442980524
GrantRiven_LE_26,2026-03-13 17:00:00,Avant Arte,2894140,instagram,post,carousel,Edition;GrantRiven_LE_26,77066,29582,751,674,13,19,43,77066,,,,,,18078830876093123
MickaleneT_TL_26,2026-03-12 16:59:23,Avant Arte,2893797,instagram,story,photo,Edition;MickaleneT_TL_26,11767,10397,0,,0,1,,11767,1288,7218,120,0.26693293,,18087907706184275
EmCooper_TL_25,2026-03-06 09:10:56,Avant Insiders,73417,instagram,story,photo,Edition;EmCooper_TL_25,544,441,0,,0,0,,544,58,347,11,0.23529412,,18115382368645344
EmCooper_TL_25,2026-03-06 09:01:11,Avant Arte,2892769,instagram,story,photo,Edition;EmCooper_TL_25,5772,5300,0,,0,0,,5772,479,4519,66,0.12266112,,18068941163638400
EmCooper_TL_25,2026-03-06 09:01:04,Avant Arte,2892769,instagram,story,photo,Edition;EmCooper_TL_25,6911,6282,0,,0,0,,6911,575,4669,70,0.23108089,,18042017678750476
MickaleneT_TL_26,2026-03-05 17:03:15,Avant Insiders,73421,instagram,story,photo,Edition;MickaleneT_TL_26,440,352,0,,0,0,,440,43,296,13,0.2,,18036018500595228
MickaleneT_TL_26,2026-03-05 17:02:06,Avant Arte,2892664,instagram,story,photo,Edition;MickaleneT_TL_26,5636,4869,0,,0,0,,5636,600,4043,83,0.16146202,,18042405860741790
MickaleneT_TL_26,2026-03-05 17:00:34,Avant Arte,2892664,instagram,collaboration,carousel,Edition;MickaleneT_TL_26,77671,32332,4742,4568,13,43,107,77671,,,,,,18056398070444747
MickaleneT_TL_26,2026-03-05 17:00:00,Avant Insiders,73421,instagram,post,carousel,Edition;MickaleneT_TL_26,1982,872,31,27,1,1,1,1982,,,,,,18057703409392668
EmCooper_TL_25,2026-03-05 14:00:57,Avant Insiders,73421,instagram,story,photo,Edition;EmCooper_TL_25,420,371,0,,0,0,,420,28,333,10,0.11666667,,18106579993634085
EmCooper_TL_25,2026-03-05 14:00:46,Avant Insiders,73421,instagram,story,photo,Edition;EmCooper_TL_25,536,457,0,,0,0,,536,51,321,7,0.29291046,,18089414393329835
EmCooper_TL_25,2026-03-05 13:59:47,Avant Arte,2892613,instagram,story,photo,Edition;EmCooper_TL_25,5501,5026,0,,0,0,,5501,335,4455,105,0.11016179,,17955905418079650
EmCooper_TL_25,2026-03-05 13:59:22,Avant Arte,2892613,instagram,story,photo,Edition;EmCooper_TL_25,6184,5541,0,,0,0,,6184,397,4601,152,0.16720569,,18114448117653461
LucianFreud_TL_26,2026-03-05 11:07:55,Avant Arte,2892595,instagram,story,photo,Edition;LucianFreud_TL_26,8087,6939,0,,0,0,,8087,815,4960,91,0.2746383,,18113147128639837
LucianFreud_TL_26,2026-03-05 11:00:00,Avant Arte,13583,twitter,post,photo,Edition;LucianFreud_TL_26,,,,0,0,0,,,,,,,,2029512247546912944
LucianFreud_TL_26,2026-03-05 11:00:00,Avant Arte,2892595,instagram,post,carousel,Edition;LucianFreud_TL_26,108201,45989,4013,3579,11,86,314,108201,,,,,,18080776415595488
JeffKoons_LE_25,2026-03-04 17:01:45,Avant Arte,2892870,instagram,story,photo,Edition;JeffKoons_LE_25,18481,15970,0,,0,3,,18481,852,5982,172,0.62090796,,18128618686480910
JeffKoons_LE_25,2026-03-04 17:00:07,Avant Arte,2892870,instagram,collaboration,reel,Edition;JeffKoons_LE_25,64454,47800,1087,801,54,126,106,64454,,,,,64454,18426250003141063
EmCooper_TL_25,2026-03-04 14:03:11,Avant Insiders,73430,instagram,story,photo,Edition;EmCooper_TL_25,892,726,0,,0,0,,892,103,499,15,0.30829597,,18447914302104268
EmCooper_TL_25,2026-03-04 14:01:17,Avant Arte,2892855,instagram,story,photo,Edition;EmCooper_TL_25,10902,9351,0,,0,1,,10902,1114,6429,85,0.30031186,,18141481522483630
EmCooper_TL_25,2026-03-04 14:00:07,Avant Arte,2892855,instagram,collaboration,carousel,Edition;EmCooper_TL_25,823255,254466,29373,27473,38,345,567,823255,,,,,,18169283938398075
EmCooper_TL_25,2026-03-04 14:00:00,Avant Arte,13578,twitter,post,photo,Edition;EmCooper_TL_25,496,,96,7,0,1,,,,,,,,2029195155564314916
EmCooper_TL_25,2026-03-04 14:00:00,Avant Insiders,73430,instagram,post,carousel,Edition;EmCooper_TL_25,1684,740,23,20,0,1,2,1684,,,,,,17843679228696061
LucTuymans_LE_26,2026-03-03 16:01:24,Avant Insiders,73440,instagram,story,photo,Edition;LucTuymans_LE_26,780,643,0,,0,0,,780,82,466,5,0.29102564,,18082387781521650
LucTuymans_LE_26,2026-03-03 16:00:15,Avant Arte,2892635,instagram,story,photo,Edition;LucTuymans_LE_26,9676,8656,1,,1,3,,9676,1115,6652,97,0.18726747,,18154564828432812
LucTuymans_LE_26,2026-03-03 16:00:02,Avant Arte,13582,twitter,post,photo,Edition;LucTuymans_LE_26,540,,45,8,0,1,,,,,,,,2028862974417383472
LucTuymans_LE_26,2026-03-03 16:00:00,Avant Insiders,73440,instagram,post,carousel,Edition;LucTuymans_LE_26,2142,988,52,44,1,3,4,2142,,,,,,18078557282371955
LucTuymans_LE_26,2026-03-03 16:00:00,Avant Arte,2892635,instagram,post,carousel,Edition;LucTuymans_LE_26,107128,51267,1583,1441,18,38,76,107128,,,,,,18362336086201061
JeanMichel_LE_25,2026-03-03 10:42:51,Avant Arte,2892619,instagram,collaboration,reel,Edition;JeanMichel_LE_25;Reel,69919,50896,1246,988,25,112,121,69919,,,,,69919,17899161624245980
JeanMichel_LE_25,2026-03-02 12:00:54,Avant Insiders,73436,instagram,story,photo,Edition;JeanMichel_LE_25,1376,1128,0,,0,1,,1376,110,459,13,0.5770349,,18054275174687133
JeanMichel_LE_25,2026-03-02 12:00:02,Avant Arte,2892471,instagram,story,photo,Edition;JeanMichel_LE_25,17172,15164,0,,0,4,,17172,1730,10359,126,0.2886676,,18091586786113460
GrantRiven_LE_26,2026-02-27 17:00:00,Avant Arte,13574,twitter,post,photo,Edition;GrantRiven_LE_26,2373,,231,38,4,3,,,,,,,,2027428516141433096
GrantRiven_LE_26,2026-02-27 16:59:16,Avant Arte,2891998,instagram,story,photo,Edition;GrantRiven_LE_26,10882,9327,4,,4,2,,10882,1069,7326,160,0.21383937,,18087372772925994
EmCooper_TL_25,2026-02-25 14:00:23,Avant Arte,2891739,instagram,collaboration,reel,Edition;EmCooper_TL_25,269537,174678,3751,3508,12,73,164,269537,,,,,269537,18093240371081076
JeffKoons_LE_25,2026-02-23 17:05:01,Avant Insiders,73440,instagram,story,photo,Edition;JeffKoons_LE_25,892,697,0,,0,6,,892,121,463,9,0.3352018,,17861389656534389
JeffKoons_LE_25,2026-02-23 17:04:16,Avant Insiders,73441,instagram,post,carousel,Edition;JeffKoons_LE_25,4099,1791,45,38,2,1,4,4099,,,,,,17967330558010131
JeffKoons_LE_25,2026-02-23 17:02:02,Avant Arte,2891817,instagram,story,photo,Edition;JeffKoons_LE_25,10211,8607,2,,2,7,,10211,1120,7196,158,0.17011066,,18105153460864401
JeffKoons_LE_25,2026-02-23 17:00:36,Avant Arte,2891817,instagram,post,carousel,Edition;JeffKoons_LE_25,109830,41275,541,353,36,83,66,109830,,,,,,17936418459164445
LucTuymans_LE_26,2026-02-23 16:00:15,Avant Arte,2891801,instagram,story,photo,Edition;LucTuymans_LE_26,14655,12538,2,,2,0,,14655,1437,8577,78,0.3113613,,17852340876602177
LucTuymans_LE_26,2026-02-23 16:00:00,Avant Arte,13554,twitter,post,photo,Edition;LucTuymans_LE_26,825,,74,19,2,0,,,,,,,,2025963865951900059
LucTuymans_LE_26,2026-02-23 16:00:00,Avant Arte,2891801,instagram,post,carousel,Edition;LucTuymans_LE_26,181430,87397,2950,2594,19,100,221,181430,,,,,,17917460028271140
Drift_LE_25,2026-02-21 14:00:02,Avant Arte,13556,twitter,post,photo,Drift_LE_25;Edition,903,,134,12,2,0,,,,,,,,2025208898404450325
Drift_LE_25,2026-02-21 14:00:00,Avant Insiders,73447,instagram,post,carousel,Drift_LE_25;Edition,2081,950,41,35,1,2,2,2081,,,,,,18100306021912465
Drift_LE_25,2026-02-21 14:00:00,Avant Arte,2891423,instagram,post,carousel,Drift_LE_25;Edition,91192,36004,967,835,4,25,96,91192,,,,,,17997824849876023
Drift_LE_25,2026-02-21 13:59:05,Avant Insiders,73448,instagram,story,photo,Drift_LE_25;Edition,813,666,0,,0,1,,813,83,461,11,0.31734318,,17881220595376640
Drift_LE_25,2026-02-21 13:58:07,Avant Arte,2891423,instagram,story,photo,Drift_LE_25;Edition,15999,14387,0,,0,0,,15999,1804,10116,117,0.24764048,,17856666831664791
MickaleneT_TL_26,2026-02-20 17:02:40,Avant Insiders,73459,instagram,story,photo,Edition;MickaleneT_TL_26,808,684,1,,1,0,,808,95,458,15,0.2970297,,18561801991018667
MickaleneT_TL_26,2026-02-20 17:01:46,Avant Arte,2891426,instagram,story,photo,Edition;MickaleneT_TL_26,15964,14288,3,,3,2,,15964,1668,9487,106,0.29460034,,17932913301038876
MickaleneT_TL_26,2026-02-20 17:00:35,Avant Arte,2891426,instagram,collaboration,carousel,Edition;MickaleneT_TL_26,91473,38684,2131,1637,58,205,208,91473,,,,,,18085236455222590
MickaleneT_TL_26,2026-02-20 17:00:00,Avant Arte,13552,twitter,post,photo,Edition;MickaleneT_TL_26,667,,65,13,0,1,,,,,,,,2024891800490570183
MickaleneT_TL_26,2026-02-20 17:00:00,Avant Insiders,73459,instagram,post,reel,Edition;MickaleneT_TL_26,2790,2164,97,72,5,12,8,2790,,,,,2790,18078240998061488
Drift_LE_25,2026-02-20 14:00:03,Avant Arte,13551,twitter,post,photo,Drift_LE_25;Edition,,,,0,0,0,,,,,,,,2024846512308801622
MaurizioC_LE_26,2026-02-19 17:10:54,Avant Insiders,73466,instagram,story,photo,Edition;MaurizioC_LE_26,506,369,0,,0,0,,506,81,279,60,0.16996047,,18111550963655878
MaurizioC_LE_26,2026-02-19 17:09:15,Avant Arte,2891563,instagram,story,photo,Edition;MaurizioC_LE_26,5931,5106,0,,0,0,,5931,545,4481,222,0.11515765,,18078420971368002
JeffKoons_LE_25,2026-02-19 17:02:16,Avant Insiders,73466,instagram,story,photo,Edition;JeffKoons_LE_25,4221,3412,1,,1,1,,4221,38,375,21,0.89718074,,17898614289242327
JeffKoons_LE_25,2026-02-19 17:01:09,Avant Arte,2891563,instagram,story,photo,Edition;JeffKoons_LE_25,9392,7702,0,,0,3,,9392,274,5048,234,0.40843272,,17874639756516670
JeffKoons_LE_25,2026-02-19 17:01:02,Avant Arte,2891563,instagram,story,photo,Edition;JeffKoons_LE_25,7051,6117,0,,0,5,,7051,351,5117,81,0.21301943,,17874233595518294
JeffKoons_LE_25,2026-02-19 17:00:18,Avant Arte,2891563,instagram,collaboration,carousel,Edition;JeffKoons_LE_25,393770,168414,5774,4610,237,626,283,393770,,,,,,17881948839461470
JeffKoons_LE_25,2026-02-19 17:00:01,Avant Arte,13550,twitter,post,photo,Edition;JeffKoons_LE_25,4512,,533,26,2,0,,,,,,,,2024529418064929234
JeffKoons_LE_25,2026-02-19 17:00:00,Avant Insiders,73466,instagram,post,carousel,Edition;JeffKoons_LE_25,11007,4523,232,191,4,28,7,11007,,,,,,18218124187313846
Katharina_TL_25,2026-02-19 14:03:31,Avant Insiders,73465,instagram,story,photo,Edition;Katharina_TL_25,411,340,0,,0,0,,411,31,320,16,0.10705596,,18070982999544608
Katharina_TL_25,2026-02-19 14:03:23,Avant Insiders,73465,instagram,story,photo,Edition;Katharina_TL_25,424,360,0,,0,0,,424,18,338,9,0.13915095,,18088040930142720
Katharina_TL_25,2026-02-19 14:02:27,Avant Arte,2891546,instagram,story,photo,Edition;Katharina_TL_25,7211,6496,0,,0,1,,7211,368,5221,84,0.21328525,,18203152210334473
Katharina_TL_25,2026-02-19 14:02:04,Avant Arte,2891546,instagram,story,photo,Edition;Katharina_TL_25,8392,7494,1,,1,1,,8392,386,5337,118,0.30398,,18091243024865601
Katharina_TL_25,2026-02-19 14:00:32,Avant Arte,2891546,instagram,collaboration,reel,Edition;Katharina_TL_25,127540,91289,5575,4177,55,669,674,127540,,,,,127540,18052078391703621
Katharina_TL_25,2026-02-19 14:00:02,Avant Arte,13551,twitter,post,photo,Edition;Katharina_TL_25,562,,57,11,0,2,,,,,,,,2024484120974545054
ManRay_TL_25,2026-02-19 11:01:16,Avant Insiders,73465,instagram,story,photo,Edition;ManRay_TL_25,483,387,0,,0,0,,483,43,321,10,0.22567287,,18080029631255540
ManRay_TL_25,2026-02-19 11:00:16,Avant Arte,2891562,instagram,story,photo,Edition;ManRay_TL_25,15252,13278,1,,1,0,,15252,1201,8522,109,0.35536322,,18092712653073150
ManRay_TL_25,2026-02-19 11:00:01,Avant Arte,13552,twitter,post,photo,Edition;ManRay_TL_25,362,,33,9,0,1,,,,,,,,2024438818498297960
ManRay_TL_25,2026-02-19 11:00:00,Avant Arte,2891562,instagram,post,carousel,Edition;ManRay_TL_25,74242,29144,1243,1138,7,33,48,74242,,,,,,17894971842409618
ManRay_TL_25,2026-02-18 17:15:09,Avant Insiders,73470,instagram,story,photo,Edition;ManRay_TL_25,722,617,0,,0,0,,722,71,428,7,0.29916897,,17933970075188051
ManRay_TL_25,2026-02-18 17:14:29,Avant Arte,2891734,instagram,story,photo,Edition;ManRay_TL_25,20095,17633,0,,0,1,,20095,1680,11830,140,0.32072654,,18091446377104232
JeffKoons_LE_25,2026-02-18 17:00:02,Avant Arte,13554,twitter,post,photo,Edition;JeffKoons_LE_25,,,,0,0,0,,,,,,,,2024167032259051841
ManRay_TL_25,2026-02-17 17:00:57,Avant Insiders,73481,instagram,story,photo,Edition;ManRay_TL_25,770,654,0,,0,1,,770,71,468,9,0.2883117,,17998784084726702
ManRay_TL_25,2026-02-17 17:00:07,Avant Arte,2891823,instagram,story,photo,Edition;ManRay_TL_25,9094,8139,1,,1,1,,9094,972,6573,92,0.16021553,,18065032139301160
ManRay_TL_25,2026-02-17 17:00:01,Avant Arte,13555,twitter,post,photo,Edition;ManRay_TL_25,225,,15,6,0,1,,,,,,,,2023804640501100713
ManRay_TL_25,2026-02-17 17:00:00,Avant Insiders,73481,instagram,post,carousel,Edition;ManRay_TL_25,2190,926,33,30,0,0,3,2190,,,,,,17847626076661141
ManRay_TL_25,2026-02-17 17:00:00,Avant Arte,2891823,instagram,post,reel,Edition;ManRay_TL_25,278895,195406,19619,13722,72,3031,2793,278895,,,,,278895,18112703014631676
Katharina_TL_25,2026-02-17 13:59:25,Avant Arte,2891816,instagram,story,photo,Edition;Katharina_TL_25,10233,8728,0,,0,1,,10233,732,6244,129,0.3056777,,17878032621475002
JeanMichel_LE_25,2026-02-17 12:06:33,Avant Arte,2891811,instagram,story,photo,Edition;JeanMichel_LE_25,13082,11271,1,,1,1,,13082,1152,7340,97,0.34344903,,18552532063024754
JeanMichel_LE_25,2026-02-17 12:00:00,Avant Arte,2891811,instagram,post,carousel,Edition;JeanMichel_LE_25,89397,35108,611,556,3,14,34,89397,,,,,,18412648507133207
Drift_LE_25,2026-02-13 16:25:07,Avant Arte,2891448,instagram,story,photo,Drift_LE_25;Edition,9735,8165,1,,1,0,,9735,917,6797,83,0.1990755,,17986570823780415
Drift_LE_25,2026-02-13 15:00:03,Avant Arte,13555,twitter,post,photo,Drift_LE_25;Edition,1239,,83,15,0,1,,,,,,,,2022324897444479277
Katharina_TL_25,2026-02-13 14:01:12,Avant Insiders,73499,instagram,story,photo,Edition;Katharina_TL_25,657,560,0,,0,0,,657,71,401,4,0.27549466,,18081924896260102
Katharina_TL_25,2026-02-13 14:00:20,Avant Arte,2891436,instagram,story,photo,Edition;Katharina_TL_25,9828,8628,0,,0,0,,9828,912,6250,84,0.26271877,,18042593060727008
Katharina_TL_25,2026-02-13 14:00:00,Avant Arte,13555,twitter,post,photo,Edition;Katharina_TL_25,518,,52,9,1,1,,,,,,,,2022309788227707141
Katharina_TL_25,2026-02-13 14:00:00,Avant Insiders,73499,instagram,post,carousel,Edition;Katharina_TL_25,1850,807,32,31,0,0,1,1850,,,,,,17921225415252055
Katharina_TL_25,2026-02-13 14:00:00,Avant Arte,2891436,instagram,post,carousel,Edition;Katharina_TL_25,84870,27652,546,503,5,11,25,84870,,,,,,18155005810428617
ManRay_TL_25,2026-02-12 17:00:08,Avant Arte,2891309,instagram,story,photo,Edition;ManRay_TL_25,6673,5932,0,,0,0,,6673,566,5112,126,0.13022628,,17963889797888714
ManRay_TL_25,2026-02-12 16:59:26,Avant Arte,2891309,instagram,story,photo,Edition;ManRay_TL_25,7520,6685,0,,0,0,,7520,487,5506,181,0.17898937,,18096761518746691
,2026-02-12 13:31:43,Avant Insiders,73508,instagram,story,photo,Edition;MarinaAbr-1502,540,469,0,,0,0,,540,61,335,9,0.25,,18157130743423075
,2026-02-12 13:31:07,Avant Arte,2891304,instagram,story,photo,Edition;MarinaAbr-1502,9226,8037,1,,1,1,,9226,967,5652,97,0.27205724,,17859994416599803
,2026-02-12 13:30:20,Avant Arte,2891304,instagram,post,carousel,Edition;MarinaAbr-1502,137061,48818,1432,1294,18,53,58,137061,,,,,,18554044600028375
,2026-02-12 13:30:00,Avant Arte,13555,twitter,post,photo,Edition;MarinaAbr-1502,319,,17,2,1,0,,,,,,,,2021939849939628189
,2026-02-11 17:01:44,Avant Insiders,73510,instagram,story,photo,Edition;MarinaAbr-1502,784,675,0,,0,0,,784,76,510,8,0.24234694,,18074078288379072
,2026-02-11 17:00:30,Avant Arte,2891344,instagram,story,photo,Edition;MarinaAbr-1502,23941,20515,0,,0,4,,23941,1829,10900,128,0.46297148,,17915343528127133
,2026-02-11 17:00:00,Avant Arte,2891344,instagram,post,carousel,Edition;MarinaAbr-1502,1062267,620995,18273,14585,111,1318,1540,1062267,,,,,,17951452023085971
Katharina_TL_25,2026-02-11 15:00:24,Avant Arte,2891325,instagram,post,carousel,Edition;Katharina_TL_25,122025,44640,2514,2178,23,103,188,122025,,,,,,18044283254718986
EmCooper_TL_25,2026-02-10 17:02:39,Avant Insiders,73516,instagram,story,photo,Edition;EmCooper_TL_25,783,664,0,,0,1,,783,94,407,1,0.3588761,,18009999641826784
,2026-02-10 17:01:43,Avant Arte,2891132,instagram,story,photo,Edition;MarinaAbr-1502,34659,29604,1,,1,9,,34659,2369,14874,219,0.49617705,,18559472821061661
,2026-02-10 17:00:32,Avant Arte,2891132,instagram,collaboration,reel,Edition;MarinaAbr-1502,219315,146340,7231,5627,187,549,871,219315,,,,,219315,18095230057947082
,2026-02-10 17:00:01,Avant Arte,13550,twitter,post,photo,Edition;MarinaAbr-1502,1668,,81,8,2,1,,,,,,,,2021267925617828085
,2026-02-10 17:00:00,Avant Insiders,73516,instagram,post,carousel,Edition;MarinaAbr-1502,3058,1386,52,42,0,7,3,3058,,,,,,18103169110836592
,2026-02-09 17:06:57,Avant Arte,2891024,instagram,story,photo,Edition;MarinaAbr-1502,25839,21791,5,,5,12,,25839,2613,16067,211,0.26889586,,17902277922365334
MaurizioC_LE_26,2026-02-06 17:00:00,Avant Arte,2889703,instagram,post,carousel,Edition;MaurizioC_LE_26,177110,60901,1324,1160,32,66,58,177110,,,,,,18095368753977924
MaurizioC_LE_26,2026-02-06 16:59:58,Avant Arte,2889703,instagram,story,photo,Edition;MaurizioC_LE_26,6188,5462,1,,1,0,,6188,607,4681,146,0.12184874,,18114702607620696
MaurizioC_LE_26,2026-02-06 16:59:39,Avant Arte,2889703,instagram,story,photo,Edition;MaurizioC_LE_26,6759,6081,0,,0,0,,6759,387,5038,105,0.18183163,,18038490401748944
EmCooper_TL_25,2026-02-06 14:00:38,Avant Insiders,73539,instagram,story,photo,Edition;EmCooper_TL_25,639,552,0,,0,0,,639,75,393,2,0.26447573,,18082874477231526
EmCooper_TL_25,2026-02-06 14:00:31,Avant Arte,13556,twitter,post,photo,Edition;EmCooper_TL_25,8228,,629,116,2,11,,,,,,,,2019773202780824054
EmCooper_TL_25,2026-02-06 14:00:02,Avant Arte,2889679,instagram,story,photo,Edition;EmCooper_TL_25,6331,5620,0,,0,0,,6331,476,4753,210,0.14089401,,18086279693139968
EmCooper_TL_25,2026-02-06 14:00:00,Avant Arte,2889679,instagram,post,carousel,Edition;EmCooper_TL_25,13503,4823,157,216,1,0,9,13503,,,,,,17997261812732280
EmCooper_TL_25,2026-02-06 14:00:00,Avant Insiders,73539,instagram,post,carousel,Edition;EmCooper_TL_25,3502,1528,47,43,0,3,1,3502,,,,,,18137407786494270
Pejac_Repeat_26,2026-02-06 13:52:39,Avant Arte,2889679,instagram,story,photo,Edition;Pejac_Repeat_26,7950,6947,0,,0,0,,7950,631,4947,82,0.28805032,,17955834917924976
ManRay_TL_25,2026-02-05 17:01:01,Avant Arte,2889349,instagram,story,photo,Edition;ManRay_TL_25,5747,4972,1,,1,0,,5747,533,4318,283,0.106664345,,18090583475099032
ManRay_TL_25,2026-02-05 17:00:27,Avant Arte,2889349,instagram,story,photo,Edition;ManRay_TL_25,6248,5399,0,,0,0,,6248,387,4549,95,0.19478233,,18082947209224543
Pejac_Repeat_26,2026-02-05 13:20:30,Avant Insiders,73544,instagram,story,photo,Edition;Pejac_Repeat_26,329,288,0,,0,0,,329,27,254,9,0.11854103,,17846663916660722
Pejac_Repeat_26,2026-02-05 13:20:22,Avant Insiders,73544,instagram,story,photo,Edition;Pejac_Repeat_26,335,298,0,,0,0,,335,15,273,13,0.10149254,,18101783695873389
Pejac_Repeat_26,2026-02-05 13:20:16,Avant Insiders,73544,instagram,story,photo,Edition;Pejac_Repeat_26,380,322,0,,0,0,,380,25,275,28,0.1368421,,17842291281691386
Pejac_Repeat_26,2026-02-05 13:20:10,Avant Insiders,73544,instagram,story,photo,Edition;Pejac_Repeat_26,489,392,0,,0,0,,489,49,261,7,0.35173824,,18305718652258394
Pejac_Repeat_26,2026-02-05 12:15:47,Avant Arte,2889370,instagram,story,photo,Edition;Pejac_Repeat_26,6085,5454,0,,0,1,,6085,265,4311,125,0.22744453,,18447157261100183
Pejac_Repeat_26,2026-02-05 12:15:38,Avant Arte,2889370,instagram,story,photo,Edition;Pejac_Repeat_26,6304,5640,0,,0,1,,6304,180,4503,148,0.23366117,,18557503327052444
Pejac_Repeat_26,2026-02-05 12:15:31,Avant Arte,2889370,instagram,story,photo,Edition;Pejac_Repeat_26,5918,5197,0,,0,0,,5918,279,4556,230,0.14413653,,18090392027023075
Pejac_Repeat_26,2026-02-05 12:15:24,Avant Arte,2889370,instagram,story,photo,Edition;Pejac_Repeat_26,9251,7752,0,,0,1,,9251,641,4527,76,0.43314236,,18086489912174642
Pejac_Repeat_26,2026-02-05 12:15:00,Avant Arte,2889370,instagram,post,carousel,Edition;Pejac_Repeat_26,118020,38520,999,943,4,18,31,118020,,,,,,18210020221319481
Katharina_TL_25,2026-02-04 14:03:18,Avant Insiders,73548,instagram,story,photo,Edition;Katharina_TL_25,325,286,0,,0,0,,325,29,252,4,0.12307692,,18089318264108864
Katharina_TL_25,2026-02-04 14:03:12,Avant Insiders,73548,instagram,story,photo,Edition;Katharina_TL_25,332,296,0,,0,0,,332,12,273,8,0.11746988,,17915566821124171
Katharina_TL_25,2026-02-04 14:03:07,Avant Insiders,73548,instagram,story,photo,Edition;Katharina_TL_25,375,315,0,,0,0,,375,19,278,15,0.168,,18420257920190128
Katharina_TL_25,2026-02-04 14:01:39,Avant Arte,2889022,instagram,story,photo,Edition;Katharina_TL_25,4759,4235,0,,0,0,,4759,401,3874,55,0.09014499,,18053053019445501
Katharina_TL_25,2026-02-04 14:01:16,Avant Arte,2889022,instagram,story,photo,Edition;Katharina_TL_25,4790,4332,0,,0,0,,4790,139,4190,76,0.08037578,,17920045401250405
Katharina_TL_25,2026-02-04 14:01:10,Avant Arte,2889022,instagram,story,photo,Edition;Katharina_TL_25,5227,4616,0,,0,0,,5227,221,4236,124,0.123589054,,17872934448512932
Pejac_Repeat_26,2026-02-04 12:17:46,Avant Insiders,73549,instagram,story,photo,Edition;Pejac_Repeat_26,372,310,0,,0,0,,372,20,288,14,0.13440861,,18127491037469770
Pejac_Repeat_26,2026-02-04 12:17:41,Avant Insiders,73549,instagram,story,photo,Edition;Pejac_Repeat_26,376,319,0,,0,0,,376,19,292,19,0.122340426,,17899078476379479
Pejac_Repeat_26,2026-02-04 12:17:15,Avant Insiders,73549,instagram,story,photo,Edition;Pejac_Repeat_26,435,335,0,,0,0,,435,25,298,37,0.1724138,,18117649114609045
Pejac_Repeat_26,2026-02-04 12:17:08,Avant Insiders,73549,instagram,story,photo,Edition;Pejac_Repeat_26,537,409,0,,0,0,,537,47,284,13,0.3594041,,18092366630072855
Pejac_Repeat_26,2026-02-04 12:16:25,Avant Arte,2888956,instagram,story,photo,Edition;Pejac_Repeat_26,6119,5306,0,,0,1,,6119,226,4399,159,0.21817291,,18126847621535603
Pejac_Repeat_26,2026-02-04 12:15:52,Avant Arte,2888956,instagram,story,photo,Edition;Pejac_Repeat_26,6372,5550,0,,0,1,,6372,204,4535,165,0.23038292,,18074088716623477
Pejac_Repeat_26,2026-02-04 12:15:44,Avant Arte,2888956,instagram,story,photo,Edition;Pejac_Repeat_26,6999,5905,0,,0,1,,6999,256,4604,250,0.2698957,,17876303424496023
Pejac_Repeat_26,2026-02-04 12:15:23,Avant Arte,2888956,instagram,story,photo,Edition;Pejac_Repeat_26,9105,7577,0,,0,4,,9105,616,4556,87,0.42240527,,18081352445217067
AiWeiwei_SelfPortrait_26,2026-02-03 14:00:49,Avant Insiders,73553,instagram,story,photo,AiWeiwei_SelfPortrait_26;Edition,692,566,0,,0,0,,692,65,410,8,0.3020231,,18092392943053210
AiWeiwei_SelfPortrait_26,2026-02-03 13:59:35,Avant Arte,2888374,instagram,story,photo,AiWeiwei_SelfPortrait_26;Edition,5778,4992,0,,0,0,,5778,604,4226,150,0.13811007,,18120641782599415
Pejac_Repeat_26,2026-02-03 12:28:37,Avant Arte,2888332,instagram,story,photo,Edition;Pejac_Repeat_26,6744,5911,0,,0,1,,6744,225,4704,199,0.2396204,,17890756188288125
Pejac_Repeat_26,2026-02-03 12:27:58,Avant Arte,2888332,instagram,story,photo,Edition;Pejac_Repeat_26,7022,6142,0,,0,1,,7022,218,4857,208,0.24765024,,18105188572700774
Pejac_Repeat_26,2026-02-03 12:27:19,Avant Arte,2888332,instagram,story,photo,Edition;Pejac_Repeat_26,7740,6486,0,,0,2,,7740,326,4874,314,0.2875969,,18335220973213422
Pejac_Repeat_26,2026-02-03 12:25:11,Avant Arte,2888281,instagram,story,photo,Edition;Pejac_Repeat_26,0,0,0,,0,0,,0,,,,,,17970956483846607
Pejac_Repeat_26,2026-02-03 12:24:37,Avant Arte,2888281,instagram,story,photo,Edition;Pejac_Repeat_26,0,0,0,,0,0,,0,,,,,,18075428153085134
Pejac_Repeat_26,2026-02-03 12:23:54,Avant Arte,2888281,instagram,story,photo,Edition;Pejac_Repeat_26,9792,8028,0,,0,1,,9792,627,4823,105,0.43270016,,18078643685594019
JeanMichel_LE_25,2026-02-02 16:00:17,Avant Arte,2887599,instagram,collaboration,reel,Edition;JeanMichel_LE_25,82456,59156,888,677,13,135,63,82456,,,,,82456,17875707672403124
JeanMichel_LE_25,2026-02-02 16:00:00,Avant Arte,13563,twitter,post,photo,Edition;JeanMichel_LE_25,335,,21,2,0,0,,,,,,,,2018353718950023220
JeanMichel_LE_25,2026-02-02 16:00:00,Avant Insiders,73553,instagram,post,carousel,Edition;JeanMichel_LE_25,3243,1448,59,52,1,2,4,3243,,,,,,18115381987528872
JeanMichel_LE_25,2026-02-02 15:59:04,Avant Arte,2887599,instagram,story,photo,Edition;JeanMichel_LE_25,7718,6382,0,,0,3,,7718,831,4279,133,0.32067892,,18085638635519022
JeanMichel_LE_25,2026-02-02 15:58:16,Avant Insiders,73553,instagram,story,photo,Edition;JeanMichel_LE_25,456,387,0,,0,0,,456,61,303,8,0.18421052,,18151157128449219
Pejac_Repeat_26,2026-02-02 12:01:58,Avant Insiders,73553,instagram,story,photo,Edition;Pejac_Repeat_26,417,362,0,,0,0,,417,32,330,15,0.09592326,,18334618993244795
Pejac_Repeat_26,2026-02-02 12:01:51,Avant Insiders,73553,instagram,story,photo,Edition;Pejac_Repeat_26,436,380,0,,0,0,,436,20,361,22,0.07568807,,17881410597458597
Pejac_Repeat_26,2026-02-02 12:01:21,Avant Insiders,73553,instagram,story,photo,Edition;Pejac_Repeat_26,470,402,0,,0,0,,470,27,368,14,0.12978724,,18065379977556570
Pejac_Repeat_26,2026-02-02 12:01:03,Avant Insiders,73553,instagram,story,photo,Edition;Pejac_Repeat_26,569,474,0,,0,0,,569,41,345,11,0.30228472,,18125123839551238
JeanMichel_LE_25,2026-02-02 12:00:02,Avant Arte,13563,twitter,post,photo,Edition;JeanMichel_LE_25,,,,0,0,0,,,,,,,,2018293329230995483
Pejac_Repeat_26,2026-02-02 11:59:09,Avant Arte,2887601,instagram,story,photo,Edition;Pejac_Repeat_26,7205,6289,0,,0,1,,7205,315,5313,197,0.19153365,,18081708656256098
Pejac_Repeat_26,2026-02-02 11:59:01,Avant Arte,2887601,instagram,story,photo,Edition;Pejac_Repeat_26,7489,6483,0,,0,1,,7489,220,5526,224,0.20283082,,18107226115691966
Pejac_Repeat_26,2026-02-02 11:58:37,Avant Arte,2887601,instagram,story,photo,Edition;Pejac_Repeat_26,8114,6989,0,,0,1,,8114,347,5612,202,0.24069509,,18105830851700481
Pejac_Repeat_26,2026-02-02 11:58:29,Avant Arte,2887601,instagram,story,photo,Edition;Pejac_Repeat_26,10693,8795,0,,0,3,,10693,738,5583,89,0.4005424,,18306299746280558
Pejac_Repeat_26,2026-02-01 12:16:36,Avant Insiders,73560,instagram,story,photo,Edition;Pejac_Repeat_26,460,419,0,,0,0,,460,51,323,7,0.17173913,,18309022156255954
Pejac_Repeat_26,2026-02-01 12:15:49,Avant Insiders,73560,instagram,story,video,Edition;Pejac_Repeat_26,585,527,0,,0,1,,585,62,351,10,0.2769231,,17856875208608457
Pejac_Repeat_26,2026-02-01 12:14:40,Avant Arte,2886684,instagram,story,photo,Edition;Pejac_Repeat_26,10029,8991,1,,1,0,,10029,1056,7458,76,0.14348389,,18126717292553599
Pejac_Repeat_26,2026-02-01 12:13:40,Avant Arte,2886684,instagram,story,video,Edition;Pejac_Repeat_26,15509,13415,0,,0,1,,15509,1233,7816,88,0.4108582,,18085377668239423
Pejac_Repeat_26,2026-01-31 12:22:53,Avant Insiders,73563,instagram,story,photo,Edition;Pejac_Repeat_26,468,427,0,,0,0,,468,57,337,11,0.13461539,,18120044053600662
Pejac_Repeat_26,2026-01-31 12:21:51,Avant Insiders,73563,instagram,story,video,Edition;Pejac_Repeat_26,580,518,0,,0,0,,580,48,350,8,0.3,,18121686097572907
Pejac_Repeat_26,2026-01-31 12:19:32,Avant Arte,2885501,instagram,story,photo,Edition;Pejac_Repeat_26,8865,7949,0,,0,0,,8865,961,6589,63,0.14122956,,17939261103118159
Pejac_Repeat_26,2026-01-31 12:18:19,Avant Arte,2885501,instagram,story,video,Edition;Pejac_Repeat_26,13237,11682,0,,0,1,,13237,1014,6872,81,0.39812645,,17962735920013514
AiWeiwei_SelfPortrait_26,2026-01-30 16:07:44,Avant Arte,2884728,instagram,post,carousel,AiWeiwei_SelfPortrait_26;Edition,139396,37733,924,811,4,30,62,139396,,,,,,18116618857607336
EmCooper_TL_25,2026-01-30 14:00:50,Avant Arte,2884650,instagram,story,photo,Edition;EmCooper_TL_25,7832,6904,0,,0,2,,7832,740,5654,124,0.16777323,,18151755718449699
Pejac_Repeat_26,2026-01-30 14:00:43,Avant Arte,2884650,instagram,story,photo,Edition;Pejac_Repeat_26,7092,6532,1,,1,0,,7092,337,5729,90,0.13197969,,18012536810660724
Pejac_Repeat_26,2026-01-30 14:00:14,Avant Arte,2884650,instagram,story,video,Edition;Pejac_Repeat_26,10468,9382,1,,1,1,,10468,767,5623,73,0.3825946,,18445641499100807
EmCooper_TL_25,2026-01-30 14:00:02,Avant Arte,13574,twitter,post,photo,Edition;EmCooper_TL_25,404,,30,5,0,0,,,,,,,,2017236366262968394
LeeUfan_LE_26,2026-01-29 14:01:17,Avant Insiders,73566,instagram,story,photo,Edition;LeeUfan_LE_26,466,366,0,,0,0,,466,57,290,13,0.2274678,,18388750576149485
LeeUfan_From_25,2026-01-29 14:00:04,Avant Arte,2883605,instagram,story,photo,Edition;LeeUfan_From_25,7980,6904,0,,0,0,,7980,951,5504,113,0.17694235,,17875383108480999
LeeUfan_From_25,2026-01-29 14:00:00,Avant Arte,2883605,instagram,post,carousel,Edition;LeeUfan_From_25,110934,28191,524,463,4,18,37,110934,,,,,,18073678913615308
TomasSanchez_TL_26,2026-01-29 12:00:37,Avant Arte,2883521,instagram,story,photo,Edition;TomasSanchez_TL_26,8971,7924,0,,0,0,,8971,1004,5608,87,0.2532605,,17996668784731484
TomasSanchez_TL_26,2026-01-29 12:00:15,Avant Insiders,73565,instagram,story,photo,Edition;TomasSanchez_TL_26,433,378,0,,0,0,,433,52,272,9,0.23094688,,18388485682198264
TomasSanchez_TL_26,2026-01-29 11:59:48,Avant Arte,13574,twitter,post,photo,Edition;TomasSanchez_TL_26,615,,44,8,0,2,,,,,,,,2016843719123612023
TomasSanchez_TL_26,2026-01-28 17:01:01,Avant Insiders,73570,instagram,story,photo,Edition;TomasSanchez_TL_26,367,316,0,,0,0,,367,49,244,22,0.14168938,,17878385412467139
FerrariSh_LE_26,2026-01-28 17:00:53,Avant Insiders,73570,instagram,story,photo,Edition;FerrariSh_LE_26,398,342,0,,0,0,,398,32,283,14,0.17336683,,17895828114388668
FerrariSh_LE_26,2026-01-28 17:00:08,Avant Arte,2882732,instagram,story,photo,Edition;FerrariSh_LE_26,7633,6798,0,,0,0,,7633,909,5321,149,0.16428664,,18071053748627843
TomasSanchez_TL_26,2026-01-28 17:00:00,Avant Arte,13570,twitter,post,photo,Edition;TomasSanchez_TL_26,650,,58,14,0,1,,,,,,,,2016556879468458359
TomasSanchez_TL_26,2026-01-28 17:00:00,Avant Insiders,73570,instagram,post,carousel,Edition;TomasSanchez_TL_26,2132,1000,42,40,0,1,1,2132,,,,,,18107575000671436
TomasSanchez_TL_26,2026-01-28 17:00:00,Avant Arte,2882732,instagram,post,carousel,Edition;TomasSanchez_TL_26,147558,41940,2669,2443,8,62,134,147558,,,,,,18107451799675134
AiWeiwei_SelfPortrait_26,2026-01-28 14:02:37,Avant Arte,2882697,instagram,story,photo,AiWeiwei_SelfPortrait_26;Edition,9055,7952,0,,0,3,,9055,974,5543,136,0.26526782,,17979007952809010
AiWeiwei_SelfPortrait_26,2026-01-28 14:00:03,Avant Insiders,73565,instagram,story,photo,AiWeiwei_SelfPortrait_26;Edition,471,386,0,,0,0,,471,59,268,20,0.26326963,,18092513854950505
AiWeiwei_SelfPortrait_26,2026-01-28 14:00:01,Avant Arte,13568,twitter,post,photo,AiWeiwei_SelfPortrait_26;Edition,4564,,235,43,3,6,,,,,,,,2016511584542110066
AiWeiwei_SelfPortrait_26,2026-01-28 14:00:00,Avant Insiders,73568,instagram,post,carousel,AiWeiwei_SelfPortrait_26;Edition,2155,951,41,37,0,1,3,2155,,,,,,18011918369818272
MaurizioC_LE_26,2026-01-27 18:00:12,Avant Arte,2881759,instagram,story,photo,Edition;MaurizioC_LE_26,5674,4819,1,,1,3,,5674,738,3912,94,0.16390553,,18118435948599618
MaurizioC_LE_26,2026-01-27 18:00:00,Avant Arte,2881759,instagram,post,carousel,Edition;MaurizioC_LE_26,346115,131460,3541,2889,63,388,184,346115,,,,,,18440581699104450
TomasSanchez_TL_26,2026-01-27 17:02:44,Avant Insiders,73562,instagram,story,photo,Edition;TomasSanchez_TL_26,465,385,0,,0,0,,465,48,315,24,0.16774194,,18118056715582081
TomasSanchez_TL_26,2026-01-27 17:02:37,Avant Insiders,73562,instagram,story,photo,Edition;TomasSanchez_TL_26,269,220,0,,0,0,,269,21,194,11,0.1598513,,17992325195911291
TomasSanchez_TL_26,2026-01-27 17:00:31,Avant Arte,13569,twitter,post,photo,Edition;TomasSanchez_TL_26,420,,34,3,0,0,,,,,,,,2016194622826152276
TomasSanchez_TL_26,2026-01-27 17:00:09,Avant Arte,2881852,instagram,story,photo,Edition;TomasSanchez_TL_26,6295,5473,0,,0,0,,6295,491,4826,230,0.11882447,,18328566244169174
TomasSanchez_TL_26,2026-01-27 17:00:02,Avant Arte,2881852,instagram,story,photo,Edition;TomasSanchez_TL_26,4005,3370,1,,1,0,,4005,177,3044,145,0.15955056,,18105993772704827
TomasSanchez_TL_26,2026-01-27 17:00:00,Avant Insiders,73562,instagram,post,carousel,Edition;TomasSanchez_TL_26,2743,1295,39,37,0,1,0,2743,,,,,,18091743881064842
TomasSanchez_TL_26,2026-01-27 17:00:00,Avant Arte,2881852,instagram,post,carousel,Edition;TomasSanchez_TL_26,140509,39295,2447,2158,12,102,153,140509,,,,,,18388427842178362
,2026-01-27 14:02:24,Avant Insiders,73561,instagram,story,photo,Edition;MarinaAbr-1502,690,577,0,,0,1,,690,67,324,11,0.4173913,,17867322672554308
,2026-01-27 14:01:13,Avant Arte,2881699,instagram,story,photo,Edition;MarinaAbr-1502,6292,5460,0,,0,0,,6292,414,5074,107,0.11077559,,18091501675962984
MaurizioC_LE_26,2026-01-26 17:05:18,Avant Insiders,73563,instagram,story,photo,Edition;MaurizioC_LE_26,560,459,1,,1,0,,560,77,349,43,0.1625,,18134886298500681
MaurizioC_LE_26,2026-01-26 17:04:58,Avant Insiders,73563,instagram,story,photo,Edition;MaurizioC_LE_26,673,541,0,,0,1,,673,64,418,3,0.2793462,,17954651607062762
MaurizioC_LE_26,2026-01-26 17:01:00,Avant Arte,2880615,instagram,story,photo,Edition;MaurizioC_LE_26,6437,5635,0,,0,0,,6437,660,4812,283,0.105949976,,18066290510536175
MaurizioC_LE_26,2026-01-26 17:00:37,Avant Arte,2880615,instagram,story,photo,Edition;MaurizioC_LE_26,7035,6143,0,,0,2,,7035,447,5302,127,0.16474769,,18075804302609792
MaurizioC_LE_26,2026-01-26 17:00:01,Avant Arte,13562,twitter,post,photo,Edition;MaurizioC_LE_26,503,,58,7,0,2,,,,,,,,2015832108783325512
MaurizioC_LE_26,2026-01-26 17:00:00,Avant Insiders,73563,instagram,post,carousel,Edition;MaurizioC_LE_26,8361,3927,180,151,5,17,5,8361,,,,,,18373777186093898
MaurizioC_LE_26,2026-01-26 17:00:00,Avant Arte,2880615,instagram,post,carousel,Edition;MaurizioC_LE_26,149772,39617,1285,1102,32,83,59,149772,,,,,,18109053904679615
Pejac_Repeat_26,2026-01-23 13:08:27,Avant Arte,13566,twitter,reply,photo,Edition;Pejac_Repeat_26,214,,9,1,1,0,,,,,,,,2014686669010542619
Pejac_Repeat_26,2026-01-23 13:08:26,Avant Arte,13566,twitter,post,photo,Edition;Pejac_Repeat_26,300,,27,4,2,1,,,,,,,,2014686665789333855
Pejac_Repeat_26,2026-01-23 13:03:48,Avant Insiders,73567,instagram,story,photo,Edition;Pejac_Repeat_26,413,352,0,,0,0,,413,44,290,21,0.14043583,,17847451026625673
Pejac_Repeat_26,2026-01-23 13:03:43,Avant Insiders,73567,instagram,story,photo,Edition;Pejac_Repeat_26,448,364,0,,0,0,,448,18,333,31,0.14732143,,18104816137773411
Pejac_Repeat_26,2026-01-23 13:03:37,Avant Insiders,73567,instagram,story,photo,Edition;Pejac_Repeat_26,527,421,0,,0,0,,527,59,315,12,0.2675522,,18549820081052530
Pejac_Repeat_26,2026-01-23 13:02:37,Avant Insiders,73566,instagram,post,carousel,Edition;Pejac_Repeat_26,5818,2437,123,106,2,7,7,5818,,,,,,17913721671270077
Pejac_Repeat_26,2026-01-23 13:01:31,Avant Arte,2877102,instagram,story,photo,Edition;Pejac_Repeat_26,7243,6615,0,,0,0,,7243,664,5732,141,0.09747342,,18053333654692758
Pejac_Repeat_26,2026-01-23 13:01:19,Avant Arte,2877102,instagram,story,photo,Edition;Pejac_Repeat_26,7778,7028,0,,0,0,,7778,382,6175,187,0.13293906,,18076430441077008
Pejac_Repeat_26,2026-01-23 13:00:59,Avant Arte,2877102,instagram,story,photo,Edition;Pejac_Repeat_26,10273,9117,2,,2,1,,10273,862,6062,75,0.3186995,,17986439930926833
Pejac_Repeat_26,2026-01-23 13:00:36,Avant Arte,2877102,instagram,post,carousel,Edition;Pejac_Repeat_26,223433,59969,2020,1797,11,59,135,223433,,,,,,18413307454186773
Katharina_TL_25,2026-01-22 18:00:08,Avant Arte,13567,twitter,post,photo,Edition;Katharina_TL_25,394,,39,5,0,0,,,,,,,,2014397684984009074
Katharina_TL_25,2026-01-22 14:04:44,Avant Insiders,73557,instagram,story,photo,Edition;Katharina_TL_25,400,335,0,,0,1,,400,45,290,18,0.1175,,18555135634051018
Katharina_TL_25,2026-01-22 14:04:08,Avant Insiders,73557,instagram,story,photo,Edition;Katharina_TL_25,408,350,0,,0,0,,408,13,335,22,0.09313726,,17996788655887088
Katharina_TL_25,2026-01-22 14:03:44,Avant Insiders,73557,instagram,story,photo,Edition;Katharina_TL_25,452,369,0,,0,0,,452,22,332,22,0.16814159,,18094052165303168
Katharina_TL_25,2026-01-22 14:02:23,Avant Insiders,73559,instagram,post,carousel,Edition;Katharina_TL_25,5133,2360,98,78,0,11,9,5133,,,,,,17845575054662704
Katharina_TL_25,2026-01-22 14:02:06,Avant Arte,2876243,instagram,story,photo,Edition;Katharina_TL_25,5390,4785,0,,0,0,,5390,491,4349,71,0.088868275,,18071384444422291
Katharina_TL_25,2026-01-22 14:02:00,Avant Arte,2876243,instagram,story,photo,Edition;Katharina_TL_25,5583,5026,0,,0,0,,5583,203,4763,88,0.094751924,,18038875337753485
Katharina_TL_25,2026-01-22 14:01:48,Avant Arte,2876243,instagram,story,photo,Edition;Katharina_TL_25,6217,5487,0,,0,0,,6217,341,4806,138,0.14991154,,17932870806174270
Katharina_TL_25,2026-01-22 14:01:03,Avant Arte,2876243,instagram,post,carousel,Edition;Katharina_TL_25,160701,34863,1064,874,16,100,64,160701,,,,,,18080331845245990
JohnsonTs_SE_25,2026-01-22 13:00:22,Avant Arte,2876204,instagram,story,photo,Edition;JohnsonTs_SE_25,10255,8572,1,,1,2,,10255,733,4782,71,0.4552901,,18083894798469121
JohnsonTs_SE_25,2026-01-22 13:00:14,Avant Insiders,73555,instagram,story,photo,Edition;JohnsonTs_SE_25,506,407,0,,0,0,,506,50,316,12,0.25296444,,18552969712036548
JoakimOja_LE_25,2026-01-21 17:02:57,Avant Insiders,73552,instagram,story,photo,Edition;JoakimOja_LE_25,617,530,0,,0,0,,617,84,381,6,0.23662885,,18086363750042290
JoakimOja_LE_25,2026-01-21 16:59:26,Avant Arte,2875153,instagram,story,photo,Edition;JoakimOja_LE_25,7952,6844,1,,1,0,,7952,906,5467,129,0.18234406,,18069765830404168
LeeUfan_LE_26,2026-01-21 14:01:25,Avant Arte,2875064,instagram,story,photo,Edition;LeeUfan_LE_26,10188,8667,0,,0,1,,10188,1015,6173,122,0.2824892,,17891500554406820
LeeUfan_LE_26,2026-01-21 14:00:32,Avant Arte,2875064,instagram,collaboration,reel,Edition;LeeUfan_LE_26,60146,39586,888,763,9,42,74,60146,,,,,60146,18002758814839991
ManRay_TL_25,2026-01-20 17:02:59,Avant Insiders,73551,instagram,story,photo,Edition;ManRay_TL_25,774,660,0,,0,0,,774,118,445,11,0.25839794,,18083507162142731
ManRay_TL_25,2026-01-20 17:00:47,Avant Arte,2874289,instagram,story,photo,Edition;ManRay_TL_25,7792,6540,1,,1,0,,7792,862,5294,185,0.18621664,,18034356470754255
ManRay_TL_25,2026-01-20 17:00:01,Avant Arte,13567,twitter,post,photo,Edition;ManRay_TL_25,243,,36,8,1,1,,,,,,,,2013657779438043221
ManRay_TL_25,2026-01-20 17:00:00,Avant Insiders,73551,instagram,post,carousel,Edition;ManRay_TL_25,2667,1162,58,49,2,3,4,2667,,,,,,18050580371468931
ManRay_TL_25,2026-01-20 17:00:00,Avant Arte,2874289,instagram,post,carousel,Edition;ManRay_TL_25,213680,60550,5194,4506,20,203,394,213680,,,,,,17924124582211152
AiWeiwei_SelfPortrait_26,2026-01-20 14:00:06,Avant Arte,2874301,instagram,story,photo,AiWeiwei_SelfPortrait_26;Edition,7096,6129,0,,0,2,,7096,522,5289,130,0.16276775,,17951190602940401
AiWeiwei_SelfPortrait_26,2026-01-20 14:00:01,Avant Arte,13566,twitter,post,photo,AiWeiwei_SelfPortrait_26;Edition,2730,,121,18,0,3,,,,,,,,2013612480350785662
AiWeiwei_SelfPortrait_26,2026-01-20 14:00:00,Avant Arte,2874301,instagram,post,reel,AiWeiwei_SelfPortrait_26;Edition,129186,84654,5073,4065,21,496,491,129186,,,,,129186,18040249790722711
JeanMichel_LE_25,2026-01-20 12:00:10,Avant Arte,2874220,instagram,story,photo,Edition;JeanMichel_LE_25,6875,6097,0,,0,17,,6875,447,5260,129,0.15112728,,18080819972586622
JeanMichel_LE_25,2026-01-20 12:00:02,Avant Arte,13566,twitter,post,photo,Edition;JeanMichel_LE_25,408,,41,6,0,0,,,,,,,,2013582288232079506
JeanMichel_LE_25,2026-01-20 11:59:46,Avant Arte,2874220,instagram,story,photo,Edition;JeanMichel_LE_25,8659,7375,0,,0,16,,8659,676,5266,104,0.30176696,,17912946486280086
FerrariSh_LE_26,2026-01-19 17:00:58,Avant Insiders,73557,instagram,story,photo,Edition;FerrariSh_LE_26,1408,1148,1,,1,1,,1408,121,590,9,0.48863637,,18091013221956330
FerrariSh_LE_26,2026-01-19 17:00:08,Avant Arte,2873600,instagram,story,photo,Edition;FerrariSh_LE_26,16902,14442,1,,1,1,,16902,1807,9750,113,0.30954915,,18335617048208011
JoakimOja_LE_25,2026-01-14 17:01:07,Avant Arte,2868734,instagram,story,photo,Edition;JoakimOja_LE_25,11860,10639,1,,1,0,,11860,1327,8074,200,0.19047217,,18035885522535460
JoakimOja_LE_25,2026-01-14 17:00:00,Avant Insiders,73568,instagram,post,reel,Edition;JoakimOja_LE_25,2098,1641,37,32,1,1,3,2098,,,,,2098,18307086130253910
JoakimOja_LE_25,2026-01-14 16:59:41,Avant Insiders,73568,instagram,story,photo,Edition;JoakimOja_LE_25,764,644,0,,0,0,,764,78,453,7,0.2958115,,18080329909985445
JohnsonTs_SE_25,2026-01-14 13:00:02,Avant Arte,2868618,instagram,story,photo,Edition;JohnsonTs_SE_25,22012,17028,2,,2,5,,22012,1454,9290,203,0.50268036,,18101655433864762
JohnsonTs_SE_25,2026-01-14 13:00:00,Avant Arte,2868618,instagram,post,carousel,Edition;JohnsonTs_SE_25,259189,96835,4185,3649,24,316,161,259189,,,,,,17970208308002979
,2026-01-13 17:01:54,Avant Insiders,73567,instagram,story,photo,Edition;MarinaAbr-1502,1084,876,0,,0,0,,1084,132,613,16,0.29797047,,17982306023949372
,2026-01-13 17:00:40,Avant Arte,2868008,instagram,story,photo,Edition;MarinaAbr-1502,39902,31597,2,,2,6,,39902,2653,14823,230,0.55626285,,18104424928701190
,2026-01-13 17:00:03,Avant Arte,2868008,instagram,collaboration,carousel,Edition;MarinaAbr-1502,882555,256189,22797,19989,209,1220,1134,882555,,,,,,18003372758841046
,2026-01-13 17:00:02,Avant Arte,13581,twitter,post,photo,Edition;MarinaAbr-1502,662,,34,6,0,1,,,,,,,,2011121069793431920
,2026-01-13 17:00:00,Avant Insiders,73567,instagram,post,carousel,Edition;MarinaAbr-1502,4453,1815,78,67,1,7,2,4453,,,,,,18092172463785350
MaurizioC_LE_26,2026-01-09 17:00:21,Avant Arte,2866634,instagram,story,photo,Edition;MaurizioC_LE_26,15990,13766,1,,1,4,,15990,1717,9462,119,0.2934334,,18100229068868144
MaurizioC_LE_26,2026-01-09 17:00:00,Avant Arte,13575,twitter,post,photo,Edition;MaurizioC_LE_26,326,,43,3,0,0,,,,,,,,2009671511133827222
FerrariSh_LE_26,2026-01-08 17:01:54,Avant Insiders,73561,instagram,story,photo,Edition;FerrariSh_LE_26,568,458,0,,0,0,,568,69,337,32,0.22887324,,17907450936320648
FerrariSh_LE_26,2026-01-08 17:00:00,Avant Arte,13579,twitter,post,photo,Edition;FerrariSh_LE_26,280,,26,5,0,0,,,,,,,,2009309122869776832
FerrariSh_LE_26,2026-01-08 17:00:00,Avant Insiders,73561,instagram,post,carousel,Edition;FerrariSh_LE_26,3791,1815,69,56,4,4,4,3791,,,,,,17922688260211506
FerrariSh_LE_26,2026-01-08 17:00:00,Avant Arte,2866537,instagram,post,carousel,Edition;FerrariSh_LE_26,140227,33173,1158,1021,10,31,93,140227,,,,,,18235561663306405
FerrariSh_LE_26,2026-01-08 16:59:43,Avant Arte,2866537,instagram,story,photo,Edition;FerrariSh_LE_26,9686,8396,1,,1,3,,9686,1021,6514,166,0.20493495,,17867180949541023
LeeUfan_LE_26,2026-01-08 14:09:28,Avant Insiders,73567,instagram,story,photo,Edition;LeeUfan_LE_26,577,449,2,,2,0,,577,61,344,11,0.27902946,,18062347652277257
LeeUfan_LE_26,2026-01-08 14:00:02,Avant Arte,13580,twitter,post,photo,Edition;LeeUfan_LE_26,296,,44,8,0,0,,,,,,,,2009263832762343922
LeeUfan_LE_26,2026-01-08 14:00:00,Avant Insiders,73568,instagram,post,reel,Edition;LeeUfan_LE_26,5103,3751,176,132,7,21,16,5103,,,,,5103,18066440591440677
LeeUfan_LE_26,2026-01-08 14:00:00,Avant Arte,2866569,instagram,post,carousel,Edition;LeeUfan_LE_26,166459,44577,1585,1375,13,73,113,166459,,,,,,17992925498908895
LeeUfan_LE_26,2026-01-08 13:59:25,Avant Arte,2866569,instagram,story,photo,Edition;LeeUfan_LE_26,10872,9588,2,,2,2,,10872,1148,6601,94,0.27860558,,18308198197254098
TomasSanchez_TL_26,2026-01-07 17:02:43,Avant Insiders,73571,instagram,story,photo,Edition;TomasSanchez_TL_26,505,413,0,,0,0,,505,46,349,33,0.15247525,,17845173120648646
TomasSanchez_TL_26,2026-01-07 17:02:15,Avant Insiders,73571,instagram,story,photo,Edition;TomasSanchez_TL_26,633,531,0,,0,1,,633,64,356,6,0.3270142,,17935705362132320
TomasSanchez_TL_26,2026-01-07 17:00:09,Avant Arte,2866532,instagram,story,photo,Edition;TomasSanchez_TL_26,9799,8668,0,,0,1,,9799,864,7344,192,0.14276966,,18118569541575471
TomasSanchez_TL_26,2026-01-07 17:00:01,Avant Arte,2866532,instagram,story,photo,Edition;TomasSanchez_TL_26,12862,11082,0,,0,3,,12862,1145,7552,76,0.31791323,,18158850853410525
TomasSanchez_TL_26,2026-01-07 17:00:00,Avant Arte,13581,twitter,post,photo,Edition;TomasSanchez_TL_26,285,,25,3,0,0,,,,,,,,2008946733544562812
TomasSanchez_TL_26,2026-01-07 17:00:00,Avant Insiders,73571,instagram,post,carousel,Edition;TomasSanchez_TL_26,4324,1925,93,77,5,4,6,4324,,,,,,17942457882101923
TomasSanchez_TL_26,2026-01-07 17:00:00,Avant Arte,2866532,instagram,post,carousel,Edition;TomasSanchez_TL_26,246381,49088,2052,1739,18,119,164,246381,,,,,,17902819197346475
AiWeiwei_SelfPortrait_26,2026-01-06 14:02:21,Avant Insiders,73580,instagram,story,photo,AiWeiwei_SelfPortrait_26;Edition,884,736,0,,0,0,,884,112,508,6,0.29185522,,18096283364504329
AiWeiwei_SelfPortrait_26,2026-01-06 14:01:19,Avant Arte,2866842,instagram,story,photo,AiWeiwei_SelfPortrait_26;Edition,17765,15278,0,,0,2,,17765,2108,10564,122,0.27981988,,18135619711434406
AiWeiwei_SelfPortrait_26,2026-01-06 14:00:15,Avant Arte,2866842,instagram,post,carousel,AiWeiwei_SelfPortrait_26;Edition,325782,76885,2592,2252,32,121,166,325782,,,,,,18101579779794436
AiWeiwei_SelfPortrait_26,2026-01-06 14:00:01,Avant Arte,13577,twitter,post,photo,AiWeiwei_SelfPortrait_26;Edition,1722,,114,21,2,4,,,,,,,,2008539050270245087
AiWeiwei_SelfPortrait_26,2026-01-06 14:00:00,Avant Insiders,73577,instagram,post,carousel,AiWeiwei_SelfPortrait_26;Edition,6045,2730,122,102,0,10,8,6045,,,,,,17991445955884385
AiWeiwei_SelfPortrait_26,2025-12-23 14:12:35,Avant Arte,13568,twitter,post,photo,AiWeiwei_SelfPortrait_26;Edition,7010,,219,34,1,4,,,,,,,,2003468785815334969
AiWeiwei_SelfPortrait_26,2025-12-23 14:05:54,Avant Arte,2867448,instagram,story,photo,AiWeiwei_SelfPortrait_26;Edition,25667,22812,1,,1,3,,25667,2523,16368,210,0.25581485,,18093232312905086
AiWeiwei_SelfPortrait_26,2025-12-23 14:00:01,Avant Arte,13568,twitter,post,photo,AiWeiwei_SelfPortrait_26;Edition,,,,0,0,0,,,,,,,,2003465622769078666
TomasSanchez_TL_26,2025-12-19 17:01:34,Avant Arte,2866403,instagram,story,photo,Edition;TomasSanchez_TL_26,10339,9111,1,,1,4,,10339,943,7632,206,0.15069155,,17853767724596703
TomasSanchez_TL_26,2025-12-19 17:00:31,Avant Arte,2866403,instagram,post,carousel,Edition;TomasSanchez_TL_26,232581,76509,6925,5986,25,264,578,232581,,,,,,17991967481872345
TomasSanchez_TL_26,2025-12-19 17:00:01,Avant Arte,13568,twitter,post,photo,Edition;TomasSanchez_TL_26,409,,61,5,2,0,,,,,,,,2002061367474274404
Pejac_Repeat_26,2025-12-19 16:00:10,Avant Arte,2866390,instagram,story,photo,Edition;Pejac_Repeat_26,14977,12701,5,,5,3,,14977,1123,8249,111,0.36682913,,18084643175115007
Pejac_Repeat_26,2025-12-19 16:00:01,Avant Arte,13569,twitter,post,photo,Edition;Pejac_Repeat_26,480,,58,5,1,0,,,,,,,,2002046271394386155
JohnsonTs_SE_25,2025-12-18 13:05:18,Avant Insiders,73686,instagram,story,photo,Edition;JohnsonTs_SE_25,755,632,0,,0,0,,755,83,464,11,0.26092714,,18064753976541609
JohnsonTs_SE_25,2025-12-18 13:04:55,Avant Insiders,73686,instagram,post,carousel,Edition;JohnsonTs_SE_25,6269,3684,91,83,0,3,4,6269,,,,,,18340848154228894
JohnsonTs_SE_25,2025-12-18 13:00:56,Avant Arte,2866214,instagram,story,photo,Edition;JohnsonTs_SE_25,20609,17686,1,,1,5,,20609,1753,11299,136,0.3600854,,18393029161180055
JohnsonTs_SE_25,2025-12-18 13:00:01,Avant Arte,13568,twitter,post,photo,Edition;JohnsonTs_SE_25,361,,34,6,1,2,,,,,,,,2001638582939787469
JohnsonTs_SE_25,2025-12-18 12:59:59,Avant Arte,2866214,instagram,post,carousel,Edition;JohnsonTs_SE_25,231739,80451,3601,3197,17,210,156,231739,,,,,,18012971072803350
JoakimOja_LE_25,2025-12-16 17:02:12,Avant Insiders,73710,instagram,story,photo,Edition;JoakimOja_LE_25,725,597,0,,0,1,,725,84,433,10,0.27310345,,18070797863379389
JoakimOja_LE_25,2025-12-16 17:01:27,Avant Insiders,73710,instagram,post,carousel,Edition;JoakimOja_LE_25,3883,1749,88,83,0,3,2,3883,,,,,,18328294135245037
JoakimOja_LE_25,2025-12-16 17:00:36,Avant Arte,2865730,instagram,story,photo,Edition;JoakimOja_LE_25,15571,13732,0,,0,1,,15571,1612,9058,119,0.30710936,,17972553572969254
JoakimOja_LE_25,2025-12-16 17:00:00,Avant Arte,13566,twitter,post,photo,Edition;JoakimOja_LE_25,429,,40,9,1,0,,,,,,,,2000974202313023777
JoakimOja_LE_25,2025-12-16 16:59:45,Avant Arte,2865730,instagram,post,carousel,Edition;JoakimOja_LE_25,128254,34692,1000,932,11,18,33,128254,,,,,,18107578834572029
,2025-12-11 17:28:25,Avant Arte,13568,twitter,post,photo,Edition;MarinaAbr-1502,4628,,238,1,1,0,,,,,,,,1999169411236720938
,2025-12-11 17:00:30,Avant Arte,13568,twitter,post,photo,Edition;MarinaAbr-1502,79,,7,0,0,0,,,,,,,,1999162387434520712
,2025-12-11 17:00:07,Avant Arte,2863503,instagram,story,photo,Edition;MarinaAbr-1502,15817,12980,0,,0,6,,15817,1440,11274,264,0.17949042,,18065835089404912
,2025-12-11 16:59:18,Avant Arte,2863503,instagram,post,carousel,Edition;MarinaAbr-1502,508090,219909,17323,14933,53,1033,899,508090,,,,,,18103197841675112
WilliamBl_LE_25,2025-12-11 14:00:46,Avant Insiders,73716,instagram,story,photo,Edition;WilliamBl_LE_25,1161,955,0,,0,0,,1161,127,687,4,0.29543498,,17937275007107344
WilliamBl_LE_25,2025-12-11 13:59:47,Avant Arte,2863543,instagram,story,photo,Edition;WilliamBl_LE_25,14708,12924,0,,0,1,,14708,1406,9085,172,0.2750204,,18105254068735924
KeitaMor_TL_25,2025-12-10 18:01:04,Avant Arte,2863273,instagram,story,photo,Edition;KeitaMor_TL_25,5953,5305,0,,0,0,,5953,485,4664,116,0.11557198,,18089074795942472
KeitaMor_TL_25,2025-12-10 18:00:57,Avant Arte,2863273,instagram,story,photo,Edition;KeitaMor_TL_25,6430,5726,0,,0,0,,6430,346,4979,119,0.1533437,,18322248154173078
KeitaMor_TL_25,2025-12-10 18:00:01,Avant Arte,13566,twitter,post,photo,Edition;KeitaMor_TL_25,233,,31,3,1,0,,,,,,,,1998814975939240160
FerrariSh_LE_26,2025-12-10 17:00:00,Avant Arte,13565,twitter,post,photo,Edition;FerrariSh_LE_26,273,,40,3,0,0,,,,,,,,1998799875832688938
FerrariSh_LE_26,2025-12-10 16:59:51,Avant Arte,2863258,instagram,story,photo,Edition;FerrariSh_LE_26,7080,6137,0,,0,4,,7080,524,4931,80,0.21822034,,18068612609116028
KeitaMor_TL_25,2025-12-10 10:00:07,Avant Arte,2863150,instagram,story,photo,Edition;KeitaMor_TL_25,8798,7616,1,,1,0,,8798,902,5755,114,0.23039328,,18101228404757913
JoakimOja_LE_25,2025-12-09 17:09:18,Avant Arte,2862915,instagram,story,photo,Edition;JoakimOja_LE_25,14463,11880,1,,1,1,,14463,1162,7888,208,0.35988384,,18061744520540949
JoakimOja_LE_25,2025-12-09 17:00:00,Avant Arte,13564,twitter,post,photo,Edition;JoakimOja_LE_25,271,,33,4,0,0,,,,,,,,1998437485593178523
KeitaMor_TL_25,2025-12-09 10:01:22,Avant Insiders,73741,instagram,story,photo,Edition;KeitaMor_TL_25,878,733,0,,0,0,,878,108,500,14,0.29157177,,18328047163246288
KeitaMor_TL_25,2025-12-09 10:00:24,Avant Arte,2862891,instagram,story,photo,Edition;KeitaMor_TL_25,14462,12374,0,,0,0,,14462,1519,9161,142,0.25169408,,17858492682560738
KeitaMor_TL_25,2025-12-09 10:00:02,Avant Arte,13555,twitter,post,photo,Edition;KeitaMor_TL_25,349,,53,4,0,0,,,,,,,,1998331799190053232
KeitaMor_TL_25,2025-12-09 10:00:00,Avant Insiders,73743,instagram,post,reel,Edition;KeitaMor_TL_25,3866,2663,111,95,1,10,5,3866,,,,,3866,18089749712480819
KeitaMor_TL_25,2025-12-09 09:59:23,Avant Arte,2862891,instagram,post,carousel,Edition;KeitaMor_TL_25,166334,46723,1105,1000,3,26,71,166334,,,,,,18114811636606121
JohnsonTs_SE_25,2025-12-08 13:04:44,Avant Arte,2862755,instagram,story,photo,Edition;JohnsonTs_SE_25,24620,21078,4,,4,6,,24620,2102,14130,224,0.33160034,,18010981325811576
JohnsonTs_SE_25,2025-12-08 13:00:01,Avant Arte,13555,twitter,post,photo,Edition;JohnsonTs_SE_25,487,,46,8,2,1,,,,,,,,1998014705437155490
LeeUfan_LE_26,2025-12-04 17:00:31,Avant Arte,13565,twitter,post,photo,Edition;LeeUfan_LE_26,336,,76,5,0,0,,,,,,,,1996625678113083580
LeeUfan_LE_26,2025-12-04 16:59:17,Avant Arte,2861407,instagram,story,photo,Edition;LeeUfan_LE_26,12244,10058,0,,0,6,,12244,1369,7254,90,0.28838614,,17880243390329777
ManRay_TL_25,2025-12-03 17:02:18,Avant Arte,2861390,instagram,story,photo,Edition;ManRay_TL_25,15956,13885,1,,1,1,,15956,1623,9904,129,0.2694911,,17908036581277030
ManRay_TL_25,2025-12-03 17:00:22,Avant Arte,2861390,instagram,post,carousel,Edition;ManRay_TL_25,255909,99516,11320,9114,36,913,1056,255909,,,,,,18047322011463561
ManRay_TL_25,2025-12-03 17:00:02,Avant Arte,13565,twitter,post,photo,Edition;ManRay_TL_25,210,,25,3,0,0,,,,,,,,1996263166485913808
WilliamBl_LE_25,2025-11-27 14:00:11,Avant Arte,2860879,instagram,story,photo,Edition;WilliamBl_LE_25,11774,10419,0,,0,0,,11774,1090,8360,159,0.18387973,,17842799373620959
KeitaMor_TL_25,2025-11-27 10:00:04,Avant Arte,2860863,instagram,story,photo,Edition;KeitaMor_TL_25,13192,11713,0,,0,0,,13192,1226,8053,84,0.29025167,,18054994070335423
KeitaMor_TL_25,2025-11-27 10:00:00,Avant Arte,13571,twitter,post,photo,Edition;KeitaMor_TL_25,665,,73,5,0,2,,,,,,,,1993983134300266518
Judy_Triptych_25,2025-11-24 17:00:43,Avant Insiders,73779,instagram,story,photo,Edition;Judy_Triptych_25,748,640,0,,0,0,,748,79,479,10,0.24064171,,18094923364847297
Judy_Triptych_25,2025-11-24 16:59:41,Avant Arte,2860745,instagram,story,photo,Edition;Judy_Triptych_25,19180,17222,2,,2,1,,19180,1898,11801,138,0.27857143,,18087069166799058
WilliamBl_LE_25,2025-11-20 12:15:38,Avant Arte,13571,twitter,shared,status,Edition;WilliamBl_LE_25,0,,,,,,,,,,,,,1991480552617324884
CindySher_TL_25,2025-11-18 12:00:07,Avant Arte,2858495,instagram,story,photo,CindySher_TL_25;Edition,7176,6451,0,,0,0,,7176,710,5172,95,0.16708472,,18031385792729877
KeitaMor_TL_25,2025-11-18 10:02:39,Avant Insiders,73801,instagram,story,photo,Edition;KeitaMor_TL_25,456,390,0,,0,2,,456,56,309,28,0.13815789,,18085214500816135
KeitaMor_TL_25,2025-11-18 10:02:24,Avant Insiders,73801,instagram,story,photo,Edition;KeitaMor_TL_25,545,444,1,,1,3,,545,48,351,12,0.24587156,,18074617172225912
KeitaMor_TL_25,2025-11-18 10:01:57,Avant Insiders,73801,instagram,post,carousel,Edition;KeitaMor_TL_25,5321,1930,135,122,1,10,2,5321,,,,,,18074108171210888
KeitaMor_TL_25,2025-11-18 10:01:02,Avant Arte,2858462,instagram,story,photo,Edition;KeitaMor_TL_25,6384,5836,0,,0,0,,6384,399,5144,152,0.10792606,,18107555503717822
KeitaMor_TL_25,2025-11-18 10:00:53,Avant Arte,2858462,instagram,story,photo,Edition;KeitaMor_TL_25,7791,6985,0,,0,0,,7791,628,5174,90,0.24374278,,18047605181689364
KeitaMor_TL_25,2025-11-18 10:00:01,Avant Arte,13575,twitter,post,photo,Edition;KeitaMor_TL_25,781,,70,10,0,1,,,,,,,,1990721646953705897
KeitaMor_TL_25,2025-11-18 09:59:55,Avant Arte,2858462,instagram,post,carousel,Edition;KeitaMor_TL_25,180561,46076,2134,1899,8,79,139,180561,,,,,,17960890874865353
CindySher_TL_25,2025-11-17 16:59:11,Avant Arte,2858330,instagram,story,photo,CindySher_TL_25;Edition,8049,7002,0,,0,0,,8049,600,4824,79,0.31631258,,18073341725022331
WilliamBl_LE_25,2025-11-17 14:02:42,Avant Insiders,73797,instagram,story,photo,Edition;WilliamBl_LE_25,482,406,0,,0,0,,482,38,373,13,0.12033195,,18087106906946048
WilliamBl_LE_25,2025-11-17 14:02:37,Avant Insiders,73797,instagram,story,photo,Edition;WilliamBl_LE_25,518,434,0,,0,0,,518,28,396,18,0.14671814,,18101684716669949
WilliamBl_LE_25,2025-11-17 14:02:31,Avant Insiders,73797,instagram,story,photo,Edition;WilliamBl_LE_25,613,504,0,,0,0,,613,46,382,9,0.28711256,,18001651310677251
WilliamBl_LE_25,2025-11-17 14:00:53,Avant Arte,2858336,instagram,story,photo,Edition;WilliamBl_LE_25,7020,6462,1,,1,0,,7020,359,5798,116,0.10641026,,18295008064276963
WilliamBl_LE_25,2025-11-17 14:00:30,Avant Arte,2858336,instagram,story,photo,Edition;WilliamBl_LE_25,7544,6821,0,,0,0,,7544,302,6088,127,0.13613467,,18087975950312957
WilliamBl_LE_25,2025-11-17 14:00:14,Avant Arte,2858336,instagram,story,photo,Edition;WilliamBl_LE_25,10410,9065,0,,0,1,,10410,787,5985,87,0.3411143,,18182567992353543
WilliamBl_LE_25,2025-11-17 14:00:02,Avant Arte,13579,twitter,post,photo,Edition;WilliamBl_LE_25,244,,15,4,0,0,,,,,,,,1990419662287597942
WilliamBl_LE_25,2025-11-17 14:00:00,Avant Arte,2858336,instagram,post,carousel,Edition;WilliamBl_LE_25,113368,30735,728,643,3,15,63,113368,,,,,,18079173704141769
WilliamBl_LE_25,2025-11-17 13:59:33,Avant Insiders,73797,instagram,post,carousel,Edition;WilliamBl_LE_25,3844,1322,34,33,0,0,1,3844,,,,,,18092427928702187
CindySher_TL_25,2025-11-14 17:01:09,Avant Insiders,73819,instagram,story,photo,CindySher_TL_25;Edition,666,572,0,,0,0,,666,76,407,4,0.26876876,,17859254358479180
CindySher_TL_25,2025-11-14 16:59:21,Avant Arte,2857500,instagram,story,photo,CindySher_TL_25;Edition,18481,15948,0,,0,1,,18481,1920,10372,128,0.32795843,,18385057516179354
CindySher_TL_25,2025-11-13 17:01:59,Avant Insiders,73819,instagram,story,photo,CindySher_TL_25;Edition,645,557,0,,0,0,,645,77,393,5,0.2635659,,17951936397029237
Judy_Triptych_25,2025-11-13 17:01:12,Avant Arte,2857028,instagram,story,photo,Edition;Judy_Triptych_25,9611,8494,0,,0,0,,9611,812,7435,142,0.12714598,,18033981434720085
CindySher_TL_25,2025-11-13 17:00:15,Avant Arte,2857028,instagram,story,photo,CindySher_TL_25;Edition,12568,10838,0,,0,2,,12568,1015,7732,83,0.29742202,,18116125087552488
WilliamBl_LE_25,2025-11-12 14:00:06,Avant Arte,2856540,instagram,story,photo,Edition;WilliamBl_LE_25,16524,14004,1,,1,2,,16524,1801,10528,151,0.24473493,,17913364830236217
WilliamBl_LE_25,2025-11-12 14:00:02,Avant Arte,13584,twitter,post,photo,Edition;WilliamBl_LE_25,240,,30,5,0,0,,,,,,,,1988607722959327272
CindySher_TL_25,2025-11-11 17:03:03,Avant Insiders,73827,instagram,story,photo,CindySher_TL_25;Edition,881,714,0,,0,0,,881,109,527,12,0.2644722,,18077814917327828
CindySher_TL_25,2025-11-11 17:02:17,Avant Insiders,73827,instagram,post,carousel,CindySher_TL_25;Edition,4233,1599,32,30,0,2,0,4233,,,,,,18124695616456093
CindySher_TL_25,2025-11-11 17:01:02,Avant Arte,2856260,instagram,story,photo,CindySher_TL_25;Edition,22091,19321,3,,3,3,,22091,2105,13463,165,0.28780952,,18246438973293524
CindySher_TL_25,2025-11-11 17:00:01,Avant Arte,13590,twitter,post,photo,CindySher_TL_25;Edition,231,,16,1,0,0,,,,,,,,1988290630959661550
CindySher_TL_25,2025-11-11 17:00:00,Avant Arte,2856260,instagram,post,reel,CindySher_TL_25;Edition,106289,75414,2746,2252,10,200,284,106289,,,,,106289,17906680749268478
JamesJean_Sun_25,2025-11-06 17:01:24,Avant Insiders,73862,instagram,story,photo,Edition;JamesJean_Sun_25,389,352,0,,0,0,,389,38,294,3,0.13881747,,18048980405378321
JamesJean_Sun_25,2025-11-06 17:01:14,Avant Insiders,73862,instagram,story,photo,Edition;JamesJean_Sun_25,403,372,0,,0,0,,403,19,326,7,0.12655087,,18381354718199451
JamesJean_Sun_25,2025-11-06 17:00:55,Avant Insiders,73862,instagram,story,photo,Edition;JamesJean_Sun_25,496,435,0,,0,0,,496,39,318,7,0.26612905,,17865236433499162
JamesJean_Sun_25,2025-11-06 17:00:01,Avant Arte,13602,twitter,post,photo,Edition;JamesJean_Sun_25,268,,24,2,1,0,,,,,,,,1986478692542083314
JamesJean_Sun_25,2025-11-06 16:59:46,Avant Arte,2853367,instagram,story,photo,Edition;JamesJean_Sun_25,6640,6170,2,,2,0,,6640,549,5419,64,0.091566265,,18079738043028684
JamesJean_Sun_25,2025-11-06 16:59:34,Avant Arte,2853367,instagram,story,photo,Edition;JamesJean_Sun_25,6878,6418,2,,2,0,,6878,264,5813,97,0.10235534,,18092547415895512
JamesJean_Sun_25,2025-11-06 16:59:16,Avant Arte,2853367,instagram,story,photo,Edition;JamesJean_Sun_25,7745,7030,2,,2,0,,7745,450,5849,113,0.17211103,,17900398827311836
Katharina_TL_25,2025-11-06 14:00:51,Avant Arte,2853242,instagram,story,photo,Edition;Katharina_TL_25,12472,10608,0,,0,0,,12472,1009,6271,81,0.40979794,,17946888366059230
Katharina_TL_25,2025-11-06 14:00:01,Avant Arte,2853242,instagram,post,carousel,Edition;Katharina_TL_25,198793,51292,3118,2775,20,113,188,198793,,,,,,17929322079011455
Katharina_TL_25,2025-11-06 14:00:00,Avant Arte,13601,twitter,post,photo,Edition;Katharina_TL_25,274,,17,3,2,0,,,,,,,,1986433389327765676
JoakimOja_LE_25,2025-11-04 18:00:00,Avant Arte,13596,twitter,post,photo,Edition;JoakimOja_LE_25,244,,22,3,0,1,,,,,,,,1985769010064212012
JoakimOja_LE_25,2025-11-04 17:03:21,Avant Arte,2852476,instagram,story,photo,Edition;JoakimOja_LE_25,14411,12608,0,,0,1,,14411,1607,8407,92,0.29873013,,18068711330063739
JamesJean_Sun_25,2025-11-04 17:01:10,Avant Insiders,73865,instagram,story,photo,Edition;JamesJean_Sun_25,459,403,0,,0,0,,459,40,352,11,0.12200436,,18118139671549248
JamesJean_Sun_25,2025-11-04 17:01:02,Avant Insiders,73865,instagram,story,photo,Edition;JamesJean_Sun_25,496,423,0,,0,0,,496,25,372,19,0.16129032,,18537794818049272
JamesJean_Sun_25,2025-11-04 17:00:48,Avant Insiders,73865,instagram,story,photo,Edition;JamesJean_Sun_25,604,518,0,,0,0,,604,53,361,2,0.3112583,,17854856760514175
JamesJean_Sun_25,2025-11-04 17:00:12,Avant Arte,2852476,instagram,collaboration,reel,Edition;JamesJean_Sun_25,140137,96016,2482,2192,22,87,181,140137,,,,,140137,18090556405730824
JamesJean_Sun_25,2025-11-04 17:00:01,Avant Arte,13595,twitter,post,photo,Edition;JamesJean_Sun_25,286,,20,4,0,0,,,,,,,,1985753913057001897
JamesJean_Sun_25,2025-11-04 17:00:00,Avant Insiders,73865,instagram,post,carousel,Edition;JamesJean_Sun_25,5182,1648,94,84,0,7,3,5182,,,,,,18113140411568079
AiWeiwei_LE_25,2025-11-03 14:04:18,Avant Insiders,73873,instagram,story,photo,AiWeiwei_LE_25;Edition,560,486,0,,0,0,,560,57,410,12,0.14464286,,17973454781946250
AiWeiwei_LE_25,2025-11-03 14:04:13,Avant Insiders,73873,instagram,story,photo,AiWeiwei_LE_25;Edition,692,575,0,,0,0,,692,61,421,10,0.28901735,,17975169794949625
AiWeiwei_LE_25,2025-11-03 14:04:02,Avant Arte,2852175,instagram,story,photo,AiWeiwei_LE_25;Edition,10100,9015,1,,1,0,,10100,722,8054,281,0.10326733,,18057407384250708
AiWeiwei_LE_25,2025-11-03 14:03:54,Avant Arte,2852175,instagram,story,photo,AiWeiwei_LE_25;Edition,11129,9890,0,,0,1,,11129,696,8427,214,0.16102076,,18538330630013774
AiWeiwei_LE_25,2025-11-03 14:00:28,Avant Insiders,73874,instagram,post,carousel,AiWeiwei_LE_25;Edition,4152,1267,72,62,0,5,5,4152,,,,,,18044084051680838
KeitaMor_TL_25,2025-11-03 10:00:09,Avant Arte,2852169,instagram,story,photo,Edition;KeitaMor_TL_25,15445,13448,1,,1,3,,15445,1541,9112,142,0.3010683,,17907537789356822
KeitaMor_TL_25,2025-11-03 10:00:02,Avant Arte,13592,twitter,post,photo,Edition;KeitaMor_TL_25,356,,43,4,0,1,,,,,,,,1985285836800200926
JamesJean_Sun_25,2025-10-31 17:02:08,Avant Arte,2851566,instagram,story,photo,Edition;JamesJean_Sun_25,8280,7682,0,,0,0,,8280,571,6827,87,0.09601449,,18097557175624533
JamesJean_Sun_25,2025-10-31 17:01:39,Avant Arte,2851566,instagram,story,photo,Edition;JamesJean_Sun_25,8744,8182,0,,0,0,,8744,407,7203,117,0.116308324,,18136323445456327
JamesJean_Sun_25,2025-10-31 17:00:54,Avant Arte,2851566,instagram,story,photo,Edition;JamesJean_Sun_25,10597,9603,1,,1,0,,10597,655,7207,158,0.24318203,,18179227495346594
JamesJean_Sun_25,2025-10-31 17:00:02,Avant Insiders,73875,instagram,story,photo,Edition;JamesJean_Sun_25,583,483,0,,0,0,,583,63,387,12,0.20754717,,18061525031393973
JamesJean_Sun_25,2025-10-31 17:00:00,Avant Arte,2851566,instagram,post,carousel,Edition;JamesJean_Sun_25,133595,38216,1022,890,11,44,74,133595,,,,,,18116094727550527
JamesJean_Sun_25,2025-10-31 16:59:31,Avant Insiders,73875,instagram,post,carousel,Edition;JamesJean_Sun_25,5738,1723,100,91,1,4,4,5738,,,,,,17871995322375370
HarmoniaR_Two_25,2025-10-31 09:05:59,Avant Insiders,73873,instagram,story,photo,Edition;HarmoniaR_Two_25,527,464,0,,0,0,,527,39,372,7,0.20683111,,17846574318595931
HarmoniaR_Two_25,2025-10-31 09:03:13,Avant Arte,2851448,instagram,story,photo,Edition;HarmoniaR_Two_25,9805,8706,1,,1,0,,9805,786,5876,76,0.3127996,,17903626794273912
HarmoniaR_Two_25,2025-10-30 17:07:47,Avant Insiders,73866,instagram,story,photo,Edition;HarmoniaR_Two_25,411,371,0,,0,0,,411,34,332,12,0.08029197,,18016357169790640
HarmoniaR_Two_25,2025-10-30 17:07:41,Avant Insiders,73866,instagram,story,photo,Edition;HarmoniaR_Two_25,432,383,0,,0,0,,432,18,351,21,0.097222224,,18105803710619823
HarmoniaR_Two_25,2025-10-30 17:06:07,Avant Arte,2851124,instagram,story,photo,Edition;HarmoniaR_Two_25,6554,5969,0,,0,0,,6554,394,5434,132,0.09063168,,18060170162432416
HarmoniaR_Two_25,2025-10-30 17:05:48,Avant Arte,2851124,instagram,story,photo,Edition;HarmoniaR_Two_25,6804,6197,0,,0,0,,6804,213,5814,146,0.09273957,,17864076642499018
CindySher_TL_25,2025-10-30 17:04:09,Avant Insiders,73866,instagram,story,photo,CindySher_TL_25;Edition,492,413,0,,0,0,,492,26,356,21,0.18089432,,17851961421574661
CindySher_TL_25,2025-10-30 17:03:20,Avant Insiders,73875,instagram,post,carousel,CindySher_TL_25;Edition,4774,1364,44,41,1,1,0,4774,,,,,,18090591130884654
CindySher_TL_25,2025-10-30 17:02:01,Avant Arte,2851124,instagram,story,photo,CindySher_TL_25;Edition,7950,7066,2,,2,1,,7950,458,5937,104,0.18251573,,18189073834336400
CindySher_TL_25,2025-10-30 17:00:26,Avant Arte,2851124,instagram,post,carousel,CindySher_TL_25;Edition,134151,37394,910,803,6,50,49,134151,,,,,,17960613993005785
CindySher_TL_25,2025-10-30 17:00:00,Avant Arte,13600,twitter,post,photo,CindySher_TL_25;Edition,306,,25,3,0,1,,,,,,,,1983941973355491605
HarmoniaR_Two_25,2025-10-29 17:07:43,Avant Arte,13604,twitter,post,photo,Edition;HarmoniaR_Two_25,289,,34,4,0,1,,,,,,,,1983581523849670669
HarmoniaR_Two_25,2025-10-29 17:02:28,Avant Insiders,73842,instagram,story,photo,Edition;HarmoniaR_Two_25,510,403,0,,0,0,,510,54,343,13,0.19607843,,18539069290021543
HarmoniaR_Two_25,2025-10-29 17:01:09,Avant Arte,2850725,instagram,story,photo,Edition;HarmoniaR_Two_25,5449,4597,2,,2,0,,5449,408,4442,89,0.093595155,,17959634253007087
HarmoniaR_Two_25,2025-10-29 17:01:02,Avant Arte,2850725,instagram,story,photo,Edition;HarmoniaR_Two_25,5546,4724,0,,0,0,,5546,196,4747,69,0.09628561,,18317686492173028
HarmoniaR_Two_25,2025-10-29 17:00:42,Avant Arte,2850725,instagram,story,photo,Edition;HarmoniaR_Two_25,6032,5204,0,,0,0,,6032,269,4767,65,0.1543435,,18293697595261273
HarmoniaR_Two_25,2025-10-29 17:00:01,Avant Arte,13603,twitter,post,photo,Edition;HarmoniaR_Two_25,86,,0,0,0,0,,,,,,,,1983579589713809478
HarmoniaR_Two_25,2025-10-29 17:00:00,Avant Insiders,73842,instagram,post,carousel,Edition;HarmoniaR_Two_25,4921,1630,64,55,0,6,2,4921,,,,,,18087718936903713
HarmoniaR_Two_25,2025-10-29 16:59:47,Avant Arte,2850725,instagram,post,carousel,Edition;HarmoniaR_Two_25,124571,38540,1058,970,10,22,54,124571,,,,,,17916696438206828
AlexKatz_H2_25,2025-10-29 14:59:41,Avant Insiders,73843,instagram,story,video,AlexKatz_H2_25;Edition,10,390,0,,0,0,,10,32,355,15,0,,18333095665234715
AlexKatz_H2_25,2025-10-29 14:59:22,Avant Arte,2850685,instagram,story,video,AlexKatz_H2_25;Edition;Make-Ready,165,5569,1,,1,1,,165,459,5128,73,0,,18110521729595247
AlexKatz_H2_25,2025-10-29 14:03:29,Avant Insiders,73843,instagram,story,photo,AlexKatz_H2_25;Edition,8,435,0,,0,0,,8,35,377,19,0,,18092452702879705
AlexKatz_H2_25,2025-10-29 14:03:15,Avant Insiders,73843,instagram,story,photo,AlexKatz_H2_25;Edition,10,492,0,,0,0,,10,69,374,16,0,,18080310695477235
AlexKatz_H2_25,2025-10-29 14:02:13,Avant Arte,2850676,instagram,story,photo,AlexKatz_H2_25;Edition,100,9714,1,,1,0,,100,363,5863,129,0,,17845837617597210
AlexKatz_H2_25,2025-10-29 14:01:08,Avant Arte,2850676,instagram,story,photo,AlexKatz_H2_25;Edition,162,13737,0,,0,1,,162,757,5856,72,0,,17967436457967417
AlexKatz_H2_25,2025-10-29 14:00:15,Avant Arte,2850676,instagram,collaboration,reel,AlexKatz_H2_25;Edition;Make-Ready,101631,72112,1527,1261,9,106,151,101631,,,,,101631,18040600058704930
Judy_Triptych_25,2025-10-27 17:02:18,Avant Insiders,73837,instagram,story,photo,Edition;Judy_Triptych_25,947,789,0,,0,1,,947,114,514,13,0.32312566,,18090339151907706
Judy_Triptych_25,2025-10-27 17:00:57,Avant Arte,2850016,instagram,story,photo,Edition;Judy_Triptych_25,16211,14259,1,,1,2,,16211,1852,9790,109,0.27512184,,18063788732132368
Judy_Triptych_25,2025-10-27 17:00:03,Avant Arte,2850016,instagram,post,carousel,Edition;Judy_Triptych_25,101754,27813,602,552,7,15,28,101754,,,,,,18065581496622332
Judy_Triptych_25,2025-10-27 17:00:00,Avant Arte,13608,twitter,post,photo,Edition;Judy_Triptych_25,385,,44,7,0,0,,,,,,,,1982854808534167984
Judy_Triptych_25,2025-10-27 17:00:00,Avant Insiders,73837,instagram,post,reel,Edition;Judy_Triptych_25,2866,2085,69,56,2,9,2,2866,,,,,2866,17901396261297275
JamesJean_Sun_25,2025-10-24 17:02:26,Avant Arte,2848907,instagram,story,photo,Edition;JamesJean_Sun_25,8537,7647,0,,0,0,,8537,754,6778,144,0.100855105,,18108838441524915
JamesJean_Sun_25,2025-10-24 17:01:36,Avant Arte,2848907,instagram,story,photo,Edition;JamesJean_Sun_25,9852,8864,0,,0,0,,9852,623,7136,127,0.19955339,,17911307097233538
JamesJean_Sun_25,2025-10-24 17:00:08,Avant Arte,2848907,instagram,collaboration,carousel,Edition;JamesJean_Sun_25,336270,73027,6124,5541,41,142,371,336270,,,,,,18124201381444955
SirJoanC_TL_25,2025-10-24 08:55:09,Avant Insiders,73846,instagram,story,video,Edition;SirJoanC_TL_25,485,404,0,,0,0,,485,56,351,6,0.14845361,,18193732042323498
SirJoanC_TL_25,2025-10-24 08:54:48,Avant Insiders,73846,instagram,story,photo,Edition;SirJoanC_TL_25,540,464,0,,0,0,,540,36,386,8,0.2037037,,17935211862096812
SirJoanC_TL_25,2025-10-24 08:53:44,Avant Arte,2848583,instagram,story,video,Edition;SirJoanC_TL_25,6903,6277,0,,0,1,,6903,527,5398,133,0.12241054,,18379279762195052
SirJoanC_TL_25,2025-10-24 08:53:26,Avant Arte,2848583,instagram,story,photo,Edition;SirJoanC_TL_25,8339,7443,0,,0,0,,8339,567,5577,103,0.25086942,,18389633578130568
MaurizioC_Rev_25,2025-10-23 17:00:19,Avant Insiders,73848,instagram,story,photo,Edition;MaurizioC_Rev_25,629,497,1,,1,1,,629,76,385,27,0.22416534,,18080407061018244
MaurizioC_Rev_25,2025-10-23 16:59:51,Avant Arte,2848137,instagram,story,photo,Edition;MaurizioC_Rev_25,8979,7928,0,,0,1,,8979,878,6192,169,0.1937855,,17929501197138050
MaurizioC_Rev_25,2025-10-23 16:59:15,Avant Arte,2848137,instagram,post,carousel,Edition;MaurizioC_Rev_25,217651,65743,1794,1563,25,104,95,217651,,,,,,18081208496000105
SirJoanC_TL_25,2025-10-23 11:05:08,Avant Arte,13610,twitter,post,photo,Edition;SirJoanC_TL_25,329,,30,2,0,0,,,,,,,,1981315952361799939
SirJoanC_TL_25,2025-10-23 12:02:57,Avant Insiders,73850,instagram,story,video,Edition;SirJoanC_TL_25,670,531,0,,0,1,,670,81,380,15,0.28955224,,18077007776172919
SirJoanC_TL_25,2025-10-23 12:01:54,Avant Insiders,73848,instagram,post,carousel,Edition;SirJoanC_TL_25,3867,1074,34,32,0,0,2,3867,,,,,,17917540158198665
SirJoanC_TL_25,2025-10-23 12:00:43,Avant Arte,2847856,instagram,story,video,Edition;SirJoanC_TL_25,9140,8145,1,,1,0,,9140,995,5694,100,0.257221,,17967383789968729
SirJoanC_TL_25,2025-10-23 11:00:01,Avant Arte,13610,twitter,post,photo,Edition;SirJoanC_TL_25,89,,12,2,0,0,,,,,,,,1981314663762792502
SirJoanC_TL_25,2025-10-23 11:59:56,Avant Arte,2847856,instagram,post,carousel,Edition;SirJoanC_TL_25,112757,31733,693,570,5,63,51,112757,,,,,,18320261146244963
AlexKatz_H2_25,2025-10-22 17:40:55,Avant Arte,2846645,instagram,story,video,AlexKatz_H2_25;Edition,7399,6571,0,,0,2,,7399,785,5641,125,0.11461008,,18100995958726900
AlexKatz_H2_25,2025-10-22 17:00:20,Avant Arte,2846542,instagram,story,photo,AlexKatz_H2_25;Edition,7886,7088,0,,0,0,,7886,405,6382,259,0.10651788,,17964511217988382
AlexKatz_H2_25,2025-10-22 17:00:04,Avant Arte,2846542,instagram,story,photo,AlexKatz_H2_25;Edition,8861,7684,0,,0,0,,8861,476,6590,223,0.17740661,,17950600053023660
AlexKatz_H2_25,2025-10-22 17:00:00,Avant Arte,2846542,instagram,post,reel,AlexKatz_H2_25;Edition;Reel,149071,104292,9377,6861,48,1075,1392,149071,,,,,149071,17927139582077418
AiWeiwei_LE_25,2025-10-22 14:02:02,Avant Insiders,73843,instagram,story,photo,AiWeiwei_LE_25;Edition,717,592,0,,0,0,,717,100,420,5,0.26778242,,17863838787493540
AiWeiwei_LE_25,2025-10-22 14:00:34,Avant Arte,2846215,instagram,story,photo,AiWeiwei_LE_25;Edition,13556,11625,1,,1,6,,13556,1342,7712,115,0.32362053,,18374376220148800
AiWeiwei_LE_25,2025-10-22 13:00:02,Avant Arte,13603,twitter,post,photo,AiWeiwei_LE_25;Edition,262,,17,5,0,0,,,,,,,,1980982478300147735
AiWeiwei_LE_25,2025-10-22 14:00:00,Avant Insiders,73852,instagram,post,reel,AiWeiwei_LE_25;Edition,3510,2338,125,98,0,15,12,3510,,,,,3510,17929755708000763
AiWeiwei_LE_25,2025-10-22 13:59:41,Avant Arte,2846215,instagram,post,carousel,AiWeiwei_LE_25;Edition,115880,31096,1013,907,6,44,49,115880,,,,,,18096619492783654
JamesJean_Sun_25,2025-10-20 17:03:31,Avant Insiders,73848,instagram,story,photo,Edition;JamesJean_Sun_25,551,475,0,,0,0,,551,58,419,23,0.09255898,,18070839953257753
JamesJean_Sun_25,2025-10-20 17:02:55,Avant Insiders,73848,instagram,story,photo,Edition;JamesJean_Sun_25,598,499,0,,0,0,,598,34,470,34,0.10033445,,18063301481136482
JamesJean_Sun_25,2025-10-20 17:02:43,Avant Insiders,73848,instagram,story,photo,Edition;JamesJean_Sun_25,662,542,0,,0,0,,662,38,472,13,0.20996979,,18510382573065899
JamesJean_Sun_25,2025-10-20 17:02:10,Avant Insiders,73848,instagram,post,carousel,Edition;JamesJean_Sun_25,14059,7731,234,182,6,20,22,14059,,,,,,18054357125295215
JamesJean_Sun_25,2025-10-20 17:00:59,Avant Arte,2845090,instagram,story,video,Edition;JamesJean_Sun_25,6159,5611,1,,1,0,,6159,547,4943,76,0.096281864,,18096694066687078
JamesJean_Sun_25,2025-10-20 17:00:20,Avant Arte,2845090,instagram,story,video,Edition;JamesJean_Sun_25,6348,5778,1,,1,0,,6348,231,5402,122,0.093415245,,18030015026717425
JamesJean_Sun_25,2025-10-20 17:00:13,Avant Arte,2845090,instagram,story,photo,Edition;JamesJean_Sun_25,6703,6056,1,,1,0,,6703,242,5568,142,0.11203939,,18076032893164926
JamesJean_Sun_25,2025-10-20 16:00:01,Avant Arte,13599,twitter,post,photo,Edition;JamesJean_Sun_25,358,,51,8,0,0,,,,,,,,1980302999458361847
JamesJean_Sun_25,2025-10-20 16:59:55,Avant Arte,2845090,instagram,story,photo,Edition;JamesJean_Sun_25,7910,6930,1,,1,1,,7910,465,5488,103,0.23438685,,18184114390341098
JamesJean_Sun_25,2025-10-20 16:59:18,Avant Arte,2845090,instagram,post,carousel,Edition;JamesJean_Sun_25,136115,40061,1265,1091,20,69,79,136115,,,,,,17849899794575606
AhmedMat_Magnet_25,2025-10-20 10:02:34,Avant Insiders,73854,instagram,story,photo,AhmedMat_Magnet_25;Edition,654,546,0,,0,0,,654,62,483,15,0.1437309,,18538025443039954
AhmedMat_Magnet_25,2025-10-20 10:01:46,Avant Insiders,73854,instagram,story,photo,AhmedMat_Magnet_25;Edition,757,638,0,,0,0,,757,74,483,8,0.25363275,,17944311650935316
AhmedMat_Magnet_25,2025-10-20 10:00:19,Avant Arte,2844925,instagram,story,photo,AhmedMat_Magnet_25;Edition,10567,9165,0,,0,0,,10567,659,7576,267,0.1954197,,18288632185260678
AhmedMat_Magnet_25,2025-10-20 10:00:00,Avant Arte,2844925,instagram,story,photo,AhmedMat_Magnet_25;Edition,14055,12066,0,,0,1,,14055,1000,7689,105,0.3743152,,17908616115253173
SirJoanC_TL_25,2025-10-17 12:07:45,Avant Arte,2841407,instagram,post,carousel,Edition;SirJoanC_TL_25,157233,32973,841,608,4,154,71,157233,,,,,,18063508973122747
SirJoanC_TL_25,2025-10-17 12:00:02,Avant Arte,2841407,instagram,story,video,Edition;SirJoanC_TL_25,14548,12241,1,,1,2,,14548,1315,9375,212,0.25061864,,17928194886107515
CindySher_TL_25,2025-10-16 17:00:10,Avant Arte,2841116,instagram,story,photo,CindySher_TL_25;Edition,13897,11880,3,,3,5,,13897,1673,7763,103,0.31359285,,18526558735059744
CindySher_TL_25,2025-10-16 16:00:01,Avant Arte,13598,twitter,post,photo,CindySher_TL_25;Edition,313,,18,4,1,0,,,,,,,,1978853445487808696
CindySher_TL_25,2025-10-16 17:00:00,Avant Arte,2841116,instagram,post,carousel,CindySher_TL_25;Edition,527105,180549,11398,10178,39,438,679,527105,,,,,,17974054412947995
HarmoniaR_Two_25,2025-10-15 17:01:13,Avant Arte,2840425,instagram,story,photo,Edition;HarmoniaR_Two_25,6904,6137,0,,0,0,,6904,582,5451,134,0.10674971,,18093330133870576
HarmoniaR_Two_25,2025-10-15 17:00:58,Avant Arte,2840425,instagram,story,photo,Edition;HarmoniaR_Two_25,7504,6695,0,,0,0,,7504,381,5886,165,0.14285715,,17856703731540164
HarmoniaR_Two_25,2025-10-15 17:00:00,Avant Arte,2840425,instagram,post,carousel,Edition;HarmoniaR_Two_25,304061,95896,8047,7070,25,374,481,304061,,,,,,18082934867063359
Judy_Triptych_25,2025-10-15 16:00:13,Avant Arte,2840395,instagram,story,photo,Edition;Judy_Triptych_25,10379,8653,2,,2,0,,10379,981,6132,74,0.30754408,,18108924097573664
JudyChica_TL_25,2025-10-15 15:00:01,Avant Arte,13594,twitter,post,photo,Edition;JudyChica_TL_25,212,,12,1,0,0,,,,,,,,1978475957947097165
AlexKatz_H2_25,2025-10-14 17:02:36,Avant Arte,2839997,instagram,story,photo,AlexKatz_H2_25;Edition,18835,15790,0,,0,4,,18835,1554,7409,73,0.52025485,,17859163908530310
AlexKatz_H2_25,2025-10-14 16:59:43,Avant Arte,2839997,instagram,collaboration,carousel,AlexKatz_H2_25;Edition,225491,57938,1049,831,15,79,116,225491,,,,,,17936798675964083
MaurizioC_Rev_25,2025-10-13 17:00:02,Avant Arte,2839448,instagram,story,photo,Edition;MaurizioC_Rev_25,22226,19057,1,,1,3,,22226,1816,15961,546,0.17560515,,18089622199894459
MaurizioC_Rev_25,2025-10-13 17:00:00,Avant Arte,2839448,instagram,post,reel,Edition;MaurizioC_Rev_25,143297,98967,7461,4859,54,1573,975,143297,,,,,143297,18058435838199612
AiWeiwei_LE_25,2025-10-13 14:00:27,Avant Arte,2839355,instagram,story,photo,AiWeiwei_LE_25;Edition,23622,20142,1,,1,5,,23622,2066,15229,203,0.25924987,,18028442960741777
AiWeiwei_LE_25,2025-10-13 13:00:01,Avant Arte,13598,twitter,post,photo,AiWeiwei_LE_25;Edition,2816,,143,36,1,4,,,,,,,,1977720982916710406
SirJoanC_TL_25,2025-10-10 12:01:51,Avant Insiders,73876,instagram,story,video,Edition;SirJoanC_TL_25,681,530,0,,0,0,,681,86,343,18,0.34361234,,18347871205167516
SirJoanC_TL_25,2025-10-10 12:00:03,Avant Arte,2837533,instagram,story,video,Edition;SirJoanC_TL_25,9605,8196,0,,0,4,,9605,1247,5364,126,0.29859447,,18320305678210209
SirJoanC_TL_25,2025-10-10 11:00:01,Avant Arte,13598,twitter,post,video,Edition;SirJoanC_TL_25,283,,37,3,1,0,,,,,,,87,1976603622893916510
SirJoanC_TL_25,2025-10-10 12:00:00,Avant Insiders,73875,instagram,post,carousel,Edition;SirJoanC_TL_25,8087,2535,143,108,0,21,12,8087,,,,,,17979653849918285
SirJoanC_TL_25,2025-10-10 12:00:00,Avant Arte,2837533,instagram,post,carousel,Edition;SirJoanC_TL_25,210649,66933,2679,1979,9,457,208,210649,,,,,,17969575733800052
HarmoniaR_Two_25,2025-10-09 17:01:58,Avant Insiders,73876,instagram,story,photo,Edition;HarmoniaR_Two_25,510,429,0,,0,0,,510,60,370,20,0.11764706,,18329104189238307
HarmoniaR_Two_25,2025-10-09 17:01:25,Avant Insiders,73876,instagram,story,photo,Edition;HarmoniaR_Two_25,605,526,0,,0,0,,605,51,396,6,0.25123966,,18294932317270886
HarmoniaR_Two_25,2025-10-09 17:00:16,Avant Arte,2837029,instagram,story,photo,Edition;HarmoniaR_Two_25,10111,9219,0,,0,0,,10111,857,7860,207,0.11739689,,18525576130013453
HarmoniaR_Two_25,2025-10-09 17:00:01,Avant Arte,2837029,instagram,story,photo,Edition;HarmoniaR_Two_25,13014,11724,2,,2,0,,13014,1007,8185,101,0.28592286,,18083934214938163
HarmoniaR_Two_25,2025-10-09 16:00:00,Avant Arte,13598,twitter,post,photo,Edition;HarmoniaR_Two_25,309,,29,4,1,0,,,,,,,,1976316726213070949
HarmoniaR_Two_25,2025-10-09 17:00:00,Avant Insiders,73876,instagram,post,carousel,Edition;HarmoniaR_Two_25,6000,1912,79,69,2,2,6,6000,,,,,,18108419836603564
HarmoniaR_Two_25,2025-10-09 17:00:00,Avant Arte,2837029,instagram,post,carousel,Edition;HarmoniaR_Two_25,131075,37137,1206,1066,9,51,74,131075,,,,,,18093630979793660
AhmedMat_Magnet_25,2025-10-07 10:30:29,Avant Arte,2835893,instagram,story,video,AhmedMat_Magnet_25;Edition,11717,10167,0,,0,0,,11717,994,8919,133,0.14261329,,18080070788065355
AhmedMat_Magnet_25,2025-10-07 10:02:18,Avant Insiders,73868,instagram,story,photo,AhmedMat_Magnet_25;Edition,632,515,0,,0,0,,632,81,414,46,0.14398734,,18160029163391453
AhmedMat_Magnet_25,2025-10-07 10:02:04,Avant Insiders,73868,instagram,story,photo,AhmedMat_Magnet_25;Edition,769,608,0,,0,0,,769,87,474,10,0.25747725,,18187013245332451
AhmedMat_Magnet_25,2025-10-07 10:01:03,Avant Arte,2835882,instagram,story,photo,AhmedMat_Magnet_25;Edition,10902,10061,0,,0,0,,10902,486,9071,263,0.09924784,,17994513410838011
AhmedMat_Magnet_25,2025-10-07 10:00:47,Avant Arte,2835882,instagram,story,photo,AhmedMat_Magnet_25;Edition,13837,12233,1,,1,0,,13837,899,8995,171,0.27260244,,18081867193968959
AhmedMat_Magnet_25,2025-10-07 10:00:11,Avant Arte,2835882,instagram,collaboration,reel,AhmedMat_Magnet_25;Edition;Reel,1772429,1359234,147728,84823,633,45630,16636,1772429,,,,,1772429,18080654119984488
JamesJean_Sun_25,2025-10-06 16:01:28,Avant Arte,13591,twitter,post,video,Edition;JamesJean_Sun_25,1066,,41,7,1,1,,,,,,,202,1975229930872193137
JamesJean_Sun_25,2025-10-06 17:00:16,Avant Arte,2835934,instagram,story,photo,Edition;JamesJean_Sun_25,15246,13172,5,,5,3,,15246,1613,9033,114,0.2942411,,18059171723173531
JamesJean_Sun_25,2025-10-06 16:00:01,Avant Arte,13591,twitter,post,video,Edition;JamesJean_Sun_25,46,,0,0,0,0,,,,,,,123,1975229566445846615
MaurizioC_Rev_25,2025-10-05 16:47:59,Avant Arte,2835861,instagram,story,photo,Edition;MaurizioC_Rev_25,22459,18675,1,,1,7,,22459,2278,13488,207,0.2887929,,18001928762661160
MaurizioC_Rev_25,2025-10-04 17:01:16,Avant Arte,2835657,instagram,story,photo,Edition;MaurizioC_Rev_25,63330,53865,6,,6,13,,63330,5146,38938,681,0.293147,,18092440621697163
MaurizioC_Rev_25,2025-10-03 17:07:51,Avant Arte,2835354,instagram,story,photo,Edition;MaurizioC_Rev_25,27621,23130,2,,2,13,,27621,2659,16929,238,0.28221282,,18084712427505830
MaurizioC_Rev_25,2025-10-02 17:02:23,Avant Arte,2835019,instagram,story,photo,Edition;MaurizioC_Rev_25,11079,9367,4,,4,2,,11079,1073,8299,217,0.13448867,,18081805297950798
HarmoniaR_Two_25,2025-10-02 17:00:26,Avant Arte,2835019,instagram,story,photo,Edition;HarmoniaR_Two_25,11856,10346,0,,0,0,,11856,681,8965,213,0.16843793,,18076340333032022
HarmoniaR_Two_25,2025-10-02 17:00:00,Avant Arte,2835019,instagram,post,carousel,Edition;HarmoniaR_Two_25,535250,222595,27729,22784,393,2633,1520,535250,,,,,,17927778023997797
SirJoanC_TL_25,2025-10-02 11:02:38,Avant Arte,13603,twitter,post,photo,Edition;SirJoanC_TL_25,425,,100,8,1,0,,,,,,,,1973705178579951939
SirJoanC_TL_25,2025-10-02 11:00:01,Avant Arte,13603,twitter,post,photo,Edition;SirJoanC_TL_25,83,,11,1,0,0,,,,,,,,1973704519558267214
SirJoanC_TL_25,2025-10-02 12:00:01,Avant Arte,2835124,instagram,story,photo,Edition;SirJoanC_TL_25,10762,9168,0,,0,2,,10762,1123,6847,116,0.24865267,,17903763042257573
SirJoanC_TL_25,2025-10-02 12:00:00,Avant Arte,2835124,instagram,post,carousel,Edition;SirJoanC_TL_25,971886,403235,18594,14241,37,2918,1293,971886,,,,,,18068674094258315
AlexKatz_H2_25,2025-10-01 17:02:58,Avant Insiders,73876,instagram,story,photo,AlexKatz_H2_25;Edition,642,513,0,,0,0,,642,66,437,51,0.13707165,,17855641710478641
AlexKatz_H2_25,2025-10-01 17:02:54,Avant Insiders,73876,instagram,story,photo,AlexKatz_H2_25;Edition,735,592,0,,0,1,,735,71,473,10,0.2462585,,17974620803937712
AlexKatz_H2_25,2025-10-01 17:01:51,Avant Arte,2834878,instagram,story,photo,AlexKatz_H2_25;Edition,11025,9547,0,,0,0,,11025,866,8634,304,0.1107483,,17944210917064091
AlexKatz_H2_25,2025-10-01 17:01:09,Avant Arte,2834878,instagram,story,photo,AlexKatz_H2_25;Edition,14304,12247,1,,1,2,,14304,1117,8966,94,0.2885207,,17914970736198751
AlexKatz_H2_25,2025-10-01 17:00:09,Avant Arte,2834878,instagram,collaboration,carousel,AlexKatz_H2_25;Edition,206904,56733,1328,1170,16,57,80,206904,,,,,,18296878306269280
AlexKatz_H2_25,2025-10-01 16:00:02,Avant Arte,13599,twitter,post,photo,AlexKatz_H2_25;Edition,326,,33,4,1,0,,,,,,,,1973417633773998395
AlexKatz_H2_25,2025-10-01 17:00:00,Avant Insiders,73876,instagram,post,carousel,AlexKatz_H2_25;Edition,8116,2164,115,102,2,6,5,8116,,,,,,18103234309542487
MaurizioC_Rev_25,2025-09-30 17:00:01,Avant Arte,2834779,instagram,story,photo,Edition;MaurizioC_Rev_25,21205,17506,6,,6,9,,21205,2442,12188,167,0.30219287,,17927059554107155
MaurizioC_Rev_25,2025-09-30 17:00:00,Avant Arte,2834779,instagram,post,carousel,Edition;MaurizioC_Rev_25,248986,84306,1876,1522,41,193,113,248986,,,,,,18096006670673766
TomoKazum_Shaped_25,2025-09-29 21:17:31,Avant Insiders,73878,instagram,story,photo,Edition;TomoKazum_Shaped_25,982,772,0,,0,0,,982,143,579,35,0.22912423,,18107466178568873
HarlandMi_Qu_25,2025-09-29 14:02:42,Avant Arte,2834674,instagram,story,photo,Edition;HarlandMi_Qu_25,10526,9488,1,,1,0,,10526,914,8143,256,0.11523846,,17845323615564891
HarlandMi_Qu_25,2025-09-29 14:01:14,Avant Insiders,73878,instagram,story,photo,Edition;HarlandMi_Qu_25,744,596,0,,0,0,,744,67,526,51,0.13440861,,17897836653163529
HarlandMi_Qu_25,2025-09-29 14:01:06,Avant Insiders,73878,instagram,story,photo,Edition;HarlandMi_Qu_25,812,661,0,,0,0,,812,76,495,18,0.27463055,,18078295174839915
HarlandMi_Qu_25,2025-09-29 14:00:08,Avant Arte,2834674,instagram,story,photo,Edition;HarlandMi_Qu_25,13158,11676,0,,0,1,,13158,1001,8472,106,0.27200183,,18096605050663154
TomoKazum_Shaped_25,2025-09-28 17:08:41,Avant Insiders,73880,instagram,story,photo,Edition;TomoKazum_Shaped_25,2808,2249,0,,0,0,,2808,182,1010,21,0.5680199,,18107486992582130
TomoKazum_Shaped_25,2025-09-28 17:07:34,Avant Arte,2834517,instagram,story,photo,Edition;TomoKazum_Shaped_25,17501,15038,1,,1,1,,17501,1757,9039,102,0.37729272,,17964334316822324
TomoKazum_Shaped_25,2025-09-28 17:07:07,Avant Arte,2834517,instagram,collaboration,reel,Edition;TomoKazum_Shaped_25,64406,47716,1343,1109,4,80,150,64406,,,,,64406,18203033266311657
TomoKazum_Shaped_25,2025-09-24 17:00:25,Avant Arte,2833387,instagram,story,photo,Edition;TomoKazum_Shaped_25,15713,13146,1,,1,0,,15713,1827,9288,108,0.28575066,,18058773056145148
MaurizioC_Rev_25,2025-09-23 17:43:12,Avant Arte,13607,twitter,post,photo,Edition;MaurizioC_Rev_25,1229,,184,22,1,2,,85,,,,,,1970544492546605325
MaurizioC_Rev_25,2025-09-23 17:00:58,Avant Insiders,73888,instagram,story,photo,Edition;MaurizioC_Rev_25,815,642,0,,0,0,,815,116,415,8,0.33865032,,17861265018496239
MaurizioC_Rev_25,2025-09-23 16:00:01,Avant Arte,13609,twitter,post,photo,Edition;MaurizioC_Rev_25,101,,13,0,0,0,,,,,,,,1970518524666728495
MaurizioC_Rev_25,2025-09-23 17:00:01,Avant Arte,2833462,instagram,story,photo,Edition;MaurizioC_Rev_25,15647,13426,7,,7,3,,15647,1898,9042,116,0.29341087,,17961532358833826
MaurizioC_Rev_25,2025-09-23 17:00:00,Avant Insiders,73888,instagram,post,carousel,Edition;MaurizioC_Rev_25,10864,2670,141,117,1,15,7,10864,,,,,,18057571949428761
MaurizioC_Rev_25,2025-09-23 17:00:00,Avant Arte,2833462,instagram,post,carousel,Edition;MaurizioC_Rev_25,211004,81231,2671,2178,47,239,189,211004,,,,,,18097542760729388
GlennBrow_Two_25,2025-09-22 14:02:44,Avant Arte,2833290,instagram,story,photo,Edition;GlennBrow_Two_25,8850,7727,0,,0,2,,8850,780,7060,111,0.10158192,,18185628208334277
GlennBrow_Two_25,2025-09-22 14:02:28,Avant Arte,2833290,instagram,story,photo,Edition;GlennBrow_Two_25,9848,8504,0,,0,0,,9848,602,7459,159,0.16531275,,18075024956279331
GlennBrow_Two_25,2025-09-22 14:01:39,Avant Insiders,73888,instagram,story,photo,Edition;GlennBrow_Two_25,404,360,0,,0,0,,404,47,306,9,0.103960395,,17959848881843485
GlennBrow_Two_25,2025-09-22 14:01:34,Avant Insiders,73888,instagram,story,photo,Edition;GlennBrow_Two_25,426,377,0,,0,0,,426,27,340,18,0.096244134,,17981113010857877
HarlandMi_Qu_25,2025-09-22 14:00:07,Avant Insiders,73888,instagram,story,photo,Edition;HarlandMi_Qu_25,448,384,0,,0,0,,448,19,365,16,0.10714286,,18092529961705573
GlennBrow_Two_25,2025-09-22 13:00:02,Avant Arte,13606,twitter,post,photo,Edition;GlennBrow_Two_25,291,,12,6,1,0,,3,,,,,,1970110842000548036
HarlandMi_Qu_25,2025-09-22 14:00:01,Avant Insiders,73888,instagram,story,photo,Edition;HarlandMi_Qu_25,476,410,1,,1,0,,476,32,348,15,0.17016807,,18060985013104133
HarlandMi_Qu_25,2025-09-22 14:00:00,Avant Insiders,73887,instagram,post,carousel,Edition;HarlandMi_Qu_25,7924,1867,67,62,0,1,2,7924,,,,,,18025994165733811
AhmedMat_Magnet_25,2025-09-22 10:01:48,Avant Insiders,73886,instagram,story,photo,AhmedMat_Magnet_25;Edition,549,456,0,,0,0,,549,41,401,36,0.12932605,,18096409528659080
AhmedMat_Magnet_25,2025-09-22 10:01:30,Avant Insiders,73886,instagram,story,photo,AhmedMat_Magnet_25;Edition,669,546,0,,0,0,,669,57,413,5,0.28998506,,18075966404103766
AhmedMat_Magnet_25,2025-09-22 10:00:15,Avant Arte,2833254,instagram,story,photo,AhmedMat_Magnet_25;Edition,10673,9442,0,,0,0,,10673,735,8282,313,0.12583154,,18316376071246896
AhmedMat_Magnet_25,2025-09-22 10:00:06,Avant Arte,2833254,instagram,story,photo,AhmedMat_Magnet_25;Edition,14087,12481,0,,0,0,,14087,1128,8328,95,0.321999,,17884355610377068
AhmedMat_Magnet_25,2025-09-22 09:00:01,Avant Arte,13607,twitter,post,photo,AhmedMat_Magnet_25;Edition,317,,16,3,0,0,,10,,,,,,1970050442525622346
AhmedMat_Magnet_25,2025-09-22 10:00:00,Avant Insiders,73886,instagram,post,carousel,AhmedMat_Magnet_25;Edition,8617,2696,102,90,1,7,3,8617,,,,,,18072021986172970
AhmedMat_Magnet_25,2025-09-22 10:00:00,Avant Arte,2833254,instagram,post,carousel,AhmedMat_Magnet_25;Edition,413609,125198,9261,7605,74,648,808,413609,,,,,,18339358228166370
AlexKatz_H2_25,2025-09-19 17:00:09,Avant Arte,2832042,instagram,story,photo,AlexKatz_H2_25;Edition,8700,7593,0,,0,0,,8700,901,6169,79,0.17827587,,17883448866372814
AlexKatz_H2_25,2025-09-19 16:00:01,Avant Arte,13609,twitter,post,photo,AlexKatz_H2_25;Edition,282,,25,3,0,0,,9,,,,,,1969068973955158486
GlennBrow_Two_25,2025-09-19 14:05:19,Avant Insiders,73888,instagram,story,photo,Edition;GlennBrow_Two_25,447,378,0,,0,0,,447,66,318,18,0.10067114,,18171620593358290
GlennBrow_Two_25,2025-09-19 14:04:59,Avant Insiders,73888,instagram,story,photo,Edition;GlennBrow_Two_25,470,403,0,,0,0,,470,29,349,14,0.16595745,,17905672440249647
GlennBrow_Two_25,2025-09-19 14:03:31,Avant Arte,2831976,instagram,story,photo,Edition;GlennBrow_Two_25,6545,6036,0,,0,0,,6545,376,5420,83,0.101757064,,17929896626987145
GlennBrow_Two_25,2025-09-19 14:03:04,Avant Arte,2831976,instagram,story,photo,Edition;GlennBrow_Two_25,7391,6722,2,,2,0,,7391,457,5483,94,0.18360168,,18093482458667412
GlennBrow_Two_25,2025-09-19 13:00:03,Avant Arte,13609,twitter,post,photo,Edition;GlennBrow_Two_25,310,,13,4,1,0,,7,,,,,,1969023682547704097
GlennBrow_Two_25,2025-09-19 14:00:00,Avant Insiders,73887,instagram,post,carousel,Edition;GlennBrow_Two_25,5923,1368,43,38,1,0,4,5923,,,,,,18054967622566041
GlennBrow_Two_25,2025-09-19 14:00:00,Avant Arte,2831976,instagram,post,carousel,Edition;GlennBrow_Two_25,139306,37039,1297,1209,8,14,60,139306,,,,,,18077254403082805
CleonPeter_Timed_25,2025-09-19 09:01:02,Avant Insiders,73887,instagram,story,photo,CleonPeter_Timed_25;Edition,1140,928,0,,0,0,,1140,56,308,13,0.66929823,,18174863038345971
CleonPeter_Timed_25,2025-09-19 09:00:07,Avant Arte,2831931,instagram,story,photo,CleonPeter_Timed_25;Edition,9772,8168,0,,0,0,,9772,867,5194,81,0.3714695,,18089467891818532
CleonPeter_Timed_25,2025-09-19 08:00:00,Avant Arte,13609,twitter,post,photo,CleonPeter_Timed_25;Edition,346,,29,6,0,0,,6,,,,,,1968948174384492671
CleonPeter_Timed_25,2025-09-18 17:02:05,Avant Insiders,73884,instagram,story,photo,CleonPeter_Timed_25;Edition,1296,1133,0,,0,0,,1296,56,325,15,0.6944444,,18530209315060346
CleonPeter_Timed_25,2025-09-18 17:01:49,Avant Insiders,73884,instagram,story,photo,CleonPeter_Timed_25;Edition,1392,1184,0,,0,0,,1392,68,342,3,0.7033046,,17962513925994358
CleonPeter_Timed_25,2025-09-18 17:00:40,Avant Arte,2831680,instagram,story,photo,CleonPeter_Timed_25;Edition,9834,8774,0,,0,0,,9834,714,6965,147,0.20418955,,18083375977922361
CleonPeter_Timed_25,2025-09-18 17:00:33,Avant Arte,2831680,instagram,story,photo,CleonPeter_Timed_25;Edition,12688,10984,1,,1,0,,12688,940,7224,98,0.34883353,,18070300685465457
CleonPeter_Timed_25,2025-09-18 16:00:01,Avant Arte,13616,twitter,post,photo,CleonPeter_Timed_25;Edition,310,,16,5,1,0,,1,,,,,,1968706586165260483
CleonPeter_Timed_25,2025-09-17 17:01:55,Avant Insiders,73890,instagram,story,photo,CleonPeter_Timed_25;Edition,508,436,0,,0,0,,508,75,345,21,0.13188976,,18190162876319308
CleonPeter_Timed_25,2025-09-17 17:01:18,Avant Insiders,73890,instagram,story,photo,CleonPeter_Timed_25;Edition,635,533,0,,0,0,,635,65,379,6,0.2913386,,17951655426009718
CleonPeter_Timed_25,2025-09-17 17:00:07,Avant Arte,2831553,instagram,story,photo,CleonPeter_Timed_25;Edition,11442,10402,2,,2,2,,11442,963,7736,159,0.22583464,,17859157383499934
CleonPeter_Timed_25,2025-09-17 16:00:00,Avant Arte,13619,twitter,post,photo,CleonPeter_Timed_25;Edition,295,,24,1,0,0,,6,,,,,,1968344193526571268
CleonPeter_Timed_25,2025-09-17 17:00:00,Avant Arte,2831553,instagram,post,carousel,CleonPeter_Timed_25;Edition,132893,34278,1591,1417,12,47,102,132893,,,,,,18020204522573454
CleonPeter_Timed_25,2025-09-17 17:00:00,Avant Insiders,73890,instagram,post,carousel,CleonPeter_Timed_25;Edition,6279,1512,64,57,2,1,4,6279,,,,,,17989914095703914
CleonPeter_Timed_25,2025-09-17 17:00:00,Avant Arte,2831553,instagram,story,photo,CleonPeter_Timed_25;Edition,14682,12780,1,,1,0,,14682,1079,8237,84,0.35976025,,18010209830622611
GlennBrow_Two_25,2025-09-16 14:02:43,Avant Insiders,73897,instagram,story,photo,Edition;GlennBrow_Two_25,535,486,0,,0,1,,535,70,380,11,0.13831776,,18104590885590116
GlennBrow_Two_25,2025-09-16 14:02:35,Avant Insiders,73897,instagram,story,photo,Edition;GlennBrow_Two_25,658,572,0,,0,0,,658,53,417,9,0.27203646,,18087937171667635
GlennBrow_Two_25,2025-09-16 14:01:26,Avant Arte,2831157,instagram,story,photo,Edition;GlennBrow_Two_25,7826,7205,0,,0,0,,7826,700,6249,99,0.09941222,,18051458012268925
GlennBrow_Two_25,2025-09-16 14:01:15,Avant Arte,2831157,instagram,story,photo,Edition;GlennBrow_Two_25,8659,7878,0,,0,0,,8659,570,6558,145,0.16006467,,17902754643259447
GlennBrow_Two_25,2025-09-16 14:00:20,Avant Arte,2831157,instagram,collaboration,carousel,Edition;GlennBrow_Two_25,133996,32849,855,786,5,20,39,133996,,,,,,18094071481672556
GlennBrow_Two_25,2025-09-16 13:00:03,Avant Arte,13621,twitter,post,photo,Edition;GlennBrow_Two_25,471,,24,3,0,0,,11,,,,,,1967936518619640105
GlennBrow_Two_25,2025-09-16 14:00:00,Avant Insiders,73898,instagram,post,carousel,Edition;GlennBrow_Two_25,4895,1049,35,34,0,0,1,4895,,,,,,18061383116090998
GlennBrow_Two_25,2025-09-16 10:00:01,Avant Arte,2831097,instagram,story,photo,Edition;GlennBrow_Two_25,10164,9112,1,,1,1,,10164,1085,6470,95,0.24734357,,18354555817094624
TomoKazum_Shaped_25,2025-09-15 17:04:32,Avant Arte,2830729,instagram,story,video,Edition;TomoKazum_Shaped_25,14224,12505,2,,2,0,,14224,1357,9531,326,0.21161418,,18079692967985012
TomoKazum_Shaped_25,2025-09-15 17:01:44,Avant Arte,2830729,instagram,collaboration,reel,Edition;TomoKazum_Shaped_25,65121,45527,987,904,5,15,63,65121,,,,,65121,18024758357735249
MaurizioC_Rev_25,2025-09-15 14:00:13,Avant Arte,2830821,instagram,story,photo,Edition;MaurizioC_Rev_25,23316,19799,2,,2,7,,23316,2207,14116,198,0.29143077,,18183745876334736
AhmedMat_Magnet_25,2025-09-12 10:00:06,Avant Arte,2827770,instagram,story,photo,AhmedMat_Magnet_25;Edition,12692,11041,0,,0,2,,12692,1446,6992,121,0.3256382,,18040841660409044
AhmedMat_Magnet_25,2025-09-12 09:00:02,Avant Arte,13625,twitter,post,photo,AhmedMat_Magnet_25;Edition,385,,28,3,0,0,,20,,,,,,1966426565618684292
HarlandMi_Qu_25,2025-09-11 14:00:01,Avant Arte,2827053,instagram,story,photo,Edition;HarlandMi_Qu_25,14622,12818,1,,1,0,,14622,1677,8732,116,0.28019422,,18155288338383809
HarlandMi_Qu_25,2025-09-11 14:00:00,Avant Arte,2827053,instagram,post,reel,Edition;HarlandMi_Qu_25,46268,32289,811,643,11,74,83,46268,,,,,46268,18353286421090898
GlennBrow_Two_25,2025-09-10 14:02:07,Avant Insiders,73894,instagram,story,photo,Edition;GlennBrow_Two_25,497,456,0,,0,0,,497,69,353,15,0.12072434,,18076129007484407
GlennBrow_Two_25,2025-09-10 14:01:46,Avant Insiders,73894,instagram,story,photo,Edition;GlennBrow_Two_25,608,541,0,,0,0,,608,59,379,10,0.2631579,,18135430663448570
GlennBrow_Two_25,2025-09-10 14:00:46,Avant Arte,2826538,instagram,story,photo,Edition;GlennBrow_Two_25,10891,10119,1,,1,0,,10891,991,8579,134,0.108989075,,18100511356719629
GlennBrow_Two_25,2025-09-10 14:00:02,Avant Arte,2826538,instagram,story,photo,Edition;GlennBrow_Two_25,13628,12319,1,,1,0,,13628,1112,8863,121,0.2591723,,18079795249767985
GlennBrow_Two_25,2025-09-10 14:00:00,Avant Insiders,73897,instagram,post,carousel,Edition;GlennBrow_Two_25,4948,1177,41,34,0,6,1,4948,,,,,,18075626921484196
GlennBrow_Two_25,2025-09-10 14:00:00,Avant Arte,2826538,instagram,post,carousel,Edition;GlennBrow_Two_25,115761,24903,673,633,1,8,26,115761,,,,,,18075424235014961
TomoKazum_Shaped_25,2025-09-09 17:02:12,Avant Insiders,73885,instagram,story,photo,Edition;TomoKazum_Shaped_25,1916,1466,0,,0,2,,1916,127,408,8,0.7165971,,18058935794575063
TomoKazum_Shaped_25,2025-09-09 17:01:03,Avant Arte,2826191,instagram,story,photo,Edition;TomoKazum_Shaped_25,13449,11403,2,,2,0,,13449,1456,6668,88,0.389397,,18090238057750433
TomoKazum_Shaped_25,2025-09-09 17:00:05,Avant Arte,2826191,instagram,collaboration,carousel,Edition;TomoKazum_Shaped_25,145142,31061,911,845,5,23,35,145142,,,,,,18062316758458827
TomoKazum_Shaped_25,2025-09-09 16:00:02,Avant Arte,13618,twitter,post,photo,Edition;TomoKazum_Shaped_25,302,,23,3,1,1,,15,,,,,,1965445097291723067
TomoKazum_Shaped_25,2025-09-09 17:00:00,Avant Insiders,73885,instagram,post,carousel,Edition;TomoKazum_Shaped_25,6100,1543,81,75,1,3,2,6100,,,,,,18531066934063265
CleonPeter_Timed_25,2025-09-04 17:00:10,Avant Arte,2823167,instagram,story,photo,CleonPeter_Timed_25;Edition,13490,12185,0,,0,0,,13490,1036,8918,263,0.24262416,,17898796455270479
CleonPeter_Timed_25,2025-09-04 17:00:02,Avant Arte,2823167,instagram,story,photo,CleonPeter_Timed_25;Edition,17202,15261,0,,0,0,,17202,1171,9453,127,0.37501454,,17940116928058565
GlennBrow_Two_25,2025-09-03 14:00:02,Avant Arte,13613,twitter,post,photo,Edition;GlennBrow_Two_25,285,,19,1,1,0,,8,,,,,,1963240572787056917
GlennBrow_Two_25,2025-09-03 14:00:52,Avant Insiders,73814,instagram,story,photo,Edition;GlennBrow_Two_25,838,711,0,,0,0,,838,104,479,10,0.29236278,,18479948698075538
AiWeiwei_NVase_25,2025-09-03 13:00:03,Avant Arte,13614,twitter,post,photo,AiWeiwei_NVase_25;Edition,3337,,211,13,1,3,,109,,,,,,1963225476182188466
GlennBrow_Two_25,2025-09-03 14:00:00,Avant Insiders,73815,instagram,post,carousel,Edition;GlennBrow_Two_25,4124,1039,33,32,0,0,1,4124,,,,,,18000914429815211
GlennBrow_Two_25,2025-09-03 14:00:00,Avant Arte,2822341,instagram,post,carousel,Edition;GlennBrow_Two_25,114332,26155,735,684,8,15,25,114332,,,,,,18002356907804829
GlennBrow_Two_25,2025-09-03 14:00:00,Avant Arte,2822341,instagram,story,photo,Edition;GlennBrow_Two_25,13014,11638,0,,0,0,,13014,1248,9608,230,0.14814815,,18058032338387509
AiWeiwei_NVase_25,2025-09-03 11:00:02,Avant Arte,2822303,instagram,story,photo,AiWeiwei_NVase_25;Edition,16299,14693,0,,0,4,,16299,1584,10008,123,0.28124425,,18120187444497705
AiWeiwei_NVase_25,2025-09-03 11:00:00,Avant Arte,2822303,instagram,post,carousel,AiWeiwei_NVase_25;Edition,113225,27256,576,538,6,15,16,113225,,,,,,18051726455553283
,2025-09-02 10:08:52,Avant Insiders,73825,instagram,story,photo,Edition;Inspiration,740,601,0,,0,0,,740,102,435,6,0.26621622,,18323324788239055
KukwonWoo_Rep_25,2025-09-02 10:07:32,Avant Arte,2822436,instagram,story,photo,Edition;KukwonWoo_Rep_25,11070,9849,0,,0,0,,11070,1448,6719,98,0.25338754,,18050614034263874
KukwonWoo_Rep_25,2025-09-02 09:00:00,Avant Arte,13626,twitter,post,photo,Edition;KukwonWoo_Rep_25,371,,39,5,1,2,,17,,,,,,1962802679635472409
KukwonWoo_Rep_25,2025-09-02 10:00:00,Avant Insiders,73825,instagram,post,carousel,Edition;KukwonWoo_Rep_25,5661,1516,76,67,0,4,5,5661,,,,,,17977741121870051
KukwonWoo_Rep_25,2025-09-02 10:00:00,Avant Arte,2822436,instagram,post,carousel,Edition;KukwonWoo_Rep_25,139692,36272,1486,1339,4,41,94,139692,,,,,,17986271159851984
AiWeiwei_NVase_25,2025-09-01 14:00:55,Avant Insiders,73829,instagram,story,photo,AiWeiwei_NVase_25;Edition,847,720,0,,0,0,,847,117,496,8,0.2668241,,18521712148018615
AiWeiwei_NVase_25,2025-09-01 14:00:06,Avant Arte,2822628,instagram,story,photo,AiWeiwei_NVase_25;Edition,15859,13991,0,,0,0,,15859,1719,9363,124,0.29339808,,18076834348990906
HarlandMi_Qu_25,2025-08-29 13:06:41,Avant Arte,13625,twitter,post,photo,Edition;HarlandMi_Qu_25,333,,46,4,2,0,,13,,,,,,1961415208024383975
HarlandMi_Qu_25,2025-08-29 14:01:53,Avant Insiders,73828,instagram,story,photo,Edition;HarlandMi_Qu_25,780,620,0,,0,1,,780,122,441,17,0.25641027,,17955440687868347
HarlandMi_Qu_25,2025-08-29 14:01:40,Avant Insiders,73830,instagram,post,carousel,Edition;HarlandMi_Qu_25,8727,2855,147,117,4,18,8,8727,,,,,,18098536030622670
HarlandMi_Qu_25,2025-08-29 14:00:46,Avant Arte,2822587,instagram,story,photo,Edition;HarlandMi_Qu_25,14429,12787,0,,0,1,,14429,1593,8881,144,0.26412088,,17982860093894359
HarlandMi_Qu_25,2025-08-29 14:00:13,Avant Arte,2822587,instagram,post,carousel,Edition;HarlandMi_Qu_25,150558,44201,915,772,8,54,79,150558,,,,,,18167806147317813
AiWeiwei_NVase_25,2025-08-28 18:05:04,Avant Arte,2822539,instagram,story,photo,AiWeiwei_NVase_25;Edition,19239,16830,0,,0,1,,19239,1426,14985,362,0.12817714,,17895783243293665
AiWeiwei_NVase_25,2025-08-28 18:04:04,Avant Arte,2822539,instagram,story,photo,AiWeiwei_NVase_25;Edition,23622,20961,0,,0,1,,23622,1667,15332,238,0.27029887,,18089502181697381
AiWeiwei_NVase_25,2025-08-28 18:01:54,Avant Insiders,73821,instagram,story,photo,AiWeiwei_NVase_25;Edition,756,647,0,,0,1,,756,105,444,14,0.25529101,,17894875389166697
AiWeiwei_NVase_25,2025-08-28 14:16:18,Avant Arte,13625,twitter,post,photo,AiWeiwei_NVase_25;Edition,484,,105,6,0,1,,35,,,,,,1961070339594539479
AiWeiwei_NVase_25,2025-08-28 14:00:53,Avant Arte,13625,twitter,post,photo,AiWeiwei_NVase_25;Edition,,,,0,0,0,,,,,,,,1961066460718965181
AiWeiwei_NVase_25,2025-08-28 14:07:29,Avant Insiders,73826,instagram,story,photo,AiWeiwei_NVase_25;Edition,395,322,0,,0,0,,395,62,212,4,0.29620254,,17957531615842281
AiWeiwei_NVase_25,2025-08-28 14:05:36,Avant Arte,2822630,instagram,story,photo,AiWeiwei_NVase_25;Edition,6415,5531,1,,1,0,,6415,545,4874,125,0.13577552,,17907125940232014
AiWeiwei_NVase_25,2025-08-28 14:05:03,Avant Arte,2822630,instagram,story,photo,AiWeiwei_NVase_25;Edition,8180,6897,1,,1,0,,8180,605,5147,70,0.28826407,,18079431901940404
AiWeiwei_NVase_25,2025-08-28 14:00:00,Avant Insiders,73821,instagram,post,carousel,AiWeiwei_NVase_25;Edition,4874,1347,33,32,0,0,1,4874,,,,,,17880692211265079
AiWeiwei_NVase_25,2025-08-28 14:00:00,Avant Arte,2822630,instagram,post,carousel,AiWeiwei_NVase_25;Edition,156653,44086,1018,932,13,30,40,156653,,,,,,18091918996709247
Eniwamura_Neojomon_25,2025-08-26 12:02:00,Avant Insiders,73832,instagram,story,photo,Edition;Eniwamura_Neojomon_25,738,646,1,,1,1,,738,63,554,42,0.10704607,,18123376687485157
Eniwamura_Neojomon_25,2025-08-26 12:01:37,Avant Insiders,73832,instagram,story,photo,Edition;Eniwamura_Neojomon_25,891,764,1,,1,0,,891,71,595,9,0.24242425,,18050271554262922
Eniwamura_Neojomon_25,2025-08-26 12:00:38,Avant Arte,2822064,instagram,story,photo,Edition;Eniwamura_Neojomon_25,14541,13056,1,,1,0,,14541,1075,11636,418,0.097104736,,18069767957165220
Eniwamura_Neojomon_25,2025-08-26 12:00:01,Avant Arte,2822064,instagram,story,photo,Edition;Eniwamura_Neojomon_25,19412,17378,1,,1,7,,19412,1646,12161,159,0.28054813,,17944699233021269
CleonPeter_Timed_25,2025-08-19 17:02:22,Avant Insiders,73825,instagram,story,photo,CleonPeter_Timed_25;Edition,4588,3455,0,,0,0,,4588,111,473,33,0.86551875,,18151703485379670
CleonPeter_Timed_25,2025-08-19 17:01:44,Avant Insiders,73825,instagram,story,photo,CleonPeter_Timed_25;Edition,5122,3927,0,,0,0,,5122,74,544,9,0.8775869,,18283314574281730
CleonPeter_Timed_25,2025-08-19 17:00:37,Avant Arte,2820350,instagram,story,photo,CleonPeter_Timed_25;Edition,14841,12483,0,,0,0,,14841,886,8895,314,0.31978977,,18072713843107514
CleonPeter_Timed_25,2025-08-19 17:00:07,Avant Arte,2820350,instagram,story,photo,CleonPeter_Timed_25;Edition,12462,10886,0,,0,0,,12462,677,9669,306,0.14524153,,18147655834400786
CleonPeter_Timed_25,2025-08-19 16:00:01,Avant Arte,13617,twitter,post,photo,CleonPeter_Timed_25;Edition,784,,39,7,0,0,,12,,,,,,1957834948255314080
CleonPeter_Timed_25,2025-08-19 17:00:00,Avant Insiders,73825,instagram,post,carousel,CleonPeter_Timed_25;Edition,6236,1628,125,112,1,3,9,6236,,,,,,18059203682366426
CleonPeter_Timed_25,2025-08-19 17:00:00,Avant Arte,2820350,instagram,post,carousel,CleonPeter_Timed_25;Edition,161115,48121,1823,1650,12,40,117,161115,,,,,,18098317930549047
AiWeiwei_NVase_25,2025-08-19 14:00:05,Avant Arte,2820484,instagram,story,photo,AiWeiwei_NVase_25;Edition,14729,12970,0,,0,0,,14729,1149,10268,337,0.20198248,,18302924917217236
AiWeiwei_NVase_25,2025-08-19 14:00:00,Avant Arte,2820484,instagram,post,reel,AiWeiwei_NVase_25;Edition,131533,93788,4552,3830,31,216,475,131533,,,,,131533,17859267873470629
KukwonWoo_Rep_25,2025-08-19 10:00:03,Avant Arte,2820517,instagram,story,photo,Edition;KukwonWoo_Rep_25,19859,17531,0,,0,0,,19859,1849,11590,154,0.31552446,,18093227587661591
HarlandMi_York_25,2025-08-15 16:00:05,Avant Arte,2819871,instagram,story,photo,Edition;HarlandMi_York_25,21499,19024,0,,0,0,,21499,1466,16905,667,0.11447044,,18053428172183866
HarlandMi_York_25,2025-08-15 15:00:00,Avant Arte,13615,twitter,post,photo,Edition;HarlandMi_York_25,323,,16,4,0,0,,4,,,,,,1956370295507636496
AiWeiwei_NVase_25,2025-08-15 15:14:52,Avant Insiders,73808,instagram,story,photo,AiWeiwei_NVase_25;Edition,919,772,0,,0,0,,919,111,548,12,0.26985854,,17871245820324931
AiWeiwei_NVase_25,2025-08-15 14:00:58,Avant Insiders,73808,instagram,story,photo,AiWeiwei_NVase_25;Edition,44,0,0,,0,0,,44,,,,,,18321472585233690
AiWeiwei_NVase_25,2025-08-15 13:00:03,Avant Arte,13614,twitter,post,photo,AiWeiwei_NVase_25;Edition,3660,,306,51,3,7,,129,,,,,,1956340107709173901
AiWeiwei_NVase_25,2025-08-15 14:00:01,Avant Arte,2819880,instagram,story,photo,AiWeiwei_NVase_25;Edition,26769,23993,0,,0,0,,26769,1989,17260,295,0.26990175,,18087702694750598
AiWeiwei_NVase_25,2025-08-15 14:00:00,Avant Insiders,73807,instagram,post,carousel,AiWeiwei_NVase_25;Edition,9216,2980,129,121,2,0,5,9216,,,,,,18139515742423968
AiWeiwei_NVase_25,2025-08-15 14:00:00,Avant Arte,2819880,instagram,post,carousel,AiWeiwei_NVase_25;Edition,165681,49980,1479,1337,38,19,78,165681,,,,,,18406106227115768
JohnsonTs_Rememb_25,2025-08-13 14:02:09,Avant Arte,2820030,instagram,story,photo,Edition;JohnsonTs_Rememb_25,12062,11516,0,,0,0,,12062,945,9858,205,0.08738186,,17919854790113016
JohnsonTs_Rememb_25,2025-08-13 14:01:19,Avant Arte,2820030,instagram,story,photo,Edition;JohnsonTs_Rememb_25,18547,17121,0,,0,0,,18547,1172,10172,133,0.38119373,,18519710488042371
Katherine_LE_25,2025-08-11 14:01:00,Avant Insiders,73827,instagram,story,photo,Edition;Katherine_LE_25,835,816,0,,0,0,,835,122,572,11,0.15568863,,18072545201286224
Katherine_LE_25,2025-08-11 14:00:08,Avant Arte,2820425,instagram,story,photo,Edition;Katherine_LE_25,15581,14240,0,,0,0,,15581,1655,7835,79,0.38585457,,17931228920960826
Katherine_LE_25,2025-08-11 14:00:00,Avant Arte,2820425,instagram,post,carousel,Edition;Katherine_LE_25,106284,35731,1032,951,7,15,56,106284,,,,,,18071839835082720
MaurizioC_Rev_25,2025-08-07 14:00:01,Avant Arte,2820527,instagram,story,photo,Edition;MaurizioC_Rev_25,27535,26416,0,,0,0,,27535,2887,19448,350,0.17613946,,18526140994033815
MaurizioC_Rev_25,2025-08-07 14:00:00,Avant Arte,2820527,instagram,post,carousel,Edition;MaurizioC_Rev_25,562850,338307,16949,15421,75,239,1146,562850,,,,,,18068775605167031
TomoKazum_Shaped_25,2025-08-06 17:46:44,Avant Arte,2820195,instagram,story,photo,Edition;TomoKazum_Shaped_25,13497,12938,0,,0,0,,13497,1354,10099,167,0.13906795,,17854851174489760
TomoKazum_Shaped_25,2025-08-06 17:00:09,Avant Arte,2820188,instagram,story,photo,Edition;TomoKazum_Shaped_25,701,363,0,,0,0,,701,81,255,,,,18013242689769185
GlennBrow_Two_25,2025-08-06 14:00:01,Avant Arte,2820305,instagram,story,photo,Edition;GlennBrow_Two_25,12921,12284,0,,0,0,,12921,1357,8858,144,0.19828187,,18074129015489155
CleonPeter_Timed_25,2025-08-05 17:00:02,Avant Arte,2820432,instagram,story,photo,CleonPeter_Timed_25;Edition,12719,11989,0,,0,0,,12719,1634,7768,98,0.25308594,,17990612744683615
Eniwamura_Neojomon_25,2025-08-01 12:37:13,Avant Insiders,73838,instagram,post,carousel,Edition;Eniwamura_Neojomon_25,4986,1436,77,73,1,0,3,4986,,,,,,18085522483629995
Eniwamura_Neojomon_25,2025-08-01 12:24:44,Avant Arte,2820649,instagram,post,carousel,Edition;Eniwamura_Neojomon_25,89770,38192,1130,1037,7,22,64,89770,,,,,,17854290093489545
Eniwamura_Neojomon_25,2025-08-01 12:14:29,Avant Insiders,73845,instagram,story,photo,Edition;Eniwamura_Neojomon_25,595,580,0,,0,0,,595,61,518,63,0,,18017917772557279
Eniwamura_Neojomon_25,2025-08-01 12:14:28,Avant Insiders,73845,instagram,story,photo,Edition;Eniwamura_Neojomon_25,730,706,0,,0,0,,730,68,532,9,0.16575342,,18048056294629780
Eniwamura_Neojomon_25,2025-08-01 12:11:06,Avant Arte,2820649,instagram,story,photo,Edition;Eniwamura_Neojomon_25,10537,10062,0,,0,0,,10537,828,8920,274,0.04887539,,18011055185785673
Eniwamura_Neojomon_25,2025-08-01 12:11:05,Avant Arte,2820649,instagram,story,photo,Edition;Eniwamura_Neojomon_25,14033,13348,0,,0,0,,14033,1165,9210,136,0.25097984,,17847528264502478
PietParra_Dip_25,2025-07-31 09:15:06,Avant Insiders,73855,instagram,story,photo,Edition;PietParra_Dip_25,517,502,0,,0,0,,517,75,362,4,0.14700194,,17863992567377336
PietParra_Dip_25,2025-07-31 09:14:00,Avant Arte,2820761,instagram,story,photo,Edition;PietParra_Dip_25,8925,8727,0,,0,0,,8925,1217,5936,65,0.1912605,,18048862667544583
PietParra_Dip_25,2025-07-30 15:10:41,Avant Insiders,73854,instagram,story,photo,Edition;PietParra_Dip_25,449,442,0,,0,0,,449,56,370,12,0.024498885,,18068113706175265
PietParra_Dip_25,2025-07-30 15:10:24,Avant Insiders,73854,instagram,story,photo,Edition;PietParra_Dip_25,542,521,0,,0,0,,542,57,384,3,0.18081181,,18064454624269012
PietParra_Dip_25,2025-07-30 15:08:17,Avant Arte,2820892,instagram,story,photo,Edition;PietParra_Dip_25,8987,8651,0,,0,0,,8987,808,7352,132,0.07733393,,17973593702877118
PietParra_Dip_25,2025-07-30 15:07:59,Avant Arte,2820892,instagram,story,photo,Edition;PietParra_Dip_25,11762,11241,0,,0,0,,11762,960,7617,80,0.26398572,,18179669851327184
PietParra_Dip_25,2025-07-30 15:00:00,Avant Insiders,73856,instagram,post,carousel,Edition;PietParra_Dip_25,5522,1735,95,85,2,2,6,5522,,,,,,18078318496906951
PietParra_Dip_25,2025-07-30 15:00:00,Avant Arte,2820892,instagram,post,carousel,Edition;PietParra_Dip_25,73843,27050,782,739,5,6,30,73843,,,,,,18036271583676070
Katherine_LE_25,2025-07-29 14:24:30,Avant Arte,2821128,instagram,story,video,Edition;Katherine_LE_25,9396,9175,0,,0,0,,9396,1371,5626,62,0.24872287,,18029737463702950
Katherine_LE_25,2025-07-29 14:21:02,Avant Arte,2821128,instagram,collaboration,reel,Edition;Katherine_LE_25,93743,63748,3167,2582,118,113,354,93743,,,,,93743,17909212635194315
JamesJarv_HangInThe_25,2025-07-28 12:55:56,Avant Arte,2821424,instagram,story,photo,Edition;JamesJarv_HangInThe_25,13297,12710,0,,0,0,,13297,1074,10580,244,0.105211705,,18075244885984711
AntonyMic_PE_25,2025-07-28 12:54:03,Avant Arte,2821424,instagram,story,photo,AntonyMic_PE_25;Edition,15816,15011,0,,0,0,,15816,1344,10609,151,0.23469904,,18049846133624464
CarrieMae_TL_25,2025-07-25 09:01:25,Avant Arte,2821532,instagram,story,photo,CarrieMae_TL_25;Edition,9867,9486,0,,0,0,,9867,746,8164,191,0.07763251,,18094624213623635
CarrieMae_TL_25,2025-07-25 09:00:53,Avant Arte,2821532,instagram,story,photo,CarrieMae_TL_25;Edition,10165,9817,0,,0,0,,10165,477,8686,154,0.08342351,,18047531777623369
CarrieMae_TL_25,2025-07-25 09:00:18,Avant Arte,2821532,instagram,story,photo,CarrieMae_TL_25;Edition,12360,11627,0,,0,0,,12360,930,8225,164,0.2460356,,18071280196845060
CarrieMae_TL_25,2025-07-24 17:00:03,Avant Arte,2821563,instagram,collaboration,carousel,CarrieMae_TL_25;Edition,107885,46740,981,939,4,12,26,107885,,,,,,17941832624907945
AiWeiwei_NVase_25,2025-07-24 14:00:03,Avant Arte,2821549,instagram,story,photo,AiWeiwei_NVase_25;Edition,14211,13534,0,,0,0,,14211,1822,9615,176,0.18281613,,17877281856372029
TomoKazum_Shaped_25,2025-07-23 17:30:01,Avant Arte,2821480,instagram,story,photo,Edition;TomoKazum_Shaped_25,6343,5805,0,,0,0,,6343,577,5265,85,0.06558411,,18365747083196543
CarrieMae_TL_25,2025-07-23 17:21:48,Avant Arte,2821476,instagram,story,photo,CarrieMae_TL_25;Edition,6182,5833,0,,0,0,,6182,280,5565,73,0.042704627,,18519560500048324
CarrieMae_TL_25,2025-07-23 17:00:54,Avant Arte,2821476,instagram,story,photo,CarrieMae_TL_25;Edition,7484,6830,0,,0,0,,7484,259,5757,126,0.17931588,,17914937283142945
CarrieMae_TL_25,2025-07-23 17:00:47,Avant Arte,2821476,instagram,story,photo,CarrieMae_TL_25;Edition,6741,6350,0,,0,0,,6741,280,5943,147,0.055036344,,18281420212258306
CarrieMae_TL_25,2025-07-23 17:00:23,Avant Arte,2821476,instagram,story,photo,CarrieMae_TL_25;Edition,7848,7265,0,,0,0,,7848,384,5974,130,0.17329256,,17905518375207286
CarrieMae_TL_25,2025-07-23 17:00:14,Avant Arte,2821476,instagram,story,video,CarrieMae_TL_25;Edition,9815,9146,0,,0,0,,9815,636,5628,79,0.35374427,,18071325998016204
CarrieMae_TL_25,2025-07-23 17:00:00,Avant Arte,2821476,instagram,post,carousel,CarrieMae_TL_25;Edition,116745,59761,3592,3328,10,90,164,116745,,,,,,17998719590643195
LucianFre_TL_25,2025-07-23 14:00:38,Avant Arte,2821559,instagram,story,photo,Edition;LucianFre_TL_25,4353,4163,0,,0,0,,4353,645,2600,19,0.2501723,,18018964391537624
LucianFre_TL_25,2025-07-23 14:00:04,Avant Arte,2821559,instagram,collaboration,carousel,Edition;LucianFre_TL_25,108506,53866,2776,2585,12,23,152,108506,,,,,,18304338946173378
PietParra_Dip_25,2025-07-21 15:00:17,Avant Arte,2821528,instagram,story,video,Edition;PietParra_Dip_25,9595,9090,0,,0,0,,9595,963,7676,149,0.084106304,,18043262897321354
Dominique_Limited_25,2025-07-21 14:02:22,Avant Arte,2821509,instagram,story,photo,Dominique_Limited_25;Edition,11253,10544,0,,0,0,,11253,525,8754,196,0.15800232,,17854424820479843
Dominique_Limited_25,2025-07-21 14:02:08,Avant Arte,2821509,instagram,story,photo,Dominique_Limited_25;Edition,12098,11402,0,,0,0,,12098,533,8969,204,0.19771864,,18046662167251933
LucianFre_TL_25,2025-07-21 14:00:07,Avant Arte,2821509,instagram,story,photo,Edition;LucianFre_TL_25,13924,13342,0,,0,0,,13924,1087,8919,108,0.27362826,,17964731546937758
CarrieMae_TL_25,2025-07-18 15:00:52,Avant Arte,2821306,instagram,post,reel,CarrieMae_TL_25;Edition,56263,38144,902,746,4,38,113,56263,,,,,56263,17942294964026826
AntonyMic_PE_25,2025-07-18 11:39:19,Avant Arte,2821276,instagram,story,video,AntonyMic_PE_25;Edition,8002,7667,0,,0,0,,8002,1298,4859,53,0.22394401,,18047941412226456
AntonyMic_PE_25,2025-07-18 11:33:30,Avant Arte,2821276,instagram,post,reel,AntonyMic_PE_25;Edition,76273,51787,1854,1509,23,47,275,76273,,,,,76273,17964079535794660
LucianFre_TL_25,2025-07-17 14:00:27,Avant Arte,2821238,instagram,story,photo,Edition;LucianFre_TL_25,10263,9665,0,,0,0,,10263,1478,6800,78,0.18581311,,17883861729338938
LucianFre_TL_25,2025-07-17 14:00:22,Avant Arte,2821238,instagram,collaboration,carousel,Edition;LucianFre_TL_25,99000,50835,2987,2764,11,39,168,99000,,,,,,18065666834153937
CarrieMae_TL_25,2025-07-16 17:22:12,Avant Arte,2821084,instagram,story,video,CarrieMae_TL_25;Edition,9492,8900,0,,0,0,,9492,1178,7325,108,0.092815004,,17870812902310856
CarrieMae_TL_25,2025-07-16 17:09:07,Avant Arte,2821084,instagram,post,reel,CarrieMae_TL_25;Edition,67721,47046,1743,1398,8,89,247,67721,,,,,67721,18035196950414373
Katherine_LE_25,2025-07-16 14:00:23,Avant Arte,2821032,instagram,post,carousel,Edition;Katherine_LE_25,73644,34178,1509,1395,7,24,82,73644,,,,,,18347271127093097
Katherine_LE_25,2025-07-16 14:00:09,Avant Arte,2821032,instagram,story,photo,Edition;Katherine_LE_25,13206,12384,0,,0,0,,13206,1516,8632,98,0.22414054,,17852771985447226
LucianFre_TL_25,2025-07-15 14:02:05,Avant Arte,2820837,instagram,collaboration,reel,Edition;LucianFre_TL_25,55120,38947,1387,1208,11,40,128,55120,,,,,55120,18055307012378424
LucianFre_TL_25,2025-07-15 14:00:46,Avant Arte,2820837,instagram,story,photo,Edition;LucianFre_TL_25,13681,13278,0,,0,0,,13681,1982,8661,101,0.21467729,,18513849865055331
JohnsonTs_Rememb_25,2025-07-14 10:11:12,Avant Insiders,73879,instagram,story,photo,Edition;JohnsonTs_Rememb_25,907,798,0,,0,0,,907,131,551,11,0.23594266,,17882465196220675
JohnsonTs_Rememb_25,2025-07-14 10:06:20,Avant Insiders,73881,instagram,post,carousel,Edition;JohnsonTs_Rememb_25,13430,7457,157,139,2,6,10,13430,,,,,,18109954843517152
JohnsonTs_Rememb_25,2025-07-14 10:00:38,Avant Arte,2820608,instagram,story,photo,Edition;JohnsonTs_Rememb_25,22116,21524,0,,0,0,,22116,2065,10918,108,0.4080756,,18109110982524590
JohnsonTs_Rememb_25,2025-07-14 10:00:10,Avant Arte,2820608,instagram,collaboration,reel,Edition;JohnsonTs_Rememb_25,70857,52320,1710,1543,17,53,101,70857,,,,,70857,17939417799042419
Dominique_Limited_25,2025-07-11 14:40:13,Avant Arte,2819901,instagram,story,photo,Dominique_Limited_25;Edition,8757,8345,0,,0,0,,8757,972,6953,75,0.08644513,,18036851606663246
CarrieMae_TL_25,2025-07-11 13:43:18,Avant Arte,2819897,instagram,story,video,CarrieMae_TL_25;Edition;JohnsonTs_Rememb_25,10107,9544,0,,0,0,,10107,1055,7082,86,0.18640547,,18094138045556778
ClaireSil_House_25,2025-07-10 17:00:42,Avant Insiders,73870,instagram,story,photo,ClaireSil_House_25;Edition,650,563,0,,0,0,,650,100,395,4,0.23230769,,17983029326836903
ClaireSil_House_25,2025-07-10 17:00:34,Avant Arte,2819827,instagram,story,photo,ClaireSil_House_25;Edition,12130,11458,0,,0,0,,12130,1536,7768,91,0.22547403,,18077793019927972
CarrieMae_TL_25,2025-07-10 16:55:08,Avant Arte,2819827,instagram,post,reel,CarrieMae_TL_25;Edition;Reel,57427,38626,865,680,7,49,130,57427,,,,,57427,18045572738267148
FelipePan_TL_25,2025-07-09 17:02:19,Avant Insiders,73868,instagram,story,photo,Edition;FelipePan_TL_25,661,564,0,,0,0,,661,102,386,3,0.25718608,,18069210167102827
FelipePan_TL_25,2025-07-09 17:02:10,Avant Arte,2819710,instagram,story,photo,Edition;FelipePan_TL_25,11118,10633,0,,0,0,,11118,1580,6684,72,0.25022486,,18099687898509235
PietParra_Dip_25,2025-07-08 15:02:13,Avant Insiders,73887,instagram,story,photo,Edition;PietParra_Dip_25,575,500,0,,0,0,,575,63,432,26,0.09391304,,18129805408447401
PietParra_Dip_25,2025-07-08 15:02:09,Avant Insiders,73887,instagram,story,photo,Edition;PietParra_Dip_25,603,535,0,,0,0,,603,37,489,20,0.094527364,,18520165378039520
PietParra_Dip_25,2025-07-08 15:02:04,Avant Insiders,73887,instagram,story,photo,Edition;PietParra_Dip_25,692,607,0,,0,0,,692,57,477,14,0.20809248,,18355617742158921
PietParra_Dip_25,2025-07-08 15:01:51,Avant Insiders,73874,instagram,post,carousel,Edition;PietParra_Dip_25,6339,2022,111,105,0,0,6,6339,,,,,,18056080943373007
PietParra_Dip_25,2025-07-08 15:00:47,Avant Arte,2819691,instagram,story,photo,Edition;PietParra_Dip_25,8942,8683,0,,0,0,,8942,752,7683,176,0.03701633,,17887768320299256
PietParra_Dip_25,2025-07-08 15:00:42,Avant Arte,2819691,instagram,story,photo,Edition;PietParra_Dip_25,9598,9215,0,,0,0,,9598,492,8215,186,0.0734528,,18011258189589972
PietParra_Dip_25,2025-07-08 15:00:32,Avant Arte,2819691,instagram,story,photo,Edition;PietParra_Dip_25,11847,11581,0,,0,0,,11847,892,7965,102,0.2437748,,18166810885359157
PietParra_Dip_25,2025-07-08 15:00:20,Avant Arte,2819691,instagram,post,carousel,Edition;PietParra_Dip_25,70025,32991,1158,1062,13,9,73,70025,,,,,,17858076828394025
FelipePan_TL_25,2025-07-07 17:00:48,Avant Insiders,73890,instagram,story,photo,Edition;FelipePan_TL_25,1121,964,0,,0,0,,1121,151,679,12,0.24888493,,17970423770761729
ClaireSil_House_25,2025-07-07 17:00:15,Avant Arte,2819673,instagram,story,photo,ClaireSil_House_25;Edition;PietParra_Dip_25,12784,12072,0,,0,0,,12784,1448,9932,310,0.08557572,,18002567624790419
YoonHyup_Summer_25,2025-07-07 14:00:13,Avant Arte,2819644,instagram,story,photo,Edition;YoonHyup_Summer_25,16606,15497,0,,0,0,,16606,1822,10977,126,0.22166687,,17867375196333785
CarrieMae_TL_25,2025-07-04 15:01:46,Avant Arte,2819366,instagram,collaboration,reel,CarrieMae_TL_25;Edition,157107,115052,7618,5638,38,701,1242,157107,,,,,157107,17909009478173630
FelipePan_TL_25,2025-07-03 17:01:26,Avant Insiders,73907,instagram,story,photo,Edition;FelipePan_TL_25,679,580,0,,0,0,,679,110,393,4,0.2533137,,18049355519397775
FelipePan_TL_25,2025-07-03 17:01:17,Avant Arte,2819214,instagram,story,photo,Edition;FelipePan_TL_25,13167,12852,0,,0,0,,13167,1866,8287,87,0.22229818,,18052690007112800
FelipePan_TL_25,2025-07-03 17:00:00,Avant Insiders,73907,instagram,post,carousel,Edition;FelipePan_TL_25,4863,1372,52,48,1,0,3,4863,,,,,,18163239454321076
FelipePan_TL_25,2025-07-03 17:00:00,Avant Arte,2819214,instagram,post,carousel,Edition;FelipePan_TL_25,63726,28935,658,601,10,6,41,63726,,,,,,17938309116041309
TomoKazum_Shaped_25,2025-07-02 17:00:43,Avant Arte,2819064,instagram,story,photo,Edition;TomoKazum_Shaped_25,11703,10524,0,,0,0,,11703,1316,9109,179,0.09390754,,18515752249053944
AntonyMic_PE_25,2025-07-02 14:01:42,Avant Insiders,73907,instagram,story,photo,AntonyMic_PE_25;Edition,822,685,0,,0,0,,822,103,528,50,0.17153284,,18407526631104101
AntonyMic_PE_25,2025-07-02 14:01:30,Avant Insiders,73908,instagram,post,carousel,AntonyMic_PE_25;Edition,7005,2344,111,105,1,0,5,7005,,,,,,18287900275269236
AntonyMic_PE_25,2025-07-02 14:00:18,Avant Arte,2819112,instagram,post,carousel,AntonyMic_PE_25;Edition,85703,45592,2364,2184,19,24,136,85703,,,,,,18069718343055911
AntonyMic_PE_25,2025-07-02 13:59:59,Avant Arte,2819112,instagram,story,photo,AntonyMic_PE_25;Edition,11108,10234,0,,0,0,,11108,941,8593,206,0.123154484,,18011219279751079
JamesJarv_HangInThe_25,2025-07-02 11:02:53,Avant Insiders,73908,instagram,story,photo,Edition;JamesJarv_HangInThe_25,995,779,0,,0,0,,995,92,611,24,0.26934674,,18046553441236234
JamesJarv_HangInThe_25,2025-07-02 11:02:20,Avant Arte,2819103,instagram,story,photo,Edition;JamesJarv_HangInThe_25,12388,11562,0,,0,0,,12388,1223,8469,147,0.20576364,,18147515611375829
JamesJarv_HangInThe_25,2025-07-02 11:00:00,Avant Insiders,73908,instagram,post,carousel,Edition;JamesJarv_HangInThe_25,6986,2228,103,98,0,0,4,6986,,,,,,18130383952440164
JamesJarv_HangInThe_25,2025-07-02 11:00:00,Avant Arte,2819103,instagram,post,carousel,Edition;JamesJarv_HangInThe_25,71932,32692,910,832,6,17,53,71932,,,,,,17892624495147501
LucianFre_TL_25,2025-07-01 14:07:55,Avant Insiders,73911,instagram,story,photo,Edition;LucianFre_TL_25,1205,1006,0,,0,0,,1205,130,708,22,0.28630707,,18049481210429979
LucianFre_TL_25,2025-07-01 14:06:39,Avant Arte,2819036,instagram,story,photo,Edition;LucianFre_TL_25,15832,14687,0,,0,0,,15832,1921,10896,130,0.18222587,,17846912292485176
LucianFre_TL_25,2025-07-01 14:01:58,Avant Insiders,73911,instagram,post,carousel,Edition;LucianFre_TL_25,6593,2255,134,120,1,1,11,6593,,,,,,18076312480924371
LucianFre_TL_25,2025-07-01 14:00:50,Avant Arte,2819036,instagram,collaboration,carousel,Edition;LucianFre_TL_25,85537,43479,2168,1960,16,27,163,85537,,,,,,18149504071377515
CarrieMae_TL_25,2025-06-30 18:02:31,Avant Insiders,73914,instagram,story,photo,CarrieMae_TL_25;Edition,1006,844,0,,0,0,,1006,147,551,5,0.30119285,,18110751961502169
CarrieMae_TL_25,2025-06-30 18:00:50,Avant Arte,2819102,instagram,story,video,CarrieMae_TL_25;Edition,16519,15210,0,,0,0,,16519,1641,12432,231,0.13408802,,17852700024435870
CarrieMae_TL_25,2025-06-30 18:00:16,Avant Arte,2819102,instagram,collaboration,carousel,CarrieMae_TL_25;Edition,185892,88504,6829,5715,56,372,681,185892,,,,,,17986752575834822
CarrieMae_TL_25,2025-06-30 18:00:00,Avant Insiders,73914,instagram,post,carousel,CarrieMae_TL_25;Edition,7005,2659,103,92,3,2,6,7005,,,,,,18037783892640590
Katherine_LE_25,2025-06-30 14:03:53,Avant Arte,2819097,instagram,story,photo,Edition;Katherine_LE_25,20533,19219,0,,0,0,,20533,2038,13884,171,0.21623728,,17858200422445827
JohnsonTs_Rememb_25,2025-06-27 16:00:49,Avant Arte,2819290,instagram,story,photo,Edition;JohnsonTs_Rememb_25,19376,18195,0,,0,0,,19376,1934,9493,98,0.405192,,17873444391374390
ClaireSil_House_25,2025-06-26 17:01:11,Avant Arte,2819251,instagram,post,reel,ClaireSil_House_25;Edition,55295,38818,1180,1040,9,16,115,55295,,,,,55295,18045956627247942
LeeUfan_From_25,2025-06-25 17:02:55,Avant Arte,2819283,instagram,story,photo,Edition;LeeUfan_From_25,14116,13751,0,,0,0,,14116,1869,9136,102,0.21316236,,17864373939417363
LeeUfan_From_25,2025-06-25 17:01:30,Avant Arte,2819283,instagram,collaboration,carousel,Edition;LeeUfan_From_25,133359,74796,2751,2479,14,20,234,133359,,,,,,17849914929490172
YoonHyup_Summer_25,2025-06-24 17:16:08,Avant Arte,2819222,instagram,story,photo,Edition;YoonHyup_Summer_25,13502,12678,0,,0,0,,13502,1237,10997,212,0.07821064,,18069349469062760
Dominique_Limited_25,2025-06-24 17:06:35,Avant Insiders,73911,instagram,story,photo,Dominique_Limited_25;Edition,1072,892,0,,0,0,,1072,149,605,8,0.28917912,,18042642233292222
Dominique_Limited_25,2025-06-24 17:05:25,Avant Insiders,73911,instagram,post,carousel,Dominique_Limited_25;Edition,10176,3624,242,220,5,1,16,10176,,,,,,18228049885294786
Dominique_Limited_25,2025-06-24 17:02:30,Avant Arte,2819222,instagram,story,photo,Dominique_Limited_25;Edition,18593,17349,0,,0,0,,18593,1475,11272,136,0.30710483,,17907976245055274
Dominique_Limited_25,2025-06-24 17:01:25,Avant Arte,2819222,instagram,post,carousel,Dominique_Limited_25;Edition,96195,49309,4216,3782,11,58,361,96195,,,,,,18073566316759210
TomoKazum_Shaped_25,2025-06-23 17:22:11,Avant Arte,2819370,instagram,story,photo,Edition;TomoKazum_Shaped_25,14113,13183,0,,0,0,,14113,1470,9840,156,0.18755758,,18048843011180791
PietParra_Dip_25,2025-06-23 15:01:12,Avant Arte,2819362,instagram,story,video,Edition;PietParra_Dip_25,16252,15244,0,,0,0,,16252,1914,10903,157,0.20169826,,18014621876737853
JamesJarv_HangInThe_25,2025-06-20 14:00:17,Avant Arte,2819010,instagram,story,video,Edition;JamesJarv_HangInThe_25,16225,15529,0,,0,0,,16225,1220,12575,218,0.13633282,,18070240612976869
JamesJarv_HangInThe_25,2025-06-20 14:00:16,Avant Arte,2819010,instagram,story,photo,Edition;JamesJarv_HangInThe_25,20281,19704,0,,0,0,,20281,1728,13669,158,0.23302598,,17934890001024481
JamesJarv_HangInThe_25,2025-06-20 14:00:00,Avant Arte,2819010,instagram,post,carousel,Edition;JamesJarv_HangInThe_25,154614,78847,3650,3307,8,81,252,154614,,,,,,18051566384603275
AntonyMic_PE_25,2025-06-18 13:20:18,Avant Arte,2818810,instagram,story,photo,AntonyMic_PE_25;Edition,14294,13583,0,,0,0,,14294,1789,9393,112,0.20987827,,18043724906535006
LucianFre_TL_25,2025-06-17 14:01:13,Avant Arte,2818788,instagram,story,photo,Edition;LucianFre_TL_25,17951,16917,0,,0,0,,17951,2325,12173,164,0.183221,,18059363015213787
LucianFre_TL_25,2025-06-17 14:00:25,Avant Arte,2818788,instagram,collaboration,carousel,Edition;LucianFre_TL_25,341256,170988,18147,16111,33,470,1520,341256,,,,,,17927728767075607
LeeUfan_From_25,2025-06-16 17:12:14,Avant Arte,2818673,instagram,story,photo,Edition;LeeUfan_From_25,17405,16287,0,,0,0,,17405,2229,11470,122,0.20591784,,18044615318548933
LeeUfan_From_25,2025-06-16 17:00:24,Avant Arte,2818673,instagram,collaboration,carousel,Edition;LeeUfan_From_25,99133,45990,1737,1547,16,17,157,99133,,,,,,18019751714707183
PietParra_Dip_25,2025-06-13 15:30:00,Avant Arte,2817507,instagram,post,carousel,Edition;PietParra_Dip_25,87111,44379,2101,1925,18,27,130,87111,,,,,,17887720014285459
ClaireSil_House_25,2025-06-12 17:04:39,Avant Insiders,73950,instagram,story,photo,ClaireSil_House_25;Edition,698,678,0,,0,0,,698,119,462,9,0.15472779,,17953383962828959
ClaireSil_House_25,2025-06-12 17:04:12,Avant Arte,2817407,instagram,story,photo,ClaireSil_House_25;Edition,15222,14797,0,,0,0,,15222,1957,10115,99,0.20043358,,18058762783997013
ClaireSil_House_25,2025-06-12 17:02:25,Avant Arte,2817407,instagram,post,carousel,ClaireSil_House_25;Edition,95488,50540,3922,3599,23,47,250,95488,,,,,,18045557501444146
ClaireSil_House_25,2025-06-12 17:00:27,Avant Insiders,73950,instagram,post,carousel,ClaireSil_House_25;Edition,6668,2788,129,110,2,0,17,6668,,,,,,17894810940123639
PietParra_Dip_25,2025-06-11 15:01:35,Avant Arte,2817232,instagram,story,photo,Edition;PietParra_Dip_25,11853,10866,0,,0,0,,11853,1640,7924,90,0.18552265,,18271438900277556
JenStark_TL_25,2025-06-10 17:05:56,Avant Arte,2817176,instagram,story,photo,Edition;JenStark_TL_25,11710,11258,0,,0,0,,11710,1025,9716,113,0.07309991,,17855664984397333
JenStark_TL_25,2025-06-10 17:05:51,Avant Arte,2817176,instagram,story,photo,Edition;JenStark_TL_25,15040,14241,0,,0,0,,15040,1282,9839,102,0.2537899,,18057112031464295
YoonHyup_Summer_25,2025-06-09 17:01:22,Avant Insiders,73952,instagram,story,photo,Edition;YoonHyup_Summer_25,867,838,0,,0,0,,867,161,558,11,0.15801615,,18067231928061585
YoonHyup_Summer_25,2025-06-09 17:01:00,Avant Arte,2817049,instagram,story,photo,Edition;YoonHyup_Summer_25,18658,18276,0,,0,0,,18658,2422,12405,138,0.19793119,,17854110240410166
YoonHyup_Summer_25,2025-06-09 17:00:00,Avant Insiders,73952,instagram,post,carousel,Edition;YoonHyup_Summer_25,11149,5522,194,174,1,10,9,11149,,,,,,17904081903187711
YoonHyup_Summer_25,2025-06-09 17:00:00,Avant Arte,2817049,instagram,post,carousel,Edition;YoonHyup_Summer_25,95626,51370,2795,2574,5,20,195,95626,,,,,,18045139562563609
JenStark_TL_25,2025-06-07 17:31:05,Avant Arte,2816363,instagram,story,photo,Edition;JenStark_TL_25,20756,19292,0,,0,0,,20756,2358,13310,164,0.23723261,,18072498883767576
JenStark_TL_25,2025-06-07 17:30:48,Avant Insiders,73958,instagram,story,photo,Edition;JenStark_TL_25,1019,979,0,,0,0,,1019,134,691,17,0.1736997,,17921434382983308
JenStark_TL_25,2025-06-07 17:00:00,Avant Insiders,73958,instagram,post,carousel,Edition;JenStark_TL_25,4819,1608,57,56,0,0,1,4819,,,,,,17917358648998429
AWW_NT_25,2025-06-06 13:58:03,Avant Arte,2816070,instagram,story,photo,AWW_NT_25;Edition,12057,11104,0,,0,0,,12057,1109,10224,294,0.03566393,,17859077103376697
YoonHyup_Summer_25,2025-06-06 13:57:59,Avant Arte,2816070,instagram,story,photo,Edition;YoonHyup_Summer_25,14532,13078,0,,0,0,,14532,1164,10254,122,0.20589045,,17993800313801492
AWW_NT_25,2025-06-06 13:55:00,Avant Arte,2816070,instagram,post,carousel,AWW_NT_25;Edition,118124,65824,2090,1966,2,21,100,118124,,,,,,18120882367462597
FelipePan_TL_25,2025-06-05 17:00:54,Avant Insiders,73972,instagram,story,photo,Edition;FelipePan_TL_25,629,613,0,,0,0,,629,82,490,38,0.030206677,,17886841002275708
FelipePan_TL_25,2025-06-05 17:00:46,Avant Insiders,73972,instagram,post,carousel,Edition;FelipePan_TL_25,8236,5250,98,90,0,3,5,8236,,,,,,18026691899691282
FelipePan_TL_25,2025-06-05 17:00:26,Avant Arte,2816048,instagram,story,photo,Edition;FelipePan_TL_25,8987,8280,0,,0,0,,8987,1036,6924,171,0.09524869,,18076628239908795
FelipePan_TL_25,2025-06-05 17:00:08,Avant Arte,2816048,instagram,post,carousel,Edition;FelipePan_TL_25,65106,29504,769,692,7,9,61,65106,,,,,,17842790814509130
LeeUfan_From_25,2025-06-05 14:03:22,Avant Insiders,73972,instagram,story,photo,Edition;LeeUfan_From_25,711,672,0,,0,0,,711,81,510,21,0.1392405,,18082165042684991
LeeUfan_From_25,2025-06-05 14:03:19,Avant Insiders,73972,instagram,post,carousel,Edition;LeeUfan_From_25,5845,2373,141,132,0,0,9,5845,,,,,,17897464221209744
LeeUfan_From_25,2025-06-05 14:02:43,Avant Arte,2815968,instagram,post,reel,Edition;LeeUfan_From_25,185130,136652,11429,8709,60,300,2361,185130,,,,,185130,18481508479070147
LeeUfan_From_25,2025-06-05 14:02:39,Avant Arte,2815968,instagram,story,photo,Edition;LeeUfan_From_25,10514,9604,0,,0,0,,10514,1246,7067,99,0.19992392,,18117134647482856
JenStark_TL_25,2025-06-04 17:03:08,Avant Insiders,73980,instagram,story,photo,Edition;JenStark_TL_25,489,456,0,,0,0,,489,52,393,29,0.030674847,,18054030119364263
JenStark_TL_25,2025-06-04 17:03:04,Avant Insiders,73980,instagram,story,photo,Edition;JenStark_TL_25,583,547,0,,0,0,,583,64,416,9,0.16123499,,17948215182004189
JenStark_TL_25,2025-06-04 17:02:48,Avant Arte,2816194,instagram,story,photo,Edition;JenStark_TL_25,9274,8800,0,,0,0,,9274,848,7711,162,0.05962907,,17869300353384208
JenStark_TL_25,2025-06-04 17:02:43,Avant Arte,2816194,instagram,story,photo,Edition;JenStark_TL_25,11874,11360,0,,0,0,,11874,1000,7878,98,0.24406266,,17921062703986102
JenStark_TL_25,2025-06-04 17:00:00,Avant Insiders,73980,instagram,post,carousel,Edition;JenStark_TL_25,3513,1024,47,43,1,0,3,3513,,,,,,18069295087820736
JenStark_TL_25,2025-06-04 17:00:00,Avant Arte,2816194,instagram,post,carousel,Edition;JenStark_TL_25,57356,28422,1051,979,4,8,60,57356,,,,,,17880024321325356
JudyChica_TL_25,2025-06-03 17:05:06,Avant Insiders,73984,instagram,story,photo,Edition;JudyChica_TL_25,482,468,0,,0,0,,482,56,396,10,0.041493777,,18063278315515000
JudyChica_TL_25,2025-06-03 17:05:02,Avant Insiders,73984,instagram,story,photo,Edition;JudyChica_TL_25,513,502,0,,0,0,,513,35,433,14,0.06042885,,18100567495555925
JudyChica_TL_25,2025-06-03 17:04:58,Avant Insiders,73984,instagram,story,photo,Edition;JudyChica_TL_25,599,580,0,,0,0,,599,55,417,9,0.19699499,,17901530727190831
JudyChica_TL_25,2025-06-03 17:03:31,Avant Arte,2816209,instagram,story,photo,Edition;JudyChica_TL_25,7241,6911,0,,0,0,,7241,622,6231,74,0.043364175,,18066816872094930
JudyChica_TL_25,2025-06-03 17:03:26,Avant Arte,2816209,instagram,story,photo,Edition;JudyChica_TL_25,7567,7213,0,,0,0,,7567,272,6775,82,0.057882912,,18314604859235873
JudyChica_TL_25,2025-06-03 17:03:22,Avant Arte,2816209,instagram,story,photo,Edition;JudyChica_TL_25,8080,7678,0,,0,0,,8080,345,6857,86,0.0980198,,18146352709383888
JudyChica_TL_25,2025-06-03 17:03:17,Avant Arte,2816209,instagram,story,photo,Edition;JudyChica_TL_25,10520,10104,0,,0,0,,10520,768,6759,63,0.2785171,,18068334106958857
JudyChica_TL_25,2025-06-03 17:02:06,Avant Arte,2816209,instagram,post,reel,Edition;JudyChica_TL_25,47145,32964,1152,973,8,25,146,47145,,,,,47145,18507103705000092
MarkBradf_Broad_25,2025-06-02 17:02:24,Avant Arte,2816158,instagram,story,photo,Edition;MarkBradf_Broad_25,18164,17621,0,,0,0,,18164,2258,11729,123,0.22318873,,18067594355007932
JudyChica_TL_25,2025-05-31 17:05:14,Avant Insiders,74008,instagram,story,photo,Edition;JudyChica_TL_25,544,531,0,,0,0,,544,61,436,42,0.009191177,,18274719097287936
JudyChica_TL_25,2025-05-31 17:05:00,Avant Insiders,74008,instagram,story,photo,Edition;JudyChica_TL_25,579,560,0,,0,0,,579,44,516,21,0,,18306103927210066
JudyChica_TL_25,2025-05-31 17:04:56,Avant Insiders,74008,instagram,story,photo,Edition;JudyChica_TL_25,697,683,0,,0,0,,697,53,480,12,0.21807748,,18314613175227003
JudyChica_TL_25,2025-05-31 17:04:42,Avant Arte,2815721,instagram,story,photo,Edition;JudyChica_TL_25,11676,10891,0,,0,0,,11676,847,9972,139,0.06149366,,18065790437091138
JudyChica_TL_25,2025-05-31 17:04:35,Avant Arte,2815721,instagram,story,photo,Edition;JudyChica_TL_25,12699,11872,0,,0,0,,12699,641,10541,159,0.10693756,,18046721912185125
JudyChica_TL_25,2025-05-31 17:04:30,Avant Arte,2815721,instagram,story,photo,Edition;JudyChica_TL_25,16842,15578,0,,0,0,,16842,1343,10463,133,0.29111743,,18068580263476496
JudyChica_TL_25,2025-05-31 17:00:00,Avant Arte,2815721,instagram,post,reel,Edition;JudyChica_TL_25,124610,92240,4423,3737,86,113,487,124610,,,,,124610,18047821127608574
MarkBradf_Broad_25,2025-05-30 17:08:24,Avant Insiders,74005,instagram,story,photo,Edition;MarkBradf_Broad_25,805,785,0,,0,0,,805,130,520,16,0.17267081,,18484444363065786
MarkBradf_Broad_25,2025-05-30 17:05:51,Avant Insiders,74005,instagram,post,reel,Edition;MarkBradf_Broad_25,2335,1842,46,41,1,0,4,2335,,,,,2335,18294807733217519
MarkBradf_Broad_25,2025-05-30 17:02:51,Avant Arte,2815367,instagram,story,photo,Edition;MarkBradf_Broad_25,13698,13203,0,,0,0,,13698,1682,8755,107,0.2302526,,17967771488906838
MarkBradf_Broad_25,2025-05-30 17:01:05,Avant Arte,2815367,instagram,post,carousel,Edition;MarkBradf_Broad_25,112078,69924,1321,1196,7,23,93,112078,,,,,,18072302533935675
ClaireSil_House_25,2025-05-29 17:34:02,Avant Arte,2815065,instagram,story,video,ClaireSil_House_25;Edition,9616,8833,0,,0,0,,9616,1033,7658,184,0.07705907,,17902251168192658
,2025-05-29 17:00:30,Avant Arte,2815050,instagram,story,photo,Edition,12621,11865,0,,0,0,,12621,1185,8321,80,0.24047223,,18067932130974307
,2025-05-29 17:00:00,Avant Arte,2815050,instagram,post,reel,Edition,117314,87270,4953,4469,49,203,232,117314,,,,,117314,18077193310876010
JudyChica_TL_25,2025-05-28 17:01:23,Avant Insiders,74000,instagram,story,photo,Edition;JudyChica_TL_25,536,507,0,,0,0,,536,52,447,15,0.041044775,,18071083888754438
JudyChica_TL_25,2025-05-28 17:01:19,Avant Insiders,74000,instagram,story,photo,Edition;JudyChica_TL_25,648,616,0,,0,0,,648,71,454,12,0.1712963,,18373606105123449
JudyChica_TL_25,2025-05-28 17:01:11,Avant Arte,2814762,instagram,story,photo,Edition;JudyChica_TL_25,6528,6201,0,,0,0,,6528,594,5640,71,0.03416054,,18077714830871263
JudyChica_TL_25,2025-05-28 17:01:07,Avant Arte,2814762,instagram,story,photo,Edition;JudyChica_TL_25,6801,6480,0,,0,0,,6801,279,6086,87,0.051315982,,18055866776013184
JudyChica_TL_25,2025-05-28 17:01:01,Avant Arte,2814762,instagram,story,photo,Edition;JudyChica_TL_25,7411,6933,0,,0,0,,7411,424,6069,62,0.11550398,,18068368486968145
JudyChica_TL_25,2025-05-28 17:00:17,Avant Insiders,74000,instagram,post,carousel,Edition;JudyChica_TL_25,3277,1085,63,61,0,0,2,3277,,,,,,18108684478513482
JudyChica_TL_25,2025-05-28 17:00:00,Avant Arte,2814762,instagram,post,reel,Edition;JudyChica_TL_25,58030,43496,1652,1431,7,59,155,58030,,,,,58030,17991033797655813
MarkBradf_Broad_25,2025-05-28 13:56:48,Avant Arte,2814730,instagram,story,video,Edition;MarkBradf_Broad_25,8219,7614,0,,0,0,,8219,1107,5399,75,0.19929431,,17893487379124761
MarkBradf_Broad_25,2025-05-27 17:48:26,Avant Arte,2814481,instagram,story,photo,Edition;MarkBradf_Broad_25,10023,9246,0,,0,0,,10023,1098,7929,99,0.08949416,,17864968203392415
MarkBradf_Broad_25,2025-05-27 17:02:25,Avant Insiders,73995,instagram,story,photo,Edition;MarkBradf_Broad_25,946,921,0,,0,0,,946,141,653,5,0.15539113,,17955773414944609
MarkBradf_Broad_25,2025-05-27 17:01:17,Avant Arte,2814466,instagram,story,photo,Edition;MarkBradf_Broad_25,13844,12834,0,,0,0,,13844,1429,8970,115,0.24053742,,18122983945450993
MarkBradf_Broad_25,2025-05-27 17:00:00,Avant Insiders,73995,instagram,post,carousel,Edition;MarkBradf_Broad_25,4241,1718,64,60,0,3,1,4241,,,,,,18076003468872573
MarkBradf_Broad_25,2025-05-27 17:00:00,Avant Arte,2814466,instagram,post,reel,Edition;MarkBradf_Broad_25,76401,55508,1251,1023,12,14,202,76401,,,,,76401,18090212311722267
LeeUfan_From_25,2025-05-22 19:00:00,Avant Arte,2811342,instagram,post,reel,Edition;LeeUfan_From_25,142988,106661,6375,4506,39,533,1298,142988,,,,,142988,18312752791226955
LeeUfan_From_25,2025-05-22 17:02:58,Avant Insiders,74009,instagram,story,photo,Edition;LeeUfan_From_25,811,770,0,,0,0,,811,114,689,111,0,,18065058088858711
LeeUfan_From_25,2025-05-22 17:02:53,Avant Insiders,74009,instagram,story,photo,Edition;LeeUfan_From_25,944,901,0,,0,0,,944,100,740,14,0.095338985,,18012575816547253
LeeUfan_From_25,2025-05-22 17:02:33,Avant Arte,2811320,instagram,story,photo,Edition;LeeUfan_From_25,16295,15431,0,,0,0,,16295,2149,10548,142,0.2120896,,18028395890476309
LeeUfan_From_25,2025-05-22 17:00:00,Avant Insiders,74009,instagram,post,reel,Edition;LeeUfan_From_25,3953,3014,192,164,3,2,23,3953,,,,,3953,18061428940914467
LeeUfan_From_25,2025-05-22 17:00:00,Avant Arte,2811320,instagram,post,carousel,Edition;LeeUfan_From_25,138847,84571,6680,5945,30,115,570,138847,,,,,,18004999889775052
Friedrich_Storm_25,2025-05-21 18:05:39,Avant Insiders,74013,instagram,story,photo,Edition;Friedrich_Storm_25,470,448,0,,0,0,,470,45,392,20,0.027659575,,18504468499016777
Friedrich_Storm_25,2025-05-21 18:03:26,Avant Arte,2811148,instagram,story,photo,Edition;Friedrich_Storm_25,7561,7344,0,,0,0,,7561,701,6472,131,0.03399021,,18159623467362721
JenStark_TL_25,2025-05-21 17:47:08,Avant Insiders,74013,instagram,story,photo,Edition;JenStark_TL_25,496,474,0,,0,0,,496,26,448,34,0,,17954589176956918
JenStark_TL_25,2025-05-21 17:46:41,Avant Insiders,74013,instagram,story,photo,Edition;JenStark_TL_25,578,544,0,,0,0,,578,60,422,4,0.15916955,,18069965413785628
JenStark_TL_25,2025-05-21 17:45:14,Avant Insiders,74013,instagram,post,carousel,Edition;JenStark_TL_25,3721,1597,68,66,2,0,0,3721,,,,,,18084026461658572
JenStark_TL_25,2025-05-21 17:41:48,Avant Arte,2811148,instagram,story,photo,Edition;JenStark_TL_25,8317,7983,0,,0,0,,8317,436,7131,171,0.06961645,,18045685868182400
JenStark_TL_25,2025-05-21 17:41:44,Avant Arte,2811148,instagram,story,photo,Edition;JenStark_TL_25,10853,10344,0,,0,0,,10853,879,7015,90,0.26435086,,18090396625618439
JenStark_TL_25,2025-05-21 17:40:57,Avant Arte,2811148,instagram,post,carousel,Edition;JenStark_TL_25,82471,47456,827,767,8,2,50,82471,,,,,,18086375563727799
MarkBradf_Broad_25,2025-05-20 17:00:00,Avant Arte,2810900,instagram,post,reel,Edition;MarkBradf_Broad_25,42847,31145,689,584,2,23,80,42847,,,,,42847,17880357615201711
MarkBradf_Broad_25,2025-05-20 16:59:53,Avant Arte,2810900,instagram,story,photo,Edition;MarkBradf_Broad_25,14449,13684,0,,0,0,,14449,2040,9059,99,0.22499827,,17843115132486535
Friedrich_Storm_25,2025-05-19 17:00:00,Avant Insiders,74016,instagram,post,carousel,Edition;Friedrich_Storm_25,3695,1626,104,94,1,1,8,3695,,,,,,17934054684031972
Friedrich_Storm_25,2025-05-19 16:59:59,Avant Insiders,74016,instagram,story,photo,Edition;Friedrich_Storm_25,873,856,0,,0,0,,873,147,594,9,0.14089347,,18088533262721609
Friedrich_Storm_25,2025-05-19 16:59:51,Avant Arte,2810702,instagram,story,video,Edition;Friedrich_Storm_25,15233,14287,0,,0,0,,15233,2682,8780,152,0.23757632,,18039936452302691
Friedrich_Storm_25,2025-05-15 17:01:06,Avant Insiders,74004,instagram,story,photo,Edition;Friedrich_Storm_25,772,737,0,,0,0,,772,121,530,7,0.14766839,,18065834960068913
Friedrich_Storm_25,2025-05-15 17:00:14,Avant Arte,2809494,instagram,story,photo,Edition;Friedrich_Storm_25,12440,11511,0,,0,0,,12440,1683,7926,89,0.220418,,18068309213306082
Friedrich_Storm_25,2025-05-15 17:00:00,Avant Insiders,74004,instagram,post,carousel,Edition;Friedrich_Storm_25,3792,1664,60,57,1,1,1,3792,,,,,,18271047856273066
Friedrich_Storm_25,2025-05-15 17:00:00,Avant Arte,2809494,instagram,post,carousel,Edition;Friedrich_Storm_25,102868,57753,2271,2142,5,13,110,102868,,,,,,18043741082424140
JonnyNies_2TL_25,2025-05-14 10:07:01,Avant Insiders,74001,instagram,story,photo,Edition;JonnyNies_2TL_25,478,466,0,,0,0,,478,64,393,18,0.0062761507,,17906173572116272
JonnyNies_2TL_25,2025-05-14 10:06:18,Avant Insiders,74001,instagram,story,photo,Edition;JonnyNies_2TL_25,541,518,0,,0,0,,541,58,399,8,0.1404806,,18007419824758885
JonnyNies_2TL_25,2025-05-14 10:04:11,Avant Arte,2809200,instagram,story,photo,Edition;JonnyNies_2TL_25,7152,7031,0,,0,0,,7152,632,6172,121,0.031739373,,18039594167292551
JonnyNies_2TL_25,2025-05-14 10:03:36,Avant Arte,2809200,instagram,story,photo,Edition;JonnyNies_2TL_25,7953,7801,0,,0,0,,7953,346,6622,164,0.10323148,,17905375407157010
JonnyNies_2TL_25,2025-05-14 10:03:13,Avant Arte,2809200,instagram,story,photo,Edition;JonnyNies_2TL_25,9501,9278,0,,0,0,,9501,755,6489,105,0.22650248,,18042966152225881
MarkBradf_Broad_25,2025-05-13 19:00:00,Avant Arte,2809126,instagram,post,reel,Edition;MarkBradf_Broad_25,81628,61911,2757,2250,28,122,356,81628,,,,,81628,18040798004254771
MarkBradf_Broad_25,2025-05-13 17:06:15,Avant Insiders,74009,instagram,story,photo,Edition;MarkBradf_Broad_25,971,945,0,,0,0,,971,147,661,16,0.15139031,,18341147374093784
MarkBradf_Broad_25,2025-05-13 17:05:27,Avant Insiders,74009,instagram,post,reel,Edition;MarkBradf_Broad_25,4647,3660,114,91,2,9,12,4647,,,,,4647,17992288040796223
MarkBradf_Broad_25,2025-05-13 17:01:00,Avant Arte,2809093,instagram,story,photo,Edition;MarkBradf_Broad_25,9020,8838,0,,0,0,,9020,1079,6758,145,0.11507761,,17843685801476227
MarkBradf_Broad_25,2025-05-13 17:00:59,Avant Arte,2809093,instagram,post,carousel,Edition;MarkBradf_Broad_25,64480,33570,1256,1172,9,23,51,64480,,,,,,18071413300935652
LY_Print_25,2025-05-13 10:40:53,Avant Arte,2809055,instagram,story,photo,Edition;LY_Print_25,11378,10873,0,,0,0,,11378,1338,7999,100,0.17059237,,18146723824376928
JudyChica_TL_25,2025-05-12 17:03:32,Avant Insiders,74016,instagram,story,photo,Edition;JudyChica_TL_25,765,730,0,,0,0,,765,119,566,20,0.078431375,,18051727712461011
JudyChica_TL_25,2025-05-12 17:01:02,Avant Arte,2809079,instagram,story,photo,Edition;JudyChica_TL_25,12693,11319,0,,0,0,,12693,1322,9459,202,0.13471992,,18274812748281087
JudyChica_TL_25,2025-05-12 17:00:00,Avant Insiders,74016,instagram,post,carousel,Edition;JudyChica_TL_25,3350,1597,79,76,0,2,1,3350,,,,,,18346082128082590
JudyChica_TL_25,2025-05-12 17:00:00,Avant Arte,2809079,instagram,post,carousel,Edition;JudyChica_TL_25,69400,38354,1149,1078,8,8,55,69400,,,,,,18131802616423475
JonnyNies_2TL_25,2025-05-12 12:56:04,Avant Arte,2809059,instagram,story,photo,Edition;JonnyNies_2TL_25,16671,15458,0,,0,0,,16671,1757,10483,132,0.25787294,,17971465238894332
JonnyNies_2TL_25,2025-05-12 12:54:55,Avant Insiders,74021,instagram,story,photo,Edition;JonnyNies_2TL_25,915,878,0,,0,0,,915,129,602,18,0.18142076,,18086172901725634
JonnyNies_2TL_25,2025-05-12 12:53:23,Avant Insiders,74016,instagram,post,carousel,Edition;JonnyNies_2TL_25,4192,1725,59,54,1,3,1,4192,,,,,,17970472577885133
JonnyNies_2TL_25,2025-05-08 17:11:57,Avant Insiders,74032,instagram,story,photo,Edition;JonnyNies_2TL_25,457,450,0,,0,0,,457,78,356,24,0,,18041861483217973
JonnyNies_2TL_25,2025-05-08 17:11:51,Avant Insiders,74032,instagram,story,photo,Edition;JonnyNies_2TL_25,478,463,0,,0,0,,478,33,426,30,0,,18100255354534248
JonnyNies_2TL_25,2025-05-08 17:11:46,Avant Insiders,74032,instagram,story,photo,Edition;JonnyNies_2TL_25,565,530,0,,0,0,,565,64,412,7,0.14513275,,17897297199210175
JonnyNies_2TL_25,2025-05-08 17:09:35,Avant Arte,2807659,instagram,story,photo,Edition;JonnyNies_2TL_25,8346,7677,0,,0,0,,8346,763,6735,154,0.083153605,,17986788053668024
JonnyNies_2TL_25,2025-05-08 17:09:27,Avant Arte,2807659,instagram,story,photo,Edition;JonnyNies_2TL_25,8836,8054,0,,0,0,,8836,371,7309,161,0.11260752,,18070426798906617
JonnyNies_2TL_25,2025-05-08 17:09:21,Avant Arte,2807659,instagram,story,photo,Edition;JonnyNies_2TL_25,11334,10179,0,,0,0,,11334,876,7037,91,0.29380625,,17906650068114191
JonnyNies_2TL_25,2025-05-08 17:00:00,Avant Insiders,74032,instagram,post,carousel,Edition;JonnyNies_2TL_25,2940,1408,60,55,2,0,3,2940,,,,,,18046216253158424
JonnyNies_2TL_25,2025-05-08 17:00:00,Avant Arte,2807659,instagram,post,carousel,Edition;JonnyNies_2TL_25,60419,31121,971,883,5,10,73,60419,,,,,,18040134569248732
Friedrich_Storm_25,2025-05-07 17:32:31,Avant Arte,2807441,instagram,story,photo,Edition;Friedrich_Storm_25,22912,22530,0,,0,0,,22912,2610,15941,178,0.18256809,,18033549956642156
Friedrich_Storm_25,2025-05-07 17:31:10,Avant Arte,2807441,instagram,collaboration,carousel,Edition;Friedrich_Storm_25,362975,211183,28469,24877,75,791,2666,362975,,,,,,18063929192097636
RobertLon_MenIn_25,2025-05-02 09:03:26,Avant Arte,2804683,instagram,story,photo,Edition;RobertLon_MenIn_25,8836,8354,0,,0,0,,8836,961,7178,123,0.06496152,,17895443904213501
RobertLon_MenIn_25,2025-05-02 09:03:25,Avant Arte,2804683,instagram,story,photo,Edition;RobertLon_MenIn_25,10421,9638,0,,0,0,,10421,773,7526,97,0.19431916,,17878403052315299
RobertLon_MenIn_25,2025-05-01 17:03:08,Avant Insiders,74008,instagram,story,photo,Edition;RobertLon_MenIn_25,678,660,0,,0,0,,678,95,517,26,0.05899705,,17903590068160884
RobertLon_MenIn_25,2025-05-01 17:03:07,Avant Insiders,74008,instagram,story,photo,Edition;RobertLon_MenIn_25,774,744,0,,0,0,,774,79,549,11,0.1744186,,18067843142309037
RobertLon_MenIn_25,2025-05-01 17:02:01,Avant Arte,2804270,instagram,story,photo,Edition;RobertLon_MenIn_25,5844,5604,0,,0,0,,5844,542,5065,108,0.022073923,,18082834900657653
RobertLon_MenIn_25,2025-05-01 17:02:00,Avant Arte,2804270,instagram,story,photo,Edition;RobertLon_MenIn_25,5983,5754,0,,0,0,,5983,232,5466,113,0.02874812,,17866105608379903
RobertLon_MenIn_25,2025-05-01 17:01:59,Avant Arte,2804270,instagram,story,photo,Edition;RobertLon_MenIn_25,6351,6070,0,,0,0,,6351,295,5487,106,0.072901905,,18088869511613119
RobertLon_MenIn_25,2025-05-01 16:00:00,Avant Insiders,74008,instagram,post,carousel,Edition;RobertLon_MenIn_25,3839,2030,76,73,2,0,1,3839,,,,,,18053474534034113
JonnyNies_2TL_25,2025-05-01 15:31:35,Avant Arte,2804246,instagram,story,photo,Edition;JonnyNies_2TL_25,6352,6094,0,,0,0,,6352,385,5569,162,0.037153654,,18065375681481340
JonnyNies_2TL_25,2025-05-01 15:31:34,Avant Arte,2804246,instagram,story,photo,Edition;JonnyNies_2TL_25,6912,6515,0,,0,0,,6912,394,5723,151,0.0931713,,18088642000611179
Friedrich_Storm_25,2025-05-01 14:02:39,Avant Arte,2804188,instagram,story,photo,Edition;Friedrich_Storm_25,8687,8023,0,,0,0,,8687,914,5667,100,0.23091976,,17963523785912087
Friedrich_Storm_25,2025-05-01 14:00:00,Avant Arte,2804188,instagram,post,reel,Edition;Friedrich_Storm_25;Reel,70505,46713,1268,1054,4,25,185,70505,,,,,70505,17888179521248999
FerrariSh_Iris_25,2025-04-30 18:08:19,Avant Arte,2803898,instagram,story,photo,Edition;FerrariSh_Iris_25,7622,7139,0,,0,0,,7622,733,6384,157,0.045657307,,18022643753493352
RobertLon_MenIn_25,2025-04-30 17:04:53,Avant Arte,2803870,instagram,story,photo,Edition;RobertLon_MenIn_25,8129,7681,0,,0,0,,8129,370,7305,203,0.030877106,,18068574022976290
RobertLon_MenIn_25,2025-04-30 17:04:47,Avant Arte,2803870,instagram,story,photo,Edition;RobertLon_MenIn_25,8490,7967,0,,0,0,,8490,280,7658,231,0.037809186,,18087237391623110
RobertLon_MenIn_25,2025-04-30 17:04:42,Avant Arte,2803870,instagram,story,photo,Edition;RobertLon_MenIn_25,9098,8457,0,,0,0,,9098,401,7870,216,0.06715762,,18013619099710447
RobertLon_MenIn_25,2025-04-30 17:04:38,Avant Arte,2803870,instagram,story,photo,Edition;RobertLon_MenIn_25,12191,11349,0,,0,0,,12191,933,7731,86,0.2822574,,18020565752710280
RobertLon_MenIn_25,2025-04-30 17:00:00,Avant Arte,2803870,instagram,post,carousel,Edition;RobertLon_MenIn_25,64342,32679,925,868,10,11,36,64342,,,,,,18078302656792122
LeeUfan_From_25,2025-04-29 13:59:43,Avant Arte,2803614,instagram,story,photo,Edition;LeeUfan_From_25,30938,29613,0,,0,0,,30938,3381,22469,294,0.15495507,,18064418660007463
SayreGome_America_25,2025-04-28 17:49:54,Avant Arte,2803406,instagram,story,photo,Edition;SayreGome_America_25,23749,22638,0,,0,0,,23749,2843,16085,209,0.19419765,,17958924950921274
MarkBradf_Broad_25,2025-04-25 17:00:19,Avant Arte,2802232,instagram,story,photo,Edition;MarkBradf_Broad_25,17118,16488,0,,0,0,,17118,1736,12776,250,0.1376329,,18063112391093570
GraysonPe_Large_25,2025-04-25 11:01:30,Avant Arte,2802089,instagram,post,carousel,Edition;GraysonPe_Large_25,168408,103196,3609,3117,12,27,452,168408,,,,,,18131556325372913
GraysonPe_Large_25,2025-04-25 11:00:45,Avant Arte,2802089,instagram,story,photo,Edition;GraysonPe_Large_25,11409,10748,0,,0,0,,11409,1066,8238,121,0.1738978,,18038994995629166
Friedrich_Storm_25,2025-04-24 17:00:42,Avant Arte,2801822,instagram,story,photo,Edition;Friedrich_Storm_25,16542,15426,0,,0,0,,16542,1708,11229,150,0.20886229,,17942999906989154
Friedrich_Storm_25,2025-04-24 17:00:06,Avant Arte,2801822,instagram,post,carousel,Edition;Friedrich_Storm_25,249455,164725,21017,18679,42,567,1701,249455,,,,,,18064795765974644
JenStark_TL_25,2025-04-23 17:02:54,Avant Arte,2801628,instagram,story,photo,Edition;JenStark_TL_25,29090,27218,0,,0,0,,29090,3127,20584,227,0.17710553,,17943502406994753
JenStark_TL_25,2025-04-23 17:00:00,Avant Arte,2801633,instagram,post,carousel,Edition;JenStark_TL_25,86022,44300,1949,1838,8,25,77,86022,,,,,,18051003602197759
JonnyNies_2TL_25,2025-04-22 13:35:14,Avant Arte,2801547,instagram,story,photo,Edition;JonnyNies_2TL_25,7648,7331,0,,0,0,,7648,716,6610,120,0.026412133,,17855290530422910
JonnyNies_2TL_25,2025-04-22 13:35:11,Avant Arte,2801547,instagram,story,photo,Edition;JonnyNies_2TL_25,7915,7533,0,,0,0,,7915,275,7167,182,0.036765635,,18099002176540619
JonnyNies_2TL_25,2025-04-22 13:34:46,Avant Arte,2801547,instagram,story,photo,Edition;JonnyNies_2TL_25,8372,7944,0,,0,0,,8372,379,7323,158,0.061156236,,18044350286579715
JonnyNies_2TL_25,2025-04-22 13:34:37,Avant Arte,2801547,instagram,story,photo,Edition;JonnyNies_2TL_25,10784,10116,0,,0,0,,10784,889,7015,78,0.25982937,,18144643819346966
JonnyNies_2TL_25,2025-04-22 11:17:53,Avant Arte,2801559,instagram,story,photo,Edition;JonnyNies_2TL_25,1851,1609,0,,0,0,,1851,204,1390,38,0.11831442,,18112609435429800
JonnyNies_2TL_25,2025-04-22 11:17:50,Avant Arte,2801559,instagram,story,photo,Edition;JonnyNies_2TL_25,1921,1672,0,,0,0,,1921,72,1591,50,0.10827694,,18019605188506748
JonnyNies_2TL_25,2025-04-22 11:17:28,Avant Arte,2801559,instagram,story,photo,Edition;JonnyNies_2TL_25,2029,1838,0,,0,0,,2029,98,1722,58,0.0744209,,18082416559659103
JonnyNies_2TL_25,2025-04-22 11:17:22,Avant Arte,2801559,instagram,story,photo,Edition;JonnyNies_2TL_25,2281,2061,0,,0,0,,2281,168,1694,34,0.16878562,,18190983145308345
JonnyNies_2TL_25,2025-04-22 11:16:04,Avant Arte,2801559,instagram,post,carousel,Edition;JonnyNies_2TL_25,83183,44727,1349,1241,8,5,94,83183,,,,,,18050721356347218
Oscaryi_Cool_25,2025-04-21 14:03:14,Avant Arte,2801450,instagram,story,photo,Edition;Oscaryi_Cool_25,32477,31905,0,,0,0,,32477,2137,23532,294,0.20057271,,18091440463570649
RobertLon_MenIn_25,2025-04-17 14:16:36,Avant Arte,2800156,instagram,story,video,Edition;RobertLon_MenIn_25,12156,11653,0,,0,0,,12156,,,,,,17889960078124467
RobertLon_MenIn_25,2025-04-17 14:12:41,Avant Arte,2800156,instagram,post,reel,Edition;RobertLon_MenIn_25,77828,84800,4858,3881,26,196,755,117723,,,,,100047,17861623953390914
SayreGome_America_25,2025-04-16 17:12:17,Avant Arte,2800052,instagram,story,photo,Edition;SayreGome_America_25,20974,20565,0,,0,0,,20974,,,,,,18101470102517145
Oscaryi_Cool_25,2025-04-15 18:36:59,Avant Arte,2799948,instagram,story,video,Edition;Oscaryi_Cool_25,21014,19583,0,,0,0,,21014,,,,,,18058959923120832
Oscaryi_Cool_25,2025-04-15 17:00:00,Avant Arte,2799925,instagram,collaboration,reel,Edition;Oscaryi_Cool_25,85147,87834,2899,2481,19,54,346,134768,,,,,118090,18116940595455701
Otherworld_Dogs_25,2025-04-14 17:00:09,Avant Arte,2799671,instagram,story,photo,Edition;Otherworld_Dogs_25,51646,58715,0,,0,0,,62146,5349,38350,581,0.1426248,,17920044704963316
HarlandMi_York_25,2025-04-13 14:01:17,Avant Arte,2799393,instagram,story,photo,Edition;HarlandMi_York_25,31353,31353,0,,0,0,,31823,3346,22053,255,0.1817689,,18091062670516512
LY_Print_25,2025-04-11 10:01:14,Avant Arte,2798302,instagram,story,photo,Edition;LY_Print_25,20122,19509,0,,0,0,,20538,2388,15066,182,0.12354637,,17849498787440354
LY_Print_25,2025-04-11 10:00:51,Avant Arte,2798302,instagram,post,carousel,Edition;LY_Print_25,79256,71777,2061,1951,9,12,89,118335,,,,,,17844900327455148
Friedrich_Storm_25,2025-04-10 17:01:06,Avant Arte,2798069,instagram,story,photo,Edition;Friedrich_Storm_25,12897,12577,0,,0,0,,13282,1489,9643,179,0.122974336,,18088999186526098
Friedrich_Storm_25,2025-04-10 17:00:00,Avant Arte,2798069,instagram,post,carousel,Edition;Friedrich_Storm_25,238439,276140,19505,16529,47,749,2179,394869,,,,,,18062031134011260
HajimeSor_Untitled_25,2025-04-10 11:31:42,Avant Arte,2798007,instagram,story,photo,Edition;HajimeSor_Untitled_25,20545,20329,0,,0,0,,20944,2272,14944,208,0.15191044,,18062889866484047
HarlandMi_York_25,2025-04-08 14:00:20,Avant Arte,2797570,instagram,story,photo,Edition;HarlandMi_York_25,23631,23199,0,,0,0,,23995,2765,16681,197,0.16876137,,18064903810955295
HarlandMi_York_25,2025-04-08 14:00:00,Avant Arte,2797570,instagram,post,reel,Edition;HarlandMi_York_25,42569,43950,613,521,5,16,71,61302,,,,,56385,18046727813600128
RobertLon_MenIn_25,2025-04-07 14:05:01,Avant Arte,2797347,instagram,story,photo,Edition;RobertLon_MenIn_25,8332,8193,0,,0,0,,8471,848,7213,190,0.009721556,,17898526389179377
RobertLon_MenIn_25,2025-04-07 14:05:00,Avant Arte,2797347,instagram,story,photo,Edition;RobertLon_MenIn_25,8572,8389,0,,0,0,,8752,317,7949,165,0.016448904,,17987600762802621
RobertLon_MenIn_25,2025-04-07 14:04:59,Avant Arte,2797347,instagram,story,photo,Edition;RobertLon_MenIn_25,9087,8863,0,,0,0,,9270,393,8034,239,0.046329923,,17876771454203853
RobertLon_MenIn_25,2025-04-07 14:04:58,Avant Arte,2797347,instagram,story,photo,Edition;RobertLon_MenIn_25,11618,11154,0,,0,0,,11867,1031,7796,67,0.23446377,,18052754582517710
RobertLon_MenIn_25,2025-04-07 14:00:14,Avant Arte,2797347,instagram,collaboration,carousel,Edition;RobertLon_MenIn_25,65369,64548,2762,2305,32,103,321,121847,,,,,,18111202900483953
HajimeSor_Untitled_25,2025-04-06 14:01:45,Avant Arte,2796984,instagram,story,photo,Edition;HajimeSor_Untitled_25,35754,35097,0,,0,0,,36494,3828,26212,286,0.15181518,,18379761427190453
HajimeSor_Untitled_25,2025-04-06 10:03:35,Avant Arte,2796916,instagram,post,carousel,Edition;HajimeSor_Untitled_25,83210,69189,1982,1879,2,16,85,111568,,,,,,18061923461077910
FerrariSh_Iris_25,2025-04-04 17:04:26,Avant Arte,2796027,instagram,post,carousel,Edition;FerrariSh_Iris_25,37634,31122,817,777,5,7,28,62841,,,,,,17975555168830985
FerrariSh_Iris_25,2025-04-04 17:02:09,Avant Arte,2796027,instagram,story,photo,Edition;FerrariSh_Iris_25,30151,30151,0,,0,0,,,3363,21715,252,0.1598952,,17886814134240860
SayreGome_America_25,2025-04-03 17:00:18,Avant Arte,2795524,instagram,story,photo,Edition;SayreGome_America_25,17138,16562,0,,0,0,,,1966,13107,271,0.10467966,,18365587273133786
SayreGome_America_25,2025-04-03 17:00:00,Avant Arte,2795524,instagram,post,carousel,Edition;SayreGome_America_25,34183,28562,415,388,5,3,19,56279,,,,,,18064038115818957
JonnyNies_2TL_25,2025-04-03 11:02:46,Avant Arte,2795400,instagram,story,photo,Edition;JonnyNies_2TL_25,21707,21214,0,,0,0,,,2269,14262,213,0.22863592,,17847760830419013
RobertLon_MenIn_25,2025-04-02 14:18:24,Avant Arte,2795028,instagram,story,video,Edition;RobertLon_MenIn_25,12872,12626,0,,0,0,,,1525,10302,194,0.06611249,,18495216241048034
RobertLon_MenIn_25,2025-04-02 14:09:17,Avant Arte,2795028,instagram,post,reel,Edition;RobertLon_MenIn_25,68608,65440,2149,1778,10,67,294,91289,,,,,87662,18036517757273752
TomasSanc_Pair_25,2025-04-02 12:09:03,Avant Arte,2794995,instagram,story,photo,Edition;TomasSanc_Pair_25,15081,14891,0,,0,0,,,1514,10786,150,0.17445792,,18071244919842743
TomasSanc_Pair_25,2025-04-01 16:59:55,Avant Arte,2794641,instagram,story,video,Edition;TomasSanc_Pair_25,13660,13150,0,,0,0,,,1538,8783,163,0.23250367,,17891221086217342
MiwaKomat_Innocent_25,2025-04-01 10:14:50,Avant Arte,2794492,instagram,story,photo,Edition;MiwaKomat_Innocent_25,12457,12217,0,,0,0,,,1384,8858,101,0.16970378,,18264614035274924
TomasSanc_Pair_25,2025-03-31 17:05:17,Avant Arte,2794119,instagram,story,video,Edition;TomasSanc_Pair_25,16009,16009,0,,0,0,,,2003,10713,115,0.19851333,,18037114052544099
TomasSanc_Pair_25,2025-03-31 17:00:00,Avant Arte,2794119,instagram,post,carousel,Edition;TomasSanc_Pair_25,44751,37678,2103,1948,5,20,128,71650,,,,,,18076356568743659
HajimeSor_Untitled_25,2025-03-28 15:42:28,Avant Arte,2791844,instagram,story,photo,Edition;HajimeSor_Untitled_25,40535,39204,0,,0,0,,,3931,29993,388,0.15352164,,18062849149832675
,2025-03-27 17:01:21,Avant Arte,2791417,instagram,story,photo,Edition,59158,59158,0,,0,0,,,5465,43887,623,0.15522838,,17875886217201535
Oscaryi_Cool_25,2025-03-25 15:43:45,Avant Arte,2791352,instagram,story,photo,Edition;Oscaryi_Cool_25,74020,74004,0,,0,0,,,6523,56697,739,0.13592273,,18039188957203584
Oscaryi_Cool_25,2025-03-25 15:40:57,Avant Arte,2791352,instagram,post,carousel,Edition;Oscaryi_Cool_25,106596,93882,2764,2565,12,31,153,147573,,,,,,18016708259703685
HajimeSor_Untitled_25,2025-03-25 10:04:10,Avant Arte,2791317,instagram,post,reel,Edition;HajimeSor_Untitled_25;Reel,220678,207026,17539,13957,92,470,3020,327451,,,,,321248,18263853649273570
,2025-03-24 17:02:14,Avant Arte,2791485,instagram,story,photo,Edition,11111,10775,0,,0,0,,,1385,8914,124,0.06192062,,18053081867227061
Otherworld_Dogs_25,2025-03-24 17:00:43,Avant Arte,2791485,instagram,post,carousel,Edition;Otherworld_Dogs_25,78155,68597,4232,3893,15,62,259,115346,,,,,,18262444177276800
TomasSanc_Pair_25,2025-03-24 14:01:30,Avant Arte,2791457,instagram,story,photo,Edition;TomasSanc_Pair_25,11116,10877,0,,0,0,,,673,7486,187,0.24919036,,18264963052275327
TomasSanc_Pair_25,2025-03-24 14:01:25,Avant Arte,2791457,instagram,story,photo,Edition;TomasSanc_Pair_25,11964,11517,0,,0,0,,,718,7591,147,0.29321298,,17961806627904492
TomasSanc_Pair_25,2025-03-24 14:00:00,Avant Arte,2791457,instagram,post,carousel,Edition;TomasSanc_Pair_25,85975,78579,2680,2482,27,9,162,119280,,,,,,18487544101034287
,2025-03-24 10:00:35,Avant Arte,2791481,instagram,story,photo,Edition,17679,17068,0,,0,0,,,2000,12078,152,0.19509022,,17926102199930812
FerrariSh_Iris_25,2025-03-21 17:01:36,Avant Arte,2791201,instagram,story,photo,Edition;FerrariSh_Iris_25,14534,13628,0,,0,0,,,1480,10814,189,0.14111738,,18140821882377919
RobertLon_MenIn_25,2025-03-21 14:00:37,Avant Arte,2791170,instagram,story,photo,Edition;RobertLon_MenIn_25,9548,9290,0,,0,0,,,707,8109,173,0.058546294,,18043913162379071
RobertLon_MenIn_25,2025-03-21 14:00:33,Avant Arte,2791170,instagram,story,photo,Edition;RobertLon_MenIn_25,11635,11332,0,,0,0,,,949,8066,114,0.21538462,,18166979524336011
SayreGome_America_25,2025-03-20 17:00:32,Avant Arte,2791161,instagram,story,photo,Edition;SayreGome_America_25,13312,13091,0,,0,0,,,1490,10439,156,0.09217247,,18076353247739187
Mickalene_MultiTL_25,2025-03-20 12:49:18,Avant Arte,2791125,instagram,story,photo,Edition;Mickalene_MultiTL_25,7856,7821,0,,0,0,,,715,6655,140,0.04404277,,18263438392276134
Mickalene_MultiTL_25,2025-03-20 12:49:04,Avant Arte,2791125,instagram,story,video,Edition;Mickalene_MultiTL_25,9337,9272,0,,0,0,,,699,6745,97,0.19235301,,17883793479142761
Mickalene_MultiTL_25,2025-03-19 18:47:12,Avant Arte,2791045,instagram,story,photo,Edition;Mickalene_MultiTL_25,6933,6744,0,,0,0,,,921,4812,62,0.1641425,,18038036867233166
Mickalene_MultiTL_25,2025-03-19 18:45:42,Avant Arte,2791045,instagram,post,carousel,Edition;Mickalene_MultiTL_25,36481,31598,1052,999,6,12,35,60670,,,,,,18041896706454714
Mickalene_MultiTL_25,2025-03-18 17:05:52,Avant Arte,2791162,instagram,story,video,Edition;Mickalene_MultiTL_25,11592,11569,0,,0,0,,,1136,9360,229,0.07479296,,18036057944551682
Mickalene_MultiTL_25,2025-03-18 17:04:14,Avant Arte,2791162,instagram,story,photo,Edition;Mickalene_MultiTL_25,14390,14390,0,,0,0,,,1208,9608,140,0.23863794,,18220382674288635
Mickalene_MultiTL_25,2025-03-18 17:00:00,Avant Arte,2791162,instagram,collaboration,reel,Edition;Mickalene_MultiTL_25,38573,41339,5365,5149,32,54,129,62612,,,,,51265,18063411160797594
HarlandMi_York_25,2025-03-17 14:00:53,Avant Arte,2791032,instagram,post,carousel,Edition;HarlandMi_York_25,56743,50735,694,647,6,14,27,82243,,,,,,18060648602057176
HarlandMi_York_25,2025-03-17 14:00:17,Avant Arte,2791032,instagram,story,photo,Edition;HarlandMi_York_25,32334,32334,0,,0,0,,,3368,23280,290,0.16688316,,18081193972651043
Oscaryi_Cool_25,2025-03-13 17:02:39,Avant Arte,2790018,instagram,story,photo,Edition;Oscaryi_Cool_25,47157,45696,0,,0,0,,,4537,35514,543,0.1391734,,17857372548391322
Oscaryi_Cool_25,2025-03-13 17:00:08,Avant Arte,2790018,instagram,post,carousel,Edition;Oscaryi_Cool_25,70861,61829,3132,2913,10,26,183,103680,,,,,,17859253143381216
Mickalene_MultiTL_25,2025-03-12 17:15:08,Avant Arte,2789790,instagram,post,carousel,Edition;Mickalene_MultiTL_25,116298,95386,6200,5507,20,129,542,185915,,,,,,17889913581207263
Otherworld_Dogs_25,2025-03-11 17:16:52,Avant Arte,2789544,instagram,story,photo,Edition;Otherworld_Dogs_25,37646,36782,0,,0,0,,,3989,27217,349,0.16179673,,17886874731121612
HajimeSor_Untitled_25,2025-03-10 10:07:01,Avant Arte,2789236,instagram,story,photo,Edition;HajimeSor_Untitled_25,12300,12300,0,,0,0,,,1434,10163,199,0.040975608,,18108685999478685
HajimeSor_Untitled_25,2025-03-10 10:03:43,Avant Arte,2789236,instagram,story,video,Edition;HajimeSor_Untitled_25,14110,14110,0,,0,0,,,1113,10553,112,0.16527286,,18077933593679887
HajimeSor_Untitled_25,2025-03-10 10:00:05,Avant Arte,2789236,instagram,collaboration,carousel,Edition;HajimeSor_Untitled_25,105903,91303,4621,4292,21,47,261,155633,,,,,,18448751014076285
Mickalene_MultiTL_25,2025-03-06 17:00:00,Avant Arte,2787584,instagram,post,carousel,Edition;Mickalene_MultiTL_25,48306,40626,2122,1897,18,74,133,73421,,,,,,18217282396294394
MiwaKomat_Innocent_25,2025-03-05 10:01:24,Avant Arte,2786960,instagram,story,photo,Edition;MiwaKomat_Innocent_25,10128,9717,0,,0,0,,,1072,8435,191,0.042456556,,18074755489685819
MiwaKomat_Innocent_25,2025-03-05 10:01:16,Avant Arte,2786960,instagram,story,photo,Edition;MiwaKomat_Innocent_25,11923,11336,0,,0,0,,,1049,8556,118,0.18451732,,18053972956904152
MiwaKomat_Innocent_25,2025-03-05 10:00:00,Avant Arte,2786960,instagram,post,carousel,Edition;MiwaKomat_Innocent_25,42668,35366,836,805,3,6,22,65078,,,,,,18062179570790335
HarlandMi_York_25,2025-03-04 14:02:16,Avant Arte,2786754,instagram,story,photo,Edition;HarlandMi_York_25,35820,35820,0,,0,0,,,3652,26652,334,0.14466779,,18073147165697881
HarlandMi_York_25,2025-03-04 14:01:36,Avant Arte,2786754,instagram,post,carousel,Edition;HarlandMi_York_25,172047,142472,4914,4064,18,115,717,234748,,,,,,18067674463876590
TomasSanc_Pair_25,2025-03-03 17:27:27,Avant Arte,2786613,instagram,story,video,Edition;TomasSanc_Pair_25,5581,5581,0,,0,0,,,703,4788,83,0.0012542555,,18073275244781690
TomasSanc_Pair_25,2025-03-03 17:27:17,Avant Arte,2786613,instagram,story,photo,Edition;TomasSanc_Pair_25,5750,5750,0,,0,0,,,285,5321,105,0.0067826086,,17896013181169758
TomasSanc_Pair_25,2025-03-03 17:26:55,Avant Arte,2786613,instagram,story,video,Edition;TomasSanc_Pair_25,5929,5929,0,,0,0,,,269,5408,125,0.021420138,,17842933371440142
TomasSanc_Pair_25,2025-03-03 17:26:35,Avant Arte,2786613,instagram,story,photo,Edition;TomasSanc_Pair_25,6490,6490,0,,0,0,,,488,5302,94,0.09337442,,17961711188900292
TomasSanc_Pair_25,2025-03-03 17:18:08,Avant Arte,2786595,instagram,post,carousel,Edition;TomasSanc_Pair_25,56501,47785,2860,2621,12,40,187,83570,,,,,,18036273344241488
JammieHol_Print_25,2025-03-03 14:06:44,Avant Arte,2786529,instagram,story,photo,Edition;JammieHol_Print_25,14685,13960,0,,0,0,,,1652,10281,130,0.17854954,,17959425446884576
Mickalene_MultiTL_25,2025-02-28 17:03:17,Avant Arte,2784770,instagram,story,photo,Edition;Mickalene_MultiTL_25,10294,10057,0,,0,0,,,1068,8258,119,0.08247523,,18062086744965109
Mickalene_MultiTL_25,2025-02-28 17:00:44,Avant Arte,2784770,instagram,story,video,Edition;Mickalene_MultiTL_25,11876,11647,0,,0,0,,,985,8246,90,0.21513978,,17957734418909787
Mickalene_MultiTL_25,2025-02-28 17:00:00,Avant Arte,2784770,instagram,collaboration,reel,Edition;Mickalene_MultiTL_25,50492,54949,6251,5888,49,58,255,76092,,,,,66618,18058421261087216
ShirinNes_TL_25,2025-02-28 10:26:55,Avant Arte,2784650,instagram,story,photo,Edition;ShirinNes_TL_25,12806,12464,0,,0,0,,,1501,9490,119,0.13243791,,18075982540737341
ShirinNes_TL_25,2025-02-27 14:00:00,Avant Arte,2784342,instagram,collaboration,reel,Edition;ShirinNes_TL_25,92775,91493,4452,3738,43,70,600,126660,,,,,122383,17865326478344316
ShirinNes_TL_25,2025-02-26 14:00:19,Avant Arte,2783847,instagram,story,video,Edition;ShirinNes_TL_25,14838,14428,0,,0,0,,,1638,10452,133,0.17623669,,18048058361215542
ShirinNes_TL_25,2025-02-26 14:00:00,Avant Arte,2783847,instagram,post,carousel,Edition;ShirinNes_TL_25,53302,44085,1780,1706,20,9,45,80793,,,,,,18052455761174673
JammieHol_Print_25,2025-02-26 11:04:31,Avant Arte,2783807,instagram,story,video,Edition;JammieHol_Print_25,4305,4291,0,,0,0,,,724,2875,21,0.15911731,,18085736578523344
JammieHol_Print_25,2025-02-26 11:00:32,Avant Arte,2783807,instagram,post,carousel,Edition;JammieHol_Print_25,51019,40942,681,612,5,16,48,78806,,,,,,18036943043605663
Mickalene_MultiTL_25,2025-02-25 17:00:54,Avant Arte,2783560,instagram,story,photo,Edition;Mickalene_MultiTL_25,2821,2821,0,,0,0,,,373,2326,44,0.02764977,,17997774485754568
Mickalene_MultiTL_25,2025-02-25 17:00:43,Avant Arte,2783560,instagram,story,video,Edition;Mickalene_MultiTL_25,3434,3434,0,,0,0,,,283,2506,32,0.17850903,,18353920903178725
Mickalene_MultiTL_25,2025-02-25 17:00:00,Avant Arte,2783560,instagram,collaboration,reel,Edition;Mickalene_MultiTL_25,,,,83,8,,,,,,,,,18081160432721578
TomasSanc_Pair_25,2025-02-24 17:05:00,Avant Arte,2783078,instagram,post,carousel,Edition;TomasSanc_Pair_25,130882,110648,5968,5345,22,112,489,180734,,,,,,17988018767789317
TomasSanc_Pair_25,2025-02-24 17:00:05,Avant Arte,2783078,instagram,story,video,Edition;TomasSanc_Pair_25,15330,14589,0,,0,0,,,2144,10161,98,0.19093281,,17896906446153516
JamesJean_Maze_25,2025-02-21 09:21:39,Avant Arte,2779104,instagram,story,photo,Edition;JamesJean_Maze_25,51790,50070,0,,0,0,,,5046,37715,540,0.16391195,,18071336362812981
JamesJean_Maze_25,2025-02-21 08:51:38,Avant Arte,2779104,instagram,story,photo,Edition;JamesJean_Maze_25,0,0,0,,0,0,,,,,,,,17863426545345106
JamesJean_Maze_25,2025-02-20 17:00:00,Avant Arte,2778667,instagram,post,carousel,Edition;JamesJean_Maze_25,90145,68721,1283,1209,8,7,58,132576,,,,,,18286815712220963
TakuObata_BBoy_24,2025-02-20 10:00:12,Avant Arte,2778413,instagram,story,video,Edition;TakuObata_BBoy_24,18119,17255,0,,0,0,,,2187,12700,192,0.16777968,,17897974926113953
JamesJean_Maze_25,2025-02-19 17:45:43,Avant Arte,2777781,instagram,story,photo,Edition;JamesJean_Maze_25,10069,9545,0,,0,0,,,1025,8379,176,0.048564903,,17912029467076294
JamesJean_Maze_25,2025-02-19 17:04:08,Avant Arte,2777781,instagram,story,video,Edition;JamesJean_Maze_25,12473,11700,0,,0,0,,,1458,8648,104,0.18143189,,17871542874297006
JamesJean_Maze_25,2025-02-19 17:00:00,Avant Arte,2777708,instagram,post,carousel,Edition;JamesJean_Maze_25,70705,60314,2185,2083,12,14,75,104147,,,,,,18021009464459130
ShirinNes_TL_25,2025-02-19 15:03:18,Avant Arte,2777587,instagram,collaboration,reel,Edition;Reel;ShirinNes_TL_25,68298,71398,2627,2256,41,88,242,94755,,,,,90582,18053663342513272
GeorgeCondo_Model_25,2025-02-17 13:01:39,Avant Arte,2776210,instagram,story,photo,Edition;GeorgeCondo_Model_25,12355,12355,0,,0,0,,,886,10466,271,0.059247267,,17924026533033710
GeorgeCondo_Model_25,2025-02-17 13:01:18,Avant Arte,2776210,instagram,story,photo,Edition;GeorgeCondo_Model_25;Make-Ready,15312,15301,0,,0,0,,,1370,10227,119,0.23484848,,17949349640926301
WillCotto_Unicorn_25,2025-02-13 14:01:08,Avant Arte,2773776,instagram,story,photo,Edition;WillCotto_Unicorn_25,26402,25315,0,,0,0,,,2963,19436,233,0.14279221,,18032913209254864
JamesJean_Maze_25,2025-02-12 16:26:13,Avant Arte,2773297,instagram,story,photo,Edition;JamesJean_Maze_25,35621,33779,0,,0,0,,,3889,26296,296,0.1442969,,18123434284413866
GeorgeCondo_Model_25,2025-02-08 14:00:00,Avant Arte,2770280,instagram,post,carousel,Edition;GeorgeCondo_Model_25;Make-Ready,56919,49633,1633,1565,12,13,43,85445,,,,,,18051325649156616
BarryMcge_TL2_25,2025-02-07 12:00:21,Avant Arte,2769588,instagram,story,photo,BarryMcge_TL2_25;Edition,5035,5035,0,,0,0,,,671,4042,114,0.041310824,,18144511312370762
HajimeSor_Untitled_25,2025-02-07 10:10:03,Avant Arte,2769521,instagram,story,video,Edition;HajimeSor_Untitled_25,14731,14267,0,,0,0,,,1957,10165,136,0.16787727,,17897365230134523
BarryMcge_TL2_25,2025-02-06 17:00:23,Avant Arte,2768902,instagram,collaboration,carousel,BarryMcge_TL2_25;Edition,131049,114571,3973,3489,19,53,412,170540,,,,,,18066266419850442
BarryMcge_TL2_25,2025-02-06 17:00:00,Avant Arte,2768902,instagram,story,photo,BarryMcge_TL2_25;Edition;Make-Ready,20520,19945,0,,0,0,,,2454,14450,168,0.16803119,,18038748785577975
WillCotto_Unicorn_25,2025-02-06 15:05:23,Avant Arte,2768808,instagram,post,reel,Edition;Reel;WillCotto_Unicorn_25,142696,136507,10000,8827,15,105,1053,231658,,,,,229505,18122129602420242
BarryMcge_TL2_25,2025-02-05 17:00:13,Avant Arte,2768031,instagram,story,photo,BarryMcge_TL2_25;Edition,30516,29298,0,,0,0,,,3394,22092,277,0.15575436,,18255821728286953
BarryMcge_TL2_25,2025-02-05 17:00:00,Avant Arte,2768031,instagram,post,carousel,BarryMcge_TL2_25;Edition;Make-Ready,58516,51962,1122,1068,7,6,41,83110,,,,,,18076729060653029
,2025-02-04 17:06:44,Avant Arte,2767371,instagram,story,photo,Edition,14775,14724,0,,0,0,,,1883,12092,220,0.0392555,,18480195934015457
JammieHol_Print_25,2025-02-04 14:00:21,Avant Arte,2767291,instagram,story,photo,Edition;JammieHol_Print_25,10318,10197,0,,0,0,,,1075,9041,226,0,,17935705679988091
JammieHol_Print_25,2025-02-04 14:00:11,Avant Arte,2767291,instagram,story,photo,Edition;JammieHol_Print_25,12542,12193,0,,0,0,,,1123,8854,100,0.19653963,,18078937954625216
JammieHol_Print_25,2025-02-04 14:00:00,Avant Arte,2767291,instagram,post,carousel,Edition;JammieHol_Print_25,43388,35449,1302,1182,11,28,80,66696,,,,,,17892533040074885
ShirinNes_TL_25,2025-02-03 14:01:18,Avant Arte,2766603,instagram,story,photo,Edition;ShirinNes_TL_25,34670,32455,0,,0,0,,,3314,18692,202,0.3594462,,18072530791690208
ShirinNes_TL_25,2025-02-03 14:00:10,Avant Arte,2766603,instagram,collaboration,carousel,Edition;ShirinNes_TL_25,100557,87703,5602,5191,48,81,280,151555,,,,,,18061889209821881
,2025-02-01 17:15:47,Avant Arte,2764580,instagram,story,photo,Edition,16373,16050,0,,0,0,,,1659,13206,721,0.04806694,,17864678223323340
,2025-02-01 17:09:26,Avant Arte,2764580,instagram,story,photo,Edition,20929,20595,0,,0,0,,,1948,13792,174,0.23961967,,17943712718958498
JamesJean_Maze_25,2025-01-31 14:05:35,Avant Arte,2763660,instagram,story,photo,Edition;JamesJean_Maze_25,8143,8022,0,,0,0,,,418,7366,224,0.016578656,,18036299807169383
JammieHol_Print_25,2025-01-31 14:04:49,Avant Arte,2763660,instagram,story,photo,Edition;JammieHol_Print_25,8629,8599,0,,0,0,,,425,7583,170,0.052265614,,18021722327401196
ShirinNes_TL_25,2025-01-31 14:03:55,Avant Arte,2763660,instagram,story,photo,Edition;ShirinNes_TL_25,10700,10700,0,,0,0,,,907,7371,90,0.21794392,,18088428643558387
AiWeiwei_Snake_25,2025-01-30 09:58:01,Avant Arte,2762557,instagram,story,photo,AiWeiwei_Snake_25;Edition,9271,9120,0,,0,0,,,1256,7032,70,0.09847913,,18053147467887464
AiWeiwei_Snake_25,2025-01-29 14:15:21,Avant Arte,2761708,instagram,story,photo,AiWeiwei_Snake_25;Edition,10189,9836,0,,0,0,,,1183,8434,302,0.026499165,,17931932186995360
AiWeiwei_Snake_25,2025-01-29 14:15:02,Avant Arte,2761708,instagram,story,photo,AiWeiwei_Snake_25;Edition,12553,12089,0,,0,0,,,1213,8640,106,0.20664383,,17965407002836973
AiWeiwei_Snake_25,2025-01-29 14:00:00,Avant Arte,2761708,instagram,post,carousel,AiWeiwei_Snake_25;Edition,53422,44269,1152,1080,17,9,46,81638,,,,,,18086266462562434
JammieHol_Print_25,2025-01-28 14:01:18,Avant Arte,2761202,instagram,story,photo,Edition;JammieHol_Print_25,19218,18521,0,,0,0,,,2266,14788,311,0.09642002,,18105479089482291
JammieHol_Print_25,2025-01-28 14:00:00,Avant Arte,2761202,instagram,post,carousel,Edition;JammieHol_Print_25,77191,64252,4856,4488,24,133,210,111538,,,,,,17921599788036037
ShirinNes_TL_25,2025-01-28 11:03:53,Avant Arte,2761124,instagram,story,photo,Edition;ShirinNes_TL_25,13333,12741,0,,0,0,,,1453,9663,151,0.15495387,,17958841409887241
Multiple_Amphorae_24,2025-01-27 17:01:36,Avant Arte,2760749,instagram,story,video,Edition;Multiple_Amphorae_24,8696,8235,0,,0,0,,,931,6655,141,0.11143054,,18283183849223359
JamesJean_Maze_25,2025-01-27 16:15:12,Avant Arte,2760706,instagram,story,photo,Edition;JamesJean_Maze_25,8395,8033,0,,0,0,,,431,7529,158,0.03299583,,18065761252852845
JamesJean_Maze_25,2025-01-27 16:14:52,Avant Arte,2760706,instagram,story,video,Edition;JamesJean_Maze_25,8877,8478,0,,0,0,,,439,7632,207,0.06747775,,18329630266087488
JamesJean_Maze_25,2025-01-27 16:14:39,Avant Arte,2760706,instagram,story,photo,Edition;JamesJean_Maze_25,11489,10971,0,,0,0,,,1011,7590,80,0.2444077,,18262581004258105
JamesJean_Maze_25,2025-01-27 16:03:28,Avant Arte,2760706,instagram,collaboration,reel,Edition;JamesJean_Maze_25;Reel,150188,141058,8032,7011,51,131,838,210367,,,,,204228,17894268825152766
AiWeiwei_Snake_25,2025-01-27 12:07:10,Avant Arte,2760558,instagram,post,reel,AiWeiwei_Snake_25;Edition;Reel,101040,101930,6181,4715,16,440,1010,134513,,,,,132533,17888663028187856
DanielleM_Sand_25,2025-01-24 12:01:49,Avant Arte,2757983,instagram,story,photo,DanielleM_Sand_25;Edition,44664,44048,0,,0,0,,,4742,32777,470,0.14944921,,18033871766615090
DanielleM_Sand_25,2025-01-23 17:01:47,Avant Arte,2757410,instagram,story,photo,DanielleM_Sand_25;Edition,30823,30551,0,,0,0,,,3533,22084,321,0.15848555,,18041923307066236
DanielleM_Sand_25,2025-01-23 17:00:16,Avant Arte,2757410,instagram,post,reel,DanielleM_Sand_25;Edition;Reel,53246,51305,2453,2195,38,88,133,73019,,,,,71552,17894573565054469
ShirinNes_TL_25,2025-01-22 17:00:07,Avant Arte,2756882,instagram,story,photo,Edition;ShirinNes_TL_25,57472,57472,0,,0,2,,,6178,42582,555,0.14192998,,18058640167799614
BarryMcge_TL2_25,2025-01-21 14:00:16,Avant Arte,2756423,instagram,story,photo,BarryMcge_TL2_25;Edition,24419,23374,0,,0,0,,,2853,16984,204,0.17928661,,18034450088590079
BarryMcge_TL2_25,2025-01-21 14:00:00,Avant Arte,2756423,instagram,post,carousel,BarryMcge_TL2_25;Edition,72663,61956,3176,2759,47,53,317,106263,,,,,,17933211575988823
WillCotto_Unicorn_25,2025-01-20 14:14:33,Avant Arte,2755923,instagram,story,photo,Edition;WillCotto_Unicorn_25,18494,17298,0,,0,0,,,2084,14296,310,0.09754515,,18462454384064392
WillCotto_Unicorn_25,2025-01-20 14:12:12,Avant Arte,2755923,instagram,post,carousel,Edition;WillCotto_Unicorn_25,63022,53047,1257,1175,4,10,68,92332,,,,,,17895659856133305
TakuObata_Resin_25,2025-01-20 10:07:28,Avant Arte,2755761,instagram,story,photo,Edition;TakuObata_Resin_25,20542,20205,0,,0,0,,,2321,14103,180,0.1917048,,18021016097396862
TakuObata_Resin_25,2025-01-20 10:01:53,Avant Arte,2755761,instagram,post,carousel,Edition;TakuObata_Resin_25,140153,120733,6484,5895,32,68,488,198330,,,,,,17918783370042259
GeorgeCondo_Model_25,2025-01-15 17:00:30,Avant Arte,2753700,instagram,story,photo,Edition;GeorgeCondo_Model_25,11205,10876,0,,0,0,,,1134,9185,342,0.048549756,,18325338244090488
GeorgeCondo_Model_25,2025-01-15 17:00:26,Avant Arte,2753700,instagram,story,photo,Edition;GeorgeCondo_Model_25,13688,13179,0,,0,0,,,1251,9385,99,0.2157364,,18478976566042006
GeorgeCondo_Model_25,2025-01-15 17:00:00,Avant Arte,2753700,instagram,post,carousel,Edition;GeorgeCondo_Model_25,81129,68948,2077,1952,25,25,76,112616,,,,,,18017416640643379
BarryMcge_TL2_25,2025-01-13 20:03:25,Avant Arte,2753142,instagram,story,photo,BarryMcge_TL2_25;Edition,11275,11142,0,,0,0,,,1559,8511,169,0.0918847,,17937371915843400
BarryMcge_TL2_25,2025-01-13 20:00:00,Avant Arte,2753142,instagram,post,carousel,BarryMcge_TL2_25;Edition,119581,99762,5046,4522,62,86,376,167165,,,,,,17905798389067518
Multiple_Amphorae_24,2025-01-13 17:03:26,Avant Arte,2753071,instagram,story,video,Edition;Multiple_Amphorae_24,14373,14308,0,,0,0,,,1732,9343,119,0.2211786,,18018844796433765
Multiple_Amphorae_24,2025-01-13 17:00:00,Avant Arte,2753071,instagram,post,carousel,Edition;Multiple_Amphorae_24,66919,56826,2891,2709,8,24,150,95951,,,,,,18054382100049805
AiWeiwei_Snake_25,2025-01-10 14:00:27,Avant Arte,2750741,instagram,story,photo,AiWeiwei_Snake_25;Edition,14933,14448,0,,0,0,,,1403,12450,377,0.047076944,,17915800323025775
AiWeiwei_Snake_25,2025-01-10 14:00:05,Avant Arte,2750741,instagram,story,photo,AiWeiwei_Snake_25;Edition,17804,16971,0,,0,1,,,1524,12163,163,0.22208492,,18034739927599560
AiWeiwei_Snake_25,2025-01-10 14:00:00,Avant Arte,2750741,instagram,post,carousel,AiWeiwei_Snake_25;Edition;Make-Ready,80483,65191,2494,2331,13,21,129,121188,,,,,,17942911940943595
WillCotto_Unicorn_25,2025-01-09 14:01:28,Avant Arte,2748471,instagram,story,photo,Edition;WillCotto_Unicorn_25,75982,75982,0,,0,0,,,7083,56928,878,0.14599511,,18299295889226247
,2025-01-08 17:45:06,Avant Arte,2744502,instagram,post,carousel,Edition,99847,85320,3918,3404,11,94,409,142183,,,,,,18479624563042765
TakuObata_Resin_25,2025-01-08 10:00:04,Avant Arte,2743995,instagram,story,photo,Edition;TakuObata_Resin_25,28758,28758,0,,0,0,,,3403,20351,259,0.16499756,,18056904211800758
AiWeiwei_Snake_25,2025-01-07 11:01:22,Avant Arte,2743885,instagram,story,photo,AiWeiwei_Snake_25;Edition;Make-Ready,20313,20313,0,,0,0,,,2614,14346,226,0.15394083,,17842693140400438
AiWeiwei_Snake_25,2025-01-07 11:00:11,Avant Arte,2743885,instagram,post,carousel,AiWeiwei_Snake_25;Edition,162214,143511,9139,8442,13,161,523,216873,,,,,,18042708566027677
DanielleM_Sand_25,2025-01-06 17:01:23,Avant Arte,2743659,instagram,story,photo,DanielleM_Sand_25;Edition,13849,13375,0,,0,0,,,1383,11277,436,0.054372158,,17977125812660905
DanielleM_Sand_25,2025-01-06 17:01:16,Avant Arte,2743659,instagram,story,photo,DanielleM_Sand_25;Edition,16967,16374,0,,0,0,,,1486,11758,159,0.21005481,,18054012911082376
DanielleM_Sand_25,2025-01-06 17:00:07,Avant Arte,2743659,instagram,collaboration,carousel,DanielleM_Sand_25;Edition,254285,258252,22505,18414,236,1092,2733,586145,,,,,,17993634566595355
,2024-12-24 11:00:00,Avant Arte,2741423,instagram,post,reel,Edition,106712,106798,2882,2605,19,97,161,155391,,,,,154334,17854840242345374
JamesJean_Maze_25,2024-12-20 14:01:42,Avant Arte,2740668,instagram,story,photo,Edition;JamesJean_Maze_25,23628,23252,0,,0,,,,2401,17008,215,0.16945997,,18057109306899290
Multiple_Amphorae_24,2024-12-19 17:06:10,Avant Arte,2740840,instagram,story,photo,Edition;Multiple_Amphorae_24,8278,7870,0,,0,,,,874,6801,123,0.05798502,,18472152478046493
Multiple_Amphorae_24,2024-12-19 17:06:06,Avant Arte,2740840,instagram,story,video,Edition;Multiple_Amphorae_24,11912,11442,0,,0,,,,997,6979,84,0.32337138,,18060059602895239
AnnaRidle_PriceStem_24,2024-12-18 18:20:09,Avant Arte,2740651,instagram,post,reel,AnnaRidle_PriceStem_24;Edition;Reel,119852,118061,6735,5135,30,370,1200,168300,,,,,167234,18014797787443478
Multiple_Amphorae_24,2024-12-17 15:58:25,Avant Arte,2740409,instagram,story,photo,Edition;Multiple_Amphorae_24,40540,40540,0,,0,,,,4123,29418,343,0.16418353,,18102002782481840
Multiple_Amphorae_24,2024-12-11 10:09:54,Avant Arte,2738625,instagram,story,photo,Edition;Multiple_Amphorae_24,12447,11959,0,,0,,,,1803,9092,101,0.11657427,,17951562014857940
Multiple_Amphorae_24,2024-12-10 17:54:42,Avant Arte,2738412,instagram,story,video,Edition;Multiple_Amphorae_24,5337,5227,0,,0,,,,606,4662,60,0.0016863407,,17905558007982058
Multiple_Amphorae_24,2024-12-10 17:53:56,Avant Arte,2738412,instagram,story,photo,Edition;Multiple_Amphorae_24,5473,5426,0,,0,,,,184,5127,75,0.015896218,,17992346954592448
Multiple_Amphorae_24,2024-12-10 17:48:49,Avant Arte,2738412,instagram,story,video,Edition;Multiple_Amphorae_24,5725,5600,0,,0,,,,301,5215,75,0.023406114,,18115427392417490
Multiple_Amphorae_24,2024-12-10 17:01:30,Avant Arte,2738395,instagram,story,photo,Edition;Multiple_Amphorae_24,6450,6292,0,,0,,,,467,5493,119,0.05751938,,17938682846940826
Multiple_Amphorae_24,2024-12-10 17:00:45,Avant Arte,2738395,instagram,story,video,Edition;Multiple_Amphorae_24,8380,8107,0,,0,,,,870,5511,77,0.2293556,,17937729095943063
Multiple_Amphorae_24,2024-12-10 17:00:00,Avant Arte,2738395,instagram,post,carousel,Edition;Multiple_Amphorae_24,56221,48181,1998,1808,11,30,149,79935,,,,,,18017416574391787
AiWeiwei_TondoWood_24,2024-12-10 10:53:35,Avant Arte,2738353,instagram,story,photo,AiWeiwei_TondoWood_24;Edition,4657,4478,0,,0,,,,521,3958,140,0.008159759,,18111814036432400
AiWeiwei_TondoWood_24,2024-12-10 10:53:06,Avant Arte,2738353,instagram,story,photo,AiWeiwei_TondoWood_24;Edition,5763,5703,0,,0,,,,581,4119,49,0.17595002,,17850574662317020
AiWeiwei_TondoWood_24,2024-12-10 06:00:00,Avant Arte,2738331,instagram,post,carousel,AiWeiwei_TondoWood_24;Edition;Make-Ready,114504,99804,8095,7647,7,84,357,156414,,,,,3999,18050049785082451
JoseParla_America_24,2024-12-01 14:00:42,Avant Arte,2736772,instagram,story,photo,Edition;JoseParla_America_24,10939,10751,0,,0,,,,1040,8570,148,0.10796234,,18055646146932598
JoseParla_America_24,2024-12-01 14:00:27,Avant Arte,2736772,instagram,story,photo,Edition;JoseParla_America_24,10813,10530,0,,0,,,,546,9388,202,0.06260982,,18033706136107931
JoseParla_America_24,2024-12-01 14:00:16,Avant Arte,2736772,instagram,story,photo,Edition;JoseParla_America_24,13841,13351,0,,0,,,,1157,9093,115,0.2511379,,17906474625062554
JoseParla_America_24,2024-12-01 13:59:31,Avant Insiders,74457,instagram,post,carousel,Edition;JoseParla_America_24,2174,1882,91,89,1,1,0,3226,,,,,,18060928462861723
JoseParla_America_24,2024-11-22 14:32:30,Avant Arte,,instagram,story,photo,Edition;JoseParla_America_24,13640,13337,0,,0,,,,1782,9363,129,0.17346041,,18032878088118343
,2024-11-21 18:11:38,Avant Arte,2734077,instagram,post,carousel,Edition,412401,335928,8490,6434,352,1017,689,535566,,,,,,17959295804722130
,2024-11-21 18:04:26,Avant Arte,,instagram,story,photo,Edition,10256,9929,0,,0,,,,987,7033,66,0.21158347,,18109421461437573
,2024-11-20 14:09:56,Avant Insiders,,instagram,story,photo,Edition,562,548,0,,0,,,,75,462,49,0,,17850535479341395
,2024-11-20 14:09:50,Avant Insiders,,instagram,story,photo,Edition,636,621,0,,0,,,,72,482,6,0.11949685,,17946059561779805
,2024-11-20 14:09:40,Avant Insiders,74448,instagram,post,carousel,Edition,4949,4219,185,168,1,2,14,6723,,,,,1147,17948059073899433
AiWeiwei_TondoWood_24,2024-11-20 14:02:34,Avant Arte,,instagram,story,video,AiWeiwei_TondoWood_24;Edition,5667,5601,0,,0,,,,637,4915,91,0.004235045,,18015343472647444
AiWeiwei_TondoWood_24,2024-11-20 14:02:17,Avant Arte,,instagram,story,photo,AiWeiwei_TondoWood_24;Edition,5942,5860,0,,0,,,,248,5405,69,0.037024572,,18028089836429630
AiWeiwei_TondoWood_24,2024-11-20 14:02:06,Avant Arte,,instagram,story,video,AiWeiwei_TondoWood_24;Edition,6218,6087,0,,0,,,,327,5483,158,0.040205855,,18468906340065078
AiWeiwei_TondoWood_24,2024-11-20 14:01:37,Avant Arte,,instagram,story,photo,AiWeiwei_TondoWood_24;Edition,7863,7513,0,,0,,,,738,5279,63,0.22675824,,18172564531308878
AiWeiwei_TondoWood_24,2024-11-20 14:00:00,Avant Arte,2734143,instagram,post,carousel,AiWeiwei_TondoWood_24;Edition,104793,88738,4756,4394,30,84,248,147585,,,,,,17864033196201357
JoseParla_America_24,2024-11-19 18:00:59,Avant Insiders,,instagram,story,photo,Edition;JoseParla_America_24,867,846,0,,0,,,,120,451,23,0.31487888,,18472371673006890
JoseParla_America_24,2024-11-19 18:00:34,Avant Insiders,,instagram,story,photo,Edition;JoseParla_America_24,881,857,0,,0,,,,35,543,39,0.2996595,,18427868134078972
JoseParla_America_24,2024-11-19 18:00:28,Avant Insiders,,instagram,story,photo,Edition;JoseParla_America_24,1001,969,0,,0,,,,83,519,10,0.38861138,,17872417731141621
ClaireTab_Tapestry_24,2024-11-19 15:15:06,Avant Arte,,instagram,story,video,ClaireTab_Tapestry_24;Edition,10634,10424,0,,0,,,,1102,8786,263,0.04542035,,18063532120811133
ClaireTab_Tapestry_24,2024-11-19 15:13:51,Avant Arte,,instagram,story,photo,ClaireTab_Tapestry_24;Edition,12689,12267,0,,0,,,,1100,8920,117,0.20111908,,18145773676354492
ClaireTab_Tapestry_24,2024-11-19 14:44:44,Avant Arte,,instagram,story,photo,ClaireTab_Tapestry_24;Edition,0,0,0,,0,,,,,,,,,18052658500800804
ClaireTab_Tapestry_24,2024-11-19 14:40:07,Avant Insiders,74435,instagram,post,carousel,ClaireTab_Tapestry_24;Edition,4255,3612,275,245,4,4,22,5923,,,,,,18085933285516036
ClaireTab_Tapestry_24,2024-11-19 14:37:42,Avant Arte,2734144,instagram,post,carousel,ClaireTab_Tapestry_24;Edition,81282,64860,3736,3434,9,45,247,116980,,,,,13314,18206118826290059
JoseParla_America_24,2024-11-11 14:04:41,Avant Insiders,74465,instagram,post,carousel,Edition;JoseParla_America_24,2519,2196,148,144,1,1,2,3722,,,,,,18334975411145558
JoseParla_America_24,2024-11-11 14:01:48,Avant Arte,,instagram,story,photo,Edition;JoseParla_America_24,22285,22162,0,,0,,,,2732,15239,177,0.18564056,,18037556582221585
JoseParla_America_24,2024-11-11 14:00:03,Avant Arte,2734543,instagram,post,carousel,Edition;JoseParla_America_24,58439,48951,1768,1686,6,15,61,90000,,,,,,18065571940672345
Wookukwo_PairLE_24,2024-11-06 14:06:49,Avant Arte,,instagram,story,video,Edition;Wookukwo_PairLE_24,15394,14887,0,,0,,,,2056,10128,175,0.19715473,,18470125375035184
AiWeiwei_TondoWood_24,2024-11-06 14:00:15,Avant Arte,,instagram,story,photo,AiWeiwei_TondoWood_24;Edition,3818,3365,0,,0,,,,367,2353,18,0.28287062,,17954456519839784
Wookukwo_PairLE_24,2024-11-06 13:18:39,Avant Arte,,instagram,story,video,Edition;Wookukwo_PairLE_24,0,0,0,,0,,,,,,,,,18043030697479476
Wookukwo_PairLE_24,2024-11-06 11:01:01,Avant Arte,2733985,instagram,post,reel,Edition;Wookukwo_PairLE_24,65889,57318,768,651,5,24,88,83428,,,,,82856,18055885111894622
AiWeiWei_CCTV_24,2024-10-31 14:02:56,Avant Arte,,instagram,story,photo,AiWeiWei_CCTV_24;Edition,10156,9702,0,,0,,,,948,8534,321,0.034757778,,18066852046598018
AiWeiWei_CCTV_24,2024-10-31 14:02:05,Avant Arte,,instagram,story,photo,AiWeiWei_CCTV_24;Edition,11666,11475,0,,0,,,,954,8311,166,0.19158238,,17868106116232844
AiWeiWei_CCTV_24,2024-10-31 14:00:30,Avant Arte,2733642,instagram,post,carousel,AiWeiWei_CCTV_24;Edition,57227,48557,1081,1049,2,2,28,84401,,,,,475,17914410284921024
JackKaido_ICYMI_24,2024-10-30 18:08:08,Avant Arte,,instagram,story,photo,Edition;JackKaido_ICYMI_24,6782,6782,0,,0,,,,514,5853,85,0.048658215,,17991796289710582
JackKaido_ICYMI_24,2024-10-30 18:07:43,Avant Arte,,instagram,story,photo,Edition;JackKaido_ICYMI_24,7552,7438,0,,0,,,,528,5942,118,0.12764831,,18258326128249605
ClaireTab_Tapestry_24,2024-10-30 14:02:36,Avant Arte,,instagram,story,photo,ClaireTab_Tapestry_24;Edition,13909,13068,0,,0,,,,1580,8277,127,0.2821914,,18062957236740237
ClaireTab_Tapestry_24,2024-10-30 14:00:00,Avant Arte,2733596,instagram,post,carousel,ClaireTab_Tapestry_24;Edition;Q4 NT Avg Interactions OKR,62618,50408,3089,2840,10,52,186,90526,,,,,,18050006179986775
GraysonPE_Magical_24,2024-10-28 14:00:43,Avant Arte,,instagram,story,photo,Edition;GraysonPE_Magical_24,7622,7269,0,,0,,,,504,6774,100,0.032012597,,18468581788033628
GraysonPE_Magical_24,2024-10-28 14:00:36,Avant Arte,,instagram,story,photo,Edition;GraysonPE_Magical_24,8014,7595,0,,0,,,,336,7046,75,0.06950337,,18045622445295804
GraysonPE_Magical_24,2024-10-28 14:00:31,Avant Arte,,instagram,story,photo,Edition;GraysonPE_Magical_24,9917,9329,0,,0,,,,849,6638,71,0.23787436,,17922914822878383
GraysonPE_Magical_24,2024-10-28 14:00:00,Avant Arte,2733703,instagram,post,carousel,Edition;GraysonPE_Magical_24,66226,55360,3188,3029,4,19,136,100092,,,,,,18090397693449552
GraysonPE_Magical_24,2024-10-25 15:06:03,Avant Arte,,instagram,story,photo,Edition;GraysonPE_Magical_24,6331,6139,0,,0,,,,631,5398,95,0.03269626,,18045155680874090
GraysonPE_Magical_24,2024-10-25 15:05:15,Avant Arte,,instagram,story,video,Edition;GraysonPE_Magical_24;Make-Ready,6740,6493,0,,0,,,,427,5722,127,0.06884273,,18049406176946236
GraysonPE_Magical_24,2024-10-25 15:00:00,Avant Arte,2733352,instagram,post,reel,Edition;GraysonPE_Magical_24;Make-Ready,51858,46494,839,764,2,4,69,69135,,,,,68345,18044467712071928
AiWeiWei_CCTV_24,2024-10-25 11:06:33,Avant Arte,,instagram,story,photo,AiWeiWei_CCTV_24;Edition,6527,6509,0,,0,,,,475,5852,230,0,,18011759474418669
AiWeiWei_CCTV_24,2024-10-25 11:06:01,Avant Arte,,instagram,story,photo,AiWeiWei_CCTV_24;Edition,6853,6838,0,,0,,,,288,6238,149,0.025974026,,18075022972585283
AiWeiWei_CCTV_24,2024-10-25 11:05:26,Avant Arte,,instagram,story,video,AiWeiWei_CCTV_24;Edition,8101,7997,0,,0,,,,756,6044,94,0.14899395,,17852494788305617
AiWeiWei_CCTV_24,2024-10-25 11:00:00,Avant Arte,2733334,instagram,post,reel,AiWeiWei_CCTV_24;Edition,50381,48835,1243,1139,5,24,75,69987,,,,,69400,18065543098656541
JoseParla_America_24,2024-10-24 17:09:54,Avant Arte,,instagram,story,photo,Edition;JoseParla_America_24,17005,16655,0,,0,,,,1937,11185,159,0.21899441,,18470551750042224
PietParra_Repeat_24,2024-10-23 16:19:57,Avant Arte,,instagram,story,photo,Edition;PietParra_Repeat_24,8085,7666,0,,0,,,,818,6943,179,0.017934447,,18066794926653798
PietParra_Repeat_24,2024-10-23 16:19:24,Avant Arte,,instagram,story,photo,Edition;PietParra_Repeat_24,8531,8128,0,,0,,,,373,7520,194,0.05204548,,18022809674438018
PietParra_Repeat_24,2024-10-23 16:18:56,Avant Arte,,instagram,story,photo,Edition;PietParra_Repeat_24,10699,10217,0,,0,,,,895,7237,89,0.23161043,,18040768952282752
GraysonPE_Magical_24,2024-10-22 14:03:57,Avant Arte,,instagram,story,photo,Edition;GraysonPE_Magical_24,7742,7742,0,,0,,,,836,6567,121,0.028158098,,18066430129651266
GraysonPE_Magical_24,2024-10-22 14:03:18,Avant Arte,,instagram,story,video,Edition;GraysonPE_Magical_24,8188,8163,0,,0,,,,481,7100,162,0.054347824,,18104422753394889
GraysonPE_Magical_24,2024-10-22 14:02:44,Avant Arte,,instagram,story,photo,Edition;GraysonPE_Magical_24,10460,10430,0,,0,,,,896,6931,72,0.24483748,,18068943823621650
GraysonPE_Magical_24,2024-10-22 14:01:04,Avant Arte,2733211,instagram,post,carousel,Edition;GraysonPE_Magical_24,65492,51697,1195,1085,7,23,80,94615,,,,,5984,18061437712741790
MiwaKomat_WhiBla_24,2024-10-21 11:01:18,Avant Arte,,instagram,story,photo,Edition;MiwaKomat_WhiBla_24,7929,7929,0,,0,,,,893,6599,84,0.044520117,,17925457694861883
MiwaKomat_WhiBla_24,2024-10-21 11:01:05,Avant Arte,,instagram,story,photo,Edition;MiwaKomat_WhiBla_24,8254,8254,0,,0,,,,343,7308,146,0.055367094,,18309989641163838
MiwaKomat_WhiBla_24,2024-10-21 11:00:50,Avant Arte,,instagram,story,photo,Edition;MiwaKomat_WhiBla_24,11494,11337,0,,0,,,,736,7041,120,0.31294587,,18014347499629577
MiwaKomat_WhiBla_24,2024-10-21 11:00:08,Avant Arte,2732867,instagram,post,carousel,Edition;MiwaKomat_WhiBla_24,53589,44578,1341,1298,3,4,36,80032,,,,,,18061008043703814
AlphaCent_Multiple_24,2024-10-20 19:48:38,Avant Arte,,instagram,story,photo,AlphaCent_Multiple_24;Edition,12980,12832,0,,0,,,,1278,10562,245,0.06895223,,18356419708186570
AlphaCent_Multiple_24,2024-10-20 19:47:54,Avant Arte,,instagram,story,photo,AlphaCent_Multiple_24;Edition,16589,16166,0,,0,,,,1501,10769,150,0.25131112,,17881089516156360
Wookukwo_PairLE_24,2024-10-18 11:00:34,Avant Arte,,instagram,story,photo,Edition;Wookukwo_PairLE_24,29973,29588,0,,0,,,,4333,20828,377,0.1479665,,17952500594842384
Wookukwo_PairLE_24,2024-10-18 11:00:00,Avant Arte,2731684,instagram,post,carousel,Edition;Q4 NT Avg Interactions OKR;Wookukwo_PairLE_24,83257,71854,2448,2243,5,43,157,121526,,,,,,18331135552197806
AlphaCent_Multiple_24,2024-10-17 19:02:22,Avant Arte,,instagram,story,photo,AlphaCent_Multiple_24;Edition,16304,16118,0,,0,,,,7411,8717,200,0,,18011617361396898
AlphaCent_Multiple_24,2024-10-17 19:02:17,Avant Arte,,instagram,story,photo,AlphaCent_Multiple_24;Edition,17474,17092,0,,0,,,,1020,15711,217,0.030101866,,17913030707914708
GraysonPE_Magical_24,2024-10-17 14:02:13,Avant Arte,,instagram,story,photo,Edition;GraysonPE_Magical_24,23964,23508,0,,0,,,,6878,16955,290,0,,18283992430214475
GraysonPE_Magical_24,2024-10-17 14:02:06,Avant Arte,,instagram,story,photo,Edition;GraysonPE_Magical_24,24988,24258,0,,0,,,,830,23734,300,0.004962382,,18459075298045705
GraysonPE_Magical_24,2024-10-17 14:01:59,Avant Arte,,instagram,story,photo,Edition;GraysonPE_Magical_24,28966,28106,0,,0,,,,1567,23842,79,0.120071806,,17873220168191855
GraysonPE_Magical_24,2024-10-17 14:00:08,Avant Arte,2731525,instagram,collaboration,carousel,Edition;GraysonPE_Magical_24,66509,53903,1711,1522,15,29,144,98855,,,,,,18050198263937468
JackKaido_ICYMI_24,2024-10-16 17:09:09,Avant Arte,,instagram,story,photo,Edition;JackKaido_ICYMI_24,36967,36006,0,,0,,,,23659,13168,266,0,,18048210634984292
JackKaido_ICYMI_24,2024-10-16 17:08:37,Avant Arte,,instagram,story,photo,Edition;JackKaido_ICYMI_24,38064,37066,0,,0,,,,1006,36404,183,0.012373896,,18047251501981230
MiwaKomat_WhiBla_24,2024-10-16 11:12:43,Avant Arte,,instagram,story,photo,Edition;MiwaKomat_WhiBla_24,42953,40780,0,,0,,,,2224,35826,139,0.11091193,,18043803739891268
AiWeiWei_CCTV_24,2024-10-15 14:00:51,Avant Arte,,instagram,story,photo,AiWeiWei_CCTV_24;Edition,12602,12216,0,,0,,,,1271,10280,364,0.054515157,,17878384089168771
AiWeiWei_CCTV_24,2024-10-15 14:00:33,Avant Arte,,instagram,story,photo,AiWeiWei_CCTV_24;Edition,15503,14774,0,,0,,,,1319,10492,153,0.2282784,,18372106099128008
AiWeiWei_CCTV_24,2024-10-15 14:00:00,Avant Arte,2731014,instagram,post,carousel,AiWeiWei_CCTV_24;Edition,44048,37969,840,807,2,4,27,66705,,,,,,18123103096388607
Beeple_Tree_24,2024-10-11 11:21:07,Avant Arte,,instagram,story,photo,Beeple_Tree_24;Edition,10236,10023,0,,0,,,,1008,8333,120,0.07571317,,18040198199126367
Beeple_Tree_24,2024-10-11 11:20:06,Avant Arte,,instagram,story,photo,Beeple_Tree_24;Edition,12693,12172,0,,0,,,,1131,8392,88,0.242811,,18029381906520384
Beeple_Tree_24,2024-10-09 18:04:20,Avant Arte,,instagram,story,photo,Beeple_Tree_24;Edition,5983,5851,0,,0,,,,589,5259,102,0.0055156276,,18017300129619835
Beeple_Tree_24,2024-10-09 18:04:14,Avant Arte,,instagram,story,photo,Beeple_Tree_24;Edition,6167,5936,0,,0,,,,171,5803,101,0.014918112,,18094423270467345
Beeple_Tree_24,2024-10-09 18:04:08,Avant Arte,,instagram,story,photo,Beeple_Tree_24;Edition,6434,6265,0,,0,,,,263,5850,87,0.036369286,,18037327799511102
Beeple_Tree_24,2024-10-09 18:03:54,Avant Arte,,instagram,story,video,Beeple_Tree_24;Edition,6926,6789,0,,0,,,,380,5946,123,0.068870924,,18053405335892643
Beeple_Tree_24,2024-10-09 18:03:21,Avant Arte,,instagram,story,photo,Beeple_Tree_24;Edition,9086,8883,0,,0,,,,813,5915,69,0.25192603,,17902759031963959
Beeple_Tree_24,2024-10-09 18:02:39,Avant Insiders,74236,instagram,post,carousel,Beeple_Tree_24;Edition,2080,1959,49,43,1,1,4,3785,,,,,482,18043736141095860
Beeple_Tree_24,2024-10-09 18:00:42,Avant Arte,2730204,instagram,post,carousel,Beeple_Tree_24;Edition,52737,46647,1045,992,3,8,42,74696,,,,,,18018329840305647
JohnsonTs_Moment_24,2024-10-08 14:01:20,Avant Arte,,instagram,story,photo,Edition;JohnsonTs_Moment_24,30854,30594,0,,0,,,,3199,21651,272,0.18577819,,18041277263486536
AlphaCent_Multiple_24,2024-10-07 16:03:48,Avant Insiders,,instagram,story,photo,AlphaCent_Multiple_24;Edition,935,926,0,,0,,,,112,763,74,0,,17907822084034890
AlphaCent_Multiple_24,2024-10-07 16:02:24,Avant Insiders,,instagram,story,photo,AlphaCent_Multiple_24;Edition,1151,1145,0,,0,,,,118,815,19,0.17289314,,17940676118876533
AlphaCent_Multiple_24,2024-10-07 16:01:38,Avant Insiders,74242,instagram,post,carousel,AlphaCent_Multiple_24;Edition,2392,2082,88,81,1,3,3,3395,,,,,386,18058402417819318
AlphaCent_Multiple_24,2024-10-07 16:00:47,Avant Arte,,instagram,story,photo,AlphaCent_Multiple_24;Edition,11896,11602,0,,0,,,,1224,9724,238,0.059683926,,18461856130051489
AlphaCent_Multiple_24,2024-10-07 16:00:42,Avant Arte,,instagram,story,photo,AlphaCent_Multiple_24;Edition,15163,14830,0,,0,,,,1449,10119,157,0.22673613,,18062069812662566
AlphaCent_Multiple_24,2024-10-07 16:00:06,Avant Arte,2729319,instagram,post,carousel,AlphaCent_Multiple_24;Edition,68048,54929,3822,3514,8,71,228,99560,,,,,,18018201854624985
JohnsonTs_Moment_24,2024-10-06 18:17:24,Avant Arte,,instagram,story,photo,Edition;JohnsonTs_Moment_24,33903,33356,0,,0,,,,3530,22608,301,0.2201575,,18067116271621623
Beeple_Tree_24,2024-10-05 14:00:00,Avant Arte,2728327,instagram,post,reel,Beeple_Tree_24;Edition;Original Content Reel (NT Only),254916,240674,6789,5555,99,228,907,412981,,,,,412393,18059675731687839
,2024-10-04 18:15:22,Avant Arte,,instagram,story,video,Edition,6541,6489,0,,0,,,,820,5477,152,0.014065128,,18044166455056550
JohnsonTs_Moment_24,2024-10-04 18:13:10,Avant Arte,,instagram,story,photo,Edition;JohnsonTs_Moment_24,7315,7102,0,,0,,,,407,6164,116,0.08585099,,18360797866143572
PietParra_Repeat_24,2024-10-04 14:07:02,Avant Arte,,instagram,story,photo,Edition;PietParra_Repeat_24,6204,5978,0,,0,,,,466,5606,155,0,,18461747611037231
PietParra_Repeat_24,2024-10-04 14:06:56,Avant Arte,,instagram,story,photo,Edition;PietParra_Repeat_24,6366,6151,0,,0,,,,224,6035,122,0,,18093397636474081
PietParra_Repeat_24,2024-10-04 14:05:52,Avant Arte,,instagram,story,photo,Edition;PietParra_Repeat_24,6710,6455,0,,0,,,,245,6173,208,0.0125186285,,17963450033684019
PietParra_Repeat_24,2024-10-04 14:05:42,Avant Arte,,instagram,story,photo,Edition;PietParra_Repeat_24,7217,6857,0,,0,,,,327,6349,248,0.040598586,,18006403205474568
PietParra_Repeat_24,2024-10-04 14:01:36,Avant Arte,,instagram,story,photo,Edition;PietParra_Repeat_24,12500,11879,0,,0,,,,721,6387,105,0.42296,,18002890763664389
PietParra_Repeat_24,2024-10-04 14:00:00,Avant Insiders,74245,instagram,post,carousel,Edition;PietParra_Repeat_24,4315,3488,297,276,5,7,9,6112,,,,,,18015638177550200
PietParra_Repeat_24,2024-10-04 14:00:00,Avant Arte,2727762,instagram,post,carousel,Edition;PietParra_Repeat_24,51678,43858,1989,1864,8,22,95,78706,,,,,,18059826694694107
Beeple_Tree_24,2024-10-03 17:03:09,Avant Insiders,,instagram,story,photo,Beeple_Tree_24;Edition,735,735,0,,0,,,,81,626,48,0,,18034510892266188
Beeple_Tree_24,2024-10-03 17:03:00,Avant Insiders,,instagram,story,photo,Beeple_Tree_24;Edition,784,784,0,,0,,,,45,713,61,0,,18072131914602902
Beeple_Tree_24,2024-10-03 17:02:52,Avant Insiders,,instagram,story,photo,Beeple_Tree_24;Edition,1032,1016,0,,0,,,,127,694,13,0.19186047,,17944684364892895
Beeple_Tree_24,2024-10-03 17:02:04,Avant Arte,,instagram,story,video,Beeple_Tree_24;Edition,9528,9151,0,,0,,,,1177,7617,206,0.055415615,,18060119197739362
Beeple_Tree_24,2024-10-03 17:00:53,Avant Arte,,instagram,story,video,Beeple_Tree_24;Edition,12348,11952,0,,0,,,,1138,8394,129,0.2176061,,18044582347998689
Beeple_Tree_24,2024-10-03 17:00:00,Avant Insiders,74248,instagram,post,carousel,Beeple_Tree_24;Edition,2615,2261,89,82,3,0,4,3994,,,,,66,18077630308490668
Beeple_Tree_24,2024-10-03 17:00:00,Avant Arte,2727396,instagram,post,carousel,Beeple_Tree_24;Edition,93274,82408,1783,1440,22,73,248,123006,,,,,11177,18022774883201859
GraysonPE_Magical_24,2024-10-01 11:07:52,Avant Insiders,,instagram,story,photo,Edition;GraysonPE_Magical_24,1150,1150,0,,0,,,,170,887,156,0,,18057362206808874
GraysonPE_Magical_24,2024-10-01 11:06:44,Avant Insiders,,instagram,story,photo,Edition;GraysonPE_Magical_24,1328,1328,0,,0,,,,116,1080,41,0.0685241,,18058124788755078
GraysonPE_Magical_24,2024-10-01 11:02:31,Avant Arte,,instagram,story,photo,Edition;GraysonPE_Magical_24;Make-Ready,10454,10259,0,,0,,,,1186,8430,201,0.060933612,,18246829336258039
GraysonPE_Magical_24,2024-10-01 11:02:21,Avant Arte,,instagram,story,video,Edition;GraysonPE_Magical_24,12425,12184,0,,0,,,,1073,8738,121,0.20064387,,18037923190962020
GraysonPE_Magical_24,2024-10-01 11:01:47,Avant Arte,2726753,instagram,post,reel,Edition;GraysonPE_Magical_24,320364,299740,22162,18473,150,795,2742,422311,,,,,429416,18338425669126122
TakuObata_BBoy_24,2024-09-30 14:10:36,Avant Insiders,,instagram,story,photo,Edition;TakuObata_BBoy_24,896,889,0,,0,,,,88,736,43,0.03236607,,18035222132186738
TakuObata_BBoy_24,2024-09-30 14:05:16,Avant Insiders,,instagram,story,photo,Edition;TakuObata_BBoy_24,1191,1173,0,,0,,,,142,822,18,0.1754828,,18046471870948699
TakuObata_BBoy_24,2024-09-30 14:04:31,Avant Arte,,instagram,story,photo,Edition;TakuObata_BBoy_24,8093,7950,0,,0,,,,812,6883,134,0.032620784,,18037511276490858
TakuObata_BBoy_24,2024-09-30 14:02:48,Avant Arte,,instagram,story,video,Edition;TakuObata_BBoy_24,9329,9095,0,,0,,,,499,7580,134,0.11962697,,18460870090031245
TakuObata_BBoy_24,2024-09-30 14:01:30,Avant Arte,,instagram,story,photo,Edition;TakuObata_BBoy_24,12328,12127,0,,0,,,,1036,7569,83,0.2952628,,18466339282052589
PietParra_Repeat_24,2024-09-26 14:12:00,Avant Arte,,instagram,story,photo,Edition;PietParra_Repeat_24,23290,22683,0,,0,,,,2035,13659,183,0.3182911,,18295557442200867
PietParra_Repeat_24,2024-09-26 14:00:00,Avant Arte,2724210,instagram,post,carousel,Edition;PietParra_Repeat_24,64601,54496,2819,2592,15,51,161,95695,,,,,,18033383741190058
Vhils_Timed_24,2024-09-26 10:08:20,Avant Arte,,instagram,story,photo,Edition;Vhils_Timed_24,18962,18489,0,,0,,,,1695,10775,131,0.3354604,,18030901445518509
Vhils_Timed_24,2024-09-24 14:05:41,Avant Arte,,instagram,story,photo,Edition;Vhils_Timed_24,13673,13673,0,,0,,,,1113,8245,153,0.30439553,,17880214059136234
Vhils_Timed_24,2024-09-24 14:04:37,Avant Arte,,instagram,story,photo,Edition;Vhils_Timed_24,16235,16235,0,,0,,,,1220,8536,79,0.39421004,,18009227429401042
Vhils_Timed_24,2024-09-24 14:03:23,Avant Insiders,74289,instagram,post,carousel,Edition;Vhils_Timed_24,1896,1646,92,85,1,2,4,2836,,,,,,17879406144117521
Vhils_Timed_24,2024-09-24 14:01:27,Avant Arte,2722899,instagram,post,carousel,Edition;Vhils_Timed_24,49224,42302,1624,1533,3,18,70,74140,,,,,,17977059308626017
Tide_Sit_24,2024-09-23 11:02:57,Avant Insiders,,instagram,story,photo,Edition;Tide_Sit_24,3786,3418,0,,0,,,,122,632,35,0.79160064,,18460255729062161
Tide_Sit_24,2024-09-23 11:01:44,Avant Insiders,,instagram,story,photo,Edition;Tide_Sit_24,1364,1320,0,,0,,,,116,670,8,0.41788855,,18052939633869898
Vhils_Timed_24,2024-09-20 19:16:57,Avant Arte,,instagram,story,photo,Edition;Vhils_Timed_24,31438,30626,0,,0,,,,2980,21127,235,0.2257141,,17914529240994899
Vhils_Timed_24,2024-09-19 18:50:10,Avant Insiders,74269,instagram,post,carousel,Edition;Vhils_Timed_24,3052,2726,108,103,1,0,4,4356,,,,,,18077166280534514
Vhils_Timed_24,2024-09-19 18:45:50,Avant Arte,2720295,instagram,post,carousel,Edition;Vhils_Timed_24,78291,63454,2403,2268,17,31,87,118241,,,,,12850,17918949104975002
Vhils_Timed_24,2024-09-18 14:00:00,Avant Arte,2719788,instagram,post,reel,Edition;Vhils_Timed_24,79643,75942,1662,1567,5,13,77,107222,,,,,107446,18457538704043104
YoonHyup_Print_24,2024-09-17 14:01:39,Avant Insiders,,instagram,story,photo,Edition;YoonHyup_Print_24,1538,1538,0,,0,,,,200,1127,21,0.12353706,,18277699507213212
YoonHyup_Print_24,2024-09-17 14:00:09,Avant Arte,,instagram,story,photo,Edition;YoonHyup_Print_24,20750,20511,0,,0,,,,2170,14390,158,0.19431326,,18267396712223075
Vhils_Timed_24,2024-09-16 14:12:42,Avant Arte,,instagram,story,photo,Edition;Vhils_Timed_24,8157,8157,0,,0,,,,842,6928,158,0.028074047,,17844082986314826
Vhils_Timed_24,2024-09-16 14:12:19,Avant Arte,,instagram,story,photo,Edition;Vhils_Timed_24,8630,8630,0,,0,,,,429,7483,106,0.07091541,,18091440634467844
Vhils_Timed_24,2024-09-16 14:07:33,Avant Arte,,instagram,story,photo,Edition;Vhils_Timed_24,11632,11620,0,,0,,,,1068,7667,83,0.24191885,,18019884776597395
Vhils_Timed_24,2024-09-16 14:00:16,Avant Arte,2719700,instagram,post,carousel,Edition;Vhils_Timed_24,80638,67040,2842,2689,11,26,116,114542,,,,,,18061956505659772
Tide_Sit_24,2024-09-16 11:19:24,Avant Insiders,,instagram,story,photo,Edition;Tide_Sit_24,1402,1328,0,,0,,,,151,692,59,0.3566334,,18009198464398391
Tide_Sit_24,2024-09-16 11:19:00,Avant Insiders,,instagram,story,photo,Edition;Tide_Sit_24,1560,1468,0,,0,,,,120,770,17,0.41858974,,17914245947898611
Tide_Sit_24,2024-09-16 11:00:20,Avant Insiders,74276,instagram,collaboration,carousel,Edition;Tide_Sit_24,16168,13589,1035,952,3,17,63,23211,,,,,,18359276074117545
TakuObata_BBoy_24,2024-09-12 11:02:20,Avant Insiders,74292,instagram,post,carousel,Edition;TakuObata_BBoy_24,4207,3702,248,222,5,3,18,5934,,,,,,18312213661086690
TakuObata_BBoy_24,2024-09-12 11:01:14,Avant Arte,,instagram,story,video,Edition;TakuObata_BBoy_24,10490,10444,0,,0,,,,1039,8112,134,0.11487131,,18325385305149659
TakuObata_BBoy_24,2024-09-12 11:01:01,Avant Arte,,instagram,story,photo,Edition;TakuObata_BBoy_24,13017,13007,0,,0,,,,989,8191,82,0.28846893,,17896752956983365
TakuObata_BBoy_24,2024-09-12 11:00:00,Avant Arte,2719446,instagram,post,carousel,Edition;TakuObata_BBoy_24,68883,58383,2435,2313,8,15,99,103272,,,,,,18020882285417802
JohnsonTs_Moment_24,2024-09-11 12:02:37,Avant Insiders,,instagram,story,photo,Edition;JohnsonTs_Moment_24,1936,1900,0,,0,,,,256,1430,20,0.11880165,,18460073548030994
JohnsonTs_Moment_24,2024-09-11 12:01:55,Avant Insiders,74279,instagram,post,reel,Edition;JohnsonTs_Moment_24,1758,1867,113,101,1,2,9,2503,,,,,2396,18249860689255243
JohnsonTs_Moment_24,2024-09-11 12:00:48,Avant Arte,,instagram,story,photo,Edition;JohnsonTs_Moment_24,48067,48067,0,,0,,,,3727,28932,365,0.312959,,18011440325631376
JohnsonTs_Moment_24,2024-09-11 12:00:17,Avant Arte,2719469,instagram,collaboration,reel,Edition;JohnsonTs_Moment_24,163438,157916,8108,7059,60,363,627,227615,,,,,219095,18101336590435643
DanielleM_Shelter_24,2024-09-10 14:00:32,Avant Arte,2719797,instagram,post,carousel,DanielleM_Shelter_24;Edition,60660,50140,2262,1975,13,58,216,92693,,,,,,18054582652810309
AntonyMic_Print_24,2024-09-10 09:05:15,Avant Insiders,,instagram,story,photo,AntonyMic_Print_24;Edition,2023,2023,0,,0,,,,267,1514,31,0.10430054,,18024211556133985
IskraVeli_Eyeless_24,2024-09-09 18:05:08,Avant Insiders,74264,instagram,post,carousel,Edition;IskraVeli_Eyeless_24,3690,3221,111,101,0,6,4,4996,,,,,156,18062147635647227
YoonHyup_Print_24,2024-09-07 11:00:00,Avant Arte,2720771,instagram,post,carousel,Edition;YoonHyup_Print_24,160927,135410,10214,9463,18,101,632,229414,,,,,,18023931479140704
Vhils_Timed_24,2024-09-06 14:16:51,Avant Arte,,instagram,story,photo,Edition;Vhils_Timed_24,10406,9841,0,,0,,,,1301,7975,101,0.09888526,,18250494163251248
Vhils_Timed_24,2024-09-06 14:00:00,Avant Arte,2720933,instagram,post,reel,Edition;Vhils_Timed_24,413199,393841,17716,16621,72,220,800,585559,,,,,585118,18069658870568434
AiWeiwei_Dragon_24,2024-09-06 10:00:39,Avant Arte,,instagram,story,video,AiWeiwei_Dragon_24;Edition,6699,6588,0,,0,,,,668,5612,82,0.050306015,,18367629679099402
AiWeiwei_Dragon_24,2024-09-06 10:00:38,Avant Arte,,instagram,story,photo,AiWeiwei_Dragon_24;Edition,8210,7863,0,,0,,,,674,5715,78,0.21230207,,18019398902406914
AiWeiwei_Dragon_24,2024-09-05 14:06:59,Avant Insiders,,instagram,story,photo,AiWeiwei_Dragon_24;Edition,522,506,0,,0,,,,76,436,23,0,,17948332910836401
AiWeiwei_Dragon_24,2024-09-05 14:05:59,Avant Insiders,,instagram,story,video,AiWeiwei_Dragon_24;Edition,547,531,0,,0,,,,37,483,33,0,,18006852917421269
AiWeiwei_Dragon_24,2024-09-05 14:05:53,Avant Insiders,,instagram,story,photo,AiWeiwei_Dragon_24;Edition,649,635,0,,0,,,,87,487,9,0.10169491,,17913249617989218
AiWeiwei_Dragon_24,2024-09-05 14:04:40,Avant Arte,,instagram,story,photo,AiWeiwei_Dragon_24;Edition,7627,7275,0,,0,,,,765,6568,104,0.024911499,,18041248484054123
AiWeiwei_Dragon_24,2024-09-05 14:04:34,Avant Arte,,instagram,story,video,AiWeiwei_Dragon_24;Edition,8025,7579,0,,0,,,,364,6976,160,0.06542056,,18350086693186991
AiWeiwei_Dragon_24,2024-09-05 14:04:25,Avant Arte,,instagram,story,photo,AiWeiwei_Dragon_24;Edition,10344,9756,0,,0,,,,881,6814,73,0.24903326,,18035385710135703
AiWeiwei_Dragon_24,2024-09-05 14:03:37,Avant Insiders,74226,instagram,post,carousel,AiWeiwei_Dragon_24;Edition,2955,2630,123,109,1,2,11,4190,,,,,84,18046302379822617
AiWeiwei_Dragon_24,2024-09-05 14:01:45,Avant Arte,2721075,instagram,post,carousel,AiWeiwei_Dragon_24;Edition,213623,186722,4548,4218,18,27,285,280360,,,,,80388,18005022047440087
JohnsonTs_Moment_24,2024-09-04 14:01:02,Avant Arte,,instagram,story,photo,Edition;JohnsonTs_Moment_24,34604,33874,0,,0,,,,2758,20076,236,0.33331406,,18083425969499349
,2024-09-03 15:14:23,Avant Insiders,,instagram,story,photo,Edition,903,901,0,,0,,,,98,519,33,0.28017718,,18019321478204554
,2024-09-03 15:14:02,Avant Insiders,,instagram,story,photo,Edition,757,757,0,,0,,,,85,550,4,0.15587847,,17906408816936022
,2024-09-03 15:09:36,Avant Insiders,74222,instagram,post,carousel,Edition,2520,2279,107,97,4,1,5,3569,,,,,,18056578564625856
DanielleM_Shelter_24,2024-09-03 13:44:04,Avant Arte,,instagram,story,photo,DanielleM_Shelter_24;Edition,8343,8166,0,,0,,,,1038,6521,608,0.02109553,,17908933235917524
,2024-09-03 13:35:33,Avant Arte,,instagram,story,video,Edition,9098,8795,0,,0,,,,908,7151,94,0.10386898,,18023726057139575
DanielleM_Shelter_24,2024-09-03 13:24:55,Avant Arte,,instagram,story,video,DanielleM_Shelter_24;Edition,0,0,0,,0,,,,,,,,,18040766131866116
DanielleM_Shelter_24,2024-09-02 17:17:10,Avant Arte,,instagram,story,video,DanielleM_Shelter_24;Edition,6277,6191,0,,0,,,,910,5292,177,0,,18030999176220762
DanielleM_Shelter_24,2024-09-02 17:10:57,Avant Arte,,instagram,story,video,DanielleM_Shelter_24;Edition,6503,6362,0,,0,,,,232,6173,203,0,,18040587659048208
DanielleM_Shelter_24,2024-09-02 17:10:15,Avant Arte,,instagram,story,video,DanielleM_Shelter_24;Edition,6742,6576,0,,0,,,,233,6408,270,0,,18054755689754537
DanielleM_Shelter_24,2024-09-02 17:02:35,Avant Arte,,instagram,story,video,DanielleM_Shelter_24;Edition,7046,6889,0,,0,,,,288,6685,241,0,,17844653097283624
DanielleM_Shelter_24,2024-09-02 17:02:15,Avant Arte,,instagram,story,video,DanielleM_Shelter_24;Edition,7535,7329,0,,0,,,,394,6828,246,0.008891838,,17854388364254314
DanielleM_Shelter_24,2024-09-02 17:01:39,Avant Arte,,instagram,story,video,DanielleM_Shelter_24;Edition,11795,11382,0,,0,,,,991,6734,75,0.33870283,,18052450336678108
DanielleM_Shelter_24,2024-09-02 17:00:50,Avant Arte,2720893,instagram,post,carousel,DanielleM_Shelter_24;Edition,253386,215855,19940,16854,86,1324,1674,330901,,,,,,17970795812777594
AiWeiwei_Dragon_24,2024-09-02 14:00:00,Avant Arte,2720839,instagram,post,reel,AiWeiwei_Dragon_24;Edition,95570,88313,1126,1036,2,1,87,131667,,,,,131330,17850321321275658
Dominique_Limited_24,2024-09-01 11:00:00,Avant Arte,2720198,instagram,post,carousel,Dominique_Limited_24;Edition,99252,83873,4202,3971,5,,199,,,,,,,18066932473611312
Dominique_Limited_24,2024-08-30 17:40:47,Avant Arte,,instagram,story,photo,Dominique_Limited_24;Edition,7332,7270,0,,0,,,,795,6190,165,0.024822695,,18241158523281892
Dominique_Limited_24,2024-08-30 17:39:58,Avant Arte,,instagram,story,photo,Dominique_Limited_24;Edition,7998,7963,0,,0,,,,434,6809,173,0.07276819,,17959104386687404
AiWeiwei_Dragon_24,2024-08-30 14:16:53,Avant Arte,,instagram,story,photo,AiWeiwei_Dragon_24;Edition,7278,7255,0,,0,,,,552,6369,170,0.025693871,,18333439627123893
AiWeiwei_Dragon_24,2024-08-30 14:16:22,Avant Arte,,instagram,story,photo,AiWeiwei_Dragon_24;Edition,7771,7753,0,,0,,,,391,6656,280,0.057135504,,17939108747887939
AiWeiwei_Dragon_24,2024-08-30 14:11:36,Avant Arte,,instagram,story,video,AiWeiwei_Dragon_24;Edition,9444,9307,0,,0,,,,851,6369,91,0.22585769,,17936041835904448
AiWeiwei_Dragon_24,2024-08-30 14:00:00,Avant Arte,2719163,instagram,post,reel,AiWeiwei_Dragon_24;Edition,296550,283877,15858,13484,91,432,1851,441306,,,,,441001,18029100350208440
Tide_Sit_24,2024-08-29 11:01:26,Avant Arte,,instagram,story,photo,Edition;Tide_Sit_24,10107,9584,0,,0,,,,674,6761,217,0.24290095,,17888590809015816
Tide_Sit_24,2024-08-29 11:01:22,Avant Arte,,instagram,story,photo,Edition;Tide_Sit_24,11779,11224,0,,0,,,,704,6867,122,0.34688854,,18036506764904160
Tide_Sit_24,2024-08-29 11:00:39,Avant Arte,2719055,instagram,post,reel,Edition;Tide_Sit_24,41344,38709,1159,1085,2,7,65,60561,,,,,60255,18009056132364094
IskraVeli_Eyeless_24,2024-08-28 17:00:54,Avant Arte,,instagram,story,photo,Edition;IskraVeli_Eyeless_24,6735,6709,0,,0,,,,667,5789,147,0.01959911,,17865156318196309
IskraVeli_Eyeless_24,2024-08-28 17:00:48,Avant Arte,,instagram,story,photo,Edition;IskraVeli_Eyeless_24,7286,7260,0,,0,,,,435,6063,111,0.09291793,,18037331297319386
IskraVeli_Eyeless_24,2024-08-28 17:00:00,Avant Arte,2718939,instagram,post,carousel,Edition;IskraVeli_Eyeless_24,51587,41045,1541,1467,6,0,68,82346,,,,,,18339413671193145
YoonHyup_Print_24,2024-08-28 12:07:38,Avant Insiders,,instagram,story,photo,Edition;YoonHyup_Print_24,667,640,0,,0,,,,110,517,23,0.025487257,,18050620576863271
YoonHyup_Print_24,2024-08-28 12:07:14,Avant Insiders,,instagram,story,photo,Edition;YoonHyup_Print_24,729,707,0,,0,,,,70,561,15,0.113854595,,18007088141391755
YoonHyup_Print_24,2024-08-28 12:04:43,Avant Arte,,instagram,story,photo,Edition;YoonHyup_Print_24,6860,6860,0,,0,,,,523,6114,245,0,,18035704673151827
YoonHyup_Print_24,2024-08-28 12:03:35,Avant Arte,,instagram,story,photo,Edition;YoonHyup_Print_24,7274,7274,0,,0,,,,352,6465,163,0.04041793,,18054868705780318
YoonHyup_Print_24,2024-08-28 12:01:30,Avant Insiders,74200,instagram,post,carousel,Edition;YoonHyup_Print_24,4164,3642,176,169,1,0,6,5742,,,,,,17894974938059046
YoonHyup_Print_24,2024-08-28 12:00:44,Avant Arte,2718869,instagram,post,carousel,Edition;YoonHyup_Print_24,64951,53865,2530,2397,6,8,119,101218,,,,,,18093747313411994
YoonHyup_Print_24,2024-08-28 12:00:30,Avant Arte,,instagram,story,photo,Edition;YoonHyup_Print_24,8892,8818,0,,0,,,,708,6216,99,0.21018894,,18059997910650271
AiWeiwei_Dragon_24,2024-08-27 17:14:58,Avant Insiders,,instagram,story,photo,AiWeiwei_Dragon_24;Edition,688,672,0,,0,,,,112,568,38,0,,18002854334476623
AiWeiwei_Dragon_24,2024-08-27 17:13:42,Avant Insiders,,instagram,story,video,AiWeiwei_Dragon_24;Edition,731,716,0,,0,,,,66,616,30,0.025991792,,17859273630232225
AiWeiwei_Dragon_24,2024-08-27 17:09:18,Avant Insiders,74195,instagram,post,reel,AiWeiwei_Dragon_24;Edition,5319,5128,137,124,3,4,6,7252,,,,,7173,18051897994836529
AiWeiwei_Dragon_24,2024-08-27 17:06:50,Avant Arte,,instagram,story,photo,AiWeiwei_Dragon_24;Edition,21063,20740,0,,0,,,,1108,8374,124,0.5439396,,18099603646442374
AiWeiwei_Dragon_24,2024-08-27 17:06:14,Avant Arte,,instagram,story,video,AiWeiwei_Dragon_24;Edition,12332,12009,0,,0,,,,1094,8472,118,0.21472591,,17937053561869470
AiWeiwei_Dragon_24,2024-08-27 17:00:57,Avant Arte,2718806,instagram,post,carousel,AiWeiwei_Dragon_24;Edition,59180,50044,2241,2077,11,4,149,92590,,,,,,18006409352410880
,2024-08-27 11:08:05,Avant Insiders,,instagram,story,photo,Edition,1690,1639,0,,0,,,,143,741,22,0.46390533,,18339983494133767
,2024-08-27 11:00:18,Avant Insiders,74188,instagram,post,carousel,Edition,2101,1803,109,107,2,0,0,3214,,,,,,18060986818654291
AntonyMic_Print_24,2024-08-26 15:02:18,Avant Insiders,,instagram,story,photo,AntonyMic_Print_24;Edition,2089,2060,0,,0,,,,276,1480,38,0.14121589,,18128976325367748
AntonyMic_Print_24,2024-08-26 14:00:00,Avant Insiders,74180,instagram,post,carousel,AntonyMic_Print_24;Edition,4080,3412,195,184,5,0,6,5671,,,,,,18043691725793262
YoonHyup_Print_24,2024-08-23 14:22:09,Avant Arte,,instagram,story,photo,Edition;YoonHyup_Print_24,21213,20292,0,,0,,,,2308,14176,163,0.21524537,,18015592340276471
AiWeiwei_Dragon_24,2024-08-22 14:02:04,Avant Insiders,,instagram,story,photo,AiWeiwei_Dragon_24;Edition,2243,2243,0,,0,,,,403,1731,52,0.025412394,,18069835270510301
AiWeiwei_Dragon_24,2024-08-22 14:01:37,Avant Insiders,74196,instagram,post,carousel,AiWeiwei_Dragon_24;Edition,4178,3221,203,196,3,1,3,6060,,,,,,18062787217718007
AiWeiwei_Dragon_24,2024-08-22 14:00:46,Avant Arte,,instagram,story,video,AiWeiwei_Dragon_24;Edition,12922,12761,0,,0,,,,1823,8241,128,0.2112676,,18050352346803128
DanielleM_Shelter_24,2024-08-21 21:25:59,Avant Arte,,instagram,story,video,DanielleM_Shelter_24;Edition,9245,9245,0,,0,,,,1334,6793,115,0.10849108,,18058088038599462
DanielleM_Shelter_24,2024-08-21 17:21:34,Avant Arte,,instagram,story,photo,DanielleM_Shelter_24;Edition,14989,14989,0,,0,,,,1633,9903,130,0.22169591,,18031764230180713
DanielleM_Shelter_24,2024-08-21 14:09:56,Avant Arte,,instagram,story,video,DanielleM_Shelter_24;Edition,3030,3010,0,,0,,,,461,2447,63,0.019471947,,18002412017643112
DanielleM_Shelter_24,2024-08-21 14:09:48,Avant Arte,,instagram,story,photo,DanielleM_Shelter_24;Edition,3965,3854,0,,0,,,,448,2974,17,0.13266078,,18127753432368830
DanielleM_Shelter_24,2024-08-21 14:01:21,Avant Insiders,74191,instagram,post,carousel,DanielleM_Shelter_24;Edition,5617,5134,274,248,7,5,14,7428,,,,,,18041078218975819
DanielleM_Shelter_24,2024-08-21 14:00:11,Avant Arte,2719483,instagram,collaboration,reel,DanielleM_Shelter_24;Edition,102185,122018,9717,8164,174,330,1079,173629,,,,,137561,18014665301287015
,2024-08-20 14:02:22,Avant Arte,2719719,instagram,post,carousel,Edition,151057,126376,10614,9745,20,145,703,212824,,,,,,18048533074879804
,2024-08-09 14:25:29,Avant Insiders,,instagram,story,photo,Edition,354,350,0,,0,,,,48,318,12,0,,17981981681706887
,2024-08-09 14:25:06,Avant Insiders,,instagram,story,photo,Edition,312,308,0,,0,,,,26,347,27,0,,18037047109895030
,2024-08-09 14:24:17,Avant Insiders,,instagram,story,photo,Edition,336,328,0,,0,,,,30,365,10,0,,18047084350881474
,2024-08-09 14:12:05,Avant Insiders,74231,instagram,post,carousel,Edition,2177,1920,77,74,1,1,1,3198,,,,,,17910881324897600
,2024-08-09 13:16:22,Avant Insiders,,instagram,story,photo,Edition,348,340,0,,0,,,,40,367,6,0,,18016344812425248
,2024-08-09 13:15:48,Avant Insiders,,instagram,story,photo,Edition,426,412,0,,0,,,,65,357,4,0,,18053679577738693
,2024-08-09 13:13:05,Avant Arte,,instagram,story,photo,Edition,8004,7930,0,,0,,,,1124,7833,112,0,,17898810930040369
,2024-08-09 13:07:33,Avant Arte,,instagram,story,photo,Edition,9506,9218,0,,0,,,,1076,8037,86,0.03229539,,18012686309287716
,2024-08-09 11:04:40,Avant Arte,2719355,instagram,collaboration,carousel,Edition,62249,51440,1044,1009,8,9,18,90534,,,,,,18012496058309938
,2024-08-08 17:32:20,Avant Insiders,,instagram,story,video,Edition,466,456,0,,0,,,,78,452,23,0,,18018440537194469
,2024-08-08 17:31:24,Avant Insiders,,instagram,story,photo,Edition,572,557,0,,0,,,,93,493,9,0,,18029062031230489
,2024-08-08 17:29:04,Avant Arte,,instagram,story,video,Edition,7291,7178,0,,0,,,,1046,7121,102,0,,18411871864079877
,2024-08-08 17:27:42,Avant Arte,,instagram,story,photo,Edition,9673,9176,0,,0,,,,1137,7465,90,0.10141631,,18013662866570930
,2024-08-08 16:59:44,Avant Insiders,74226,instagram,collaboration,carousel,Edition,5942,5379,232,213,4,4,11,8691,,,,,622,17996165636661899
,2024-08-08 12:28:28,Avant Arte,2719035,instagram,post,reel,Edition,256496,201313,11733,9449,85,532,1663,356024,,,,,355786,18017833175423275
,2024-08-07 17:05:28,Avant Insiders,,instagram,story,photo,Edition,619,596,0,,0,,,,125,525,11,0,,18293215498200655
,2024-08-07 17:05:23,Avant Insiders,,instagram,story,photo,Edition,688,669,0,,0,,,,94,560,10,0.034883723,,18037182466887036
,2024-08-07 17:03:58,Avant Arte,,instagram,story,photo,Edition,5591,5540,0,,0,,,,699,5393,49,0,,18006391229342385
,2024-08-07 17:03:51,Avant Arte,,instagram,story,photo,Edition,5770,5707,0,,0,,,,258,5912,87,0,,18318854140150942
,2024-08-07 17:02:55,Avant Arte,,instagram,story,photo,Edition,6160,6018,0,,0,,,,355,5966,72,0,,18030983087180598
,2024-08-07 17:01:53,Avant Insiders,74227,instagram,post,carousel,Edition,1690,1554,79,75,1,0,3,2574,,,,,,18043787146904646
,2024-08-07 17:00:44,Avant Arte,2718779,instagram,collaboration,carousel,Edition,58445,50014,1947,1814,20,39,74,89628,,,,,,18448620517035090
,2024-08-07 15:45:26,Avant Arte,,instagram,story,photo,Edition,6193,6014,0,,0,,,,552,5903,97,0,,18038109380002853
,2024-08-07 15:45:04,Avant Arte,,instagram,story,photo,Edition,7696,7562,0,,0,,,,782,5957,80,0.113955304,,17973112661754879
Slawn_UglyBast_24,2024-08-07 13:40:00,Avant Insiders,74223,instagram,post,carousel,Edition;Slawn_UglyBast_24,3213,2859,134,120,4,2,8,4518,,,,,,18055117279670780
Slawn_UglyBast_24,2024-08-07 13:35:00,Avant Arte,2718769,instagram,post,reel,Edition;Slawn_UglyBast_24,53520,46385,916,856,9,8,43,80145,,,,,79842,18012037565578835
AntonyMic_Print_24,2024-08-06 18:27:33,Avant Arte,,instagram,story,photo,AntonyMic_Print_24;Edition,9124,8889,0,,0,,,,1110,8713,280,0,,18271940221168690
AntonyMic_Print_24,2024-08-06 18:27:02,Avant Arte,,instagram,story,photo,AntonyMic_Print_24;Edition,12388,12008,0,,0,,,,1267,8965,86,0.1670972,,18028087316019959
AntonyMic_Print_24,2024-08-06 17:39:37,Avant Arte,2718484,instagram,post,reel,AntonyMic_Print_24;Edition,55583,47142,1667,1566,18,13,73,80574,,,,,80372,18032922985962111
,2024-08-05 17:40:25,Avant Insiders,74225,instagram,post,carousel,Edition,2247,2001,96,93,0,0,3,3496,,,,,,18019952921161794
,2024-08-05 14:05:00,Avant Arte,2718053,instagram,post,carousel,Edition,57476,50880,2806,2692,3,22,89,92095,,,,,,18044655550928924
,2024-08-05 14:04:35,Avant Arte,,instagram,story,photo,Edition,21450,20634,0,,0,,,,2745,17293,196,0.056689978,,18012247406307813
,2024-08-02 15:45:55,Avant Arte,2715600,instagram,post,carousel,Edition,53321,45650,2949,2769,15,33,132,82860,,,,,,17922784313942897
,2024-08-01 17:13:27,Avant Arte,2715320,instagram,post,carousel,Edition,115082,97111,6021,5496,45,,479,,,,,,,18296589436165755
,2024-07-31 16:52:08,Avant Arte,2714412,instagram,post,reel,Edition,94918,79627,4707,3762,29,198,718,122907,,,,,122973,18009659660543407
Slawn_UglyBast_24,2024-07-30 14:00:00,Avant Arte,2713896,instagram,post,carousel,Edition;Slawn_UglyBast_24,61771,52494,2155,1995,14,27,118,104010,,,,,,18033320684491129
PaulInsec_JunkShop_24,2024-07-29 14:00:00,Avant Arte,2712714,instagram,post,carousel,Edition;PaulInsec_JunkShop_24,40821,35109,1542,1463,11,10,58,64322,,,,,2653,18032051990484755
,2024-07-27 17:00:00,Avant Insiders,74282,instagram,post,carousel,Edition,3081,2587,137,125,3,3,6,4414,,,,,,18046669006856220
,2024-07-27 17:00:00,Avant Arte,2711747,instagram,post,carousel,Edition,42757,37181,1274,1201,5,8,60,70012,,,,,,17932947959871251
,2024-07-26 16:17:37,Avant Arte,2710933,instagram,post,carousel,Edition,47342,39431,1623,1552,3,5,63,74145,,,,,,18324609112182369
,2024-07-26 16:10:00,Avant Insiders,74279,instagram,post,carousel,Edition,1834,1556,78,74,2,1,1,2814,,,,,,18030049450986482
,2024-07-25 17:10:58,Avant Insiders,,instagram,story,photo,Edition,530,522,0,,0,,,,110,522,18,0,,18035821280059748
,2024-07-25 17:10:23,Avant Insiders,,instagram,story,video,Edition,541,541,0,,0,,,,42,589,38,0,,18446486098002616
,2024-07-25 17:09:52,Avant Insiders,,instagram,story,photo,Edition,639,638,0,,0,,,,85,602,13,0,,18037028831047109
,2024-07-25 17:09:12,Avant Arte,,instagram,story,photo,Edition,6028,6007,0,,0,,,,782,6344,84,0,,17935932635771407
,2024-07-25 17:08:30,Avant Arte,,instagram,story,video,Edition,6409,6369,0,,0,,,,413,6914,83,0,,17994339353660577
,2024-07-25 17:06:55,Avant Arte,,instagram,story,photo,Edition,8396,8216,0,,0,,,,947,6742,67,0.07622678,,17902516535936239
,2024-07-25 17:04:37,Avant Insiders,74278,instagram,post,reel,Edition,892,786,24,34,0,1,3,,,,,,1367,17854045692234533
,2024-07-25 17:01:26,Avant Arte,2710241,instagram,post,reel,Edition,9489,8912,291,590,6,8,8,,,,,,18640,18315095284154027
Slawn_UglyBast_24,2024-07-23 15:08:15,Avant Arte,,instagram,story,video,Edition;Slawn_UglyBast_24,10487,10364,0,,0,,,,1929,7935,86,0.051206257,,18077019397512108
Slawn_UglyBast_24,2024-07-23 15:02:02,Avant Arte,2710435,instagram,post,reel,Edition;Slawn_UglyBast_24,63855,50691,846,766,11,12,57,83772,,,,,83543,17990634512673563
,2024-07-22 17:19:54,Avant Arte,,instagram,story,photo,Edition,21128,20467,0,,0,,,,2704,14784,107,0.16721885,,18027562274229111
,2024-07-22 17:02:17,Avant Arte,2710626,instagram,post,carousel,Edition,130561,107406,5581,5087,27,107,360,188345,,,,,,18017460296170838
Pejac_1000Print_24,2024-07-19 19:38:41,Avant Arte,,instagram,story,photo,Edition;Pejac_1000Print_24,11960,11823,0,,0,,,,1051,9205,259,0.1208194,,18061086985607105
Pejac_1000Print_24,2024-07-19 19:38:37,Avant Arte,,instagram,story,video,Edition;Pejac_1000Print_24,14446,13489,0,,0,,,,1205,9110,94,0.27945453,,17892921714045887
Pejac_1000Print_24,2024-07-18 18:34:05,Avant Arte,,instagram,story,photo,Edition;Pejac_1000Print_24,6548,6362,0,,0,,,,743,5587,196,0.0033598046,,17881840479093833
Pejac_1000Print_24,2024-07-18 18:07:25,Avant Arte,,instagram,story,photo,Edition;Pejac_1000Print_24,0,0,0,,0,,,,,,,,,18193948255289344
Pejac_1000Print_24,2024-07-18 18:07:20,Avant Arte,,instagram,story,photo,Edition;Pejac_1000Print_24,7847,7632,0,,0,,,,326,6169,157,0.1522875,,18333187936120316
Pejac_1000Print_24,2024-07-18 18:07:14,Avant Arte,,instagram,story,photo,Edition;Pejac_1000Print_24,8703,8539,0,,0,,,,571,6075,102,0.22463518,,17852101203199454
PaulInsec_JunkShop_24,2024-07-18 16:24:56,Avant Insiders,,instagram,story,photo,Edition;PaulInsec_JunkShop_24,1254,1227,0,,0,,,,215,857,22,0.1275917,,18042071821938855
PaulInsec_JunkShop_24,2024-07-18 16:22:26,Avant Insiders,74273,instagram,post,carousel,Edition;PaulInsec_JunkShop_24,6895,4560,272,243,12,11,6,8684,,,,,156,17986001156533428
PaulInsec_JunkShop_24,2024-07-18 16:16:46,Avant Arte,2711319,instagram,post,reel,Edition;PaulInsec_JunkShop_24,59854,52156,925,858,6,8,53,81340,,,,,81175,17961925469789220
Pejac_1000Print_24,2024-07-18 11:41:57,Avant Arte,2711372,instagram,post,reel,Edition;Pejac_1000Print_24,2884405,2339098,232474,210050,1968,6946,13463,5239758,,,,,5570929,17979707930581566
Pejac_1000Print_24,2024-07-18 10:00:27,Avant Arte,,instagram,story,photo,Edition;Pejac_1000Print_24,7589,7391,0,,0,,,,701,5609,201,0.1420477,,18270946441173490
Pejac_1000Print_24,2024-07-18 10:00:13,Avant Arte,,instagram,story,photo,Edition;Pejac_1000Print_24,9049,8758,0,,0,,,,643,5903,97,0.26588574,,18271120174242252
Pejac_1000Print_24,2024-07-17 18:00:29,Avant Arte,,instagram,story,photo,Edition;Pejac_1000Print_24,7507,7178,0,,0,,,,702,5700,174,0.12401758,,18075416875514631
Pejac_1000Print_24,2024-07-17 18:00:20,Avant Arte,,instagram,story,photo,Edition;Pejac_1000Print_24,8379,8142,0,,0,,,,542,6014,99,0.20575248,,18046734436871150
Pejac_1000Print_24,2024-07-17 14:32:26,Avant Arte,2711549,instagram,post,carousel,Edition;Pejac_1000Print_24,108789,91414,5405,4985,18,84,318,152403,,,,,3091,18085102099478616
Pejac_1000Print_24,2024-07-17 10:00:29,Avant Arte,,instagram,story,photo,Edition;Pejac_1000Print_24,7789,7681,0,,0,,,,734,5761,204,0.13994095,,18014613527215976
Pejac_1000Print_24,2024-07-17 10:00:03,Avant Arte,,instagram,story,photo,Edition;Pejac_1000Print_24,9030,8734,0,,0,,,,652,6007,105,0.2509413,,18004336589378478
Pejac_1000Print_24,2024-07-16 18:01:36,Avant Arte,,instagram,story,photo,Edition;Pejac_1000Print_24,7431,7265,0,,0,,,,685,5688,192,0.11653882,,18268998148172586
Pejac_1000Print_24,2024-07-16 18:01:30,Avant Arte,,instagram,story,photo,Edition;Pejac_1000Print_24,8084,7763,0,,0,,,,465,6045,104,0.18184067,,18084636862470081
,2024-07-16 13:37:47,Avant Arte,,instagram,story,photo,Edition,7063,7038,0,,0,,,,746,5756,129,0.061163813,,18050096284749526
Pejac_1000Print_24,2024-07-16 10:07:37,Avant Arte,,instagram,story,photo,Edition;Pejac_1000Print_24,7812,7624,0,,0,,,,688,5908,186,0.13184844,,17931208640901437
Pejac_1000Print_24,2024-07-16 10:07:30,Avant Arte,,instagram,story,photo,Edition;Pejac_1000Print_24,9176,8808,0,,0,,,,646,6098,106,0.25348735,,18041055160925139
Pejac_1000Print_24,2024-07-15 18:09:03,Avant Arte,,instagram,story,photo,Edition;Pejac_1000Print_24,8696,8554,0,,0,,,,801,6540,215,0.13109475,,18085415335475483
Pejac_1000Print_24,2024-07-15 18:08:22,Avant Arte,,instagram,story,photo,Edition;Pejac_1000Print_24,9445,9288,0,,0,,,,528,6920,173,0.19311805,,18006798176539184
Pejac_1000Print_24,2024-07-15 14:18:23,Avant Arte,,instagram,story,photo,Edition;Pejac_1000Print_24,9343,9072,0,,0,,,,858,7899,193,0.042063575,,18024464411201354
Pejac_1000Print_24,2024-07-15 14:16:57,Avant Arte,,instagram,story,photo,Edition;Pejac_1000Print_24,11922,11789,0,,0,,,,1188,7944,94,0.22613655,,18259624831216423
Pejac_1000Print_24,2024-07-15 10:00:44,Avant Arte,,instagram,story,photo,Edition;Pejac_1000Print_24,3595,3527,0,,0,,,,520,2986,87,0.0005563282,,17919129101846860
Pejac_1000Print_24,2024-07-15 10:00:36,Avant Arte,,instagram,story,photo,Edition;Pejac_1000Print_24,4324,4324,0,,0,,,,442,3112,24,0.17252544,,18311615530157737
Pejac_1000Print_24,2024-07-15 10:00:10,Avant Arte,2712241,instagram,post,carousel,Edition;Pejac_1000Print_24,75031,61054,2412,2211,62,37,102,110463,,,,,16199,18018333992148010
Pejac_1000Print_24,2024-07-14 11:19:08,Avant Arte,,instagram,story,video,Edition;Pejac_1000Print_24,12218,11912,0,,0,,,,1387,9963,174,0.056801442,,18021935015086463
Pejac_1000Print_24,2024-07-14 11:18:57,Avant Arte,,instagram,story,photo,Edition;Pejac_1000Print_24,15575,15405,0,,0,,,,1350,10330,140,0.24109149,,17848762614249412
Pejac_1000Print_24,2024-07-14 10:00:00,Avant Insiders,74291,instagram,post,carousel,Edition;Pejac_1000Print_24,5251,4382,203,180,6,4,13,7248,,,,,,18007464485329424
Slawn_UglyBast_24,2024-07-13 14:00:00,Avant Arte,2712091,instagram,post,carousel,Edition;Slawn_UglyBast_24,82495,70015,3787,3602,26,22,137,133692,,,,,,17936740445766310
PaulInsec_JunkShop_24,2024-07-12 11:43:37,Avant Insiders,,instagram,story,photo,Edition;PaulInsec_JunkShop_24,1123,1115,0,,0,,,,181,801,22,0.105966166,,17868853752093349
PaulInsec_JunkShop_24,2024-07-12 11:40:59,Avant Arte,,instagram,story,photo,Edition;PaulInsec_JunkShop_24,15614,15614,0,,0,,,,1921,10914,106,0.17119253,,18271585291237858
PaulInsec_JunkShop_24,2024-07-12 11:21:11,Avant Insiders,74287,instagram,post,carousel,Edition;PaulInsec_JunkShop_24,7061,5721,333,321,4,3,5,9740,,,,,,18035818826063896
PaulInsec_JunkShop_24,2024-07-12 11:12:37,Avant Arte,2712210,instagram,post,carousel,Edition;PaulInsec_JunkShop_24,77519,62115,1589,1501,9,11,68,116032,,,,,,17941660934836708
PaulInsec_JunkShop_24,2024-07-11 22:10:22,Avant Insiders,,instagram,story,photo,Edition;PaulInsec_JunkShop_24,982,963,0,,0,,,,121,836,74,0,,17854070043186496
PaulInsec_JunkShop_24,2024-07-11 22:09:27,Avant Insiders,,instagram,story,video,Edition;PaulInsec_JunkShop_24,1098,1051,0,,0,,,,120,869,20,0.08105647,,18000247670443024
Pejac_1000Print_24,2024-07-11 17:03:40,Avant Arte,2712632,instagram,post,carousel,Edition;Pejac_1000Print_24,143826,121452,7121,6688,15,100,317,196753,,,,,7642,17992932104501862
,2024-07-11 14:28:32,Avant Arte,,instagram,story,photo,Edition,9884,9791,0,,0,,,,997,8250,187,0.045528125,,17885646687011264
,2024-07-11 14:27:51,Avant Arte,,instagram,story,photo,Edition,12356,12120,0,,0,,,,1124,8398,99,0.22134995,,17975021627603509
,2024-07-11 14:00:00,Avant Arte,2712651,instagram,post,carousel,Edition,48719,40117,1631,1536,8,18,69,74204,,,,,,18447859234020906
,2024-07-10 09:53:23,Avant Arte,,instagram,story,video,Edition,6054,6053,0,,0,,,,692,5139,66,0.025933268,,18149325334319176
,2024-07-10 09:52:56,Avant Arte,,instagram,story,video,Edition,6247,6201,0,,0,,,,229,5627,61,0.052825358,,18038990008942427
,2024-07-10 09:49:53,Avant Arte,,instagram,story,video,Edition,6553,6453,0,,0,,,,302,5812,65,0.057073098,,17883239469067404
,2024-07-10 09:49:12,Avant Arte,,instagram,story,photo,Edition,14375,13620,0,,0,,,,671,5795,55,0.5463652,,18014229083199899
,2024-07-10 07:00:00,Avant Arte,2713065,instagram,post,carousel,Edition,56706,48616,1231,1194,4,1,32,83391,,,,,,18033659612301018
,2024-07-09 16:25:14,Avant Arte,,instagram,story,video,Edition,6383,6289,0,,0,,,,875,5256,89,0.025536582,,17903468616004510
,2024-07-09 14:38:35,Avant Arte,,instagram,story,video,Edition,6706,6663,0,,0,,,,505,5941,77,0.027288996,,17899832612942312
,2024-07-09 14:05:05,Avant Arte,,instagram,story,photo,Edition,7227,7187,0,,0,,,,354,6631,103,0.01923343,,17996993201640251
,2024-07-09 14:04:43,Avant Arte,,instagram,story,photo,Edition,7508,7476,0,,0,,,,282,6964,131,0.017448055,,18041773441924200
,2024-07-09 14:04:06,Avant Arte,,instagram,story,photo,Edition,8151,7952,0,,0,,,,466,7047,148,0.060115322,,18003692339354829
,2024-07-09 14:02:45,Avant Arte,,instagram,story,photo,Edition,20195,19028,0,,0,,,,979,7113,73,0.595692,,18268162630209075
,2024-07-09 14:00:31,Avant Arte,2713321,instagram,post,carousel,Edition,40441,35049,1099,1064,2,7,26,63030,,,,,,18029293880149837
PaulInsec_JunkShop_24,2024-07-09 10:37:07,Avant Arte,2713329,instagram,post,reel,Edition;PaulInsec_JunkShop_24,105284,94452,2080,1937,24,18,101,144484,,,,,144341,18241446982265676
Pejac_1000Print_24,2024-07-08 15:00:11,Avant Arte,2713513,instagram,post,carousel,Edition;Pejac_1000Print_24,55572,47546,1960,1847,15,24,74,84191,,,,,,17856795339163353
,2024-07-08 11:09:45,Avant Arte,2713542,instagram,post,carousel,Edition,49016,41008,930,894,1,1,34,78068,,,,,,17880844437095011
,2024-07-06 10:34:48,Avant Arte,,instagram,story,photo,Edition,45747,45747,0,,0,,,,4188,34180,389,0.15279691,,18028935416169145
Pejac_1000Print_24,2024-07-05 14:05:31,Avant Arte,,instagram,story,photo,Edition;Pejac_1000Print_24,9960,9632,0,,0,,,,972,7018,115,0.18624498,,18015495248186822
Pejac_1000Print_24,2024-07-05 14:05:30,Avant Arte,,instagram,story,video,Edition;Pejac_1000Print_24,11661,11351,0,,0,,,,895,7000,92,0.31506732,,18054706243640909
Pejac_1000Print_24,2024-07-05 14:00:55,Avant Insiders,74318,instagram,post,carousel,Edition;Pejac_1000Print_24,6438,5646,392,358,16,4,14,9322,,,,,1112,17862242055176224
Pejac_1000Print_24,2024-07-05 14:00:10,Avant Arte,2713890,instagram,post,reel,Edition;Pejac_1000Print_24,107066,98286,5162,4676,42,109,334,149417,,,,,149307,18008706626314803
,2024-07-04 15:28:10,Avant Arte,,instagram,story,photo,Edition,10987,10603,0,,0,,,,1296,8469,96,0.102484755,,17990579231670822
,2024-07-04 15:14:49,Avant Arte,2714206,instagram,post,carousel,Edition,75895,67161,2715,2519,3,50,143,110541,,,,,,18019285247110868
,2024-07-04 11:09:20,Avant Arte,,instagram,story,photo,Edition,6257,6194,0,,0,,,,495,5589,68,0.016781205,,18060341620528551
,2024-07-04 11:08:31,Avant Arte,,instagram,story,photo,Edition,6585,6585,0,,0,,,,309,5895,110,0.04115414,,18302672188083944
,2024-07-04 11:07:03,Avant Arte,,instagram,story,photo,Edition,8072,7983,0,,0,,,,689,5743,70,0.19449951,,18006471638612151
,2024-07-04 11:00:34,Avant Arte,2714243,instagram,collaboration,carousel,Edition,58047,49341,1362,1299,5,9,49,89262,,,,,,17931035231864834
PaulInsec_JunkShop_24,2024-07-03 17:45:02,Avant Arte,,instagram,story,photo,Edition;PaulInsec_JunkShop_24,24901,23970,0,,0,,,,2675,17584,204,0.17822577,,18023222690261868
PaulInsec_JunkShop_24,2024-07-03 17:36:39,Avant Insiders,74336,instagram,post,carousel,Edition;PaulInsec_JunkShop_24,5738,4478,168,147,10,4,7,7361,,,,,336,18173673331305493
,2024-07-02 16:35:11,Avant Arte,,instagram,story,video,Edition,42212,42212,0,,0,,,,4502,34599,425,0.06363119,,17991002687664513
,2024-07-02 14:38:26,Avant Arte,2714764,instagram,post,reel,Edition,216572,171011,4161,3696,29,86,349,325484,,,,,325225,18072819298470703
Pejac_1000Print_24,2024-07-01 15:09:47,Avant Insiders,74343,instagram,post,reel,Edition;Pejac_1000Print_24,5705,4704,201,190,2,4,5,7595,,,,,7516,17864059821163872
Slawn_UglyBast_24,2024-06-29 11:00:00,Avant Insiders,74335,instagram,post,carousel,Edition;Slawn_UglyBast_24,2612,2360,127,118,2,1,6,0,,,,,,17873954379101159
Slawn_UglyBast_24,2024-06-28 18:16:59,Avant Arte,,instagram,story,photo,Edition;Slawn_UglyBast_24,5275,5275,0,,0,,,,630,5454,103,0,,18038634076948560
Slawn_UglyBast_24,2024-06-28 18:00:05,Avant Arte,,instagram,story,photo,Edition;Slawn_UglyBast_24,5448,5448,0,,0,,,,153,6110,111,0,,18040107943756654
Slawn_UglyBast_24,2024-06-28 18:00:04,Avant Arte,,instagram,story,photo,Edition;Slawn_UglyBast_24,5518,5518,0,,0,,,,144,6167,132,0,,18021815006515546
Slawn_UglyBast_24,2024-06-28 18:00:03,Avant Arte,,instagram,story,photo,Edition;Slawn_UglyBast_24,5671,5671,0,,0,,,,197,6265,145,0,,18238253464259065
Slawn_UglyBast_24,2024-06-28 18:00:01,Avant Arte,,instagram,story,photo,Edition;Slawn_UglyBast_24,6209,6209,0,,0,,,,357,6174,116,0,,17921572133822315
PaulInsec_JunkShop_24,2024-06-28 14:35:01,Avant Arte,,instagram,story,photo,Edition;PaulInsec_JunkShop_24,6183,6155,0,,0,,,,581,5995,153,0,,18423030697070420
PaulInsec_JunkShop_24,2024-06-28 14:35:00,Avant Arte,,instagram,story,photo,Edition;PaulInsec_JunkShop_24,7721,7544,0,,0,,,,751,6014,63,0.115658596,,18007414046616742
PaulInsec_JunkShop_24,2024-06-28 14:30:52,Avant Arte,2717353,instagram,post,carousel,Edition;PaulInsec_JunkShop_24,66332,56625,2590,2377,18,44,151,0,,,,,18598,18020269289465606
,2024-06-27 17:20:31,Avant Arte,,instagram,story,photo,Edition,6913,6898,0,,0,,,,807,6707,110,0,,18339571054184861
,2024-06-27 16:16:13,Avant Arte,,instagram,story,photo,Edition,7262,7155,0,,0,,,,468,7575,174,0,,17930163083895353
,2024-06-27 15:52:28,Avant Arte,,instagram,story,photo,Edition,0,0,0,,0,,,,,,,,,18402194377077366
,2024-06-27 15:52:27,Avant Arte,,instagram,story,photo,Edition,8073,7978,0,,0,,,,422,8189,215,0,,18031638407035254
,2024-06-27 15:52:26,Avant Arte,,instagram,story,photo,Edition,9798,9749,0,,0,,,,800,8036,91,0.08889569,,17963501636770487
,2024-06-27 15:26:55,Avant Arte,2717559,instagram,post,carousel,Edition,33579,28929,836,797,2,3,33,0,,,,,,17866957038148506
Pejac_1000Print_24,2024-06-27 11:35:02,Avant Arte,2717581,instagram,post,carousel,Edition;Pejac_1000Print_24,116377,100873,4425,4178,19,51,176,0,,,,,45523,18051298891668373
,2024-06-26 16:24:35,Avant Arte,,instagram,story,video,Edition,19867,18428,0,,0,,,,1892,19174,394,0,,17914392080862106
,2024-06-26 15:31:44,Avant Arte,,instagram,story,photo,Edition,21221,20776,0,,0,,,,2041,18704,294,0.00857641,,17923598738914604
,2024-06-26 09:30:00,Avant Insiders,74347,instagram,post,carousel,Edition,1963,1760,75,68,1,1,5,0,,,,,86,18001088042383411
,2024-06-26 09:30:00,Avant Arte,2717825,instagram,post,carousel,Edition;Mickalene Thomas,36491,31989,736,711,4,4,17,0,,,,,2128,17998651079438183
,2024-06-25 18:08:57,Avant Arte,,instagram,story,photo,Edition,7316,7270,0,,0,,,,828,7438,69,0,,17921712812823647
,2024-06-25 18:08:56,Avant Arte,,instagram,story,photo,Edition,8009,7810,0,,0,,,,519,7958,230,0,,18037957702798104
,2024-06-25 18:08:55,Avant Arte,,instagram,story,photo,Edition,10097,10043,0,,0,,,,1017,7890,72,0.11072596,,18443766061043580
,2024-06-25 18:04:51,Avant Arte,2718087,instagram,post,carousel,Edition;Mickalene Thomas,328133,290383,5968,5208,21,38,701,0,,,,,228434,18037654804799266
,2024-06-25 18:00:00,Avant Insiders,74353,instagram,post,carousel,Edition,11029,9763,200,168,2,4,26,0,,,,,6586,18017577446366295
Pejac_1000Print_24,2024-06-25 14:33:32,Avant Insiders,74353,instagram,post,reel,Edition;Pejac_1000Print_24,5024,4523,176,168,2,3,3,7663,,,,,7589,18031802606106100
Pejac_1000Print_24,2024-06-25 13:54:50,Avant Arte,2718160,instagram,post,carousel,Edition;Pejac_1000Print_24,73857,65182,3945,3727,12,41,165,0,,,,,,17921255741924480
,2024-06-24 14:17:38,Avant Arte,2718540,instagram,post,reel,Edition;Mickalene Thomas,68546,57861,633,583,9,4,37,99371,,,,,99232,18008242238565393
,2024-06-24 12:11:17,Avant Arte,,instagram,story,video,Edition;Mickalene,16677,16482,0,,0,,,,2388,13388,144,0.045391858,,18038932987941070
,2024-06-22 13:59:16,Avant Insiders,74377,instagram,post,reel,Edition,1954,1758,50,46,0,0,4,2726,,,,,2670,18353607127104630
,2024-06-20 15:12:31,Avant Arte,,instagram,story,photo,Edition;Gabriel Moses,15683,14973,0,,0,,,,2229,11764,107,0.10093732,,17972266796725822
,2024-06-20 15:08:14,Avant Arte,2719483,instagram,post,carousel,Edition;Gabriel Moses,79332,65041,2993,2771,11,60,150,0,,,,,,18009122726278287
,2024-06-20 14:54:00,Avant Arte,,instagram,story,photo,Edition;Gabriel Moses,0,0,0,,0,,,,,,,,,17855346402199786
,2024-06-17 17:00:00,Avant Arte,2720294,instagram,post,carousel,Edition;Mickalene Thomas,36015,30736,1297,1235,8,,42,,,,,,,17996561009637556
,2024-06-17 14:01:37,Avant Arte,,instagram,story,photo,Eddie Martinez;Edition,18170,17466,0,,0,,,,2471,13195,110,0.13175564,,18257190838300246
,2024-06-17 14:00:00,Avant Arte,2720312,instagram,post,carousel,Eddie Martinez;Edition,34268,28726,1006,964,2,7,33,0,,,,,,17990013863653814
,2024-06-14 14:08:52,Avant Insiders,74408,instagram,post,carousel,Edition,3611,2851,103,89,3,3,8,0,,,,,791,18441913945016949
,2024-06-14 14:01:13,Avant Arte,,instagram,story,video,Edition,6066,6046,0,,0,,,,673,5805,69,0,,17862488634158992
,2024-06-14 14:01:12,Avant Arte,,instagram,story,photo,Edition,6315,6315,0,,0,,,,308,6342,104,0,,17940870071739470
,2024-06-14 14:01:11,Avant Arte,,instagram,story,video,Edition,6732,6732,0,,0,,,,381,6587,181,0,,17948495321799045
,2024-06-14 14:01:10,Avant Arte,,instagram,story,photo,Edition,8684,8684,0,,0,,,,888,6282,55,0.16801013,,18299481607093964
,2024-06-14 13:56:17,Avant Arte,2720848,instagram,post,carousel,Edition,59482,50765,1451,1342,16,18,75,0,,,,,4696,18021427088268555
,2024-06-13 09:24:36,Avant Insiders,74398,instagram,post,carousel,Edition,2973,2511,124,113,1,3,7,0,,,,,665,18140530843323099
,2024-06-12 15:04:20,Avant Arte,2721208,instagram,post,carousel,Edition;Mickalene Thomas,47704,38911,1902,1789,9,27,77,0,,,,,,18010977014228536
,2024-06-12 10:03:15,Avant Arte,,instagram,story,photo,Edition,5401,5397,0,,0,,,,609,5012,83,0,,18065386078554986
,2024-06-12 10:03:14,Avant Arte,,instagram,story,photo,Edition,5322,5322,0,,0,,,,218,5485,125,0,,18121343128367396
,2024-06-12 10:03:13,Avant Arte,,instagram,story,video,Edition,5570,5570,0,,0,,,,330,5580,130,0,,18051326350728343
,2024-06-12 10:03:12,Avant Arte,,instagram,story,photo,Edition,6861,6834,0,,0,,,,588,5487,56,0.106398486,,17870449161107313
,2024-06-12 09:56:09,Avant Arte,2721235,instagram,post,reel,Edition,70962,56343,1661,1540,8,16,97,102302,,,,,101946,18021777908470118
,2024-06-11 17:01:10,Avant Arte,,instagram,story,photo,Edition,4682,4682,0,,0,,,,565,4595,80,0,,18041570050896314
,2024-06-11 16:59:25,Avant Arte,,instagram,story,photo,Edition,4976,4976,0,,0,,,,247,4957,65,0,,18440169271023080
,2024-06-11 15:00:25,Avant Insiders,74404,instagram,post,carousel,Edition,4148,3370,229,211,1,5,12,0,,,,,,18065588851546779
,2024-06-11 14:56:19,Avant Arte,,instagram,story,photo,Edition,4938,4938,0,,0,,,,364,4970,121,0,,18084724147421768
,2024-06-11 14:55:50,Avant Arte,,instagram,story,photo,Edition,5177,5177,0,,0,,,,252,5210,117,0,,18030120038033972
,2024-06-11 13:29:19,Avant Arte,,instagram,story,photo,Edition,5443,5443,0,,0,,,,445,5405,122,0,,18018078413338953
,2024-06-11 13:27:35,Avant Arte,,instagram,story,photo,Edition,7615,7553,0,,0,,,,351,5577,87,0.21011162,,18028622657493189
,2024-06-11 11:39:41,Avant Arte,2721627,instagram,collaboration,carousel,Edition,41108,33206,1303,1231,12,13,47,0,,,,,,18026437271509389
,2024-06-11 11:25:12,Avant Arte,,instagram,story,photo,Edition,6740,6740,0,,0,,,,636,6233,130,0,,18032834494989893
,2024-06-11 11:25:11,Avant Arte,,instagram,story,photo,Edition,8545,8446,0,,0,,,,935,6343,63,0.14090112,,17980887578695987
,2024-06-07 14:33:17,Avant Insiders,74424,instagram,post,carousel,Edition,1958,1718,62,59,0,1,2,0,,,,,,18114613312347675
,2024-06-04 14:15:00,Avant Insiders,74447,instagram,post,carousel,Edition,1907,1673,89,86,0,0,3,0,,,,,21,18000698210368052
,2024-06-04 14:12:06,Avant Arte,,instagram,story,photo,Edition,7006,7006,0,,0,,,,894,6309,117,0,,18038629342909847
,2024-06-04 14:12:05,Avant Arte,,instagram,story,photo,Edition,7860,7858,0,,0,,,,614,6758,74,0.052671757,,18016687913108686
,2024-06-04 14:10:00,Avant Arte,2723150,instagram,post,carousel,Edition,45347,39847,1479,1415,6,11,47,0,,,,,,18319420327179455
