release,campaign_code,product_title,product_ids,skus,units_paid,units_refunded,units_draft_pending,draft_customers,units_entrant_drafts,units_entry_drafts,units_winner_drafts,units_winner_drafts_lapsed,units_from_drafts,units_private_room,list_price_eur,first_order,last_order,last_draft,prints_offered_paid,frames_paid,prints_offered_entry_drafts,frames_entry_drafts
Abdulnasser Gharem · Hemisphere · 2026 Q3,Abdulnasser_LE_26,Hemisphere,15968075678078,ABDUL-HEMIS-PE-PREORDER|ABDUL-HEMIS-PE-PRIVATE|ABDUL-HEMIS-PE-DRAW|ABDUL-HEMIS-PE-ARTIST,20,0,1,1,0,3,0,0,17,3,4000.0,2026-07-23,2026-08-25,2026-08-27,20,10.0,3,2.0
Adam Pendleton · Multiple · 2025 Q1,Multiple_Amphorae_24,Untitled (Blue Amphora),14865036902782,PENDL-UNTIT-SE-DRAW|PENDL-UNTIT-SE-PREORDER,10,0,0,0,0,0,0,0,10,0,6000.0,2024-12-05,2025-01-28,,0,0.0,0,0.0
Ahmed Mater · Magnetism 25 · 2025 Q4,AhmedMat_Magnet_25,Magnetism 25,15566847312254,MATER-MAGNE-PE-APSALE|MATER-MAGNE-PE-PRIVATE|MATER-MAGNE-PE-AUCTION,40,0,1,1,0,0,0,0,5,4,4500.0,2025-10-03,2025-10-21,2026-09-18,40,35.0,0,0.0
Ahmed Mater · Multiple · 2026 Q3,AhmedM_Salam_26,Hurriya,15948517048702,MATER-HURRI-PE-ARTIST|MATER-HURRI-PE-DRAW,7,0,1,1,0,0,0,0,6,1,4000.0,2026-07-06,2026-08-25,2026-07-28,7,6.0,0,0.0
Ahmed Mater · Multiple · 2026 Q3,AhmedM_Salam_26,Ray,15948516983166,MATER-RAYRA-PE-POSTRELEASE|MATER-RAYRA-PE-ARTIST|MATER-RAYRA-PE-DRAW,8,0,1,1,0,0,0,0,7,1,4000.0,2026-07-06,2026-08-25,2026-07-28,8,4.0,0,0.0
Ahmed Mater · Multiple · 2026 Q3,AhmedM_Salam_26,Salam,15948516950398,MATER-SALAM-PE-PRIVATE|MATER-SALAM-PE-ARTIST|MATER-SALAM-PE-POSTRELEASE|MATER-SALAM-PE-PREORDER|MATER-SALAM-PE-DRAW,21,0,3,1,0,0,0,0,16,5,4000.0,2026-07-01,2026-09-18,2026-07-28,21,14.0,0,0.0
Ai Weiwei · Arm · Multiple · 2026 Q2,AiWeiwei_FingerSE_25,Blue Arm,15669077410174,AWEIW-ALBLU-SE-INSIDERS|AWEIW-ALBLU-SE-PRIVATE|AWEIW-ALBLU-SE-PREORDER|AWEIW-ALBLU-SE-DRAW,48,0,0,0,0,0,0,0,40,8,1650.0,2026-03-30,2026-04-22,2026-04-21,0,0.0,0,0.0
Ai Weiwei · Arm · Multiple · 2026 Q2,AiWeiwei_FingerSE_25,Red Arm,15669077934462,AWEIW-ALRED-SE-PRIVATE|AWEIW-ALRED-SE-DRAW|AWEIW-ALRED-SE-PREORDER,48,0,0,0,0,0,0,0,41,7,1650.0,2026-03-30,2026-04-23,2026-04-22,0,0.0,0,0.0
Ai Weiwei · Arm · Multiple · 2026 Q2,AiWeiwei_FingerSE_25,Red Arm & Blue Arm,15669077868926,AWEIW-ALDUO-SE-INSIDERS|AWEIW-ALDUO-SE-DRAW|AWEIW-ALDUO-SE-PRIVATE,50,0,0,0,0,0,0,0,42,8,3300.0,2026-03-30,2026-04-17,2026-04-21,0,0.0,0,0.0
Ai Weiwei · Combat fear with truth · 2025 Q1,AiWeiwei_Snake_25,Combat fear with truth,14874292257150,AWEIW-CFWTR-TL|AWEIW-CFWTR-TL-APGIFT|AWEIW-CFWTR-TL-PRIVATE|AWEIW-CFWTR-TL-PREORDER,238,0,0,0,0,0,0,0,16,109,850.0,2025-01-23,2025-06-19,,238,78.0,0,0.0
Ai Weiwei · Everyone is a dragon · 2024 Q3,AiWeiwei_Dragon_24,Everyone is a dragon,9615337226578,AWEIW-PRINT-TL-PRIVATE|AWEIW-PRINT-TL-INSIDERS|AWEIW-PRINT-TL-LACMASTORE|AWEIW-PRINT-TL-GIFT|AWEIW-PRINT-TL-FORUM|AWEIW-PRINT-TL-LACMASTOREDISPLAY|AWEIW-PRINT-TL-PREORDER|AWEIW-PRINT-TL,1111,1,0,0,0,0,0,0,42,432,850.0,2024-08-27,2026-06-18,,1111,455.0,0,0.0
Ai Weiwei · Glass Vase · 2023 Q3,27.07_Aiweiwei_SE,Glass Vase,8343472079186,AIWEI-CCOLA-SE-PREORDER|AIWEI-CCOLA-SE-PRIVATE|AIWEI-CCOLA-SE-AP|AIWEI-CCOLA-SE|AIWEI-CCOLA-SE-INSIDERS,301,0,0,0,0,0,0,0,37,258,800.0,2023-04-03,2023-09-01,,0,0.0,0,0.0
Ai Weiwei · Guar · Multiple · 2026 Q2,AiWeiwei_Guardian2_26,Guardian (Blue),15936627310974|15871286215038,AWEI1-GUARB-TL|AWEI1-GUARB-TL-POSTRELEASE|AWEI1-GUARB-TL-FACTORY|AWEI1-GUARB-TL-PRIVATE|AWEI1-GUARB-TL-PREORDER,260,0,3,3,0,0,0,0,10,82,850.0,2026-05-13,2026-07-15,2026-08-21,260,112.0,0,0.0
Ai Weiwei · Guar · Multiple · 2026 Q2,AiWeiwei_Guardian2_26,Guardian (Green),15871286247806|15936627081598,AWEI1-GUARG-TL-FACTORY|AWEI1-GUARG-TL|AWEI1-GUARG-TL-PRIVATE|AWEI1-GUARG-TL-POSTRELEASE|AWEI1-GUARG-TL-PREORDER,274,0,3,2,0,0,0,0,15,86,850.0,2026-05-02,2026-08-12,2026-08-21,274,111.0,0,0.0
Ai Weiwei · Guar · Multiple · 2026 Q2,AiWeiwei_Guardian2_26,Guardian (Purple),15871286182270|15936549618046,AWEI1-GUARP-TL-POSTRELEASE|AWEI1-GUARP-TL-PREORDER|AWEI1-GUARP-TL-FACTORY|AWEI1-GUARP-TL|AWEI1-GUARP-TL-PRIVATE,533,0,3,2,0,0,0,0,23,166,850.0,2026-04-30,2026-08-31,2026-08-21,533,211.0,0,0.0
Ai Weiwei · Guardian · 2024 Q1,2024_AiWeiWei_TL,Guardian,8726722543954,AWEIW-GUARD-TL-PREORDER|AWEIW-GUARD-TL-PRIVATE|AWEIW-GUARD-TL-STAFF|AWEIW-GUARD-TL-APGIFT|AWEIW-GUARD-TL-STEAM|AWEIW-GUARD-TL-ARTIST|AWEIW-GUARD-TL-INSIDERS|AWEIW-GUARD-TL-STAFFGIFT|AWEIW-GUARD-TL|AWEIW-GUARD-TL-MISSOUT,1602,2,1,1,0,0,0,0,35,596,650.0,2024-02-06,2026-06-29,2024-09-25,1602,394.0,0,0.0
Ai Weiwei · Middle Finger in Red · 2023 Q1,30.03_Aiweiwei_TL,Middle Finger in Red,8336487842130,AIWEI-MIDFR-PE|AIWEI-MIDFR-PE-STAFF|AIWEI-MIDFR-PE-MISSOUT|AIWEI-MIDFR-PE-APSALE|AIWEI-MIDFR-PE-PREORDER|AIWEI-MIDFR-PE-DMM|AIWEI-MIDFR-PE-INSIDERS|AIWEI-MIDFR-PE-PRIVATE,1286,10,0,0,0,0,0,0,58,96,410.0,2023-03-15,2026-02-13,,0,0.0,0,0.0
Ai Weiwei · Multiple · 2023 Q2,11.05_Aiweiwei_PE,Free Speech,8343424336210,AIWEI-FSPCH-PE-PRIVATE|AIWEI-FSPCH-PE-INSIDERS|AIWEI-FSPCH-PE-PREORDER|AIWEI-FSPCH-PE,103,1,0,0,0,0,0,0,7,85,1200.0,2023-04-04,2024-05-09,,0,0.0,0,0.0
Ai Weiwei · Multiple · 2023 Q2,11.05_Aiweiwei_PE,Human Flow,8343423222098,AIWEI-HFLOW-PE-INSIDERS|AIWEI-HFLOW-PE-PREORDER|AIWEI-HFLOW-PE|AIWEI-HFLOW-PE-PRIVATE,103,2,0,0,0,0,0,0,11,86,1250.0,2023-04-03,2024-08-09,,0,0.0,0,0.0
Ai Weiwei · Multiple · 2023 Q2,11.05_Aiweiwei_PE,Middle Finger in Black,8343420338514,AIWEI-MIDFB-PE-PREORDER|AIWEI-MIDFB-PE-PRIVATE|AIWEI-MIDFB-PE-INSIDERS||AIWEI-MIDFB-PE,103,0,0,0,0,0,0,0,21,53,900.0,2023-04-04,2024-10-08,,0,0.0,0,0.0
Ai Weiwei · Multiple · 2024 Q4,AiWeiwei_TondoWood_24,Circle in Black,9750493069650,AWEIW-UNTI2-PE-APGIFT|AWEIW-UNTI2-PE-DRAW|AWEIW-UNTI2-PE-PREORDER,102,0,0,0,0,0,0,0,75,25,1650.0,2024-11-18,2025-02-21,,102,37.0,0,0.0
Ai Weiwei · Multiple · 2024 Q4,AiWeiwei_TondoWood_24,Circle in Blue,9750505390418,AWEIW-UNTIT-PE-DRAW|AWEIW-UNTIT-PE|AWEIW-UNTIT-PE-APGIFT|AWEIW-UNTIT-PE-PREORDER,102,0,1,1,0,0,0,0,67,32,1650.0,2024-11-18,2025-02-24,2025-05-12,102,44.0,0,0.0
Ai Weiwei · Multiple · 2025 Q3,AiWeiwei_NVase_25,Coloured Vase (Blue),15509505212798,AWEIW-COLOB-TL-PRIVATE|AWEIW-COLOB-TL-POSTRELEASE|AWEIW-COLOB-TL|AWEIW-COLOB-TL-PREORDER,72,0,0,0,0,0,0,0,4,18,1300.0,2025-08-27,2025-09-04,,0,0.0,0,0.0
Ai Weiwei · Multiple · 2025 Q3,AiWeiwei_NVase_25,Coloured Vase (Gold),15509505245566,AWEIW-COLOD-TL|AWEIW-COLOD-TL-PREORDER|AWEIW-COLOD-TL-PRIVATE|AWEIW-COLOD-TL-POSTRELEASE,87,0,0,0,0,0,0,0,4,20,1300.0,2025-08-21,2025-09-11,,0,0.0,0,0.0
Ai Weiwei · Multiple · 2025 Q3,AiWeiwei_NVase_25,Coloured Vase (Green),15509505278334,AWEIW-COLOG-TL|AWEIW-COLOG-TL-PRIVATE|AWEIW-COLOG-TL-POSTRELEASE,43,0,1,1,0,0,0,0,0,15,1300.0,2025-08-27,2025-09-04,2025-09-05,0,0.0,0,0.0
Ai Weiwei · Multiple · 2025 Q3,AiWeiwei_NVase_25,"Coloured Vase (Green, Blue and Red)",15521927496062,AWEIW-CTRIO-TL-PRIVATE|AWEIW-CTRIO-TL-PREORDER|AWEIW-CTRIO-TL,11,0,0,0,0,0,0,0,0,3,3900.0,2025-08-14,2025-09-03,,0,0.0,0,0.0
Ai Weiwei · Multiple · 2025 Q3,AiWeiwei_NVase_25,Coloured Vase (Red),15509505343870,AWEIW-COLOU-TL-PRIVATE|AWEIW-COLOU-TL-POSTRELEASE|AWEIW-COLOU-TL-PREORDER|AWEIW-COLOU-TL,103,0,0,0,0,0,0,0,8,31,1300.0,2025-08-22,2026-02-05,,0,0.0,0,0.0
Ai Weiwei · Multiple · 2025 Q3,AiWeiwei_NVase_25,Coloured Vase (Silver and Gold),15521904427390,AWEIW-CPAIR-TL-PREORDER|AWEIW-CPAIR-TL-PRIVATE|AWEIW-CPAIR-TL,39,0,0,0,0,0,0,0,1,32,2600.0,2025-08-13,2025-09-04,,0,0.0,0,0.0
Ai Weiwei · Multiple · 2025 Q3,AiWeiwei_NVase_25,Coloured Vase (Silver),15468675039614,AWEIW-COLA2-TL-PREORDER|AWEIW-COLA2-TL|AWEIW-COLA2-TL-PRIVATE,96,0,0,0,0,0,0,0,8,19,1300.0,2025-08-19,2025-09-04,,0,0.0,0,0.0
Ai Weiwei · Multiple · 2025 Q3,AiWeiwei_NVase_25,"Coloured Vase (Silver, Gold, Green, Blue and Red)",15527267500414,AWEIW-COSET-TL-PRIVATE|AWEIW-COSET-TL|AWEIW-COSET-TL-PREORDER,34,0,0,0,0,0,0,0,2,23,6500.0,2025-08-13,2025-09-04,,0,0.0,0,0.0
Ai Weiwei · Multiple · 2025 Q4,AiWeiwei_LE_25,Forever Bicycle (Blue & Silver),15611612365182,AWEIW-BICYC-PE-DRAW|AWEIW-BICYC-PE-INSIDERS|AWEIW-BICYC-PE-PRIVATE|AWEIW-BICYC-PE-PREORDER,49,0,0,0,0,0,0,0,28,21,2000.0,2025-10-20,2025-11-27,2025-11-17,49,27.0,0,0.0
Ai Weiwei · Multiple · 2025 Q4,AiWeiwei_LE_25,Forever Bicycle (Red & Gold),15611612332414,AWEIW-BIRED-PE-PREORDER|AWEIW-BIRED-PE-DRAW|AWEIW-BIRED-PE-PRIVATE,49,0,0,0,0,0,0,0,33,16,2000.0,2025-10-20,2025-11-17,2025-11-17,49,24.0,0,0.0
Ai Weiwei · Multiple · 2025 Q4,AiWeiwei_LE_25,Forever Bicycle (Red & Gold) & Forever Bicycle (Blue & Silver),15611612266878,AWEIW-BICY2-PE-DRAW|AWEIW-BICY2-PE-PRIVATE,51,0,0,0,0,6,0,0,39,12,4000.0,2025-10-20,2025-11-07,2025-11-17,51,28.0,6,3.0
Ai Weiwei · Multiple · 2026 Q1,AiWeiwei_SelfPortrait_26,Self-Portrait Embroidery (Blue & Pink),15699161907582,AWEIW-BLUEP-TL-POSTRELEASE|AWEIW-BLUEP-TL-APSALE|AWEIW-BLUEP-TL|AWEIW-BLUEP-TL-PRIVATE|AWEIW-BLUEP-TL-INSIDERS,21,0,1,0,0,0,0,0,3,7,1500.0,2026-01-27,2026-07-30,2026-02-05,21,19.25,0,0.0
Ai Weiwei · Multiple · 2026 Q1,AiWeiwei_SelfPortrait_26,Self-Portrait Embroidery (Green & Blue),15699161809278,AWEIW-GREEN-TL-POSTRELEASE|AWEIW-GREEN-TL-PRIVATE|AWEIW-GREEN-TL,23,0,1,0,0,0,0,0,2,9,1500.0,2026-01-27,2026-02-11,2026-02-05,23,22.25,0,0.0
Ai Weiwei · Multiple · 2026 Q1,AiWeiwei_SelfPortrait_26,"Self-Portrait Embroidery (Green & Blue), Self-Portrait Embroidery (Red & Green)",15706423558526,AWEIW-PAIR2-TL-PRIVATE|AWEIW-PAIR2-TL-PREORDER|AWEIW-PAIR2-TL,2,0,0,0,0,0,0,0,0,1,3000.0,2026-01-27,2026-01-28,2026-01-29,2,2.0,0,0.0
Ai Weiwei · Multiple · 2026 Q1,AiWeiwei_SelfPortrait_26,Self-Portrait Embroidery (Purple & Yellow),15699162005886,AWEIW-YELLO-TL-PREORDER|AWEIW-YELLO-TL-POSTRELEASE|AWEIW-YELLO-TL-APSALE|AWEIW-YELLO-TL|AWEIW-YELLO-TL-PRIVATE,28,0,2,0,0,0,0,0,6,8,1500.0,2026-01-19,2026-08-27,2026-02-09,28,25.25,0,0.0
Ai Weiwei · Multiple · 2026 Q1,AiWeiwei_SelfPortrait_26,"Self-Portrait Embroidery (Purple & Yellow), Self-Portrait Embroidery (Blue & Pink)",15706423624062,AWEIW-PAIR1-TL,2,0,1,0,0,0,0,0,1,0,3000.0,2026-01-29,2026-02-02,2026-01-29,2,2.0,0,0.0
Ai Weiwei · Multiple · 2026 Q1,AiWeiwei_SelfPortrait_26,"Self-Portrait Embroidery (Purple & Yellow), Self-Portrait Embroidery (Blue & Pink), Self-Portrait Embroidery (Green & Blue), Self-Portrait Embroidery (Red & Green)",15706423394686,AWEIW-FOUR1-TL-INSIDERS|AWEIW-FOUR1-TL-PRIVATE|AWEIW-FOUR1-TL-PREORDER|AWEIW-FOUR1-TL,20,0,0,0,0,0,0,0,11,6,6000.0,2026-01-19,2026-02-05,,20,12.0,0,0.0
Ai Weiwei · Multiple · 2026 Q1,AiWeiwei_SelfPortrait_26,Self-Portrait Embroidery (Red & Green),15699161743742,AWEIW-REDGR-TL-INSIDERS|AWEIW-REDGR-TL-POSTRELEASE|AWEIW-REDGR-TL-PREORDER|AWEIW-REDGR-TL|AWEIW-REDGR-TL-PRIVATE,43,0,1,0,0,0,0,0,4,10,1500.0,2026-01-07,2026-03-12,2026-02-19,43,42.25,0,0.0
Ai Weiwei · Multiple · 2026 Q3,AiWeiwei_Button_26,F.U.C.K. (Black & White),16058494058878,AWEI2-BUTBW-PE,3,0,0,0,0,7,0,0,1,2,8250.0,2026-08-26,2026-09-04,2026-09-22,0,0.0,0,0.0
Ai Weiwei · Multiple · 2026 Q3,AiWeiwei_Button_26,F.U.C.K. (Blue),16058498711934,AWEI2-BUTTB-PE,3,0,1,1,0,9,0,1,2,1,8250.0,2026-08-27,2026-09-23,2026-09-22,0,0.0,0,0.0
Ai Weiwei · Multiple · 2026 Q3,AiWeiwei_Button_26,F.U.C.K. (Red),16058502644094,AWEI2-BUTTR-PE,7,0,0,0,0,10,0,0,4,3,8250.0,2026-08-26,2026-09-14,2026-09-22,0,0.0,0,0.0
Ai Weiwei · Multiple · 2026 Q3,AiWeiwei_Button_26,F.U.C.K. (Yellow),15947487314302,AWEI2-BUTTO-PE-DRAW|AWEI2-BUTTO-PE-PREORDER,3,0,1,1,0,5,0,0,3,0,8250.0,2026-09-04,2026-09-18,2026-09-22,0,0.0,0,0.0
Ai Weiwei · To Be Looked At... · 2024 Q4,AiWeiwei_CCTV_24,To Be Looked At...,8935358464338,AWEIW-TOTOT-SE-PRIVATE|AWEIW-TOTOT-SE-PREORDER|AWEIW-TOTOT-SE-DRAW|AWEIW-TOTOT-SE-INSIDERS,201,0,1,1,0,0,0,0,70,130,2200.0,2024-08-02,2026-03-27,2025-11-27,0,0.0,0,0.0
Alake Shilling · Jolly Bear · 2021 Q2,23.04_AShilling_JollyBear,Jolly Bear,6541466533987,ALAKE-JOLLY-SE,0,0,0,0,0,0,0,0,0,0,1750.0,,,2024-11-07,0,0.0,0,0.0
Alex Katz · Ada Ada · 2025 Q4,AlexKatz_H2_25,Ada Ada,15571993362814,AKAT2-ADAAD-PE-DRAW|AKAT2-ADAAD-PE-PRIVATE|AKAT2-ADAAD-PE-INSIDERS|AKAT2-ADAAD-PE-PREORDER|AKAT2-ADAAD-PE-GUGGENHEIM,198,2,0,0,0,0,0,0,161,39,5000.0,2025-09-24,2026-01-15,2026-06-04,198,122.0,0,0.0
Ali Banisadr · Thinkpol · 2021 Q2,21.05_Abanisdar_Thinkpol,Thinkpol,6552779030627,ABANI-THINK-PE,2,0,0,0,0,0,0,0,2,0,4200.0,2025-06-10,2026-02-12,,2,0.0,0,0.0
Alpha Centauri Kid · Multiple · 2024 Q4,AlphaCent_Multiple_24,Flower Demons,9702520291666,CENTA-MINIS-PE,1,0,0,0,0,0,0,0,1,0,1500.0,2024-10-31,2024-10-31,,1,0.0,0,0.0
Alpha Centauri Kid · Multiple · 2024 Q4,AlphaCent_Multiple_24,"Flower Demons, Paired 1/1 NFT",9742292779346,CENTA-MINIS-PE-NFT,1,0,0,0,0,0,0,0,1,0,51017.89,2024-10-31,2024-10-31,,0,0.0,0,0.0
Alpha Centauri Kid · Multiple · 2024 Q4,AlphaCent_Multiple_24,Golden Afternoon,9702507905362,CENTA-MINI3-PE,1,0,0,0,0,0,0,0,1,0,1500.0,2024-10-31,2024-10-31,,1,0.0,0,0.0
Alpha Centauri Kid · Multiple · 2024 Q4,AlphaCent_Multiple_24,"Golden Afternoon, Paired 1/1 NFT",9745306124626,CENTA-MINI3-PE-NFT,1,0,0,0,0,0,0,0,1,0,67700.04,2024-10-31,2024-10-31,,0,0.0,0,0.0
Alpha Centauri Kid · Multiple · 2024 Q4,AlphaCent_Multiple_24,Muse blossoms,9702515245394,CENTA-MINI2-PE,1,0,0,0,0,0,0,0,1,0,1500.0,2024-10-31,2024-10-31,,1,0.0,0,0.0
Alpha Centauri Kid · Multiple · 2024 Q4,AlphaCent_Multiple_24,"Muse blossoms, Paired 1/1 NFT",9745300816210,CENTA-MINI2-PE-NFT,1,0,0,0,0,0,0,0,1,0,41453.45,2024-10-31,2024-10-31,,0,0.0,0,0.0
Alpha Centauri Kid · Multiple · 2024 Q4,AlphaCent_Multiple_24,Tempted in the Garden,9702543294802,CENTA-SILKS-PE-PHYSICALSECOND|CENTA-SILKS-PE-PHYSICAL|CENTA-SILKS-PE-APGIFT,31,0,0,0,0,0,0,0,31,0,1500.0,2024-10-31,2025-05-02,,31,24.0,0,0.0
Alpha Centauri Kid · Multiple · 2024 Q4,AlphaCent_Multiple_24,"Tempted in the Garden, Digital",9757030973778,CENTA-SILKS-PE-NFT|CENTA-SILKS-PE-NFTAUC,30,0,0,0,0,0,0,0,30,0,6286.67,2024-10-31,2025-02-28,,0,0.0,0,0.0
Alpha Centauri Kid · Multiple · 2024 Q4,AlphaCent_Multiple_24,Wonderland,9700548411730,CENTA-MINI5-PE,1,0,0,0,0,0,0,0,1,0,1500.0,2024-10-31,2024-10-31,,1,0.0,0,0.0
Alpha Centauri Kid · Multiple · 2024 Q4,AlphaCent_Multiple_24,"Wonderland, Paired 1/1 NFT",9745306616146,CENTA-MINI5-PE-NFT,1,0,0,0,0,0,0,0,1,0,47310.74,2024-10-31,2024-10-31,,0,0.0,0,0.0
Alpha Centauri Kid · Multiple · 2024 Q4,AlphaCent_Multiple_24,interblossom,9702349341010,CENTA-MINI4-PE,1,0,0,0,0,0,0,0,1,0,1500.0,2024-10-31,2024-10-31,,1,0.0,0,0.0
Alpha Centauri Kid · Multiple · 2024 Q4,AlphaCent_Multiple_24,"interblossom, Paired 1/1 NFT",9745306386770,CENTA-MINI4-PE-NFT,1,0,0,0,0,0,0,0,1,0,51017.89,2024-10-31,2024-10-31,,0,0.0,0,0.0
Alpha Centauri Kid · Warothy · 2023 Q4,2023_AlphaCK_PE,Warothy,8613108646226,CENTA-PRINT-PE-ARTIST|CENTA-PRINT-PE-DRAW|CENTA-PRINT-PE-PREORDER,25,0,0,0,0,0,0,0,25,0,5000.0,2023-11-03,2023-11-27,,0,0.0,0,0.0
Amani Lewis · TWO QUEENS: Ode to Romare Bearden · 2021 Q3,21.07_ALewis_Two Queens,TWO QUEENS: Ode to Romare Bearden,6576118104163,AMANI-TWOQN-PE-1,5,0,0,0,0,0,0,0,2,0,1200.0,2023-05-01,2026-07-18,,5,2.0,0,0.0
Andy Warhol Estate · Multiple · 2026 Q3,AndyWarhol_TL_26,Brillo Box Collectable (Green Landscape),16032990757246,WARHO-BRIG2-PE-PREORDER|WARHO-BRIG2-PE-PRIVATE|WARHO-BRIG2-PE-DRAW,44,0,5,3,0,94,0,0,42,2,750.0,2026-09-01,2026-09-22,2026-09-23,44,36.5,94,72.5
Andy Warhol Estate · Multiple · 2026 Q3,AndyWarhol_TL_26,Brillo Box Collectable (Green Portrait),16032990921086,WARHO-BRIG1-PE-PRIVATE|WARHO-BRIG1-PE-PREORDER|WARHO-BRIG1-PE-DRAW,46,0,2,2,0,76,0,0,38,8,750.0,2026-09-01,2026-09-22,2026-09-23,46,25.83,76,50.5
Andy Warhol Estate · Multiple · 2026 Q3,AndyWarhol_TL_26,Brillo Box Collectable (Lifesize),16053940257150,WARHO-WHITE-PE-PREORDER|WARHO-WHITE-PE-PRIVATE|WARHO-WHITE-PE-DRAW,77,0,5,4,1,38,0,0,48,29,2500.0,2026-09-01,2026-09-23,2026-09-23,0,0.0,0,0.0
Andy Warhol Estate · Multiple · 2026 Q3,AndyWarhol_TL_26,Brillo Box Collectable (White Landscape),16032990855550,WARHO-BRIW2-PE-DRAW|WARHO-BRIW2-PE-PREORDER|WARHO-BRIW2-PE-PRIVATE,136,0,8,5,0,148,0,0,116,20,750.0,2026-09-01,2026-09-22,2026-09-23,136,102.83,148,108.0
Andy Warhol Estate · Multiple · 2026 Q3,AndyWarhol_TL_26,Brillo Box Collectable (White Portrait),16032991019390,WARHO-BRIW1-PE-PRIVATE|WARHO-BRIW1-PE-PREORDER|WARHO-BRIW1-PE-DRAW,167,0,2,2,0,127,1,0,125,40,750.0,2026-09-01,2026-09-22,2026-09-23,167,95.83,127,88.0
Andy Warhol Estate · Multiple · 2026 Q3,AndyWarhol_TL_26,Brillo Box Collectable (Yellow Landscape),16032990790014,WARHO-BRIY2-PE-DRAW|WARHO-BRIY2-PE-FORUM|WARHO-BRIY2-PE-PREORDER|WARHO-BRIY2-PE-PRIVATE,46,0,4,2,0,91,0,0,37,7,750.0,2026-09-01,2026-09-22,2026-09-23,46,25.5,91,61.5
Andy Warhol Estate · Multiple · 2026 Q3,AndyWarhol_TL_26,Brillo Box Collectable (Yellow Portrait),16032990953854,WARHO-BRIY1-PE-PRIVATE|WARHO-BRIY1-PE-PREORDER|WARHO-BRIY1-PE-DRAW,104,0,3,3,0,140,0,0,91,13,750.0,2026-09-01,2026-09-22,2026-09-23,104,75.5,140,109.5
Anish Kapoor · Out of the Dark · 2023 Q4,2023.12_Anish Kapoor_PE,Out of the Dark,8652408324434,KAPOO-PRINT-TL-PREORDER|KAPOO-PRINT-TL-MISSOUT|KAPOO-PRINT-TL|KAPOO-PRINT-TL-APGIFT,333,2,0,0,0,0,0,0,21,0,1360.0,2023-12-04,2026-05-02,,0,0.0,0,0.0
Anna Weyant · Loose Screw · 2022 Q2,22.05_AWeyant_LooseScrew,Loose Screw,6747859386467,AWEYA-LOOSE-PE|AWEYA-LOOSE-PE-PREORDER,2,0,0,0,0,0,0,0,2,0,6000.0,2023-01-05,2025-02-21,,0,0.0,0,0.0
Anni and Josef Albers · Multiple · 2026 Q2,Albers_LE_26,Homage to the Square (Yellow) & Study for Homage to the Square,15857737499006,JALBE-SET02-PE-DRAW|JALBE-SET02-PE-PREORDER|JALBE-SET02-PE-PRIVATE,28,0,0,0,0,11,0,0,24,3,1200.0,2026-04-30,2026-05-20,2026-05-25,28,16.5,11,6.0
Anni and Josef Albers · Multiple · 2026 Q2,Albers_LE_26,"Homage to the Square, (Red)",15838224351614,"JALBE-WORKR-PE
-PREORDER|JALBE-WORKR-PE-FOUNDATION|JALBE-WORKR-PE
-PRIVATE|JALBE-WORKR-PE
-DRAW",147,0,0,0,0,0,0,0,132,13,600.0,2026-04-29,2026-08-07,2026-05-28,147,73.0,0,0.0
Anni and Josef Albers · Multiple · 2026 Q2,Albers_LE_26,"Homage to the Square, (Yellow)",15838224384382,JALBE-WORKY-PE-PRIVATE|JALBE-WORKY-PE-FOUNDATION|JALBE-WORKY-PE-DRAW|JALBE-WORKY-PE-GIFT|JALBE-WORKY-PE-PREORDER,114,0,1,0,0,0,0,0,102,12,600.0,2026-04-29,2026-08-26,2026-08-25,114,63.0,0,0.0
Anni and Josef Albers · Multiple · 2026 Q2,Albers_LE_26,Homage to the Square: Tap Root,15838224318846,"JALBE-WORBR-PE-FOUNDATION|JALBE-WORBR-PE
-DRAW|JALBE-WORBR-PE
-PREORDER|JALBE-WORBR-PE
-PRIVATE",140,0,2,2,0,0,0,0,136,3,600.0,2026-04-29,2026-08-27,2026-06-08,140,61.0,0,0.0
Anni and Josef Albers · Multiple · 2026 Q2,Albers_LE_26,Set of 4,15857737400702,JALBE-SET04-PE-PREORDER|JALBE-SET04-PE-DRAW|JALBE-SET04-PE-PRIVATE,101,0,2,2,0,0,0,0,91,9,2400.0,2026-04-29,2026-09-03,2026-08-25,101,49.0,0,0.0
Anni and Josef Albers · Multiple · 2026 Q2,Albers_LE_26,"Study for A, 1968",15838224417150,AALBE-WORKB-PE-PRIVATE|AALBE-WORKB-PE-FOUNDATION|AALBE-WORKB-PE-PREORDER|AALBE-WORKB-PE-DRAW,162,0,1,1,0,0,0,0,160,2,400.0,2026-04-29,2026-07-28,2026-08-24,162,69.0,0,0.0
Anni and Josef Albers · Multiple · 2026 Q2,Albers_LE_26,Study for Homage to the Square,15838224286078,JALBE-WORKG-PE-DRAW|JALBE-WORKG-PE-PRIVATE|JALBE-WORKG-PE-FOUNDATION|JALBE-WORKG-PE-APGIFT|JALBE-WORKG-PE-PREORDER,116,0,1,0,0,0,0,0,109,7,600.0,2026-04-29,2026-09-08,2026-07-09,116,71.0,0,0.0
Anni and Josef Albers · Multiple · 2026 Q2,Albers_LE_26,"Study for TR I, ca. 1969",15838224482686,AALBE-WORKR-PE-PREORDER|AALBE-WORKR-PE-PRIVATE|AALBE-WORKR-PE-DRAW,138,0,0,0,0,0,0,0,134,4,400.0,2026-04-29,2026-08-20,2026-08-24,138,53.0,0,0.0
Anni and Josef Albers · Multiple · 2026 Q2,Albers_LE_26,"Study for TR I, ca. 1969 & Study for A, 1968",15857626055038,AALBE-SET02-PE-EDGIFT|AALBE-SET02-PE-DRAW|AALBE-SET02-PE-PREORDER|AALBE-SET02-PE-PRIVATE,48,0,0,0,0,0,0,0,46,1,800.0,2026-04-29,2026-08-20,2026-05-25,48,17.0,0,0.0
Antony Micallef · Portrait of Francis Bacon · 2024 Q3,AntonyMic_Print_24,Portrait of Francis Bacon,9305977323858,ANTON-PRINT-PE-PREORDER1|ANTON-PRINT-PE-APSALE|ANTON-PRINT-PE-PREORDER|ANTON-PRINT-PE-DRAW,52,0,0,0,0,0,0,0,36,16,1750.0,2024-08-01,2024-11-05,,52,17.0,0,0.0
Antony Micallef · Self Portrait with Blue Slash · 2026 Q2,AntonyMic_LE_26,Self Portrait with Blue Slash,15857626087806,ANTON-BLUES-PE-PREORDER|ANTON-BLUES-PE-PRIVATE|ANTON-BLUES-PE-DRAW,65,0,0,0,0,0,0,0,51,14,1750.0,2026-04-28,2026-08-07,2026-05-29,65,39.0,0,0.0
Antony Micallef · Self Portrait with Yellow Lake and Magenta · 2025 Q3,AntonyMic_PE_25,Self Portrait with Yellow Lake and Magenta,15394719957374,ANTON-SELFS-PE-PREORDER|ANTON-SELFS-PE-APSALE|ANTON-SELFS-PE-PRIVATE|ANTON-SELFS-PE-DRAW,61,0,0,0,0,0,0,0,26,35,1750.0,2025-05-31,2026-04-18,,61,31.0,0,0.0
Arghavan Khosravi · The Earring · 2023 Q4,2023.07_Arghavan Kho_PE,The Earring,8579796926802,ARGHA-MIXED-PE-DRAW|ARGHA-MIXED-PE-PREORDER,22,0,0,0,0,0,0,0,22,0,3750.0,2023-09-27,2024-02-24,,0,0.0,0,0.0
Artspace Amphora Project · Multiple · 2025 Q1,Multiple_Amphorae_24,Amphorae,14867579601278,AMPHO-AMPHO-SE-PREORDER,3,0,0,0,0,0,0,0,2,1,35000.0,2024-12-07,2025-02-05,,0,0.0,0,0.0
Asuka Anastacia Ogawa · Sleepy · 2024 Q2,Asuka_Sleepy_24,Sleepy,8869927977298,ANAST-SLEEP-PE-APGIFT|ANAST-SLEEP-PE-DRAW|ANAST-SLEEP-PE-PREORDER,52,0,0,0,0,0,0,0,30,21,500.0,2024-04-26,2024-10-25,,52,16.0,0,0.0
Aya Takano · Anthem (Detail) · 2023 Q1,2023.02_Aya Takano_PE,Anthem (Detail),6848092274787,AYATA-ANTHE-PE-DRAW|AYATA-ANTHE-PE-PRE-ORDER|AYATA-ANTHE-PE-INSIDERS,40,0,0,0,0,0,0,0,10,3,800.0,2023-01-30,2023-02-28,,0,0.0,0,0.0
Ayako Rokkaku · Untitled · 2025 Q2,AyakoRokk_Large_25,Untitled,14912687767934,AYAKO-LARGE-PE-PRIVATE,23,0,0,0,0,0,0,0,23,0,12000.0,2025-03-11,2025-09-16,,23,4.0,0,0.0
Backside works. · Multiple · 2026 Q3,Backside_LE_26,Princess,15947504714110,BWORK-PRINC-PE-PREORDER|BWORK-PRINC-PE-GALLERY|BWORK-PRINC-PE-PRIVATE|BWORK-PRINC-PE-DRAW,49,0,1,1,0,0,0,0,39,10,1700.0,2026-06-30,2026-08-07,2026-07-27,49,26.0,0,0.0
Backside works. · Multiple · 2026 Q3,Backside_LE_26,Queen,15947504681342,BWORK-QUEEN-PE-GALLERY|BWORK-QUEEN-PE-PRIVATE|BWORK-QUEEN-PE-DRAW|BWORK-QUEEN-PE-PREORDER,48,0,2,1,0,0,0,0,38,10,1700.0,2026-06-29,2026-08-07,2026-07-30,48,23.0,0,0.0
Baldur Helgason · Menippean Satire · 2024 Q1,2024_BaldurHelg_PE,Menippean Satire,8572057616722,BALDH-MENIP-PE-APARTIST|BALDH-MENIP-PE-DRAW|BALDH-MENIP-PE-PRIVATE|BALDH-MENIP-PE-INSIDERS|BALDH-MENIP-PE-PREORDER,49,0,0,0,0,0,0,0,28,18,1700.0,2024-02-09,2024-04-10,,0,0.0,0,0.0
Baldur Helgason · Picaresque · 2022 Q4,22.10_BHelgason_Picaresque,Picaresque,6851039199331,BALDH-PICAR-PE-APARTIST,3,0,0,0,0,0,0,0,0,0,,2024-04-10,2024-04-10,,0,0.0,0,0.0
Barry McGee · Fuzz Gathering · 2025 Q1,BarryMcge_TL2_25,Fuzz Gathering,14879581372798,BMCG2-HFHFH-TL-PRIVATE|BMCG2-HFHFH-TL-INSIDERS|BMCG2-HFHFH-TL|BMCG2-HFHFH-TL-LACMASTOREDISPLAY|BMCG2-HFHFH-TL-LACMASTORE|BMCG2-HFHFH-TL-PREORDER,662,0,0,0,0,0,0,0,60,252,900.0,2025-01-15,2025-10-28,2026-09-16,662,249.0,0,0.0
Barry McGee · Multiple · 2023 Q4,2023.06_BarryMcgee_TL,Untitled,8610137997650,BMCG2-STDPR-TL-PRIVATE|BMCG2-STDPR-TL-STAFFGIFT|BMCG2-STDPR-TL|BMCG2-STDPR-TL-PREORDER|BMCG2-STDPR-TL-INSIDERS,432,1,0,0,0,0,0,0,49,100,600.0,2023-11-03,2024-11-20,,0,0.0,0,0.0
Barry McGee · Multiple · 2023 Q4,2023.06_BarryMcgee_TL,Untitled (Hand-finished),8610137964882,BMCG2-HFPRI-TL-PREORDER|BMCG2-HFPRI-TL-PRIVATE|BMCG2-HFPRI-TL|BMCG2-HFPRI-TL-INSIDERS,77,0,1,1,0,0,0,0,22,18,3500.0,2023-11-04,2025-01-27,2025-11-27,0,0.0,0,0.0
Beeple · Multiple · 2024 Q4,Beeple_Tree_24,CHOOSE VIOLENCE,9696085344594,BEEPL-CHOOS-TL|BEEPL-CHOOS-TL-LINGOTTO|BEEPL-CHOOS-TL-STUDIO|BEEPL-CHOOS-TL-PRIVATE|BEEPL-CHOOS-TL-PREORDER,30,0,0,0,0,0,0,0,7,8,350.0,2024-10-08,2025-02-13,,30,2.0,0,0.0
Beeple · Multiple · 2024 Q4,Beeple_Tree_24,NOISE,9696085311826,BEEPL-NOISE-TL|BEEPL-NOISE-TL-LINGOTTO|BEEPL-NOISE-TL-STUDIO|BEEPL-NOISE-TL-PRIVATE,55,0,0,0,0,0,0,0,6,13,350.0,2024-10-08,2025-02-13,,55,12.0,0,0.0
Beeple · Multiple · 2024 Q4,Beeple_Tree_24,SIGNAL,9696085410130,BEEPL-SIGNA-TL-LINGOTTO|BEEPL-SIGNA-TL-PREORDER|BEEPL-SIGNA-TL-INSIDERS|BEEPL-SIGNA-TL-PRIVATE|BEEPL-SIGNA-TL|BEEPL-SIGNA-TL-STUDIO,180,0,0,0,0,0,0,0,9,39,350.0,2024-10-04,2025-02-13,,180,33.67,0,0.0
Beeple · Multiple · 2024 Q4,Beeple_Tree_24,THE TREE OF KNOWLEDGE (Triptych),9698120040786,BEEPL-TREET-TL-PREORDER|BEEPL-TREET-TL-INSIDERS|BEEPL-TREET-TL|BEEPL-TREET-TL-PRIVATE,152,0,0,0,0,0,0,0,9,37,955.0,2024-10-05,2025-02-22,,152,34.33,0,0.0
Benrei Huang · Minority Rules · 2024 Q1,2024_Benrei_PE,Minority Rules,8722971033938,HUANG-MINOR-PE|HUANG-MINOR-PE-PRIVATE|HUANG-MINOR-PE-PREORDER,40,0,0,0,0,0,0,0,7,4,800.0,2024-01-29,2024-02-29,,0,0.0,0,0.0
Bisa Butler · Multiple · 2026 Q4,BisaButler_TL_26,Be Mine,16071989526910,BBUT1-BEMIN-TL-PRIVATE|BBUT1-BEMIN-TL-PREORDER,3,0,0,0,0,0,0,0,2,1,750.0,2026-09-15,2026-09-17,,3,0.0,0,0.0
Bisa Butler · Multiple · 2026 Q4,BisaButler_TL_26,I Go To Prepare a Place For You,16071989494142,BBUT1-HARRI-TL-PREORDER|BBUT1-HARRI-TL-PRIVATE,4,0,20,1,0,0,0,0,3,1,750.0,2026-09-15,2026-09-18,2026-09-15,4,0.0,0,0.0
Bony Ramirez · TORO! · 2023 Q4,2023.10_Bony Ramirez_HFPE,TORO!,8608597279058,RAMIR-HFWAL-HP-PREORDER|RAMIR-HFWAL-HP,25,0,1,1,0,0,0,0,16,2,2900.0,2023-11-03,2026-08-18,2026-08-04,25,6.0,0,0.0
Brian Calvin · Multiple · 2023 Q3,2023.06_Artist bags_CL,Artist Bag (Brian Calvin),8519915569490,CALVI-LIMIT-CL|CALVI-LIMIT-CL-GIFT,103,0,0,0,0,0,0,0,3,0,99.0,2023-08-03,2026-09-16,,0,0.0,0,0.0
Brice Guilbert · Multiple · 2023 Q3,2023_BriceGuilbert_OG,Fournez 1,8468229423442,GUILB-FOUR1-OG-PRIVATE,1,0,0,0,0,0,0,0,1,0,10000.0,2023-06-28,2023-06-28,,0,0.0,0,0.0
Brice Guilbert · Multiple · 2023 Q3,2023_BriceGuilbert_OG,Fournez 2,8468229914962,GUILB-FOUR2-OG-PRIVATE,1,0,0,0,0,0,0,0,1,0,10000.0,2024-05-06,2024-05-06,,0,0.0,0,0.0
Brice Guilbert · Multiple · 2023 Q3,2023_BriceGuilbert_OG,Fournez 3,8468230275410,GUILB-FOUR3-OG-PRIVATE,1,0,0,0,0,0,0,0,1,0,10000.0,2023-08-21,2023-08-21,,0,0.0,0,0.0
Bridget Mullen · Multiple · 2023 Q3,2023.09_Bridget Mull_HFPE,Headland #1,8564838498642,BMULL-HEAD1-HP-PREORDER,1,0,0,0,0,0,0,0,1,0,2250.0,2023-09-14,2023-09-14,,1,0.0,0,0.0
Bridget Mullen · Multiple · 2023 Q3,2023.09_Bridget Mull_HFPE,Headland #2,8564835713362,BMULL-HEAD2-HP-PREORDER,1,0,0,0,0,0,0,0,1,0,2250.0,2023-09-14,2023-09-14,,1,1.0,0,0.0
Bridget Mullen · Multiple · 2023 Q3,2023.09_Bridget Mull_HFPE,Minnesotan #1,8564835746130,BMULL-MINN1-HP,1,0,0,0,0,0,0,0,0,0,2250.0,2024-11-22,2024-11-22,,1,0.0,0,0.0
Bäst · Sunday Afternoon · 2022 Q4,22.11_Bast_SundayAfternoon,Sunday Afternoon,6848025854051,BASTP-SUNDY-PE-PRIVATE|BASTP-SUNDY-PE-PREORDER,3,0,0,0,0,0,0,0,2,1,1500.0,2023-03-12,2024-12-16,,0,0.0,0,0.0
Cai Guo-Qiang · Snow Lotus No. 1 · 2024 Q1,2024_CaiGuoQ_PE,Snow Lotus No. 1,8722971066706,CGUOQ-SNOWS-PE-MONARCH|CGUOQ-SNOWS-PE-PRIVATE|CGUOQ-SNOWS-PE-ARTISTPRIVATE|CGUOQ-SNOWS-PE-INSIDERS|CGUOQ-SNOWS-PE-DRAW|CGUOQ-SNOWS-PE-ARTIST|CGUOQ-SNOWS-PE-PREORDER,51,0,0,0,0,0,0,0,39,12,5500.0,2024-01-27,2024-02-24,,51,1.0,0,0.0
Cali Thornhill Dewitt · Haunted · 2020 Q3,20.08_CTDewitt_Haunted,Haunted,4704022331491,CALIT-HAUNT-PE,2,0,0,0,0,0,0,0,0,0,400.0,2023-04-01,2023-05-17,2024-11-07,0,0.0,0,0.0
Camilla Engström · Island Creators · 2023 Q4,2023.10_Camilla Engs_PE,Island Creators,8599269933394,CENGS-PRINT-PE-PREORDER|CENGS-PRINT-PE-FORUM|CENGS-PRINT-PE-DRAW,50,0,0,0,0,1,0,0,47,3,1000.0,2023-10-13,2023-11-23,2023-10-14,0,0.0,0,0.0
Camilla Engström · Yellow Moon · 2022 Q3,22.09_CEngstrom_Yellow Moon ,Yellow Moon,6795731599459,CENGS-YMOON-PE,1,0,0,0,0,0,0,0,1,0,900.0,2024-02-16,2024-02-16,,0,0.0,0,0.0
Carrie Mae Weems · Multiple · 2025 Q3,CarrieMae_TL_25,Kitchen Table triptych,15400358478206,MAEWE-KITCH-TL-APGIFT|MAEWE-KITCH-TL-PRIVATE|MAEWE-KITCH-TL-INSIDERS|MAEWE-KITCH-TL-PREORDER|MAEWE-KITCH-TL,164,0,0,0,0,0,0,0,7,84,2025.0,2025-07-07,2026-02-23,,164,45.0,0,0.0
Carrie Mae Weems · Multiple · 2025 Q3,CarrieMae_TL_25,Untitled (Man and mirror),15361759838590,MAEWE-UNTI3-TL-POSTRELEASE|MAEWE-UNTI3-TL-APGIFT|MAEWE-UNTI3-TL-INSIDERS|MAEWE-UNTI3-TL-PRIVATE|MAEWE-UNTI3-TL-PREORDER|MAEWE-UNTI3-TL,245,0,1,1,0,0,0,0,18,53,750.0,2025-07-21,2026-05-06,2026-07-13,245,68.0,0,0.0
Carrie Mae Weems · Multiple · 2025 Q3,CarrieMae_TL_25,Untitled (Woman and phone),15361621655934,MAEWE-UNTIT-TL|MAEWE-UNTIT-TL-PRIVATE|MAEWE-UNTIT-TL-POSTRELEASE,289,1,2,2,0,0,0,0,15,70,750.0,2025-07-22,2025-11-17,2026-07-13,289,82.0,0,0.0
Carrie Mae Weems · Multiple · 2025 Q3,CarrieMae_TL_25,Untitled (Woman brushing hair),15361757479294,MAEWE-UNTI2-TL|MAEWE-UNTI2-TL-POSTRELEASE|MAEWE-UNTI2-TL-PRIVATE|MAEWE-UNTI2-TL-PREORDER|MAEWE-UNTI2-TL-APGIFT,424,0,1,1,0,0,0,0,26,107,750.0,2025-07-02,2026-04-20,2026-07-13,424,109.0,0,0.0
"Chris Huen Sin Kan · Joel, Tess and Haze · 2023 Q1",2023.03_Chris Huen S_HFPE,"Joel, Tess and Haze",6885497438307,CHUEN-JTAHA-PE-ARTIST|CHUEN-JTAHA-PE-PREORDER|CHUEN-JTAH-PE-PREORDER|CHUEN-JTAH-PE-INSIDERS|CHUEN-JTAHA-PE,13,0,0,0,0,0,0,0,8,1,4000.0,2023-02-10,2026-01-28,,13,0.0,0,0.0
Chris Succo · Multiple · 2019 Q1,19.02_CSucco_PEs,Daytona,3923450036323,SUCCO-DYTNA-PE,1,0,0,0,0,0,0,0,0,0,850.0,2026-03-17,2026-03-17,,0,0.0,0,0.0
Chris Succo · Multiple · 2019 Q1,19.02_CSucco_PEs,Paul’s Backyard,3923454263395,SUCCO-BYARD-PE,2,0,0,0,0,0,0,0,0,0,790.0,2024-09-03,2025-08-29,,0,0.0,0,0.0
Chris Succo · Multiple · 2019 Q1,19.02_CSucco_PEs,Untitled [1185813],3923116556387,SUCCO-UNTIT-PE,3,0,0,0,0,0,0,0,1,0,850.0,2023-01-16,2026-09-20,,0,0.0,0,0.0
Christian Rex van Minnen · Multiple · 2023 Q2,08.06_ChristianRVM_PE,Strawberry Tears,8447769346386,CHRIS-STRAW-PE|CHRIS-STRAW-PE-PREORDER|CHRIS-STRAW-PE-INSIDERS,25,0,0,0,0,0,0,0,12,1,2500.0,2023-05-22,2023-06-07,,0,0.0,0,0.0
Christian Rex van Minnen · Multiple · 2023 Q4,2023.09_Christian Re_TL,Rainbow Bridge,8634214842706,CHRIS-RAINB-TL-APGIFT|CHRIS-RAINB-TL-INSIDERS|CHRIS-RAINB-TL|CHRIS-RAINB-TL-PREORDER|CHRIS-RAINB-TL-MISSOUT|CHRIS-RAINB-TL-PRIVATE,133,0,0,0,0,0,0,0,9,53,550.0,2023-11-28,2024-10-18,,0,0.0,0,0.0
Christian Rex van Minnen · Parallax · 2022 Q1,22.03_CRVMinnen_Parallax,Parallax,6695826292835,CHRIS-PARAL-PE,1,0,0,0,0,0,0,0,1,0,500.0,2024-06-14,2024-06-14,,0,0.0,0,0.0
Cindy Sherman · Untitled · 2025 Q4,CindySher_TL_25,Untitled,15393095680382,CSHE2-UNTIT-TL-INSIDERS|CSHE2-UNTIT-TL-APGIFT|CSHE2-UNTIT-TL|CSHE2-UNTIT-TL-PREORDER|CSHE2-UNTIT-TL-POSTRELEASE|CSHE2-UNTIT-TL-PRIVATE,630,1,1,0,0,0,0,0,46,195,1300.0,2025-11-01,2026-02-05,2026-01-15,630,217.0,0,0.0
Cindy Sherman · Untitled · 2026 Q2,CindySher_LE_26,Untitled,15901570302334,CSHE2-UNTIU-PE-DRAW|CSHE2-UNTIU-PE-MOMA|CSHE2-UNTIU-PE-HAUSER|CSHE2-UNTIU-PE-PRIVATE|CSHE2-UNTIU-PE-PREORDER|CSHE2-UNTIU-PE-INSIDERS,495,0,2,1,0,0,0,0,356,139,1300.0,2026-05-13,2026-07-16,2026-08-07,495,237.0,0,0.0
Claire Silver · daydreamer · 2025 Q3,ClaireSil_House_25,daydreamer,15394753118590,SILV0-DAYDR-PE-AUCTION|SILV0-DAYDR-PE-ARTIST|SILV0-DAYDR-PE,34,0,4,3,0,0,0,0,23,0,2750.0,2025-07-11,2026-05-14,2026-02-10,34,19.0,0,0.0
Claire Tabouret · Paysage d’Intérieur (printemps) · 2024 Q4,ClaireTab_Tapestry_24,Paysage d’Intérieur (printemps),9758666522962,CTABO-PAYSA-PE-DRAW|CTABO-PAYSA-PE-PRIVATE|CTABO-PAYSA-PE-PREORDER|CTABO-PAYSA-PE-INSIDERS,50,0,0,0,0,0,0,0,36,13,4000.0,2024-11-01,2024-12-23,,50,0.0,0,0.0
Cleon Peterson · Multiple · 2023 Q3,2023.06_Artist bags_CL,Artist Bag (Cleon Peterson),8519917502802,CLEON-LIMIT-CL-GIFT|CLEON-LIMIT-CL,129,3,0,0,0,0,0,0,10,0,99.0,2023-08-03,2026-08-23,,0,0.0,0,0.0
Cleon Peterson · Shame · 2025 Q3,CleonPeter_Timed_25,Shame,15468503597438,CLEON-COLLE-CL|CLEON-COLLE-CL-PREORDER|CLEON-COLLE-CL-POST-RELEASE|CLEON-COLLE-CL-PRIVATE|CLEON-COLLE-CL-INSIDERS|CLEON-COLLE-CL-ARTIST,278,0,0,0,0,0,0,0,15,138,650.0,2025-08-19,2026-01-13,2026-01-15,0,0.0,0,0.0
Cristina de Miguel · Tentacular Thinking · 2024 Q3,CristinAd_Tentacula_24,Tentacular Thinking,9306027426130,DEMIG-CRIST-HP-DRAW|DEMIG-CRIST-HP,7,0,0,0,0,0,0,0,4,0,2750.0,2024-08-09,2025-06-04,,7,5.0,0,0.0
CryptoPunks · Multiple · 2023 Q4,2024_CryptoChainPrint_TL,"10,000 On-Chain",8590254834002,CRYPT-10101-TL-MISSOUT|CRYPT-10101-TL|CRYPT-10101-TL-PRE-ORDER,832,0,0,0,0,0,0,0,40,0,500.0,2023-10-26,2025-07-22,,0,0.0,0,0.0
CryptoPunks · Multiple · 2023 Q4,2024_CryptoChainPrint_TL,"10,000 On-Chain AP",8622831993170,CRYPT-10101-TL|CRYPT-10101-TL-PRE-ORDER,4,0,0,0,0,0,0,0,3,0,500.0,2023-10-26,2025-03-16,,0,0.0,0,0.0
CryptoPunks · Multiple · 2023 Q4,2024_CryptoChainPrint_TL,Punk On-Chain,8590254768466,CRYPT-PUNKP-TL,252,0,0,0,0,0,0,0,0,0,600.0,2023-10-26,2023-10-28,,0,0.0,0,0.0
CryptoPunks · Multiple · 2023 Q4,2024_CryptoChainPrint_TL,Punk On-Chain Manual,8622796341586,CRYPT-PUNKP-TL-PRE-ORDER|CRYPT-PUNKP-TL,31,0,0,0,0,0,0,0,31,0,600.0,2023-10-25,2023-11-22,,0,0.0,0,0.0
Cui Jie · Shanghai Federation of Industry & Commerce Building · 2023 Q4,2023_Cuijie_PE,Shanghai Federation of Industry & Commerce Building,8599270424914,JIECU-SHANG-HP|JIECU-SHANG-HP-PREORDER|JIECU-SHANG-HP-APSALE,13,0,0,0,0,0,0,0,6,0,1500.0,2023-10-19,2026-03-31,,13,2.0,0,0.0
DRIFT · Another Future · 2020 Q3,20.09_DRIFT_AnotherFuture,Another Future,4675369664611,DRIFT-FUTUR-SE,1,0,0,0,0,0,0,0,1,0,4600.0,2023-06-12,2023-06-12,,0,0.0,0,0.0
DRIFT · Proto Nature I · 2026 Q1,Drift_LE_25,Proto Nature I,15776485278078,DRIFT-PROTO-SE-PREORDER|DRIFT-PROTO-SE|DRIFT-PROTO-SE-DRAW,22,1,0,0,0,0,0,0,19,0,6000.0,2026-02-25,2026-04-17,2026-04-02,0,0.0,0,0.0
Danielle Mckinney · Dream Catcher · 2023 Q1,2023.01_Danielle Mck_PE,Dream Catcher,6877657038947,MCKIN-DREAM-PE-INSIDERS|MCKIN-DREAM-PE-NIGHTGALLERY|MCKIN-DREAM-PE|MCKIN-DREAM-PE-PREORDER|MCKIN-DREAM-PE-BOESKYGALLERY,30,0,0,0,0,0,0,0,21,4,2250.0,2023-01-10,2023-02-02,,0,0.0,0,0.0
Danielle Mckinney · Sandman · 2025 Q1,DanielleM_Sand_25,Sandman,14870045262206,MCKIN-SANDM-TL-APGIFT|MCKIN-SANDM-TL-PRIVATE|MCKIN-SANDM-TL|MCKIN-SANDM-TL-PREORDER|MCKIN-SANDM-TL-FORUM|MCKIN-SANDM-TL-APSALE,1176,2,0,0,0,0,0,0,102,33,700.0,2025-01-06,2026-01-26,,1176,393.0,0,0.0
Danielle Mckinney · Shelter · 2024 Q3,DanielleM_Shelter_24,Shelter,9304511611218,MCKIN-SHELT-PE-APSALE|MCKIN-SHELT-PE-DRAW|MCKIN-SHELT-PE-INSIDERS|MCKIN-SHELT-PE-GALLERY|MCKIN-SHELT-PE-PREORDER,102,0,0,0,0,0,0,0,92,10,1750.0,2024-08-20,2025-10-06,,102,41.0,0,0.0
DeeKay · Love Ripples · 2024 Q1,2024_Deekay_PE,Love Ripples,8726767927634,DEEKA-PRINT-PE-DRAW|DEEKA-PRINT-PE-APSALE|DEEKA-PRINT-PE-ARTIST|DEEKA-PRINT-PE-APARTIST|DEEKA-PRINT-PE-PREORDER,32,1,0,0,0,0,0,0,30,0,6000.0,2024-02-08,2025-08-08,,0,0.0,0,0.0
Derek Fordjour · Multiple · 2025 Q1,Multiple_Amphorae_24,Horn Trot Round,9756849733970,DFORD-HORNH-SE-PREORDER|DFORD-HORNH-SE-ARTSPACE|DFORD-HORNH-SE-DRAW,26,0,0,0,0,0,0,0,22,4,6000.0,2024-12-06,2025-01-28,,0,0.0,0,0.0
Devan Shimoyama · Le Mat · 2023 Q4,2023.09_Devan Shimoy_PE,Le Mat,8599271473490,DSHIM-TAROT-PE|DSHIM-TAROT-PE-PREORDER,16,0,0,0,0,0,0,0,3,1,1750.0,2023-11-02,2025-02-02,,16,7.0,0,0.0
Dominique Fung · Handheld Fan · 2025 Q3,Dominique_Limited_25,Handheld Fan,8933330157906,DFUNG-PRINT-HP-PREORDER|DFUNG-PRINT-HP-DRAW|DFUNG-PRINT-HP|DFUNG-PRINT-HP-PRIVATE,37,0,1,1,0,0,0,0,31,5,1150.0,2024-09-03,2025-07-22,2025-06-26,37,11.0,0,0.0
Donna Huanca · Multiple · 2021 Q2,21.04_DHuanca_PEs,SPIRAL PARA EL CIELO,6541829439587,HUANC-SPIRA-PE,3,0,1,1,0,0,0,0,3,0,1300.0,2023-01-13,2026-02-23,2026-01-12,3,2.0,0,0.0
Ed Ruscha · Actual Size · 2024 Q2,2024_EDRUSCHA_TL,Actual Size,8763740488018,ERUS4-TIMED-TL-APGIFT|ERUS4-TIMED-TL-INSIDERS|ERUS4-TIMED-TL-MISSOUT|ERUS4-TIMED-TL-AP||ERUS4-TIMED-TL|ERUS4-TIMED-TL-PREORDER|ERUS4-TIMED-TL-LACMASTOREDISPLAY|ERUS4-TIMED-TL-APSALE|ERUS4-TIMED-TL-PRIVATE|ERUS4-TIMED-TL-LACMASTOREAPSALE,1880,2,1,1,0,0,0,0,87,965,475.0,2024-03-27,2025-10-28,2026-06-23,1880,680.0,0,0.0
Eddie Martinez · Olive Garden · 2026 Q2,EddieMart_LE_25,Olive Garden,15838230315390,EMAR1-OLIVE-PE-DRAW|EMAR1-OLIVE-PE-PRIVATE|EMAR1-OLIVE-PE-APGIFT|EMAR1-OLIVE-PE-INSIDERS|EMAR1-OLIVE-PE-PREORDER,101,0,1,1,0,0,0,0,74,26,1250.0,2026-04-22,2026-07-29,2026-05-22,101,49.0,0,0.0
Eddie Martinez · Scaffold · 2024 Q2,EddieMart_Scaffold_24,Scaffold,8844636160338,EMART-PRINT-PE-DRAW|EMART-PRINT-PE-PREORDER|EMART-PRINT-PE-DISCORD|EMART-PRINT-PE-INSIDERS|EMART-PRINT-PE-APGIFT,200,0,0,0,0,0,0,0,180,20,1250.0,2024-05-09,2026-09-01,,200,68.0,0,0.0
Em Cooper · Multiple · 2026 Q1,EmCooper_TL_25,Early in the Morning,15737796723070,COOPE-EARLY-TL|COOPE-EARLY-TL-ARTIST|COOPE-EARLY-TL-BEATLES,20,0,0,0,0,0,0,0,0,9,500.0,2026-03-03,2026-03-06,,20,12.0,0,0.0
Em Cooper · Multiple · 2026 Q1,EmCooper_TL_25,Early in the Morning & In the Middle of a Dream,15753297953150,COOPE-PAIRP-TL-BEATLES|COOPE-PAIRP-TL,15,0,0,0,0,0,0,0,1,7,1000.0,2026-03-03,2026-03-10,,15,6.0,0,0.0
Em Cooper · Multiple · 2026 Q1,EmCooper_TL_25,In the Middle of a Dream,15737796231550,COOPE-ININI-TL-BEATLES|COOPE-ININI-TL|COOPE-ININI-TL-ARTIST,8,0,0,0,0,0,0,0,0,4,500.0,2026-03-03,2026-03-06,,8,5.0,0,0.0
Emily Xie · Guardian Lion · 2024 Q1,2024_EmilyXie_PE,Guardian Lion,8736755646802,XIEEM-PRINT-PE-PRIVATE|XIEEM-PRINT-PE-PREORDER|XIEEM-PRINT-PE-DRAW|XIEEM-PRINT-PE-INSIDERS,31,0,0,0,0,0,0,0,28,3,2500.0,2024-02-22,2024-04-05,,31,18.0,0,0.0
En Iwamura · Multiple · 2025 Q3,Eniwamura_Neojomon_25,Neo Jomon: Biomorphic fantôme (red),15317254734206,ENIWA-NEONR-SE-DRAW|ENIWA-NEONR-SE-PREORDER|ENIWA-NEONR-SE-PRIVATE,8,0,0,0,0,0,0,0,6,2,4500.0,2025-08-04,2025-08-27,,0,0.0,0,0.0
En Iwamura · Multiple · 2025 Q3,Eniwamura_Neojomon_25,Neo Jomon: Biomorphic fantôme (white),15317254537598,ENIWA-NEONW-SE-PREORDER|ENIWA-NEONW-SE-PRIVATE|ENIWA-NEONW-SE-DRAW,25,0,0,0,0,0,0,0,23,2,4500.0,2025-08-01,2025-08-27,,0,0.0,0,0.0
Esiri Erheriene-Essi · Multiple · 2022 Q1,22.03_InternationalWomensWeek,And All of My Friends Were There,6702016364643,ESIRI-ALLOF-PE,5,0,0,0,0,0,0,0,0,0,1000.0,2023-03-21,2023-08-17,,0,0.0,0,0.0
Felipe Pantone · Chromadynamica 19 P · 2025 Q3,FelipePan_TL_25,Chromadynamica 19 P,15468775899518|15377763991934,PANTO-CHROM-TL-PREORDER|PANTO-CHROM-TL-APGIFT|PANTO-CHROM-TL|PANTO-CHROM-TL-INSIDERS|PANTO-CHROM-TL-PRIVATE|PANTO-CHROM-TL-POSTRELEASE,287,0,0,0,0,0,0,0,9,97,500.0,2025-06-04,2026-02-02,,207,55.0,0,0.0
Felipe Pantone · Subtractive Variability Dimensional 13 AA · 2026 Q2,FelipePantone_LE_26,Subtractive Variability Dimensional 13 AA,15903182619006,PANTO-SUBTR-SE-INSIDERS|PANTO-SUBTR-SE-PREORDER|PANTO-SUBTR-SE|PANTO-SUBTR-SE-PRIVATE|PANTO-SUBTR-SE-DRAW,153,0,3,3,0,9,0,0,140,12,2000.0,2026-05-20,2026-08-26,2026-06-30,0,0.0,0,0.0
Ferrari Sheppard · Iris · 2025 Q2,FerrariSh_Iris_25,Iris,14983505674622,FSHEP-IRISI-PE-PREORDER|FSHEP-IRISI-PE-APSALE|FSHEP-IRISI-PE-DRAW|FSHEP-IRISI-PE-PRIVATE,76,0,0,0,0,0,0,0,38,38,1250.0,2025-04-01,2025-05-14,,76,19.0,0,0.0
Ferrari Sheppard · Put Some Red On It · 2026 Q1,FerrariSh_LE_26,Put Some Red On It,15669124432254,FSHEP-PUTPU-PE-DRAW|FSHEP-PUTPU-PE-PRIVATE|FSHEP-PUTPU-PE-APSALE|FSHEP-PUTPU-PE-PREORDER|FSHEP-PUTPU-PE-INSIDERS,101,0,0,0,0,0,0,0,84,17,1250.0,2025-12-19,2026-01-30,2026-01-29,101,39.0,0,0.0
Friedrich Kunath · Storms Never Last · 2025 Q2,Friedrich_Storm_25,Storms Never Last,15067929280894,KUNAT-PRINT-TL-PREORDER|KUNAT-PRINT-TL-INSIDERS|KUNAT-PRINT-TL|KUNAT-PRINT-TL-PRIVATE|KUNAT-PRINT-TL-APGIFT|KUNAT-PRINT-TL-APSALE,302,0,1,0,0,0,0,0,26,123,750.0,2025-04-24,2026-08-17,2026-04-02,302,120.0,0,0.0
Gabriel Moses · Multiple · 2024 Q3,GabrielMo_DoubleTL_24,"Lea & Monica, 2024",9287356514642,MOSES-JOINT-TL-PRIVATE|MOSES-JOINT-TL,13,0,0,0,0,0,0,0,0,9,630.0,2024-07-08,2024-07-09,,13,3.0,0,0.0
Gabriel Moses · Multiple · 2024 Q3,GabrielMo_DoubleTL_24,"Lea, 2024",9256973467986,MOSES-LEALE-TL||MOSES-LEALE-TL-PRIVATE,20,0,0,0,0,0,0,0,3,7,350.0,2024-06-24,2025-01-21,,20,5.0,0,0.0
Gabriel Moses · Multiple · 2024 Q3,GabrielMo_DoubleTL_24,"Monica, 2024",9256973762898,|MOSES-MONIC-TL-PRIVATE|MOSES-MONIC-TL,10,0,0,0,0,0,0,0,4,1,350.0,2024-06-24,2026-06-12,,10,2.0,0,0.0
Gabrielle Garland · Anything worth having hurts a little · 2023 Q1,2023.03_Gabrielle Ga_TL,Anything worth having hurts a little,6891673354339,GABGA-TIMED-PE,168,0,0,0,0,0,0,0,4,0,250.0,2023-03-09,2026-05-07,2026-05-07,0,0.0,0,0.0
George Condo · Fashion Model AP · 2025 Q1,GeorgeCondo_Model_25,Fashion Model AP,14978391245182,GCOND-FASHI-PE-APSALE,8,0,1,1,0,0,0,0,8,0,10000.0,2025-03-05,2026-08-06,2026-08-11,0,0.0,0,0.0
George Condo · Fashion Model · 2025 Q1,GeorgeCondo_Model_25,Fashion Model,14865519411582,GCOND-FASHI-PE-DRAW|GCOND-FASHI-PE-PREORDER|GCOND-FASHI-PE-DIA,150,0,0,0,0,0,0,0,146,4,8500.0,2025-01-15,2025-09-04,,150,73.0,0,0.0
George Condo · Multiple · 2024 Q1,2024_GeorgeCondo_PE,Lost in Time,8687617409362,GCOND-LIMI3-PE-DIA|GCOND-LIMI3-PE-PREORDER||GCOND-LIMI3-PE-DRAW|GCOND-LIMI3-PE-MONARCH,153,0,0,0,0,0,0,0,151,0,6000.0,2024-01-15,2025-03-06,,153,44.0,0,0.0
George Condo · Multiple · 2024 Q1,2024_GeorgeCondo_PE,Lost in Time AP,14893598572926,GCOND-LIMI3-PE-APSALE,9,0,0,0,0,0,0,0,9,0,8500.0,2025-01-10,2026-02-09,,0,0.0,0,0.0
George Condo · Multiple · 2024 Q1,2024_GeorgeCondo_PE,Portrait and Head,8687610888530,GCOND-LIMI1-PE-PREORDER|GCOND-LIMI1-PE-DIA|GCOND-LIMI1-PE-MONARCH|GCOND-LIMI1-PE-DRAW|,152,0,0,0,0,0,0,0,151,0,6000.0,2024-01-15,2025-03-06,,152,39.0,0,0.0
George Condo · Multiple · 2024 Q1,2024_GeorgeCondo_PE,Portrait and Head AP,14893597557118,GCOND-LIMI1-PE-APSALE,11,0,1,0,0,0,0,0,11,0,8500.0,2025-01-10,2026-05-12,2026-03-04,0,0.0,0,0.0
George Condo · Multiple · 2024 Q1,2024_GeorgeCondo_PE,Prismatic Head Composition,8687617540434,GCOND-LIMI2-PE-PREORDER|GCOND-LIMI2-PE-DIA|GCOND-LIMI2-PE-DRAW||GCOND-LIMI2-PE-MONARCH,152,0,0,0,0,0,0,0,151,0,6000.0,2024-01-15,2025-03-06,,152,56.0,0,0.0
George Condo · Multiple · 2024 Q1,2024_GeorgeCondo_PE,Prismatic Head Composition AP,14893594640766,GCOND-LIMI2-PE-APSALE,10,0,0,0,0,0,0,0,10,0,8500.0,2025-01-10,2026-02-09,,0,0.0,0,0.0
George Rouy · Keeping it for Myself · 2022 Q1,24.2_Georgerou_Myself,Keeping it for Myself,6697692594275,GEORO-KEEPF-PE-3|GEORO-KEEPF-PE-APSALE,2,0,0,0,0,0,0,0,2,0,750.0,2024-10-03,2024-10-31,,0,0.0,0,0.0
George Rouy · Tearing of the Savage Breast · 2022 Q4,22.12_GRouy_SavageBreast,Tearing of the Savage Breast,6863857418339,GROUY-BREAS-PE-PREORDER|GROUY-BREAS-PE-STAFF|GROUY-BREAS-PE-APSALE,3,1,0,0,0,0,0,0,4,0,850.0,2023-02-06,2024-09-04,,0,0.0,0,0.0
Giorgiko · Unacquainted Friends · 2023 Q4,2024.XX_Giorgiko_SE,Unacquainted Friends,8639197282642,GIORG-FREND-SE-PREORDER|GIORG-FREND-SE|GIORG-FREND-SE-INSIDERS,1,0,0,0,0,0,0,0,1,0,2750.0,2023-11-28,2024-05-14,,0,0.0,0,0.0
Gisela McDaniel · Are you watching? · 2022 Q1,24.3_Gisela_Watching?,Are you watching?,6704389226595,GMCDA-AREYO-PE,1,0,0,0,0,0,0,0,0,0,4000.0,2023-01-11,2026-01-21,,1,0.0,0,0.0
Giuseppe Penone · Multiple · 2026 Q3,GiuseppePen_LE_26,Il mio vedere futuro - My Future Vision I,15934836605310,PENON-ILMI1-PE-PREORDER|PENON-ILMI1-PE-PRIVATE|PENON-ILMI1-PE-DRAW,4,0,1,1,0,0,0,0,3,1,2200.0,2026-06-15,2026-07-16,2026-07-02,4,2.0,0,0.0
Giuseppe Penone · Multiple · 2026 Q3,GiuseppePen_LE_26,Il mio vedere futuro - My Future Vision II,15934836572542,PENON-ILMI2-PE-PRIVATE|PENON-ILMI2-PE-PREORDER|PENON-ILMI2-PE-DRAW,19,0,1,1,0,0,0,0,15,4,2200.0,2026-06-15,2026-07-17,2026-07-02,19,6.0,0,0.0
Glenn Brown · Multiple · 2025 Q3,GlennBrow_Two_25,A Sailor on the Bed,15518763155838,GBROW-ASOTB-TL-ARTIST|GBROW-ASOTB-TL,14,0,0,0,0,0,0,0,0,3,1000.0,2025-09-15,2025-09-23,,14,8.0,0,0.0
Glenn Brown · Multiple · 2025 Q3,GlennBrow_Two_25,Higher Than the Sun,15518731796862,GBROW-HIGHE-TL|GBROW-HIGHE-TL-ARTIST,21,0,0,0,0,0,0,0,0,6,1000.0,2025-09-15,2025-09-23,,21,10.0,0,0.0
Glenn Brown · Multiple · 2025 Q3,GlennBrow_Two_25,Higher Than the Sun and A Sailor on the Bed,15535985623422,GBROW-PAIR2-TL-ARTIST|GBROW-PAIR2-TL,11,0,0,0,0,0,0,0,0,7,2000.0,2025-09-15,2025-09-22,,11,4.0,0,0.0
Glenn Ligon · Multiple · 2026 Q3,GlennLigon_LE_26,Untitled (Black on Black),16016413032830,LIGO1-BLACK-PE-PREORDER|LIGO1-BLACK-PE-DRAW|LIGO1-BLACK-PE-APGIFT|LIGO1-BLACK-PE-PRIVATE,76,0,3,0,0,0,0,0,55,19,3000.0,2026-08-14,2026-09-21,2026-09-22,76,52.0,0,0.0
Glenn Ligon · Multiple · 2026 Q3,GlennLigon_LE_26,Untitled (White on White),16016413065598,LIGO1-WHITE-PE-PRIVATE|LIGO1-WHITE-PE-DRAW|LIGO1-WHITE-PE-PREORDER|LIGO1-WHITE-PE-APGIFT,75,0,1,0,0,0,0,0,57,18,3000.0,2026-08-14,2026-09-17,2026-09-10,75,56.0,0,0.0
"Grant Levy-Lucero · de la Rosa, Dulcería La Moderna · 2023 Q2",2023.04_Grant Levy-L_SE,"de la Rosa, Dulcería La Moderna",6895374729315,GRNTL-DROSA-SE-PREORDER|GRNTL-DROSA-SE-INSIDERS|GRNTL-DROSA-SE,11,0,0,0,0,0,0,0,5,1,2000.0,2023-03-17,2025-01-14,,0,0.0,0,0.0
Grant Riven Yun · Fall · 2023 Q2,2023.06_Grant Riven _PE,Fall,8462426603858,GRANT-FALLF-PE-PREORDER|GRANT-FALLF-PE-PRIVATE|GRANT-FALLF-PE|GRANT-FALLF-PE-DRAW,37,0,0,0,0,0,0,0,14,4,5000.0,2023-06-07,2024-03-26,,0,0.0,0,0.0
Grant Riven Yun · High Fly Over the Valley · 2026 Q2,GrantRiven_LE_26,High Fly Over the Valley,15788743065982,GRANT-HIGHH-PE-DRAW|GRANT-HIGHH-PE-PREORDER|GRANT-HIGHH-PE-PRIVATE,18,0,1,1,0,0,0,0,17,1,3500.0,2026-02-20,2026-04-09,2026-04-04,18,14.0,0,0.0
Grant Riven Yun · Multiple · 2023 Q3,2023.06_Grant Riven _OG,Park,8462440464722,GRANT-PARKP-PE,1,0,0,0,0,0,0,0,1,0,80000.0,2023-06-21,2023-06-21,,0,0.0,0,0.0
Grant Riven Yun · Multiple · 2024 Q1,2024_GrantRY_PE,"Dad, Paired 1/1 NFT",8751915663698,GRANT-2024N-OG-2,1,0,0,0,0,0,0,0,1,0,40500.0,2025-06-26,2025-06-26,,0,0.0,0,0.0
Grant Riven Yun · Multiple · 2024 Q1,2024_GrantRY_PE,"Dad, Print",8747173740882,GRANT-2024P-OG,1,0,0,0,0,0,0,0,1,0,2000.0,2025-06-26,2025-06-26,,0,0.0,0,0.0
Grant Riven Yun · Multiple · 2024 Q1,2024_GrantRY_PE,"Grey Nail Polish, Paired 1/1 NFT",8751937519954,GRANT-2024N-OG-2,1,0,0,0,0,0,0,0,1,0,40500.0,2025-06-26,2025-06-26,,0,0.0,0,0.0
Grant Riven Yun · Multiple · 2024 Q1,2024_GrantRY_PE,"Grey Nail Polish, Print",8747172987218,GRANT-2024P-OG,1,0,0,0,0,0,0,0,1,0,2000.0,2025-06-26,2025-06-26,,0,0.0,0,0.0
Grant Riven Yun · Multiple · 2024 Q1,2024_GrantRY_PE,"Mom Made Dinner!, Paired 1/1 NFT",8751939027282,GRANT-2024N-OG,1,0,0,0,0,0,0,0,1,0,48000.0,2024-03-07,2024-03-07,,0,0.0,0,0.0
Grant Riven Yun · Multiple · 2024 Q1,2024_GrantRY_PE,"Mom Made Dinner!, Print",8747174429010,GRANT-2024P-OG,1,0,0,0,0,0,0,0,1,0,2000.0,2024-03-07,2024-03-07,,0,0.0,0,0.0
Grant Riven Yun · Multiple · 2024 Q1,2024_GrantRY_PE,"Our Tub, Paired 1/1 NFT",8751937159506,GRANT-2024N-OG-2,1,0,0,0,0,0,0,0,1,0,40500.0,2025-06-26,2025-06-26,,0,0.0,0,0.0
Grant Riven Yun · Multiple · 2024 Q1,2024_GrantRY_PE,"Our Tub, Print",8747172725074,GRANT-2024P-OG,1,0,0,0,0,0,0,0,1,0,2000.0,2025-06-26,2025-06-26,,0,0.0,0,0.0
Grant Riven Yun · Multiple · 2024 Q1,2024_GrantRY_PE,"PB&J, Paired 1/1 NFT",8751939289426,GRANT-2024N-OG,1,0,0,0,0,0,0,0,1,0,48000.0,2024-02-14,2024-02-14,,0,0.0,0,0.0
Grant Riven Yun · Multiple · 2024 Q1,2024_GrantRY_PE,"PB&J, Print",8747174560082,GRANT-2024P-OG,1,0,0,0,0,0,0,0,1,0,2000.0,2024-02-14,2024-02-14,,0,0.0,0,0.0
Grant Riven Yun · Multiple · 2024 Q1,2024_GrantRY_PE,"Summer Morning Drive, Paired 1/1 NFT",8751938011474,GRANT-2024N-OG,1,0,0,0,0,0,0,0,1,0,48000.0,2024-02-15,2024-02-15,,0,0.0,0,0.0
Grant Riven Yun · Multiple · 2024 Q1,2024_GrantRY_PE,"Summer Morning Drive, Print",8747173413202,GRANT-2024P-OG,1,0,0,0,0,0,0,0,1,0,2000.0,2024-02-15,2024-02-15,,0,0.0,0,0.0
Grant Riven Yun · Multiple · 2024 Q1,2024_GrantRY_PE,"Taking the Train Home, Paired 1/1 NFT",8751936340306,GRANT-2024N-OG,1,0,0,0,0,0,0,0,1,0,48000.0,2024-02-14,2024-02-14,,0,0.0,0,0.0
Grant Riven Yun · Multiple · 2024 Q1,2024_GrantRY_PE,"Taking the Train Home, Print",8747170267474,GRANT-2024P-OG,1,0,0,0,0,0,0,0,1,0,2000.0,2024-02-14,2024-02-14,,0,0.0,0,0.0
Grant Riven Yun · Multiple · 2024 Q1,2024_GrantRY_PE,"Tuesday Night, Paired 1/1 NFT",8751936602450,GRANT-2024N-OG,1,0,0,0,0,0,0,0,1,0,48000.0,2024-03-27,2024-03-27,,0,0.0,0,0.0
Grant Riven Yun · Multiple · 2024 Q1,2024_GrantRY_PE,"Tuesday Night, Print",8747171053906,GRANT-2024P-OG,1,0,0,0,0,0,0,0,1,0,2000.0,2024-03-27,2024-03-27,,0,0.0,0,0.0
Grant Riven Yun · Multiple · 2024 Q1,2024_GrantRY_PE,"Waiting on a Sunday Afternoon, Paired 1/1 NFT",8751938371922,GRANT-2024N-OG,1,0,0,0,0,0,0,0,1,0,48000.0,2024-04-16,2024-04-16,,0,0.0,0,0.0
Grant Riven Yun · Multiple · 2024 Q1,2024_GrantRY_PE,"Waiting on a Sunday Afternoon, Print",8747174068562,GRANT-2024P-OG,1,0,0,0,0,0,0,0,1,0,2000.0,2024-04-16,2024-04-16,,0,0.0,0,0.0
Grayson Perry · Magical Thinking (Large) · 2025 Q2,GraysonPe_Large_25,Magical Thinking (Large),14946762097022,GPERR-MAGI2-PE-PRIVATE,6,0,1,1,0,0,0,0,6,0,20200.0,2025-04-01,2025-10-02,2026-07-27,6,3.0,0,0.0
Grayson Perry · Magical Thinking · 2024 Q4,GraysonPE_Magical_24,Magical Thinking,9696352764242,GPERR-MAGIC-TL-PRIVATE|GPERR-MAGIC-TL-PREORDER|GPERR-MAGIC-TL-INSIDERS|GPERR-MAGIC-TL|GPERR-MAGIC-TL-APGIFT|GPERR-MAGIC-TL-STAFFGIFT,1164,2,1,1,0,0,0,0,54,13,1000.0,2024-10-03,2026-03-27,2024-10-24,1164,390.0,0,0.0
Grayson Perry · The Changeling · 2026 Q2,GraysonPerry_TL_25,The Changeling,15816011219326,GPERR-CHANG-TL-PRIVATE|GPERR-CHANG-TL|GPERR-CHANG-TL-PREORDER|GPERR-CHANG-TL-POSTRELEASE|GPERR-CHANG-TL-APGIFT,447,1,1,1,0,0,0,0,20,203,1000.0,2026-04-09,2026-07-09,2026-05-20,447,199.0,0,0.0
Gregory Crewdson · Multiple · 2023 Q4,2023_GregCrewdson_TL,Twilight Triptych,8638650417490,CREWD-TRIPT-TL-PRIVATE|CREWD-TRIPT-TL|CREWD-TRIPT-TL-PREORDER|CREWD-TRIPT-TL-INSIDERS,193,0,0,0,0,0,0,0,6,95,1080.0,2023-11-10,2024-07-15,,0,0.0,0,0.0
Gregory Crewdson · Multiple · 2023 Q4,2023_GregCrewdson_TL,Untitled [Circle on Window],8634943996242,CREWD-CIRCL-TL-APSALE|CREWD-CIRCL-TL-PRIVATE|CREWD-CIRCL-TL|CREWD-CIRCL-TL-PREORDER,30,0,0,0,0,0,0,0,5,15,400.0,2023-11-14,2026-01-19,,0,0.0,0,0.0
Gregory Crewdson · Multiple · 2023 Q4,2023_GregCrewdson_TL,Untitled [Man in Car with Shed],8634944061778,CREWD-SPOOK-TL|CREWD-SPOOK-TL-INSIDERS|CREWD-SPOOK-TL-PRIVATE|CREWD-SPOOK-TL-PREORDER,271,0,0,0,0,0,0,0,11,117,400.0,2023-11-14,2025-11-14,2025-11-04,0,0.0,0,0.0
Gregory Crewdson · Multiple · 2023 Q4,2023_GregCrewdson_TL,Untitled [Ray of Light],8634943963474,CREWD-MOTHS-TL-AP|CREWD-MOTHS-TL-PRIVATE|CREWD-MOTHS-TL-PREORDER|CREWD-MOTHS-TL,123,0,0,0,0,0,0,0,12,55,400.0,2023-11-14,2025-03-17,,0,0.0,0,0.0
Gregory Crewdson · Multiple · 2026 Q2,GregoryCrewd_TL_26,Untitled [Dream House 1],15918008271230,CREW1-TILDA-TL-ARTIST|CREW1-TILDA-TL-PRIVATE|CREW1-TILDA-TL-PREORDER|CREW1-TILDA-TL-POSTRELEASE|CREW1-TILDA-TL,504,0,2,1,0,0,0,0,25,191,525.0,2026-05-29,2026-08-30,2026-07-07,504,131.0,0,0.0
Gregory Crewdson · Multiple · 2026 Q2,GregoryCrewd_TL_26,Untitled [Dream House 2],15918007353726,CREW1-MOORE-TL-ARTIST|CREW1-MOORE-TL-PRIVATE|CREW1-MOORE-TL-PREORDER|CREW1-MOORE-TL-POSTRELEASE|CREW1-MOORE-TL,361,0,2,1,0,0,0,0,15,142,525.0,2026-06-01,2026-08-30,2026-09-17,361,96.0,0,0.0
Gregory Crewdson · Multiple · 2026 Q2,GregoryCrewd_TL_26,Untitled [Dream House 3],15918008172926,CREW1-GPALT-TL-PRIVATE|CREW1-GPALT-TL-ARTIST|CREW1-GPALT-TL|CREW1-GPALT-TL-POSTRELEASE|CREW1-GPALT-TL-PREORDER,352,0,2,1,0,0,0,0,19,128,525.0,2026-06-01,2026-08-30,2026-07-06,352,88.0,0,0.0
Gregory Crewdson · Multiple · 2026 Q2,GregoryCrewd_TL_26,Untitled [Dream House 4],15918008238462,CREW1-WMACY-TL-PRIVATE|CREW1-WMACY-TL-POSTRELEASE|CREW1-WMACY-TL-PREORDER|CREW1-WMACY-TL|CREW1-WMACY-TL-ARTIST,323,0,2,1,0,0,0,0,13,122,525.0,2026-06-01,2026-08-30,2026-07-06,323,90.0,0,0.0
Gregory Crewdson · Multiple · 2026 Q2,GregoryCrewd_TL_26,Untitled [Dream House 5],15918008303998,"CREW1-HOFFM-TL
-PRIVATE|CREW1-HOFFM-TL
-ARTIST|CREW1-HOFFM-TL
-PREORDER|CREW1-HOFFM-TL-GIFT|CREW1-HOFFM-TL|CREW1-HOFFM-TL
-POSTRELEASE",911,0,2,1,0,0,0,0,25,313,525.0,2026-06-01,2026-09-16,2026-07-06,911,241.0,0,0.0
Gregory Crewdson · Multiple · 2026 Q2,GregoryCrewd_TL_26,Untitled [Dream House 6],15918007320958,CREW1-CARCR-TL-POSTRELEASE|CREW1-CARCR-TL-PREORDER|CREW1-CARCR-TL-PRIVATE|CREW1-CARCR-TL-ARTIST|CREW1-CARCR-TL,481,0,2,1,0,0,0,0,24,189,525.0,2026-06-01,2026-08-30,2026-07-06,481,122.0,0,0.0
Gregory Crewdson · Multiple · 2026 Q2,GregoryCrewd_TL_26,Untitled [Dream House] - Set of 6,15949325500798,CREWD-SET06-TL|CREWD-SET06-TL-PREORDER,5,0,0,0,0,0,0,0,5,0,3150.0,2026-06-15,2026-07-01,2026-06-24,5,1.0,0,0.0
Guimi You · Point Reyes · 2022 Q4,22.11_GYou_PointReyes,Point Reyes,6841254412387,GUIMI-REYES-PE,2,0,0,0,0,0,0,0,1,0,3000.0,2023-03-04,2024-11-21,,2,1.0,0,0.0
Hajime Sorayama · Untitled · 2025 Q2,HajimeSor_Untitled_25,Untitled,14966911730046,SORAY-SCULP-SE-DRAW|SORAY-SCULP-SE-PRIVATE|SORAY-SCULP-SE-PREORDER,467,0,0,0,0,0,0,0,411,56,700.0,2025-03-07,2026-06-05,2026-05-14,467,224.5,0,0.0
"Hank Willis Thomas · ""The only bond worth anything between human beings is their humanness."" · 2024 Q3",HankWilli_onlybond_24,"""The only bond worth anything between human beings is their humanness.""",9306099188050,HANKW-OLYMP-TL|HANKW-OLYMP-TL-ARTIST|HANKW-OLYMP-TL-INSIDERS|HANKW-OLYMP-TL-PREORDER,269,0,5,1,0,0,0,0,16,106,650.0,2024-08-06,2025-07-30,2024-11-14,269,97.0,0,0.0
Hank Willis Thomas · “Success is no accident.” · 2026 Q2,HankWillisT_LE_26,“Success is no accident.”,15923385172350,HANKW-FOOTB-PE-PRIVATE|HANKW-FOOTB-PE-INSIDERS|HANKW-FOOTB-PE-DRAW|HANKW-FOOTB-PE-PREORDER|HANKW-FOOTB-PE-ARTIST,297,0,1,1,0,7,0,0,261,36,600.0,2026-06-05,2026-08-21,2026-08-04,297,143.0,7,2.0
Harland Miller · Multiple · 2025 Q1,Multiple_Amphorae_24,R U OK?,9756912877906,HMILL-RRUOK-SE-DRAW|HMILL-RRUOK-SE-PREORDER,20,0,0,0,0,0,0,0,18,2,6000.0,2024-12-05,2025-01-28,,0,0.0,0,0.0
Harland Miller · Multiple · 2025 Q3,HarlandMi_Qu_25,I Am The One I've Been Waiting For,15539482067326,HMILL-IIIII-PE-PREORDER|HMILL-IIIII-PE-PRIVATE|HMILL-IIIII-PE-DRAW|HMILL-IIIII-PE-APGIFT,21,1,0,0,0,0,0,0,18,3,8000.0,2025-08-27,2025-11-20,2025-11-15,21,14.0,0,0.0
Harland Miller · Multiple · 2025 Q3,HarlandMi_Qu_25,I'll Never Forget What I Can't Remember,15539533349246,HMILL-IIINE-PE-PREORDER|HMILL-IIINE-PE-PRIVATE|HMILL-IIINE-PE-DRAW|HMILL-IIINE-PE-DESIGNMUSEUM|HMILL-IIINE-PE-APGIFT,23,0,0,0,1,0,0,0,17,5,8000.0,2025-08-27,2026-02-23,2026-08-12,23,13.0,0,0.0
Harland Miller · Multiple · 2025 Q3,HarlandMi_Qu_25,Love Saves The Day,15539573588350,HMILL-LOVEL-PE-DRAW|HMILL-LOVEL-PE-PRIVATE|HMILL-LOVEL-PE-APGIFT|HMILL-LOVEL-PE-PREORDER|HMILL-LOVEL-PE-APSALE,24,0,0,0,0,0,0,0,18,5,8000.0,2025-08-23,2026-05-01,,24,15.0,0,0.0
Harland Miller · Multiple · 2025 Q3,HarlandMi_Qu_25,Not Giving In To Willpower,15539484361086,HMILL-NOTNO-PE-PRIVATE|HMILL-NOTNO-PE-PREORDER,2,0,0,0,0,0,0,0,1,1,8000.0,2025-08-27,2025-08-27,,2,1.0,0,0.0
Harland Miller · Multiple · 2025 Q3,HarlandMi_Qu_25,Not Giving Into Willpower,15539484361086,HMILL-NOTNO-PE-DRAW|HMILL-NOTNO-PE-APGIFT|HMILL-NOTNO-PE-PREORDER|HMILL-NOTNO-PE-PRIVATE,20,0,0,0,0,0,0,0,18,1,8000.0,2025-08-28,2025-11-20,2025-11-14,20,9.0,0,0.0
Harland Miller · Multiple · 2025 Q3,HarlandMi_Qu_25,The Final Five,15539588465022,HMILL-PENGU-PE-DRAW|HMILL-PENGU-PE-PRIVATE,3,0,0,0,0,0,0,0,2,1,40000.0,2025-08-28,2025-09-09,,3,3.0,0,0.0
Harland Miller · Multiple · 2025 Q3,HarlandMi_Qu_25,This Is Where It's Fuckin At,15539481084286,HMILL-THIST-PE-APGIFT|HMILL-THIST-PE-PREORDER|HMILL-THIST-PE-APSALE|HMILL-THIST-PE-DRAW|HMILL-THIST-PE-PRIVATE,25,0,0,0,0,0,0,0,19,5,8000.0,2025-08-27,2026-05-08,,25,13.0,0,0.0
Harland Miller · York So Good They Named It Once · 2025 Q2,HarlandMi_York_25,York So Good They Named It Once,14978113634686,HMILL-YORKY-PE-PREORDER|HMILL-YORKY-PE-PRIVATE|HMILL-YORKY-PE-DRAW|HMILL-YORKY-PE-APGIFT,52,0,0,0,0,0,0,0,51,0,6000.0,2025-03-13,2025-06-15,,52,22.0,0,0.0
Harmonia · Multiple · 2025 Q4,HarmoniaR_Two_25,Eve and the Orishas,15587742155134,HARMO-EVEEV-TL-POSTRELEASE|HARMO-EVEEV-TL-PREORDER|HARMO-EVEEV-TL-ARTIST|HARMO-EVEEV-TL-PRIVATE|HARMO-EVEEV-TL,148,1,0,0,0,0,0,0,9,38,650.0,2025-10-28,2026-09-10,2025-11-12,148,24.0,0,0.0
Harmonia · Multiple · 2025 Q4,HarmoniaR_Two_25,Portrait of Eve,15587740320126,HARMO-PORTR-TL-POSTRELEASE|HARMO-PORTR-TL-PREORDER|HARMO-PORTR-TL|HARMO-PORTR-TL-ARTIST|HARMO-PORTR-TL-APGIFT|HARMO-PORTR-TL-PRIVATE,126,1,1,1,0,0,0,0,13,34,600.0,2025-10-09,2026-09-21,2026-03-10,126,20.0,0,0.0
Harmonia · Multiple · 2025 Q4,HarmoniaR_Two_25,Portrait of Eve & Eve and the Orishas,15590224068990,HARMO-PAIR2-TL|HARMO-PAIR2-TL-ARTIST|HARMO-PAIR2-TL-PREORDER|HARMO-PAIR2-TL-PRIVATE,87,0,0,0,0,0,0,0,2,49,1125.0,2025-10-08,2025-10-31,2025-10-13,87,24.0,0,0.0
Haroshi · Multiple · 2021 Q2,21.06_Haroshi_SEs_GUZO,GUZO (Black Marble),6548035928163,HRSHI-GZOBL-SE,2,0,0,0,0,0,0,0,2,0,10000.0,2023-07-25,2024-11-22,,0,0.0,0,0.0
Haroshi · Multiple · 2021 Q2,21.06_Haroshi_SEs_GUZO,GUZO (White Marble),6548044677219,HRSHI-GZOWH-SE,2,0,0,0,0,0,0,0,2,0,10000.0,2024-09-17,2024-11-22,,0,0.0,0,0.0
Hassan Hajjaj · Yazid & Rania · 2021 Q3,10.09_Hassanhaj_Yazid,Yazid & Rania,6600841461859,HJJAJ-YAZID-PE,10,0,0,0,0,0,0,0,2,0,1500.0,2023-03-31,2026-06-29,,10,0.0,0,0.0
Hebru Brantley · Free Advice (Large) · 2022 Q1,22.03_Hbrantley_FreeAdviceLarge,Free Advice (Large),6713398722659,HEBRU-FREEL-SE-GALLERY,1,0,0,0,0,0,0,0,1,0,35000.0,2023-03-13,2023-03-13,,0,0.0,0,0.0
Hebru Brantley · Free Advice · 2022 Q2,22.03_Hbrantley_FreeAdviceSmall,Free Advice,6713400590435,HEBRU-FREES-SE-PRIVATE,4,0,0,0,0,0,0,0,3,1,7500.0,2023-03-01,2025-02-25,,0,0.0,0,0.0
Hebru Brantley · Gaia (Black Marble) · 2021 Q4,21.11_HBrantley_GaiaBlack,Gaia (Black Marble),6626392178787,HEBRU-GAIAB-SE-PRIVATE,0,0,1,1,0,0,0,0,0,0,35000.0,,,2024-06-10,0,0.0,0,0.0
Hebru Brantley · Multiple · 2020 Q4,20.11_Hbrantley_3HardWay,3 THE HARD WAY,4747884167267,HEBRU-3HARD-PE,3,0,0,0,0,0,0,0,1,2,2500.0,2024-01-26,2024-01-28,,0,0.0,0,0.0
Hein Koh · Multiple · 2023 Q3,2023.06_Artist bags_CL,Artist Bag (Hein Koh),8519916552530,HEINK-LIMIT-CL,17,1,0,0,0,0,0,0,3,0,99.0,2023-08-03,2025-10-17,,0,0.0,0,0.0
Hideaki Kawashima · Multiple · 2023 Q4,2023.09_Hideaki Kawa_Prints,Fan (Hand-finished),8623082733906,HIDEA-YELLO-HP-PREORDER,5,0,0,0,0,0,0,0,5,0,2250.0,2023-11-06,2023-11-27,,5,0.0,0,0.0
Hideaki Kawashima · Multiple · 2023 Q4,2023.09_Hideaki Kawa_Prints,Fan (Mishima),8623082668370,HIDEA-YELLO-PE-PREORDER|HIDEA-YELLO-PE-INSIDERS|HIDEA-YELLO-PE-GALLERY|HIDEA-YELLO-PE,14,0,0,0,0,0,0,0,11,1,1000.0,2023-11-10,2024-04-20,,14,0.0,0,0.0
Hilary Pecis · Multiple · 2025 Q1,Multiple_Amphorae_24,Lily Pond,9756924739922,PECIS-LILYL-SE-ARTSPACE|PECIS-LILYL-SE-DRAW|PECIS-LILYL-SE-PREORDER|PECIS-LILYL-SE-APARTIST,26,0,2,1,0,0,0,0,18,8,6000.0,2024-12-05,2025-01-28,2025-05-07,0,0.0,0,0.0
Hiroya Kurata · Lemonhead · 2023 Q4,2023.11_Hiroya Kurat_PE,Lemonhead,8558358331730,HKURA-LEMON-PE-PREORDER|HKURA-LEMON-PE,17,0,0,0,0,0,0,0,12,0,550.0,2023-08-30,2023-11-27,,0,0.0,0,0.0
Hyangmok Baik · I Know What You Did Last Summer · 2023 Q1,2023.03_Hyangmok Bai_HFPE,I Know What You Did Last Summer,6885494882403,HBAIK-LASTS-PE-APSALE|HBAIK-LASTS-PE|HBAIK-LASTS-PE-INSIDERS|HBAIK-LASTS-PE-PREORDER,50,0,0,0,0,0,0,0,28,1,1000.0,2023-02-10,2025-02-21,,0,0.0,0,0.0
Iskra Velitchkova · EYENESSLESS · 2024 Q3,IskraVeli_Eyeless_24,EYENESSLESS,9604107469138,VELIT-PRINT-PE-PREORDER|VELIT-PRINT-PE-DRAW|VELIT-PRINT-PE-PRIVATE,8,0,0,0,0,0,0,0,4,4,2000.0,2024-08-27,2024-09-12,,8,4.0,0,0.0
"JR · GIANTS, High jump in Rio · 2023 Q3",2023.09_JR_SE,"GIANTS, High jump in Rio",8548473635154,JRJRJ-SCAFF-SE-PRIVATEFR|JRJRJ-SCAFF-SE|JRJRJ-SCAFF-SE-PREORDER|JRJRJ-SCAFF-SE-PRIVATE,25,2,1,1,0,0,0,0,20,5,6667.0,2023-09-06,2023-09-25,2026-07-14,0,0.0,0,0.0
JR · La Nascita · 2024 Q2,XXXX.XX_JR-646_SE,La Nascita,8824797397330,JRJRJ-TIMED-TL-PREORDER|JRJRJ-TIMED-TL|JRJRJ-TIMED-TL-INSIDERS|JRJRJ-TIMED-TL-PRIVATE,291,2,1,0,0,0,0,0,20,125,440.0,2024-04-25,2026-04-02,2024-10-28,291,62.0,0,0.0
"Jack Kaido · ICYMI, 2024 · 2024 Q4",JackKaido_ICYMI_24,"ICYMI, 2024",9699831644498,KAIDO-ICYMI-PE-ARTIST|KAIDO-ICYMI-PE-DRAW,20,0,0,0,0,0,0,0,9,11,2500.0,2024-10-28,2024-10-31,,20,8.0,0,0.0
James Jarvis · Hang in there! · 2025 Q3,JamesJarv_HangInThe_25,Hang in there!,15396101226878,JARVI-COLLE-CL-PRIVATE|JARVI-COLLE-CL-PREORDER|JARVI-COLLE-CL-DRAW,150,0,0,0,0,0,0,0,101,49,600.0,2025-06-27,2025-11-06,,0,0.0,0,0.0
James Jean · Descendent - Lucid Dreamer,25.05_JamesJean_TL,Descendent - Lucid Dreamer,8588400165202,JJEAN-DESCE-TL-STAFF|JJEAN-DESCE-TL-INSIDERS|JJEAN-DESCE-TL-PUZZLE|JJEAN-DESCE-TL-PRIVATE|JJEAN-DESCE-TL-PREORDER|JJEAN-DESCE-TL-PUBLIC|JJEAN-DESCE-TL-MISSOUT,537,3,0,0,0,0,0,0,45,28,1000.0,2023-10-09,2025-02-28,,0,0.0,0,0.0
James Jean · Descendent Osiris · 2022 Q1,02.02_JJean_Osiris,Descendent Osiris,6689695727715,JJEAN-DESOS-SE,1,0,0,0,0,0,0,0,1,0,20000.0,2024-07-04,2024-07-04,,0,0.0,0,0.0
James Jean · Descendent Verdigris · 2021 Q3,23.09_JJean_Verdigris,Descendent Verdigris,6635659886691,JJEAN-DESVD-SE,1,0,0,0,0,0,0,0,1,0,7500.0,2023-11-06,2023-11-06,,0,0.0,0,0.0
James Jean · Maze (Print) · 2022 Q4,22.07_JJean_PE/SEs_Maze,Maze (Print),6842237419619,JJEAN-MAZEP-PE-APSALE|JJEAN-MAZEP-PE-PREORDER,3,0,0,0,0,0,0,0,3,0,975.0,2023-01-10,2025-03-20,,0,0.0,0,0.0
James Jean · Maze - Lucid · 2025 Q1,JamesJean_Maze_25,Maze - Lucid,9767779008850,JJEAN-MAZE2-TL-PREORDER|JJEAN-MAZE2-TL-PRIVATE|JJEAN-MAZE2-TL-INSIDERS|JJEAN-MAZE2-TL,361,5,1,1,0,0,0,0,22,127,1000.0,2025-01-06,2025-03-21,2025-02-20,0,0.0,0,0.0
James Jean · Multiple · 2025 Q4,JamesJean_Sun_25,Sun Tarot Nebula & Nebula Print,15611420311934,JJEAN-TAROT-TL-PREORDER,0,0,0,0,0,0,0,0,0,0,1000.0,2025-10-07,2025-10-07,,0,0.0,0,0.0
James Jean · Multiple · 2025 Q4,JamesJean_Sun_25,Sun Tarot Nebula & Sun Tarot Nebula Print,15611420311934,JJEAN-TAROT-TL-PREORDER|JJEAN-TAROT-TL-PRIVATE|JJEAN-TAROT-TL-ARTIST|JJEAN-TAROT-TL-INSIDERS|JJEAN-TAROT-TL,108,0,1,1,0,0,0,0,2,62,1000.0,2025-10-20,2025-11-07,2026-05-07,108,64.0,0,0.0
James Jean · Multiple · 2025 Q4,JamesJean_Sun_25,Sun Tarot Nebula Nectar,15611420115326,JJEAN-SUNP2-TL-PREORDER,1,0,0,0,0,0,0,0,1,0,310.0,2025-10-06,2025-10-06,,1,0.0,0,0.0
James Jean · Multiple · 2025 Q4,JamesJean_Sun_25,Sun Tarot Nebula Nectar & Sun Tarot Nebula Nectar Print,15611420213630,JJEAN-SUNPR-TL-ARTIST|JJEAN-SUNPR-TL|JJEAN-SUNPR-TL-PRIVATE|JJEAN-SUNPR-TL-PREORDER,41,2,0,0,0,0,0,0,2,26,1000.0,2025-10-21,2025-11-07,,41,25.0,0,0.0
James Jean · Multiple · 2025 Q4,JamesJean_Sun_25,Sun Tarot Nebula Nectar Print,15611420115326,JJEAN-SUNP2-TL|JJEAN-SUNP2-TL-PREORDER|JJEAN-SUNP2-TL-ARTIST|JJEAN-SUNP2-TL-PRIVATE,19,0,0,0,0,0,0,0,1,8,310.0,2025-10-30,2025-11-07,,19,9.0,0,0.0
James Jean · Multiple · 2025 Q4,JamesJean_Sun_25,Sun Tarot Nebula Pollen & Sun Tarot Nebula Pollen Print,15611420148094,JJEAN-SUNPO-TL-ARTIST|JJEAN-SUNPO-TL|JJEAN-SUNPO-TL-PRIVATE|JJEAN-SUNPO-TL-INSIDERS|JJEAN-SUNPO-TL-PREORDER,37,1,0,0,0,0,0,0,1,13,1000.0,2025-10-22,2025-11-07,,37,20.0,0,0.0
James Jean · Multiple · 2025 Q4,JamesJean_Sun_25,Sun Tarot ⁠Nebula Pollen Print,15611423555966,JJEAN-SUNNE-TL-ARTIST|JJEAN-SUNNE-TL-PRIVATE|JJEAN-SUNNE-TL-PREORDER|JJEAN-SUNNE-TL,13,0,0,0,0,0,0,0,1,3,310.0,2025-10-31,2025-11-07,,13,5.0,0,0.0
James Jean · Multiple · 2025 Q4,JamesJean_Sun_25,⁠Sun Tarot Nebula,15611420246398,JJEAN-SUNSU-TL-PREORDER,1,0,0,0,0,0,0,0,1,0,310.0,2025-10-06,2025-10-06,,1,0.0,0,0.0
James Jean · Multiple · 2025 Q4,JamesJean_Sun_25,⁠Sun Tarot Nebula Pollen,15611423555966,JJEAN-SUNNE-TL-PREORDER,1,0,0,0,0,0,0,0,1,0,310.0,2025-10-06,2025-10-06,,1,0.0,0,0.0
James Jean · Multiple · 2025 Q4,JamesJean_Sun_25,⁠Sun Tarot Nebula Print,15611420246398,JJEAN-SUNSU-TL-INSIDERS|JJEAN-SUNSU-TL|JJEAN-SUNSU-TL-PRIVATE|JJEAN-SUNSU-TL-ARTIST,48,0,0,0,0,0,0,0,0,22,310.0,2025-10-30,2025-11-07,,48,24.0,0,0.0
James Jean · Multiple · 2026 Q3,JamesJean_Blossom_26,Blossom Kannyu,15994519060862,JJEAN-BLOSP-SE-DRAW|JJEAN-BLOSP-SE-PRIVATE|JJEAN-BLOSP-SE-PREORDER,295,0,2,0,0,1,0,0,268,27,350.0,2026-07-28,2026-08-20,2026-08-20,295,139.0,1,0.0
James Jean · Multiple · 2026 Q3,JamesJean_Blossom_26,Blossom Vessel,15994519093630,JJEAN-BLOSV-SE-PRIVATE|JJEAN-BLOSV-SE-PREORDER|JJEAN-BLOSV-SE-DRAW,291,0,1,1,0,1,0,0,268,22,1050.0,2026-07-28,2026-08-20,2026-08-20,0,0.0,0,0.0
James Jean · Woodcutter (Bronze) · 2022 Q2,22.06_JJ_Woodcutter,Woodcutter (Bronze),6757775573091,JJEAN-WDBRZ-SE,1,0,0,0,0,0,0,0,1,1,7500.0,2023-08-03,2023-08-03,,0,0.0,0,0.0
James Jean · Woodcutter (Wood) · 2024 Q2,JamesJean_WoodWood_24,Woodcutter (Wood),8768460292434,JJEAN-WOODC-SE-PRIVATE,3,0,0,0,0,0,0,0,3,0,15000.0,2024-05-16,2024-06-22,,0,0.0,0,0.0
Jammie Holmes · Fred · 2025 Q1,JammieHol_Print_25,Fred,14908426486142|14912420151678,JHOLM-FREDF-PE-APGIFT|JHOLM-FREDF-PE-PRIVATE|JHOLM-FREDF-PE-DRAW|JHOLM-FREDF-PE-PREORDER,75,0,1,0,0,0,0,0,52,22,900.0,2025-02-04,2026-08-21,2026-07-29,75,29.0,0,0.0
Jaume Plensa · UTOPIA · 2026 Q3,JaumePlen_LE_26,UTOPIA,15954750046590,PLENS-UTOPI-PE-DRAW|PLENS-UTOPI-PE|PLENS-UTOPI-PE-HRW|PLENS-UTOPI-PE-PRIVATE|PLENS-UTOPI-PE-PREORDER,218,0,2,2,0,15,0,0,205,12,1500.0,2026-07-06,2026-09-03,2026-08-05,218,134.0,15,7.0
Javier Calleja · Multiple · 2020 Q1,20.03_JCalleja_UptoYou,Up to You,4423618068579,CALEJ-UTYOU-PE,1,0,1,1,0,0,0,0,1,0,3500.0,2025-11-03,2025-11-03,2025-10-29,0,0.0,0,0.0
Javier Calleja · Multiple · 2023 Q1,23.03_JavierCalleja_TL,Once,6893710934115,CALEJ-ONCEE-PE-3|CALEJ-ONCEE-PE,28,0,0,0,0,0,0,0,1,0,600.0,2023-03-23,2023-12-18,,0,0.0,0,0.0
Javier Calleja · Multiple · 2023 Q1,23.03_JavierCalleja_TL,Once in my Life,6893711687779,CALEJ-OLIFE-PE-STAFF|CALEJ-OLIFE-PE|CALEJ-OLIFE-PE-PRIVATEFR|CALEJ-OLIFE-PE-3|CALEJ-OLIFE-PE-MISSOUT|CALEJ-OLIFE-PE-INSIDERS,950,4,0,0,0,0,0,0,68,36,1000.0,2023-03-15,2025-06-04,2026-02-23,0,0.0,0,0.0
Javier Calleja · Multiple · 2023 Q1,23.03_JavierCalleja_TL,in my Life,6893711655011,CALEJ-INMYL-PE|CALEJ-INMYL-PE-3,18,0,0,0,0,0,0,0,1,0,600.0,2023-03-23,2024-10-25,,0,0.0,0,0.0
Javier Calleja · Multiple · 2024 Q2,2024_Calleja_PE,Diptych,8815773974866,CALEJ-DIPTC-PE-PRIVATE|CALEJ-DIPTC-PE-DRAW|CALEJ-DIPTC-PE-ARTIST|CALEJ-DIPTC-PE-PREORDER,175,0,0,0,0,0,0,0,107,69,3200.0,2024-04-08,2024-05-06,,175,69.0,0,0.0
Javier Calleja · Multiple · 2024 Q2,2024_Calleja_PE,Floating,8787668402514,CALEJ-FLOAT-PE-PREORDER|CALEJ-FLOAT-PE-DRAW|CALEJ-FLOAT-PE-ARTIST|CALEJ-FLOAT-PE-PRIVATE,42,1,0,0,0,0,0,0,23,20,1600.0,2024-04-08,2024-05-27,,42,19.0,0,0.0
Javier Calleja · Multiple · 2024 Q2,2024_Calleja_PE,It Wasn't Me,8787668369746,CALEJ-ITITI-PE-PREORDER|CALEJ-ITITI-PE-PRIVATE|CALEJ-ITITI-PE-ARTIST|CALEJ-ITITI-PE-DRAW,48,0,0,0,0,0,0,0,21,28,1600.0,2024-04-08,2024-06-27,,48,16.0,0,0.0
Jean-Michel Othoniel · Lotus of Hope · 2021 Q4,01.12_JeanM_Lotus,Lotus of Hope,6661255561315,JEANM-SCULP-SE-4|JEANM-SCULP-SE-3,2,0,0,0,0,0,0,0,2,0,5000.0,2024-03-21,2024-06-21,,0,0.0,0,0.0
Jean-Michel Othoniel · Multiple · 2026 Q1,JeanMichel_LE_25,Kokoro (gold),15669077442942,JEANM-KOKOR-SE-PREORDER|JEANM-KOKOR-SE-INSIDERS|JEANM-KOKOR-SE-APSALE|JEANM-KOKOR-SE-PRIVATE|JEANM-KOKOR-SE-DRAW,61,0,0,0,0,78,0,0,51,10,3500.0,2026-01-30,2026-03-25,2026-03-03,0,0.0,0,0.0
Jean-Michel Othoniel · Multiple · 2026 Q1,JeanMichel_LE_25,Kokoro (red),15669077377406,JEANM-S2024-SE-PRIVATE|JEANM-S2024-SE-DRAW|JEANM-S2024-SE-PREORDER|JEANM-S2024-SE-INSIDERS,60,0,0,0,0,13,0,0,50,10,3500.0,2026-01-30,2026-03-20,2026-03-01,0,0.0,0,0.0
Jeff Koons · Multiple · 2026 Q1,JeffKoons_LE_25,Split-Rocker (Wood) - Set of 2,15764669006206,KOONS-PAIR1-SE-PREORDER|KOONS-PAIR1-SE-LACMANEWS|KOONS-PAIR1-SE-LACMASTORE|KOONS-PAIR1-SE-LACMAORDER|KOONS-PAIR1-SE-DRAW|KOONS-PAIR1-SE-LACMAPATRONGIFT,134,0,1,0,0,0,0,0,131,3,6000.0,2026-02-17,2026-06-29,2026-03-16,0,0.0,0,0.0
Jeff Koons · Multiple · 2026 Q1,JeffKoons_LE_25,Split-Rocker (Wood) Pink/Blue,15764668481918,KOONS-BLUE1-SE-PREORDER|KOONS-BLUE1-SE-DRAW|KOONS-BLUE1-SE-LACMANEWS|KOONS-BLUE1-SE-LACMAEARLY|KOONS-BLUE1-SE-LACMAORDER|KOONS-BLUE1-SE-COMPETITIONGIFT|KOONS-BLUE1-SE-LACMAPATRONGIFT,187,0,0,0,0,0,0,0,181,5,3000.0,2026-02-18,2026-09-19,2026-04-28,0,0.0,0,0.0
Jeff Koons · Multiple · 2026 Q1,JeffKoons_LE_25,Split-Rocker (Wood) Pink/Orange,15764668449150,KOONS-ORAN1-SE-PREORDER|KOONS-ORAN1-SE-LACMASTORE|KOONS-ORAN1-SE-DRAW|KOONS-ORAN1-SE-LACMAPATRONGIFT|KOONS-ORAN1-SE-LACMAEARLY|KOONS-ORAN1-SE-LACMANEWS|KOONS-ORAN1-SE-PRIVATE|KOONS-ORAN1-SE-LACMAORDER,191,0,0,0,0,2,0,0,185,6,3000.0,2026-02-17,2026-07-11,2026-08-05,0,0.0,0,0.0
Jen Stark · Multiple · 2025 Q2,JenStark_TL_25,Driptych I,15335608910206,JNSRK-DRIPT-TL-PRIVATE|JNSRK-DRIPT-TL-POSTRELEASE|JNSRK-DRIPT-TL,16,0,0,0,0,0,0,0,1,6,450.0,2025-06-03,2025-06-17,,16,6.0,0,0.0
Jen Stark · Multiple · 2025 Q2,JenStark_TL_25,Driptych I & II,15370380902782,JNSRK-DRIPP-TL-PRIVATE|JNSRK-DRIPP-TL|JNSRK-DRIPP-TL-PREORDER,17,0,0,0,0,0,0,0,3,3,810.0,2025-05-29,2025-06-11,,17,8.0,0,0.0
Jen Stark · Multiple · 2025 Q2,JenStark_TL_25,Driptych II,15335630569854,JNSRK-DRIP2-TL|JNSRK-DRIP2-TL-PRIVATE|JNSRK-DRIP2-TL-POSTRELEASE|JNSRK-DRIP2-TL-GIFT,22,0,0,0,0,0,0,0,2,7,450.0,2025-06-03,2025-07-17,,22,9.0,0,0.0
Jenna Gribbon · Glaring Shade · 2023 Q2,2023.05_Jenna Gribbo_HFPE,Glaring Shade,8341726822738|8341714436434|8341730132306|8341735178578|8341727543634|8341725151570|8341729837394|8341735965010|8341729214802|8341727248722|8341734785362|8341723578706,JENNA-GLARI-PE,12,0,0,0,0,0,0,0,12,0,10000.0,2023-04-06,2023-08-18,,0,0.0,0,0.0
Jenny Brosinski · Untitled 6 · 2020 Q3,20.09_JBrosinski_WOPs,Untitled 6,4607601573987,JBROS-WOP01-WP,1,0,0,0,0,0,0,0,0,0,1150.0,2024-11-14,2024-11-14,,1,0.0,0,0.0
Jenny Brosinski · Untitled 9 · 2020 Q3,20.09_JBrosinski_WOPs,Untitled 9,4607602524259,JBROS-WOP01-WP,1,0,0,0,0,0,0,0,0,0,1150.0,2026-01-19,2026-01-19,,1,0.0,0,0.0
Jenny Holzer · Multiple · 2025 Q1,Multiple_Amphorae_24,Full,14867564331390,JHOLZ-FULLF-SE-PREORDER|JHOLZ-FULLF-SE-ARTSPACE|JHOLZ-FULLF-SE-DRAW,21,0,0,0,0,0,0,0,17,4,6000.0,2024-12-05,2025-02-19,,0,0.0,0,0.0
Jenny Holzer · URGE AND URGE AND URGE · 2020 Q3,29.07_JennyH_Urge,URGE AND URGE AND URGE,4664274944099,JHOLZ-UURGE-SE,1,0,0,0,0,0,0,0,1,0,4400.0,2024-03-26,2024-03-26,,0,0.0,0,0.0
Jessie Makinson · Multiple · 2022 Q1,22.03_InternationalWomensWeek,Stay here while I get a curse,6701971505251,JMAKI-STAYH-PE-3|JMAKI-STAYH-PE,5,0,0,0,0,0,0,0,3,0,850.0,2023-02-09,2023-04-03,,0,0.0,0,0.0
Joakim Ojanen · Multiple · 2022 Q3,22.07_Joakim_Heartbreaker,Heartbreaker (Blue),6750110548067,JOKIM-BHEAR-SE,1,0,0,0,0,0,0,0,1,0,3500.0,2023-02-20,2023-02-20,,0,0.0,0,0.0
Joakim Ojanen · Multiple · 2022 Q3,22.07_Joakim_Heartbreaker,Heartbreaker (Red),6750108221539,JOKIM-RHEAR-SE,1,0,0,0,0,0,0,0,0,0,3500.0,2023-05-04,2023-05-04,,0,0.0,0,0.0
Joakim Ojanen · The dance we dance when we are together · 2026 Q1,JoakimOja_LE_25,The dance we dance when we are together,15657729425790,JOKIM-THETH-PE-DRAW|JOKIM-THETH-PE-PREORDER|JOKIM-THETH-PE-PRIVATE|JOKIM-THETH-PE-INSIDERS,50,0,1,1,0,0,0,0,45,5,500.0,2025-12-12,2026-01-22,2026-01-05,50,14.0,0,0.0
Joan Cornellà · Work Hard and Then Die · 2025 Q4,SirJoanC_TL_25,Work Hard and Then Die,15587756540286,JOANC-WORKW-TL|JOANC-WORKW-TL-PRIVATE|JOANC-WORKW-TL-ARTIST|JOANC-WORKW-TL-PREORDER|JOANC-WORKW-TL-APGIFT|JOANC-WORKW-TL-POSTRELEASE|JOANC-WORKW-TL-INSIDERS,486,1,1,0,0,0,0,0,21,174,600.0,2025-10-06,2026-09-03,2026-01-14,486,203.0,0,0.0
Joel Mesler · Multiple · 2026 Q2,JoelMesler_TL_26,I Love You (Blue),15851869503870,MESLE-LOVEB-TL-PRIVATE|MESLE-LOVEB-TL-APGIFT|MESLE-LOVEB-TL|MESLE-LOVEB-TL-ARTIST|MESLE-LOVEB-TL-INSIDERS,27,0,0,0,0,0,0,0,1,14,625.0,2026-05-11,2026-06-10,,27,17.0,0,0.0
Joel Mesler · Multiple · 2026 Q2,JoelMesler_TL_26,I Love You (Pink),15838229561726,MESLE-LOVPI-TL-INSIDERS|MESLE-LOVPI-TL-POSTRELEASE|MESLE-LOVPI-TL|MESLE-LOVPI-TL-APGIFT|MESLE-LOVPI-TL-PREORDER|MESLE-LOVPI-TL-PRIVATE,31,0,0,0,0,0,0,0,4,5,625.0,2026-05-07,2026-06-10,,31,21.0,0,0.0
Joel Mesler · Multiple · 2026 Q2,JoelMesler_TL_26,I Love You (Purple),15851869471102,MESLE-LOVPU-TL-INSIDERS|MESLE-LOVPU-TL|MESLE-LOVPU-TL-ARTIST|MESLE-LOVPU-TL-POSTRELEASE|MESLE-LOVPU-TL-PRIVATE,23,0,1,1,0,0,0,0,1,3,625.0,2026-05-19,2026-05-26,2026-08-12,23,14.0,0,0.0
Joel Mesler · Multiple · 2026 Q2,JoelMesler_TL_26,I Love You (Yellow),15851869438334,MESLE-LOVEY-TL,6,0,0,0,0,0,0,0,0,0,625.0,2026-05-20,2026-05-22,,6,3.0,0,0.0
Joel Mesler · Multiple · 2026 Q2,JoelMesler_TL_26,I Love You (blue),15851869503870,MESLE-LOVEB-TL-PREORDER,1,0,0,0,0,0,0,0,1,0,625.0,2026-04-30,2026-04-30,,1,1.0,0,0.0
Joel Mesler · Multiple · 2026 Q2,JoelMesler_TL_26,I Love You (pink),15838229561726,MESLE-LOVPI-TL-PREORDER,1,0,0,0,0,0,0,0,1,0,625.0,2026-04-30,2026-04-30,,1,1.0,0,0.0
Johnson Tsang · Alliance · 2026 Q2,JohnsonTs_Alliance_26,Alliance,15913871049086,TSANG-ALLIA-SE-PRIVATE|TSANG-ALLIA-SE-INSIDERS|TSANG-ALLIA-SE-PREORDER|TSANG-ALLIA-SE-ARTIST|TSANG-ALLIA-SE-DRAW,199,0,2,2,0,0,0,0,155,44,950.0,2026-05-29,2026-07-14,2026-06-25,0,0.0,0,0.0
Johnson Tsang · Fight for a Dream · 2021 Q2,06.04_JTang_FightDream,Fight for a Dream,6551772463203,TSANG-FIGHT-SE,1,0,0,0,0,0,0,0,1,0,600.0,2024-09-30,2024-09-30,,0,0.0,0,0.0
Johnson Tsang · Multiple · 2022 Q1,22.02_JTang_OpenMind,Open Mind (Large),6691771711587,TSANG-MINDL-SE-2,3,0,0,0,0,0,0,0,3,0,650.0,2024-09-20,2025-11-11,,0,0.0,0,0.0
Johnson Tsang · Multiple · 2022 Q1,22.02_JTang_OpenMind,Open Mind (Small),6691769712739,TSANG-MINDS-SE-2,49,0,0,0,0,0,0,0,14,0,450.0,2023-08-25,2026-04-09,,0,0.0,0,0.0
Johnson Tsang · Open the Right Mind · 2023 Q4,2023.10_Johnson Tsan_SE,Open the Right Mind,8573139779922,TSANG-OPENO-SE-PREORDER|TSANG-OPENO-SE-FORUM|TSANG-OPENO-SE-DRAW|TSANG-OPENO-SE-APSALE,104,0,0,0,0,1,0,0,103,1,700.0,2023-09-26,2026-04-09,2023-10-25,0,0.0,0,0.0
Johnson Tsang · Remembrance · 2025 Q3,JohnsonTs_Rememb_25,Remembrance,15013816369534,TSANG-20243-SE-DRAW|TSANG-20243-SE-PRIVATE|TSANG-20243-SE-PREORDER,151,1,0,0,0,0,0,0,114,38,900.0,2025-07-07,2026-04-09,,0,0.0,0,0.0
Johnson Tsang · Searching for Spring · 2022 Q2,30/05_JTang_SearchingSpring,Searching for Spring,6747883634787,TSANG-SPRIN-SE-APSALE|TSANG-SPRIN-SE-1,4,0,0,0,0,0,0,0,4,0,500.0,2024-09-09,2026-04-09,,0,0.0,0,0.0
Johnson Tsang · The Moment · 2024 Q4,JohnsonTs_Moment_24,The Moment,9649128735058,TSANG-20242-SE-APSALE|TSANG-20242-SE-PREORDER|TSANG-20242-SE-INSIDERS|TSANG-20242-SE-PRIVATE|TSANG-20242-SE-DRAW,252,1,0,0,0,0,0,0,187,66,700.0,2024-09-10,2026-04-09,2026-07-07,0,0.0,0,0.0
Johnson Tsang · Work in Progress · 2026 Q1,JohnsonTs_SE_25,Work in Progress,15674906345854,TSANG-2024P-SE-DRAW|TSANG-2024P-SE-INSIDERS|TSANG-2024P-SE-APSALE|TSANG-2024P-SE-PREORDER|TSANG-2024P-SE-PRIVATE,150,0,2,2,1,0,0,0,109,41,900.0,2025-12-17,2026-06-03,2026-09-22,0,0.0,0,0.0
Jonny Niesche · Diamond Vibration (Caught by the fuzz) · 2023 Q4,XXXX.XX_JONNYNIES_PE,Diamond Vibration (Caught by the fuzz),8607317295442,NIESC-DIAMO-PE-PRIVATE|NIESC-DIAMO-PE-INSIDERS|NIESC-DIAMO-PE-ARTIST|NIESC-DIAMO-PE-FORUM|NIESC-DIAMO-PE-PREORDER,51,0,0,0,0,0,0,0,42,9,1700.0,2023-10-25,2023-11-24,,0,0.0,0,0.0
Jonny Niesche · Multiple · 2025 Q2,JonnyNies_2TL_25,Champagne Lexus,15018188931454,NIESC-CHAMP-TL-PRIVATE|NIESC-CHAMP-TL-INSIDERS|NIESC-CHAMP-TL,49,0,1,1,0,0,0,0,3,10,600.0,2025-05-07,2025-09-02,2026-01-12,49,23.0,0,0.0
Jonny Niesche · Multiple · 2025 Q2,JonnyNies_2TL_25,Musk romance in deepest blue,15018194633086,NIESC-MUSKM-TL-PRIVATE|NIESC-MUSKM-TL|NIESC-MUSKM-TL-PREORDER|NIESC-MUSKM-TL-INSIDERS,61,0,0,0,0,0,0,0,8,18,600.0,2025-04-24,2026-09-18,,61,22.0,0,0.0
Jonny Niesche · Multiple · 2025 Q2,JonnyNies_2TL_25,Musk romance in deepest blue and Champagne Lexus,15067657765246,NIESC-PAIR2-TL-PRIVATE|NIESC-PAIR2-TL-ARTIST|NIESC-PAIR2-TL-PREORDER|NIESC-PAIR2-TL,52,0,0,0,0,0,0,0,1,32,1100.0,2025-05-07,2025-05-16,,52,21.0,0,0.0
Jonny Niesche · Schein Blossom · 2020 Q4,18.02_JonnyN_Blossom,Schein Blossom,4727677190243,NIESC-SCHBL-PE,2,0,1,1,0,0,0,0,2,0,1250.0,2024-05-09,2026-02-23,2026-01-12,0,0.0,0,0.0
Jonny Niesche · moon moth lust in warm copper AP · 2022 Q4,22.11_JNiesche_Moonmoth,moon moth lust in warm copper AP,6862723448931,NIESC-MOONM-PE,1,0,0,0,0,0,0,0,1,0,1700.0,2024-05-29,2024-05-29,,0,0.0,0,0.0
Jonny Niesche · moon moth lust in warm copper · 2022 Q4,22.11_JNiesche_Moonmoth,moon moth lust in warm copper,6841195298915,NIESC-MOONM-PE-3,3,0,0,0,0,0,0,0,3,0,1700.0,2023-02-06,2025-09-09,2025-09-09,0,0.0,0,0.0
Jordan Casteel · Multiple · 2025 Q1,Multiple_Amphorae_24,Peak Summer,9756933357906,JCAST-PEAKP-SE-CHARITYWATER|JCAST-PEAKP-SE-PREORDER|JCAST-PEAKP-SE-DRAW,20,0,0,0,0,0,0,0,17,3,6000.0,2024-12-06,2025-01-30,,0,0.0,0,0.0
Josh Smith · Multiple · 2025 Q1,Multiple_Amphorae_24,Palm Amphora,9756953772370,JSMI1-PALMP-SE-DRAW|JSMI1-PALMP-SE-PREORDER,7,0,0,0,0,0,0,0,6,1,6000.0,2024-12-07,2025-01-28,,0,0.0,0,0.0
José Parlá · Multiple · 2024 Q4,JoseParla_America_24,"The American Mindscape, Textured",9747522617682,PARLA-NEWPE-PE-PREORDER|PARLA-NEWPE-PE-DRAW|PARLA-NEWPE-PE-INSIDERS|PARLA-NEWPE-PE-APSALE,102,0,0,0,0,0,0,0,50,52,1250.0,2024-11-01,2025-01-02,,102,12.5,0,0.0
José Parlá · The Founders AP · 2021 Q4,01.10_JParla_Founders,The Founders AP,6702661075043,PARLA-FNDRS-PE,2,0,1,0,0,0,0,0,2,0,475.0,2024-11-16,2024-11-29,2024-11-28,0,0.0,0,0.0
José Parlá · Writers’ Bench 149th Street and Grand Concourse · 2020 Q3,24.09_JParla_WritersBench,Writers’ Bench 149th Street and Grand Concourse,4698965147747,PARLA-BENCH-PE-APSALE,1,0,0,0,0,0,0,0,1,0,6000.0,2025-02-14,2025-02-14,,0,0.0,0,0.0
Judy Chicago · Multiple · 2025 Q2,JudyChica_TL_25,Heaven is For White Men Only,15016462778750,CHICA-HEAVE-TL-PRIVATE|CHICA-HEAVE-TL|CHICA-HEAVE-TL-DISCOUNTTEST|CHICA-HEAVE-TL-POSTRELEASE,56,1,0,0,0,0,0,0,2,7,700.0,2025-05-27,2025-07-29,,56,21.0,0,0.0
Judy Chicago · Multiple · 2025 Q2,JudyChica_TL_25,Let It All Hang Out,15016462811518,CHICA-LETLE-TL-APGIFT|CHICA-LETLE-TL|CHICA-LETLE-TL-DISCOUNTTEST|CHICA-LETLE-TL-POSTRELEASE|CHICA-LETLE-TL-PRIVATE|CHICA-LETLE-TL-PREORDER|CHICA-LETLE-TL-ARTISTDISCOUNTTEST,197,2,0,0,0,0,0,0,5,53,700.0,2025-05-21,2025-10-20,2025-05-30,197,58.0,0,0.0
Judy Chicago · Multiple · 2025 Q2,JudyChica_TL_25,Let It All Hang Out & Heaven is For White Men Only,15016464155006,CHICA-PAIR2-TL-INSIDERS|CHICA-PAIR2-TL|CHICA-PAIR2-TL-DISCOUNTTEST|CHICA-PAIR2-TL-PRIVATE|CHICA-PAIR2-TL-ARTISTDISCOUNTTEST,81,0,0,0,0,0,0,0,1,26,1400.0,2025-05-27,2025-06-05,,81,28.0,0,0.0
Judy Chicago · Reincarnation Triptych · 2025 Q4,Judy_Triptych_25,Reincarnation Triptych,15617357775230,CHICA-REINC-PE-DRAW|CHICA-REINC-PE-ARTIST|CHICA-REINC-PE-INSIDERS|CHICA-REINC-PE-PREORDER,49,0,0,0,0,0,0,0,39,9,2500.0,2025-10-24,2026-01-15,2025-11-26,49,19.0,0,0.0
Julian Schnabel · Multiple · 2026 Q3,JulianSchnabel_LE_26,"Don’t Let It Bring You Down, It’s Only Castles Burning (For Neil Young) I",16026991624574|16062572986750,JSCH1-BIGG1-PE-DRAW|JSCH1-BIGG1-PE-PREORDER|JSCH1-BIGG1-PE-PRIVATE,61,0,10,1,0,37,0,0,41,20,1500.0,2026-08-28,2026-09-23,2026-09-22,61,34.0,37,22.0
Julian Schnabel · Multiple · 2026 Q3,JulianSchnabel_LE_26,"Don’t Let It Bring You Down, It’s Only Castles Burning (For Neil Young) II",16026991559038|16062575640958,JSCH1-BIGG2-PE-PRIVATE|JSCH1-BIGG2-PE-DRAW|JSCH1-BIGG2-PE-PREORDER,43,0,0,0,0,23,0,0,29,14,1500.0,2026-08-28,2026-09-23,2026-09-22,43,23.0,23,12.0
Julian Schnabel · Multiple · 2026 Q3,JulianSchnabel_LE_26,"Don’t Let It Bring You Down, It’s Only Castles Burning (For Neil Young) III",16026991526270|16062575739262,JSCH1-BIGG3-PE-PREORDER|JSCH1-BIGG3-PE-PRIVATE|JSCH1-BIGG3-PE-DRAW,21,0,0,0,0,8,0,0,14,7,1500.0,2026-08-28,2026-09-23,2026-09-13,21,13.0,8,4.0
Katharina Grosse · Multiple · 2026 Q1,Katharina_TL_25,Untitled,15637082276222|15637082210686|15637079785854,KGRO2-UNTI1-TL-POSTRELEASE|KGRO2-UNTI2-TL-PRIVATE|KGRO2-UNTIT-TL-POSTRELEASE|KGRO2-UNTI1-TL|KGRO2-UNTI2-TL-ARTIST|KGRO2-UNTIT-TL-PRIVATE|KGRO2-UNTI1-TL-ARTIST|KGRO2-UNTI1-TL-PRIVATE|KGRO2-UNTI1-TL-PREORDER|KGRO2-UNTIT-TL|KGRO2-UNTIT-TL-APSALE|KGRO2-UNTIT-TL-ARTIST|KGRO2-UNTI2-TL-POSTRELEASE|KGRO2-UNTI2-TL-PREORDER|KGRO2-UNTI2-TL,313,0,0,0,0,0,0,0,37,101,1000.0,2026-01-29,2026-07-20,,313,79.5,0,0.0
Katharina Grosse · Multiple · 2026 Q1,Katharina_TL_25,Untitled Triptych,15639314399614,KGRO2-TRIPT-TL|KGRO2-TRIPT-TL-ARTIST|KGRO2-TRIPT-TL-INSIDERS|KGRO2-TRIPT-TL-PRIVATE|KGRO2-TRIPT-TL-PREORDER,117,0,0,0,0,0,0,0,29,45,2700.0,2026-01-23,2026-02-23,2026-02-13,117,35.0,0,0.0
Katherine Bradford · Swing Over Pool · 2025 Q3,Katherine_LE_25,Swing Over Pool,15468657672574,KBRAD-SWING-PE-APGIFT|KBRAD-SWING-PE-PREORDER|KBRAD-SWING-PE|KBRAD-SWING-PE-INSIDERS|KBRAD-SWING-PE-PRIVATE|KBRAD-SWING-PE-DRAW,167,0,1,0,0,0,0,0,109,9,850.0,2025-07-16,2026-09-08,2025-07-21,167,68.0,0,0.0
Katrin Fridriks · Multiple · 2019 Q4,19.10_KFridriks_Awakening,StarGate Messenger,4399399436387,KFRID-STARG-PE,2,0,0,0,0,0,0,0,1,0,500.0,2024-01-26,2025-01-28,,0,0.0,0,0.0
Kaï · Content (Hand-finished) · 2024 Q2,Kai_ContentHF_24,Content (Hand-finished),8828346696018,KAIKA-SCULP-HS-INSIDERS|KAIKA-SCULP-HS-DRAW|KAIKA-SCULP-HS-FORUM|KAIKA-SCULP-HS-PREORDER,26,0,0,0,0,1,0,0,9,17,2200.0,2024-05-15,2026-02-23,2026-01-12,0,0.0,0,0.0
Kaï · Content (Hand-finished) · 2024 Q2,Kai_ContentHF_24,Content [Hand finished],8828346696018,KAIKA-SCULP-HS-PREORDER|KAIKA-SCULP-HS-DRAW,10,1,0,0,0,0,0,0,10,1,2200.0,2024-05-02,2024-05-24,,0,0.0,0,0.0
Kaï · Content · 2024 Q2,Kai_Content_24,Content,8828388540754,KAIKA-SCULP-SE|KAIKA-SCULP-SE-DRAW|KAIKA-SCULP-SE-FORUM|KAIKA-SCULP-SE-PREORDER,85,0,0,0,0,0,0,0,57,28,1200.0,2024-04-25,2024-12-12,,0,0.0,0,0.0
Keita Morimoto · Multiple · 2025 Q4,KeitaMor_TL_25,Evening Embers,15637082145150,KMORI-EVENI-TL-GIFT|KMORI-EVENI-TL-APGIFT|KMORI-EVENI-TL|KMORI-EVENI-TL-PRIVATE2|KMORI-EVENI-TL-PRIVATE|KMORI-EVENI-TL-PREORDER|KMORI-EVENI-TL-POSTRELEASE,323,0,1,1,0,0,0,0,27,101,675.0,2025-11-20,2026-07-27,2026-01-29,323,128.0,0,0.0
Keita Morimoto · Multiple · 2025 Q4,KeitaMor_TL_25,Jewel Box,15637082079614,KMORI-JEWEL-TL-POSTRELEASE|KMORI-JEWEL-TL-PRIVATE2|KMORI-JEWEL-TL|KMORI-JEWEL-TL-PRIVATE,56,0,0,0,0,0,0,0,10,20,625.0,2025-12-08,2026-07-27,2026-01-20,56,18.0,0,0.0
Keita Morimoto · Multiple · 2025 Q4,KeitaMor_TL_25,Jewel Box & Evening Embers,15656897741182,KMORI-DYPTC-TL|KMORI-DYPTC-TL-PRIVATE|KMORI-DYPTC-TL-PREORDER,110,0,0,0,0,0,0,0,6,57,1300.0,2025-11-18,2025-12-11,2025-11-18,110,42.0,0,0.0
Kotao Tomozawa · Multiple · 2023 Q4,2023.11_Kotao_SE,Ruki-chan (Black),8602144178514,TOMOZ-BLKRU-SE-DRAW|TOMOZ-BLKRU-SE-GALLERY|TOMOZ-BLKRU-SE-PRIVATE|TOMOZ-BLKRU-SE-PREORDER,17,4,0,0,0,0,0,0,11,10,5000.0,2023-10-11,2024-10-09,,0,0.0,0,0.0
Kotao Tomozawa · Multiple · 2023 Q4,2023.11_Kotao_SE,Ruki-chan (Red),8602144244050,TOMOZ-REDRU-SE-PREORDER|TOMOZ-REDRU-SE-GALLERY|TOMOZ-REDRU-SE-PRIVATE|TOMOZ-REDRU-SE-DRAW,19,1,0,0,0,0,0,0,10,10,5000.0,2023-10-11,2023-11-08,,0,0.0,0,0.0
Kour Pour · Sacred Flames (Yoshitoshi) · 2020 Q1,12.02_KPour_SacredFlames,Sacred Flames (Yoshitoshi),4479044059235,KPOUR-SACRE-PE,1,0,0,0,0,0,0,0,0,0,906.98,2025-08-28,2025-08-28,,1,1.0,0,0.0
Kudzanai-Violet Hwami · Multiple · 2022 Q3,22.09_KViolet_Kudzi,Kudzi,6818475278435,KUDZA-KUDZI-PE|KUDZA-KUDZI-PE-PRIVATE,3,0,0,0,0,0,0,0,3,0,4000.0,2023-06-22,2024-05-25,,3,1.0,0,0.0
Kwesi Botchway · African Style · 2023 Q1,22.07_Kwesi_AfricanStyle,African Style,6752818331747,BOTCH-AFRIC-PE|BOTCH-AFRIC-PE-2,4,0,0,0,0,0,0,0,2,1,3500.0,2023-01-16,2025-02-15,,4,2.0,0,0.0
Kwesi Botchway · Lady with a Tampi · 2022 Q2,15.06_Kwesi_Tampi,Lady with a Tampi,6704381165667,BOTCH-SMOKW-PE,2,0,0,0,0,0,0,0,1,1,3500.0,2023-09-29,2025-02-02,,2,1.0,0,0.0
LY · Confused LUV (Medium) · 2022 Q4,22.11_LY_Confused LUV Medium,Confused LUV (Medium),6794209296483,LYLUV-CONFM-SE-PREORDER,1,0,0,0,0,0,0,0,1,0,15000.0,2023-05-09,2023-05-09,,0,0.0,0,0.0
LY · LUV Blossoming · 2025 Q2,LY_Print_25,LUV Blossoming,15013818761598,LYLUV-PRINT-PE-PRIVATE|LYLUV-PRINT-PE-PREORDER|LYLUV-PRINT-PE-DRAW,40,0,0,0,0,0,0,0,24,16,2300.0,2025-04-07,2026-06-15,,40,20.0,0,0.0
LY · LUV New Beginnings · 2026 Q3,LY_LE_26,LUV New Beginnings,15933279371646,LYLUV-BEGGI-PE-PREORDER|LYLUV-BEGGI-PE-PRIVATE|LYLUV-BEGGI-PE-DRAW,32,0,1,1,0,1,0,0,16,16,2300.0,2026-06-15,2026-07-07,2026-07-01,32,23.0,1,1.0
LY · LUV Somewhere New · 2023 Q4,2023.12_LY_PE,LUV Somewhere New,8654770536786,LYLUV-SILKS-PE-DRAW|LYLUV-SILKS-PE-FORUM|LYLUV-SILKS-PE-INSIDERS|LYLUV-SILKS-PE-PREORDER,31,0,0,0,0,0,0,0,28,3,2300.0,2023-11-27,2025-02-21,,0,0.0,0,0.0
LY · Multiple · 2021 Q3,21.09_LY_Standing,Far From Home,6622479941731,LYLUV-FFHOM-PE,1,0,0,0,0,0,0,0,1,0,1700.0,2024-05-16,2024-05-16,,0,0.0,0,0.0
LY · Multiple · 2023 Q2,27.06_LY_SE+CL+OG,BLOOM (L),8470051094866,LYLUV-BLOOM-CL-PUBLIC-L|LYLUV-BLOOM-CL-PRIVATE-L,5,0,0,0,0,0,0,0,0,1,160.0,2023-06-09,2026-06-27,,0,0.0,0,0.0
LY · Multiple · 2023 Q2,27.06_LY_SE+CL+OG,BLOOM (M),8470050570578,LYLUV-BLOOM-CL-PUBLIC-M|LYLUV-BLOOM-CL-PRIVATE-M,9,0,0,0,0,0,0,0,1,1,160.0,2023-06-09,2026-07-13,,0,0.0,0,0.0
LY · Multiple · 2023 Q2,27.06_LY_SE+CL+OG,BLOOM (S),8470050111826,LYLUV-BLOOM-CL-PUBLIC-S|LYLUV-BLOOM-CL-PRIVATE-S,3,0,0,0,0,0,0,0,0,0,160.0,2023-06-08,2023-12-11,,0,0.0,0,0.0
LY · Multiple · 2023 Q2,27.06_LY_SE+CL+OG,BLOOM (XL),8470051389778,LYLUV-BLOOM-CL-PUBLIC-XL,2,0,0,0,0,0,0,0,0,1,160.0,2023-06-18,2025-07-03,,0,0.0,0,0.0
LY · Multiple · 2023 Q2,27.06_LY_SE+CL+OG,BLOOM (XS),8468221952338,LYLUV-BLOOM-CL-PUBLIC-XS|LYLUV-BLOOM-CL-PRIVATE-XS,2,0,0,0,0,0,0,0,0,0,160.0,2023-06-09,2023-11-28,,0,0.0,0,0.0
LY · Multiple · 2023 Q2,27.06_LY_SE+CL+OG,I'M LUV (L),8470486450514,LYLUV-IMLUV-CL-PUBLIC-L,11,0,0,0,0,0,0,0,0,2,160.0,2023-06-16,2026-06-25,,0,0.0,0,0.0
LY · Multiple · 2023 Q2,27.06_LY_SE+CL+OG,I'M LUV (M),8470485107026,LYLUV-IMLUV-CL-GIFT-M|LYLUV-IMLUV-CL-PUBLIC-M|LYLUV-IMLUV-CL-PRIVATE-M,15,0,0,0,0,0,0,0,3,4,160.0,2023-06-08,2026-07-26,,0,0.0,0,0.0
LY · Multiple · 2023 Q2,27.06_LY_SE+CL+OG,I'M LUV (S),8470484123986,LYLUV-IMLUV-CL-PUBLIC-S,3,0,0,0,0,0,0,0,2,0,160.0,2023-06-19,2023-10-18,,0,0.0,0,0.0
LY · Multiple · 2023 Q2,27.06_LY_SE+CL+OG,I'M LUV (XL),8470488383826,LYLUV-IMLUV-CL-PUBLIC-XL|LYLUV-IMLUV-CL-PRIVATE-XL,5,0,0,0,0,0,0,0,0,3,160.0,2023-06-09,2023-06-17,,0,0.0,0,0.0
LY · Multiple · 2023 Q2,27.06_LY_SE+CL+OG,LIVING WITH LUV,8449034027346,LYLUV-LIVIN-SE|LYLUV-LIVIN-SE-INSIDERS|LYLUV-LIVIN-SE-PRIVATE|LYLUV-LIVIN-SE-PREORDER,25,0,0,0,0,0,0,0,14,5,4000.0,2023-05-25,2023-06-20,,0,0.0,0,0.0
LY · Multiple · 2023 Q2,27.06_LY_SE+CL+OG,LUV'S BURGERS,8449034092882,LYLUV-LUVBU-SE-INSIDERS|LYLUV-LUVBU-SE-PRIVATE|LYLUV-LUVBU-SE|LYLUV-LUVBU-SE-PREORDER,21,0,0,0,0,0,0,0,10,5,4000.0,2023-05-25,2026-07-28,,0,0.0,0,0.0
LY · Multiple · 2023 Q2,27.06_LY_SE+CL+OG,"LUV'S DOG ""PARK""",8449033929042,LYLUV-LUVDG-CL-INSIDERS|LYLUV-LUVDG-CL|LYLUV-LUVDG-CL-PRIVATE|LYLUV-LUVDG-CL-PREORDER,122,0,0,0,0,0,0,0,38,18,500.0,2023-05-25,2025-06-16,2025-04-12,0,0.0,0,0.0
LY · Multiple · 2023 Q2,27.06_LY_SE+CL+OG,Painting 1,8446242128210,LYLUV-PAIN1-OG,1,0,0,0,0,0,0,0,1,0,32000.0,2023-06-01,2023-06-01,,0,0.0,0,0.0
LY · Multiple · 2023 Q2,27.06_LY_SE+CL+OG,Painting 10,8446247338322,LYLUV-PAI10-OG,1,0,0,0,0,0,0,0,1,0,10000.0,2023-06-22,2023-06-22,,0,0.0,0,0.0
LY · Multiple · 2023 Q2,27.06_LY_SE+CL+OG,Painting 11,8446247502162,LYLUV-PAI11-OG,1,0,0,0,0,0,0,0,1,0,10000.0,2023-05-26,2023-05-26,,0,0.0,0,0.0
LY · Multiple · 2023 Q2,27.06_LY_SE+CL+OG,Painting 12,8446247764306,LYLUV-PAI12-OG,1,0,0,0,0,0,0,0,1,0,6000.0,2025-08-05,2025-08-05,,0,0.0,0,0.0
LY · Multiple · 2023 Q2,27.06_LY_SE+CL+OG,Painting 13,8446247928146,LYLUV-PAI13-OG,1,0,0,0,0,0,0,0,1,0,10000.0,2023-05-25,2023-05-25,,0,0.0,0,0.0
LY · Multiple · 2023 Q2,27.06_LY_SE+CL+OG,Painting 14,8446248321362,LYLUV-PAI14-OG,1,0,0,0,0,0,0,0,1,0,10000.0,2023-05-18,2023-05-18,,0,0.0,0,0.0
LY · Multiple · 2023 Q2,27.06_LY_SE+CL+OG,Painting 15,8446248583506,LYLUV-PAI15-OG,1,0,0,0,0,0,0,0,1,0,10000.0,2023-05-18,2023-05-18,,0,0.0,0,0.0
LY · Multiple · 2023 Q2,27.06_LY_SE+CL+OG,Painting 16,8447030395218,LYLUV-PAI16-OG,1,0,0,0,0,0,0,0,1,0,28000.0,2023-06-20,2023-06-20,,0,0.0,0,0.0
LY · Multiple · 2023 Q2,27.06_LY_SE+CL+OG,Painting 2,8446242586962,LYLUV-PAIN2-OG,1,0,0,0,0,0,0,0,1,0,26000.0,2023-05-30,2023-05-30,,0,0.0,0,0.0
LY · Multiple · 2023 Q2,27.06_LY_SE+CL+OG,Painting 3 - Square painting,8433935155538,LYLUV-PAIN3-OG-PREORDER,1,0,0,0,0,0,0,0,1,0,26000.0,2023-05-05,2023-05-05,,0,0.0,0,0.0
LY · Multiple · 2023 Q2,27.06_LY_SE+CL+OG,Painting 4,8446244487506,LYLUV-PAIN4-OG,1,0,0,0,0,0,0,0,1,0,26000.0,2023-05-16,2023-05-16,,0,0.0,0,0.0
LY · Multiple · 2023 Q2,27.06_LY_SE+CL+OG,Painting 5,8446245077330,LYLUV-PAIN5-OG,1,0,0,0,0,0,0,0,1,0,26000.0,2023-05-16,2023-05-16,,0,0.0,0,0.0
LY · Multiple · 2023 Q2,27.06_LY_SE+CL+OG,Painting 6,8446245306706,LYLUV-PAIN6-OG,1,0,0,0,0,0,0,0,1,0,15000.0,2023-06-12,2023-06-12,,0,0.0,0,0.0
LY · Multiple · 2023 Q2,27.06_LY_SE+CL+OG,Painting 7,8446245798226,LYLUV-PAIN7-OG,1,0,0,0,0,0,0,0,1,0,15000.0,2023-05-25,2023-05-25,,0,0.0,0,0.0
LY · Multiple · 2023 Q2,27.06_LY_SE+CL+OG,Painting 8,8446246453586,LYLUV-PAIN8-OG,1,0,0,0,0,0,0,0,1,0,15000.0,2023-05-25,2023-05-25,,0,0.0,0,0.0
LY · This is LUV (Small) · 2022 Q3,22.09_LY_LUV Small,This is LUV (Small),6814899142755,LYLUV-THISS-SE-PREORDER,1,0,1,1,0,0,0,0,1,0,4000.0,2023-03-15,2023-03-15,2026-01-12,0,0.0,0,0.0
Laura El · Park Ave · 2024 Q1,2024_LauraEl_PE,Park Ave,8708153278802,ELLAU-PRINT-PE-DRAW|ELLAU-PRINT-PE-INSIDERS|ELLAU-PRINT-PE|ELLAU-PRINT-PE-PRIVATE|ELLAU-PRINT-PE-PREORDER,30,0,0,0,0,0,0,0,22,8,1500.0,2024-01-19,2024-02-16,,0,0.0,0,0.0
Lawrence Weiner · HERE & NOW · 2022 Q4,22.12_LWeiner_Blanket,HERE & NOW,6864328949859,LWEIN-HEREN-SE-PRIVATE|LWEIN-HEREN-SE,10,0,0,0,0,0,0,0,2,0,500.0,2023-02-15,2024-10-28,,0,0.0,0,0.0
Lee Ufan · Dialogue · 2026 Q1,LeeUfan_LE_26,Dialogue,15697990353278,UFANL-DIALO-PE-EDGIFT|UFANL-DIALO-PE-DIA|UFANL-DIALO-PE-DRAW|UFANL-DIALO-PE-INSIDERS|UFANL-DIALO-PE-APSALE|UFANL-DIALO-PE-PREORDER|UFANL-DIALO-PE-PRIVATE,156,0,3,3,0,0,0,0,92,64,8500.0,2025-12-15,2026-08-26,2026-09-23,156,57.0,0,0.0
Lee Ufan · Multiple · 2025 Q2,LeeUfan_From_25,A trio of prints,15351524950398,UFANL-ATRIO-PE-PRIVATE|UFANL-ATRIO-PE-DRAW|UFANL-ATRIO-PE-PREORDER|UFANL-ATRIO-PE-DIAPATRONS,69,0,0,0,0,0,0,0,53,16,18000.0,2025-05-15,2025-07-01,,69,34.0,0,0.0
Lee Ufan · Multiple · 2025 Q2,LeeUfan_From_25,From Line,15327331647870,UFANL-FROML-PE-DRAW|UFANL-FROML-PE-BAER|UFANL-FROML-PE-PREORDER|UFANL-FROML-PE-PP|UFANL-FROML-PE-DIAPATRONS|UFANL-FROML-PE-PRIVATE,83,0,0,0,0,0,0,0,37,45,6000.0,2025-05-03,2026-06-01,,83,36.0,0,0.0
Lee Ufan · Multiple · 2025 Q2,LeeUfan_From_25,From Line AP,15393544569214,UFANL-FROML-PE-APSALE,15,0,1,1,0,0,0,0,15,0,8000.0,2025-05-27,2026-09-15,2026-07-31,15,2.0,0,0.0
Lee Ufan · Multiple · 2025 Q2,LeeUfan_From_25,From Point Ⅰ,15327412191614,UFANL-FROMP-PE-DRAW|UFANL-FROMP-PE-APGIFT|UFANL-FROMP-PE-PRIVATE|UFANL-FROMP-PE-BAER|UFANL-FROMP-PE-PREORDER|UFANL-FROMP-PE-DIAPATRONS,81,0,0,0,0,0,0,0,67,14,6000.0,2025-05-19,2025-10-22,,81,44.0,0,0.0
Lee Ufan · Multiple · 2025 Q2,LeeUfan_From_25,From Point Ⅰ AP,15476461764990,UFANL-FROMP-PE-APSALE,6,0,1,1,0,0,0,0,6,0,8000.0,2025-07-16,2026-09-15,2026-08-21,6,0.0,0,0.0
Lee Ufan · Multiple · 2025 Q2,LeeUfan_From_25,From Point Ⅱ,15327543591294,UFANL-FROM2-PE-DIAPATRONS|UFANL-FROM2-PE-DRAW|UFANL-FROM2-PE-PRIVATE|UFANL-FROM2-PE-BAER|UFANL-FROM2-PE-PREORDER,79,1,1,1,0,0,0,0,59,21,6000.0,2025-05-19,2025-07-09,2026-09-23,79,36.0,0,0.0
Lee Ufan · Multiple · 2025 Q2,LeeUfan_From_25,From Point Ⅱ AP,15476463272318,UFANL-FROM2-PE-APSALE,4,0,1,1,0,0,0,0,4,0,8000.0,2025-07-09,2026-08-06,2026-08-21,4,0.0,0,0.0
Linda Dounia · Faux Letters · 2024 Q2,2024_LindaDoun_PE,Faux Letters,8833309770066,DOUNI-FAUXF-PE-DRAW|DOUNI-FAUXF-PE|DOUNI-FAUXF-PE-PREORDER,4,0,0,0,0,0,0,0,2,1,1700.0,2024-05-08,2024-05-28,,4,2.0,0,0.0
Lu Yang · Gong Tau Alien · 2020 Q4,07.10_LuYang_GongTau,Gong Tau Alien,4411396358243,LYANG-GONGT-SE,2,0,0,0,0,0,0,0,0,0,2000.0,2023-06-13,2026-04-05,,0,0.0,0,0.0
Luc Tuymans · Bell Boy · 2026 Q1,LucTuymans_LE_26,Bell Boy,15778029011326,TUYMA-BELLB-PE-APSALE|TUYMA-BELLB-PE-GALLERY|TUYMA-BELLB-PE-PREORDER|TUYMA-BELLB-PE|TUYMA-BELLB-PE-DRAW|TUYMA-BELLB-PE-INSIDERS|TUYMA-BELLB-PE-PRIVATE|TUYMA-BELLB-PE-APGIFT,102,0,0,0,0,0,0,0,89,13,1500.0,2026-02-19,2026-05-26,2026-03-31,102,49.0,0,0.0
Lucian Freud · Multiple · 2025 Q3,LucianFre_TL_25,"Double Portrait, 1985-86",15421327180158|15471276196222,FREUD-DOUBL-TL-POSTRELEASE|FREUD-DOUBL-TL-APGIFT|FREUD-DOUBL-TL-PRIVATE|FREUD-DOUBL-TL-APSALE|FREUD-DOUBL-TL|FREUD-DOUBL-TL-INSIDERS,169,0,0,0,0,0,0,0,6,63,500.0,2025-07-16,2026-06-23,,169,63.0,0,0.0
Lucian Freud · Multiple · 2025 Q3,LucianFre_TL_25,"Girl with Roses, 1947-48",15421348938110|15471893578110,FREUD-GIRL2-TL-POSTRELEASE|FREUD-GIRL2-TL-PRIVATE|FREUD-GIRL2-TL|FREUD-GIRL2-TL-APGIFT|FREUD-GIRL2-TL-INSIDERS,30,0,0,0,0,0,0,0,2,6,500.0,2025-07-16,2025-10-20,,30,9.0,0,0.0
Lucian Freud · Multiple · 2025 Q3,LucianFre_TL_25,"Girl with a Kitten, 1947",15421346087294|15471341339006,FREUD-GIRLG-TL-APGIFT|FREUD-GIRLG-TL-PRIVATE|FREUD-GIRLG-TL-PREORDER|FREUD-GIRLG-TL-POSTRELEASE|FREUD-GIRLG-TL|FREUD-GIRLG-TL-INSIDERS,78,0,1,1,0,0,0,0,6,16,500.0,2025-07-15,2026-02-02,2026-02-08,78,21.0,0,0.0
Lucian Freud · Multiple · 2025 Q3,LucianFre_TL_25,"Girl with a Kitten, 1947 and Girl with Roses, 1947-48",15444982464894,FREUD-GIRGI-TL|FREUD-GIRGI-TL-PRIVATE,2,0,0,0,0,0,0,0,0,1,1000.0,2025-07-16,2025-07-21,,2,0.0,0,0.0
Lucian Freud · Multiple · 2025 Q3,LucianFre_TL_25,Quartet,15445121499518|15472170172798,FREUD-QUART-TL-PRIVATE|FREUD-QUART-TL|FREUD-QUART-TL-INSIDERSSPECIAL,11,0,0,0,0,0,0,0,1,6,2000.0,2025-07-16,2025-08-27,,11,5.0,0,0.0
Lucian Freud · Multiple · 2025 Q3,LucianFre_TL_25,"Reflection (Self-portrait), 1983-85",15471244181886|15421318627710,FREUD-REFLE-TL-POSTRELEASE|FREUD-REFLE-TL-PRIVATE|FREUD-REFLE-TL-INSIDERS|FREUD-REFLE-TL|FREUD-REFLE-TL-APGIFT|FREUD-REFLE-TL-PREORDER,91,1,0,0,0,0,0,0,6,21,500.0,2025-07-04,2026-03-09,,91,26.0,0,0.0
Lucian Freud · Multiple · 2025 Q3,LucianFre_TL_25,"Reflection (Self-portrait), 1983-85 and Double Portrait, 1985-86",15444979614078|15471933718910,FREUD-REFDO-TL-PRIVATE|FREUD-REFDO-TL,19,0,0,0,0,0,0,0,0,13,1000.0,2025-07-16,2025-07-20,,19,9.0,0,0.0
Lucian Freud · Multiple · 2026 Q2,LucianFreud_TL_26,"Double Portrait, 1988-90",15745180008830,FREU0-DOUBL-PE-PREORDER|FREU0-DOUBL-PE|FREU0-DOUBL-PE-PRIVATE|FREU0-DOUBL-PE-INSIDERS|FREU0-DOUBL-PE-POSTRELEASE,47,0,0,0,0,0,0,0,3,12,500.0,2026-02-23,2026-08-30,,47,24.5,0,0.0
Lucian Freud · Multiple · 2026 Q2,LucianFreud_TL_26,"Double Portrait, 1988-90 & Self-portrait, Reflection, 2002",15753773318526,FREU0-PAIR2-PE|FREU0-PAIR2-PE-PRIVATE,4,0,0,0,0,0,0,0,0,3,1000.0,2026-04-13,2026-04-14,,4,1.0,0,0.0
Lucian Freud · Multiple · 2026 Q2,LucianFreud_TL_26,"Girl in Bed, 1953",15745180959102,FREU0-GIRLG-PE-PRIVATE|FREU0-GIRLG-PE-POSTRELEASE|FREU0-GIRLG-PE-PREORDER|FREU0-GIRLG-PE,68,0,0,0,0,0,0,0,7,15,500.0,2026-03-05,2026-04-22,,68,35.0,0,0.0
Lucian Freud · Multiple · 2026 Q2,LucianFreud_TL_26,"Girl in Bed, 1953 & Reflection with Two Children (Self-portrait), 1965",15753773351294,FREU0-PAIRP-PE-PRIVATE|FREU0-PAIRP-PE,2,0,0,0,0,0,0,0,0,1,1000.0,2026-04-14,2026-04-14,,2,0.0,0,0.0
Lucian Freud · Multiple · 2026 Q2,LucianFreud_TL_26,"Reflection with Two Children (Self-portrait), 1965",15745179976062,FREU0-REFLE-PE-PREORDER|FREU0-REFLE-PE|FREU0-REFLE-PE-POSTRELEASE|FREU0-REFLE-PE-PRIVATE,41,0,0,0,0,0,0,0,2,11,500.0,2026-02-24,2026-08-30,2026-05-07,41,19.0,0,0.0
Lucian Freud · Multiple · 2026 Q2,LucianFreud_TL_26,"Self-portrait, Reflection, 2002",15745180893566,FREU0-SELF--PE-PREORDER|FREU0-SELF--PE-PRIVATE|FREU0-SELF--PE|FREU0-SELF--PE-POSTRELEASE,33,0,0,0,0,0,0,0,4,11,500.0,2026-04-13,2026-04-30,,33,15.0,0,0.0
Lucian Freud · Multiple · 2026 Q2,LucianFreud_TL_26,Set of 4,15753773580670,FREU0-QUART-PE-INSIDERS|FREU0-QUART-PE-PRIVATE|FREU0-QUART-PE,10,0,0,0,0,0,0,0,1,5,2000.0,2026-04-13,2026-04-15,,10,4.0,0,0.0
Ludovic Nkoth · Multiple · 2021 Q3,21.07_LNkoth_AllAboard,All Aboard,6601696542819,LUDON-ALLAB-PE,0,0,0,0,0,0,0,0,0,0,1500.0,2025-05-12,2025-05-12,,0,0.0,0,0.0
Ludovic Nkoth · Multiple · 2021 Q3,21.07_LNkoth_AllAboard,All Aboard (Hand-finished),6601702113379,LUDON-ALLHF-PE,2,0,0,0,0,0,0,0,2,0,4000.0,2023-05-02,2025-05-15,,0,0.0,0,0.0
Luis Ponce · And the Absurd Was Born · 2023 Q4,2023.07_LuisPonce_PE,And the Absurd Was Born,8573128212818,PONCE-MANBK-PE-MEDICI|PONCE-MANBK-PE-DRAW|PONCE-MANBK-PE-INSIDERS|PONCE-MANBK-PE-ARTIST,24,0,0,0,0,0,0,0,22,2,2350.0,2023-10-29,2023-11-22,,0,0.0,0,0.0
Magdalena Suarez Frimkess · Homage for Jasper Johns · 2024 Q3,Magdalena_Mouse_24,Homage for Jasper Johns,9277909893458,SUARE-TBDTB-PE-LACMASTOREAPSALE|SUARE-TBDTB-PE-PREORDER|SUARE-TBDTB-PE-DRAW|SUARE-TBDTB-PE-LACMASTOREDISPLAY|,27,0,0,0,0,0,0,0,26,0,1000.0,2024-07-18,2025-10-28,,27,10.0,0,0.0
Makiko Kudo · Empathy AP · 2021 Q2,14.04_Makiko_Empathy,Empathy AP,6554760937571,MKIKO-EMPTH-PE,1,0,0,0,0,0,0,0,1,0,400.0,2025-01-07,2025-01-07,,0,0.0,0,0.0
Man Ray · Multiple · 2026 Q1,ManRay_TL_25,Larmes de Verre,15706487128446,RAYMA-LARME-TL-POSTRELEASE|RAYMA-LARME-TL-PRIVATE|RAYMA-LARME-TL-PREORDER|RAYMA-LARME-TL,173,0,0,0,0,0,0,0,10,54,400.0,2026-01-23,2026-03-04,2026-02-24,173,78.0,0,0.0
Man Ray · Multiple · 2026 Q1,ManRay_TL_25,Le Violon d’Ingres,15706487161214,RAYMA-VIOLO-TL-PRIVATE|RAYMA-VIOLO-TL-PREORDER|RAYMA-VIOLO-TL-POSTRELEASE|RAYMA-VIOLO-TL,88,0,1,1,0,0,0,0,6,28,600.0,2026-01-26,2026-02-25,2026-02-08,88,40.0,0,0.0
Man Ray · Multiple · 2026 Q1,ManRay_TL_25,"Le Violon d’Ingres, Larmes de Verre & Noire et Blanche",15706487062910,RAYMA-TRIO1-TL-PRIVATE|RAYMA-TRIO1-TL-PREORDER|RAYMA-TRIO1-TL,37,0,0,0,0,0,0,0,1,18,1400.0,2026-02-05,2026-02-19,,37,19.0,0,0.0
Man Ray · Multiple · 2026 Q1,ManRay_TL_25,Noire et Blanche,15706487095678,RAYMA-NOIRE-TL-PRIVATE|RAYMA-NOIRE-TL|RAYMA-NOIRE-TL-POSTRELEASE|RAYMA-NOIRE-TL-PREORDER,86,0,0,0,0,0,0,0,8,25,400.0,2026-01-26,2026-03-02,2026-02-17,86,47.0,0,0.0
Man Ray · Multiple · 2026 Q1,ManRay_TL_25,Noire et Blanche & Larmes de Verre,15706487390590,RAYMA-DIPTY-TL|RAYMA-DIPTY-TL-PRIVATE,14,0,0,0,0,0,0,0,0,6,800.0,2026-02-16,2026-02-19,,14,10.0,0,0.0
Marc Quinn · Aragonitesphere · 2019 Q3,2019.09_MARCQUINN_PE,Aragonitesphere,4399640019043,QUINN-ARAGO-PE-PRIVATE,4,0,0,0,0,0,0,0,3,1,1930.0,2024-01-29,2025-01-03,,0,0.0,0,0.0
Marcus Jansen · Afro Painter · 2023 Q4,2023.10_Marcus Janse_PE,Afro Painter,8558358233426,JANSE-AFROA-PE-PREORDER|JANSE-AFROA-PE-INSIDERS|JANSE-AFROA-PE|JANSE-AFROA-PE-ARTIST,42,0,0,0,0,0,0,0,9,4,850.0,2023-08-30,2026-05-24,,42,11.0,0,0.0
Margo Wolowiec · -57° · 2020 Q1,26.02_MargoW_-57,-57°,4489444884579,MARGO-MIN57-PE,1,0,0,0,0,0,0,0,1,0,1750.0,2025-01-03,2025-01-03,,1,1.0,0,0.0
Marina Abramović · Maria/Marina · 2026 Q1,MarinaAbr-1502,Maria/Marina,15706485490046,ABRAM-MARIA-TL-INSIDERS|ABRAM-MARIA-TL-PRIVATE|ABRAM-MARIA-TL-APGIFT|ABRAM-MARIA-TL|ABRAM-MARIA-TL-PREORDER|ABRAM-MARIA-TL-EDGIFT|ABRAM-MARIA-TL-POSTRELEASE,1043,0,1,0,0,0,0,0,61,446,675.0,2026-01-14,2026-08-20,2026-04-22,1043,393.0,0,0.0
Mark Bradford · Scorched Earth Edition · 2025 Q2,MarkBradf_Broad_25,Scorched Earth Edition,15327125897598,MBRAD-SCORC-TL-THEBROADSHOP|MBRAD-SCORC-TL-HAUSER&WIRTH|MBRAD-SCORC-TL-APGIFT|MBRAD-SCORC-TL-INSIDERS|MBRAD-SCORC-TL|MBRAD-SCORC-TL-THEBROAD|MBRAD-SCORC-TL-PREORDER|MBRAD-SCORC-TL-POSTRELEASE|MBRAD-SCORC-TL-APSALE|MBRAD-SCORC-TL-ARTIST|MBRAD-SCORC-TL-PRIVATE,529,0,0,0,0,0,0,0,124,140,1300.0,2025-05-14,2026-03-02,2026-02-13,529,194.0,0,0.0
Mark Whalen · Early Light · 2023 Q3,2023.09_Mark Whalen_PE,Early Light,8535498817874,MWHAL-ARCHI-PE|MWHAL-ARCHI-PE-PREORDER,7,0,0,0,0,0,0,0,2,0,1200.0,2023-09-14,2026-08-24,,7,3.0,0,0.0
Matt DesLauriers · Sierra · 2024 Q1,2024_MattDesL_TL,Sierra,8706428272978,DESLA-TIMED-TL-PREORDER|DESLA-TIMED-TL-APSEED|DESLA-TIMED-TL|DESLA-TIMED-TL-STAFFGIFT|DESLA-TIMED-TL-MISSOUT,169,1,0,0,0,0,0,0,11,0,750.0,2024-01-30,2024-06-28,,169,86.0,0,0.0
Maurizio Cattelan · La Nona Ora · 2026 Q2,Maurizio_NonaOra_26,La Nona Ora,15831337042302,CATTE-LANON-SE-PREORDER|CATTE-LANON-SE-POSTRELEASE|CATTE-LANON-SE-DRAW|CATTE-LANON-SE-APARTIST|CATTE-LANON-SE-PRIVATE|CATTE-LANON-SE-HOTLINE|CATTE-LANON-SE-INSIDERS,650,0,4,3,0,0,0,0,558,92,2200.0,2026-03-31,2026-09-23,2026-09-23,0,0.0,0,0.0
Maurizio Cattelan · Multiple · 2027 Q1,MaurizioCatt_HorseLE_26,Not Afraid of Love,16069209653630,CATT2-ELEPH-SE-PREORDER|CATT2-ELEPH-SE-PRIVATE|CATT2-ELEPH-SE-DRAW,147,0,26,10,0,93,2,0,46,100,1500.0,2026-09-18,2026-09-23,2026-09-23,0,0.0,0,0.0
Maurizio Cattelan · Multiple · 2027 Q1,MaurizioCatt_HorseLE_26,Novecento,16069209391486,CATT2-HORSE-SE-DRAW|CATT2-HORSE-SE-PRIVATE|CATT2-HORSE-SE-PREORDER,100,0,20,6,0,57,2,0,29,70,1500.0,2026-09-18,2026-09-23,2026-09-23,0,0.0,0,0.0
Maurizio Cattelan · THERAPY · 2026 Q2,Maurizio_Therapy_26,THERAPY,15835313963390,CATT1-THERA-PE-PRIVATE|CATT1-THERA-PE-THEREN|CATT1-THERA-PE-INSIDERS|CATT1-THERA-PE-NONA|CATT1-THERA-PE-DRAW|CATT1-THERA-PE-PREORDER,325,0,0,0,0,0,0,0,218,107,800.0,2026-04-01,2026-09-21,2026-07-08,325,125.0,0,0.0
Maurizio Cattelan · We are the Revolution (Gold Rush) · 2026 Q1,MaurizioC_Golden_26,We are the Revolution (Gold Rush),15757196362110,CATTE-GOLDR-SE-PRIVATE,10,1,0,0,0,0,0,0,11,0,15000.0,2026-02-26,2026-03-27,2026-03-24,0,0.0,0,0.0
Maurizio Cattelan · We are the Revolution · 2025 Q4,MaurizioC_Rev_25,We are the Revolution,15530135880062,CATTE-WEWEW-SE-HUNTNYC|CATTE-WEWEW-SE-INSIDERS|CATTE-WEWEW-SE-GIFT|CATTE-WEWEW-SE-APGIFT|CATTE-WEWEW-SE-PREORDER|CATTE-WEWEW-SE-PRIVATE|CATTE-WEWEW-SE-DRAW|CATTE-WEWEW-SE-HUNTLDN|CATTE-WEWEW-SE-HUNTAMS,993,2,2,2,0,0,0,0,917,75,1500.0,2025-09-23,2026-09-22,2026-09-21,0,0.0,0,0.0
Maurizio Cattelan · Window · 2026 Q1,MaurizioC_LE_26,Window,15717771477374,CATTE-WINDO-PE-BANANAWINNER|CATTE-WINDO-PE-DRAW|CATTE-WINDO-PE-INSIDERS|CATTE-WINDO-PE-POSTRELEASE|CATTE-WINDO-PE-PREORDER|CATTE-WINDO-PE-APARTIST|CATTE-WINDO-PE-PRIVATE|CATTE-WINDO-PE-APSALE,302,0,4,4,0,0,0,0,184,118,1500.0,2026-01-22,2026-09-18,2026-09-21,302,164.5,0,0.0
Michael Kagan · Critical Mass · 2021 Q3,07.07_Kagan_Critical,Critical Mass,6608077783139,KAGAN-CMASS-PE-AP,1,0,0,0,0,0,0,0,1,0,8000.0,2025-01-03,2025-01-03,,0,0.0,0,0.0
Michael Kozlowski · Mecha · 2024 Q2,XXXX.XX_MPKOZ-920_PE,Mecha,8787703333202,MPKOZ-PRINT-PE-PREORDER|MPKOZ-PRINT-PE-DRAW,45,0,0,0,0,0,0,0,32,11,3000.0,2024-04-08,2024-04-25,,45,26.0,0,0.0
Michael Kozlowski · Metropolis print Manual · 2023 Q1,2023.03_MpkozPlatform_PE,Metropolis print Manual,8616340488530,MPKOZ-METRO-PE,1,0,0,0,0,0,0,0,1,0,500.0,2023-11-14,2023-11-14,,0,0.0,0,0.0
Michael Kozlowski · Metropolis print · 2023 Q1,2023.03_MpkozPlatform_PE,Metropolis print,8356385653074,MPKOZ-METRO-PE,74,0,0,0,0,0,0,0,0,0,500.0,2023-03-30,2024-04-26,,74,0.0,0,0.0
Michaela Yearwood-Dan · Multiple · 2023 Q4,2023.10_Michaela Yea_HFPE,Just,8572205302098,YEARW-LARGE-PE-PREORDER|YEARW-LARGE-PE-QUEERCIRCLE|YEARW-LARGE-PE|YEARW-LARGE-PE-GEMMA|YEARW-LARGE-PE-GALLERY,40,0,0,0,0,0,0,0,18,13,2800.0,2023-10-09,2024-12-03,,0,0.0,0,0.0
Michaela Yearwood-Dan · Multiple · 2023 Q4,2023.10_Michaela Yea_HFPE,Just (Hand-finished),8572295053650,YEARW-LARGE-HP-GALLERY|YEARW-LARGE-HP-PREORDER,10,0,0,0,0,0,0,0,5,5,4500.0,2023-10-07,2023-10-19,,0,0.0,0,0.0
Mickalene Thomas · Multiple · 2024 Q2,Mickalene_MayaInter_24,Interior: Red Couch and Landscape,8871051919698,MICKA-TLTL2-TL-APSEED|MICKA-TLTL2-TL|MICKA-TLTL2-TL-PREORDER||MICKA-TLTL2-TL-PRIVATE|MICKA-TLTL2-TL-APSALE|MICKA-TLTL2-TL-FRAMEDBLACKUV,179,0,0,0,0,0,0,0,32,32,675.0,2024-06-03,2026-06-18,,179,54.0,0,0.0
Mickalene Thomas · Multiple · 2024 Q2,Mickalene_MayaInter_24,Maya & Interior,8920052367698,MICKA-MAINT-TL-PRIVATE|MICKA-MAINT-TL-INSIDERS|MICKA-MAINT-TL-PREORDER|MICKA-MAINT-TL,205,0,0,0,0,0,0,0,19,71,1320.0,2024-06-14,2024-08-13,,205,46.0,0,0.0
Mickalene Thomas · Multiple · 2024 Q2,Mickalene_MayaInter_24,Portrait of Maya #10,8871051985234,MICKA-TLTL1-TL-PRIVATE|MICKA-TLTL1-TL-APGIFT||MICKA-TLTL1-TL-PREORDER|MICKA-TLTL1-TL-FRAMEDBLACKWHITEUV|MICKA-TLTL1-TL,543,1,0,0,0,0,0,0,109,131,795.0,2024-06-03,2025-04-18,,543,128.5,0,0.0
Mickalene Thomas · Multiple · 2025 Q1,Mickalene_MultiTL_25,Afro Goddess Looking Forward,14934088221054,MICKA-AFROA-TL|MICKA-AFROA-TL-APSEED|MICKA-AFROA-TL-PRIVATE||MICKA-AFROA-TL-INSIDERS|MICKA-AFROA-TL-PREORDER,854,0,0,0,0,0,0,0,32,277,795.0,2025-02-26,2026-09-14,2026-03-12,854,265.5,0,0.0
Mickalene Thomas · Multiple · 2025 Q1,Mickalene_MultiTL_25,Full set of prints,14981667750270,MICKA-QUART-TL|MICKA-QUART-TL-INSIDERS,14,0,0,0,0,0,0,0,1,10,2646.0,2025-03-17,2025-03-25,,14,5.0,0,0.0
Mickalene Thomas · Multiple · 2025 Q1,Mickalene_MultiTL_25,Landscape With Woman Washing Her Feet,14934213427582,MICKA-LANDS-TL-INSIDERS|MICKA-LANDS-TL-PREORDER|MICKA-LANDS-TL-PRIVATE|MICKA-LANDS-TL|MICKA-LANDS-TL-PP,441,0,0,0,0,0,0,0,17,137,675.0,2025-03-11,2026-03-13,,441,161.0,0,0.0
Mickalene Thomas · Multiple · 2025 Q1,Mickalene_MultiTL_25,Landscape With Woman Washing Her Feet & Resist,14981753143678,MICKA-DIPT1-TL-INSIDERS|MICKA-DIPT1-TL,9,0,0,0,0,0,0,0,0,6,1215.0,2025-03-17,2025-03-19,,9,1.0,0,0.0
Mickalene Thomas · Multiple · 2025 Q1,Mickalene_MultiTL_25,November 1981,14934087991678,MICKA-NOVEM-TL-APGIFT|MICKA-NOVEM-TL-PREORDER|MICKA-NOVEM-TL|MICKA-NOVEM-TL-APSEED|MICKA-NOVEM-TL-INSIDERS|MICKA-NOVEM-TL-PRIVATE|,388,0,1,1,0,0,0,0,17,96,795.0,2025-02-26,2026-02-07,2026-02-08,388,101.5,0,0.0
Mickalene Thomas · Multiple · 2025 Q1,Mickalene_MultiTL_25,November 1981 & Afro Goddess Looking Forward,14981781815678,MICKA-DIPT2-TL-INSIDERS|MICKA-DIPT2-TL,26,0,0,0,0,0,0,0,0,22,1431.0,2025-03-17,2025-03-20,,26,5.0,0,0.0
Mickalene Thomas · Multiple · 2025 Q1,Mickalene_MultiTL_25,Resist,14934233416062,MICKA-RESIS-TL-PRIVATE|MICKA-RESIS-TL-INSIDERS|MICKA-RESIS-TL-APGIFT|MICKA-RESIS-TL,251,0,0,0,0,0,0,0,4,71,675.0,2025-03-17,2025-10-20,,251,97.0,0,0.0
Mickalene Thomas · Multiple · 2026 Q1,MickaleneT_TL_26,A Moment’s Pleasure #2,15753772728702,MICKA-AAAAA-TL-PREORDER|MICKA-AAAAA-TL-PRIVATE|MICKA-AAAAA-TL|MICKA-AAAAA-TL-POSTRELEASE|MICKA-AAAAA-TL-ARTIST,485,0,0,0,0,0,0,0,53,149,795.0,2026-02-24,2026-06-02,2026-04-20,485,176.0,0,0.0
Mickalene Thomas · Multiple · 2026 Q1,MickaleneT_TL_26,Girlfriends & Lovers,15753772794238,MICKA-GIRLF-TL-ARTIST|MICKA-GIRLF-TL-POSTRELEASE|MICKA-GIRLF-TL-INSIDERS|MICKA-GIRLF-TL-PREORDER|MICKA-GIRLF-TL|MICKA-GIRLF-TL-PRIVATE|MICKA-GIRLF-TL-APGIFT,202,1,0,0,0,0,0,0,15,71,795.0,2026-02-19,2026-05-06,2026-06-01,202,86.5,0,0.0
Mickalene Thomas · Multiple · 2026 Q1,MickaleneT_TL_26,Girlfriends & Lovers and A Moments Pleasure #2,15753772630398,MICKA-SET02-TL-PRIVATE|MICKA-SET02-TL|MICKA-SET02-TL-PREORDER,53,0,0,0,0,0,0,0,3,26,1590.0,2026-02-23,2026-03-19,2026-03-14,53,13.0,0,0.0
Mickalene Thomas · Multiple · 2026 Q1,MickaleneT_TL_26,La Maison de Monet,15753772695934,MICKA-LALAL-TL-PREORDER|MICKA-LALAL-TL-ARTIST|MICKA-LALAL-TL|MICKA-LALAL-TL-PRIVATE|MICKA-LALAL-TL-INSIDERS|MICKA-LALAL-TL-POSTRELEASE,172,0,0,0,0,0,0,0,20,59,795.0,2026-02-24,2026-07-08,2026-03-20,172,85.0,0,0.0
Mickalene Thomas · Multiple · 2026 Q1,MickaleneT_TL_26,La Maison de Monet and Portrait of Qusuquzah #8,15753772597630,MICKA-SETSE-TL|MICKA-SETSE-TL-PRIVATE,4,0,0,0,0,0,0,0,1,2,1590.0,2026-03-16,2026-03-21,,4,1.0,0,0.0
Mickalene Thomas · Multiple · 2026 Q1,MickaleneT_TL_26,Portrait of Qusuquzah #8,15753772761470,MICKA-PORTR-TL-PRIVATE|MICKA-PORTR-TL|MICKA-PORTR-TL-POSTRELEASE,69,0,0,0,0,0,0,0,3,30,795.0,2026-03-16,2026-04-01,,69,23.0,0,0.0
Mickalene Thomas · Multiple · 2026 Q1,MickaleneT_TL_26,Quartet,15753772663166,MICKA-4PRIN-TL-ARTIST|MICKA-4PRIN-TL|MICKA-4PRIN-TL-PREORDER|MICKA-4PRIN-TL-PRIVATE,25,0,0,0,0,0,0,0,4,12,3180.0,2026-02-26,2026-03-19,2026-02-21,25,11.0,0,0.0
Miwa Komatsu · Innocent Days and Wishes · 2025 Q2,MiwaKomat_Innocent_25,Innocent Days and Wishes,8768460357970,KOMAT-INNOC-HP-APSALE|KOMAT-INNOC-HP-PRIVATE|KOMAT-INNOC-HP-DRAW|KOMAT-INNOC-HP-ARTIST,26,0,0,0,0,0,0,0,11,15,3200.0,2024-04-26,2025-04-02,,26,18.0,0,0.0
Miwa Komatsu · Multiple · 2023 Q4,2023.11_Miwa Komatsu_PE+CL,The Entity Stirs,8575206555986,KOMAT-STARS-PE-ARTIST|KOMAT-STARS-PE-PREORDER|KOMAT-STARS-PE-INSIDERS|KOMAT-STARS-PE-DRAW|KOMAT-STARS-PE-PRIVATE|KOMAT-STARS-PE-FORUM,51,0,0,0,0,0,0,0,42,9,1700.0,2023-09-29,2023-11-08,,0,0.0,0,0.0
Miwa Komatsu · Multiple · 2023 Q4,2023.11_Miwa Komatsu_PE+CL,The Great Harmonisation,8575215370578,KOMAT-ABOOK-CL|KOMAT-ABOOK-CL-GALLERY,54,0,0,0,0,0,0,0,2,2,75.0,2023-10-12,2025-06-19,,0,0.0,0,0.0
Miwa Komatsu · Sacred Connectedness · 2024 Q2,MiwaKomat_LivePaint_24,Sacred Connectedness,8895036162386,KOMAT-TIMED-TL-ARTIST|KOMAT-TIMED-TL,54,0,0,0,0,0,0,0,54,0,500.0,2024-06-22,2024-10-28,,54,0.0,0,0.0
Miwa Komatsu · Sacred Connectedness · 2024 Q2,MiwaKomat_LivePaint_24,To be titled,8895036162386,KOMAT-TIMED-TL,314,0,0,0,0,0,0,0,4,0,500.0,2024-06-11,2024-06-13,,314,112.0,0,0.0
Miwa Komatsu · Three Guardians: Gatekeeping the Heat and Cold · 2026 Q2,MiwaKomat_LE_26,Three Guardians: Gatekeeping the Heat and Cold,15905346748798,KOMAT-GUARD-PE-PRIVATE|KOMAT-GUARD-PE-DRAW|KOMAT-GUARD-PE-PREORDER|KOMAT-GUARD-PE-INSIDERS,48,0,0,0,1,0,0,0,22,26,2000.0,2026-05-22,2026-06-23,2026-06-22,48,40.0,0,0.0
Miwa Komatsu · White and Black Guiding Yamainu-sama · 2024 Q4,MiwaKomat_WhiBla_24,White and Black Guiding Yamainu-sama,9690958201170,KOMAT-BRONZ-HS-ARTIST|KOMAT-BRONZ-HS-DRAW|KOMAT-BRONZ-HS-PRIVATE|KOMAT-BRONZ-HS-PREORDER,15,0,0,0,0,0,0,0,3,12,8000.0,2024-10-18,2024-11-20,,0,0.0,0,0.0
Moe Nakamura · Inside Us · 2023 Q4,2023.12_Moe Nakamura_SE,Inside Us,8573138829650,MNAK2-MARBL-SE-GALLERY|MNAK2-MARBL-SE-PREORDER|MNAK2-MARBL-SE-SPECIAL|MNAK2-MARBL-SE|MNAK2-MARBL-SE-PRIVATE,31,0,0,0,0,0,0,0,23,5,8500.0,2023-10-11,2026-08-10,,0,0.0,0,0.0
Neo Image Matloga · Majakathata · 2021 Q3,10.08_Neoimage_Majakathata,Majakathata,6593251180643,NEOIM-MAJAK-PE,1,0,0,0,0,0,0,0,1,0,750.0,2023-08-14,2023-08-14,,0,0.0,0,0.0
Neo Image Matloga · Multiple · 2023 Q3,2023.06_Artist bags_CL,Artist Bag (Neo Image Matloga),8519918027090,NEOIM-LIMIT-CL|NEOIM-LIMIT-CL-GIFT,17,1,0,0,0,0,0,0,1,0,99.0,2023-08-03,2026-09-02,,0,0.0,0,0.0
Nicasio Fernandez · D.I.Y (Hand-finished) · 2022 Q4,22.10_NFernandez_D.I.YHF,D.I.Y (Hand-finished),6822174261347,NICFE-DIYHF-PE,1,0,0,0,0,0,0,0,1,0,4000.0,2023-07-06,2023-07-06,,1,0.0,0,0.0
Nigel Howlett · Multiple · 2022 Q1,22.03_NHowlett_FaceBeforeYouWereBorn,Submission,6724407361635,NHOWL-SUBMI-PE,0,0,1,1,0,0,0,0,0,0,3500.0,,,2026-01-12,0,0.0,0,0.0
Nigel Howlett · Multiple · 2022 Q1,22.03_NHowlett_FaceBeforeYouWereBorn,The Face Before You Were Born,6724405657699,NHOWL-BOOK2-CL,9,0,0,0,0,0,0,0,0,0,85.0,2023-03-26,2026-08-04,,0,0.0,0,0.0
Nigel Howlett · Multiple · 2022 Q1,22.03_NHowlett_FaceBeforeYouWereBorn,The Face Before You Were Born (Signed Collector's Edition),6724405198947,NHOWL-BOOK1-CL,1,0,0,0,0,0,0,0,0,0,250.0,2023-05-24,2023-05-24,,0,0.0,0,0.0
Okokume · Sumergidos · 2023 Q1,22.12_Okokume_Sumergidos,Sumergidos,6861330382947,OKOKU-SUMER-PE|OKOKU-SUMER-PE-INSIDERS|OKOKU-SUMER-PE-GALLERY|OKOKU-SUMER-PE-PREORDER,50,0,0,0,0,0,0,0,23,23,850.0,2023-01-06,2023-01-24,,0,0.0,0,0.0
"Oscar yi Hou · Coolieisms, aka: Born In The USA (Go And Kill The Yellow Man) · 2025 Q2",Oscaryi_Cool_25,"Coolieisms, aka: Born In The USA (Go And Kill The Yellow Man)",14978007662974,YIHOU-COOLI-PE-PRIVATE|YIHOU-COOLI-PE-DRAW|YIHOU-COOLI-PE-PREORDER,5,0,0,0,0,0,0,0,3,2,3500.0,2025-03-21,2025-04-22,,5,4.0,0,0.0
Other World · Dogs of War · 2025 Q2,OTHE2-DOGSD-PE,Dogs of War,14979797909886,OTHE2-DOGSD-PE-APSALE|OTHE2-DOGSD-PE-PREORDER|OTHE2-DOGSD-PE-DRAW|OTHE2-DOGSD-PE-ARTIST|OTHE2-DOGSD-PE-PRIVATE,26,0,0,0,0,0,0,0,18,8,2500.0,2025-03-21,2025-08-12,,26,12.0,0,0.0
Otis Kwame Kye Quaicoe · View of Yoei William · 2021 Q1,17.03_Otis_ViewWilliam,View of Yoei William,6545442111587,OTISQ-VYOEI-PE,1,0,0,0,0,0,0,0,1,0,6000.0,2023-05-02,2023-05-02,,0,0.0,0,0.0
Pablo Tomek · Multiple · 2023 Q2,2023.04_Pablo Tomek_OG,Shotgun 2,8343315513682,PTOME-SHOT2-WP,1,0,0,0,0,0,0,0,0,0,6000.0,2023-05-01,2023-05-01,,0,0.0,0,0.0
Paco Pomet · The Last Evening · 2019 Q2,26.04_PPomet_LastEvening,The Last Evening,3923112067171,POMET-EVENG-PE,3,0,0,0,0,0,0,0,0,0,900.0,2023-10-02,2026-06-04,,0,0.0,0,0.0
Parra · Multiple · 2022 Q3,22.09_PParra_Smoke,when the smoke clears,6814015291491,PARRA-SMOKE-PE|PARRA-SMOKE-PE-APSALE|PARRA-SMOKE-PE-APGIFT,8,0,0,0,0,0,0,0,8,0,250.0,2024-10-17,2026-05-06,,0,0.0,0,0.0
Parra · Multiple · 2024 Q4,PietParra_Repeat_24,FOUR WALLS,9677837861202,PARRA-FOURF-PE|PARRA-FOURF-PE-PREORDER|PARRA-FOURF-PE-INSIDERS|PARRA-FOURF-PE-DRAW|PARRA-FOURF-PE-PRIVATE,90,0,0,0,0,0,0,0,65,26,600.0,2024-10-01,2025-06-29,,90,23.0,0,0.0
Parra · Multiple · 2024 Q4,PietParra_Repeat_24,LOST KEYS,9677837828434,PARRA-2024P-PE-PRIVATE|PARRA-2024P-PE-INSIDERS|PARRA-2024P-PE-DRAW|PARRA-2024P-PE|PARRA-2024P-PE-APGIFT|PARRA-2024P-PE-PREORDER,91,0,0,0,0,0,0,0,32,59,600.0,2024-10-01,2025-01-14,,91,12.0,0,0.0
Parra · Multiple · 2024 Q4,PietParra_Repeat_24,LOST KEYS & FOUR WALLS,9715422724434,PARRA-DIPTY-PE-INSIDERS|PARRA-DIPTY-PE-DRAW|PARRA-DIPTY-PE-PRIVATE,61,0,0,0,0,0,0,0,53,8,1200.0,2024-10-05,2024-10-25,,61,13.0,0,0.0
Parra · Multiple · 2025 Q3,PietParra_Dip_25,HOME BOUND,15400889680254,PARRA-HOMEH-TL|PARRA-HOMEH-TL-SPECIAL|PARRA-HOMEH-TL-PREORDER|PARRA-HOMEH-TL-POSTRELEASE|PARRA-HOMEH-TL-PRIVATE,68,0,0,0,0,0,0,0,3,27,500.0,2025-07-24,2025-08-20,,68,24.0,0,0.0
Parra · Multiple · 2025 Q3,PietParra_Dip_25,PLAY STUPID GAMES,15400631402878,PARRA-PLAYP-TL-PREORDER|PARRA-PLAYP-TL-PRIVATE|PARRA-PLAYP-TL|PARRA-PLAYP-TL-SPECIAL|PARRA-PLAYP-TL-POSTRELEASE,92,0,0,0,0,0,0,0,4,40,500.0,2025-07-17,2025-08-20,2026-03-19,92,27.0,0,0.0
Parra · Multiple · 2025 Q3,PietParra_Dip_25,PLAY STUPID GAMES & HOME BOUND,15418152616318,PARRA-PAIRP-TL-PRIVATE|PARRA-PAIRP-TL|PARRA-PAIRP-TL-SPECIAL,71,0,0,0,0,0,0,0,3,44,1000.0,2025-06-16,2025-07-31,,71,31.0,0,0.0
Parra · Multiple · 2026 Q3,Parra_LE_26,il senso di colpa,16001122632062|16015311929726,PARRA-SENSO-PE-DRAW|PARRA-SENSO-PE-PRIVATE|PARRA-SENSO-PE-PREORDER,148,0,1,1,0,3,0,0,102,46,650.0,2026-07-29,2026-08-21,2026-08-21,148,59.0,3,2.0
Parra · Multiple · 2026 Q3,Parra_LE_26,in your detached world,16001122599294|16015311831422,PARRA-DETAC-PE-DRAW|PARRA-DETAC-PE-PREORDER|PARRA-DETAC-PE-PRIVATE,149,0,3,3,0,2,0,0,119,30,650.0,2026-07-29,2026-08-21,2026-08-21,149,64.0,2,2.0
Patrick Quarm · Multiple · 2022 Q1,22.04_PQuarm_Twilight,Twilight (Blue),6708451967075,QUARM-TWILB-PE,1,0,0,0,0,0,0,0,0,1,3500.0,2025-02-02,2025-02-02,,1,0.0,0,0.0
Patrick Quarm · Multiple · 2022 Q1,22.04_PQuarm_Twilight,Twilight (Yellow),6704389521507,QUARM-TWILY-PE,1,0,0,0,0,0,0,0,0,0,3500.0,2026-04-15,2026-04-15,,1,0.0,0,0.0
Paul Insect · Christmas Tree Baubles · 2022 Q4,22.12_PInsect_Baubles,Christmas Tree Baubles,6858284171363,PINSE-BAUBL-SE,20,0,0,0,0,0,0,0,5,0,500.0,2023-02-08,2025-11-29,,0,0.0,0,0.0
Paul Insect · Multiple · 2021 Q4,21.11_PInsect_AmsterdamShow,"6. Paul Insect Studio, 2021",6671351021667,PINSE-POLAR-OG,1,0,0,0,0,0,0,0,0,1,350.0,2023-06-16,2023-06-16,,0,0.0,0,0.0
Paul Insect · Multiple · 2021 Q4,21.11_PInsect_AmsterdamShow,"Paul Insect - Sweet Jar 2, 2021",6668721029219,PINSE-GLASS-OG,1,0,0,0,0,0,0,0,1,0,16000.0,2024-10-17,2024-10-17,,0,0.0,0,0.0
Paul Insect · Multiple · 2021 Q4,21.11_PInsect_AmsterdamShow,"Paul Insect - Sweet Jar 3, 2021",6668721324131,PINSE-GLASS-OG,1,0,0,0,0,0,0,0,1,0,18000.0,2024-10-17,2024-10-17,,0,0.0,0,0.0
Paul Insect · Multiple · 2021 Q4,21.11_PInsect_AmsterdamShow,"Paul Insect - Sweet Jar 4, 2021",6668721487971,PINSE-GLASS-OG,1,0,0,0,0,0,0,0,1,0,14000.0,2024-10-17,2024-10-17,,0,0.0,0,0.0
Paul Insect · Multiple · 2021 Q4,21.11_PInsect_AmsterdamShow,"Paul Insect - Sweet Jar 5, 2021",6668721651811,PINSE-GLASS-OG,1,0,0,0,0,0,0,0,1,0,14000.0,2024-10-17,2024-10-17,,0,0.0,0,0.0
Paul Insect · Multiple · 2021 Q4,21.11_PInsect_AmsterdamShow,Personal Effects Show Card - Pink,6668368904291,PINSE-SHOWC-PE-2,1,0,0,0,0,0,0,0,1,0,300.0,2023-04-12,2023-04-12,,0,0.0,0,0.0
Paul Insect · Multiple · 2021 Q4,21.11_PInsect_AmsterdamShow,"Sweet Jar 6, 2021",6668721946723,PINSE-GLASS-OG,1,0,0,0,0,0,0,0,1,0,18000.0,2024-10-17,2024-10-17,,0,0.0,0,0.0
Paul Insect · Multiple · 2024 Q3,PaulInsec_JunkShop_24,Something Forbidden (Blue),9257836609874,PINSE-STD24-PE-DRAW|PINSE-STD24-PE-PREORDER|PINSE-STD24-PE-PRIVATE,69,0,2,2,0,0,0,0,50,18,1900.0,2024-07-10,2024-11-06,2026-01-12,69,22.0,0,0.0
Paul Insect · Multiple · 2024 Q3,PaulInsec_JunkShop_24,Something Forbidden (Gold),9257836511570,PINSE-SPC24-PE-PREORDER|PINSE-SPC24-PE-DRAW,23,0,0,0,0,0,0,0,17,6,2400.0,2024-07-11,2024-07-30,,23,9.0,0,0.0
Paul Insect · Multiple · 2024 Q3,PaulInsec_JunkShop_24,Something forbidden (Blue),9257836609874,PINSE-STD24-PE-PREORDER,1,0,0,0,0,0,0,0,1,0,1900.0,2024-07-01,2024-07-01,,1,0.0,0,0.0
Paul Insect · Multiple · 2024 Q3,PaulInsec_JunkShop_24,Something forbidden (Gold),9257836511570,PINSE-SPC24-PE-PREORDER,2,0,0,0,0,0,0,0,2,0,2400.0,2024-06-27,2024-07-08,,2,0.0,0,0.0
Paul Insect · Prismatic Visions · 2026 Q2,Paulnsect_Repeat_25,Prismatic Visions,15837278142846,PINS1-PRI26-PE-PREORDER|PINS1-PRI26-PE-PRIVATE|PINS1-PRI26-PE-DRAW,50,0,0,0,0,6,0,0,45,5,2000.0,2026-04-05,2026-05-06,2026-04-28,50,31.0,6,4.0
Paul Insect · The Observer 1 AP · 2021 Q1,21.01_PInsect_Observer/Reflection1,The Observer 1 AP,14902333538686,PINSE-OBSV1-PE,1,0,0,0,0,0,0,0,1,0,650.0,2025-01-20,2025-01-20,,0,0.0,0,0.0
Paul Insect · The Reflection (Blue) · 2021 Q1,21.01_PInsect_ReflectionBlue,The Reflection (Blue),4775295975523,PINSE-REFBL-PE,1,0,0,0,0,0,0,0,1,0,2250.0,2025-07-24,2025-07-24,,0,0.0,0,0.0
Paul Insect · The Reflection (Red) · 2021 Q1,21.01_PInsect_ReflectionRed,The Reflection (Red),4775298531427,PINSE-REFRE-PE,1,0,0,0,0,0,0,0,1,0,3700.0,2025-01-06,2025-01-06,,0,0.0,0,0.0
Pejac · Multiple · 2024 Q3,Pejac_1000Print_24,HOPE (1-125),9245690167634,PEJAC-HOPE1-PE-PREORDER|PEJAC-HOPE1-PE-DRAW|PEJAC-HOPE1-PE,25,0,0,0,0,0,0,0,25,0,150.0,2024-07-12,2024-07-23,,25,12.0,0,0.0
Pejac · Multiple · 2024 Q3,Pejac_1000Print_24,HOPE (126-250),9247734464850,PEJAC-HOPE2-PE-DRAW|PEJAC-HOPE2-PE-PREORDER,125,0,0,0,0,0,0,0,124,0,500.0,2024-07-03,2024-07-26,,125,7.0,0,0.0
Pejac · Multiple · 2024 Q3,Pejac_1000Print_24,HOPE (251-375),9247996739922,PEJAC-HOPE3-PE-DRAW|PEJAC-HOPE3-PE-PREORDER,125,0,0,0,0,0,0,0,124,0,850.0,2024-07-03,2024-10-22,,125,15.0,0,0.0
Pejac · Multiple · 2024 Q3,Pejac_1000Print_24,HOPE (376-500),9248153141586,PEJAC-HOPE4-PE-PREORDER|PEJAC-HOPE4-PE-DRAW,25,0,0,0,0,0,0,0,25,0,1200.0,2024-07-08,2024-07-19,,25,4.0,0,0.0
Pejac · Multiple · 2024 Q3,Pejac_1000Print_24,HOPE (501-625),9256556495186,PEJAC-HOPE5-PE-PREORDER|PEJAC-HOPE5-PE-DRAW,125,0,0,0,0,0,0,0,125,0,1550.0,2024-07-03,2024-07-24,,125,21.0,0,0.0
Pejac · Multiple · 2024 Q3,Pejac_1000Print_24,HOPE (626-750),9256741044562,PEJAC-HOPE6-PE-PREORDER|PEJAC-HOPE6-PE-DRAW,125,0,0,0,0,0,0,0,125,0,1900.0,2024-06-28,2024-07-29,,125,26.0,0,0.0
Pejac · Multiple · 2024 Q3,Pejac_1000Print_24,HOPE (751-875),9256815296850,PEJAC-HOP7-PE-PREORDER|PEJAC-HOP7-PE-DRAW,125,0,0,0,0,0,0,0,125,0,2250.0,2024-07-02,2024-10-22,,125,23.0,0,0.0
Pejac · Multiple · 2024 Q3,Pejac_1000Print_24,HOPE (876-1000),9256865792338,PEJAC-HOPE8-PE-PREORDER|PEJAC-HOPE8-PE-APSALE|PEJAC-HOPE8-PE-DRAW,27,0,1,0,0,0,0,0,27,0,3000.0,2024-06-28,2026-04-11,2026-04-02,27,8.0,0,0.0
Pejac · Multiple · 2024 Q3,Pejac_1000Print_24,HOPE (Triptych),9256921956690,PEJAC-TRIPT-PE-ARTIST|PEJAC-TRIPT-PE-PREORDER,99,1,0,0,0,0,0,0,89,11,4350.0,2024-06-28,2024-10-31,,99,17.0,0,0.0
Pejac · Multiple · 2026 Q1,Pejac_Repeat_26,SELF-DEFENCE 10am,15712471482750,PEJAC-SELF3-PE-DRAW,17,0,0,0,0,2,0,0,17,0,3000.0,2026-02-03,2026-02-06,2026-02-03,17,7.0,2,1.0
Pejac · Multiple · 2026 Q1,Pejac_Repeat_26,SELF-DEFENCE 10am (Special Edition),15712470794622,PEJAC-SPEC2-HP-DRAW,1,0,0,0,0,0,0,0,1,0,6000.0,2026-02-03,2026-02-03,2026-02-03,1,1.0,0,0.0
Pejac · Multiple · 2026 Q1,Pejac_Repeat_26,SELF-DEFENCE 11am,15712468468094,PEJAC-SELF2-PE-DRAW,14,0,0,0,0,1,0,0,14,0,3000.0,2026-02-03,2026-02-03,2026-02-03,14,6.0,1,1.0
Pejac · Multiple · 2026 Q1,Pejac_Repeat_26,SELF-DEFENCE 11am (Special Edition),15712470892926,PEJAC-SPEC1-HP-DRAW,1,0,0,0,0,0,0,0,1,0,6000.0,2026-02-03,2026-02-03,2026-02-03,1,1.0,0,0.0
Pejac · Multiple · 2026 Q1,Pejac_Repeat_26,SELF-DEFENCE 12pm,15712468435326,PEJAC-SELF1-PE-DRAW,9,0,0,0,0,2,0,0,9,0,3000.0,2026-02-03,2026-02-04,2026-02-03,9,4.0,2,0.0
Pejac · Multiple · 2026 Q1,Pejac_Repeat_26,SELF-DEFENCE 12pm (Special Edition),15712468599166,PEJAC-SPECI-HP-DRAW,1,0,0,0,0,0,0,0,1,0,6000.0,2026-02-03,2026-02-03,2026-02-03,1,1.0,0,0.0
Pejac · Multiple · 2026 Q1,Pejac_Repeat_26,SELF-DEFENCE 1am,15712470958462,PEJAC-SEL12-PE-DRAW|PEJAC-SEL12-PE-APSALE,5,0,0,0,0,0,0,0,5,0,3000.0,2026-01-27,2026-09-21,2026-02-06,5,0.0,0,0.0
Pejac · Multiple · 2026 Q1,Pejac_Repeat_26,SELF-DEFENCE 1am (Special Edition),15712472760702,PEJAC-SPE11-HP-DRAW,1,0,0,0,0,0,0,0,1,0,6000.0,2026-02-06,2026-02-06,2026-02-06,1,1.0,0,0.0
Pejac · Multiple · 2026 Q1,Pejac_Repeat_26,SELF-DEFENCE 2am,15712471023998,PEJAC-SEL11-PE-DRAW,2,0,0,0,0,0,0,0,2,0,3000.0,2026-02-06,2026-02-06,2026-02-24,2,0.0,0,0.0
Pejac · Multiple · 2026 Q1,Pejac_Repeat_26,SELF-DEFENCE 2am (Special Edition),15712472859006,PEJAC-SPE10-HP-PREORDER|PEJAC-SPE10-HP-DRAW,2,0,0,0,0,0,0,0,2,0,6000.0,2026-02-06,2026-02-20,2026-02-06,2,1.0,0,0.0
Pejac · Multiple · 2026 Q1,Pejac_Repeat_26,SELF-DEFENCE 3am,15712471056766,PEJAC-SEL10-PE-DRAW,3,0,0,0,0,0,0,0,3,0,3000.0,2026-02-06,2026-02-06,2026-02-05,3,0.0,0,0.0
Pejac · Multiple · 2026 Q1,Pejac_Repeat_26,SELF-DEFENCE 3am (Special Edition),15712472891774,PEJAC-SPEC9-HP-DRAW|PEJAC-SPEC9-HP-PREORDER,2,0,0,0,0,0,0,0,2,0,6000.0,2026-02-06,2026-04-03,2026-02-06,2,2.0,0,0.0
Pejac · Multiple · 2026 Q1,Pejac_Repeat_26,SELF-DEFENCE 4am,15712471122302,PEJAC-SELF9-PE-DRAW,4,0,0,0,0,0,0,0,4,0,3000.0,2026-02-05,2026-02-05,2026-02-04,4,0.0,0,0.0
Pejac · Multiple · 2026 Q1,Pejac_Repeat_26,SELF-DEFENCE 4am (Special Edition),15712472957310,PEJAC-SPEC8-HP-DRAW|PEJAC-SPEC8-HP-PREORDER,2,0,0,0,0,0,0,0,2,0,6000.0,2026-02-05,2026-03-31,2026-02-25,2,1.0,0,0.0
Pejac · Multiple · 2026 Q1,Pejac_Repeat_26,SELF-DEFENCE 5am,15712471155070,PEJAC-SELF8-PE-DRAW,4,0,0,0,0,0,0,0,4,0,3000.0,2026-02-05,2026-02-05,2026-02-04,4,1.0,0,0.0
Pejac · Multiple · 2026 Q1,Pejac_Repeat_26,SELF-DEFENCE 5am (Special Edition),15712473022846,PEJAC-SPEC7-HP-PREORDER|PEJAC-SPEC7-HP-DRAW,2,0,0,0,0,0,0,0,2,0,6000.0,2026-02-05,2026-02-24,2026-02-05,2,2.0,0,0.0
Pejac · Multiple · 2026 Q1,Pejac_Repeat_26,SELF-DEFENCE 6am,15712471220606,PEJAC-SELF7-PE-DRAW,4,0,0,0,0,0,0,0,4,0,3000.0,2026-02-05,2026-02-09,2026-02-04,4,4.0,0,0.0
Pejac · Multiple · 2026 Q1,Pejac_Repeat_26,SELF-DEFENCE 6am (Special Edition),15712470565246,PEJAC-SPEC6-HP-PREORDER|PEJAC-SPEC6-HP-DRAW,1,0,0,0,0,0,0,0,1,0,6000.0,2026-02-05,2026-02-05,2026-02-23,1,1.0,0,0.0
Pejac · Multiple · 2026 Q1,Pejac_Repeat_26,SELF-DEFENCE 7am,15712471318910,PEJAC-SELF6-PE-DRAW,11,0,0,0,0,3,0,0,11,0,3000.0,2026-02-04,2026-02-05,2026-04-21,11,7.0,3,2.0
Pejac · Multiple · 2026 Q1,Pejac_Repeat_26,SELF-DEFENCE 7am (Special Edition),15712470630782,PEJAC-SPEC5-HP-DRAW,1,0,0,0,0,0,0,0,1,0,6000.0,2026-02-04,2026-02-04,2026-02-04,1,1.0,0,0.0
Pejac · Multiple · 2026 Q1,Pejac_Repeat_26,SELF-DEFENCE 8am,15712471384446,PEJAC-SELF5-PE-DRAW,6,0,0,0,0,3,0,0,6,0,3000.0,2026-02-04,2026-02-04,2026-02-03,6,4.0,3,1.0
Pejac · Multiple · 2026 Q1,Pejac_Repeat_26,SELF-DEFENCE 8am (Special Edition),15712470696318,PEJAC-SPEC4-HP-DRAW,1,0,0,0,0,0,0,0,1,0,6000.0,2026-02-04,2026-02-04,2026-02-04,1,1.0,0,0.0
Pejac · Multiple · 2026 Q1,Pejac_Repeat_26,SELF-DEFENCE 9am,15712471417214,PEJAC-SELF4-PE-DRAW,2,0,0,0,0,0,0,0,2,0,3000.0,2026-02-04,2026-02-05,2026-02-04,2,1.0,0,0.0
Pejac · Multiple · 2026 Q1,Pejac_Repeat_26,SELF-DEFENCE 9am (Special Edition),15712470729086,PEJAC-SPEC3-HP-DRAW,1,0,0,0,0,0,0,0,1,0,6000.0,2026-02-04,2026-02-04,2026-02-04,1,1.0,0,0.0
Pejac · Multiple · 2026 Q1,Pejac_Repeat_26,SELF-DEFENCE Set: Northern Lights,15712468533630,PEJAC-TRIO1-HP-PREORDER,19,0,1,1,0,0,0,0,19,0,12000.0,2026-01-21,2026-02-06,2026-02-04,19,6.0,0,0.0
Peter Halley · Rising High II · 2024 Q2,2023.09_Peter Halley_PE,Rising High II,8838474203474,PETER-GALA2-PE-PRIVATE|PETER-GALA2-PE-DRAW|PETER-GALA2-PE-PREORDER|PETER-GALA2-PE,36,3,0,0,0,0,0,0,33,1,4000.0,2024-04-25,2025-11-04,,0,0.0,0,0.0
Piet Mondrian Estate · Multiple · 2026 Q3,PietMondrian_LE_26,"Composition with Large Red Plane, Yellow, Black, Gray, and Blue",15998924685694|16002869002622,PIETM-COMP1-PE-PREORDER|PIETM-COMP1-PE-DRAW|PIETM-COMP1-PE-PRIVATE,297,0,3,2,0,2,0,0,240,55,500.0,2026-07-22,2026-09-12,2026-09-04,297,195.0,2,2.0
Piet Mondrian Estate · Multiple · 2026 Q3,PietMondrian_LE_26,"Composition with Red, Yellow, Black, Blue, and Gray",16002868904318|15998924652926,PIETM-COMP2-PE-PREORDER|PIETM-COMP2-PE-PRIVATE|PIETM-COMP2-PE-DRAW,293,0,2,1,0,0,0,0,234,54,500.0,2026-07-22,2026-09-23,2026-08-20,293,195.0,0,0.0
Piet Mondrian Estate · Multiple · 2026 Q3,PietMondrian_LE_26,"Tableau No.1 with Red, Blue, Yellow, Black, and Gray",15998924718462|16002868937086,PIETM-TABLE-PE-DRAW|PIETM-TABLE-PE-PRIVATE|PIETM-TABLE-PE-PREORDER,299,0,1,1,0,2,0,0,226,70,500.0,2026-07-22,2026-09-23,2026-08-24,299,204.0,2,1.0
Prune Nourry · Mater Earth · 2023 Q1,2023.03_Prune Nourry_PE,Mater Earth,6828138889315,PRUNE-MATER-PE-PREORDER|PRUNE-MATER-PE-PUBLIC,14,0,0,0,0,0,0,0,6,0,850.0,2023-01-31,2023-03-29,,0,0.0,0,0.0
Robert Longo · Multiple · 2025 Q2,RobertLon_MenIn_25,"Untitled (Eric, from the series “Men in the Cities”)",15013336678782,LONGO-UNTIT-TL-PRIVATE|LONGO-UNTIT-TL-PREORDER|LONGO-UNTIT-TL-APGIFT|LONGO-UNTIT-TL-DRAW|LONGO-UNTIT-TL|LONGO-UNTIT-TL-LOUISIANA|LONGO-UNTIT-TL-INSIDERS,1082,0,2,0,0,0,0,0,128,360,750.0,2025-04-01,2026-09-08,2025-12-05,1082,336.0,0,0.0
Robert Longo · Multiple · 2025 Q2,RobertLon_MenIn_25,"Untitled (Eric, from the series “Men in the Cities”) & Untitled (Falling Flag)",15013446386046,LONGO-PAIR2-TL-ARTIST|LONGO-PAIR2-TL-PREORDER|LONGO-PAIR2-TL-INSIDERS|LONGO-PAIR2-TL-PRIVATE|LONGO-PAIR2-TL,191,0,0,0,0,0,0,0,30,88,1350.0,2025-04-01,2025-08-28,,191,52.0,0,0.0
Robert Longo · Multiple · 2025 Q2,RobertLon_MenIn_25,Untitled (Falling Flag),15013402673534,LONGO-UNTI2-TL-PREORDER|LONGO-UNTI2-TL-APGIFT|LONGO-UNTI2-TL-APSALE|LONGO-UNTI2-TL-LOUISIANA|LONGO-UNTI2-TL-INSIDERS|LONGO-UNTI2-TL-PRIVATE|LONGO-UNTI2-TL,234,0,0,0,0,0,0,0,38,41,750.0,2025-04-03,2026-08-13,,234,62.0,0,0.0
"Robert Longo · Untitled (Sandy, from the series “Men in the Cities”) · 2026 Q3",RobertLongo_LE_26,"Untitled (Sandy, from the series “Men in the Cities”)",16058079281534,LONG1-SANDY-PE-ERIC|LONG1-SANDY-PE-PRIVATE|LONG1-SANDY-PE-DRAW|LONG1-SANDY-PE-PREORDER,62,0,4,3,0,18,0,0,34,28,5200.0,2026-09-03,2026-09-23,2026-09-21,62,42.0,18,15.0
Roby Dwi Antono · CLEMENTINE · 2023 Q4,23.06_RobyDwiAntono_PE,CLEMENTINE,8573139845458,ROBYD-CLEME-SE-DRAW|ROBYD-CLEME-SE-PREORDER|ROBYD-CLEME-SE-INSIDERS,42,0,0,0,0,0,0,0,41,1,5000.0,2023-10-09,2023-11-13,,0,0.0,0,0.0
Roby Dwi Antono · HAYU · 2023 Q1,11.01_RobyDwiAntono_HFPE,HAYU,6875631550563,ROBYD-HAYU1-PE-2|ROBYD-HAYU-PE-2|ROBYD-HAYU-PE|ROBYD-HAYU1-PE-PREORDER|ROBYD-HAYU1-PE-DISCORD,50,0,0,0,0,0,0,0,29,5,3250.0,2022-12-16,2023-02-23,,0,0.0,0,0.0
Roby Dwi Antono · KIRA (Black) · 2021 Q4,21.10_RDAntono_KIRA Black,KIRA (Black),6626368225379,ROBYD-KIRAB-SE,1,0,0,0,0,0,0,0,1,0,4000.0,2025-02-13,2025-02-13,,0,0.0,0,0.0
Roby Dwi Antono · KIRA (Burnished Gold) · 2021 Q4,21.10_RDAntono_KIRA BGold,KIRA (Burnished Gold),6626338406499,ROBYD-KIRAG-SE,2,0,0,0,0,0,0,0,2,0,4000.0,2025-08-23,2025-11-07,,0,0.0,0,0.0
Roby Dwi Antono · Multiple · 2022 Q2,22.06_RDAntonoto_4xPRINTS,BULAN,6762887446627,ROBYD-BULAA-PE-PRIVATE,3,0,0,0,0,0,0,0,2,1,750.0,2023-08-10,2024-05-29,,0,0.0,0,0.0
Roby Dwi Antono · Multiple · 2022 Q2,22.06_RDAntonoto_4xPRINTS,CLARA,6762887282787,ROBYD-CLARA-PE,2,0,0,0,0,0,0,0,2,0,750.0,2023-02-27,2023-03-28,,0,0.0,0,0.0
Roby Dwi Antono · Multiple · 2022 Q2,22.06_RDAntonoto_4xPRINTS,KINASIH,6762888200291,ROBYD-KINAS-PE-PRIVATE,1,0,0,0,0,0,0,0,0,1,750.0,2023-08-10,2023-08-10,,0,0.0,0,0.0
Roby Dwi Antono · Multiple · 2022 Q2,22.06_RDAntonoto_4xPRINTS,OKTA,6762888396899,ROBYD-OKTAA-PE-COLLECTIVE,1,0,0,0,0,0,0,0,1,0,750.0,2023-03-11,2023-03-11,,0,0.0,0,0.0
Rooo Lou · Earnest · 2023 Q2,2023.04_Rooo Lou_PE,Earnest,6895375810659,ROOLO-EARNE-PE-INSIDERS|ROOLO-EARNE-PE|ROOLO-EARNE-PE-PREORDER,30,0,0,0,0,0,0,0,12,1,500.0,2023-03-07,2023-12-07,,0,0.0,0,0.0
SETH · Little Sower · 2023 Q4,2023.11_Seth Globepa_SE,Little Sower,8529278959954,GLOBE-LITTL-SE-PREORDER|GLOBE-LITTL-SE|GLOBE-LITTL-SE-ARTIST,35,1,0,0,0,0,0,0,27,2,3000.0,2023-10-17,2023-11-02,,0,0.0,0,0.0
Salvador Dali Estate · Multiple · 2026 Q3,SalvadorDali_LE_26,Millet's Architectonic Angelus,16050406130046|15993892209022,SDALI-ANGEL-PE-DRAW|SDALI-ANGEL-PE-PRIVATE|SDALI-ANGEL-PE-PREORDER,391,0,2,1,0,1,0,0,374,17,500.0,2026-08-19,2026-09-21,2026-09-14,391,237.0,1,1.0
Salvador Dali Estate · Multiple · 2026 Q3,SalvadorDali_LE_26,The Phantom Cart,16050409406846|15993892241790,SDALI-PHANT-PE-PRIVATE|SDALI-PHANT-PE-DRAW|SDALI-PHANT-PE-PREORDER,394,0,2,1,0,0,0,0,385,9,500.0,2026-08-19,2026-09-23,2026-09-14,394,262.0,0,0.0
Salvador Dali Estate · Multiple · 2026 Q3,SalvadorDali_LE_26,The Spectre of Sex Appeal,15993892274558|16050408161662,SDALI-SEXAP-PE-PREORDER|SDALI-SEXAP-PE-PRIVATE|SDALI-SEXAP-PE-DRAW|SDALI-SEXAP-PE-POSTRELEASE,305,0,3,2,0,68,0,0,292,13,500.0,2026-08-19,2026-09-22,2026-09-14,305,130.0,68,29.0
Sarah Morris · Industry (Spiderweb) · 2023 Q2,2023.04_Sarah Morris_PE,Industry (Spiderweb),6795203051619,SMORR-INDUS-PE|SMORR-INDUS-PE-PREORDER,3,0,0,0,0,0,0,0,2,0,3500.0,2022-09-06,2026-01-15,,3,1.0,0,0.0
Sayre Gomez · America's Tire · 2025 Q2,SayreGome_America_25,America's Tire,14983632617854,SGOM1-AMERI-PE-PRIVATE|SGOM1-AMERI-PE-DRAW|SGOM1-AMERI-PE|SGOM1-AMERI-PE-PREORDER,14,0,0,0,0,0,0,0,9,1,2000.0,2025-03-28,2026-07-04,,14,6.0,0,0.0
Scott Kahn · INGERSOLL'S BRANCH · 2022 Q4,22.10_SKahn_Ingersoll's,INGERSOLL'S BRANCH,6814863196259,SKAHN-BRNCH-PE-PUBLIC|SKAHN-BRNCH-PE-PREORDER,2,0,0,0,0,0,0,0,2,0,12000.0,2023-06-26,2024-12-03,,2,1.0,0,0.0
Shigeki Matsuyama · Multiple · 2023 Q2,2023.05_Shigeki Mats_PE,Portrait of dazzle #150,8443442102610,SHIGK-DAZZL-OG,1,0,0,0,0,0,0,0,1,0,4800.0,2023-05-16,2023-05-16,,0,0.0,0,0.0
Shirin Neshat · Multiple · 2025 Q1,ShirinNes_TL_25,Quartet,14897215570302,NESHA-WOME3-TL-PRIVATE|NESHA-WOME3-TL|NESHA-WOME3-TL-PREORDER,26,1,0,0,0,0,0,0,1,4,2400.0,2025-02-06,2025-07-29,,26,8.0,0,0.0
Shirin Neshat · Multiple · 2025 Q1,ShirinNes_TL_25,Unveiling Diptych,14897204461950,NESHA-UNVE3-TL-PRIVATE|NESHA-UNVE3-TL|NESHA-UNVE3-TL-PREORDER,67,0,0,0,0,0,0,0,2,12,1520.0,2025-02-10,2025-02-28,,67,19.0,0,0.0
Shirin Neshat · Multiple · 2025 Q1,ShirinNes_TL_25,"Unveiling series #1, 1993",14897158652286,NESHA-UNVEI-TL-PRIVATE|NESHA-UNVEI-TL|NESHA-UNVEI-TL-INSIDERS,155,0,0,0,0,0,0,0,9,47,800.0,2025-02-25,2026-07-14,,155,32.0,0,0.0
Shirin Neshat · Multiple · 2025 Q1,ShirinNes_TL_25,"Unveiling series #1, 1993 & Unveiling series #2, 1993",14897204461950,NESHA-UNVE3-TL-PREORDER,3,0,0,0,0,0,0,0,3,0,1520.0,2025-01-27,2025-02-03,,3,0.0,0,0.0
Shirin Neshat · Multiple · 2025 Q1,ShirinNes_TL_25,"Unveiling series #1, 1993 & Unveiling series #2, 1993 & Women Without Men #1, 2009 & Women Without Men #2, 2009",14897215570302,NESHA-WOME3-TL-PREORDER,1,0,0,0,0,0,0,0,1,0,2400.0,2025-01-22,2025-01-22,,1,0.0,0,0.0
Shirin Neshat · Multiple · 2025 Q1,ShirinNes_TL_25,"Unveiling series #2, 1993",14897158586750,NESHA-UNVE2-TL-PRIVATE|NESHA-UNVE2-TL|NESHA-UNVE2-TL-INSIDERS,58,0,0,0,0,0,0,0,6,13,800.0,2025-02-25,2026-01-26,,58,21.0,0,0.0
Shirin Neshat · Multiple · 2025 Q1,ShirinNes_TL_25,"Women Without Men #1, 2009",14897115758974,NESHA-WOMEN-TL-PRIVATE|NESHA-WOMEN-TL|NESHA-WOMEN-TL-APSALE|NESHA-WOMEN-TL-PREORDER,65,0,1,1,0,0,0,0,5,10,500.0,2025-02-25,2026-02-23,2025-05-20,65,19.0,0,0.0
Shirin Neshat · Multiple · 2025 Q1,ShirinNes_TL_25,"Women Without Men #2, 2009",14897115693438,NESHA-WOMN2-TL-PRIVATE|NESHA-WOMN2-TL|NESHA-WOMN2-TL-APSALE,64,0,0,0,0,0,0,0,6,14,500.0,2025-02-25,2026-02-25,,64,18.0,0,0.0
Shirin Neshat · Multiple · 2025 Q1,ShirinNes_TL_25,Women Without Men Diptych,14897185325438,NESHA-WOME2-TL|NESHA-WOME2-TL-PRIVATE,25,0,0,0,0,0,0,0,0,6,950.0,2025-02-25,2025-02-28,2026-02-23,25,10.0,0,0.0
Shirin Neshat · Multiple · 2026 Q2,ShirinNeshat_TL_26,"Fervor, 2000",15831336943998,NESH1-FERVO-TL-PREORDER|NESH1-FERVO-TL|NESH1-FERVO-TL-PRIVATE|NESH1-FERVO-TL-POSTRELEASE,41,0,0,0,0,0,0,0,4,9,500.0,2026-04-09,2026-06-19,2026-05-06,41,16.0,0,0.0
Shirin Neshat · Multiple · 2026 Q2,ShirinNeshat_TL_26,"Untitled (Chest), from Unveiling series, 1993",15831337009534,NESH1-CHEST-TL-POSTRELEASE|NESH1-CHEST-TL|NESH1-CHEST-TL-PRIVATE|NESH1-CHEST-TL-PREORDER,93,0,1,1,0,0,0,0,5,40,800.0,2026-04-21,2026-07-16,2026-07-15,93,45.5,0,0.0
Shirin Neshat · Multiple · 2026 Q2,ShirinNeshat_TL_26,"Untitled from Women of Allah series, 1994",15831337075070,NESH1-ALLAH-TL-INSIDERS|NESH1-ALLAH-TL|NESH1-ALLAH-TL-POSTRELEASE|NESH1-ALLAH-TL-PRIVATE|NESH1-ALLAH-TL-PREORDER,135,0,0,0,0,0,0,0,17,46,800.0,2026-04-10,2026-07-16,2026-05-05,135,49.5,0,0.0
Shirin Neshat · Multiple · 2026 Q2,ShirinNeshat_TL_26,"Untitled, from Unveiling series, 1993",15831337107838,NESH1-VEILL-TL-POSTRELEASE|NESH1-VEILL-TL|NESH1-VEILL-TL-PREORDER|NESH1-VEILL-TL-PRIVATE,66,0,1,0,0,0,0,0,4,19,800.0,2026-04-24,2026-07-16,2026-06-16,66,26.0,0,0.0
Slawn · Ugly Bastard · 2024 Q3,Slawn_UglyBast_24,Ugly Bastard,8909239419218,SLAWN-COLLE-CL-DRAW|SLAWN-COLLE-CL-PRIVATE|SLAWN-COLLE-CL-PREORDER,96,0,1,1,0,0,0,0,96,0,950.0,2024-07-18,2024-12-13,2025-03-18,0,0.0,0,0.0
Snowfro · Chromie Squiggle #8107 · 2023 Q4,2023_Snowfro_TL,Chromie Squiggle #8107,8628286718290,CALDE-NFTTL-TL-MISSOUT|CALDE-NFTTL-TL-APGIFT|CALDE-NFTTL-TL,268,0,0,0,0,0,0,0,11,0,350.0,2023-12-07,2026-01-01,,268,133.0,0,0.0
So Youn Lee · Ready? · 2023 Q4,2023.11_So Youn Lee_PE,Ready?,8558358364498,YOUNL-READY-PE-FORUM|YOUNL-READY-PE|YOUNL-READY-PE-INSIDERS|YOUNL-READY-PE-PREORDER,51,0,0,0,0,0,0,0,4,3,550.0,2023-09-19,2025-09-19,,51,11.0,0,0.0
Sola Olulode · Laying in the Grass (Hand-finished) · 2021 Q4,14.10_SOlulode_LayingInTheGrass,Laying in the Grass (Hand-finished),6642314903651,SOLAO-GRASS-PE,5,0,0,0,0,0,0,0,0,0,800.0,2023-03-14,2025-03-12,,0,0.0,0,0.0
Stickymonger · Multiple · 2022 Q2,22.05_Stickymonger_Tondos,Midnight Ride,6734813102179,STICK-MIDNI-PE-3,1,0,0,0,0,0,0,0,1,0,1500.0,2024-05-22,2024-05-22,,0,0.0,0,0.0
Stickymonger · Multiple · 2022 Q2,22.05_Stickymonger_Tondos,Waiting - West 4th,6734813757539,STICK-WAITW-PE-3,1,0,0,0,0,0,0,0,1,0,1500.0,2024-05-22,2024-05-22,,0,0.0,0,0.0
"Stickymonger · Obsession, No Joke · 2021 Q1",27.01_StickyM_NoJoke,"Obsession, No Joke",4780315443299,STICK-NOJOK-PE,1,0,0,0,0,0,0,0,1,0,700.0,2023-05-18,2023-05-18,,0,0.0,0,0.0
Susumu Kamijo · The Sinner at Dusk · 2021 Q1,17.02_SKamijo_SinnerAtDusk,The Sinner at Dusk,4788850524259,KAMIJ-SINNR-SE,1,0,0,0,0,0,0,0,1,0,4000.0,2025-08-29,2025-08-29,,0,0.0,0,0.0
TIDE · Multiple · 2024 Q4,Tide_Sit_24,Sit,9303239590226,TIDEE-WOODS-SE-PREORDER|TIDEE-WOODS-SE-AP|TIDEE-WOODS-SE-DRAW|TIDEE-WOODS-SE-INSIDERS,31,0,0,0,0,0,0,0,18,12,2800.0,2024-08-23,2025-02-26,,0,0.0,0,0.0
TIDE · Multiple · 2024 Q4,Tide_Sit_24,Sit (Life-size),9303255155026,TIDEE-LARGE-SE-PREORDER,2,0,0,0,0,0,0,0,2,0,30000.0,2024-11-15,2024-11-22,,0,0.0,0,0.0
Takahiro Komuro · Sphinx - Kira · 2023 Q4,2023.12_Takahiro_SE,Sphinx - Kira,8631541006674,TKOMU-SPHIN-SE|TKOMU-SPHIN-SE-PREORDER,3,0,1,1,0,0,0,0,2,0,6500.0,2023-11-07,2023-12-13,2026-03-23,0,0.0,0,0.0
Takashi Murakami · Multiple · 2026 Q2,TakashiMu_LE_26,"Flowers of Heaven, 2018",15850167435646,MURAK-FLOWE-PE-TREASURE|MURAK-FLOWE-PE-DRAW|MURAK-FLOWE-PE-PRIVATE|MURAK-FLOWE-PE-WINNER|MURAK-FLOWE-PE-BROOKLYN|MURAK-FLOWE-PE-PREORDER,189,0,3,1,0,0,0,0,114,74,700.0,2026-04-09,2026-08-04,2026-05-29,189,109.0,0,0.0
Takashi Murakami · Multiple · 2026 Q2,TakashiMu_LE_26,Lollipop Flowers Rainbow,15850167370110,MURAK-LOLLI-PE-WINNER|MURAK-LOLLI-PE-DRAW|MURAK-LOLLI-PE-TREASURE|MURAK-LOLLI-PE-PREORDER|MURAK-LOLLI-PE-PRIVATE,189,0,0,0,0,0,0,0,131,57,700.0,2026-04-09,2026-07-28,2026-05-27,189,122.0,0,0.0
Takashi Murakami · Multiple · 2026 Q2,TakashiMu_LE_26,"Mid-summer Pandas Golden Sky, 2021",15850167304574,MURAK-PANDA-PE-DRAW|MURAK-PANDA-PE-TREASURE|MURAK-PANDA-PE-PRIVATE|MURAK-PANDA-PE-PREORDER|MURAK-PANDA-PE-WINNER,189,0,1,1,0,0,0,0,143,46,700.0,2026-04-08,2026-09-04,2026-06-23,189,122.0,0,0.0
Takashi Murakami · Multiple · 2026 Q2,TakashiMu_LE_26,Set of 4,15852841664894,MURAK-QUART-PE-PREORDER,4,0,0,0,0,0,0,0,4,0,2800.0,2026-04-23,2026-04-23,,4,0.0,0,0.0
Takashi Murakami · Multiple · 2026 Q2,TakashiMu_LE_26,Set of Four,15852841664894,MURAK-QUART-PE-DRAW|MURAK-QUART-PE-PREORDER|MURAK-QUART-PE-PRIVATE|MURAK-QUART-PE-INSIDERS,105,0,1,1,0,1,0,0,41,62,2800.0,2026-04-30,2026-05-27,2026-05-27,105,50.0,1,1.0
Takashi Murakami · Multiple · 2026 Q2,TakashiMu_LE_26,"Tan Tan Bo Communicating with Someone, Somewhere in the Universe, 2014",15850167271806,MURAK-TANBO-PE-PRIVATE|MURAK-TANBO-PE-TREASURE|MURAK-TANBO-PE-PREORDER|MURAK-TANBO-PE-DRAW|MURAK-TANBO-PE-WINNER,189,0,0,0,0,0,0,0,164,24,700.0,2026-04-08,2026-09-04,2026-05-27,189,79.5,0,0.0
Takashi Murakami · Multiple · 2026 Q2,TakashiMu_LE_26,"[Set of 4] Flowers of Heaven, 2018, Lollipop Flowers Rainbow, Mid-summer Pandas Golden Sky, 2021, Tan Tan Bo Communicating with Someone, Somewhere in the Universe, 2014",15852841664894,MURAK-QUART-PE-PREORDER,2,0,0,0,0,0,0,0,2,0,2800.0,2026-04-09,2026-04-14,,2,0.0,0,0.0
Taku Obata · B BOY JUSHI · 2025 Q1,TakuObata_Resin_25,B BOY JUSHI,14875999469950|14895440232830,OBATA-RESIN-CL-PREORDER|OBATA-RESIN-CL-DRAW|OBATA-RESIN-CL-INSIDERS,150,0,0,0,0,0,0,0,107,43,550.0,2025-01-08,2025-03-20,,0,0.0,0,0.0
Taku Obata · B BOY SEIDOU · 2024 Q4,TakuObata_BBoy_24,B BOY SEIDOU,9648574595410,OBATA-B-BOY-SE-DRAW|OBATA-B-BOY-SE-PREORDER,24,0,0,0,0,0,0,0,21,2,6000.0,2024-09-13,2024-10-02,,0,0.0,0,0.0
Tau Lewis · Poppy · 2021 Q3,14.07_TLewis_ChurchOfManic,Poppy,6602275979363,TLWIS-MANTC-SE,1,0,0,0,0,0,0,0,1,0,10000.0,2023-06-21,2023-06-21,,0,0.0,0,0.0
Taylor Lee · Multiple · 2023 Q4,2023.11_Taylor Lee_SE,Beach Ball Strong Woman,8609026081106,TAYLO-BEACH-SE-PREORDER,1,0,0,0,0,0,0,0,1,0,1200.0,2023-11-13,2023-11-13,,0,0.0,0,0.0
Taylor Lee · Multiple · 2023 Q4,2023.11_Taylor Lee_SE,Happy Face Strong Woman,8609026015570,TAYLO-HAPPY-SE-PREORDER,1,0,0,0,0,0,0,0,1,0,1300.0,2023-11-13,2023-11-13,,0,0.0,0,0.0
Taylor Lee · Multiple · 2023 Q4,2023.11_Taylor Lee_SE,Tubie Series,8609024770386,LEETA-UNIQU-SE-PREORDER|LEETA-UNIQU-SE,8,0,0,0,0,0,0,0,2,0,900.0,2023-10-27,2024-03-07,,0,0.0,0,0.0
Thenjiwe Niki Nkosi · Multiple · 2021 Q4,21.12_Thenjiwe_Landing,Landing,6624611237987,TNJWE-LANCP-PE,5,0,0,0,0,0,0,0,1,0,700.0,2023-02-06,2024-04-12,,0,0.0,0,0.0
Tom Sachs · Too Darn Hot · 2022 Q4,22.10_TSachs_Timed Edition,Too Darn Hot,6852079550563,SACHS-TDHOT_PE-MISSOUT|SACHS-TDHOT_PE,10,0,0,0,0,0,0,0,10,0,750.0,2023-01-19,2025-06-04,,0,0.0,0,0.0
Tomokazu Matsuyama · Morning Sun Dance · 2025 Q3,TomoKazum_Shaped_25,Morning Sun Dance,15546731168126,MATSU-MORNI-PE-STUDIO|MATSU-MORNI-PE-DRAW|MATSU-MORNI-PE-ARTIST|MATSU-MORNI-PE-PRIVATE|MATSU-MORNI-PE-PREORDER|MATSU-MORNI-PE-INSIDERS,60,0,0,0,0,0,0,0,44,16,5000.0,2025-09-10,2026-01-12,2025-12-29,60,0.0,0,0.0
Tomokazu Matsuyama · Perfect All Alone Ironic · 2023 Q4,22.12_Matsu_PerfectAllAloneIronic,Perfect All Alone Ironic,8621089390930,MATSU-PERF2-PE-PRIVATE1|MATSU-PERF2-PE-DRAW|MATSU-PERF2-PE-PRIVATE3|MATSU-PERF2-PE-ARTIST|MATSU-PERF2-PE-PREORDER|MATSU-PERF2-PE-PRIVATE2|MATSU-PERF2-PE-INSIDERS|MATSU-PERF2-PE-APARTIST,81,0,0,0,0,0,0,0,45,36,5000.0,2023-11-13,2024-05-03,,0,0.0,0,0.0
Tomás Sánchez · En el paisaje interior · 2022 Q1,27.01_TSanchez_EnElPai,En el paisaje interior,6689244545123,SANCH-ENELP-PE,1,0,0,0,0,0,0,0,1,0,350.0,2024-01-29,2024-01-29,,0,0.0,0,0.0
Tomás Sánchez · Inner Love · 2024 Q1,2024_TomasSanchez_TL,Inner Love,8698955596114,SANCH-INNER-TL-APGIFT|SANCH-INNER-TL|SANCH-INNER-TL-APSALE|SANCH-INNER-TL-INSIDERS|SANCH-INNER-TL-PREORDER|SANCH-INNER-TL-MISSOUT|SANCH-INNER-TL-PRIVATE|SANCH-INNER-TL-STAFFGIFT,638,0,0,0,0,0,0,0,26,257,450.0,2024-01-11,2025-04-09,,638,155.0,0,0.0
Tomás Sánchez · Meditador en la orilla (Hand-finished) · 2020 Q4,04.11_TSanchez_MeditadorH,Meditador en la orilla (Hand-finished),4733856841827,SANCH-ORILL-HF,1,0,0,0,0,0,0,0,1,0,5500.0,2023-06-01,2023-06-01,,0,0.0,0,0.0
Tomás Sánchez · Meditador en la orilla · 2020 Q3,12.08_Tsanchez_Meditador,Meditador en la orilla,4670896472163,SANCH-ORILL-PE,2,0,0,0,0,0,0,0,2,0,1500.0,2024-01-05,2024-08-07,,0,0.0,0,0.0
Tomás Sánchez · Multiple · 2021 Q1,21.03_TSanchez_PEs,Contemplar al Otro en Tarde Rosa,4761412436067,SANCH-CROSA-PE,2,0,0,0,0,0,0,0,2,0,1600.0,2023-11-14,2024-07-27,,0,0.0,0,0.0
Tomás Sánchez · Multiple · 2021 Q1,21.03_TSanchez_PEs,Encontrar al Meditador,4761407946851,SANCH-ENCON-PE,9,0,0,0,0,0,0,0,3,0,1600.0,2023-01-25,2024-09-12,,0,0.0,0,0.0
Tomás Sánchez · Multiple · 2025 Q1,TomasSanc_Pair_25,Cascada Como Ícono,14953654354302,SANCH-CASCA-TL-PREORDER,1,0,0,0,0,0,0,0,1,0,500.0,2025-02-27,2025-02-27,,1,1.0,0,0.0
Tomás Sánchez · Multiple · 2025 Q1,TomasSanc_Pair_25,Cascada como ícono,14953654354302,SANCH-CASCA-TL-PREORDER|SANCH-CASCA-TL-APSALE|SANCH-CASCA-TL|SANCH-CASCA-TL-PRIVATE,389,1,1,1,0,0,0,0,15,93,500.0,2025-03-05,2026-01-27,2026-01-16,389,82.0,0,0.0
Tomás Sánchez · Multiple · 2025 Q1,TomasSanc_Pair_25,El Testigo,14953497756030,SANCH-ELELE-TL-PREORDER,2,0,0,0,0,0,0,0,2,0,550.0,2025-02-26,2025-02-27,,2,1.0,0,0.0
Tomás Sánchez · Multiple · 2025 Q1,TomasSanc_Pair_25,El testigo,14953497756030,SANCH-ELELE-TL-PRIVATE|SANCH-ELELE-TL|SANCH-ELELE-TL-APGIFT|SANCH-ELELE-TL-PREORDER|SANCH-ELELE-TL-APSALE,386,1,1,1,0,0,0,0,21,87,550.0,2025-03-05,2026-05-07,2025-04-03,386,79.0,0,0.0
Tomás Sánchez · Multiple · 2025 Q1,TomasSanc_Pair_25,El testigo & Cascada como ícono,14983083295102,SANCH-DIPTY-TL-PREORDER|SANCH-DIPTY-TL|SANCH-DIPTY-TL-PRIVATE|SANCH-DIPTY-TL-PP,37,0,0,0,0,0,0,0,3,25,945.0,2025-03-30,2025-08-12,,37,11.0,0,0.0
Tomás Sánchez · Multiple · 2026 Q1,TomasSanchez_TL_26,Autorretrato en tarde rosa,15706436436350,SANCH-AUTOR-TL-PRIVATE|SANCH-AUTOR-TL-POSTRELEASE|SANCH-AUTOR-TL-PREORDER|SANCH-AUTOR-TL-ARTIST|SANCH-AUTOR-TL|SANCH-AUTOR-TL-APSALE,316,1,1,1,0,0,0,0,25,92,500.0,2026-01-09,2026-05-05,2026-08-25,316,95.5,0,0.0
Tomás Sánchez · Multiple · 2026 Q1,TomasSanchez_TL_26,Pensamiento - Nube,15706436600190,SANCH-PENSA-TL-PREORDER,1,0,0,0,0,0,0,0,1,0,500.0,2025-12-19,2025-12-19,,1,1.0,0,0.0
Tomás Sánchez · Multiple · 2026 Q1,TomasSanchez_TL_26,Pensamiento-nube,15706436600190,SANCH-PENSA-TL-APSALE|SANCH-PENSA-TL-INSIDERS|SANCH-PENSA-TL-PRIVATE|SANCH-PENSA-TL|SANCH-PENSA-TL-ARTIST|SANCH-PENSA-TL-PREORDER|SANCH-PENSA-TL-POSTRELEASE,216,0,0,0,0,0,0,0,20,50,500.0,2026-01-20,2026-03-18,,216,61.5,0,0.0
Tomás Sánchez · Multiple · 2026 Q1,TomasSanchez_TL_26,Pensamiento-nube & Autorretrato en tarde rosa,15709846241662,SANCH-PAIR1-TL-PREORDER|SANCH-PAIR1-TL-INSIDERS|SANCH-PAIR1-SPECIAL|SANCH-PAIR1-TL-PRIVATE|SANCH-PAIR1-TL-ARTIST|SANCH-PAIR1-TL,148,0,0,0,0,0,0,0,4,75,1000.0,2026-01-26,2026-01-29,,148,38.0,0,0.0
Tomás Sánchez · Sonido de aguas en la noche · 2022 Q1,21.02_TSanchez_SonidoDeAguas,Sonido de aguas en la noche,6696632615011,SANCH-SONID-PE,3,0,0,0,0,0,0,0,2,0,5600.0,2023-05-24,2026-01-29,,3,1.0,0,0.0
Trudy Benson · Red Sky · 2019 Q4,03.10_TrudyB_redSky,Red Sky,4398448279651,TRUDY-RDSKY-PE,6,0,0,0,0,0,0,0,3,0,458.72,2023-01-13,2026-05-22,,0,0.0,0,0.0
Tschabalala Self · Multiple · 2023 Q3,2023.06_Artist bags_CL,Artist Bag (Tschabalala Self),8519918879058,TSELF-LIMIT-CL|TSELF-LIMIT-CL-GIFT,12,0,0,0,0,0,0,0,4,0,99.0,2023-08-03,2025-07-11,,0,0.0,0,0.0
Tschabalala Self · Multiple · 2026 Q3,Tschabalal_LE_25,Yellow Sapphire,15914275668350|15905346650494,TSELF-SAPPH-PE-PRIVATE|TSELF-SAPPH-PE-DRAW|TSELF-SAPPH-PE-APSALE,101,0,0,0,0,0,0,0,17,84,2000.0,2026-07-09,2026-09-04,2026-09-01,101,87.0,0,0.0
Tschabalala Self · Seated Bronze · 2022 Q4,22.10_TSelf_SeatedBronze,Seated Bronze,6799720284259,TSELF-SEATD-SE,1,0,0,0,0,0,0,0,1,0,28000.0,2026-08-27,2026-08-27,,0,0.0,0,0.0
Tunji Adeniyi-Jones · Violet Dance (Hand-finished) · 2021 Q4,21.10_Tunji_VioletDanceHF,Violet Dance (Hand-finished),6642320900195,TUNJI-VIOHF-PE,2,0,0,0,0,0,0,0,2,0,4500.0,2023-05-02,2025-08-06,,0,0.0,0,0.0
Urs Fischer · Multiple · 2026 Q2,UrsFischer_LE_26,Problem Painting,15913870983550|15913871114622,FISCH-PROB2-PE-DRAW|FISCH-PROB2-PE-PRIVATE|FISCH-PROB2-PE-PREORDER|FISCH-PROB1-PE-PRIVATE|FISCH-PROB1-PE-DRAW|FISCH-PROB1-PE-PREORDER,111,0,0,0,0,1,0,0,93,17,1250.0,2026-06-01,2026-09-01,2026-06-24,111,64.0,1,0.0
Vhils · Multiple · 2024 Q3,Vhils_Timed_24,Blur,9633683276114,VHILS-BLURR-TL-PRIVATE|VHILS-BLURR-TL-PREORDER|VHILS-BLURR-TL,39,0,0,0,0,0,0,0,3,31,1440.0,2024-09-19,2024-12-10,,39,1.0,0,0.0
Vhils · Multiple · 2024 Q3,Vhils_Timed_24,Dissipate,9633683439954,VHILS-PRINT-PE-PRIVATE|VHILS-PRINT-PE,209,0,0,0,0,0,0,0,2,60,710.0,2024-09-23,2024-12-17,,209,33.0,0,0.0
Wang Yan Cheng · Between Two Poles · 2020 Q4,21.10_WangYan_BetweenTwoPoles,Between Two Poles,4712585756771,WANYC-B2POL-PE,2,0,0,0,0,0,0,0,1,0,5000.0,2025-07-23,2026-03-17,,2,0.0,0,0.0
"Wang Zhibo · 15℃, Nationalistic Optimism by the Sea · 2024 Q3",WangZhibo_National_24,"15℃, Nationalistic Optimism by the Sea",9280819036498,WANGZ-BYSEA-PE-DRAW|WANGZ-BYSEA-PE,3,0,0,0,0,0,0,0,2,0,800.0,2024-07-26,2026-01-21,,3,2.0,0,0.0
Will Cotton · The Cowgirl · 2025 Q1,WillCotto_Unicorn_25,The Cowgirl,14895624061310,COTTO-THETH-PE-PREORDER|COTTO-THETH-PE-APSALE|COTTO-THETH-PE-DRAW,101,0,0,0,0,0,0,0,97,4,850.0,2025-01-16,2026-07-23,,101,43.0,0,0.0
William Blake · Multiple · 2025 Q4,WilliamBl_LE_25,Night the First,15658621501822,BLAK0-NIFIR-PE-DRAW|BLAK0-NIFIR-PE-PREORDER,3,0,0,0,0,2,0,0,3,0,350.0,2025-11-20,2025-11-20,2025-12-08,3,1.0,2,0.0
William Blake · Multiple · 2025 Q4,WilliamBl_LE_25,"Night the First, Night the Second, Night the Third",15658622550398,BLAK0-TRIPT-PE-DRAW|BLAK0-TRIPT-PE-GALLERY,3,0,0,0,0,0,0,0,2,1,945.0,2025-11-26,2025-12-10,,3,2.0,0,0.0
William Blake · Multiple · 2025 Q4,WilliamBl_LE_25,Night the Second,15658626449790,BLAK0-NISEC-PE-DRAW|BLAK0-NISEC-PE-PREORDER,1,0,0,0,0,4,0,0,1,0,350.0,2025-11-20,2025-11-20,2025-11-26,1,1.0,4,2.0
William Blake · Multiple · 2025 Q4,WilliamBl_LE_25,Night the Third,15658624188798,BLAK0-NITHI-PE-DRAW|BLAK0-NITHI-PE-PREORDER,3,0,0,0,0,5,0,0,3,0,350.0,2025-11-19,2025-12-05,2025-11-26,3,1.0,5,2.0
William Mapan · Centrifuge · 2024 Q1,2024_WillMapan_PE,Centrifuge,8675464479058,MAPAN-GENER-PE-DRAW|MAPAN-GENER-PE-INSIDERS|MAPAN-GENER-PE-PREORDER,35,0,0,0,0,0,0,0,33,2,5000.0,2024-01-16,2024-02-21,,0,0.0,0,0.0
Woo Kuk Won · Multiple · 2024 Q4,Wookukwo_PairLE_24,Breakfast on the Beach,9740712509778,KUKWO-BREAK-PE-APGIFT|KUKWO-BREAK-PE-PRIVATE|KUKWO-BREAK-PE-APSALE|KUKWO-BREAK-PE-DRAW|KUKWO-BREAK-PE-PREORDER|KUKWO-BREAK-PE-GALLERY|KUKWO-BREAK-PE-ARTIST,36,0,0,0,0,0,0,0,26,10,1500.0,2024-10-21,2024-12-18,,36,3.0,0,0.0
Woo Kuk Won · Multiple · 2024 Q4,Wookukwo_PairLE_24,Valley of the Shadow of Death,9740712575314,KUKWO-PRINT-PE-GALLERY|KUKWO-PRINT-PE-PRIVATE|KUKWO-PRINT-PE-PREORDER|KUKWO-PRINT-PE-DRAW|KUKWO-PRINT-PE-ARTIST|KUKWO-PRINT-PE-APSALE,36,0,0,0,0,0,0,0,21,15,1500.0,2024-10-23,2024-12-18,,36,7.5,0,0.0
Woo Kuk Won · Multiple · 2024 Q4,Wookukwo_PairLE_24,Valley of the Shadow of Death & Breakfast on the Beach [Diptych],9740712411474,KUKWO-DIPTY-PE-DRAW|KUKWO-DIPTY-PE-PREORDER|KUKWO-DIPTY-PE-PRIVATE,16,0,0,0,0,92,0,0,7,9,3000.0,2024-10-23,2024-11-19,2024-10-29,16,6.0,92,15.0
Woo Kuk Won · Multiple · 2025 Q3,KukwonWoo_Rep_25,Waterfall (Amida),15534490091902,KUKWO-WATAM-PE-PRIVATE|KUKWO-WATAM-PE-ARTIST|KUKWO-WATAM-PE-PREORDER|KUKWO-WATAM-PE-DRAW,41,0,0,0,0,0,0,0,22,19,1500.0,2025-08-28,2025-10-13,,41,11.0,0,0.0
Woo Kuk Won · Multiple · 2025 Q3,KukwonWoo_Rep_25,Waterfall (Kirifuri),15534446543230,KUKWO-WATER-PE-ARTIST|KUKWO-WATER-PE-DRAW|KUKWO-WATER-PE-PRIVATE|KUKWO-WATER-PE-PREORDER,42,0,0,0,0,0,0,0,24,18,1500.0,2025-08-28,2025-10-13,,42,13.0,0,0.0
Woo Kuk Won · Multiple · 2025 Q3,KukwonWoo_Rep_25,Waterfall (Kirifuri) & Waterfall (Amida),15534623064446,KUKWO-WATKA-PE-DRAW,3,0,0,0,0,0,0,0,3,0,3000.0,2025-09-03,2025-09-03,,3,1.0,0,0.0
Woo Kuk Won · Multiple · 2025 Q3,KukwonWoo_Rep_25,"Waterfall (Kirifuri), Waterfall (Amida), Waterfall (Ono), Waterfall (Rōben)",15534638334334,KUKWO-QURTE-PE-DRAW,5,0,0,0,0,0,0,0,5,0,6000.0,2025-09-03,2025-09-04,,5,4.0,0,0.0
Woo Kuk Won · Multiple · 2025 Q3,KukwonWoo_Rep_25,Waterfall (Ono),15534464696702,KUKWO-WATON-PE-PREORDER|KUKWO-WATON-PE-PRIVATE|KUKWO-WATON-PE-ARTIST|KUKWO-WATON-PE-DRAW,45,0,0,0,0,0,0,0,26,19,1500.0,2025-08-28,2025-09-30,,45,15.5,0,0.0
Woo Kuk Won · Multiple · 2025 Q3,KukwonWoo_Rep_25,Waterfall (Rōben),15534532329854,KUKWO-WATRO-PE-PRIVATE|KUKWO-WATRO-PE-APSALE|KUKWO-WATRO-PE-ARTIST|KUKWO-WATRO-PE-PREORDER|KUKWO-WATRO-PE-DRAW,46,0,0,0,0,0,0,0,25,20,1500.0,2025-08-28,2026-07-08,,46,13.5,0,0.0
Yoon Hyup · Ambre Roulette · 2026 Q3,YoonHyup_LE_26,Ambre Roulette,15944304984446,YOONH-AMBRE-PE-PREORDER|YOONH-AMBRE-PE-PRIVATE|YOONH-AMBRE-PE-DRAW,196,0,0,0,0,3,0,0,156,40,850.0,2026-06-23,2026-08-04,2026-07-23,196,84.0,3,2.0
Yoon Hyup · City Fountain · 2024 Q3,YoonHyup_Print_24,City Fountain,9633999552850,YOONH-NEW24-PE-PREORDER|YOONH-NEW24-PE-DRAW|YOONH-NEW24-PE-INSIDERS|YOONH-NEW24-PE-PRIVATE,201,0,0,0,0,0,0,0,110,91,800.0,2024-08-23,2024-12-15,,201,43.0,0,0.0
Yoon Hyup · In The City · 2023 Q4,2023.10_Yoon Hyup_PE,In The City,8616612004178,YOONH-2023P-PE-INSIDERS|YOONH-2023P-PE-PRIVATE|YOONH-2023P-PE-FORUM|YOONH-2023P-PE-DRAW|YOONH-2023P-PE-PREORDER|YOONH-2023P-PE-APSALE,203,0,0,0,0,2,0,0,135,68,750.0,2023-11-06,2024-11-01,2023-11-13,0,0.0,0,0.0
Yoon Hyup · Night in Paris - Golden Light AP · 2022 Q4,22.10_YHyup_NightinParis-GoldenLight,Night in Paris - Golden Light AP,6857593618531,YOONH-PARIS-PE-AP,3,0,0,0,0,0,0,0,3,0,750.0,2024-10-11,2024-12-15,,0,0.0,0,0.0
Yoon Hyup · Summer in San Sebastian · 2025 Q3,YoonHyup_Summer_25,Summer in San Sebastian,15368912142718,YOONH-SUMME-PE-DRAW|YOONH-SUMME-PE-PRIVATE|YOONH-SUMME-PE-APSALE|YOONH-SUMME-PE-PREORDER|YOONH-SUMME-PE-INSIDERS,182,1,1,1,0,0,0,0,105,78,850.0,2025-05-30,2026-07-22,2026-03-11,182,57.0,0,0.0
Yu Nagaba · Fishbowl · 2023 Q1,02.03_Yunagaba_TL,Fishbowl,6891673550947,YUNAG-FISHB-PE-4|YUNAG-FISHB-PE-APSALE|YUNAG-FISHB-PE,382,0,0,0,0,0,0,0,8,0,300.0,2023-03-02,2024-11-05,,0,0.0,0,0.0
Yuichi Hirako · Green Master / Bloom AP · 2022 Q3,22.09_Yuichi_Green Master/Bloom,Green Master / Bloom AP,6839391584355,HIRAK-OVALP-PE,1,0,0,0,0,0,0,0,1,0,2500.0,2024-08-15,2024-08-15,,0,0.0,0,0.0
Yutaka Hashimoto · Study_for_Null_Portrait of someone#166 · 2024 Q1,2024.XX_YutakaHash_PE,Study_for_Null_Portrait of someone#166,8675464511826,YHAS2-DIGIT-PE|YHAS2-DIGIT-PE-PREORDER|YHAS2-DIGIT-PE-APSALE|YHAS2-DIGIT-PE-PRIVATE|YHAS2-DIGIT-PE-INSIDERS,51,0,0,0,0,0,0,0,14,12,500.0,2024-01-15,2024-10-24,,0,0.0,0,0.0
Zeng Fanzhi · Multiple · 2026 Q3,ZengFanzhi_LE_26,Ephemerality (13),15924000588158,FANZH-LTD24-PE-PREORDER|FANZH-LTD24-PE-PRIVATE|FANZH-LTD24-PE-DRAW|FANZH-LTD24-PE-APGIFT,34,0,2,2,0,0,0,0,22,12,2500.0,2026-07-02,2026-08-26,2026-08-26,34,15.0,0,0.0
Zeng Fanzhi · Multiple · 2026 Q3,ZengFanzhi_LE_26,Ephemerality (15),15924000620926,FANZH-LTDV1-PE-PREORDER|FANZH-LTDV1-PE-PRIVATE|FANZH-LTDV1-PE-DRAW,27,0,2,2,0,0,0,0,15,12,2500.0,2026-07-28,2026-08-26,2026-09-15,27,14.0,0,0.0
Zeng Fanzhi · Rainbow (Mask Series 1997 no.8) · 2026 Q3,ZengFanzhi_TL_26,Rainbow (Mask Series 1997 no.8),15913871212926,FANZH-MASKS-PE-PREORDER|FANZH-MASKS-PE-DRAW|FANZH-MASKS-PE-PRIVATE|FANZH-MASKS-PE-APGIFT,186,0,0,0,0,0,0,0,158,27,1025.0,2026-06-24,2026-09-02,2026-08-25,186,96.0,0,0.0
Zhang Huan · Amitabha · 2021 Q3,21.08_Zhaun_Amitabha,Amitabha,6608000483427,ZHUAN-AMTHA-SE,1,0,0,0,0,0,0,0,0,0,3800.0,2026-09-10,2026-09-10,,0,0.0,0,0.0
Zhang Ruyi · Forced Separation · 2024 Q3,ZhangRuyi_Forced_24,Forced Separation,8958328209746,ZRUYI-FORCE-PE|ZRUYI-FORCE-PE-DRAW,7,0,0,0,0,0,0,0,2,0,1200.0,2024-06-21,2026-01-31,,7,6.0,0,0.0
