release_name,artist,title,quarter,year,first_seen,last_seen,sessions_life,units_life,entries_life,announce_inferred,close_inferred,alloc_day,announce,close,dates_source,mechanic,panel,exclude_reason,window_start,window_end,campaign_days,tot_page_views_total,tot_sessions_total,tot_draw_entries,tot_preorder_app,tot_draw_entry_eligible,tot_unique_customers,tot_customer_private_room,tot_draw_entry_eligible_no_conv,tot_total_product_units,tot_product_units_draw,tot_product_units_preorder_app,tot_product_units_private_room,tot_product_units_presale_offered,tot_product_units_other,tot_draw_entries_total_units,tot_draw_entries_total_units_no_conv,tot_draw_entries_eligible_units,entries_all,sess_share_aa_email,sess_share_aa_social,sess_share_referral_artist,sess_share_search_direct_other,sess_share_paid,ent_share_aa_email,ent_share_aa_social,ent_share_referral_artist,ent_share_search_direct_other,ent_share_paid,unit_share_aa_email,unit_share_aa_social,unit_share_referral_artist,unit_share_search_direct_other,unit_share_paid,conv_sess_entry_aa_email,conv_sess_unit_aa_email,sessions_aa_email,entries_aa_email,units_aa_email,conv_sess_entry_aa_social,conv_sess_unit_aa_social,sessions_aa_social,entries_aa_social,units_aa_social,conv_sess_entry_referral_artist,conv_sess_unit_referral_artist,sessions_referral_artist,entries_referral_artist,units_referral_artist,conv_sess_entry_search_direct_other,conv_sess_unit_search_direct_other,sessions_search_direct_other,entries_search_direct_other,units_search_direct_other,conv_sess_entry_paid,conv_sess_unit_paid,sessions_paid,entries_paid,units_paid,chan_share_AA Email Auto,chan_share_AA Email Man,chan_share_AA Meta,chan_share_AA Other,chan_share_AA X,chan_share_Direct,chan_share_Organic Search,chan_share_Other,chan_share_Paid Search,chan_share_Paid Social,chan_share_Referral Artist,chan_share_Referral Meta,chan_share_Referral Other,chan_share_Referral X,untracked_share,oversubscription,oversub_draw,private_room_share,preorder_share,draw_route_share,other_route_share,entries_per_session,units_per_session,entry_to_unit,pageviews_per_session,ea_share_sessions,ea_share_units,burst_share,cliff_share,entries_burst_share,entries_cliff_share,peak_day_share,half_point,entries_half_point,stage_sess_early_access,stage_sess_sustain_1,stage_sess_sustain_2,stage_sess_sustain_3,stage_sess_last_chance,stage_sess_outside,stage_ent_early_access,stage_ent_sustain_1,stage_ent_sustain_2,stage_ent_sustain_3,stage_ent_last_chance,stage_ent_outside,stage_unit_early_access,stage_unit_sustain_1,stage_unit_sustain_2,stage_unit_sustain_3,stage_unit_last_chance,stage_unit_outside,campaign_sessions,log_sessions,log_units,log_entries,log_oversub,log_entries_per_session,log_units_per_session,cluster,cluster_name,cluster_k2,cluster_k2_name,dist_to_centroid,nearest_cluster,nearest_cluster_name,airtable_release,airtable_ids,n_products,unit_price,price_min,price_max,currency,unit_price_eur,edition_size,launch_value,launch_value_eur,airtable_launch_date,airtable_launch_type,airtable_edition_type,airtable_product_type,price_status,price_match,price_match_score,price_match_days,price_note
Eddie Martinez · Scaffold · 2024 Q2,Eddie Martinez,Scaffold,2024 Q2,2024,2024-04-23,2026-09-10,9180.0,200.0,269.0,2024-05-08,2024-06-18,2024-06-18,2024-05-08,2024-06-18,inferred,draw,draw,,2024-03-24,2024-06-21,41.0,24239.0,8023.0,199.0,70.0,11.0,196.0,20.0,9.0,196.0,79.0,51.0,20.0,8.0,38.0,197.0,9.0,153.0,269.0,0.4557711693548387,0.0587197580645161,0.0,0.2439516129032258,0.2415574596774193,0.4926470588235294,0.0367647058823529,0.0,0.375,0.0955882352941176,0.4756097560975609,0.0426829268292682,0.0,0.4207317073170731,0.0609756097560975,0.0185236383743433,0.0215648327343102,3617.0,67.0,78.0,0.0107296137339055,0.0150214592274678,466.0,5.0,7.0,,,0.0,0.0,0.0,0.0263429752066115,0.0356404958677685,1936.0,51.0,69.0,0.0067814293166405,0.0052164840897235,1917.0,13.0,10.0,0.0007560483870967,0.4550151209677419,0.055695564516129,0.0005040322580645,0.003024193548387,0.1513356854838709,0.0122227822580645,0.0,0.0026461693548387,0.2389112903225806,0.0,0.0327620967741935,0.0467489919354838,0.0003780241935483,0.0108438240059828,0.7806122448979592,1.9367088607594936,0.1020408163265306,0.2602040816326531,0.4030612244897959,0.2346938775510204,0.0190701732519007,0.0244297644272715,0.5163398692810458,3.0211890813910007,0.0033653246915119,0.0,0.2659128446194893,0.1762164909160208,0.3660130718954248,0.130718954248366,0.1530936348621522,0.4390243902439024,0.1219512195121951,0.0033653246915119,0.4636669574971955,0.1531845942914121,0.3284307615605135,0.0513523619593668,0.0,0.0,0.6666666666666666,0.1241830065359477,0.1764705882352941,0.0326797385620915,0.0,0.0,0.4438775510204081,0.0357142857142857,0.0816326530612244,0.4387755102040816,0.0,7871.0,8.990067695753655,5.278114659230517,5.030437921392435,-0.2476767378380817,-3.959629774361221,-3.711953036523139,0.0,Paid-led headline launches,0.0,Paid-led,1.619506918883869,,,EddieMartScaffold24,1939,1.0,1250.0,1250.0,1250.0,EUR,1250.0,200.0,250000.0,250000.0,2024-06-18,Draw,PE,Hybrid print,Confirmed,exact,1.0,0.0,
Pejac · Multiple · 2024 Q3,Pejac,Multiple,2024 Q3,2024,2024-06-10,2026-09-09,45361.0,788.0,3980.0,2024-07-15,2024-07-18,2024-07-18,2024-07-15,2024-07-18,inferred,draw,draw,,2024-05-31,2024-07-21,3.0,240232.0,36500.0,3980.0,0.0,3192.0,741.0,11.0,2166.0,765.0,168.0,0.0,11.0,0.0,586.0,2093.0,1368.0,1934.0,3980.0,0.4406927626020839,0.0407772458462405,0.1505209800056322,0.3680090115460434,0.0,0.4444444444444444,0.0250145433391506,0.0558464223385689,0.4746945898778359,0.0,0.4464285714285714,0.0119047619047619,0.0967261904761904,0.4449404761904761,0.0,0.0488210109272157,0.0191705540290114,15649.0,764.0,300.0,0.029696132596685,0.005524861878453,1448.0,43.0,8.0,0.0179607109448082,0.0121608980355472,5345.0,96.0,65.0,0.0624426078971533,0.0228803183348637,13068.0,816.0,299.0,,,0.0,0.0,0.0,0.0,0.4406927626020839,0.0357927344410025,0.0,0.0049845114052379,0.3049281892424669,0.0259645170374542,0.0006758659532526,0.0,0.0,0.1505209800056322,0.0241058856660095,0.0115742044494508,0.0007603491974091,0.0271232876712328,2.5281045751633986,11.511904761904765,0.0143790849673202,0.0,0.2196078431372549,0.7660130718954249,0.052986301369863,0.020958904109589,0.0868665977249224,6.581698630136986,0.461041095890411,0.1359477124183006,0.4202492724976665,0.1780596277384286,0.7982273201251303,0.0641293013555787,0.4202492724976665,0.3333333333333333,0.0,0.461041095890411,0.2096986301369863,0.1075068493150684,0.092931506849315,0.1288219178082191,0.0,0.0,0.7916235780765254,0.0847983453981385,0.0517063081695966,0.0718717683557394,0.0,0.1359477124183006,0.0261437908496732,0.3111111111111111,0.1895424836601307,0.3372549019607843,0.0,18213.0,10.505067539570582,6.639875833826536,7.56734567601324,0.9274698421867038,-2.937721863557343,-3.865191705744047,0.0,Paid-led headline launches,1.0,Organic,2.8148956942072765,,,Pejac1000Print24,2127|2128|2072|2129|2130|2131|2132|2133|1547,9.0,1414.2857142857142,150.0,3000.0,EUR,1414.2857142857142,700.0,990000.0,990000.0,2024-07-15,Draw,PE,Hybrid print,Confirmed,artist+window,1.0,0.0,titles: HOPE (1-125) / HOPE (126-250) / HOPE (Triptych) / HOPE (251-375) / HOPE (376-500) / HOPE (501-625) / HOPE (626-750) / HO; 4 codes merged as one launch: Pejac1000Print24 + Pejac1000Print24 + Pejac1000Print24 + Pejac1000Print24
Johnson Tsang · The Moment · 2024 Q4,Johnson Tsang,The Moment,2024 Q4,2024,2024-08-29,2026-09-06,10390.0,254.0,258.0,2024-09-10,2024-10-09,2024-10-09,2024-09-10,2024-10-09,inferred,draw,draw,,2024-07-27,2024-10-12,29.0,13686.0,9616.0,258.0,0.0,1.0,247.0,66.0,0.0,249.0,170.0,0.0,66.0,0.0,13.0,255.0,0.0,183.0,258.0,0.2277632268203247,0.0836039811419591,0.0711367207962283,0.3312729177579884,0.2862231534834992,0.3111111111111111,0.0666666666666666,0.0,0.4833333333333333,0.1388888888888889,0.3905579399141631,0.0858369098712446,0.0257510729613733,0.3905579399141631,0.1072961373390558,0.0257589696412143,0.0418583256669733,2174.0,56.0,91.0,0.0150375939849624,0.025062656641604,798.0,12.0,20.0,0.0,0.0088365243004418,679.0,0.0,6.0,0.0275142314990512,0.0287792536369386,3162.0,87.0,91.0,0.0091508052708638,0.0091508052708638,2732.0,25.0,25.0,0.0,0.2277632268203247,0.0825563122053431,0.0,0.001047668936616,0.1325301204819277,0.0088004190675746,0.0,0.0,0.2862231534834992,0.0711367207962283,0.1778941854374018,0.0120481927710843,0.0,0.0073835274542429,0.7349397590361446,1.076470588235294,0.2650602409638554,0.0,0.6827309236947792,0.0522088353413654,0.01903078202995,0.0258943427620632,0.9289617486338798,1.423252911813644,0.0748752079866888,0.0,0.2485701212537177,0.166552276366964,0.2513661202185792,0.1967213114754098,0.1432166552276366,0.5862068965517241,0.3448275862068966,0.0748752079866888,0.3993344425956738,0.0617720465890183,0.4137895174708819,0.0502287853577371,0.0,0.0,0.4918032786885246,0.0928961748633879,0.360655737704918,0.0546448087431694,0.0,0.0,0.2489959839357429,0.0120481927710843,0.0120481927710843,0.7269076305220884,0.0,8742.0,9.17118365677499,5.517452896464707,5.209486152841421,-0.3079667436232866,-3.961697503933568,-3.653730760310281,0.0,Paid-led headline launches,0.0,Paid-led,1.303783929278674,,,JohnsonTsMoment24,1972,1.0,700.0,700.0,700.0,EUR,700.0,250.0,175000.0,175000.0,2024-10-09,Draw,SE,Mid cost 3D edition,Confirmed,exact,1.0,0.0,
Will Cotton · The Cowgirl · 2025 Q1,Will Cotton,The Cowgirl,2025 Q1,2025,2025-01-02,2026-09-08,7915.0,101.0,110.0,2025-01-20,2025-02-14,2025-02-14,2025-01-20,2025-02-14,inferred,draw,draw,,2024-12-06,2025-02-17,25.0,9611.0,6516.0,96.0,14.0,0.0,99.0,4.0,0.0,99.0,76.0,13.0,4.0,0.0,6.0,96.0,0.0,90.0,110.0,0.2138772987173543,0.067068459279864,0.0579508576726935,0.1168289290681502,0.5442744552619379,0.3522727272727273,0.0454545454545454,0.0113636363636363,0.3295454545454545,0.2613636363636363,0.3473684210526316,0.031578947368421,0.0210526315789473,0.3263157894736842,0.2736842105263158,0.0223988439306358,0.0238439306358381,1384.0,31.0,33.0,0.0092165898617511,0.0069124423963133,434.0,4.0,3.0,0.0026666666666666,0.0053333333333333,375.0,1.0,2.0,0.0383597883597883,0.041005291005291,756.0,29.0,31.0,0.0065303804656445,0.0073821692220329,3522.0,23.0,26.0,0.0001545356204605,0.2137227630968938,0.0662957811775614,0.0,0.0007726781023025,0.0492968629269046,0.0067995673002627,0.0001545356204605,0.0,0.5442744552619379,0.0579508576726935,0.0435790449698655,0.0169989182506567,0.0,0.0069060773480662,0.9090909090909092,1.1842105263157894,0.0404040404040404,0.1313131313131313,0.7676767676767676,0.0606060606060606,0.0138121546961325,0.0151933701657458,0.8444444444444444,1.4749846531614488,0.1040515653775322,0.0404040404040404,0.0785440613026819,0.1922675026123302,0.1333333333333333,0.2,0.1966213862765587,0.68,0.64,0.1040515653775322,0.125537139349294,0.273634131368938,0.4458256599140577,0.050951503990178,0.0,0.0,0.2777777777777778,0.3444444444444444,0.3222222222222222,0.0555555555555555,0.0,0.0404040404040404,0.1717171717171717,0.0,0.0,0.7878787878787878,0.0,5742.0,8.782015969721936,4.59511985013459,4.499809670330265,-0.0953101798043249,-4.282206299391671,-4.186896119587346,0.0,Paid-led headline launches,0.0,Paid-led,1.247192852361496,,,WillCottoUnicorn25,2200,1.0,850.0,850.0,850.0,EUR,850.0,200.0,170000.0,170000.0,2025-02-14,TBC (Pre-order),PE,Hybrid print,Confirmed,exact,1.0,0.0,
Hajime Sorayama · Untitled · 2025 Q2,Hajime Sorayama,Untitled,2025 Q2,2025,2025-01-30,2026-09-10,38007.0,469.0,534.0,2025-03-10,2025-04-07,2025-04-07,2025-03-10,2025-04-07,inferred,draw,draw,,2025-01-24,2025-04-10,28.0,44395.0,36053.0,534.0,0.0,1.0,454.0,55.0,1.0,456.0,379.0,0.0,56.0,0.0,21.0,528.0,0.0,425.0,534.0,0.1645428435992527,0.040124919833812,0.0124083317067729,0.0497727462844714,0.7331511585756908,0.2935323383084577,0.0597014925373134,0.0199004975124378,0.2064676616915423,0.4203980099502487,0.3530805687203791,0.0687203791469194,0.0165876777251184,0.1800947867298578,0.3815165876777251,0.0199966107439417,0.0252499576342992,5901.0,118.0,149.0,0.0166782487838776,0.0201528839471855,1439.0,24.0,29.0,0.0179775280898876,0.0157303370786516,445.0,8.0,7.0,0.0464985994397759,0.0425770308123249,1785.0,83.0,76.0,0.0064275662723918,0.0061233027802076,26293.0,169.0,161.0,2.7883891475894377e-05,0.1645149597077768,0.0389537963918244,0.0004182583721384,0.0011711234419875,0.0295290410729721,0.0078632573962022,0.0051027521400886,0.0,0.7331511585756908,0.0124083317067729,0.0063854111479798,0.0004740261550902,0.0,0.0052700191384905,0.9320175438596492,1.121372031662269,0.1228070175438596,0.0,0.831140350877193,0.0460526315789473,0.0117882007045183,0.0126480459323773,0.8917647058823529,1.2313815771225696,0.0485396499597814,0.0964912280701754,0.125,0.0771314178049929,0.2988235294117647,0.1035294117647058,0.0935586434291097,0.5357142857142857,0.4285714285714285,0.0485396499597814,0.1450919479654952,0.4570770809641361,0.3290710897844839,0.0202202313261032,0.0,0.0,0.3623529411764706,0.3576470588235294,0.2541176470588235,0.0258823529411764,0.0,0.0964912280701754,0.0241228070175438,0.0285087719298245,0.0021929824561403,0.8486842105263158,0.0,33968.0,10.49274535700381,6.1224928095143865,6.052089168924417,-0.0704036405899693,-4.4406561880793936,-4.370252547489424,0.0,Paid-led headline launches,0.0,Paid-led,0.7423492912789199,,,HajimeSorUntitled25,2015,1.0,700.0,700.0,700.0,EUR,700.0,500.0,350000.0,350000.0,2025-04-07,Draw,PE,Lenticular print,Confirmed,exact,1.0,0.0,
Lee Ufan · Multiple · 2025 Q2,Lee Ufan,Multiple,2025 Q2,2025,2025-03-24,2026-09-09,89089.0,340.0,750.0,2025-05-22,2025-06-26,2025-06-26,2025-05-22,2025-06-26,inferred,draw,draw,,2025-04-07,2025-06-29,35.0,127254.0,84811.0,665.0,85.0,463.0,260.0,76.0,371.0,291.0,11.0,11.0,81.0,11.0,177.0,638.0,349.0,452.0,750.0,0.0968440484220242,0.0194185097092548,0.00015383341025,0.0817802075567704,0.8018034009017004,0.2174887892376681,0.0269058295964125,0.0,0.4417040358744394,0.3139013452914798,0.3122362869198312,0.0337552742616033,0.0,0.540084388185654,0.1139240506329113,0.011852394916911,0.0090420332355816,8184.0,97.0,74.0,0.0073126142595978,0.0048750761730652,1641.0,12.0,8.0,,,13.0,0.0,0.0,0.0285052814353928,0.0185211980900014,6911.0,197.0,128.0,0.0020661766876236,0.0003984769326131,67758.0,140.0,27.0,9.466671400002366e-05,0.0967493817080241,0.0188623427645047,4.733335700001183e-05,0.0005561669447501,0.0595098630882648,0.0076798371732519,0.0063190031595015,0.0,0.8018034009017004,0.00015383341025,0.0051948359307512,0.0030056681695007,2.3666678500005915e-05,0.003584440697551,1.5532646048109966,41.09090909090909,0.2783505154639175,0.0378006872852233,0.0378006872852233,0.6460481099656358,0.0053294973529377,0.0034311586940373,0.0243362831858407,1.5004421596255202,0.0290528351275188,0.3230240549828179,0.2376688179389266,0.105920675393756,0.3207964601769911,0.165929203539823,0.0868276257518269,0.2571428571428571,0.2,0.0290528351275188,0.5194609189845657,0.226468264729811,0.206565186119725,0.0184527950383794,0.0,0.0,0.584070796460177,0.1858407079646017,0.168141592920354,0.0619469026548672,0.0,0.3230240549828179,0.127147766323024,0.0962199312714776,0.0446735395189003,0.40893470790378,0.0,81967.0,11.348180530348609,5.673323267171493,6.113682179832232,0.4403589126607387,-5.234498350516375,-5.674857263177114,0.0,Paid-led headline launches,0.0,Paid-led,1.4794921513887744,,,LeeUfanFrom25,2411|2123|2433|2312|2313,5.0,6000.0,6000.0,6000.0,EUR,6000.0,450.0,2700000.0,2700000.0,2025-06-26,Draw,PE,Silkscreen print,Confirmed,artist+window,1.0,0.0,titles: A trio of prints / From Line / From Point I and II / From Point Ⅰ / From Point Ⅱ
James Jarvis · Hang in there! · 2025 Q3,James Jarvis,Hang in there!,2025 Q3,2025,2024-12-10,2026-09-10,13149.0,151.0,171.0,2025-07-02,2025-07-29,2025-07-29,2025-07-02,2025-07-29,inferred,draw,draw,,2025-05-18,2025-08-01,27.0,15684.0,12668.0,171.0,0.0,22.0,144.0,48.0,22.0,147.0,87.0,0.0,50.0,0.0,10.0,169.0,22.0,116.0,171.0,0.1802993111093515,0.0297727452688257,0.0633462665294164,0.0571700055427983,0.669411671549608,0.3423423423423423,0.036036036036036,0.009009009009009,0.2432432432432432,0.3693693693693693,0.463768115942029,0.0434782608695652,0.0217391304347826,0.217391304347826,0.2536231884057971,0.0166886253842775,0.0281071585419411,2277.0,38.0,64.0,0.0106382978723404,0.0159574468085106,376.0,4.0,6.0,0.00125,0.00375,800.0,1.0,3.0,0.0373961218836565,0.0415512465373961,722.0,27.0,30.0,0.0048497752543174,0.0041400520463685,8454.0,41.0,35.0,0.000316731332647,0.1799825797767044,0.0290600997703697,0.0,0.0007126454984559,0.0404624277456647,0.0044342386570591,0.002058753662206,0.0,0.669411671549608,0.0633462665294164,0.0087101116477947,0.0014252909969118,7.918283316177053e-05,0.0030786233028102,0.7891156462585034,1.3333333333333333,0.3401360544217687,0.0,0.5918367346938775,0.0680272108843537,0.0091569308493842,0.0116040416798231,0.75,1.2380802020839912,0.0874644774234291,0.2312925170068027,0.1349982535801606,0.1706252183024799,0.2155172413793103,0.1982758620689655,0.1069682151589242,0.7777777777777778,0.7037037037037037,0.0874644774234291,0.155352068203347,0.114382696558257,0.6125670982001895,0.0302336596147773,0.0,0.0,0.2758620689655172,0.146551724137931,0.5517241379310345,0.0258620689655172,0.0,0.2312925170068027,0.1496598639455782,0.0068027210884353,0.0068027210884353,0.6054421768707483,0.0,11452.0,9.44683440765853,4.990432586778736,4.7535901911063645,-0.2368423956723716,-4.6932442165521655,-4.456401820879794,0.0,Paid-led headline launches,0.0,Paid-led,0.9775321232316542,,,JamesJarvHangInThe25,836,1.0,600.0,600.0,600.0,EUR,600.0,150.0,90000.0,90000.0,2025-07-29,Draw,CL,Mid cost 3D edition,Confirmed,exact,1.0,0.0,
Johnson Tsang · Remembrance · 2025 Q3,Johnson Tsang,Remembrance,2025 Q3,2025,2025-03-24,2026-09-09,9664.0,152.0,149.0,2025-07-14,2025-08-14,2025-08-14,2025-07-14,2025-08-14,inferred,draw,draw,,2025-05-30,2025-08-17,31.0,11881.0,9074.0,149.0,0.0,1.0,148.0,38.0,1.0,148.0,100.0,0.0,38.0,0.0,10.0,146.0,1.0,103.0,149.0,0.180728241563055,0.0479573712255772,0.0452930728241563,0.1410968028419183,0.5849245115452931,0.2277227722772277,0.1188118811881188,0.0,0.3168316831683168,0.3366336633663366,0.3120567375886525,0.1276595744680851,0.0638297872340425,0.226950354609929,0.2695035460992908,0.0141277641277641,0.027027027027027,1628.0,23.0,44.0,0.0277777777777777,0.0416666666666666,432.0,12.0,18.0,0.0,0.0220588235294117,408.0,0.0,9.0,0.025177025963808,0.025177025963808,1271.0,32.0,32.0,0.0064528373505409,0.0072119946858986,5269.0,34.0,38.0,0.0001110124333925,0.1806172291296625,0.0471802841918294,0.0,0.0007770870337477,0.0412966252220248,0.0059946714031971,0.0017761989342806,0.0,0.5849245115452931,0.0452930728241563,0.0905861456483126,0.001443161634103,0.0,0.0072735287635001,0.6959459459459459,1.03,0.2567567567567567,0.0,0.6756756756756757,0.0675675675675675,0.0113511130703107,0.0163103372272426,0.970873786407767,1.309345382411285,0.1448093453824112,0.2702702702702703,0.0928674635491921,0.1489557336135557,0.233009708737864,0.1941747572815534,0.069355050571391,0.6129032258064516,0.5161290322580645,0.1448093453824112,0.0910293145250165,0.378443905664536,0.3376680625964293,0.0480493718316067,0.0,0.0,0.3009708737864077,0.3592233009708738,0.3203883495145631,0.0194174757281553,0.0,0.2702702702702703,0.0337837837837837,0.0,0.0067567567567567,0.6891891891891891,0.0,7613.0,9.113168460223909,4.997212273764115,4.634728988229636,-0.3624832855344793,-4.478439471994274,-4.115956186459794,0.0,Paid-led headline launches,0.0,Paid-led,1.0496350630989255,,,JohnsonTsRememb25,1973,1.0,900.0,900.0,900.0,EUR,900.0,150.0,135000.0,135000.0,2025-08-14,Draw,SE,Low cost 3D edition,Confirmed,exact,1.0,0.0,
Maurizio Cattelan · We are the Revolution · 2025 Q4,Maurizio Cattelan,We are the Revolution,2025 Q4,2025,2025-07-28,2026-09-09,104557.0,996.0,2836.0,2025-09-23,2025-10-27,2025-10-27,2025-09-23,2025-10-27,inferred,draw,draw,,2025-08-09,2025-10-30,34.0,123938.0,100589.0,1836.0,1000.0,668.0,969.0,74.0,667.0,987.0,164.0,664.0,76.0,31.0,66.0,1816.0,658.0,1532.0,2836.0,0.0925490274593815,0.0225841650566105,0.0,0.0880041644559678,0.79686264302804,0.2516556291390728,0.0503311258278145,0.0,0.3801324503311258,0.3178807947019867,0.3359116022099447,0.0596685082872928,0.0,0.3513812154696132,0.2530386740331491,0.0411032990805841,0.0328826392644672,9245.0,380.0,304.0,0.0336879432624113,0.0239361702127659,2256.0,76.0,54.0,,,0.0,0.0,0.0,0.0652940507337049,0.036173359117279,8791.0,574.0,318.0,0.0060300749990578,0.0028768482808004,79601.0,480.0,229.0,0.0,0.0925490274593815,0.0222137687325438,0.0002702892094541,0.0003703963240667,0.0426756629593665,0.0159370526463315,0.0112220075480764,0.0,0.79686264302804,0.0,0.0060364590111419,0.0117325538326008,0.0001301392489964,0.0069192456431617,1.552178318135765,9.341463414634148,0.0770010131712259,0.6727456940222898,0.1661600810536981,0.0982776089159067,0.0152302935708675,0.0098122061060354,0.1070496083550913,1.2321227967272763,0.0020578790921472,0.0,0.080515555733456,0.0354244428655772,0.2330287206266318,0.0711488250652741,0.0950455814512013,0.4411764705882353,0.2941176470588235,0.0020578790921472,0.4337452405332591,0.3137917664953424,0.2413186332501565,0.0090864806290946,0.0,0.0,0.5744125326370757,0.1886422976501305,0.2304177545691906,0.0065274151436031,0.0,0.0,0.756838905775076,0.0141843971631205,0.0121580547112462,0.2168186423505572,0.0,99931.0,11.51879818673291,6.894670039433482,7.334329350300536,0.439659310867055,-4.184468836432374,-4.6241281472994284,0.0,Paid-led headline launches,0.0,Paid-led,1.7185148165660735,,,MaurizioCRev25,2286,1.0,1500.0,1500.0,1500.0,EUR,1500.0,1000.0,1500000.0,1500000.0,2025-10-24,Draw,SE,Mid cost 3D edition,Confirmed,exact,1.0,3.0,
Alex Katz · Ada Ada · 2025 Q4,Alex Katz,Ada Ada,2025 Q4,2025,2025-07-23,2026-09-08,44445.0,200.0,436.0,2025-10-01,2025-10-30,2025-10-30,2025-10-01,2025-10-30,inferred,draw,draw,,2025-08-17,2025-11-02,29.0,52156.0,43103.0,248.0,188.0,35.0,191.0,39.0,32.0,194.0,13.0,126.0,39.0,2.0,15.0,245.0,32.0,192.0,436.0,0.1829100812364703,0.0175508018900863,0.0,0.0543748981634505,0.7451642187099928,0.3068783068783068,0.0423280423280423,0.0,0.3386243386243386,0.3121693121693121,0.3798882681564245,0.0279329608938547,0.0,0.3519553072625698,0.2402234636871508,0.0073810129804021,0.008653601425299,7858.0,58.0,68.0,0.0106100795755968,0.006631299734748,754.0,8.0,5.0,,,0.0,0.0,0.0,0.0273972602739726,0.0269691780821917,2336.0,64.0,63.0,0.0018430012807297,0.0013432043232436,32013.0,59.0,43.0,0.0,0.1829100812364703,0.0174111403365843,0.0001629384790856,0.000139661553502,0.0256511719932031,0.0049579851493214,0.013849770722283,0.0,0.7451642187099928,0.0,0.0054002467354111,0.004352785084146,0.0,0.0032944342621163,0.9896907216494846,14.76923076923077,0.2010309278350515,0.6494845360824743,0.0670103092783505,0.0876288659793814,0.0044544463262417,0.0045008468088068,0.0677083333333333,1.210031784330557,0.0449620676055031,0.1701030927835051,0.1210223673310267,0.0736562545684908,0.1822916666666666,0.125,0.0685395448564884,0.4137931034482758,0.3448275862068966,0.0449620676055031,0.3681414286708582,0.2935758531888731,0.2877989931095283,0.0055216574252372,0.0,0.0,0.4583333333333333,0.265625,0.2604166666666667,0.015625,0.0,0.1701030927835051,0.3556701030927835,0.1958762886597938,0.1546391752577319,0.1237113402061855,0.0,41042.0,10.67134787923793,5.267858159063328,5.2574953720277815,-0.0103627870355465,-5.413852507210148,-5.403489720174601,0.0,Paid-led headline launches,0.0,Paid-led,0.9942551165045675,,,AlexKatzH225,1898,1.0,5000.0,5000.0,5000.0,EUR,5000.0,200.0,1000000.0,1000000.0,2025-10-30,Draw,PE,Silkscreen print,Confirmed,exact,1.0,0.0,
Ai Weiwei · Multiple · 2025 Q4,Ai Weiwei,Multiple,2025 Q4,2025,2025-10-06,2026-09-09,24369.0,150.0,423.0,2025-10-20,2025-11-17,2025-11-17,2025-10-20,2025-11-17,inferred,draw,draw,,2025-09-05,2025-11-20,28.0,41145.0,23543.0,227.0,196.0,94.0,145.0,46.0,85.0,149.0,4.0,91.0,48.0,4.0,3.0,228.0,82.0,186.0,423.0,0.311050593591762,0.0337432449682992,0.0177013744095995,0.0871026764818518,0.5504021105484873,0.4098360655737705,0.0218579234972677,0.0273224043715847,0.3551912568306011,0.1857923497267759,0.5985915492957746,0.0140845070422535,0.0070422535211267,0.2535211267605634,0.1267605633802817,0.0102599179206566,0.0116279069767441,7310.0,75.0,85.0,0.0050441361916771,0.0025220680958385,793.0,4.0,2.0,0.0120192307692307,0.0024038461538461,416.0,5.0,1.0,0.0317537860283341,0.0175867122618466,2047.0,65.0,36.0,0.0026285272516428,0.0013915732508697,12935.0,34.0,18.0,0.0002978596655461,0.3107527339262159,0.0326369090676992,0.0,0.0011063359005999,0.0561252712650525,0.005276371218246,0.0180843368367303,0.0,0.5504021105484873,0.0177013744095995,0.0072337347346921,0.0003829624271307,0.0,0.001783969757465,1.248322147651007,46.5,0.3221476510067114,0.610738255033557,0.0268456375838926,0.046979865771812,0.0079004374973452,0.0063288450919593,0.021505376344086,1.7476532302595251,0.0141018561780571,0.0,0.2539998270345066,0.0230908933667733,0.3010752688172043,0.053763440860215,0.160987632967223,0.25,0.2142857142857142,0.0141018561780571,0.7154568236843223,0.1768253833411205,0.0694049186594741,0.0242110181370258,0.0,0.0,0.6612903225806451,0.2096774193548387,0.0913978494623656,0.0376344086021505,0.0,0.0,0.6510067114093959,0.1543624161073825,0.087248322147651,0.1073825503355704,0.0,23126.0,10.06658381534495,5.003946305945459,5.225746673713202,0.2218003677677421,-4.840837141631749,-5.062637509399491,0.0,Paid-led headline launches,0.0,Paid-led,1.0847088268922842,,,AiWeiweiLE25,2270|2271|2670,3.0,2000.0,2000.0,2000.0,EUR,2000.0,200.0,400000.0,400000.0,2025-11-17,Draw,PE,Silkscreen print,Confirmed,artist+window,1.0,0.0,titles: Forever Bicycle (Blue & Silver) / Forever Bicycle (Red & Gold) / Forever Bicycle (Red & Gold) & Forever Bicycle (Blue & 
Ferrari Sheppard · Put Some Red On It · 2026 Q1,Ferrari Sheppard,Put Some Red On It,2026 Q1,2026,2025-11-14,2026-09-08,12041.0,101.0,151.0,2026-01-08,2026-01-29,2026-01-29,2026-01-08,2026-01-29,inferred,draw,draw,,2025-11-24,2026-02-01,21.0,15637.0,11769.0,101.0,50.0,4.0,101.0,17.0,4.0,101.0,31.0,40.0,17.0,1.0,12.0,100.0,3.0,76.0,151.0,0.1774289857544997,0.0334385396229634,0.0679860104068924,0.0540817196963234,0.667064744519321,0.273972602739726,0.0958904109589041,0.1232876712328767,0.2328767123287671,0.273972602739726,0.3033707865168539,0.0337078651685393,0.1123595505617977,0.3258426966292135,0.2247191011235955,0.0096153846153846,0.0129807692307692,2080.0,20.0,27.0,0.0178571428571428,0.0076530612244897,392.0,7.0,3.0,0.0112923462986198,0.0125470514429109,797.0,9.0,10.0,0.0268138801261829,0.0457413249211356,634.0,17.0,29.0,0.0025575447570332,0.0025575447570332,7820.0,20.0,20.0,0.0003412095879894,0.1770877761665102,0.0329267252409792,0.0,0.0005118143819841,0.0340356564019448,0.0033267934828968,0.0049475390258466,0.0,0.667064744519321,0.0679860104068924,0.0114305211976456,0.0003412095879894,0.0,0.0039085733707196,0.7524752475247525,2.4516129032258065,0.1683168316831683,0.396039603960396,0.3069306930693069,0.1287128712871287,0.0064576429603194,0.0085818676183193,0.4078947368421052,1.3286600390857335,0.061942391027275,0.1881188118811881,0.1106654512306289,0.1627164995442115,0.3026315789473684,0.131578947368421,0.07538742023701,0.4285714285714285,0.238095238095238,0.061942391027275,0.3399609142662928,0.337581782649333,0.2308607358314215,0.0296541762256776,0.0,0.0,0.5789473684210527,0.2236842105263158,0.1578947368421052,0.0394736842105263,0.0,0.1881188118811881,0.1386138613861386,0.2574257425742574,0.0891089108910891,0.3267326732673267,0.0,10970.0,9.373224234877664,4.61512051684126,4.330733340286331,-0.2843871765549283,-5.042490894591332,-4.758103718036403,0.0,Paid-led headline launches,0.0,Paid-led,1.0570014225223117,,,FerrariShLE26,2421,1.0,1250.0,1250.0,1250.0,EUR,1250.0,100.0,125000.0,125000.0,2026-01-29,Draw,PE,Hybrid print,Confirmed,exact,1.0,0.0,
Lee Ufan · Dialogue · 2026 Q1,Lee Ufan,Dialogue,2026 Q1,2026,2025-11-28,2026-09-10,42784.0,157.0,429.0,2026-01-08,2026-01-30,2026-01-30,2026-01-08,2026-01-30,inferred,draw,draw,,2025-11-24,2026-02-02,22.0,51802.0,41770.0,300.0,129.0,189.0,119.0,62.0,186.0,127.0,16.0,10.0,64.0,1.0,37.0,283.0,175.0,208.0,429.0,0.1205952952472395,0.0381901104176668,0.0,0.0517042726836293,0.7895103216514643,0.2326732673267326,0.094059405940594,0.0,0.396039603960396,0.2772277227722772,0.4778761061946903,0.0442477876106194,0.0,0.4513274336283185,0.0265486725663716,0.0093550955414012,0.0107484076433121,5024.0,47.0,54.0,0.0119421747328724,0.0031426775612822,1591.0,19.0,5.0,,,0.0,0.0,0.0,0.0371402042711234,0.0236768802228412,2154.0,80.0,51.0,0.0017025934146119,9.121036149706606e-05,32891.0,56.0,3.0,0.0,0.1205952952472395,0.0374699951992318,0.0002160345655304,0.0007201152184349,0.0251800288046087,0.0031685069611137,0.0051368218915026,0.0,0.7895103216514643,0.0,0.0030964954392702,0.0149063850216034,0.0,0.0026334689968877,1.6377952755905512,13.0,0.5039370078740157,0.0787401574803149,0.1259842519685039,0.2992125984251969,0.0049796504668422,0.003040459660043,0.0769230769230769,1.24017237251616,0.0450562604740244,0.6141732283464567,0.1054713083782558,0.0513124086855761,0.3125,0.0865384615384615,0.0748652325054159,0.5,0.4090909090909091,0.0450562604740244,0.2310509935360306,0.4406033038065597,0.2748384007661,0.0084510414172851,0.0,0.0,0.4038461538461538,0.3605769230769231,0.1875,0.048076923076923,0.0,0.6141732283464567,0.0708661417322834,0.0472440944881889,0.0472440944881889,0.2204724409448819,0.0,39698.0,10.639933657491222,4.844187086458591,5.337538079701318,0.4933509932427267,-5.302395577789903,-5.7957465710326295,0.0,Paid-led headline launches,0.0,Paid-led,1.5827136334434502,,,LeeUfanLE26,2314,1.0,8500.0,8500.0,8500.0,EUR,8500.0,150.0,1275000.0,1275000.0,2026-01-30,Draw,PE,Silkscreen print,Confirmed,exact,1.0,0.0,
Pejac · Multiple · 2026 Q1,Pejac,Multiple,2026 Q1,2026,2025-10-23,2026-09-10,27073.0,116.0,243.0,2026-02-02,2026-02-03,2026-02-03,2026-01-23,2026-02-03,clock,draw,draw,,2025-12-09,2026-02-06,11.0,61004.0,25261.0,243.0,0.0,97.0,110.0,0.0,44.0,111.0,40.0,0.0,0.0,0.0,71.0,173.0,27.0,131.0,243.0,0.2782250069397629,0.0235158821429987,0.1961771820597216,0.1003687988261886,0.4017131300313281,0.4285714285714285,0.0158730158730158,0.2063492063492063,0.3492063492063492,0.0,0.4466019417475728,0.029126213592233,0.116504854368932,0.4077669902912621,0.0,0.0076966932725199,0.0065564424173318,7016.0,54.0,46.0,0.0033726812816188,0.0050590219224283,593.0,2.0,3.0,0.0052557105316353,0.0024257125530624,4947.0,26.0,12.0,0.0173844330304227,0.0165942315290399,2531.0,44.0,42.0,0.0,0.0,10130.0,0.0,0.0,0.0486973073720109,0.2295276995677519,0.0225641432367053,0.0,0.0009517389062933,0.0709045485188563,0.0084466827933536,0.0080897807034936,0.0,0.4017131300313281,0.1961771820597216,0.0101518816671293,0.0027759051433556,0.0,0.001741815446736,1.18018018018018,3.275,0.0,0.0,0.3603603603603603,0.6396396396396397,0.0051858596255096,0.0043941253315387,0.3053435114503817,2.4149479434701715,0.0838446617315229,0.0990990990990991,0.2858700095380842,0.1560612254167234,0.0,1.0,0.2161057364763591,0.4545454545454545,0.9090909090909092,0.0838446617315229,0.3463837536122877,0.2431020149637781,0.2507026641858992,0.075966905506512,0.0,0.0,0.0,0.0,0.5190839694656488,0.4809160305343511,0.0,0.0990990990990991,0.0,0.027027027027027,0.0,0.8738738738738738,0.0,22017.0,10.137016983402756,4.709530201312334,4.875197323201151,0.1656671218888173,-5.261819660201604,-5.427486782090421,0.0,Paid-led headline launches,0.0,Paid-led,1.4760975055342869,,,PejacRepeat26,2696|2732|2695|2731|2694|1852|2699|2735|2698|2734|2697|2733|2702|2739|2701|2738|2700|2737|2705|2742|2704|2741|2703|2740|2429|2876,26.0,3875.0,3000.0,12000.0,EUR,3875.0,288.0,1116000.0,1116000.0,2026-02-03,Draw,HFPE,Silkscreen print,Confirmed,artist+window,1.0,0.0,titles: SELF-DEFENCE 10am / SELF-DEFENCE 10am (Special Edition) / SELF-DEFENCE 11am / SELF-DEFENCE 11am (Special Edition) / SELF; 5 codes merged as one launch: PejacRepeat26 + PejacRepeat26 + PejacRepeat26 + PejacRepeat26 + Pejac
Maurizio Cattelan · Window · 2026 Q1,Maurizio Cattelan,Window,2026 Q1,2026,2025-12-02,2026-09-10,27888.0,304.0,673.0,2026-01-26,2026-02-20,2026-02-20,2026-01-26,2026-02-20,inferred,draw,draw,,2025-12-12,2026-02-23,25.0,33711.0,24976.0,444.0,229.0,205.0,279.0,117.0,201.0,296.0,50.0,59.0,119.0,8.0,61.0,431.0,191.0,306.0,673.0,0.2524099544226192,0.0431976767636026,0.0,0.0944218126083975,0.6099705562053805,0.4451827242524916,0.0365448504983388,0.0033222591362126,0.3654485049833887,0.1495016611295681,0.5320754716981132,0.0490566037735849,0.0,0.3094339622641509,0.1094339622641509,0.0214125918823905,0.0225311601150527,6258.0,134.0,141.0,0.0102707749766573,0.0121381886087768,1071.0,11.0,13.0,,,0.0,1.0,0.0,0.0469884664673216,0.0350277659120034,2341.0,110.0,82.0,0.0029756000793493,0.0019176089400251,15123.0,45.0,29.0,0.0005243415480175,0.2518856128746017,0.0415439841890856,0.0,0.001653692574517,0.0634453273101278,0.0114145121606905,0.007300447707014,0.0,0.6099705562053805,0.0,0.0052837494454079,0.0069777759851571,0.0,0.0073270339525944,1.0337837837837838,6.12,0.402027027027027,0.1993243243243243,0.1689189189189189,0.2331081081081081,0.0122517616912235,0.0118513773222293,0.1633986928104575,1.349735746316464,0.0913677130044843,0.4189189189189189,0.3777492018446257,0.0116175948918056,0.5522875816993464,0.0588235294117647,0.1469049308265342,0.16,0.08,0.0913677130044843,0.737427930813581,0.1316864189622037,0.0277866752081998,0.011731262011531,0.0,0.0,0.7843137254901961,0.0980392156862745,0.0849673202614379,0.0326797385620915,0.0,0.4189189189189189,0.1418918918918918,0.0371621621621621,0.0168918918918918,0.3851351351351351,0.0,22552.0,10.125670642755214,5.69035945432406,5.723585101952381,0.0332256476283203,-4.402085540802832,-4.435311188431153,0.0,Paid-led headline launches,0.0,Paid-led,1.1984662524506855,,,MaurizioCLE26,2247,1.0,1500.0,1500.0,1500.0,EUR,1500.0,300.0,450000.0,450000.0,2026-02-20,Draw,PE,Hybrid print,Confirmed,exact,1.0,0.0,
Jean-Michel Othoniel · Multiple · 2026 Q1,Jean-Michel Othoniel,Multiple,2026 Q1,2026,2025-11-14,2026-09-10,17628.0,121.0,275.0,2026-02-02,2026-03-03,2026-03-03,2026-02-02,2026-03-03,clock,draw,draw,,2025-12-19,2026-03-06,29.0,27984.0,17340.0,153.0,122.0,25.0,114.0,18.0,7.0,119.0,14.0,58.0,18.0,2.0,27.0,160.0,6.0,103.0,275.0,0.0687702265372168,0.0305709662505779,0.0005201109570041,0.0643203883495145,0.8358183079056866,0.145631067961165,0.0388349514563106,0.0,0.3203883495145631,0.4951456310679611,0.2743362831858407,0.0353982300884955,0.0,0.3008849557522124,0.3893805309734513,0.0126050420168067,0.0260504201680672,1190.0,15.0,31.0,0.0075614366729678,0.0075614366729678,529.0,4.0,4.0,,,9.0,0.0,0.0,0.0296495956873315,0.0305480682839173,1113.0,33.0,34.0,0.0035262393694254,0.0030422457304846,14463.0,51.0,44.0,0.0,0.0687702265372168,0.0299930651872399,0.0001155802126675,0.0005779010633379,0.0449029126213592,0.0048543689320388,0.0052588996763754,0.0,0.8358183079056866,0.0005201109570041,0.0072815533980582,0.0019070735090152,0.0,0.002076124567474,0.865546218487395,7.357142857142857,0.1512605042016806,0.4873949579831932,0.1176470588235294,0.2436974789915966,0.0059400230680507,0.0068627450980392,0.1359223300970873,1.613840830449827,0.0302191464821222,0.0840336134453781,0.2855352667382742,0.010204081632653,0.3495145631067961,0.0097087378640776,0.1444086406492421,0.1724137931034483,0.1379310344827586,0.0302191464821222,0.6079584775086505,0.1916378316032295,0.1631487889273356,0.007035755478662,0.0,0.0,0.7184466019417476,0.1067961165048543,0.1650485436893204,0.0097087378640776,0.0,0.0840336134453781,0.4621848739495798,0.1008403361344537,0.0504201680672268,0.3025210084033613,0.0,16758.0,9.760771250334534,4.77912349311153,4.634728988229636,-0.1443945048818935,-5.126042262104897,-4.981647757223003,0.0,Paid-led headline launches,0.0,Paid-led,1.3415486031209565,,,JeanMichelLE25,2351|1911,2.0,3500.0,3500.0,3500.0,EUR,3500.0,120.0,420000.0,420000.0,2026-03-03,Draw,SE,Mid cost 3D edition,Confirmed,artist+window,1.0,0.0,titles: Kokoro (gold) / Kokoro (red)
Jeff Koons · Multiple · 2026 Q1,Jeff Koons,Multiple,2026 Q1,2026,2026-01-31,2026-09-10,152556.0,503.0,783.0,2026-02-18,2026-03-17,2026-03-17,2026-02-18,2026-03-17,clock,draw,draw,,2026-01-04,2026-03-20,27.0,206545.0,150129.0,458.0,325.0,29.0,454.0,13.0,9.0,468.0,63.0,199.0,13.0,13.0,180.0,477.0,6.0,337.0,783.0,0.0715076422417242,0.0088492624503187,2.6674491184080665e-05,0.0605510949878631,0.8590653258289098,0.3423423423423423,0.057057057057057,0.0,0.2642642642642642,0.3363363363363363,0.3177339901477832,0.0541871921182266,0.0,0.3645320197044335,0.2635467980295566,0.0106313531660915,0.0120302154247878,10723.0,114.0,129.0,0.014318010550113,0.0165787490580256,1327.0,19.0,22.0,,,4.0,0.0,0.0,0.0096916299559471,0.0162995594713656,9080.0,88.0,148.0,0.0008694167145363,0.0008306034683516,128822.0,112.0,107.0,6.668622796020166e-06,0.0715009736189282,0.0083091040038411,0.0001066979647363,0.0005401584464776,0.0299487849769265,0.0043679479313932,0.014224172423911,0.0,0.8590653258289098,2.6674491184080665e-05,0.0038144522393235,0.0080890394515724,0.0,0.001152342318939,0.7200854700854701,5.349206349206349,0.0277777777777777,0.4252136752136752,0.1346153846153846,0.4123931623931623,0.0022447361935402,0.0031173191055692,0.1869436201780415,1.3757834928628043,0.000392995357326,0.0042735042735042,0.0666836413342088,0.1128569705578858,0.258160237388724,0.1335311572700296,0.081592313155814,0.6296296296296297,0.3333333333333333,0.000392995357326,0.1973636006367857,0.3088144195991447,0.4573133771623071,0.0361156072444364,0.0,0.0,0.4777448071216617,0.2195845697329377,0.2700296735905044,0.0326409495548961,0.0,0.0042735042735042,0.2094017094017094,0.079059829059829,0.4017094017094017,0.3055555555555556,0.0,149242.0,11.919250203490275,6.148468295917647,5.820082930352362,-0.328385365565285,-6.099167273137913,-5.770781907572628,0.0,Paid-led headline launches,0.0,Paid-led,1.6479286757284302,,,JeffKoonsLE25,2121|2336|2915,3.0,3000.0,3000.0,3000.0,EUR,3000.0,666.0,1998000.0,1998000.0,2026-03-17,Draw,SE,Mid cost 3D edition,Confirmed,artist+window,1.0,0.0,titles: Split-Rocker (Wood) Pink/Blue / Split-Rocker (Wood) Pink/Orange / [Pair] Split-Rocker (Wood) Pink/Blue & Pink/Orange
Ai Weiwei · Arm · Multiple · 2026 Q2,Ai Weiwei,Arm · Multiple,2026 Q2,2026,2025-11-20,2026-09-10,17526.0,146.0,391.0,2026-03-31,2026-04-22,2026-04-22,2026-03-31,2026-04-22,clock,draw,draw,,2026-02-14,2026-04-25,22.0,35634.0,17209.0,220.0,171.0,60.0,145.0,22.0,57.0,146.0,18.0,89.0,23.0,4.0,12.0,222.0,61.0,183.0,391.0,0.3287934346079972,0.036901228100809,0.0286944880973168,0.0902741400384145,0.5153367091554625,0.3666666666666666,0.0222222222222222,0.0222222222222222,0.3111111111111111,0.2777777777777778,0.5109489051094891,0.0218978102189781,0.0,0.2627737226277372,0.2043795620437956,0.0116834838024429,0.0123915737298636,5649.0,66.0,70.0,0.0063091482649842,0.0047318611987381,634.0,4.0,3.0,0.0081135902636916,0.0,493.0,4.0,0.0,0.0361057382333978,0.02321083172147,1551.0,56.0,36.0,0.0056471651231082,0.0031624124689405,8854.0,50.0,28.0,0.14393807112508,0.1848553634829171,0.0356789476747569,0.0,0.001222280426052,0.0682730923694779,0.0051219370234561,0.0071008672370641,0.0,0.5153367091554625,0.0286944880973168,0.0073336825563122,0.002444560852104,0.0,0.0016270556104363,1.2534246575342465,10.166666666666666,0.1575342465753424,0.6095890410958904,0.1232876712328767,0.1095890410958904,0.0106339705967807,0.0084839328258469,0.0983606557377049,2.070660700796095,0.1522459178336916,0.136986301369863,0.2505674393011899,0.0218722057913198,0.4153005464480874,0.0655737704918032,0.1984318041130751,0.5,0.2272727272727272,0.1522459178336916,0.265907374048463,0.3993259341042477,0.1754314602824103,0.0070893137311871,0.0,0.0,0.5519125683060109,0.2404371584699453,0.2076502732240437,0.0,0.0,0.136986301369863,0.2808219178082192,0.2465753424657534,0.1438356164383561,0.1917808219178082,0.0,14539.0,9.753187781764913,4.983606621708336,5.209486152841421,0.2258795311330844,-4.54370162892349,-4.769581160056575,0.0,Paid-led headline launches,0.0,Paid-led,0.8736342162093103,,,AiWeiweiFingerSE25,2408|2686|2755,3.0,1650.0,1650.0,1650.0,EUR,1650.0,200.0,330000.0,330000.0,2026-04-22,Draw,SE,Mid cost 3D edition,Confirmed,artist+window,1.0,0.0,titles: Blue Arm / Red Arm / Red Arm & Blue Arm [Pair]
Maurizio Cattelan · La Nona Ora · 2026 Q2,Maurizio Cattelan,La Nona Ora,2026 Q2,2026,2026-02-19,2026-09-10,152700.0,651.0,1190.0,2026-04-01,2026-04-23,2026-04-23,2026-04-02,2026-04-23,clock,draw,draw,,2026-02-16,2026-04-26,21.0,168855.0,151487.0,732.0,458.0,46.0,618.0,91.0,17.0,620.0,118.0,309.0,91.0,1.0,101.0,721.0,17.0,483.0,1190.0,0.0585045529992924,0.0112353606358989,0.0005885503805738,0.0462375759659831,0.8834339600182517,0.2071881606765327,0.040169133192389,0.0,0.4038054968287526,0.3488372093023256,0.2940140845070422,0.0404929577464788,0.0,0.3538732394366197,0.3116197183098591,0.0110772013111789,0.0188764552955804,8847.0,98.0,167.0,0.011183048852266,0.0135373749264273,1699.0,19.0,23.0,0.0,0.0,89.0,0.0,0.0,0.0273169336384439,0.0287471395881006,6992.0,191.0,201.0,0.001235103898437,0.0013249296365051,133592.0,165.0,177.0,0.0176168338634695,0.0408877191358228,0.0110105211646684,9.258095874195702e-05,0.0002248394712304,0.0248447615709666,0.0053167922020381,0.0072543794099947,0.0,0.8834339600182517,0.0005885503805738,0.0064872800375614,0.0022417817866802,0.0,0.0017691287041132,0.7790322580645161,4.093220338983051,0.146774193548387,0.4983870967741935,0.1903225806451612,0.164516129032258,0.0031883924033085,0.0040927604348888,0.2443064182194617,1.1146501019889496,0.0191831642319142,0.1241935483870967,0.0938376960164454,0.1836925136763522,0.3109243697478991,0.1407563025210084,0.090997612977827,0.5714285714285714,0.3333333333333333,0.0191831642319142,0.2098595919121773,0.3189976697670427,0.3956973205621604,0.0562622535267052,0.0,0.0144927536231884,0.474120082815735,0.2070393374741201,0.2505175983436853,0.0538302277432712,0.0,0.1241935483870967,0.0370967741935483,0.3532258064516129,0.1419354838709677,0.3435483870967742,0.0,147883.0,11.928255091668936,6.429719478039138,6.180016653652572,-0.2497028243865645,-5.748238438016363,-5.498535613629799,0.0,Paid-led headline launches,0.0,Paid-led,1.4578904478847357,,,MaurizioNonaOra26,2748,1.0,2200.0,2200.0,2200.0,EUR,2200.0,666.0,1465200.0,1465200.0,2026-04-23,Draw,SE,Mid cost 3D edition,Confirmed,exact,1.0,0.0,
Maurizio Cattelan · THERAPY · 2026 Q2,Maurizio Cattelan,THERAPY,2026 Q2,2026,2026-03-23,2026-09-10,14459.0,324.0,392.0,2026-04-13,2026-05-05,2026-05-05,2026-04-13,2026-05-05,clock,draw,draw,,2026-02-27,2026-05-08,22.0,19011.0,13988.0,224.0,168.0,1.0,311.0,103.0,0.0,317.0,44.0,138.0,107.0,0.0,28.0,221.0,0.0,194.0,392.0,0.3239709790963292,0.0086200703972415,0.0032325263989655,0.0912290783708067,0.5729473457366568,0.4736842105263157,0.0210526315789473,0.0105263157894736,0.3368421052631579,0.1578947368421052,0.5777027027027027,0.0101351351351351,0.0067567567567567,0.304054054054054,0.1013513513513513,0.0199556541019955,0.0379157427937915,4510.0,90.0,171.0,0.0333333333333333,0.025,120.0,4.0,3.0,0.0444444444444444,0.0444444444444444,45.0,2.0,2.0,0.0503937007874015,0.0708661417322834,1270.0,64.0,90.0,0.0037612838515546,0.0037612838515546,7976.0,30.0,30.0,0.0009338409597011,0.3230371381366281,0.0086200703972415,0.0005746713598161,0.0,0.0652251993391279,0.0076143955175633,0.0077580633575174,0.0,0.5729473457366568,0.0032325263989655,0.005674879678184,0.0043818691185978,0.0,0.0047898198455819,0.61198738170347,4.409090909090909,0.3375394321766561,0.4353312302839117,0.138801261829653,0.0883280757097791,0.0138690305976551,0.0226622819559622,0.2268041237113402,1.3590935087217615,0.1187446382613668,0.3312302839116719,0.2378422558234573,0.1691050265631385,0.4072164948453608,0.134020618556701,0.1644462607274213,0.3181818181818182,0.1818181818181818,0.1187446382613668,0.4847011724335144,0.1148126965970832,0.236702888189877,0.0450386045181584,0.0,0.0,0.6185567010309279,0.1546391752577319,0.1752577319587628,0.0515463917525773,0.0,0.3312302839116719,0.1230283911671924,0.1640378548895899,0.1451104100946372,0.2365930599369085,0.0,12235.0,9.545955098183269,5.75890177387728,5.267858159063328,-0.4910436148139525,-4.278096939119938,-3.787053324305986,0.0,Paid-led headline launches,0.0,Paid-led,0.999800624963384,,,MaurizioTherapy26,2750,1.0,800.0,800.0,800.0,EUR,800.0,327.0,261600.0,261600.0,2026-05-05,Draw,PE,Hybrid print,Confirmed,exact,1.0,0.0,
Takashi Murakami · Multiple · 2026 Q2,Takashi Murakami,Multiple,2026 Q2,2026,2026-03-23,2026-09-10,23950.0,877.0,3232.0,2026-05-01,2026-05-27,2026-05-27,2026-04-29,2026-05-27,clock,draw,draw,,2026-03-15,2026-05-30,28.0,75927.0,22717.0,1841.0,1391.0,1354.0,679.0,233.0,1220.0,846.0,56.0,264.0,256.0,35.0,249.0,2033.0,1298.0,1692.0,3232.0,0.5952741863575568,0.0966116807846634,0.016941596076683,0.2885867142220241,0.0025858225590726,0.476044226044226,0.0964373464373464,0.0049140049140049,0.4109336609336609,0.0116707616707616,0.5443037974683544,0.0518987341772151,0.0037974683544303,0.389873417721519,0.010126582278481,0.0580437387657279,0.0322049131216297,13352.0,775.0,430.0,0.0724503922473465,0.0189201661282879,2167.0,157.0,41.0,0.0210526315789473,0.0078947368421052,380.0,8.0,3.0,0.1033523868376332,0.0475822647922138,6473.0,669.0,308.0,0.3275862068965517,0.1379310344827586,58.0,19.0,8.0,0.1521176995095853,0.4431564868479715,0.0900579580918412,0.000222915737851,0.0065537226928221,0.2163174320106999,0.0350869371377619,0.0135532768613464,0.0,0.0025858225590726,0.016941596076683,0.0069995541685242,0.0163174320106999,8.916629514043692e-05,0.0126337104371175,2.0,30.214285714285715,0.3026004728132387,0.3120567375886525,0.0661938534278959,0.3356973995271867,0.0744816657129022,0.0372408328564511,0.0330969267139479,3.3422987190209974,0.028348813663776,0.1099290780141844,0.4566452626229962,0.1145655287106758,0.3185579196217494,0.1294326241134751,0.3309003557074883,0.1071428571428571,0.1428571428571428,0.028348813663776,0.7413390852665405,0.0627723731126469,0.1008936039089668,0.0666461240480697,0.0,0.0,0.7033096926713948,0.1004728132387706,0.1365248226950354,0.059692671394799,0.0,0.1099290780141844,0.3947990543735225,0.0354609929078014,0.0153664302600472,0.4444444444444444,0.0,21647.0,10.03086882186322,6.740519359606223,7.433666540166168,0.6931471805599453,-2.597202281697052,-3.290349462256997,0.0,Paid-led headline launches,1.0,Organic,2.496405051706961,,,TakashiMuLE26,1822|2472|2473|2474|2998,5.0,700.0,700.0,700.0,EUR,700.0,1200.0,840000.0,840000.0,2026-05-27,Draw,PE,Hybrid print,Confirmed,artist+window,1.0,0.0,"titles: Flowers of Heaven, 2018 / Lollipop Flowers Rainbow / Mid-summer Pandas Golden Sky, 2021 / Tan Tan Bo Communicating with "
Anni and Josef Albers · Multiple · 2026 Q2,Anni and Josef Albers,Multiple,2026 Q2,2026,2026-04-14,2026-09-10,21005.0,980.0,2228.0,2026-04-30,2026-05-28,2026-05-28,2026-04-30,2026-05-28,clock,draw,draw,,2026-03-16,2026-05-31,28.0,89022.0,19644.0,1301.0,927.0,509.0,867.0,45.0,354.0,946.0,170.0,525.0,54.0,17.0,182.0,1377.0,362.0,1177.0,2228.0,0.2262057630078586,0.002927731265088,0.0,0.2759771945143561,0.4948893112126971,0.1904761904761904,0.0380952380952381,0.0,0.3341991341991342,0.4372294372294372,0.2420814479638009,0.0271493212669683,0.0,0.3653846153846153,0.3653846153846153,0.0499545867393278,0.0485921889191644,4404.0,220.0,214.0,0.7719298245614035,0.4210526315789473,57.0,44.0,24.0,,,0.0,0.0,0.0,0.0718406849060115,0.0601153917736832,5373.0,386.0,323.0,0.0524130773222625,0.033523611831863,9635.0,505.0,323.0,0.0738096461040628,0.1523961169037958,0.0025681853202527,0.0,0.0003595459448353,0.2259489444758333,0.0268632184498433,0.0053418254661256,0.0,0.4948893112126971,0.0,0.0141250192613899,0.0036981868611639,0.0,0.00890857259214,1.244186046511628,6.923529411764706,0.0570824524312896,0.554968287526427,0.1797040169133192,0.2103594080338266,0.0599165139482793,0.0481571981266544,0.1444350042480883,4.531765424557117,0.053044186520057,0.0243128964059196,0.0673103147329951,0.0876015927562319,0.0620220900594732,0.1673746813933729,0.1021654939180712,0.7142857142857143,0.6428571428571429,0.053044186520057,0.1075137446548564,0.2824272042353899,0.517104459376909,0.0399104052127876,0.0,0.0,0.1418861512319456,0.3661852166525063,0.4409515717926933,0.0509770603228547,0.0,0.0243128964059196,0.1448202959830866,0.3245243128964059,0.193446088794926,0.3128964059196617,0.0,18333.0,9.885527227159136,6.852242569051878,7.0707241072602764,0.2184815382083984,-2.8148031198988583,-3.033284658107257,0.0,Paid-led headline launches,0.0,Paid-led,1.9181201236650507,,,AlbersLE26,2727|2726|2994|2729|2728|2995|2730|2996|2892,9.0,541.5428167020524,400.0,600.0,EUR,541.5428167020524,1413.0,765200.0,765200.0,2026-05-28,Draw,PE,Silkscreen print,Confirmed,fuzzy+window,1.0,0.0,"artist matched 'Anni Albers' at similarity 1.00; titles: Study for A, 1968 / Study for TR I, ca. 1969 / Study for TR I, ca. 1969 & Study for A, 1968 / Homage to the Square (Red); 2 codes merged as one launch: AlbersLE26 + AlbersLE26"
Cindy Sherman · Untitled · 2026 Q2,Cindy Sherman,Untitled,2026 Q2,2026,2026-05-06,2026-09-10,30811.0,497.0,679.0,2026-05-14,2026-06-10,2026-06-10,2026-05-14,2026-06-10,clock,draw,draw,,2026-03-30,2026-06-13,27.0,38296.0,30348.0,459.0,220.0,53.0,492.0,138.0,52.0,495.0,141.0,185.0,139.0,2.0,29.0,449.0,51.0,393.0,679.0,0.4099007929924682,0.0177510866319386,0.0006304124224426,0.0612163641793025,0.5105013437738478,0.6076923076923076,0.0153846153846153,0.0,0.2230769230769231,0.1538461538461538,0.6237373737373737,0.0126262626262626,0.0,0.2525252525252525,0.1111111111111111,0.0191840699368625,0.0199935243645782,12354.0,237.0,247.0,0.011214953271028,0.0093457943925233,535.0,6.0,5.0,,,19.0,0.0,0.0,0.0471544715447154,0.05420054200542,1845.0,87.0,100.0,0.0038996490315871,0.0028597426231639,15386.0,60.0,44.0,0.0772752911510003,0.3326255018414679,0.0173529314177643,0.0,0.0003981552141743,0.0371279737217558,0.0051760177842662,0.0092902883307342,0.0,0.5105013437738478,0.0006304124224426,0.0046451441653671,0.004976940177179,0.0,0.0068867800184526,0.793939393939394,2.7872340425531914,0.2808080808080808,0.3737373737373737,0.2848484848484848,0.0626262626262626,0.0129497825227362,0.0163107947805456,0.3587786259541984,1.2618953473046,0.0775339396335837,0.1515151515151515,0.2780922167345614,0.545441436244998,0.3384223918575064,0.4351145038167939,0.2567864739175889,0.925925925925926,0.5925925925925926,0.0775339396335837,0.2953077632792935,0.062046922367207,0.3606497957031765,0.2044615790167391,0.0,0.0,0.4300254452926209,0.0814249363867684,0.3460559796437659,0.1424936386768447,0.0,0.1515151515151515,0.4121212121212121,0.0464646464646464,0.0909090909090909,0.298989898989899,0.0,27739.0,10.320485896457964,6.20455776256869,5.973809611869261,-0.230748150699429,-4.346676284588704,-4.115928133889275,0.0,Paid-led headline launches,0.0,Paid-led,1.87121466811086,,,CindySherLE26,2624,1.0,1275.0,1275.0,1275.0,EUR,1275.0,500.0,637500.0,637500.0,2026-06-10,Draw,PE,Digital print,Confirmed,exact,1.0,0.0,
Felipe Pantone · Subtractive Variability Dimensional 13 AA · 2026 Q2,Felipe Pantone,Subtractive Variability Dimensional 13 AA,2026 Q2,2026,2026-05-06,2026-09-10,31477.0,153.0,284.0,2026-05-22,2026-06-29,2026-06-29,2026-05-22,2026-06-19,clock,draw,draw,,2026-04-07,2026-07-02,28.0,36282.0,31089.0,177.0,107.0,1.0,151.0,12.0,0.0,151.0,49.0,85.0,12.0,0.0,5.0,177.0,0.0,154.0,284.0,0.176965206185567,0.0204896907216494,0.0350515463917525,0.0245489690721649,0.742944587628866,0.2251655629139073,0.0264900662251655,0.1125827814569536,0.086092715231788,0.5496688741721855,0.2867132867132867,0.0279720279720279,0.1048951048951049,0.0769230769230769,0.5034965034965035,0.0061896959766976,0.0074640451483706,5493.0,34.0,41.0,0.0062893081761006,0.0062893081761006,636.0,4.0,4.0,0.015625,0.0137867647058823,1088.0,17.0,15.0,0.0170603674540682,0.0144356955380577,762.0,13.0,11.0,0.003599150080222,0.0031221542864576,23061.0,83.0,72.0,9.664948453608248e-05,0.1768685567010309,0.0202319587628866,0.0,0.0002577319587628,0.0162371134020618,0.0016430412371134,0.0022873711340206,0.0,0.742944587628866,0.0350515463917525,0.0042847938144329,9.664948453608248e-05,0.0,0.0015761201711216,1.0198675496688745,3.142857142857143,0.0794701986754966,0.5629139072847682,0.3245033112582781,0.0331125827814569,0.0049535205378108,0.0048570233844768,0.3181818181818182,1.1670365724211136,0.0499855254269999,0.0662251655629139,0.1703783783783783,0.5353513513513514,0.3333333333333333,0.3333333333333333,0.3202162162162162,0.9642857142857144,0.2857142857142857,0.0499855254269999,0.1078194859918299,0.0159220303001061,0.078516517096079,0.7477564411849851,0.0,0.0,0.2532467532467532,0.0259740259740259,0.1103896103896103,0.6103896103896104,0.0,0.0662251655629139,0.1589403973509933,0.0794701986754966,0.0331125827814569,0.6622516556291391,0.0,9250.0,10.344609337852328,5.017279836814924,5.0369526024136295,0.0196727655987049,-5.307656735438698,-5.327329501037402,0.0,Paid-led headline launches,0.0,Paid-led,1.9126097255879668,,,FelipePantoneLE26,2498,1.0,2000.0,2000.0,2000.0,EUR,2000.0,200.0,400000.0,400000.0,2026-06-29,Draw,SE,Mid cost 3D edition,Confirmed,exact,1.0,10.0,
Urs Fischer · Multiple · 2026 Q2,Urs Fischer,Multiple,2026 Q2,2026,2026-04-15,2026-09-10,10964.0,112.0,139.0,2026-06-03,2026-06-25,2026-06-25,2026-06-03,2026-06-25,clock,draw,draw,,2026-04-19,2026-06-28,22.0,16487.0,10718.0,85.0,54.0,8.0,97.0,13.0,1.0,111.0,18.0,53.0,17.0,1.0,22.0,102.0,1.0,84.0,139.0,0.4448598130841121,0.0297196261682242,0.0309345794392523,0.0593457943925233,0.4351401869158878,0.3928571428571428,0.0357142857142857,0.0952380952380952,0.2976190476190476,0.1785714285714285,0.4403669724770642,0.036697247706422,0.0458715596330275,0.3394495412844037,0.1376146788990825,0.0069327731092436,0.0100840336134453,4760.0,33.0,48.0,0.0094339622641509,0.0125786163522012,318.0,3.0,4.0,0.0241691842900302,0.0151057401812688,331.0,8.0,5.0,0.0393700787401574,0.058267716535433,635.0,25.0,37.0,0.003221649484536,0.003221649484536,4656.0,15.0,15.0,0.1879439252336448,0.2569158878504673,0.0288785046728971,0.0,0.0008411214953271,0.03803738317757,0.0045794392523364,0.0015887850467289,0.0,0.4351401869158878,0.0309345794392523,0.0146728971962616,0.0004672897196261,0.0,0.0016794178018286,0.7567567567567568,4.666666666666667,0.1531531531531531,0.4774774774774775,0.1621621621621621,0.2072072072072072,0.0078372830752005,0.0103564097779436,0.2142857142857142,1.538253405486098,0.1755924612800895,0.2342342342342342,0.291609667122663,0.243844049247606,0.3809523809523809,0.1785714285714285,0.2299361605107159,0.5,0.2727272727272727,0.1755924612800895,0.3250606456428438,0.1362194439261056,0.3179697704795671,0.0451576786713939,0.0,0.0,0.5119047619047619,0.1904761904761904,0.2619047619047619,0.0357142857142857,0.0,0.2342342342342342,0.3063063063063063,0.1531531531531531,0.054054054054054,0.2522522522522522,0.0,8772.0,9.279679850054796,4.709530201312334,4.430816798843313,-0.2787134024690205,-4.848863051211482,-4.570149648742461,0.0,Paid-led headline launches,0.0,Paid-led,1.1844278767019245,,,UrsFischerLE26,2543|2880,2.0,1250.0,1250.0,1250.0,EUR,1250.0,200.0,250000.0,250000.0,2026-06-25,Draw,PE,Hybrid print,Confirmed,artist+window,1.0,0.0,titles: Problem Painting
Johnson Tsang · Alliance · 2026 Q2,Johnson Tsang,Alliance,2026 Q2,2026,2026-05-15,2026-09-10,12156.0,199.0,310.0,2026-06-04,2026-06-26,2026-06-26,2026-06-04,2026-06-11,clock,draw,draw,,2026-04-20,2026-06-29,7.0,14698.0,11428.0,194.0,116.0,15.0,195.0,44.0,13.0,195.0,47.0,94.0,44.0,1.0,9.0,191.0,13.0,163.0,310.0,0.3033441586939349,0.0307206179232862,0.0750460809268849,0.0454665145264636,0.5454226279294303,0.3374233128834356,0.1104294478527607,0.1226993865030674,0.1533742331288343,0.2760736196319018,0.4184782608695652,0.0815217391304347,0.0978260869565217,0.1467391304347826,0.2554347826086957,0.0159143518518518,0.0222800925925925,3456.0,55.0,77.0,0.0514285714285714,0.0428571428571428,350.0,18.0,15.0,0.023391812865497,0.0210526315789473,855.0,20.0,18.0,0.0482625482625482,0.0521235521235521,518.0,25.0,27.0,0.0072417122626327,0.0075635661409719,6214.0,45.0,47.0,0.0619678750109716,0.2413762836829632,0.0305450715351531,0.0,0.000175546388133,0.0344948652681471,0.0035987009567278,0.0022821030457298,0.0,0.5454226279294303,0.0750460809268849,0.0045642060914596,0.0005266391643991,0.0,0.0030626531326566,0.8358974358974359,3.4680851063829787,0.2256410256410256,0.482051282051282,0.241025641025641,0.0512820512820512,0.014263213160658,0.0170633531676583,0.2883435582822086,1.2861393069653482,0.1400945047252362,0.2307692307692307,0.3073378234668557,0.2343140730237504,0.4461538461538462,0.1076923076923077,0.3073378234668557,0.7142857142857143,0.1428571428571428,0.1400945047252362,0.1020301015050752,0.0081379068953447,0.0788414420721036,0.6708960448022401,0.0,0.0,0.2453987730061349,0.0306748466257668,0.0797546012269938,0.6441717791411042,0.0,0.2307692307692307,0.0307692307692307,0.0871794871794871,0.082051282051282,0.5692307692307692,0.0,2821.0,9.343821763350665,5.272999558563747,5.093750200806762,-0.1792493577569844,-4.250071562543901,-4.070822204786917,0.0,Paid-led headline launches,0.0,Paid-led,1.358663012293564,,,JohnsonTsAlliance26,2607,1.0,950.0,950.0,950.0,EUR,950.0,200.0,190000.0,190000.0,2026-06-26,Draw,SE,Mid cost 3D edition,Confirmed,exact,1.0,15.0,
Hank Willis Thomas · “Success is no accident.” · 2026 Q2,Hank Willis Thomas,“Success is no accident.”,2026 Q2,2026,2026-04-22,2026-09-09,20421.0,297.0,434.0,2026-06-08,2026-06-30,2026-06-30,2026-06-08,2026-06-30,clock,draw,draw,,2026-04-24,2026-07-03,22.0,23684.0,20081.0,271.0,163.0,0.0,287.0,35.0,0.0,289.0,90.0,150.0,36.0,0.0,13.0,271.0,0.0,253.0,434.0,0.1601742439415181,0.0213799319046665,0.0229321049469256,0.0374524334067694,0.7580612858001202,0.348,0.04,0.092,0.168,0.352,0.3713235294117647,0.0367647058823529,0.0992647058823529,0.1727941176470588,0.3198529411764705,0.0271959987496092,0.0315723663644889,3199.0,87.0,101.0,0.0234192037470726,0.0234192037470726,427.0,10.0,10.0,0.0502183406113537,0.0589519650655021,458.0,23.0,27.0,0.0561497326203208,0.0628342245989304,748.0,42.0,47.0,0.0058124174372523,0.0057463672391017,15140.0,88.0,87.0,0.0313438814340076,0.1288303625075105,0.0209793711195673,0.0,0.0004005607850991,0.0261365912277188,0.0047065892249148,0.0036050470658922,0.0,0.7580612858001202,0.0229321049469256,0.0028039254956939,0.0002002803925495,0.0,0.0054280165330411,0.8754325259515571,2.811111111111111,0.1245674740484429,0.5190311418685121,0.3114186851211072,0.0449826989619377,0.0125989741546735,0.0143917135600816,0.3557312252964427,1.1794233354912604,0.0602061650316219,0.1038062283737024,0.0900622771065098,0.1596848884867195,0.2411067193675889,0.1699604743083003,0.0827167722361207,0.5909090909090909,0.4545454545454545,0.0602061650316219,0.2400776853742343,0.2831532294208456,0.379413375827897,0.0371495443454011,0.0,0.0,0.4268774703557312,0.2094861660079051,0.3201581027667984,0.0434782608695652,0.0,0.1038062283737024,0.3217993079584775,0.0795847750865051,0.1660899653979238,0.328719723183391,0.0,18787.0,9.90752937336246,5.666426688112432,5.53338948872752,-0.1330371993849119,-4.37413988463494,-4.241102685250028,0.0,Paid-led headline launches,0.0,Paid-led,0.5826932192073901,,,HankWillisTLE26,2458,1.0,600.0,600.0,600.0,EUR,600.0,400.0,240000.0,240000.0,2026-06-30,Draw,PE,Hybrid print,Confirmed,exact,1.0,0.0,
Yoon Hyup · Ambre Roulette · 2026 Q3,Yoon Hyup,Ambre Roulette,2026 Q3,2026,2026-05-13,2026-09-10,19075.0,197.0,318.0,2026-06-25,2026-07-23,2026-07-23,2026-06-25,2026-07-23,clock,draw,draw,,2026-05-11,2026-07-26,28.0,23275.0,18877.0,192.0,126.0,1.0,195.0,39.0,0.0,196.0,41.0,104.0,39.0,0.0,12.0,187.0,0.0,152.0,318.0,0.2534866389864793,0.0256574044501224,0.0686149260087299,0.0379537953795379,0.6142872351751304,0.2013422818791946,0.046979865771812,0.2013422818791946,0.2214765100671141,0.3288590604026846,0.3333333333333333,0.0564971751412429,0.1977401129943503,0.1468926553672316,0.2655367231638418,0.0062998740025199,0.0123897522049559,4762.0,30.0,59.0,0.0145228215767634,0.0207468879668049,482.0,7.0,10.0,0.0232738557020946,0.0271528316524437,1289.0,30.0,35.0,0.0462833099579242,0.0364656381486676,713.0,33.0,26.0,0.0042461005199306,0.0040727902946273,11540.0,49.0,47.0,0.0,0.2534866389864793,0.024965399765783,0.0,0.0006920046843394,0.0240604705631853,0.0028212498669221,0.0020760140530182,0.0,0.6142872351751304,0.0686149260087299,0.008889598637283,0.0001064622591291,0.0,0.0048206812523176,0.7755102040816326,3.707317073170732,0.1989795918367347,0.5306122448979592,0.2091836734693877,0.0612244897959183,0.0080521269269481,0.0103830057742225,0.2697368421052631,1.2329819356889336,0.120993801981247,0.1683673469387755,0.0712250712250712,0.2089470812875068,0.2631578947368421,0.2105263157894736,0.0935927744438382,0.7857142857142857,0.5714285714285714,0.120993801981247,0.117656407268104,0.1756105313344281,0.5233352757323727,0.062403983683848,0.0,0.0,0.3947368421052631,0.1578947368421052,0.3486842105263157,0.0986842105263157,0.0,0.1683673469387755,0.2244897959183673,0.173469387755102,0.2091836734693877,0.2244897959183673,0.0,16497.0,9.845699528768732,5.278114659230517,5.0238805208462765,-0.2542341383842408,-4.821819007922457,-4.567584869538217,0.0,Paid-led headline launches,0.0,Paid-led,0.8079478713074223,,,YoonHyupLE26,2467,1.0,850.0,850.0,850.0,EUR,850.0,200.0,170000.0,170000.0,2026-07-23,Draw,PE,Hybrid print,Confirmed,exact,1.0,0.0,
Zeng Fanzhi · Rainbow (Mask Series 1997 no.8) · 2026 Q3,Zeng Fanzhi,Rainbow (Mask Series 1997 no.8),2026 Q3,2026,2026-05-12,2026-09-10,17194.0,187.0,275.0,2026-06-26,2026-07-22,2026-07-22,2026-06-26,2026-07-22,clock,draw,draw,,2026-05-12,2026-07-25,26.0,20528.0,17026.0,177.0,98.0,0.0,179.0,27.0,0.0,181.0,59.0,88.0,27.0,0.0,7.0,177.0,0.0,159.0,275.0,0.1944788533003008,0.0116793487878251,0.0001769598301185,0.0349790597534359,0.7586857783283195,0.3311688311688311,0.0649350649350649,0.0,0.2792207792207792,0.3246753246753247,0.4181818181818181,0.0424242424242424,0.0,0.2303030303030303,0.3090909090909091,0.0154686078252957,0.0209281164695177,3297.0,51.0,69.0,0.0505050505050505,0.0353535353535353,198.0,10.0,7.0,,,3.0,0.0,0.0,0.072512647554806,0.0640809443507588,593.0,43.0,38.0,0.0038874203078836,0.0039651687140413,12862.0,50.0,51.0,0.0,0.1944788533003008,0.0107945496372323,0.0,0.0008847991505928,0.0273108004482982,0.0018875715212646,0.0010617589807113,0.0,0.7586857783283195,0.0001769598301185,0.0035391966023712,0.0011797322007904,0.0,0.0042875602020439,0.8784530386740331,2.694915254237288,0.149171270718232,0.4861878453038674,0.3259668508287293,0.0386740331491712,0.00933865852226,0.010630799953013,0.3710691823899371,1.205685422295313,0.0666627510865734,0.1381215469613259,0.1014337143939872,0.2178993241962988,0.2767295597484276,0.3144654088050314,0.1188025011052864,0.5769230769230769,0.5384615384615384,0.0666627510865734,0.1689181252202513,0.3997415717138494,0.3196875367085633,0.0449900152707623,0.0,0.0,0.3647798742138364,0.2075471698113207,0.3144654088050314,0.1132075471698113,0.0,0.1381215469613259,0.1712707182320442,0.2265193370165746,0.0662983425414364,0.3977900552486187,0.0,15833.0,9.742496866444002,5.198497031265826,5.068904202220232,-0.1295928290455942,-4.67359266422377,-4.543999835178177,0.0,Paid-led headline launches,0.0,Paid-led,0.6420760064206658,,,ZengFanzhiTL26,1507,1.0,1025.0,1025.0,1025.0,EUR,1025.0,300.0,307500.0,307500.0,2026-07-22,Draw,PE,Silkscreen print,Confirmed,exact,1.0,0.0,
Jaume Plensa · UTOPIA · 2026 Q3,Jaume Plensa,UTOPIA,2026 Q3,2026,2026-06-05,2026-09-10,66991.0,218.0,355.0,2026-07-07,2026-08-05,2026-08-05,2026-07-07,2026-07-29,clock,draw,draw,,2026-05-23,2026-08-08,22.0,74275.0,65681.0,254.0,101.0,2.0,214.0,12.0,0.0,214.0,115.0,84.0,12.0,0.0,3.0,251.0,0.0,225.0,355.0,0.0492240617091984,0.0068904539772554,0.0003353760785389,0.0229885057471264,0.9205616024878808,0.1493212669683258,0.0271493212669683,0.0,0.2352941176470588,0.5882352941176471,0.1507537688442211,0.0201005025125628,0.0,0.2010050251256281,0.628140703517588,0.0102198823165066,0.0092908021059151,3229.0,33.0,30.0,0.0132743362831858,0.0088495575221238,452.0,6.0,4.0,,,22.0,0.0,0.0,0.0344827586206896,0.026525198938992,1508.0,52.0,40.0,0.0021527812277476,0.0020699819497573,60387.0,130.0,125.0,0.0231866825208085,0.0260373791883898,0.0068294765084301,1.5244367206317264e-05,6.097746882526906e-05,0.0121802493978474,0.0023323881825665,0.0030336290740571,0.0,0.9205616024878808,0.0003353760785389,0.0025458093234549,0.0028811854019939,0.0,0.0012636835614561,1.0514018691588785,1.9565217391304348,0.0560747663551401,0.3925233644859813,0.5373831775700935,0.014018691588785,0.0034256482087666,0.0032581720741158,0.5111111111111111,1.1308445364717346,0.0145247484051704,0.0186915887850467,0.0627432559388001,0.7692591598443163,0.1209677419354838,0.7338709677419355,0.3476379009528922,0.9545454545454546,0.9545454545454546,0.0145247484051704,0.0425998386139066,0.0021467395441604,0.2512751023888186,0.6894535710479438,0.0,0.0,0.0711111111111111,0.0088888888888888,0.3288888888888889,0.5911111111111111,0.0,0.0186915887850467,0.0887850467289719,0.0093457943925233,0.0467289719626168,0.8364485981308412,0.0,29804.0,11.092564969345364,5.365976015021851,5.41610040220442,0.0501243871825686,-5.676464567140942,-5.726588954323511,0.0,Paid-led headline launches,0.0,Paid-led,2.160400209064486,,,JaumePlenLE26,2551,1.0,1500.0,1500.0,1500.0,EUR,1500.0,300.0,450000.0,450000.0,2026-07-29,Draw,PE,Silkscreen print,Confirmed,exact,1.0,0.0,
Piet Mondrian Estate · Multiple · 2026 Q3,Piet Mondrian Estate,Multiple,2026 Q3,2026,2026-07-13,2026-09-10,38523.0,889.0,1372.0,2026-07-24,2026-08-18,2026-08-18,2026-07-24,2026-08-18,clock,draw,draw,,2026-06-09,2026-08-21,25.0,67199.0,38211.0,789.0,583.0,280.0,685.0,117.0,154.0,884.0,106.0,468.0,177.0,7.0,126.0,1012.0,159.0,841.0,1372.0,0.3083937769368233,0.0196573110480395,0.0014191106906338,0.188373804267844,0.4821559970566593,0.362962962962963,0.0395061728395061,0.0,0.2814814814814815,0.3160493827160494,0.4544349939246658,0.0279465370595382,0.0036452004860267,0.2357229647630619,0.2782503037667072,0.0250532594801874,0.031870472944184,11735.0,294.0,374.0,0.0427807486631016,0.0307486631016042,748.0,32.0,23.0,0.0,0.0555555555555555,54.0,0.0,3.0,0.0318080357142857,0.0270647321428571,7168.0,228.0,194.0,0.0139532348612852,0.012481604622009,18347.0,256.0,229.0,0.1113739093871544,0.1970198675496688,0.0196573110480395,2.627982760433092e-05,0.0,0.0728476821192053,0.0101177336276674,0.0043361715547146,0.0,0.4821559970566593,0.0014191106906338,0.0079102281089036,0.0931357090297487,0.0,0.0041611054408416,0.9513574660633484,7.933962264150943,0.2002262443438914,0.5294117647058824,0.1199095022624434,0.1504524886877828,0.0220093690298605,0.0231346994321007,0.1260404280618311,1.758629713956714,0.1951532281280259,0.1866515837104072,0.2334162792220548,0.0304826141051666,0.2746730083234245,0.0820451843043995,0.146159387073538,0.2,0.16,0.1951532281280259,0.5981261940278977,0.1666535814294313,0.0265368611132919,0.013530135301353,0.0,0.0,0.6991676575505351,0.1866825208085612,0.0868014268727705,0.0273483947681331,0.0,0.1866515837104072,0.248868778280543,0.1877828054298642,0.0497737556561085,0.3269230769230769,0.0,30542.0,10.55087871125787,6.784457062637643,6.734591659972948,-0.0498654026646954,-3.816287051284921,-3.7664216486202258,0.0,Paid-led headline launches,0.0,Paid-led,1.4826924994452804,,,PietMondrianLE26,2961|2962|2792,3.0,500.0,500.0,500.0,EUR,500.0,900.0,450000.0,450000.0,2026-08-18,Draw,PE,Digital print,Confirmed,artist+window,1.0,0.0,"titles: Composition with Large Red Plane, Yellow, Black, Gray, and Blue / Composition with Red, Yellow, Black, Blue, and Gray / "
James Jean · Multiple · 2026 Q3,James Jean,Multiple,2026 Q3,2026,2026-03-20,2026-09-10,48969.0,587.0,893.0,2026-07-30,2026-08-20,2026-08-20,2026-07-30,2026-08-20,clock,draw,draw,,2026-06-15,2026-08-23,21.0,75971.0,48603.0,558.0,335.0,40.0,518.0,37.0,10.0,587.0,180.0,318.0,49.0,2.0,38.0,595.0,9.0,519.0,893.0,0.1247550889929259,0.0135706478025037,0.0548600655845896,0.0524882958318724,0.7543259017881081,0.2248995983935743,0.0582329317269076,0.1265060240963855,0.2389558232931727,0.3514056224899598,0.2769516728624535,0.0594795539033457,0.1189591078066914,0.2007434944237918,0.3438661710037174,0.0185154571003471,0.0246321706067118,6049.0,112.0,149.0,0.0440729483282674,0.0486322188449848,658.0,29.0,32.0,0.0236842105263157,0.0240601503759398,2660.0,63.0,64.0,0.0467583497053045,0.0424361493123772,2545.0,119.0,108.0,0.0047846889952153,0.0050580997949419,36575.0,175.0,185.0,2.0624084806236724e-05,0.1247344649081197,0.0132406624456039,4.124816961247345e-05,0.0003299853568997,0.0409800565099923,0.0047022913358219,0.0020417843958174,0.0,0.7543259017881081,0.0548600655845896,0.0041660651308598,0.0005362262049621,2.0624084806236724e-05,0.0023866839495504,0.8841567291311755,2.8833333333333333,0.0834752981260647,0.5417376490630323,0.3066439522998296,0.0681431005110732,0.0106783531880748,0.0120774437791905,0.3468208092485549,1.5630928132008313,0.03931856058268,0.0647359454855195,0.0802976383047557,0.232502965599051,0.186897880539499,0.2697495183044316,0.109349725008088,0.6666666666666666,0.5238095238095238,0.03931856058268,0.221673559245314,0.2150278789375141,0.4557331851943296,0.0682468160401621,0.0,0.0,0.3776493256262042,0.1965317919075144,0.3352601156069364,0.0905587668593449,0.0,0.0647359454855195,0.2657580919931857,0.1431005110732538,0.1635434412265758,0.3628620102214651,0.0,46365.0,10.791440536378529,6.375024819828097,6.251903883165888,-0.1231209366622077,-4.53953665321264,-4.416415716550431,0.0,Paid-led headline launches,0.0,Paid-led,0.9973176419604792,,,JamesJeanBlossom26,2854|2805,2.0,700.0,350.0,1050.0,EUR,700.0,600.0,420000.0,420000.0,2026-08-20,Draw,PE,Hybrid print,Confirmed,artist+window,1.0,0.0,titles: Blossom Kannyu / Blossom Vessel
Parra · Multiple · 2026 Q3,Parra,Multiple,2026 Q3,2026,2026-07-09,2026-09-10,27125.0,297.0,509.0,2026-07-31,2026-08-21,2026-08-21,2026-07-31,2026-08-21,clock,draw,draw,,2026-06-16,2026-08-24,21.0,42588.0,26863.0,307.0,202.0,57.0,267.0,65.0,47.0,297.0,33.0,167.0,76.0,0.0,21.0,329.0,49.0,263.0,509.0,0.1858304730637218,0.0479779137442172,0.0810699895537979,0.0634606775108192,0.6216609461274437,0.2596899224806202,0.1046511627906976,0.0736434108527131,0.2558139534883721,0.3062015503875969,0.3846153846153846,0.0979020979020979,0.0664335664335664,0.1748251748251748,0.2762237762237762,0.0134511142340895,0.0220839188917887,4981.0,67.0,110.0,0.0209953343701399,0.0217729393468118,1286.0,27.0,28.0,0.0087436723423838,0.0087436723423838,2173.0,19.0,19.0,0.0388007054673721,0.0293944738389182,1701.0,66.0,50.0,0.0047410430294664,0.0047410430294664,16663.0,79.0,79.0,0.0607372034024772,0.1250932696612446,0.047567527234741,0.0,0.0004103865094761,0.0505894642590658,0.0032457842113117,0.0021638561408744,0.0,0.6216609461274437,0.0810699895537979,0.0068646470676018,0.0005969258319653,0.0,0.0021963295238804,0.8855218855218855,7.96969696969697,0.2558922558922559,0.5622895622895623,0.1111111111111111,0.0707070707070707,0.009790418047128,0.0110560994676692,0.1254752851711026,1.585377657000335,0.0980530841678144,0.239057239057239,0.1550680159256801,0.0846881220968812,0.3003802281368821,0.1482889733840304,0.15199900464499,0.238095238095238,0.238095238095238,0.0980530841678144,0.6156423333209247,0.1111193835386963,0.1516584149201504,0.0235267840524141,0.0,0.0,0.6425855513307985,0.1254752851711026,0.1749049429657794,0.0570342205323193,0.0,0.239057239057239,0.2693602693602693,0.2828282828282828,0.0707070707070707,0.138047138047138,0.0,24112.0,10.198505154086057,5.6937321388027,5.572154032177765,-0.1215781066249351,-4.626351121908291,-4.504773015283356,0.0,Paid-led headline launches,0.0,Paid-led,0.7397738888003578,,,ParraLE26,2568|2913,2.0,650.0,650.0,650.0,EUR,650.0,300.0,195000.0,195000.0,2026-08-21,Draw,PE,Silkscreen print,Confirmed,artist+window,1.0,0.0,titles: il senso di colpa / in your detached world
Magdalena Suarez Frimkess · Homage for Jasper Johns · 2024 Q3,Magdalena Suarez Frimkess,Homage for Jasper Johns,2024 Q3,2024,2024-06-28,2026-09-10,2372.0,27.0,44.0,2024-07-11,2024-08-06,2024-08-06,2024-07-11,2024-08-06,inferred,draw,draw,,2024-05-27,2024-08-09,26.0,6584.0,2111.0,28.0,16.0,0.0,24.0,0.0,0.0,24.0,8.0,13.0,0.0,0.0,3.0,28.0,0.0,24.0,44.0,0.4249642686993806,0.1048118151500714,0.0019056693663649,0.0743211052882324,0.3939971414959504,0.631578947368421,0.1578947368421052,0.0,0.1052631578947368,0.1052631578947368,0.6111111111111112,0.1111111111111111,0.0,0.2222222222222222,0.0555555555555555,0.0134529147982062,0.0123318385650224,892.0,12.0,11.0,0.0136363636363636,0.009090909090909,220.0,3.0,2.0,,,4.0,0.0,0.0,0.0128205128205128,0.0256410256410256,156.0,2.0,4.0,0.0024183796856106,0.0012091898428053,827.0,2.0,1.0,0.0,0.4249642686993806,0.0995712243925679,0.0,0.0052405907575035,0.0514530728918532,0.0090519294902334,0.0,0.0,0.3939971414959504,0.0019056693663649,0.0066698427822772,0.0071462601238685,0.0,0.0056845097110374,1.0,3.0,0.0,0.5416666666666666,0.3333333333333333,0.125,0.0113690194220748,0.0113690194220748,0.3333333333333333,3.1189009947891995,0.0113690194220748,0.0,0.2400581959262851,0.3608147429679922,0.4166666666666667,0.0833333333333333,0.1944713870029098,0.8461538461538461,0.1153846153846153,0.0113690194220748,0.2629085741354808,0.0236854571293225,0.605873993368072,0.0961629559450497,0.0,0.0,0.5,0.0833333333333333,0.375,0.0416666666666666,0.0,0.0,0.25,0.3333333333333333,0.0416666666666666,0.375,0.0,2062.0,7.65491704784832,3.1780538303479458,3.1780538303479458,0.0,-4.476863217500375,-4.476863217500375,1.0,Paid-supported small editions,0.0,Paid-led,1.763377594853922,,,MagdalenaMouse24,1776,1.0,1000.0,1000.0,1000.0,EUR,1000.0,35.0,35000.0,35000.0,2024-08-06,Draw,PE,Digital print,Confirmed,exact,1.0,0.0,
Taku Obata · B BOY SEIDOU · 2024 Q4,Taku Obata,B BOY SEIDOU,2024 Q4,2024,2024-08-28,2026-09-07,9556.0,24.0,30.0,2024-09-12,2024-10-01,2024-10-01,2024-09-12,2024-10-01,inferred,draw,draw,,2024-07-29,2024-10-04,19.0,11300.0,9119.0,30.0,0.0,2.0,24.0,2.0,2.0,24.0,13.0,0.0,2.0,0.0,9.0,29.0,2.0,17.0,30.0,0.1376237623762376,0.0545654565456545,0.035093509350935,0.1015401540154015,0.6711771177117711,0.0588235294117647,0.1176470588235294,0.1176470588235294,0.3529411764705882,0.3529411764705882,0.0454545454545454,0.1363636363636363,0.0909090909090909,0.4545454545454545,0.2727272727272727,0.0007993605115907,0.0007993605115907,1251.0,1.0,1.0,0.0040322580645161,0.0060483870967741,496.0,2.0,3.0,0.006269592476489,0.006269592476489,319.0,2.0,2.0,0.0065005417118093,0.0108342361863488,923.0,6.0,10.0,0.00098344533683,0.00098344533683,6101.0,6.0,6.0,0.0,0.1376237623762376,0.0536853685368536,0.0145214521452145,0.0008800880088008,0.0295929592959295,0.002090209020902,0.0,0.0,0.6711771177117711,0.035093509350935,0.0518151815181518,0.0035203520352035,0.0,0.0031801732646123,0.7083333333333334,1.3076923076923077,0.0833333333333333,0.0,0.5416666666666666,0.375,0.0018642394999451,0.0026318675293343,0.7647058823529411,1.2391709617282596,0.0311437657637898,0.0,0.1257129819758156,0.2985398129135295,0.1176470588235294,0.4117647058823529,0.1813826146475017,0.7894736842105263,0.8947368421052632,0.0311437657637898,0.1790766531417918,0.0685382169097488,0.6010527470117337,0.1201886171729356,0.0,0.0,0.2352941176470588,0.1176470588235294,0.3529411764705882,0.2941176470588235,0.0,0.0,0.1666666666666666,0.2083333333333333,0.0416666666666666,0.5833333333333334,0.0,8766.0,9.118115427933663,3.1780538303479458,2.833213344056216,-0.3448404862917295,-6.28490208387745,-5.94006159758572,1.0,Paid-supported small editions,0.0,Paid-led,1.3365038997085623,,,TakuObataBBoy24,448,1.0,6000.0,6000.0,6000.0,EUR,6000.0,25.0,150000.0,150000.0,2024-10-01,Draw,SE,High cost 3D edition,Confirmed,exact,1.0,0.0,
Harland Miller · Multiple · 2025 Q1,Harland Miller,Multiple,2025 Q1,2025,2024-11-18,2026-09-09,3261.0,20.0,28.0,2024-12-10,2025-01-28,2025-01-28,2024-12-10,2025-01-28,inferred,draw,draw,,2024-10-26,2025-01-31,49.0,4221.0,2995.0,28.0,0.0,0.0,20.0,2.0,0.0,20.0,16.0,0.0,2.0,0.0,2.0,27.0,0.0,17.0,28.0,0.2682274247491639,0.0043478260869565,0.0,0.0762541806020066,0.6511705685618729,0.4705882352941176,0.0,0.0,0.0588235294117647,0.4705882352941176,0.4736842105263157,0.0,0.0,0.1052631578947368,0.4210526315789473,0.0099750623441396,0.0112219451371571,802.0,8.0,9.0,,,13.0,0.0,0.0,,,0.0,0.0,0.0,0.0043859649122807,0.0087719298245614,228.0,1.0,2.0,0.0041088854648176,0.0041088854648176,1947.0,8.0,8.0,0.0003344481605351,0.2678929765886287,0.0043478260869565,0.0,0.0,0.0591973244147157,0.0090301003344481,0.0,0.0,0.6511705685618729,0.0,0.0046822742474916,0.0033444816053511,0.0,0.001669449081803,0.85,1.0625,0.1,0.0,0.8,0.1,0.0056761268781302,0.006677796327212,0.9411764705882352,1.4093489148580969,0.0373956594323873,0.15,0.1148342059336823,0.0272251308900523,0.2352941176470588,0.0588235294117647,0.1595113438045375,0.673469387755102,0.6326530612244898,0.0373956594323873,0.1202003338898163,0.2904841402337229,0.5382303839732888,0.0136894824707846,0.0,0.0,0.2352941176470588,0.4705882352941176,0.2941176470588235,0.0,0.0,0.15,0.0,0.05,0.0,0.8,0.0,2865.0,8.00469951054955,2.995732273553991,2.833213344056216,-0.1625189294977749,-5.171486166493334,-5.008967236995559,1.0,Paid-supported small editions,0.0,Paid-led,1.500215505277762,,,MultipleAmphorae24,2144,1.0,6000.0,6000.0,6000.0,EUR,6000.0,30.0,180000.0,180000.0,2025-01-28,Draw,SE,High cost 3D edition,Confirmed,artist+window,1.0,0.0,titles: R U OK?
Jenny Holzer · Multiple · 2025 Q1,Jenny Holzer,Multiple,2025 Q1,2025,2024-11-29,2026-09-10,5304.0,25.0,20.0,2024-12-27,2025-01-28,2025-01-28,2024-12-27,2025-01-28,inferred,draw,draw,,2024-11-12,2025-01-31,32.0,6693.0,5083.0,20.0,0.0,0.0,18.0,4.0,0.0,24.0,11.0,0.0,5.0,0.0,8.0,16.0,0.0,10.0,20.0,0.1121845425867507,0.001577287066246,0.0,0.0583596214511041,0.8278785488958991,0.4,0.0,0.0,0.0,0.6,0.2352941176470588,0.0,0.0,0.4117647058823529,0.3529411764705882,0.0070298769771528,0.0070298769771528,569.0,4.0,4.0,,,8.0,0.0,0.0,,,0.0,0.0,0.0,0.0,0.0236486486486486,296.0,0.0,7.0,0.0014289116456299,0.0014289116456299,4199.0,6.0,6.0,0.0001971608832807,0.11198738170347,0.001577287066246,0.0,0.0,0.0439668769716088,0.0057176656151419,0.0009858044164037,0.0,0.8278785488958991,0.0,0.0065063091482649,0.0011829652996845,0.0,0.0021640763328742,0.4166666666666667,0.9090909090909092,0.2083333333333333,0.0,0.4583333333333333,0.3333333333333333,0.0019673421207948,0.0047216210899075,1.1,1.3167420814479638,0.2972653944520952,0.5416666666666666,0.3333333333333333,0.0323488045007032,0.4444444444444444,0.1111111111111111,0.1268635724331926,0.1875,0.15625,0.2972653944520952,0.6307298839268148,0.0417076529608498,0.0232146370253787,0.0070824316348613,0.0,0.1,0.8,0.0,0.1,0.0,0.0,0.5416666666666666,0.0,0.0,0.0,0.4583333333333333,0.0,3555.0,8.533656917446903,3.1780538303479458,2.302585092994046,-0.8754687373538999,-6.231071824452857,-5.355603087098957,1.0,Paid-supported small editions,0.0,Paid-led,1.4378097172941084,,,MultipleAmphorae24,2145,1.0,6000.0,6000.0,6000.0,EUR,6000.0,30.0,180000.0,180000.0,2025-01-28,Draw,SE,High cost 3D edition,Confirmed,artist+window,1.0,0.0,titles: ARTSPACE AMPHORA
En Iwamura · Multiple · 2025 Q3,En Iwamura,Multiple,2025 Q3,2025,2025-04-11,2026-09-09,16683.0,33.0,80.0,2025-08-01,2025-08-27,2025-08-27,2025-08-01,2025-08-27,inferred,draw,draw,,2025-06-17,2025-08-30,26.0,31387.0,16358.0,52.0,28.0,0.0,33.0,4.0,0.0,33.0,3.0,13.0,4.0,3.0,10.0,51.0,0.0,22.0,80.0,0.1240262528369011,0.0150279089738085,0.0323866772986566,0.0592528982395878,0.7693062626510458,0.0909090909090909,0.0,0.0454545454545454,0.5454545454545454,0.3181818181818182,0.1875,0.0,0.0625,0.46875,0.28125,0.0009891196834817,0.0029673590504451,2022.0,2.0,6.0,0.0,0.0,245.0,0.0,0.0,0.0018939393939393,0.0037878787878787,528.0,1.0,2.0,0.0124223602484472,0.015527950310559,966.0,12.0,15.0,0.0005581247010046,0.0007175889012916,12542.0,7.0,9.0,0.0,0.1240262528369011,0.0150279089738085,0.0,0.0,0.0391339017358768,0.0044777034901551,0.0044163650861804,0.0,0.7693062626510458,0.0323866772986566,0.0062565172054223,0.004968410721953,0.0,0.0033622692260667,0.6666666666666666,7.333333333333333,0.1212121212121212,0.3939393939393939,0.0909090909090909,0.3939393939393939,0.0013449076904267,0.00201736153564,0.1363636363636363,1.9187553490646776,0.0006724538452133,0.0,0.0672072736208379,0.2587541467010689,0.1363636363636363,0.0909090909090909,0.1282098537903919,0.7692307692307693,0.5384615384615384,0.0006724538452133,0.1446387088886171,0.212312018584179,0.6000122264335493,0.0423645922484411,0.0,0.0,0.3181818181818182,0.3181818181818182,0.3181818181818182,0.0454545454545454,0.0,0.0,0.2727272727272727,0.1515151515151515,0.2727272727272727,0.303030303030303,0.0,16278.0,9.70247235329492,3.49650756146648,3.091042453358316,-0.4054651081081644,-6.611429899936604,-6.205964791828439,1.0,Paid-supported small editions,0.0,Paid-led,1.291116796938384,,,EniwamuraNeojomon25,572|818,2.0,4500.0,4500.0,4500.0,EUR,4500.0,50.0,225000.0,225000.0,2025-08-27,Draw,SE,High cost 3D edition,Confirmed,artist+window,1.0,0.0,titles: Neo Jomon: Biomorphic fantôme (red) / Neo Jomon: Biomorphic fantôme (white)
Judy Chicago · Reincarnation Triptych · 2025 Q4,Judy Chicago,Reincarnation Triptych,2025 Q4,2025,2025-09-10,2026-09-09,10219.0,49.0,108.0,2025-10-27,2025-11-25,,2025-10-27,2025-11-25,inferred,draw,draw,,2025-09-12,2025-11-28,29.0,12753.0,9892.0,60.0,48.0,18.0,44.0,9.0,17.0,44.0,0.0,32.0,9.0,0.0,3.0,60.0,17.0,54.0,108.0,0.3473491773308958,0.0418444038188096,0.0440788137314645,0.0806418850294535,0.4860857200893764,0.5471698113207547,0.0188679245283018,0.0188679245283018,0.3018867924528302,0.1132075471698113,0.6388888888888888,0.0277777777777777,0.0555555555555555,0.1944444444444444,0.0833333333333333,0.0084795321637426,0.0067251461988304,3420.0,29.0,23.0,0.0024271844660194,0.0024271844660194,412.0,1.0,1.0,0.0023041474654377,0.0046082949308755,434.0,1.0,2.0,0.0201511335012594,0.008816120906801,794.0,16.0,7.0,0.0012536564981195,0.0006268282490597,4786.0,6.0,3.0,0.0002031281738777,0.3471460491570181,0.0403209425147267,0.0,0.0015234613040828,0.0395084298192159,0.0040625634775543,0.0273207393865529,0.0,0.4860857200893764,0.0440788137314645,0.0072110501726589,0.0025391021734714,0.0,0.0046502224019409,1.2272727272727273,,0.2045454545454545,0.7272727272727273,0.0,0.0681818181818181,0.0054589567327133,0.0044480388192478,0.0,1.2892236150424583,0.0785483218762636,0.1818181818181818,0.336198347107438,0.0382369146005509,0.3148148148148148,0.0925925925925925,0.1942699724517906,0.2413793103448276,0.2413793103448276,0.0785483218762636,0.6012939749292358,0.2734532955923979,0.033360291144359,0.0133441164577436,0.0,0.0,0.5740740740740741,0.2592592592592592,0.1296296296296296,0.037037037037037,0.0,0.1818181818181818,0.4772727272727273,0.25,0.0,0.0909090909090909,0.0,9075.0,9.199481628641308,3.784189633918261,3.9889840465642745,0.2047944126460132,-5.210497582077033,-5.415291994723046,1.0,Paid-supported small editions,0.0,Paid-led,0.9817267984755854,,,JudyTriptych25,1823,1.0,2500.0,2500.0,2500.0,EUR,2500.0,,,,2025-11-25,Draw,PE,Silkscreen print,Confirmed,exact,1.0,0.0,
Joakim Ojanen · The dance we dance when we are together · 2026 Q1,Joakim Ojanen,The dance we dance when we are together,2026 Q1,2026,2025-11-03,2026-09-09,5639.0,50.0,93.0,2025-12-16,2026-01-22,2026-01-22,2025-12-16,2026-01-22,inferred,draw,draw,,2025-11-01,2026-01-25,37.0,8032.0,5389.0,50.0,43.0,0.0,50.0,5.0,0.0,50.0,7.0,35.0,5.0,1.0,2.0,50.0,0.0,43.0,93.0,0.1514472455648926,0.0754435107376283,0.0248366013071895,0.0802987861811391,0.6679738562091503,0.2558139534883721,0.1860465116279069,0.0232558139534883,0.2325581395348837,0.3023255813953488,0.2790697674418604,0.1162790697674418,0.0232558139534883,0.3023255813953488,0.2790697674418604,0.0135635018495684,0.0147965474722564,811.0,11.0,12.0,0.0198019801980198,0.0123762376237623,404.0,8.0,5.0,0.0075187969924812,0.0075187969924812,133.0,1.0,1.0,0.0232558139534883,0.0302325581395348,430.0,10.0,13.0,0.0036343304445065,0.0033547665641599,3577.0,13.0,12.0,0.0,0.1514472455648926,0.0739495798319327,0.0,0.0014939309056956,0.0539682539682539,0.0054154995331465,0.0029878618113912,0.0,0.6679738562091503,0.0248366013071895,0.0108309990662931,0.0070961718020541,0.0,0.0063091482649842,0.86,6.142857142857143,0.1,0.7,0.14,0.06,0.0079792169233624,0.009278159213212,0.1627906976744186,1.4904434960103916,0.0881425125255149,0.12,0.2730055090797796,0.0914099163436033,0.4186046511627907,0.1162790697674418,0.1056927157722913,0.2162162162162162,0.1351351351351351,0.0881425125255149,0.594358879198367,0.2069029504546298,0.0781221005752458,0.0324735572462423,0.0,0.0,0.6976744186046512,0.0930232558139534,0.2093023255813953,0.0,0.0,0.12,0.32,0.16,0.12,0.28,0.0,4901.0,8.592115117933497,3.912023005428146,3.7612001156935615,-0.1508228897345836,-4.830915002239935,-4.680092112505351,1.0,Paid-supported small editions,0.0,Paid-led,1.124396301071816,,,JoakimOjaLE25,2566,1.0,500.0,500.0,500.0,EUR,500.0,100.0,50000.0,50000.0,2026-01-22,Draw,PE,Digital print,Confirmed,exact,1.0,0.0,
DRIFT · Proto Nature I · 2026 Q1,DRIFT,Proto Nature I,2026 Q1,2026,2026-02-10,2026-09-10,9193.0,23.0,51.0,2026-02-20,2026-03-19,2026-03-19,2026-02-20,2026-03-19,inferred,draw,draw,,2026-01-06,2026-03-22,27.0,10926.0,7856.0,28.0,23.0,0.0,19.0,0.0,0.0,19.0,2.0,14.0,0.0,0.0,3.0,27.0,0.0,19.0,51.0,0.3376706212527108,0.0505166475315729,0.1840796019900497,0.0720755198367138,0.3556576093889527,0.3888888888888889,0.0555555555555555,0.3888888888888889,0.1666666666666666,0.0,0.4375,0.0625,0.25,0.25,0.0,0.0026445032111824,0.0026445032111824,2647.0,7.0,7.0,0.0025252525252525,0.0025252525252525,396.0,1.0,1.0,0.0048510048510048,0.0027720027720027,1443.0,7.0,4.0,0.0053097345132743,0.0070796460176991,565.0,3.0,4.0,0.0,0.0,2788.0,0.0,0.0,0.0,0.3376706212527108,0.0477101671131521,0.0,0.0028064804184207,0.0607220308712846,0.0028064804184207,0.0039545860441382,0.0,0.3556576093889527,0.1840796019900497,0.0040821533358846,0.0005102691669855,0.0,0.0021639511201629,1.0,9.5,0.0,0.7368421052631579,0.1052631578947368,0.1578947368421052,0.0024185336048879,0.0024185336048879,0.1052631578947368,1.390784114052953,0.0572810590631364,0.0,0.1169630642954856,0.1283173734610123,0.2105263157894736,0.1578947368421052,0.2192886456908344,0.5185185185185185,0.5185185185185185,0.0572810590631364,0.2330702647657841,0.5393329938900203,0.1391293279022403,0.0311863543788187,0.0,0.0,0.3157894736842105,0.4736842105263157,0.1578947368421052,0.0526315789473684,0.0,0.0,0.2105263157894736,0.4210526315789473,0.0526315789473684,0.3157894736842105,0.0,7310.0,8.969032850034301,2.9444389791664403,2.9444389791664403,0.0,-6.024593870867862,-6.024593870867862,1.0,Paid-supported small editions,0.0,Paid-led,1.0268984276924935,,,DriftLE25,2371,1.0,6000.0,6000.0,6000.0,EUR,6000.0,50.0,300000.0,300000.0,2026-03-19,Draw,SE,Mid cost 3D edition,Confirmed,exact,1.0,0.0,
Grant Riven Yun · High Fly Over the Valley · 2026 Q2,Grant Riven Yun,High Fly Over the Valley,2026 Q2,2026,2026-01-28,2026-09-09,4809.0,18.0,38.0,2026-03-13,2026-04-08,,2026-03-13,2026-04-08,inferred,draw,draw,,2026-01-27,2026-04-11,26.0,6003.0,4385.0,20.0,18.0,0.0,18.0,1.0,0.0,18.0,0.0,12.0,1.0,0.0,5.0,20.0,0.0,14.0,38.0,0.277067153951576,0.09113750571037,0.1130653266331658,0.1034719049794426,0.4152581087254454,0.5,0.0714285714285714,0.1428571428571428,0.2857142857142857,0.0,0.3529411764705882,0.0588235294117647,0.1176470588235294,0.4705882352941176,0.0,0.0057708161582852,0.0049464138499587,1213.0,7.0,6.0,0.0025062656641604,0.0025062656641604,399.0,1.0,1.0,0.004040404040404,0.004040404040404,495.0,2.0,2.0,0.0088300220750551,0.0176600441501103,453.0,4.0,8.0,0.0,0.0,1818.0,0.0,0.0,0.0,0.277067153951576,0.0516217450890817,0.0,0.0395157606212882,0.0550479671082686,0.0070808588396528,0.0210141617176793,0.0,0.4152581087254454,0.1130653266331658,0.0068524440383736,0.0025125628140703,0.0109639104613979,0.0015963511972633,0.7777777777777778,,0.0555555555555555,0.6666666666666666,0.0,0.2777777777777778,0.0031927023945267,0.0041049030786773,0.0,1.3689851767388823,0.0944127708095781,0.2777777777777778,0.2610313662945241,0.0425305688463583,0.7142857142857143,0.0714285714285714,0.2198298777246145,0.5769230769230769,0.0,0.0944127708095781,0.3206385404789053,0.4531356898517674,0.0602052451539338,0.0716077537058152,0.0,0.0,0.8571428571428571,0.0714285714285714,0.0,0.0714285714285714,0.0,0.2777777777777778,0.4444444444444444,0.1666666666666666,0.0,0.1111111111111111,0.0,3762.0,8.385944904806284,2.8903717578961645,2.6390573296152584,-0.251314428280906,-5.746887575191025,-5.495573146910119,1.0,Paid-supported small editions,0.0,Paid-led,0.8644960317265922,,,GrantRivenLE26,2001|2512,2.0,4146.341463414634,3500.0,30000.0,EUR,4146.341463414634,41.0,170000.0,170000.0,2026-04-09,Draw,PE,Digital print,Confirmed,exact,1.0,1.0,
Paul Insect · Prismatic Visions · 2026 Q2,Paul Insect,Prismatic Visions,2026 Q2,2026,2026-03-20,2026-09-09,7588.0,50.0,100.0,2026-04-09,2026-04-30,2026-04-30,2026-04-09,2026-04-30,inferred,draw,draw,,2026-02-23,2026-05-03,21.0,10618.0,7395.0,59.0,41.0,0.0,48.0,5.0,0.0,48.0,5.0,31.0,5.0,0.0,7.0,56.0,0.0,47.0,100.0,0.6208999728923827,0.0509623204120357,0.1027378693412849,0.0864732989970181,0.1389265383572784,0.574468085106383,0.0638297872340425,0.1489361702127659,0.1914893617021276,0.0212765957446808,0.5,0.0833333333333333,0.125,0.2708333333333333,0.0208333333333333,0.005893909626719,0.0052390307793058,4581.0,27.0,24.0,0.0079787234042553,0.0106382978723404,376.0,3.0,4.0,0.0092348284960422,0.0079155672823219,758.0,7.0,6.0,0.0141065830721003,0.0203761755485893,638.0,9.0,13.0,0.0009756097560975,0.0009756097560975,1025.0,1.0,1.0,0.0463540254811602,0.5745459474112226,0.0492003252914068,0.0004066142586066,0.0017619951206288,0.0565193819463269,0.0035239902412577,0.0208728652751423,0.0,0.1389265383572784,0.1027378693412849,0.0040661425860666,0.0010843046896177,0.0,0.0022988505747126,0.9791666666666666,9.4,0.1041666666666666,0.6458333333333334,0.1041666666666666,0.1458333333333333,0.0063556457065584,0.0064908722109533,0.1063829787234042,1.4358350236646382,0.1776876267748478,0.125,0.2338736354614621,0.1065167052596758,0.3617021276595745,0.1063829787234042,0.2929209394641085,0.3333333333333333,0.3333333333333333,0.1776876267748478,0.2735632183908046,0.4394861392832995,0.0954699121027721,0.0137931034482758,0.0,0.0,0.4468085106382978,0.425531914893617,0.1276595744680851,0.0,0.0,0.125,0.3333333333333333,0.2916666666666667,0.0833333333333333,0.1666666666666666,0.0,6046.0,8.9085593751449,3.871201010907891,3.8501476017100575,-0.0210534091978323,-5.058411773434842,-5.03735836423701,1.0,Paid-supported small editions,0.0,Paid-led,1.2455419805614076,,,PaulnsectRepeat25,2341,1.0,2000.0,2000.0,2000.0,EUR,2000.0,51.0,102000.0,102000.0,2026-04-30,Draw,PE,Hybrid print,Confirmed,exact,1.0,0.0,
Eddie Martinez · Olive Garden · 2026 Q2,Eddie Martinez,Olive Garden,2026 Q2,2026,2026-02-19,2026-09-09,8091.0,101.0,140.0,2026-04-24,2026-05-22,2026-05-22,2026-04-24,2026-05-22,clock,draw,draw,,2026-03-10,2026-05-25,28.0,10242.0,7938.0,84.0,56.0,0.0,97.0,26.0,0.0,97.0,20.0,45.0,26.0,0.0,6.0,82.0,0.0,75.0,140.0,0.5181726400807672,0.0485865724381625,0.0069409389197375,0.0463149924280666,0.379984856133266,0.5972222222222222,0.0833333333333333,0.0,0.2222222222222222,0.0972222222222222,0.6774193548387096,0.053763440860215,0.0,0.1935483870967742,0.075268817204301,0.0104724792985874,0.0153433999025815,4106.0,43.0,63.0,0.0155844155844155,0.0129870129870129,385.0,6.0,5.0,0.0,0.0,55.0,0.0,0.0,0.0435967302452316,0.0490463215258855,367.0,16.0,18.0,0.0023248090335436,0.0023248090335436,3011.0,7.0,7.0,0.1834931852599697,0.3346794548207976,0.0480817768803634,0.000504795557799,0.000504795557799,0.0338213023725391,0.0041645633518425,0.0023977788995456,0.0,0.379984856133266,0.0069409389197375,0.0034073700151438,0.0020191822311963,0.0,0.001763668430335,0.7731958762886598,3.75,0.268041237113402,0.4639175257731959,0.2061855670103092,0.0618556701030927,0.009448223733938,0.0122197026958931,0.2666666666666666,1.290249433106576,0.1975308641975308,0.2474226804123711,0.1856894095298401,0.0865917365838214,0.28,0.1333333333333333,0.1584612949184739,0.4285714285714285,0.2857142857142857,0.1975308641975308,0.3343411438649534,0.3779289493575208,0.0661375661375661,0.0240614764424288,0.0,0.0,0.5066666666666667,0.32,0.1333333333333333,0.04,0.0,0.2474226804123711,0.0515463917525773,0.2164948453608247,0.2371134020618556,0.2474226804123711,0.0,6317.0,8.97941663334301,4.574710978503383,4.31748811353631,-0.2572228649670723,-4.6619285198067,-4.404705654839628,1.0,Paid-supported small editions,0.0,Paid-led,1.327136650996066,,,EddieMartLE25,2293,1.0,1250.0,1250.0,1250.0,EUR,1250.0,200.0,250000.0,250000.0,2026-05-22,Draw,PE,Hybrid print,Confirmed,exact,1.0,0.0,
Antony Micallef · Self Portrait with Blue Slash · 2026 Q2,Antony Micallef,Self Portrait with Blue Slash,2026 Q2,2026,2026-03-25,2026-09-09,7017.0,65.0,98.0,2026-05-01,2026-05-29,2026-05-29,2026-05-01,2026-05-29,inferred,draw,draw,,2026-03-17,2026-06-01,28.0,9433.0,6757.0,57.0,41.0,1.0,63.0,14.0,1.0,63.0,7.0,31.0,14.0,0.0,11.0,57.0,1.0,41.0,98.0,0.3317958637107573,0.1135247730992411,0.0084808808213063,0.0923969647373902,0.4538015176313049,0.5,0.05,0.0,0.4,0.05,0.5263157894736842,0.0526315789473684,0.0,0.3684210526315789,0.0526315789473684,0.0089686098654708,0.0134529147982062,2230.0,20.0,30.0,0.0026212319790301,0.0039318479685452,763.0,2.0,3.0,0.0,0.0,57.0,0.0,0.0,0.0257648953301127,0.0338164251207729,621.0,16.0,21.0,0.000655737704918,0.000983606557377,3050.0,2.0,3.0,0.0392798690671031,0.2925159946436542,0.1118881118881118,0.0,0.0016366612111292,0.0642761493825323,0.0041660467192382,0.002231810742449,0.0,0.4538015176313049,0.0084808808213063,0.0197887219163814,0.0019342359767891,0.0,0.0053278081989048,0.6507936507936508,5.857142857142857,0.2222222222222222,0.492063492063492,0.1111111111111111,0.1746031746031746,0.0060677815598638,0.0093236643480834,0.1707317073170731,1.3960337427852598,0.0563859701050762,0.1269841269841269,0.0988280012670256,0.0763382958504909,0.2682926829268293,0.1463414634146341,0.1449160595502059,0.5357142857142857,0.4285714285714285,0.0563859701050762,0.2398993636229095,0.4852745301169158,0.1943170045878348,0.0241231315672635,0.0,0.0,0.4634146341463415,0.3658536585365853,0.1707317073170731,0.0,0.0,0.1269841269841269,0.3174603174603174,0.3333333333333333,0.0634920634920634,0.1587301587301587,0.0,6314.0,8.818334283552174,4.143134726391533,3.713572066704308,-0.4295626596872248,-5.104762216847867,-4.675199557160642,1.0,Paid-supported small editions,0.0,Paid-led,0.8899192424155191,,,AntonyMicLE26,2614,1.0,1750.0,1750.0,1750.0,EUR,1750.0,65.0,113750.0,113750.0,2026-05-29,Draw,PE,Digital print,Confirmed,exact,1.0,0.0,
LY · LUV New Beginnings · 2026 Q3,LY,LUV New Beginnings,2026 Q3,2026,2026-05-17,2026-09-10,6180.0,32.0,38.0,2026-06-16,2026-07-07,2026-07-07,2026-06-16,2026-07-07,clock,draw,draw,,2026-05-02,2026-07-10,21.0,7954.0,5969.0,23.0,15.0,0.0,32.0,16.0,0.0,32.0,6.0,10.0,16.0,0.0,0.0,23.0,0.0,19.0,38.0,0.5631605435329643,0.0843818151316893,0.0353967455124979,0.0535145109880892,0.2635463848347593,0.3888888888888889,0.2777777777777778,0.0555555555555555,0.2777777777777778,0.0,0.5333333333333333,0.1666666666666666,0.0666666666666666,0.2333333333333333,0.0,0.0020851951146857,0.0047661602621388,3357.0,7.0,16.0,0.0099403578528827,0.0099403578528827,503.0,5.0,5.0,0.0047393364928909,0.0094786729857819,211.0,1.0,2.0,0.0156739811912225,0.0219435736677116,319.0,5.0,7.0,0.0,0.0,1571.0,0.0,0.0,0.1405804395235698,0.4225801040093944,0.0827042442543197,0.0,0.0016775708773695,0.0323771179332326,0.003522898842476,0.0003355141754739,0.0,0.2635463848347593,0.0353967455124979,0.0144271095453782,0.0026841134037913,0.0001677570877369,0.0013402579996649,0.59375,3.1666666666666665,0.5,0.3125,0.1875,0.0,0.0031831127492042,0.0053610319986597,0.3157894736842105,1.3325515161668622,0.3426034511643491,0.3125,0.2651691195455719,0.4874774076942938,0.5263157894736842,0.1052631578947368,0.3343661244513297,0.7142857142857143,0.0952380952380952,0.3426034511643491,0.1909867649522533,0.1020271402244932,0.3392528061651867,0.0251298374937175,0.0,0.0,0.631578947368421,0.1578947368421052,0.1578947368421052,0.0526315789473684,0.0,0.3125,0.34375,0.125,0.0,0.21875,0.0,3873.0,8.69433468816865,3.4657359027997265,2.9444389791664403,-0.5212969236332861,-5.749895709002209,-5.228598785368924,1.0,Paid-supported small editions,0.0,Paid-led,2.1907887473737024,,,LYLE26,2454,1.0,2300.0,2300.0,2300.0,EUR,2300.0,40.0,92000.0,92000.0,2026-07-07,Draw,PE,Silkscreen print,Confirmed,exact,1.0,0.0,
Giuseppe Penone · Multiple · 2026 Q3,Giuseppe Penone,Multiple,2026 Q3,2026,2026-05-08,2026-09-10,8415.0,23.0,35.0,2026-06-17,2026-07-16,2026-07-16,2026-06-17,2026-07-16,clock,draw,draw,,2026-05-03,2026-07-19,29.0,11908.0,8324.0,20.0,15.0,1.0,20.0,4.0,0.0,23.0,4.0,11.0,5.0,0.0,3.0,21.0,0.0,15.0,35.0,0.3295659492605506,0.0340266923169412,0.032824335697968,0.0402789467356017,0.5633040759889383,0.2857142857142857,0.0,0.0,0.4285714285714285,0.2857142857142857,0.5,0.0,0.0,0.3636363636363636,0.1363636363636363,0.0014593214155417,0.0040131338927398,2741.0,4.0,11.0,0.0,0.0,283.0,0.0,0.0,0.0,0.0,273.0,0.0,0.0,0.017910447761194,0.0238805970149253,335.0,6.0,8.0,0.0008537886872998,0.0006403415154749,4685.0,4.0,3.0,0.1334615847060238,0.1961043645545268,0.0340266923169412,0.0,0.0,0.0345076349645304,0.0021642419141517,0.0015630636046651,0.0,0.5633040759889383,0.032824335697968,0.0020440062522544,0.0,0.0,0.0008409418548774,0.6521739130434783,3.75,0.217391304347826,0.4782608695652174,0.1739130434782608,0.1304347826086956,0.0018020182604517,0.0027630946660259,0.2666666666666666,1.4305622296972609,0.1500480538202787,0.1739130434782608,0.1940826727066817,0.0249150622876557,0.2,0.3333333333333333,0.1800679501698754,0.2413793103448276,0.2413793103448276,0.1500480538202787,0.7122777510812109,0.0958673714560307,0.0332772705430081,0.0085295530994714,0.0,0.0,0.6666666666666666,0.0,0.2666666666666666,0.0666666666666666,0.0,0.1739130434782608,0.4347826086956521,0.1304347826086956,0.0,0.2608695652173913,0.0,7064.0,9.026898187513526,3.1354942159291497,2.70805020110221,-0.4274440148269396,-6.318847986411315,-5.891403971584375,1.0,Paid-supported small editions,0.0,Paid-led,0.9265613429924272,,,GiuseppePenLE26,2774|3005|2937,3.0,2200.0,2200.0,2200.0,EUR,2200.0,23.0,50600.0,50600.0,2026-07-16,Draw,PE,Hybrid print,Confirmed,artist+window,1.0,0.0,titles: Il mio vedere futuro - My Future Vision I / Il mio vedere futuro - My Future Vision I & II / Il mio vedere futuro - My F
Ahmed Mater · Multiple · 2026 Q3,Ahmed Mater,Multiple,2026 Q3,2026,2025-12-19,2026-09-10,8019.0,35.0,57.0,2026-07-03,2026-07-28,2026-07-28,2026-07-01,2026-07-28,clock,draw,draw,,2026-05-17,2026-07-31,27.0,12161.0,7842.0,34.0,23.0,4.0,28.0,6.0,0.0,32.0,2.0,17.0,7.0,0.0,6.0,35.0,0.0,20.0,57.0,0.2365467992858964,0.0354501402703392,0.051900025503698,0.0559806171894924,0.6201224177505739,0.3,0.2,0.15,0.3,0.05,0.28125,0.1875,0.28125,0.21875,0.03125,0.0032345013477088,0.0048517520215633,1855.0,6.0,9.0,0.014388489208633,0.0215827338129496,278.0,4.0,6.0,0.0073710073710073,0.0221130221130221,407.0,3.0,9.0,0.0136674259681093,0.0159453302961275,439.0,6.0,7.0,0.0002056343820686,0.0002056343820686,4863.0,1.0,1.0,0.0,0.2365467992858964,0.0354501402703392,0.0,0.0,0.0429737311910227,0.001785258862535,0.0019127773527161,0.0,0.6201224177505739,0.051900025503698,0.0080336648814078,0.0012751849018107,0.0,0.0,0.625,10.0,0.21875,0.53125,0.0625,0.1875,0.0025503698036215,0.0040805916857944,0.1,1.5507523590920684,0.0061208875286916,0.0,0.14,0.0494193548387096,0.5,0.0,0.0990967741935483,0.3703703703703703,0.074074074074074,0.0061208875286916,0.4029584289722009,0.2615404233613874,0.3158633001785259,0.013516959959194,0.0,0.0,0.7,0.05,0.25,0.0,0.0,0.0,0.6875,0.0625,0.1875,0.0625,0.0,7750.0,8.967249182852276,3.4657359027997265,2.995732273553991,-0.4700036292457356,-5.971516909298286,-5.50151328005255,1.0,Paid-supported small editions,0.0,Paid-led,0.6715480947416143,,,AhmedMSalam26,2619|2773|2791,3.0,4000.0,4000.0,4000.0,EUR,4000.0,75.0,300000.0,300000.0,2026-07-28,Draw,PE,Digital print,Confirmed,artist+window,1.0,0.0,titles: Hurriya / Ray / Salam
Abdulnasser Gharem · Hemisphere · 2026 Q3,Abdulnasser Gharem,Hemisphere,2026 Q3,2026,2026-07-07,2026-09-10,11604.0,20.0,36.0,2026-07-27,2026-08-25,2026-08-25,2026-07-27,2026-08-25,clock,draw,draw,,2026-06-12,2026-08-28,29.0,13215.0,11583.0,22.0,14.0,0.0,16.0,3.0,0.0,20.0,1.0,10.0,3.0,0.0,6.0,19.0,0.0,14.0,36.0,0.079563182527301,0.0223608944357774,0.0120471485526087,0.0532154619518114,0.8328133125325013,0.1428571428571428,0.1428571428571428,0.0714285714285714,0.1428571428571428,0.5,0.3333333333333333,0.1333333333333333,0.0666666666666666,0.1333333333333333,0.3333333333333333,0.0021786492374727,0.0054466230936819,918.0,2.0,5.0,0.0077519379844961,0.0077519379844961,258.0,2.0,2.0,0.0071942446043165,0.0071942446043165,139.0,1.0,1.0,0.003257328990228,0.003257328990228,614.0,2.0,2.0,0.0007284837131855,0.0005203455094182,9609.0,7.0,5.0,8.667013347200555e-05,0.079476512393829,0.0211475125671693,8.667013347200555e-05,0.001213381868608,0.0275611024440977,0.00130005200208,0.0088403536141445,0.0,0.8328133125325013,0.0120471485526087,0.0142139018894089,0.001040041601664,0.000173340266944,0.0038850038850038,0.7,14.0,0.15,0.5,0.05,0.3,0.0012086678753345,0.001726668393335,0.0714285714285714,1.1408961408961409,0.0427350427350427,0.15,0.0631436314363143,0.0151761517615176,0.2142857142857142,0.0,0.123486901535682,0.5517241379310345,0.3793103448275862,0.0427350427350427,0.1888111888111888,0.5729085729085729,0.1912285245618579,0.0043166709833376,0.0,0.0,0.3571428571428571,0.6428571428571429,0.0,0.0,0.0,0.15,0.25,0.3,0.25,0.05,0.0,11070.0,9.357293784932343,2.995732273553991,2.6390573296152584,-0.3566749439387324,-6.718236455317087,-6.361561511378355,1.0,Paid-supported small editions,0.0,Paid-led,1.180769828790906,,,AbdulnasserLE26,2718,1.0,4000.0,4000.0,4000.0,EUR,4000.0,40.0,160000.0,160000.0,2026-08-25,Draw,PE,Silkscreen print,Confirmed,exact,1.0,0.0,
Zeng Fanzhi · Multiple · 2026 Q3,Zeng Fanzhi,Multiple,2026 Q3,2026,2026-05-20,2026-09-10,10791.0,61.0,74.0,2026-07-29,2026-08-26,2026-08-26,2026-07-29,2026-08-26,clock,draw,draw,,2026-06-14,2026-08-29,28.0,15869.0,10708.0,44.0,30.0,2.0,49.0,16.0,0.0,61.0,11.0,22.0,24.0,0.0,4.0,43.0,0.0,33.0,74.0,0.250490516677567,0.0297112958983462,0.0029898159394562,0.0692329253480332,0.6475754461365972,0.25,0.0,0.0,0.34375,0.40625,0.4745762711864407,0.0,0.0,0.288135593220339,0.2372881355932203,0.0029839612085042,0.010443864229765,2681.0,8.0,28.0,0.0,0.0,318.0,0.0,0.0,0.0,0.0,32.0,0.0,0.0,0.0148448043184885,0.0229419703103913,741.0,11.0,17.0,0.0018756312220458,0.0020199105468186,6931.0,13.0,14.0,9.34317481080071e-05,0.250397084929459,0.0293375689059142,0.0,0.000373726992432,0.053069232925348,0.0040175651686443,0.0019620667102681,0.0,0.6475754461365972,0.0029898159394562,0.0092497430626927,0.00093431748108,0.0,0.000466940605155,0.5409836065573771,3.0,0.3934426229508196,0.360655737704918,0.180327868852459,0.0655737704918032,0.0030818079940231,0.0056966753828912,0.3333333333333333,1.4819760926410162,0.1069293985805005,0.1639344262295081,0.1539430851622387,0.0806468549826735,0.1515151515151515,0.1515151515151515,0.1091042738632783,0.2857142857142857,0.2857142857142857,0.1069293985805005,0.5803137840866642,0.135879716100112,0.1652969742248786,0.0115801270078446,0.0,0.0,0.6363636363636364,0.1515151515151515,0.1818181818181818,0.0303030303030303,0.0,0.1639344262295081,0.4754098360655737,0.1475409836065573,0.0327868852459016,0.180327868852459,0.0,9523.0,9.278746404640245,4.110873864173311,3.49650756146648,-0.6143663027068309,-5.782238843173763,-5.167872540466932,1.0,Paid-supported small editions,0.0,Paid-led,0.9693479065689704,,,ZengFanzhiLE26,2046|2047,2.0,2500.0,2500.0,2500.0,EUR,2500.0,100.0,250000.0,250000.0,2026-08-26,Draw,PE,Digital print,Confirmed,artist+window,1.0,0.0,titles: Ephemerality (13) / Ephemerality (15); not ZengFanzhiTL26 (35 days off)
Kotao Tomozawa · Multiple · 2023 Q4,Kotao Tomozawa,Multiple,2023 Q4,2023,2023-10-06,2026-09-09,4684.0,42.0,69.0,2023-10-17,2023-11-08,2023-11-08,2023-10-17,2023-11-08,inferred,draw,draw,,2023-09-02,2023-11-11,22.0,14441.0,4122.0,69.0,0.0,52.0,35.0,16.0,47.0,41.0,9.0,0.0,21.0,0.0,11.0,65.0,44.0,56.0,69.0,0.1717343711992216,0.0313792264655801,0.0029189978107516,0.7939674045244466,0.0,0.1153846153846153,0.1153846153846153,0.0,0.7692307692307693,0.0,0.2068965517241379,0.0344827586206896,0.0,0.7586206896551724,0.0,0.0084985835694051,0.0084985835694051,706.0,6.0,6.0,0.0465116279069767,0.0077519379844961,129.0,6.0,1.0,,,12.0,0.0,0.0,0.0122549019607843,0.0067401960784313,3264.0,40.0,22.0,,,0.0,0.0,0.0,0.0002432498175626,0.1714911213816589,0.0313792264655801,0.0,0.0,0.1658963755777183,0.0092434930673801,0.0,0.0,0.0,0.0029189978107516,0.5962053028460229,0.0004864996351252,0.0221357333981999,0.0026686074721009,1.3658536585365857,6.222222222222222,0.5121951219512195,0.0,0.2195121951219512,0.2682926829268293,0.0135856380397865,0.0099466278505579,0.1607142857142857,3.503396409509947,0.0887918486171761,0.2926829268292683,0.4694974469228702,0.0583176565439398,0.4107142857142857,0.0535714285714285,0.3149690943294813,0.2272727272727272,0.3636363636363636,0.0887918486171761,0.4648229015041242,0.0679281901989325,0.3444929645803008,0.0339640950994662,0.0,0.0,0.4642857142857143,0.0714285714285714,0.4107142857142857,0.0535714285714285,0.0,0.2926829268292683,0.073170731707317,0.024390243902439,0.3170731707317073,0.2926829268292683,0.0,3721.0,8.324093761450404,3.713572066704308,4.02535169073515,0.3117796240308415,-4.298742070715255,-4.6105216947460965,2.0,Email-led collector launches with a private room,1.0,Organic,1.8500197768457929,,,2023.11KotaoSE,1046|657,2.0,5000.0,5000.0,5000.0,EUR,5000.0,40.0,200000.0,200000.0,2023-11-08,Draw,SE,High cost 3D edition,Confirmed,artist+window,1.0,0.0,titles: Ruki-chan (Black) / Ruki-chan (Red)
Tomokazu Matsuyama · Perfect All Alone Ironic · 2023 Q4,Tomokazu Matsuyama,Perfect All Alone Ironic,2023 Q4,2023,2023-10-23,2026-09-08,4149.0,81.0,23.0,2023-11-24,2023-12-05,2023-12-05,2023-11-24,2023-12-05,inferred,draw,draw,,2023-10-10,2023-12-08,11.0,9284.0,3506.0,23.0,0.0,0.0,56.0,36.0,0.0,57.0,15.0,0.0,36.0,0.0,6.0,23.0,0.0,22.0,23.0,0.7974175035868005,0.0579626972740315,0.0172166427546628,0.127403156384505,0.0,0.3809523809523809,0.0476190476190476,0.0,0.5714285714285714,0.0,0.5227272727272727,0.0227272727272727,0.0,0.4545454545454545,0.0,0.0028787333573227,0.0082763584023029,2779.0,8.0,23.0,0.0049504950495049,0.0049504950495049,202.0,1.0,1.0,0.0,0.0,60.0,0.0,0.0,0.027027027027027,0.045045045045045,444.0,12.0,20.0,,,0.0,0.0,0.0,0.000286944045911,0.7971305595408895,0.0579626972740315,0.0,0.0,0.0918220946915351,0.006312769010043,0.0048780487804878,0.0,0.0,0.0172166427546628,0.006599713055954,0.0086083213773314,0.0091822094691535,0.0059897318881916,0.3859649122807017,1.4666666666666666,0.631578947368421,0.0,0.2631578947368421,0.1052631578947368,0.0062749572162007,0.0162578436965202,0.6818181818181818,2.648031945236737,0.7113519680547633,0.543859649122807,0.2528263103802672,0.303186022610483,0.3181818181818182,0.3181818181818182,0.2517985611510791,0.2727272727272727,0.5454545454545454,0.7113519680547633,0.1500285225328009,0.0350827153451226,0.065031374786081,0.0385054192812321,0.0,0.0,0.4545454545454545,0.0454545454545454,0.3636363636363636,0.1363636363636363,0.0,0.543859649122807,0.1228070175438596,0.0350877192982456,0.0350877192982456,0.2631578947368421,0.0,973.0,8.16223106548118,4.04305126783455,3.091042453358316,-0.9520088144762344,-5.071188612122864,-4.11917979764663,2.0,Email-led collector launches with a private room,1.0,Organic,2.168303938859903,,,22.12MatsuPerfectAllAloneIronic,486,1.0,5000.0,5000.0,5000.0,EUR,5000.0,75.0,375000.0,375000.0,2023-12-05,Draw,PE,Silkscreen print,Confirmed,exact,1.0,0.0,
Baldur Helgason · Menippean Satire · 2024 Q1,Baldur Helgason,Menippean Satire,2024 Q1,2024,2023-11-21,2026-09-10,3489.0,49.0,28.0,2024-02-09,2024-02-21,2024-02-21,2024-02-09,2024-02-21,inferred,draw,draw,,2023-12-26,2024-02-24,12.0,8835.0,2591.0,28.0,0.0,0.0,46.0,18.0,0.0,46.0,22.0,0.0,18.0,0.0,6.0,28.0,0.0,24.0,28.0,0.6656358716660224,0.1171240819482025,0.0367220718979512,0.1793583301120989,0.0011596443757247,0.2727272727272727,0.2272727272727272,0.0454545454545454,0.4090909090909091,0.0454545454545454,0.3684210526315789,0.1578947368421052,0.0263157894736842,0.4473684210526316,0.0,0.0034843205574912,0.008130081300813,1722.0,6.0,14.0,0.0165016501650165,0.0198019801980198,303.0,5.0,6.0,0.0105263157894736,0.0105263157894736,95.0,1.0,1.0,0.0193965517241379,0.0366379310344827,464.0,9.0,17.0,,,3.0,1.0,0.0,0.0003865481252415,0.6652493235407808,0.1124855044453034,0.0,0.0046385775028991,0.1468882875918051,0.0081175106300734,0.0,0.0,0.0011596443757247,0.0367220718979512,0.008504058755315,0.0158484731349052,0.0,0.0015438054805094,0.5217391304347826,1.0909090909090908,0.391304347826087,0.0,0.4782608695652174,0.1304347826086956,0.0092628328830567,0.0177537630258587,0.9166666666666666,3.4098803550752605,0.0038595137012736,0.0,0.4040364068064899,0.0621290067273446,0.125,0.1666666666666666,0.3027305104867431,0.25,0.3333333333333333,0.0038595137012736,0.5534542647626399,0.3133925125434195,0.0752605171748359,0.0540331918178309,0.0,0.0,0.375,0.3333333333333333,0.2083333333333333,0.0833333333333333,0.0,0.0,0.3260869565217391,0.1521739130434782,0.0217391304347826,0.5,0.0,2527.0,7.85979918056211,3.828641396489095,3.1780538303479458,-0.6505875661411494,-4.681745350214165,-4.031157784073015,2.0,Email-led collector launches with a private room,1.0,Organic,1.5518162441318997,,,2024BaldurHelgPE,470,1.0,1700.0,1700.0,1700.0,EUR,1700.0,50.0,85000.0,85000.0,2024-02-21,Draw,PE,Silkscreen print,Confirmed,exact,1.0,0.0,
Javier Calleja · Multiple · 2024 Q2,Javier Calleja,Multiple,2024 Q2,2024,2024-04-02,2026-09-10,9539.0,267.0,159.0,2024-04-15,2024-04-30,2024-04-30,2024-04-15,2024-04-30,inferred,draw,draw,,2024-03-01,2024-05-03,15.0,29796.0,8035.0,159.0,0.0,1.0,259.0,114.0,0.0,264.0,94.0,0.0,118.0,0.0,52.0,153.0,0.0,126.0,159.0,0.5946486621655414,0.1054013503375844,0.0543885971492873,0.2455613903475869,0.0,0.4608695652173913,0.1043478260869565,0.0782608695652174,0.3565217391304348,0.0,0.5294117647058824,0.0542986425339366,0.0361990950226244,0.3800904977375565,0.0,0.011143818334735,0.0246005046257359,4756.0,53.0,117.0,0.0142348754448398,0.0142348754448398,843.0,12.0,12.0,0.0206896551724137,0.0183908045977011,435.0,9.0,8.0,0.0208757637474541,0.0427698574338085,1964.0,41.0,84.0,,,0.0,0.0,0.0,0.0002500625156289,0.5943985996499125,0.1019004751187797,0.0,0.0035008752188047,0.1725431357839459,0.0106276569142285,0.0003750937734433,0.0,0.0,0.0543885971492873,0.0497624406101525,0.012128032008002,0.0001250312578144,0.004604853764779,0.4772727272727273,1.3404255319148937,0.4469696969696969,0.0,0.3560606060606061,0.1969696969696969,0.0156813939016801,0.0328562538892346,0.746031746031746,3.708276291225887,0.29607965152458,0.3787878787878788,0.5067101922379398,0.0995647442872687,0.4523809523809524,0.1587301587301587,0.3657961552412042,0.0666666666666666,0.1333333333333333,0.29607965152458,0.435718730553827,0.1361543248288736,0.0903546981953951,0.0416925948973242,0.0,0.0,0.626984126984127,0.1666666666666666,0.1746031746031746,0.0317460317460317,0.0,0.3787878787878788,0.1212121212121212,0.034090909090909,0.0303030303030303,0.4356060606060606,0.0,5514.0,8.991562278171614,5.575949103146316,4.836281906951478,-0.7396671961948381,-4.155280371220135,-3.415613175025297,2.0,Email-led collector launches with a private room,1.0,Organic,1.3460388606948144,,,2024CallejaPE,1896|2014|2073,3.0,1600.0,1600.0,1600.0,EUR,1600.0,500.0,800000.0,800000.0,2024-04-30,Draw,PE,Complex print,Confirmed,artist+window,1.0,0.0,titles: Floating / It wasn't me / It wasn't me + Floating [DIPTYCH // PAIRING]
Asuka Anastacia Ogawa · Sleepy · 2024 Q2,Asuka Anastacia Ogawa,Sleepy,2024 Q2,2024,2024-04-26,2026-09-06,1877.0,52.0,114.0,2024-05-07,2024-05-22,2024-05-22,2024-05-07,2024-05-22,inferred,draw,draw,,2024-03-23,2024-05-25,15.0,5560.0,1456.0,64.0,50.0,31.0,50.0,20.0,31.0,51.0,5.0,16.0,21.0,4.0,7.0,64.0,31.0,52.0,114.0,0.6632088520055325,0.1438450899031811,0.0,0.1929460580912863,0.0,0.3333333333333333,0.2,0.0,0.4666666666666667,0.0,0.4736842105263157,0.0789473684210526,0.0,0.4473684210526316,0.0,0.0156412930135557,0.0187695516162669,959.0,15.0,18.0,0.0432692307692307,0.0144230769230769,208.0,9.0,3.0,,,0.0,0.0,0.0,0.075268817204301,0.060931899641577,279.0,21.0,17.0,,,0.0,0.0,0.0,0.0,0.6632088520055325,0.1327800829875518,0.0027662517289073,0.0110650069156293,0.1639004149377593,0.0235131396957123,0.0,0.0,0.0,0.0,0.0,0.0027662517289073,0.0,0.0068681318681318,1.0196078431372548,10.4,0.4117647058823529,0.3137254901960784,0.0980392156862745,0.2156862745098039,0.0357142857142857,0.0350274725274725,0.0961538461538461,3.818681318681319,0.0048076923076923,0.0392156862745098,0.483554933519944,0.0692792162351294,0.3461538461538461,0.0384615384615384,0.3282015395381386,0.1333333333333333,0.2,0.0048076923076923,0.7822802197802198,0.0837912087912087,0.0769230769230769,0.0521978021978022,0.0,0.0,0.6730769230769231,0.1153846153846153,0.173076923076923,0.0384615384615384,0.0,0.0392156862745098,0.4901960784313725,0.196078431372549,0.0196078431372549,0.2549019607843137,0.0,1429.0,7.283448228756631,3.9318256327243257,3.951243718581428,0.0194180858571015,-3.332204510175204,-3.3516225960323056,2.0,Email-led collector launches with a private room,1.0,Organic,1.4646530408123533,,,AsukaSleepy24,1561,1.0,500.0,500.0,500.0,EUR,500.0,50.0,25000.0,25000.0,2024-05-22,Draw,PE,Digital print,Confirmed,exact,1.0,0.0,
Kaï · Content · 2024 Q2,Kaï,Content,2024 Q2,2024,2024-04-15,2026-09-05,3558.0,170.0,100.0,2024-05-14,2024-05-29,2024-05-29,2024-05-14,2024-05-29,inferred,draw,draw,,2024-03-30,2024-06-01,15.0,8992.0,2374.0,62.0,38.0,0.0,81.0,28.0,0.0,162.0,36.0,58.0,56.0,6.0,12.0,61.0,0.0,49.0,100.0,0.3318984072320275,0.1838140335772707,0.2922944468359879,0.1919931123547137,0.0,0.1136363636363636,0.2954545454545454,0.3181818181818182,0.2727272727272727,0.0,0.1285714285714285,0.2428571428571428,0.2714285714285714,0.3571428571428571,0.0,0.0064850843060959,0.0233463035019455,771.0,5.0,18.0,0.0304449648711943,0.0796252927400468,427.0,13.0,34.0,0.0206185567010309,0.0559646539027982,679.0,14.0,38.0,0.0269058295964125,0.1121076233183856,446.0,12.0,50.0,,,0.0,0.0,0.0,0.0,0.3318984072320275,0.175204476969436,0.0,0.0086095566078346,0.1575548859233749,0.0094705122686181,0.0004304778303917,0.0,0.0,0.2922944468359879,0.0223848471803702,0.0021523891519586,0.0,0.0214827295703454,0.3024691358024691,1.3611111111111112,0.345679012345679,0.3580246913580246,0.2222222222222222,0.1111111111111111,0.0206402695871946,0.0682392586352148,0.7346938775510204,3.7877000842459982,0.0265374894692502,0.0246913580246913,0.4482452243447357,0.1399378054198134,0.4081632653061224,0.1428571428571428,0.344735673034207,0.1333333333333333,0.2,0.0265374894692502,0.6112047177759057,0.0893007582139848,0.1941870261162595,0.0787700084245998,0.0,0.0,0.5918367346938775,0.0612244897959183,0.2653061224489796,0.0816326530612244,0.0,0.0246913580246913,0.2098765432098765,0.3703703703703703,0.1358024691358024,0.2592592592592592,0.0,2251.0,7.772331575169614,5.087596335232384,3.8918202981106265,-1.1957760371217574,-3.8805112770589862,-2.684735239937229,2.0,Email-led collector launches with a private room,1.0,Organic,1.824596560073372,,,KaiContent24,172,1.0,1200.0,1200.0,1200.0,EUR,1200.0,140.0,168000.0,168000.0,2024-05-29,Draw,SE,Mid cost 3D edition,Confirmed,exact,1.0,0.0,
Paul Insect · Multiple · 2024 Q3,Paul Insect,Multiple,2024 Q3,2024,2024-06-19,2026-09-09,6730.0,95.0,95.0,2024-07-12,2024-07-30,2024-07-30,2024-07-12,2024-07-30,inferred,draw,draw,,2024-05-28,2024-08-02,18.0,23351.0,5879.0,95.0,0.0,6.0,88.0,21.0,5.0,92.0,40.0,0.0,23.0,0.0,29.0,91.0,4.0,60.0,95.0,0.4407070533722327,0.1616612321949545,0.1180710485670156,0.2795606658657971,0.0,0.5714285714285714,0.1071428571428571,0.1071428571428571,0.2142857142857142,0.0,0.4722222222222222,0.1388888888888889,0.0694444444444444,0.3194444444444444,0.0,0.0124610591900311,0.0132398753894081,2568.0,32.0,34.0,0.0063694267515923,0.0106157112526539,942.0,6.0,10.0,0.0087209302325581,0.0072674418604651,688.0,6.0,5.0,0.007366482504604,0.0141190914671577,1629.0,12.0,23.0,,,0.0,0.0,0.0,0.0,0.4407070533722327,0.1570276299982838,0.0,0.0046336021966706,0.2291058863909387,0.0192208683713746,0.0032606830272867,0.0,0.0,0.1180710485670156,0.0084091299124764,0.0195640981637206,0.0,0.008845041673754,0.6521739130434783,1.5,0.25,0.0,0.4347826086956521,0.3152173913043478,0.01020581731587,0.015648919884334,0.6666666666666666,3.971934002381357,0.3218234393604354,0.1739130434782608,0.5190918472652218,0.0884932920536635,0.3166666666666666,0.15,0.4174406604747162,0.0555555555555555,0.3333333333333333,0.3218234393604354,0.4005783296478993,0.1319952372852526,0.111413505698248,0.0341894880081646,0.0,0.0,0.3666666666666666,0.4,0.1833333333333333,0.05,0.0,0.1739130434782608,0.1847826086956521,0.0326086956521739,0.0108695652173913,0.5978260869565217,0.0,3876.0,8.679141958402255,4.5217885770490405,4.0943445622221,-0.4274440148269396,-4.5847973961801545,-4.157353381353214,2.0,Email-led collector launches with a private room,1.0,Organic,1.0034102726972656,,,PaulInsecJunkShop24,1785|2030,2.0,2025.0,1900.0,2400.0,EUR,2025.0,100.0,202500.0,202500.0,2024-07-30,Draw,PE,Hybrid print,Confirmed,artist+window,1.0,0.0,titles: Something Forbidden (Blue) / Something Forbidden (Gold)
Antony Micallef · Portrait of Francis Bacon · 2024 Q3,Antony Micallef,Portrait of Francis Bacon,2024 Q3,2024,2024-07-11,2026-09-10,3000.0,52.0,138.0,2024-08-06,2024-08-27,2024-08-27,2024-08-06,2024-08-27,inferred,draw,draw,,2024-06-22,2024-08-30,21.0,7195.0,2314.0,76.0,62.0,37.0,49.0,16.0,36.0,49.0,2.0,19.0,16.0,2.0,10.0,75.0,36.0,58.0,138.0,0.2547714158899245,0.1011984021304926,0.4660452729693741,0.1775410563692854,0.0004438526409232,0.1363636363636363,0.0681818181818181,0.5681818181818182,0.2272727272727272,0.0,0.3513513513513513,0.027027027027027,0.3513513513513513,0.2702702702702703,0.0,0.0104529616724738,0.0226480836236933,574.0,6.0,13.0,0.0131578947368421,0.0043859649122807,228.0,3.0,1.0,0.0238095238095238,0.0123809523809523,1050.0,25.0,13.0,0.025,0.025,400.0,10.0,10.0,,,1.0,0.0,0.0,0.0,0.2547714158899245,0.093652907234798,0.0,0.0075454948956946,0.1526853084775854,0.0106524633821571,0.0004438526409232,0.0,0.0004438526409232,0.4660452729693741,0.0017754105636928,0.0119840213049267,0.0,0.0263612791702679,1.183673469387755,29.0,0.3265306122448979,0.3877551020408163,0.0408163265306122,0.2448979591836734,0.0250648228176318,0.0211754537597234,0.0344827586206896,3.10933448573898,0.1944684528954192,0.3673469387755102,0.6143250688705234,0.0964187327823691,0.6206896551724138,0.0517241379310344,0.3322314049586777,0.0476190476190476,0.0476190476190476,0.1944684528954192,0.5821089023336214,0.0635263612791702,0.1097666378565255,0.0501296456352636,0.0,0.0,0.8103448275862069,0.1379310344827586,0.0172413793103448,0.0344827586206896,0.0,0.3673469387755102,0.1836734693877551,0.1428571428571428,0.0204081632653061,0.2857142857142857,0.0,1815.0,7.746732907753622,3.8918202981106265,4.060443010546419,0.1686227124357927,-3.6862898972072022,-3.8549126096429953,2.0,Email-led collector launches with a private room,1.0,Organic,1.5035155659677508,,,AntonyMicPrint24,1807,1.0,1750.0,1750.0,1750.0,EUR,1750.0,50.0,87500.0,87500.0,2024-08-27,TBC (Pre-order),PE,Digital print,Confirmed,exact,1.0,0.0,
TIDE · Multiple · 2024 Q4,TIDE,Multiple,2024 Q4,2024,2024-07-08,2026-09-09,3891.0,31.0,56.0,2024-08-29,2024-09-24,2024-09-24,2024-08-29,2024-09-24,inferred,draw,draw,,2024-07-15,2024-09-27,26.0,5748.0,3535.0,42.0,14.0,31.0,29.0,12.0,30.0,29.0,6.0,3.0,12.0,0.0,8.0,42.0,30.0,40.0,56.0,0.4623472577436772,0.1562944018186985,0.2668371696504689,0.1145211707871554,0.0,0.4358974358974359,0.1025641025641025,0.2051282051282051,0.2307692307692307,0.0256410256410256,0.2727272727272727,0.0454545454545454,0.1363636363636363,0.5454545454545454,0.0,0.0104486785494775,0.0036877688998156,1627.0,17.0,6.0,0.0072727272727272,0.0018181818181818,550.0,4.0,1.0,0.0085197018104366,0.0031948881789137,939.0,8.0,3.0,0.0223325062034739,0.0297766749379652,403.0,9.0,12.0,,,0.0,1.0,0.0,0.0,0.4623472577436772,0.1534526854219949,0.0,0.0028417163967036,0.0943449843705598,0.0028417163967036,0.0,0.0,0.0,0.2668371696504689,0.0017050298380221,0.0136402387041773,0.0019892014776925,0.0045261669024045,1.3793103448275863,6.666666666666667,0.4137931034482758,0.1034482758620689,0.2068965517241379,0.2758620689655172,0.0113154172560113,0.0082036775106082,0.15,1.626025459688826,0.1377652050919377,0.3793103448275862,0.5209720372836218,0.0875499334221038,0.3,0.125,0.401797603195739,0.0769230769230769,0.2692307692307692,0.1377652050919377,0.5934936350777935,0.0545968882602546,0.1835926449787835,0.0305516265912305,0.0,0.0,0.55,0.175,0.25,0.025,0.0,0.3793103448275862,0.2758620689655172,0.0,0.0689655172413793,0.2758620689655172,0.0,3004.0,8.170468578330674,3.367295829986474,3.688879454113936,0.3215836241274623,-4.481589124216737,-4.803172748344199,2.0,Email-led collector launches with a private room,1.0,Organic,1.1879291086393642,,,TideSit24,1249,1.0,2800.0,2800.0,2800.0,EUR,2800.0,30.0,84000.0,84000.0,2024-09-24,Draw,SE,Mid cost 3D edition,Confirmed,artist+window,1.0,0.0,titles: Sit
Parra · Multiple · 2024 Q4,Parra,Multiple,2024 Q4,2024,2024-08-01,2026-09-08,26266.0,242.0,344.0,2024-10-03,2024-10-24,2024-10-24,2024-10-03,2024-10-24,inferred,draw,draw,,2024-08-19,2024-10-27,21.0,44657.0,21452.0,344.0,0.0,179.0,227.0,89.0,169.0,235.0,83.0,0.0,93.0,0.0,59.0,341.0,168.0,270.0,344.0,0.1455133008617459,0.0455226676657924,0.6296834020232297,0.1792806294492319,0.0,0.08984375,0.046875,0.55078125,0.3125,0.0,0.2523364485981308,0.0514018691588785,0.3878504672897196,0.308411214953271,0.0,0.0074026392018023,0.0173801094303186,3107.0,23.0,54.0,0.0123456790123456,0.0113168724279835,972.0,12.0,11.0,0.0104871699516548,0.0061732986240238,13445.0,141.0,83.0,0.0208986415882967,0.0172413793103448,3828.0,80.0,66.0,,,0.0,0.0,0.0,0.0,0.1455133008617459,0.0451948295241663,0.0004215061820906,0.000327838141626,0.1153521918321468,0.0099288122892469,0.0004683402023229,0.0,0.0,0.6296834020232297,0.0450074934432371,0.008055451479955,4.683402023229674e-05,0.0046615700167816,1.148936170212766,3.253012048192771,0.3957446808510638,0.0,0.3531914893617021,0.251063829787234,0.0125862390453104,0.0109546895394368,0.3074074074074074,2.0817173223941823,0.2056218534402386,0.3106382978723404,0.733544379405089,0.0540556683789272,0.6555555555555556,0.0962962962962963,0.6012423844224107,0.0476190476190476,0.0476190476190476,0.2056218534402386,0.6682360619056498,0.051556964385605,0.0463826216669774,0.0282024986015289,0.0,0.0,0.7555555555555555,0.0851851851851851,0.1259259259259259,0.0333333333333333,0.0,0.3106382978723404,0.1617021276595744,0.0085106382978723,0.0468085106382978,0.4723404255319149,0.0,16742.0,9.973573160102816,5.459585514144159,5.598421958998375,0.1388364448542159,-4.375151201104441,-4.5139876459586565,2.0,Email-led collector launches with a private room,1.0,Organic,2.13552017086306,,,PietParraRepeat24,2246|2097|1900,3.0,600.0,600.0,600.0,EUR,600.0,300.0,180000.0,180000.0,2024-10-24,Draw,PE,Silkscreen print,Confirmed,artist+window,1.0,0.0,titles: DIPTYCH-FOUR WALLS/ LOST KEYS (Diptych) / FOUR WALLS / LOST KEYS
Ai Weiwei · To Be Looked At... · 2024 Q4,Ai Weiwei,To Be Looked At...,2024 Q4,2024,2024-07-23,2026-09-10,9803.0,202.0,182.0,2024-10-15,2024-11-04,2024-11-04,2024-10-15,2024-11-04,inferred,draw,draw,,2024-08-31,2024-11-07,20.0,11781.0,7812.0,182.0,0.0,89.0,184.0,118.0,88.0,187.0,45.0,0.0,118.0,0.0,24.0,179.0,87.0,134.0,182.0,0.8049062419727716,0.0288980220909324,0.0272283585923452,0.1385820703827382,0.0003853069612124,0.6461538461538462,0.0076923076923076,0.023076923076923,0.3230769230769231,0.0,0.7237569060773481,0.0,0.0,0.2762430939226519,0.0,0.0134035423647678,0.0209031434498165,6267.0,84.0,131.0,0.0044444444444444,0.0,225.0,1.0,0.0,0.0141509433962264,0.0,212.0,3.0,0.0,0.0389249304911955,0.0463392029657089,1079.0,42.0,50.0,,,3.0,0.0,0.0,0.0,0.8049062419727716,0.0242743385563832,0.0002568713074749,0.0046236835345491,0.0795016696634985,0.0073208322630362,0.0,0.0,0.0003853069612124,0.0272283585923452,0.0360904187002311,0.0138710506036475,0.0015412278448497,0.0033282130056323,0.7165775401069518,2.977777777777778,0.6310160427807486,0.0,0.2406417112299465,0.1283422459893048,0.017153097798259,0.0239375320020481,0.3358208955223881,1.5080645161290325,0.3849206349206349,0.6737967914438503,0.6894212423150308,0.0345558617765528,0.582089552238806,0.0373134328358208,0.5350858596565614,0.0,0.05,0.3849206349206349,0.5069124423963134,0.0558115719406041,0.027905785970302,0.0244495647721454,0.0,0.0,0.6865671641791045,0.208955223880597,0.0820895522388059,0.0223880597014925,0.0,0.6737967914438503,0.0748663101604278,0.0053475935828877,0.0,0.2459893048128342,0.0,4717.0,8.96341629199657,5.231108616854587,4.897839799950911,-0.3332688169036752,-4.0655764920456585,-3.732307675141983,2.0,Email-led collector launches with a private room,1.0,Organic,1.613612851661732,,,AiWeiweiCCTV24,1787,1.0,2200.0,2200.0,2200.0,EUR,2200.0,200.0,440000.0,440000.0,2024-11-04,Draw,SE,Mid cost 3D edition,Confirmed,exact,1.0,0.0,
Miwa Komatsu · White and Black Guiding Yamainu-sama · 2024 Q4,Miwa Komatsu,White and Black Guiding Yamainu-sama,2024 Q4,2024,2024-10-15,2026-09-10,3697.0,15.0,64.0,2024-10-21,2024-11-20,2024-11-20,2024-10-21,2024-11-20,inferred,draw,draw,,2024-09-06,2024-11-23,30.0,6147.0,3518.0,64.0,0.0,56.0,15.0,12.0,56.0,15.0,2.0,0.0,12.0,0.0,1.0,62.0,54.0,56.0,64.0,0.3687517852042273,0.0334190231362467,0.4755784061696658,0.1219651528134818,0.0002856326763781,0.1785714285714285,0.1071428571428571,0.375,0.3392857142857143,0.0,0.7333333333333333,0.0,0.0,0.2666666666666666,0.0,0.0077459333849728,0.0085205267234701,1291.0,10.0,11.0,0.0512820512820512,0.0,117.0,6.0,0.0,0.0126126126126126,0.0,1665.0,21.0,0.0,0.0444964871194379,0.009367681498829,427.0,19.0,4.0,,,1.0,0.0,0.0,0.0002856326763781,0.3684661525278492,0.0308483290488431,0.0008568980291345,0.0025706940874035,0.0956869465866895,0.009711510996858,0.0,0.0,0.0002856326763781,0.4755784061696658,0.0139960011425307,0.001713796058269,0.0,0.0048322910744741,3.733333333333333,28.0,0.8,0.0,0.1333333333333333,0.0666666666666666,0.01591813530415,0.004263786242183,0.0357142857142857,1.7472996020466174,0.2245594087549744,0.6666666666666666,0.4271735039518253,0.2404968009032743,0.3928571428571428,0.375,0.2864132480240873,0.2333333333333333,0.2666666666666666,0.2245594087549744,0.3925525866969869,0.1583285957930642,0.157191586128482,0.0673678226264923,0.0,0.0,0.5178571428571429,0.0892857142857142,0.3214285714285714,0.0714285714285714,0.0,0.6666666666666666,0.2,0.0,0.0,0.1333333333333333,0.0,2657.0,8.165647925297504,2.70805020110221,4.02535169073515,1.3173014896329391,-4.140296234562354,-5.457597724195294,2.0,Email-led collector launches with a private room,1.0,Organic,2.371986434455176,,,MiwaKomatWhiBla24,1124,1.0,8000.0,8000.0,8000.0,EUR,8000.0,15.0,120000.0,120000.0,2024-11-20,Draw,HFSE,High cost 3D edition,Confirmed,exact,1.0,0.0,
Woo Kuk Won · Multiple · 2024 Q4,Woo Kuk Won,Multiple,2024 Q4,2024,2024-10-14,2026-09-10,5757.0,89.0,478.0,2024-10-24,2024-11-19,2024-11-19,2024-10-24,2024-11-19,inferred,draw,draw,,2024-09-09,2024-11-22,26.0,17166.0,4834.0,313.0,165.0,254.0,66.0,31.0,238.0,85.0,7.0,11.0,33.0,1.0,33.0,268.0,202.0,228.0,478.0,0.3688387635756057,0.1269841269841269,0.204469507101086,0.2986633249791144,0.0010442773600668,0.2222222222222222,0.0488888888888888,0.0888888888888888,0.6355555555555555,0.0044444444444444,0.2926829268292683,0.0609756097560975,0.024390243902439,0.6219512195121951,0.0,0.0283125707814269,0.0135900339750849,1766.0,50.0,24.0,0.0180921052631578,0.0082236842105263,608.0,11.0,5.0,0.0204290091930541,0.0020429009193054,979.0,20.0,2.0,0.1,0.0356643356643356,1430.0,143.0,51.0,,,5.0,1.0,0.0,0.0014619883040935,0.3673767752715121,0.1246867167919799,0.0012531328320802,0.002297410192147,0.2241019214703425,0.0221386800334168,0.0004177109440267,0.0,0.0010442773600668,0.204469507101086,0.008563074352548,0.0421888053467,0.0,0.0095159288374017,2.6823529411764704,32.57142857142857,0.388235294117647,0.1294117647058823,0.0823529411764705,0.4,0.0471659081505999,0.0175837815473727,0.0307017543859649,3.551096400496484,0.249482829954489,0.4470588235294118,0.5032367013791162,0.1168027019420208,0.5263157894736842,0.1140350877192982,0.3402758232479594,0.0769230769230769,0.0769230769230769,0.249482829954489,0.5637153496069508,0.0583367811336367,0.0841952834091849,0.0442697558957385,0.0,0.0,0.75,0.0964912280701754,0.0921052631578947,0.0614035087719298,0.0,0.4470588235294118,0.2705882352941176,0.0,0.0235294117647058,0.2588235294117647,0.0,3553.0,8.483429561263428,4.442651256490317,5.429345628954441,0.9866943724641244,-3.054083932308988,-4.040778304773112,2.0,Email-led collector launches with a private room,1.0,Organic,1.398153517197272,,,WookukwoPairLE24,2100|1882|2259,3.0,1500.0,1500.0,1500.0,EUR,1500.0,100.0,150000.0,150000.0,2024-11-19,Draw,PE,Digital print,Confirmed,fuzzy+window,1.0,0.0,artist matched 'Kukwon Woo' at similarity 1.00; titles: Breakfast on the Beach / Valley of the Shadow of Death / Valley of the Shadow of Death & Breakfast on the Beach [Diptych
José Parlá · Multiple · 2024 Q4,José Parlá,Multiple,2024 Q4,2024,2024-10-22,2026-09-05,5855.0,102.0,106.0,2024-11-11,2024-12-02,2024-12-02,2024-11-11,2024-12-02,inferred,draw,draw,,2024-09-27,2024-12-05,21.0,8167.0,5436.0,79.0,27.0,35.0,98.0,52.0,34.0,98.0,11.0,16.0,52.0,0.0,19.0,79.0,34.0,64.0,106.0,0.6592756836659276,0.0585735402808573,0.053030303030303,0.229120473022912,0.0,0.5573770491803278,0.0655737704918032,0.0163934426229508,0.360655737704918,0.0,0.5227272727272727,0.0568181818181818,0.0795454545454545,0.3409090909090909,0.0,0.0095291479820627,0.0128923766816143,3568.0,34.0,46.0,0.0126182965299684,0.0157728706624605,317.0,4.0,5.0,0.0034843205574912,0.024390243902439,287.0,1.0,7.0,0.0177419354838709,0.0241935483870967,1240.0,22.0,30.0,,,0.0,0.0,0.0,0.0003695491500369,0.6589061345158906,0.056910569105691,0.0,0.0016629711751662,0.1666666666666666,0.0070214338507021,0.0,0.0,0.0,0.053030303030303,0.0480413895048041,0.007390983000739,0.0,0.0044150110375275,0.6530612244897959,5.818181818181818,0.5306122448979592,0.1632653061224489,0.1122448979591836,0.1938775510204081,0.0117733627667402,0.018027961736571,0.171875,1.5023914643119942,0.322111846946284,0.5306122448979592,0.5982388552559164,0.1653824986241056,0.5,0.1875,0.3208585580627408,0.0952380952380952,0.0952380952380952,0.322111846946284,0.4823399558498896,0.0472774098601913,0.1118469462840323,0.0364238410596026,0.0,0.0,0.578125,0.09375,0.328125,0.0,0.0,0.5306122448979592,0.2755102040816326,0.0408163265306122,0.0306122448979591,0.1224489795918367,0.0,3634.0,8.600798775271034,4.584967478670572,4.158883083359672,-0.4260843953109001,-4.441915691911363,-4.015831296600463,2.0,Email-led collector launches with a private room,1.0,Organic,0.9050617268926604,,,JoseParlaAmerica24,2049|2048,2.0,1136.3636363636363,0.0,1250.0,EUR,1136.3636363636363,110.0,125000.0,125000.0,2024-12-02,Draw,HFPE,Digital print,Confirmed,artist+window,1.0,0.0,"titles: The American Mindscape, Painted / The American Mindscape, Textured"
Ai Weiwei · Multiple · 2024 Q4,Ai Weiwei,Multiple,2024 Q4,2024,2024-11-05,2026-09-10,9838.0,207.0,222.0,2024-11-20,2024-12-10,2024-12-10,2024-11-20,2024-12-10,inferred,draw,draw,,2024-10-06,2024-12-13,20.0,18782.0,8657.0,222.0,0.0,52.0,190.0,52.0,43.0,202.0,96.0,0.0,57.0,0.0,49.0,215.0,40.0,149.0,222.0,0.7313276803345337,0.0680683006156348,0.0385642931815541,0.1619235683586944,0.0001161575095829,0.6319444444444444,0.0902777777777777,0.0277777777777777,0.25,0.0,0.6084656084656085,0.0529100529100529,0.0158730158730158,0.3227513227513227,0.0,0.0144536213468869,0.0182655654383735,6296.0,91.0,115.0,0.0221843003412969,0.0170648464163822,586.0,13.0,10.0,0.0120481927710843,0.0090361445783132,332.0,4.0,3.0,0.0258249641319942,0.0437589670014347,1394.0,36.0,61.0,,,1.0,0.0,0.0,0.0006969450574979,0.7306307352770357,0.063538157741898,0.0002323150191659,0.0045301428737367,0.1201068649088163,0.0051109304216517,0.0,0.0,0.0001161575095829,0.0385642931815541,0.0219537693111859,0.0145196886978743,0.0,0.0055446459512533,0.7376237623762376,1.5520833333333333,0.2821782178217821,0.0,0.4752475247524752,0.2425742574257425,0.0172115051403488,0.023333718378191,0.6442953020134228,2.169573755342497,0.2364560471294906,0.2425742574257425,0.4565419115372718,0.1054747912155892,0.4093959731543624,0.1879194630872483,0.3730281472316734,0.1,0.3,0.2364560471294906,0.4113434215086057,0.170266836086404,0.1309922605983597,0.0509414346771398,0.0,0.0,0.5033557046979866,0.174496644295302,0.2550335570469799,0.0671140939597315,0.0,0.2425742574257425,0.0495049504950495,0.0841584158415841,0.0247524752475247,0.599009900990099,0.0,6466.0,9.066123521215774,5.308267697401205,5.003946305945459,-0.3043213914557456,-4.062177215270315,-3.757855823814569,2.0,Email-led collector launches with a private room,1.0,Organic,1.127373792111492,,,AiWeiweiTondoWood24,1992|1991,2.0,1650.0,1650.0,1650.0,EUR,1650.0,200.0,330000.0,330000.0,2024-12-10,Draw,PE,Complex print,Confirmed,artist+window,1.0,0.0,titles: Circle in Black / Circle in Blue; not AiWeiweiCCTV24 (36 days off)
Derek Fordjour · Multiple · 2025 Q1,Derek Fordjour,Multiple,2025 Q1,2025,2024-11-15,2026-09-07,891.0,26.0,31.0,2024-12-10,2025-01-28,2025-01-28,2024-12-10,2025-01-28,inferred,draw,draw,,2024-10-26,2025-01-31,49.0,2009.0,687.0,31.0,0.0,0.0,26.0,4.0,0.0,26.0,17.0,0.0,4.0,0.0,5.0,28.0,0.0,17.0,31.0,0.5943952802359882,0.0132743362831858,0.0,0.3893805309734513,0.0029498525073746,0.2941176470588235,0.2352941176470588,0.0,0.4117647058823529,0.0588235294117647,0.3333333333333333,0.1666666666666666,0.0,0.4583333333333333,0.0416666666666666,0.0124069478908188,0.0198511166253101,403.0,5.0,8.0,,,9.0,4.0,4.0,,,0.0,0.0,0.0,0.0265151515151515,0.0416666666666666,264.0,7.0,11.0,,,2.0,1.0,1.0,0.0029498525073746,0.5914454277286135,0.0132743362831858,0.0,0.0,0.3097345132743362,0.0457227138643067,0.0,0.0,0.0029498525073746,0.0,0.0176991150442477,0.0162241887905604,0.0,0.0131004366812227,0.6538461538461539,1.0,0.1538461538461538,0.0,0.6538461538461539,0.1923076923076923,0.024745269286754,0.0378457059679767,1.0,2.9243085880640467,0.2008733624454148,0.0384615384615384,0.4843462246777164,0.2265193370165746,0.5294117647058824,0.2941176470588235,0.281767955801105,0.1020408163265306,0.0816326530612244,0.2008733624454148,0.4788937409024745,0.0858806404657933,0.1892285298398835,0.0451237263464337,0.0,0.0,0.5882352941176471,0.0588235294117647,0.3529411764705882,0.0,0.0,0.0384615384615384,0.2692307692307692,0.0,0.0,0.6923076923076923,0.0,543.0,6.532334292222349,3.258096538021482,2.833213344056216,-0.4248831939652659,-3.699120948166133,-3.2742377542008674,2.0,Email-led collector launches with a private room,1.0,Organic,2.1777559802383406,,,MultipleAmphorae24,2091,1.0,6000.0,6000.0,6000.0,EUR,6000.0,30.0,180000.0,180000.0,2025-01-28,Draw,SE,High cost 3D edition,Confirmed,artist+window,1.0,0.0,titles: Horn Trot Round
Hilary Pecis · Multiple · 2025 Q1,Hilary Pecis,Multiple,2025 Q1,2025,2024-11-14,2026-09-07,713.0,38.0,22.0,2024-12-10,2025-01-28,2025-01-28,2024-12-10,2025-01-28,inferred,draw,draw,,2024-10-26,2025-01-31,49.0,1614.0,559.0,22.0,0.0,11.0,16.0,8.0,11.0,38.0,7.0,0.0,8.0,0.0,23.0,16.0,6.0,12.0,22.0,0.6624775583482945,0.0143626570915619,0.0,0.3231597845601436,0.0,0.25,0.25,0.0,0.3333333333333333,0.1666666666666666,0.4117647058823529,0.1176470588235294,0.0,0.4117647058823529,0.0588235294117647,0.008130081300813,0.018970189701897,369.0,3.0,7.0,,,8.0,3.0,2.0,,,0.0,0.0,0.0,0.0222222222222222,0.0388888888888888,180.0,4.0,7.0,,,0.0,2.0,1.0,0.0017953321364452,0.6606822262118492,0.0143626570915619,0.0,0.0,0.2639138240574506,0.0269299820466786,0.0,0.0,0.0,0.0,0.0017953321364452,0.0305206463195691,0.0,0.0035778175313059,0.3157894736842105,1.7142857142857142,0.2105263157894736,0.0,0.1842105263157894,0.6052631578947368,0.0214669051878354,0.0679785330948121,0.5833333333333334,2.887298747763864,0.2164579606440071,0.1578947368421052,0.6209302325581395,0.1325581395348837,0.4166666666666667,0.1666666666666666,0.3511627906976744,0.0204081632653061,0.1836734693877551,0.2164579606440071,0.554561717352415,0.0697674418604651,0.1234347048300536,0.035778175313059,0.0,0.0,0.5,0.1666666666666666,0.25,0.0833333333333333,0.0,0.1578947368421052,0.6578947368421053,0.0,0.0,0.1842105263157894,0.0,430.0,6.326149473155099,3.6375861597263857,2.4849066497880004,-1.1526795099383855,-3.8412428233670983,-2.688563313428713,2.0,Email-led collector launches with a private room,1.0,Organic,2.3147452461843248,,,MultipleAmphorae24,2101,1.0,6000.0,6000.0,6000.0,EUR,6000.0,30.0,180000.0,180000.0,2025-01-28,Draw,SE,High cost 3D edition,Confirmed,artist+window,1.0,0.0,titles: Lily Pond
George Condo · Fashion Model · 2025 Q1,George Condo,Fashion Model,2025 Q1,2025,2024-11-26,2026-09-10,9557.0,152.0,457.0,2025-01-15,2025-02-18,2025-02-18,2025-01-15,2025-02-18,inferred,draw,draw,,2024-12-01,2025-02-21,34.0,14004.0,8475.0,261.0,196.0,29.0,137.0,3.0,28.0,142.0,7.0,28.0,4.0,50.0,53.0,257.0,26.0,67.0,457.0,0.6828136158057605,0.0422518447988574,0.0,0.2745774815520114,0.0003570578433706,0.734375,0.0,0.0,0.265625,0.0,0.515625,0.015625,0.0,0.4609375,0.0078125,0.0081924350705943,0.0115042705246644,5737.0,47.0,66.0,0.0,0.0056338028169014,355.0,0.0,2.0,,,0.0,0.0,0.0,0.0073688773298656,0.0255743389683571,2307.0,17.0,59.0,,,3.0,0.0,1.0,0.0001190192811235,0.682694596524637,0.0405855748631278,0.0,0.0016662699357295,0.2130445132111402,0.0146393715781956,0.0,0.0,0.0003570578433706,0.0,0.0133301594858367,0.0323732444656034,0.0011901928112354,0.0086135693215339,0.4718309859154929,9.571428571428571,0.028169014084507,0.1971830985915492,0.0492957746478873,0.7253521126760564,0.007905604719764,0.0167551622418879,0.1044776119402985,1.6523893805309735,0.0041297935103244,0.0,0.6659438621852789,0.1305866763040597,0.7313432835820896,0.1641791044776119,0.4697024454884954,0.0294117647058823,0.0,0.0041297935103244,0.720353982300885,0.039646017699115,0.1892625368731563,0.0466076696165191,0.0,0.0,0.8059701492537313,0.0298507462686567,0.0895522388059701,0.0746268656716417,0.0,0.0,0.3028169014084507,0.2816901408450704,0.0985915492957746,0.3169014084507042,0.0,8301.0,9.044875932248653,4.955827057601261,4.204692619390966,-0.7511344382102947,-4.840183312857685,-4.08904887464739,2.0,Email-led collector launches with a private room,1.0,Organic,1.7960697232039071,,,GeorgeCondoModel25,2031,1.0,8500.0,8500.0,8500.0,EUR,8500.0,150.0,1275000.0,1275000.0,2025-02-18,TBC (Pre-order),PE,Silkscreen print,Confirmed,exact,1.0,0.0,
Taku Obata · B BOY JUSHI · 2025 Q1,Taku Obata,B BOY JUSHI,2025 Q1,2025,2024-12-16,2026-09-07,5453.0,150.0,232.0,2025-01-16,2025-02-21,2025-02-21,2025-01-16,2025-02-21,inferred,draw,draw,,2024-12-02,2025-02-24,36.0,8397.0,4807.0,225.0,7.0,86.0,149.0,43.0,86.0,149.0,89.0,5.0,43.0,0.0,12.0,223.0,86.0,182.0,232.0,0.3185840707964602,0.2081753055204382,0.2513695743784239,0.2214496418036241,0.0004214075010535,0.1712707182320442,0.3149171270718232,0.3093922651933701,0.1823204419889502,0.0220994475138121,0.2978723404255319,0.2411347517730496,0.1631205673758865,0.2907801418439716,0.0070921985815602,0.0205026455026455,0.0277777777777777,1512.0,31.0,42.0,0.0576923076923076,0.034412955465587,988.0,57.0,34.0,0.046940486169321,0.0192791282481139,1193.0,56.0,23.0,0.0313986679352997,0.0390104662226451,1051.0,33.0,41.0,,,2.0,4.0,1.0,0.0002107037505267,0.3183733670459334,0.2081753055204382,0.0259165613147914,0.0,0.0979772439949431,0.0084281500210703,0.0063211125158027,0.0,0.0004214075010535,0.2513695743784239,0.0806995364517488,0.0014749262536873,0.0006321112515802,0.0126898273351362,1.221476510067114,2.044943820224719,0.2885906040268456,0.0335570469798657,0.5973154362416108,0.0805369127516778,0.037861452049095,0.0309964634907426,0.489010989010989,1.746827543166216,0.2735593925525276,0.2147651006711409,0.1768888888888889,0.2885925925925925,0.0824175824175824,0.2747252747252747,0.2459259259259259,0.1388888888888889,0.1944444444444444,0.2735593925525276,0.4108591637195756,0.062200956937799,0.1633035157062617,0.090076971083836,0.0,0.0,0.5604395604395604,0.1153846153846153,0.2582417582417582,0.0659340659340659,0.0,0.2147651006711409,0.1610738255033557,0.0067114093959731,0.0067114093959731,0.610738255033557,0.0,3375.0,8.47782846789396,5.003946305945459,5.204006687076795,0.2000603811313362,-3.273821780817165,-3.4738821619485014,2.0,Email-led collector launches with a private room,1.0,Organic,1.765672673867979,,,TakuObataResin25,1990,1.0,550.0,550.0,550.0,EUR,550.0,150.0,82500.0,82500.0,2025-02-21,TBC (Pre-order),CL,Low cost 3D edition,Confirmed,exact,1.0,0.0,
Jammie Holmes · Fred · 2025 Q1,Jammie Holmes,Fred,2025 Q1,2025,2025-01-22,2026-09-05,3463.0,76.0,89.0,2025-02-03,2025-03-04,2025-03-04,2025-02-03,2025-03-04,inferred,draw,draw,,2024-12-20,2025-03-07,29.0,5864.0,3156.0,76.0,13.0,4.0,72.0,22.0,1.0,73.0,33.0,4.0,23.0,7.0,13.0,73.0,1.0,43.0,89.0,0.608765195137556,0.1717850287907869,0.082213691618682,0.1369161868202175,0.0003198976327575,0.5853658536585366,0.1463414634146341,0.048780487804878,0.1707317073170731,0.048780487804878,0.6567164179104478,0.0746268656716417,0.0,0.2238805970149253,0.044776119402985,0.0126116657908565,0.0231213872832369,1903.0,24.0,44.0,0.0111731843575419,0.0093109869646182,537.0,6.0,5.0,0.0077821011673151,0.0,257.0,2.0,0.0,0.0163551401869158,0.0350467289719626,428.0,7.0,15.0,,,1.0,2.0,3.0,0.0201535508637236,0.5886116442738324,0.1689059500959693,0.0,0.0028790786948176,0.1074856046065259,0.0115163147792706,0.0,0.0,0.0003198976327575,0.082213691618682,0.0156749840051183,0.0022392834293026,0.0,0.0095057034220532,0.589041095890411,1.303030303030303,0.3150684931506849,0.0547945205479452,0.4520547945205479,0.273972602739726,0.0136248415716096,0.0231305449936628,0.7674418604651163,1.858048162230672,0.0915716096324461,0.0,0.5260714285714285,0.1532142857142857,0.5116279069767442,0.0697674418604651,0.3525,0.0689655172413793,0.0689655172413793,0.0915716096324461,0.6254752851711026,0.0392902408111533,0.197084917617237,0.0465779467680608,0.0,0.0,0.6046511627906976,0.0465116279069767,0.3255813953488372,0.0232558139534883,0.0,0.0,0.4383561643835616,0.0273972602739726,0.0273972602739726,0.5068493150684932,0.0,2800.0,8.057060681965766,4.290459441148391,3.7612001156935615,-0.5292593254548287,-4.295860566272203,-3.7666012408173737,2.0,Email-led collector launches with a private room,1.0,Organic,0.9168223147984842,,,JammieHolPrint25,1499,1.0,900.0,900.0,900.0,EUR,900.0,75.0,67500.0,67500.0,2025-03-04,Draw,PE,Hybrid print,Confirmed,exact,1.0,0.0,
Miwa Komatsu · Innocent Days and Wishes · 2025 Q2,Miwa Komatsu,Innocent Days and Wishes,2025 Q2,2025,2024-02-26,2026-09-08,2211.0,26.0,63.0,2025-03-04,2025-04-02,2025-04-02,2025-03-04,2025-04-02,inferred,draw,draw,,2025-01-18,2025-04-05,29.0,4374.0,2017.0,63.0,0.0,50.0,25.0,15.0,50.0,25.0,5.0,0.0,15.0,0.0,5.0,63.0,50.0,55.0,63.0,0.4407796101949025,0.0989505247376311,0.2358820589705147,0.2243878060969515,0.0,0.4363636363636363,0.0545454545454545,0.2545454545454545,0.2545454545454545,0.0,0.0416666666666666,0.0,0.0,0.9583333333333334,0.0,0.0272108843537414,0.0011337868480725,882.0,24.0,1.0,0.0151515151515151,0.0,198.0,3.0,0.0,0.0296610169491525,0.0,472.0,14.0,0.0,0.0311804008908685,0.0512249443207126,449.0,14.0,23.0,,,0.0,0.0,0.0,0.0,0.4407796101949025,0.0924537731134432,0.0,0.0064967516241879,0.1849075462268865,0.0204897551224387,0.0,0.0,0.0,0.2358820589705147,0.0024987506246876,0.0044977511244377,0.0119940029985007,0.0079325731284085,2.2,11.0,0.6,0.0,0.2,0.2,0.0272682201289043,0.0123946455131383,0.0909090909090909,2.168567178978681,0.053049082796232,0.64,0.5032119914346895,0.2516059957173447,0.6181818181818182,0.1636363636363636,0.382762312633833,0.0689655172413793,0.0689655172413793,0.053049082796232,0.5855230540406544,0.0659395141298958,0.2211204759543877,0.0743678730788299,0.0,0.0,0.6909090909090909,0.0909090909090909,0.1818181818181818,0.0363636363636363,0.0,0.64,0.08,0.04,0.0,0.24,0.0,1868.0,7.6093665379542115,3.218875824868201,4.007333185232471,0.7884573603642703,-3.6020333527217407,-4.390490713086011,2.0,Email-led collector launches with a private room,1.0,Organic,1.556731825618742,,,MiwaKomatInnocent25,1306,1.0,3200.0,3200.0,3200.0,EUR,3200.0,25.0,80000.0,80000.0,2025-04-02,Draw,HFPE,Hybrid print,Confirmed,exact,1.0,0.0,
Harland Miller · York So Good They Named It Once · 2025 Q2,Harland Miller,York So Good They Named It Once,2025 Q2,2025,2025-02-11,2026-09-07,8031.0,53.0,112.0,2025-03-17,2025-04-14,2025-04-14,2025-03-17,2025-04-14,inferred,draw,draw,,2025-01-31,2025-04-17,28.0,9604.0,7261.0,112.0,0.0,35.0,51.0,0.0,35.0,52.0,17.0,0.0,0.0,0.0,35.0,109.0,33.0,51.0,112.0,0.7332504489570383,0.0690703135792236,0.0001381406271584,0.1974029562094212,0.0001381406271584,0.64,0.02,0.0,0.32,0.02,0.5102040816326531,0.0,0.0,0.4489795918367347,0.0408163265306122,0.0060286360211002,0.0047098718914845,5308.0,32.0,25.0,0.002,0.0,500.0,1.0,0.0,,,1.0,0.0,0.0,0.0111966410076976,0.0153953813855843,1429.0,16.0,22.0,,,1.0,1.0,2.0,0.0,0.7332504489570383,0.0681033291891145,0.0,0.0009669843901091,0.1344108302251692,0.0103605470368835,0.0,0.0,0.0001381406271584,0.0001381406271584,0.0052493438320209,0.0473822351153474,0.0,0.0030298856906762,0.9807692307692308,3.0,0.0,0.0,0.3269230769230769,0.6730769230769231,0.0070238259192948,0.0071615479961437,0.3333333333333333,1.322682826057017,0.0520589450488913,0.1153846153846153,0.601797289334119,0.2407189157336476,0.5098039215686274,0.2941176470588235,0.4779021803182086,0.0357142857142857,0.0714285714285714,0.0520589450488913,0.6505990910342928,0.0341550750585318,0.200247899738328,0.0629389891199559,0.0,0.0,0.6274509803921569,0.0196078431372549,0.2156862745098039,0.1372549019607843,0.0,0.1153846153846153,0.2115384615384615,0.0961538461538461,0.1923076923076923,0.3846153846153846,0.0,6788.0,8.890272839380247,3.951243718581428,3.9318256327243257,-0.0194180858571016,-4.958447206655921,-4.93902912079882,2.0,Email-led collector launches with a private room,1.0,Organic,1.706401414718061,,,HarlandMiYork25,2302,1.0,6000.0,6000.0,6000.0,EUR,6000.0,50.0,300000.0,300000.0,2025-04-14,Draw,PE,Silkscreen print,Confirmed,exact,1.0,0.0,
Other World · Dogs of War · 2025 Q2,Other World,Dogs of War,2025 Q2,2025,2025-02-24,2026-09-10,2463.0,26.0,39.0,2025-03-24,2025-04-15,2025-04-15,2025-03-24,2025-04-15,inferred,draw,draw,,2025-02-07,2025-04-18,22.0,3904.0,2023.0,39.0,0.0,24.0,19.0,8.0,24.0,19.0,9.0,0.0,8.0,0.0,2.0,38.0,23.0,32.0,39.0,0.2882030861124938,0.3295171727227476,0.0,0.3807864609258337,0.0014932802389248,0.2758620689655172,0.1724137931034483,0.0,0.5517241379310345,0.0,0.3333333333333333,0.2666666666666666,0.0,0.4,0.0,0.0138169257340241,0.0086355785837651,579.0,8.0,5.0,0.0075528700906344,0.0060422960725075,662.0,5.0,4.0,,,0.0,0.0,0.0,0.0209150326797385,0.0078431372549019,765.0,16.0,6.0,,,3.0,0.0,0.0,0.0,0.2882030861124938,0.1846689895470383,0.0,0.1448481831757093,0.2020905923344947,0.0184171229467396,0.0,0.0,0.0014932802389248,0.0,0.0204081632653061,0.0084619213539074,0.1314086610253857,0.0069204152249134,1.6842105263157894,3.555555555555556,0.4210526315789473,0.0,0.4736842105263157,0.1052631578947368,0.0158180919426594,0.009391992090954,0.28125,1.929807217004449,0.3311913000494315,0.3157894736842105,0.455607476635514,0.293613707165109,0.59375,0.25,0.1721183800623053,0.1363636363636363,0.0909090909090909,0.3311913000494315,0.3850716757291151,0.0365793376173999,0.1166584280771132,0.1304992585269402,0.0,0.0,0.71875,0.03125,0.0625,0.1875,0.0,0.3157894736842105,0.2105263157894736,0.0,0.0,0.4736842105263157,0.0,1284.0,7.612336837167746,2.9444389791664403,3.4657359027997265,0.5212969236332861,-4.146600934368019,-4.667897858001305,2.0,Email-led collector launches with a private room,1.0,Organic,2.169993963350877,,,OtherworldDogs25,2222,1.0,2500.0,2500.0,2500.0,EUR,2500.0,25.0,62500.0,62500.0,2025-04-15,Draw,PE,Hybrid print,Confirmed,exact,1.0,0.0,
Ferrari Sheppard · Iris · 2025 Q2,Ferrari Sheppard,Iris,2025 Q2,2025,2025-02-27,2026-09-07,4981.0,76.0,131.0,2025-04-04,2025-05-01,2025-05-01,2025-04-04,2025-05-01,inferred,draw,draw,,2025-02-18,2025-05-04,27.0,6935.0,4142.0,131.0,0.0,84.0,75.0,38.0,84.0,75.0,22.0,0.0,38.0,0.0,15.0,128.0,83.0,105.0,131.0,0.6616964067465168,0.0794426790515766,0.1185529210461989,0.1403079931557076,0.0,0.4423076923076923,0.0384615384615384,0.2211538461538461,0.2980769230769231,0.0,0.5945945945945946,0.0135135135135135,0.0405405405405405,0.3513513513513513,0.0,0.0169929811599556,0.0162541558921315,2707.0,46.0,44.0,0.0123076923076923,0.003076923076923,325.0,4.0,1.0,0.0474226804123711,0.0061855670103092,485.0,23.0,3.0,0.0540069686411149,0.0452961672473867,574.0,31.0,26.0,,,0.0,0.0,0.0,0.0,0.6616964067465168,0.0677096064531899,0.0,0.0117330725983867,0.0943534588120264,0.0146663407479833,0.0,0.0,0.0,0.1185529210461989,0.0249327792715717,0.0063554143241261,0.0,0.0123128923225494,1.4,4.7727272727272725,0.5066666666666667,0.0,0.2933333333333333,0.2,0.0253500724287783,0.0181071945919845,0.2095238095238095,1.6743119266055049,0.2189763399323998,0.5066666666666667,0.6130558183538316,0.1753390097760958,0.5333333333333333,0.1428571428571428,0.4553768527278461,0.037037037037037,0.074074074074074,0.2189763399323998,0.5596330275229358,0.0458715596330275,0.1236117817479478,0.051907291163689,0.0,0.0,0.6857142857142857,0.1047619047619047,0.1714285714285714,0.0380952380952381,0.0,0.5066666666666667,0.1733333333333333,0.0,0.0266666666666666,0.2933333333333333,0.0,3171.0,8.328934041955529,4.31748811353631,4.653960350157523,0.3364722366212129,-3.674973691798006,-4.011445928419219,2.0,Email-led collector launches with a private room,1.0,Organic,0.78381370182869,,,FerrariShIris25,2297,1.0,1250.0,1250.0,1250.0,EUR,1250.0,75.0,93750.0,93750.0,2025-05-01,Draw,PE,Hybrid print,Confirmed,exact,1.0,0.0,
LY · LUV Blossoming · 2025 Q2,LY,LUV Blossoming,2025 Q2,2025,2025-02-20,2026-09-09,3928.0,40.0,46.0,2025-04-11,2025-05-14,2025-05-14,2025-04-11,2025-05-14,inferred,draw,draw,,2025-02-25,2025-05-17,33.0,6111.0,3586.0,46.0,0.0,21.0,38.0,16.0,21.0,38.0,13.0,0.0,16.0,0.0,9.0,46.0,20.0,34.0,46.0,0.6311198649409117,0.0911648846370287,0.1049521665728756,0.172763083849184,0.0,0.3529411764705882,0.1470588235294117,0.1470588235294117,0.3529411764705882,0.0,0.3611111111111111,0.0555555555555555,0.1111111111111111,0.4722222222222222,0.0,0.0053499777084262,0.0057958091841284,2243.0,12.0,13.0,0.015432098765432,0.0061728395061728,324.0,5.0,2.0,0.0134048257372654,0.0107238605898123,373.0,5.0,4.0,0.019543973941368,0.0276872964169381,614.0,12.0,17.0,,,0.0,0.0,0.0,0.0,0.6311198649409117,0.0889138998311761,0.0,0.0022509848058525,0.0973550928531232,0.0078784468204839,0.0,0.0,0.0,0.1049521665728756,0.0661226786719189,0.0014068655036578,0.0,0.0089235917456776,0.8947368421052632,2.6153846153846154,0.4210526315789473,0.0,0.3421052631578947,0.2368421052631578,0.0094813162297824,0.0105967651979921,0.3823529411764705,1.7041271611823758,0.4026770775237033,0.5263157894736842,0.5113744075829384,0.2777251184834123,0.5,0.2352941176470588,0.3805687203791469,0.0909090909090909,0.0909090909090909,0.4026770775237033,0.3452314556609035,0.0655326268823201,0.1503067484662576,0.0362520914668153,0.0,0.0,0.5588235294117647,0.1470588235294117,0.2647058823529412,0.0294117647058823,0.0,0.5263157894736842,0.1052631578947368,0.0263157894736842,0.0,0.3421052631578947,0.0,2110.0,8.184792654165078,3.6375861597263857,3.5263605246161616,-0.1112256351102243,-4.658432129548917,-4.547206494438693,2.0,Email-led collector launches with a private room,1.0,Organic,1.1875828736556835,,,LYPrint25,1883,1.0,2300.0,2300.0,2300.0,EUR,2300.0,40.0,92000.0,92000.0,2025-05-14,Draw,PE,Silkscreen print,Confirmed,exact,1.0,0.0,
Yoon Hyup · Summer in San Sebastian · 2025 Q3,Yoon Hyup,Summer in San Sebastian,2025 Q3,2025,2025-05-13,2026-09-08,7823.0,205.0,254.0,2025-06-09,2025-07-08,2025-07-08,2025-06-09,2025-07-08,inferred,draw,draw,,2025-04-25,2025-07-11,29.0,11122.0,6861.0,254.0,0.0,102.0,197.0,87.0,101.0,200.0,92.0,0.0,89.0,0.0,19.0,251.0,99.0,198.0,254.0,0.6856043793460571,0.0760467524781772,0.0454209202544755,0.191300488237905,0.0016274596833851,0.4540816326530612,0.0765306122448979,0.0714285714285714,0.3826530612244898,0.0153061224489795,0.5760869565217391,0.0489130434782608,0.0489130434782608,0.3206521739130434,0.0054347826086956,0.0192058696590418,0.0228744065602071,4634.0,89.0,106.0,0.0291828793774319,0.0175097276264591,514.0,15.0,9.0,0.0456026058631921,0.0293159609120521,307.0,14.0,9.0,0.0580046403712296,0.045630317092034,1293.0,75.0,59.0,,,11.0,3.0,1.0,0.0,0.6856043793460571,0.0760467524781772,0.0004438526409232,0.0,0.1509098979138926,0.0147950880307737,0.0014795088030773,0.0,0.0016274596833851,0.0454209202544755,0.0045864772895398,0.0190856635596981,0.0,0.014866637516397,0.99,2.152173913043478,0.445,0.0,0.46,0.095,0.0288587669435942,0.0291502696399941,0.4646464646464646,1.6210464946800758,0.2215420492639556,0.385,0.6747766584299563,0.0978901349553316,0.6868686868686869,0.0959595959595959,0.4347082303744535,0.0344827586206896,0.0344827586206896,0.2215420492639556,0.6010785599766798,0.0679201282611864,0.0733129281445853,0.0361463343535927,0.0,0.0,0.7575757575757576,0.0959595959595959,0.101010101010101,0.0454545454545454,0.0,0.385,0.075,0.02,0.04,0.48,0.0,5261.0,8.833608482690892,5.298317366548036,5.288267030694535,-0.0100503358535014,-3.5453414519963555,-3.5352911161428544,2.0,Email-led collector launches with a private room,1.0,Organic,1.155887822637253,,,YoonHyupSummer25,2241,1.0,850.0,850.0,850.0,EUR,850.0,200.0,170000.0,170000.0,2025-07-08,Draw,PE,Hybrid print,Confirmed,exact,1.0,0.0,
Antony Micallef · Self Portrait with Yellow Lake and Magenta · 2025 Q3,Antony Micallef,Self Portrait with Yellow Lake and Magenta,2025 Q3,2025,2025-05-16,2026-09-08,3787.0,61.0,32.0,2025-07-02,2025-07-29,2025-07-29,2025-07-02,2025-07-29,inferred,draw,draw,,2025-05-18,2025-08-01,27.0,5733.0,3493.0,32.0,0.0,0.0,59.0,35.0,0.0,59.0,20.0,0.0,35.0,0.0,4.0,32.0,0.0,21.0,32.0,0.7397417503586801,0.0771879483500717,0.0163558106169297,0.1667144906743185,0.0,0.6,0.0,0.0,0.4,0.0,0.6071428571428571,0.0,0.0,0.3928571428571428,0.0,0.0046547711404189,0.0131885182311869,2578.0,12.0,34.0,0.0,0.0,269.0,0.0,0.0,0.0,0.0,57.0,0.0,0.0,0.0137693631669535,0.0378657487091222,581.0,8.0,22.0,,,0.0,0.0,0.0,0.0011477761836441,0.7385939741750359,0.0760401721664275,0.0,0.0011477761836441,0.1420373027259684,0.0068866571018651,0.000573888091822,0.0,0.0,0.0163558106169297,0.0146341463414634,0.0025824964131994,0.0,0.0022902948754652,0.3559322033898305,1.05,0.5932203389830508,0.0,0.3389830508474576,0.0677966101694915,0.0060120240480961,0.0168909247065559,0.9523809523809524,1.6412825651302605,0.3077583738906384,0.559322033898305,0.2727272727272727,0.1135316296606619,0.2857142857142857,0.1428571428571428,0.2945119396732299,0.2962962962962963,0.2962962962962963,0.3077583738906384,0.4380188949327226,0.0959060979101059,0.1265387918694532,0.0317778413970798,0.0,0.0,0.5714285714285714,0.1904761904761904,0.0952380952380952,0.1428571428571428,0.0,0.559322033898305,0.0508474576271186,0.0169491525423728,0.0,0.3728813559322034,0.0,2387.0,8.158516244806831,4.07753744390572,3.044522437723423,-1.0330150061822965,-5.113993807083409,-4.0809788009011125,2.0,Email-led collector launches with a private room,1.0,Organic,1.610617650904279,,,AntonyMicPE25,2238,1.0,1750.0,1750.0,1750.0,EUR,1750.0,60.0,105000.0,105000.0,2025-07-29,Draw,PE,Digital print,Confirmed,exact,1.0,0.0,
Harland Miller · Multiple · 2025 Q3,Harland Miller,Multiple,2025 Q3,2025,2025-06-10,2026-09-09,8925.0,130.0,341.0,2025-08-28,2025-09-30,2025-09-30,2025-08-28,2025-09-30,inferred,draw,draw,,2025-07-14,2025-10-03,33.0,16846.0,7146.0,183.0,158.0,121.0,93.0,19.0,97.0,116.0,1.0,42.0,19.0,12.0,42.0,218.0,114.0,182.0,341.0,0.7229948026408204,0.0664419159994381,0.0,0.2105632813597415,0.0,0.441340782122905,0.0279329608938547,0.0,0.5307262569832403,0.0,0.4324324324324324,0.054054054054054,0.0,0.5135135135135135,0.0,0.015348746842821,0.0093258208665241,5147.0,79.0,48.0,0.0105708245243128,0.0126849894291754,473.0,5.0,6.0,,,0.0,0.0,0.0,0.0633755837224816,0.0380253502334889,1499.0,95.0,57.0,,,0.0,0.0,0.0,0.0,0.7229948026408204,0.0648967551622418,0.0,0.0015451608371962,0.1519876387133024,0.0212108442196937,0.000842815002107,0.0,0.0,0.0,0.0009832841691248,0.0355386992555134,0.0,0.0037783375314861,1.5689655172413792,182.0,0.1637931034482758,0.3620689655172414,0.0086206896551724,0.4655172413793103,0.0254687937307584,0.0162328575426812,0.0054945054945054,2.357402742793171,0.2202630842429331,0.2155172413793103,0.7170050761421319,0.0346265409717186,0.467032967032967,0.1098901098901098,0.5108774474256708,0.0303030303030303,0.1212121212121212,0.2202630842429331,0.6658270361041142,0.0561153092639238,0.0390428211586901,0.0187517492303386,0.0,0.0,0.7252747252747253,0.1318681318681318,0.1098901098901098,0.0329670329670329,0.0,0.2155172413793103,0.3189655172413793,0.1724137931034483,0.0603448275862069,0.2327586206896551,0.0,5516.0,8.874308038583354,4.7535901911063645,5.204006687076795,0.4504164959704306,-3.67030135150656,-4.120717847476991,2.0,Email-led collector launches with a private room,1.0,Organic,1.4357607544202229,,,HarlandMiQu25,2437|2439|2440|2438|2517|2397,6.0,8000.0,8000.0,8000.0,EUR,8000.0,125.0,1000000.0,1000000.0,2025-09-30,Draw,PE,Silkscreen print,Confirmed,artist+window,1.0,0.0,titles: I Am The One I've Been Waiting For / I'll Never Forget What I Can't Remember / Love Saves The Day / Not Giving Into Will; not Harland Miller (8 days off)
Woo Kuk Won · Multiple · 2025 Q3,Woo Kuk Won,Multiple,2025 Q3,2025,2025-07-23,2026-09-10,5126.0,183.0,316.0,2025-09-02,2025-09-30,2025-09-30,2025-09-02,2025-09-30,inferred,draw,draw,,2025-07-19,2025-10-03,28.0,14375.0,4574.0,178.0,138.0,126.0,115.0,41.0,92.0,179.0,11.0,38.0,68.0,3.0,59.0,237.0,114.0,199.0,316.0,0.4851354327240696,0.121999559568377,0.2455406298172208,0.1473243778903325,0.0,0.350253807106599,0.0304568527918781,0.1269035532994923,0.4923857868020304,0.0,0.3859649122807017,0.0292397660818713,0.087719298245614,0.4970760233918128,0.0,0.0313209260099863,0.0299591466182478,2203.0,69.0,66.0,0.0108303249097472,0.0090252707581227,554.0,6.0,5.0,0.0224215246636771,0.0134529147982062,1115.0,25.0,15.0,0.1449925261584454,0.1270553064275037,669.0,97.0,85.0,,,0.0,0.0,0.0,0.00418410041841,0.4809513323056595,0.1189165382074433,0.0,0.0030830213609337,0.1151728694120237,0.0237833076414886,0.0017617264919621,0.0,0.0,0.2455406298172208,0.0055053952873816,0.0011010790574763,0.0,0.0072146917358985,1.111731843575419,18.09090909090909,0.3798882681564245,0.2122905027932961,0.0614525139664804,0.3463687150837989,0.0435067774376912,0.0391342369916921,0.0552763819095477,3.142763445561872,0.394621775251421,0.6033519553072626,0.6602400873044744,0.0778464896325936,0.4773869346733668,0.1055276381909547,0.49508912331757,0.0357142857142857,0.1071428571428571,0.394621775251421,0.4521206821163095,0.0835155225185833,0.0540008745080892,0.0157411456055968,0.0,0.0,0.6633165829145728,0.1809045226130653,0.1507537688442211,0.0050251256281407,0.0,0.6033519553072626,0.1731843575418994,0.0223463687150838,0.0223463687150838,0.1787709497206704,0.0,2749.0,8.428143374582726,5.187385805840755,5.293304824724492,0.1059190188837374,-3.1348385498582343,-3.240757568741971,2.0,Email-led collector launches with a private room,1.0,Organic,1.376782089954808,,,KukwonWooRep25,2450|2276|2515|2516|2449|2514|2451,7.0,1500.0,1500.0,1500.0,EUR,1500.0,200.0,300000.0,300000.0,2025-09-30,Draw,PE,Hybrid print,Confirmed,fuzzy+window,1.0,0.0,"artist matched 'Kukwon Woo' at similarity 1.00; titles: Waterfall (Amida) / Waterfall (Kirifuri) / Waterfall (Kirifuri) & Waterfall (Amida) / Waterfall (Kirifuri), Waterfall (A"
Tomokazu Matsuyama · Morning Sun Dance · 2025 Q3,Tomokazu Matsuyama,Morning Sun Dance,2025 Q3,2025,2025-06-17,2026-09-09,3986.0,60.0,58.0,2025-09-09,2025-09-29,2025-09-29,2025-09-09,2025-09-29,inferred,draw,draw,,2025-07-26,2025-10-02,20.0,5805.0,3484.0,31.0,27.0,0.0,39.0,16.0,0.0,45.0,3.0,14.0,16.0,8.0,11.0,31.0,0.0,19.0,58.0,0.7827210103329506,0.1047646383467279,0.0063145809414466,0.1059127439724454,0.0002870264064293,0.6842105263157895,0.0526315789473684,0.0,0.2631578947368421,0.0,0.5,0.0526315789473684,0.0,0.4473684210526316,0.0,0.0047671433810047,0.0069673634030069,2727.0,13.0,19.0,0.0027397260273972,0.0054794520547945,365.0,1.0,2.0,,,22.0,0.0,0.0,0.013550135501355,0.046070460704607,369.0,5.0,17.0,,,1.0,0.0,0.0,0.0,0.7827210103329506,0.1036165327210103,0.0005740528128587,0.0011481056257175,0.0907003444316877,0.0045924225028702,0.0057405281285878,0.0,0.0002870264064293,0.0063145809414466,0.0005740528128587,0.003731343283582,0.0,0.0,0.4222222222222222,6.333333333333333,0.3555555555555555,0.3111111111111111,0.0666666666666666,0.4222222222222222,0.0054535017221584,0.0129161882893226,0.1578947368421052,1.6661882893226176,0.0275545350172215,0.0,0.3700212830647613,0.2888415931894192,0.3684210526315789,0.3157894736842105,0.2648221343873518,0.45,0.45,0.0275545350172215,0.4225028702640643,0.2161308840413318,0.2247416762342135,0.1090700344431687,0.0,0.0,0.4736842105263157,0.1052631578947368,0.2631578947368421,0.1578947368421052,0.0,0.0,0.1111111111111111,0.4666666666666667,0.0444444444444444,0.3777777777777777,0.0,3289.0,8.155936337972394,3.80666248977032,2.9444389791664403,-0.8622235106038793,-5.2114973588059526,-4.349273848202073,2.0,Email-led collector launches with a private room,1.0,Organic,1.8184310575975613,,,TomoKazumShaped25,2361,1.0,5000.0,5000.0,5000.0,EUR,5000.0,60.0,300000.0,300000.0,2025-09-29,Draw,PE,Hybrid print,Confirmed,exact,1.0,0.0,
Johnson Tsang · Work in Progress · 2026 Q1,Johnson Tsang,Work in Progress,2026 Q1,2026,2025-11-14,2026-09-09,7182.0,150.0,384.0,2025-12-18,2026-01-23,2026-01-23,2025-12-18,2026-01-23,inferred,draw,draw,,2025-11-03,2026-01-26,36.0,10270.0,6157.0,265.0,119.0,115.0,148.0,41.0,114.0,148.0,28.0,61.0,41.0,0.0,18.0,261.0,112.0,214.0,384.0,0.3514309076042518,0.1538838920686835,0.2827473426001635,0.1944399018806214,0.0174979558462796,0.3543689320388349,0.087378640776699,0.174757281553398,0.3592233009708738,0.0242718446601941,0.3432835820895522,0.0820895522388059,0.2014925373134328,0.3507462686567164,0.0223880597014925,0.0339692880409492,0.0214053047929269,2149.0,73.0,46.0,0.0191285866099893,0.0116896918172157,941.0,18.0,11.0,0.0208212839791787,0.015615962984384,1729.0,36.0,27.0,0.0622371740958788,0.0395290159798149,1189.0,74.0,47.0,0.0467289719626168,0.02803738317757,107.0,5.0,3.0,0.0,0.3514309076042518,0.1509403107113655,0.0,0.002943581357318,0.1723630417007359,0.0135731807031888,0.0,0.0,0.0174979558462796,0.2827473426001635,0.0065412919051512,0.0019623875715453,0.0,0.0068215039792106,1.445945945945946,7.642857142857143,0.277027027027027,0.4121621621621621,0.1891891891891892,0.1216216216216216,0.0347571869416923,0.024037680688647,0.1308411214953271,1.668020139678415,0.1986356992041578,0.2094594594594594,0.4525139664804469,0.1094558245396234,0.4299065420560747,0.1448598130841121,0.3196772191185599,0.1944444444444444,0.1388888888888889,0.1986356992041578,0.4779925288289751,0.1250609062855286,0.1588435926587623,0.0394672730225759,0.0,0.0,0.5654205607476636,0.1775700934579439,0.219626168224299,0.0373831775700934,0.0,0.2094594594594594,0.1216216216216216,0.2567567567567567,0.1621621621621621,0.25,0.0,4833.0,8.72534492491121,4.997212273764115,5.365976015021851,0.3687637412577365,-3.359368909889359,-3.728132651147095,2.0,Email-led collector launches with a private room,1.0,Organic,1.4011336308231694,,,JohnsonTsSE25,1905,1.0,900.0,900.0,900.0,EUR,900.0,150.0,135000.0,135000.0,2026-01-23,Draw,SE,Low cost 3D edition,Confirmed,exact,1.0,0.0,
Luc Tuymans · Bell Boy · 2026 Q1,Luc Tuymans,Bell Boy,2026 Q1,2026,2026-01-23,2026-09-10,6036.0,103.0,241.0,2026-03-03,2026-03-31,2026-03-31,2026-03-03,2026-03-31,inferred,draw,draw,,2026-01-17,2026-04-03,28.0,9192.0,5791.0,132.0,109.0,48.0,89.0,12.0,48.0,91.0,6.0,61.0,14.0,3.0,7.0,130.0,46.0,113.0,241.0,0.3226652675760755,0.1358866736621196,0.1511017838405036,0.1449807625043721,0.245365512416929,0.2882882882882883,0.072072072072072,0.036036036036036,0.4774774774774775,0.1261261261261261,0.3902439024390244,0.1097560975609756,0.073170731707317,0.2926829268292683,0.1341463414634146,0.0173441734417344,0.0173441734417344,1845.0,32.0,32.0,0.0102960102960102,0.0115830115830115,777.0,8.0,9.0,0.0046296296296296,0.0069444444444444,864.0,4.0,6.0,0.0639324487334137,0.0289505428226779,829.0,53.0,24.0,0.0099786172487526,0.0078403421240199,1403.0,14.0,11.0,0.0003497726477789,0.3223154949282966,0.1337880377754459,0.0,0.0020986358866736,0.0884924798880727,0.0255334032878628,0.0064707939839104,0.0,0.245365512416929,0.1511017838405036,0.0129415879678209,0.0069954529555788,0.0045470444211262,0.0126057675703678,1.2417582417582418,18.83333333333333,0.1538461538461538,0.6703296703296703,0.0659340659340659,0.1098901098901098,0.0195130374719392,0.0157140390260749,0.0530973451327433,1.5872906233811086,0.1189777240545674,0.1758241758241758,0.6634444663641744,0.1189583744328269,0.5486725663716814,0.1327433628318584,0.3073584533438548,0.0714285714285714,0.0714285714285714,0.1189777240545674,0.6927991711276118,0.0592298394059747,0.0872042825073389,0.0417889829045069,0.0,0.0,0.6814159292035398,0.1327433628318584,0.1061946902654867,0.079646017699115,0.0,0.1758241758241758,0.6043956043956044,0.0219780219780219,0.0219780219780219,0.1758241758241758,0.0,5069.0,8.66406026722579,4.51085950651685,4.727387818712341,0.2165283121954905,-3.936672448513449,-4.153200760708939,2.0,Email-led collector launches with a private room,1.0,Organic,1.1583142534661683,,,LucTuymansLE26,2448,1.0,1500.0,1500.0,1500.0,EUR,1500.0,100.0,150000.0,150000.0,2026-03-31,Draw,PE,Silkscreen print,Confirmed,exact,1.0,0.0,
Miwa Komatsu · Three Guardians: Gatekeeping the Heat and Cold · 2026 Q2,Miwa Komatsu,Three Guardians: Gatekeeping the Heat and Cold,2026 Q2,2026,2026-05-08,2026-09-07,4336.0,48.0,100.0,2026-05-27,2026-06-23,2026-06-23,2026-05-27,2026-06-23,clock,draw,draw,,2026-04-12,2026-06-26,27.0,7051.0,4251.0,61.0,39.0,28.0,48.0,26.0,27.0,48.0,5.0,17.0,26.0,0.0,0.0,59.0,25.0,49.0,100.0,0.6336258003319896,0.122361868626986,0.1600663979132084,0.0827602561062366,0.0011856770215793,0.3125,0.125,0.1666666666666666,0.3958333333333333,0.0,0.5,0.0652173913043478,0.1956521739130435,0.2391304347826087,0.0,0.0056137724550898,0.0086077844311377,2672.0,15.0,23.0,0.0116279069767441,0.005813953488372,516.0,6.0,3.0,0.0118518518518518,0.0133333333333333,675.0,8.0,9.0,0.0544412607449856,0.0315186246418338,349.0,19.0,11.0,,,5.0,0.0,0.0,0.1605406687218401,0.4730851316101494,0.1207019207967749,0.0,0.001659947830211,0.0635522883566516,0.0109082285985297,0.0002371354043158,0.0,0.0011856770215793,0.1600663979132084,0.0080626037467393,0.0,0.0,0.0079981180898612,1.0208333333333333,9.8,0.5416666666666666,0.3541666666666667,0.1041666666666666,0.0,0.011526699600094,0.0112914608327452,0.1020408163265306,1.6586685485768056,0.4829451893672077,0.5416666666666666,0.5507179249652617,0.2371468272348309,0.4693877551020408,0.1428571428571428,0.4409448818897638,0.037037037037037,0.2962962962962963,0.4829451893672077,0.3225123500352858,0.0503410962126558,0.1129146083274523,0.0312867560573982,0.0,0.0,0.5102040816326531,0.2653061224489796,0.2244897959183673,0.0,0.0,0.5416666666666666,0.0,0.1458333333333333,0.0,0.3125,0.0,2159.0,8.35490952835879,3.871201010907891,3.8918202981106265,0.0206192872027356,-4.463089230248164,-4.483708517450899,2.0,Email-led collector launches with a private room,1.0,Organic,1.2879078625600069,,,MiwaKomatLE26,2423,1.0,2000.0,2000.0,2000.0,EUR,2000.0,50.0,100000.0,100000.0,2026-06-23,Draw,PE,Hybrid print,Confirmed,exact,1.0,0.0,
Backside works. · Multiple · 2026 Q3,Backside works.,Multiple,2026 Q3,2026,2026-06-02,2026-09-10,9332.0,97.0,262.0,2026-07-02,2026-07-30,2026-07-30,2026-07-02,2026-07-30,clock,draw,draw,,2026-05-18,2026-08-02,28.0,17016.0,7964.0,141.0,121.0,83.0,74.0,18.0,69.0,87.0,6.0,36.0,20.0,2.0,23.0,160.0,77.0,125.0,262.0,0.3419117647058823,0.0070993914807302,0.2252789046653144,0.1792596348884381,0.2464503042596348,0.2295081967213114,0.040983606557377,0.2868852459016393,0.3278688524590163,0.1147540983606557,0.3125,0.0625,0.1875,0.4125,0.025,0.0103819058212829,0.0092695587690025,2697.0,28.0,25.0,0.0892857142857142,0.0892857142857142,56.0,5.0,5.0,0.0196961170512099,0.0084411930219471,1777.0,35.0,15.0,0.0282885431400282,0.0233380480905233,1414.0,40.0,33.0,0.0072016460905349,0.0010288065843621,1944.0,14.0,2.0,0.1276622718052738,0.2142494929006085,0.0063387423935091,0.0,0.000760649087221,0.094447261663286,0.0081135902636916,0.0043103448275862,0.0,0.2464503042596348,0.2252789046653144,0.0632606490872211,0.0073529411764705,0.0017748478701825,0.0095429432446007,1.4367816091954022,20.83333333333333,0.2298850574712643,0.4137931034482758,0.0689655172413793,0.2873563218390804,0.0156956303365143,0.0109241587142139,0.048,2.1366147664490205,0.3309894525364139,0.2988505747126437,0.3796473744729781,0.0423533921042545,0.6,0.016,0.2920659256420084,0.25,0.0357142857142857,0.3309894525364139,0.4417378201908589,0.1567051732797589,0.048342541436464,0.0222250125565042,0.0,0.0,0.792,0.12,0.072,0.016,0.0,0.2988505747126437,0.2873563218390804,0.0459770114942528,0.0229885057471264,0.3448275862068966,0.0,5218.0,8.982686665184087,4.465908118654584,4.8283137373023015,0.3624056186477173,-4.154372927881786,-4.516778546529503,2.0,Email-led collector launches with a private room,1.0,Organic,1.4085324071173284,,,BacksideLE26,2071|2914,2.0,1700.0,1700.0,1700.0,EUR,1700.0,100.0,170000.0,170000.0,2026-07-30,Draw,PE,Silkscreen print,Confirmed,artist+window,1.0,0.0,titles: Princess / Queen
Tschabalala Self · Multiple · 2026 Q3,Tschabalala Self,Multiple,2026 Q3,2026,2026-04-13,2026-09-10,2320.0,101.0,76.0,2026-08-05,2026-09-01,2026-09-01,2026-08-05,2026-09-01,inferred,draw,draw,,2026-06-21,2026-09-04,27.0,4347.0,2266.0,75.0,1.0,53.0,99.0,84.0,51.0,101.0,6.0,1.0,84.0,0.0,10.0,70.0,49.0,58.0,76.0,0.6876394466755913,0.1378848728246318,0.000892458723784,0.1726907630522088,0.000892458723784,0.3448275862068966,0.1551724137931034,0.0,0.4310344827586206,0.0689655172413793,0.7244897959183674,0.010204081632653,0.0,0.2653061224489796,0.0,0.0129785853341985,0.0460739779364049,1541.0,20.0,71.0,0.029126213592233,0.0032362459546925,309.0,9.0,1.0,,,2.0,0.0,0.0,0.0645994832041343,0.0671834625322997,387.0,25.0,26.0,,,2.0,4.0,0.0,0.001784917447568,0.6858545292280233,0.1378848728246318,0.0,0.0,0.1383311021865238,0.0107095046854083,0.001784917447568,0.0,0.000892458723784,0.000892458723784,0.000446229361892,0.0214190093708166,0.0,0.0110326566637246,0.5742574257425742,9.666666666666666,0.8316831683168316,0.0099009900990099,0.0594059405940594,0.099009900990099,0.0255957634598411,0.0445719329214474,0.1034482758620689,1.9183583406884377,0.6588702559576346,0.8910891089108911,0.552,0.0813333333333333,0.5344827586206896,0.0862068965517241,0.3106666666666666,0.074074074074074,0.074074074074074,0.6588702559576346,0.2272727272727272,0.0511915269196822,0.0313327449249779,0.0313327449249779,0.0,0.0,0.6206896551724138,0.1724137931034483,0.1896551724137931,0.0172413793103448,0.0,0.8910891089108911,0.0,0.0099009900990099,0.0198019801980198,0.0792079207920792,0.0,750.0,7.725771441587952,4.61512051684126,4.060443010546419,-0.5546775062948401,-3.665328431041533,-3.110650924746692,2.0,Email-led collector launches with a private room,1.0,Organic,1.562197675634249,,,TschabalalLE25,3044,1.0,2000.0,2000.0,2000.0,EUR,2000.0,,,,2026-09-01,Draw,,Mixed media edition,Confirmed,artist+window,1.0,0.0,titles: Yellow Sapphire [Public]; not TschabalalLE25 (54 days off)
Ripcache · Security · 2023 Q3,Ripcache,Security,2023 Q3,2023,2023-08-31,2026-09-05,3567.0,32.0,356.0,2023-09-01,2023-09-20,2023-09-20,2023-09-01,2023-09-20,inferred,draw,draw,,2023-07-18,2023-09-23,19.0,8862.0,2977.0,356.0,0.0,334.0,31.0,1.0,330.0,31.0,6.0,0.0,1.0,0.0,24.0,352.0,327.0,337.0,356.0,0.0535593220338983,0.4471186440677966,0.0033898305084745,0.4959322033898305,0.0,0.0570342205323193,0.3878326996197718,0.0,0.5551330798479087,0.0,0.0952380952380952,0.0952380952380952,0.0,0.8095238095238095,0.0,0.0949367088607595,0.0126582278481012,158.0,15.0,2.0,0.0773313115996967,0.001516300227445,1319.0,102.0,2.0,,,10.0,0.0,0.0,0.099794941900205,0.01161995898838,1463.0,146.0,17.0,,,0.0,0.0,0.0,0.0,0.0535593220338983,0.0,0.0,0.4471186440677966,0.4162711864406779,0.0159322033898305,0.0125423728813559,0.0,0.0,0.0033898305084745,0.0003389830508474,0.0383050847457627,0.0125423728813559,0.0090695330870003,10.870967741935484,56.16666666666666,0.032258064516129,0.0,0.1935483870967742,0.7741935483870968,0.1132012092710782,0.0104131676184077,0.0178041543026706,2.976822304333221,0.0003359086328518,0.0,0.3176470588235294,0.1730103806228373,0.3086053412462908,0.2136498516320474,0.2166089965397923,0.2631578947368421,0.2631578947368421,0.0003359086328518,0.5901914679207255,0.1451125293920053,0.1084984884111521,0.155861605643265,0.0,0.0,0.6083086053412463,0.1246290801186943,0.1305637982195845,0.1364985163204747,0.0,0.0,0.6451612903225806,0.064516129032258,0.032258064516129,0.2580645161290322,0.0,2890.0,7.998671361015776,3.4339872044851463,5.820082930352362,2.3860957258672157,-2.1785884306634147,-4.56468415653063,3.0,Artist-audience draws,1.0,Organic,2.1371193565794906,,,2023.07RIPcachePE,1529,1.0,3000.0,3000.0,3000.0,EUR,3000.0,32.0,96000.0,96000.0,2023-09-20,Draw,PE,Silkscreen print,Confirmed,exact,1.0,0.0,
Johnson Tsang · Open the Right Mind · 2023 Q4,Johnson Tsang,Open the Right Mind,2023 Q4,2023,2023-09-14,2026-09-08,8808.0,208.0,166.0,2023-09-25,2023-10-25,2023-10-25,2023-09-25,2023-10-25,inferred,draw,draw,,2023-08-11,2023-10-28,30.0,10702.0,2661.0,166.0,0.0,37.0,98.0,1.0,35.0,196.0,178.0,0.0,2.0,0.0,16.0,163.0,34.0,128.0,166.0,0.2340099578705476,0.2152432018383761,0.2317119877441593,0.3186518575258522,0.0003829950210647,0.5384615384615384,0.094017094017094,0.0769230769230769,0.2905982905982906,0.0,0.492063492063492,0.0793650793650793,0.0634920634920634,0.365079365079365,0.0,0.1031096563011456,0.1014729950900163,611.0,63.0,62.0,0.0195729537366548,0.0177935943060498,562.0,11.0,10.0,0.0148760330578512,0.0132231404958677,605.0,9.0,8.0,0.0408653846153846,0.0552884615384615,832.0,34.0,46.0,,,1.0,0.0,0.0,0.0,0.2340099578705476,0.2152432018383761,0.0065109153581003,0.0,0.199923400995787,0.0134048257372654,0.0,0.0003829950210647,0.0,0.2317119877441593,0.0953657602451168,0.0034469551895825,0.0,0.0187899285982713,0.6530612244897959,0.7191011235955056,0.010204081632653,0.0,0.9081632653061223,0.0816326530612244,0.0481022172115745,0.0736565201052236,1.390625,4.021796317173995,0.0033821871476888,0.0,0.2895142636854279,0.0998457979953739,0.5078125,0.03125,0.279491133384734,0.1666666666666666,0.0666666666666666,0.0033821871476888,0.5854941751221345,0.1833897031191281,0.1589627959413754,0.068771138669673,0.0,0.0,0.734375,0.1953125,0.0703125,0.0,0.0,0.0,0.0306122448979591,0.010204081632653,0.010204081632653,0.9489795918367347,0.0,2594.0,7.886457270977689,5.278114659230517,4.852030263919617,-0.4260843953109001,-3.034427007058072,-2.608342611747172,3.0,Artist-audience draws,1.0,Organic,1.6719577958073597,,,2023.10Johnson TsanSE,375,1.0,700.0,700.0,700.0,EUR,700.0,100.0,70000.0,70000.0,2023-10-25,Draw,SE,Low cost 3D edition,Confirmed,exact,1.0,0.0,
Miwa Komatsu · Multiple · 2023 Q4,Miwa Komatsu,Multiple,2023 Q4,2023,2023-09-17,2026-08-24,4101.0,105.0,204.0,2023-09-25,2023-10-16,2023-10-16,2023-09-25,2023-10-16,inferred,draw,draw,,2023-08-11,2023-10-19,21.0,14909.0,3387.0,204.0,0.0,156.0,66.0,11.0,149.0,67.0,36.0,0.0,11.0,0.0,20.0,201.0,147.0,189.0,204.0,0.1321786690975387,0.0914615618353084,0.3834700698875721,0.3928896991795806,0.0,0.106145251396648,0.1229050279329608,0.3463687150837989,0.4245810055865922,0.0,0.1153846153846153,0.0576923076923076,0.2307692307692307,0.5961538461538461,0.0,0.0436781609195402,0.0137931034482758,435.0,19.0,6.0,0.0730897009966777,0.0099667774086378,301.0,22.0,3.0,0.0491283676703645,0.0095087163232963,1262.0,62.0,12.0,0.0587780355761794,0.0239752513534416,1293.0,76.0,31.0,,,0.0,0.0,0.0,0.0003038590094196,0.1318748100881191,0.0878152537222728,0.0,0.0036463081130355,0.2740808264965056,0.0197508356122759,0.0003038590094196,0.0,0.0,0.3834700698875721,0.0756608933454876,0.0042540261318748,0.018839258584017,0.0283436669619132,2.82089552238806,5.25,0.1641791044776119,0.0,0.5373134328358209,0.2985074626865671,0.0558015943312666,0.0197815175671685,0.1904761904761904,4.40183052849129,0.0041334514319456,0.0,0.2438118811881188,0.135519801980198,0.2698412698412698,0.201058201058201,0.1287128712871287,0.2857142857142857,0.2857142857142857,0.0041334514319456,0.5066430469441984,0.2134632418069087,0.1753764393268379,0.1003838204901092,0.0,0.0,0.5079365079365079,0.1746031746031746,0.238095238095238,0.0793650793650793,0.0,0.0,0.0895522388059701,0.0746268656716417,0.0895522388059701,0.746268656716418,0.0,3232.0,8.127699852817772,4.204692619390966,5.241747015059643,1.0370543956686762,-2.885952837758129,-3.9230072334268056,3.0,Artist-audience draws,1.0,Organic,1.1710018406192362,,,2023.11Miwa KomatsuPE+CL,1123|909|1932,3.0,1700.0,1700.0,1700.0,EUR,1700.0,50.0,85000.0,85000.0,2023-10-16,Public,CL,Low cost 3D edition,Confirmed,artist+window,1.0,0.0,titles: The Entity Stirs / The Great Harmonisation [BOOK TO BE SENT WITH EDITIONS] / The Great Harmonisation [BOOK TO BE SOLD IN
Arghavan Khosravi · The Earring · 2023 Q4,Arghavan Khosravi,The Earring,2023 Q4,2023,2023-09-21,2026-09-01,1382.0,22.0,27.0,2023-09-28,2023-10-23,2023-10-23,2023-09-28,2023-10-23,inferred,draw,draw,,2023-08-14,2023-10-26,25.0,4305.0,1008.0,27.0,0.0,0.0,20.0,0.0,0.0,20.0,11.0,0.0,0.0,0.0,9.0,27.0,0.0,13.0,27.0,0.4765234765234765,0.0779220779220779,0.1098901098901098,0.3356643356643357,0.0,0.1818181818181818,0.1818181818181818,0.0,0.6363636363636364,0.0,0.0833333333333333,0.0833333333333333,0.0,0.8333333333333334,0.0,0.0041928721174004,0.0020964360587002,477.0,2.0,1.0,0.0256410256410256,0.0128205128205128,78.0,2.0,1.0,0.0,0.0,110.0,0.0,0.0,0.0208333333333333,0.0297619047619047,336.0,7.0,10.0,,,0.0,0.0,0.0,0.0149850149850149,0.4615384615384615,0.0699300699300699,0.0,0.0079920079920079,0.2977022977022977,0.0199800199800199,0.0,0.0,0.0,0.1098901098901098,0.0059940059940059,0.0109890109890109,0.0009990009990009,0.0069444444444444,0.65,1.181818181818182,0.0,0.0,0.55,0.45,0.0128968253968253,0.0198412698412698,0.8461538461538461,4.270833333333333,0.0158730158730158,0.1,0.18860103626943,0.0974093264248704,0.1538461538461538,0.0769230769230769,0.3740932642487046,0.76,0.48,0.0158730158730158,0.3095238095238095,0.0823412698412698,0.5168650793650794,0.0753968253968253,0.0,0.0,0.4615384615384615,0.2307692307692307,0.3076923076923077,0.0,0.0,0.1,0.1,0.1,0.1,0.6,0.0,965.0,6.915723448631314,2.995732273553991,2.5649493574615367,-0.4307829160924542,-4.350774091169777,-3.919991175077323,3.0,Artist-audience draws,1.0,Organic,1.8297908382192307,,,2023.07Arghavan KhoPE,805,1.0,3750.0,3750.0,3750.0,EUR,3750.0,25.0,93750.0,93750.0,2023-10-23,Draw,PE,Complex print,Confirmed,exact,1.0,0.0,
Camilla Engström · Island Creators · 2023 Q4,Camilla Engström,Island Creators,2023 Q4,2023,2023-10-06,2026-08-27,2074.0,50.0,61.0,2023-10-10,2023-11-07,2023-11-07,2023-10-10,2023-11-07,inferred,draw,draw,,2023-08-26,2023-11-10,28.0,7100.0,1759.0,61.0,0.0,0.0,46.0,3.0,0.0,46.0,35.0,0.0,3.0,0.0,8.0,61.0,0.0,41.0,61.0,0.3768873403019744,0.1051103368176538,0.1591173054587688,0.3588850174216028,0.0,0.3783783783783784,0.081081081081081,0.054054054054054,0.4864864864864865,0.0,0.1739130434782608,0.0869565217391304,0.0869565217391304,0.6521739130434783,0.0,0.0215716486902927,0.0061633281972265,649.0,14.0,4.0,0.0165745856353591,0.011049723756906,181.0,3.0,2.0,0.0072992700729927,0.0072992700729927,274.0,2.0,2.0,0.029126213592233,0.0242718446601941,618.0,18.0,15.0,,,0.0,0.0,0.0,0.0,0.3768873403019744,0.1051103368176538,0.0,0.0,0.1980255516840882,0.0121951219512195,0.0011614401858304,0.0,0.0,0.1591173054587688,0.0766550522648083,0.0708478513356562,0.0,0.0210346787947697,0.8913043478260869,1.1714285714285717,0.0652173913043478,0.0,0.7608695652173914,0.1739130434782608,0.023308698123934,0.0261512222853894,0.8536585365853658,4.036384309266629,0.0034110289937464,0.0,0.0769230769230769,0.1115678214914856,0.1219512195121951,0.1463414634146341,0.2278332354668232,0.5,0.5,0.0034110289937464,0.3541785105173394,0.4172825469016487,0.1176805002842524,0.107447413303013,0.0,0.0,0.4390243902439024,0.2926829268292683,0.1951219512195122,0.073170731707317,0.0,0.0,0.0652173913043478,0.0652173913043478,0.0434782608695652,0.8260869565217391,0.0,1703.0,7.472500744737558,3.828641396489095,3.713572066704308,-0.1150693297847872,-3.7589286780332505,-3.643859348248464,3.0,Artist-audience draws,1.0,Organic,1.018759129919924,,,2023.10Camilla EngsPE,1262,1.0,1000.0,1000.0,1000.0,EUR,1000.0,50.0,50000.0,50000.0,2023-11-07,Draw,PE,Silkscreen print,Confirmed,exact,1.0,0.0,
Roby Dwi Antono · CLEMENTINE · 2023 Q4,Roby Dwi Antono,CLEMENTINE,2023 Q4,2023,2023-10-09,2026-09-09,2620.0,42.0,39.0,2023-10-10,2023-10-31,2023-10-31,2023-10-10,2023-10-31,inferred,draw,draw,,2023-08-26,2023-11-03,21.0,7646.0,2103.0,39.0,0.0,0.0,39.0,1.0,0.0,39.0,25.0,0.0,1.0,0.0,13.0,39.0,0.0,29.0,39.0,0.4529667149059334,0.0694645441389291,0.315967197298601,0.1616015436565364,0.0,0.2592592592592592,0.1481481481481481,0.1111111111111111,0.4814814814814814,0.0,0.1739130434782608,0.0434782608695652,0.1304347826086956,0.6521739130434783,0.0,0.007454739084132,0.0042598509052183,939.0,7.0,4.0,0.0277777777777777,0.0069444444444444,144.0,4.0,1.0,0.0045801526717557,0.0045801526717557,655.0,3.0,3.0,0.0388059701492537,0.044776119402985,335.0,13.0,15.0,,,0.0,0.0,0.0,0.0,0.4529667149059334,0.0656054027978774,0.0,0.0038591413410516,0.1234925229136517,0.0130246020260492,0.0,0.0,0.0,0.315967197298601,0.0014471780028943,0.0236372407139411,0.0,0.014265335235378,0.7435897435897436,1.16,0.0256410256410256,0.0,0.6410256410256411,0.3333333333333333,0.0137898240608654,0.0185449358059914,0.8620689655172413,3.635758440323348,0.0109367570137898,0.0769230769230769,0.0334832583708145,0.2303848075962019,0.0689655172413793,0.1034482758620689,0.1804097951024487,0.7142857142857143,0.6190476190476191,0.0109367570137898,0.2862577270565858,0.0584878744650499,0.5259153590109368,0.1184022824536376,0.0,0.0,0.3103448275862069,0.2068965517241379,0.4827586206896552,0.0,0.0,0.0769230769230769,0.0769230769230769,0.0769230769230769,0.1282051282051282,0.6410256410256411,0.0,2001.0,7.6511201757027,3.6635616461296463,3.367295829986474,-0.2962658161431724,-4.2838243457162255,-3.987558529573053,3.0,Artist-audience draws,1.0,Organic,1.6592028602757354,,,23.06RobyDwiAntonoPE,279,1.0,5000.0,5000.0,5000.0,EUR,5000.0,50.0,250000.0,250000.0,2023-10-31,Draw,SE,Mid cost 3D edition,Confirmed,exact,1.0,0.0,
Jonny Niesche · Diamond Vibration (Caught by the fuzz) · 2023 Q4,Jonny Niesche,Diamond Vibration (Caught by the fuzz),2023 Q4,2023,2023-10-19,2026-08-30,1629.0,51.0,72.0,2023-10-23,2023-11-14,2023-11-14,2023-10-23,2023-11-14,inferred,draw,draw,,2023-09-08,2023-11-17,22.0,5725.0,1276.0,72.0,0.0,22.0,49.0,9.0,20.0,49.0,33.0,0.0,9.0,0.0,7.0,72.0,20.0,56.0,72.0,0.3381410256410256,0.0745192307692307,0.2676282051282051,0.3197115384615384,0.0,0.34,0.08,0.22,0.36,0.0,0.303030303030303,0.0909090909090909,0.2424242424242424,0.3636363636363636,0.0,0.0402843601895734,0.0236966824644549,422.0,17.0,10.0,0.043010752688172,0.032258064516129,93.0,4.0,3.0,0.0329341317365269,0.0239520958083832,334.0,11.0,8.0,0.0451127819548872,0.0300751879699248,399.0,18.0,12.0,,,0.0,0.0,0.0,0.000801282051282,0.3373397435897436,0.0745192307692307,0.0,0.0,0.2612179487179487,0.0224358974358974,0.000801282051282,0.0,0.0,0.2676282051282051,0.0032051282051282,0.0264423076923076,0.0056089743589743,0.0219435736677116,1.1428571428571428,1.696969696969697,0.1836734693877551,0.0,0.673469387755102,0.1428571428571428,0.0438871473354232,0.0384012539184953,0.5892857142857143,4.486677115987461,0.0141065830721003,0.0,0.1720164609053498,0.1251028806584362,0.3928571428571428,0.125,0.2205761316872428,0.3636363636363636,0.3636363636363636,0.0141065830721003,0.3620689655172414,0.3769592476489028,0.1355799373040752,0.1112852664576802,0.0,0.0,0.4464285714285714,0.3571428571428571,0.125,0.0714285714285714,0.0,0.0,0.2244897959183673,0.0204081632653061,0.0408163265306122,0.7142857142857143,0.0,1215.0,7.151485463904735,3.8918202981106265,4.02535169073515,0.1335313926245225,-3.126133773169586,-3.2596651657941087,3.0,Artist-audience draws,1.0,Organic,0.9570707372052036,,,XXXX.XXJONNYNIESPE,1590,1.0,1700.0,1700.0,1700.0,EUR,1700.0,50.0,85000.0,85000.0,2023-11-14,Draw,PE,Digital print,Confirmed,exact,1.0,0.0,
Luis Ponce · And the Absurd Was Born · 2023 Q4,Luis Ponce,And the Absurd Was Born,2023 Q4,2023,2023-10-20,2026-09-09,1884.0,24.0,76.0,2023-10-24,2023-11-10,2023-11-10,2023-10-24,2023-11-10,inferred,draw,draw,,2023-09-09,2023-11-13,17.0,4924.0,1412.0,76.0,0.0,39.0,24.0,2.0,39.0,24.0,19.0,0.0,2.0,0.0,3.0,76.0,39.0,59.0,76.0,0.1119081779053084,0.2202295552367288,0.0007173601147776,0.667144906743185,0.0,0.0980392156862745,0.3725490196078431,0.0196078431372549,0.5098039215686274,0.0,0.0,0.25,0.0,0.75,0.0,0.032051282051282,0.0,156.0,5.0,0.0,0.0618892508143322,0.009771986970684,307.0,19.0,3.0,,,1.0,1.0,0.0,0.0279569892473118,0.0096774193548387,930.0,26.0,9.0,,,0.0,0.0,0.0,0.0,0.1119081779053084,0.0114777618364418,0.0,0.2087517934002869,0.3271162123385939,0.0172166427546628,0.0322812051649928,0.0,0.0,0.0007173601147776,0.0215208034433285,0.0193687230989956,0.2496413199426111,0.0127478753541076,2.458333333333333,3.1052631578947367,0.0833333333333333,0.0,0.7916666666666666,0.125,0.041784702549575,0.0169971671388102,0.3220338983050847,3.4872521246458925,0.0148725212464589,0.0,0.2436849925705795,0.1901931649331352,0.2372881355932203,0.0338983050847457,0.2280832095096582,0.1764705882352941,0.1176470588235294,0.0148725212464589,0.5658640226628895,0.1480169971671388,0.1182719546742209,0.1529745042492918,0.0,0.0,0.7627118644067796,0.1694915254237288,0.0508474576271186,0.0169491525423728,0.0,0.0,0.0416666666666666,0.0833333333333333,0.0833333333333333,0.7916666666666666,0.0,1346.0,7.252762418053187,3.1780538303479458,4.07753744390572,0.8994836135577738,-3.175224974147468,-4.074708587705242,3.0,Artist-audience draws,1.0,Organic,1.36647436476984,,,2023.07LuisPoncePE,1530,1.0,2350.0,2350.0,2350.0,EUR,2350.0,25.0,58750.0,58750.0,2023-11-10,Draw,PE,Hybrid print,Confirmed,exact,1.0,0.0,
Alpha Centauri Kid · Warothy · 2023 Q4,Alpha Centauri Kid,Warothy,2023 Q4,2023,2023-10-26,2026-09-09,5217.0,31.0,625.0,2023-11-03,2023-11-22,2023-11-22,2023-11-03,2023-11-22,inferred,draw,draw,,2023-09-19,2023-11-25,19.0,14233.0,4345.0,625.0,0.0,598.0,24.0,0.0,595.0,30.0,6.0,0.0,0.0,0.0,24.0,618.0,588.0,597.0,625.0,0.0694962686567164,0.2339085820895522,0.0960820895522388,0.6005130597014925,0.0,0.0510204081632653,0.2224489795918367,0.0285714285714285,0.6979591836734694,0.0,0.0,0.0909090909090909,0.0,0.9090909090909092,0.0,0.0838926174496644,0.0,298.0,25.0,0.0,0.1086739780658025,0.0019940179461615,1003.0,109.0,2.0,0.0339805825242718,0.0,412.0,14.0,0.0,0.1328155339805825,0.0077669902912621,2575.0,342.0,20.0,,,0.0,0.0,0.0,0.0,0.0694962686567164,0.0016324626865671,0.0,0.232276119402985,0.439365671641791,0.0200559701492537,0.0081623134328358,0.0,0.0,0.0960820895522388,0.0011660447761194,0.0284514925373134,0.1033115671641791,0.0131185270425776,19.9,99.5,0.0,0.0,0.2,0.8,0.1373993095512083,0.0069044879171461,0.0100502512562814,3.2757192174913694,0.0032220943613348,0.0,0.2030754210397852,0.2560410056138638,0.2177554438860971,0.2294807370184254,0.149865755430803,0.4736842105263157,0.4210526315789473,0.0032220943613348,0.3548906789413119,0.193325661680092,0.2621403912543153,0.1864211737629459,0.0,0.0,0.4170854271356783,0.1943048576214405,0.2897822445561139,0.0988274706867671,0.0,0.0,0.2666666666666666,0.1666666666666666,0.3,0.2666666666666666,0.0,4097.0,8.376781037699493,3.4011973816621555,6.391917113392602,2.990719731730447,-1.9848639243068904,-4.975583656037337,3.0,Artist-audience draws,1.0,Organic,2.135031893760113,,,2023AlphaCKPE,1528,1.0,5000.0,5000.0,5000.0,EUR,5000.0,25.0,125000.0,125000.0,2023-11-22,Draw,PE,Complex print,Confirmed,exact,1.0,0.0,
Yoon Hyup · In The City · 2023 Q4,Yoon Hyup,In The City,2023 Q4,2023,2023-10-19,2026-09-10,5815.0,204.0,272.0,2023-11-08,2023-11-20,2023-11-20,2023-11-08,2023-11-20,inferred,draw,draw,,2023-09-24,2023-11-23,12.0,15425.0,4652.0,272.0,0.0,101.0,197.0,68.0,99.0,199.0,115.0,0.0,68.0,0.0,16.0,272.0,99.0,223.0,272.0,0.314721919302072,0.0527808069792802,0.2547437295528899,0.3777535441657579,0.0,0.1717171717171717,0.0656565656565656,0.2676767676767677,0.494949494949495,0.0,0.3733333333333333,0.04,0.1733333333333333,0.4133333333333333,0.0,0.0235620235620235,0.0388080388080388,1443.0,34.0,56.0,0.0537190082644628,0.024793388429752,242.0,13.0,6.0,0.0453767123287671,0.0222602739726027,1168.0,53.0,26.0,0.056581986143187,0.0357967667436489,1732.0,98.0,62.0,,,0.0,0.0,0.0,0.0002181025081788,0.3145038167938931,0.0527808069792802,0.0,0.0,0.3003271537622682,0.0194111232279171,0.0,0.0,0.0,0.2547437295528899,0.0324972737186477,0.0255179934569247,0.0,0.014402407566638,1.120603015075377,1.9391304347826088,0.3417085427135678,0.0,0.5778894472361809,0.0804020100502512,0.0479363714531384,0.0427773000859845,0.515695067264574,3.315778159931212,0.1238177128116938,0.2512562814070351,0.1472148541114058,0.2201591511936339,0.0493273542600896,0.1973094170403587,0.2106100795755968,0.4166666666666667,0.4166666666666667,0.1238177128116938,0.3718830610490112,0.0793207222699914,0.2065778159931212,0.2184006878761822,0.0,0.0,0.4349775784753363,0.1390134529147982,0.2600896860986547,0.1659192825112107,0.0,0.2512562814070351,0.0753768844221105,0.0351758793969849,0.0402010050251256,0.5979899497487438,0.0,3770.0,8.445052513638554,5.293304824724492,5.407171771460119,0.1138669467356264,-3.0378807421784364,-3.1517476889140625,3.0,Artist-audience draws,1.0,Organic,1.6320060785111627,,,2023.10Yoon HyupPE,1359,1.0,750.0,750.0,750.0,EUR,750.0,200.0,150000.0,150000.0,2023-11-20,Draw,PE,Hybrid print,Confirmed,exact,1.0,0.0,
Dennis Osadebe · In Search For Light · 2023 Q4,Dennis Osadebe,In Search For Light,2023 Q4,2023,2023-10-31,2026-09-07,1109.0,50.0,58.0,2023-11-13,2023-11-30,2023-11-30,2023-11-13,2023-11-30,inferred,draw,draw,,2023-09-29,2023-12-03,17.0,4228.0,875.0,58.0,0.0,28.0,48.0,0.0,26.0,49.0,22.0,0.0,0.0,0.0,27.0,58.0,26.0,51.0,58.0,0.3016431924882629,0.0786384976525821,0.2852112676056338,0.3345070422535211,0.0,0.3829787234042553,0.0851063829787234,0.2765957446808511,0.2553191489361702,0.0,0.073170731707317,0.048780487804878,0.1707317073170731,0.7073170731707317,0.0,0.0700389105058365,0.0116731517509727,257.0,18.0,3.0,0.0597014925373134,0.0298507462686567,67.0,4.0,2.0,0.0534979423868312,0.0288065843621399,243.0,13.0,7.0,0.0421052631578947,0.1017543859649122,285.0,12.0,29.0,,,0.0,0.0,0.0,0.0,0.3016431924882629,0.0751173708920187,0.0,0.0035211267605633,0.3051643192488263,0.0176056338028169,0.0,0.0,0.0,0.2852112676056338,0.0023474178403755,0.0093896713615023,0.0,0.0262857142857142,1.0408163265306123,2.3181818181818183,0.0,0.0,0.4489795918367347,0.5510204081632653,0.0582857142857142,0.056,0.4313725490196078,4.832,0.0331428571428571,0.2653061224489796,0.4242053789731051,0.1662591687041564,0.5294117647058824,0.1372549019607843,0.3251833740831296,0.2352941176470588,0.0588235294117647,0.0331428571428571,0.5051428571428571,0.2194285714285714,0.0834285714285714,0.1588571428571428,0.0,0.0,0.5490196078431373,0.2352941176470588,0.0980392156862745,0.1176470588235294,0.0,0.2653061224489796,0.2448979591836734,0.0,0.0408163265306122,0.4489795918367347,0.0,818.0,6.774223886357614,3.8918202981106265,3.9318256327243257,0.0400053346136992,-2.842398253633289,-2.882403588246988,3.0,Artist-audience draws,1.0,Organic,1.298155419190954,,,XXXX.XXDENNISOSAPE,1550,1.0,850.0,850.0,850.0,EUR,850.0,50.0,42500.0,42500.0,2023-11-30,Draw,PE,Hybrid print,Confirmed,exact,1.0,0.0,
LY · LUV Somewhere New · 2023 Q4,LY,LUV Somewhere New,2023 Q4,2023,2023-11-22,2026-09-05,4246.0,32.0,167.0,2023-11-23,2023-12-12,2023-12-12,2023-11-23,2023-12-12,inferred,draw,draw,,2023-10-09,2023-12-15,19.0,12654.0,3439.0,167.0,0.0,143.0,30.0,3.0,142.0,31.0,15.0,0.0,3.0,0.0,13.0,166.0,141.0,157.0,167.0,0.3469021251122418,0.1307991619275666,0.279856330439988,0.2421430709368452,0.0002993115833582,0.2953020134228188,0.1006711409395973,0.261744966442953,0.3422818791946309,0.0,0.0952380952380952,0.1428571428571428,0.1904761904761904,0.5714285714285714,0.0,0.0379637618636755,0.0017256255392579,1159.0,44.0,2.0,0.034324942791762,0.0068649885583524,437.0,15.0,3.0,0.041711229946524,0.0042780748663101,935.0,39.0,4.0,0.0630407911001236,0.0148331273176761,809.0,51.0,12.0,,,1.0,0.0,0.0,0.0,0.3469021251122418,0.1307991619275666,0.0,0.0,0.1945525291828793,0.0143669560011972,0.0002993115833582,0.0,0.0002993115833582,0.279856330439988,0.0062855432505237,0.0257407961688117,0.0008979347500748,0.0284966560046525,5.064516129032258,10.466666666666669,0.0967741935483871,0.0,0.4838709677419355,0.4193548387096774,0.0456528060482698,0.0090142483280023,0.0955414012738853,3.679558011049724,0.0026170398371619,0.0,0.3018585131894484,0.0794364508393285,0.3184713375796178,0.0700636942675159,0.2967625899280575,0.2105263157894736,0.1578947368421052,0.0026170398371619,0.5978482116894446,0.1011922070369293,0.233207327711544,0.06513521372492,0.0,0.0,0.7388535031847133,0.0573248407643312,0.1719745222929936,0.0318471337579617,0.0,0.0,0.1290322580645161,0.1935483870967742,0.1290322580645161,0.5483870967741935,0.0,3336.0,8.142936010432265,3.4339872044851463,5.056245805348308,1.622258600863162,-3.086690205083958,-4.70894880594712,3.0,Artist-audience draws,1.0,Organic,1.4330798453941365,,,2023.12LYPE,1068,1.0,2300.0,2300.0,2300.0,EUR,2300.0,30.0,69000.0,69000.0,2023-12-12,Draw,PE,Silkscreen print,Confirmed,exact,1.0,0.0,
Jake Fried · Open Eyes (Signal) · 2024 Q1,Jake Fried,Open Eyes (Signal),2024 Q1,2024,2023-12-04,2026-08-25,1896.0,25.0,41.0,2024-01-08,2024-01-17,2024-01-17,2024-01-08,2024-01-17,inferred,draw,draw,,2023-11-24,2024-01-20,9.0,5132.0,1622.0,41.0,0.0,2.0,25.0,4.0,1.0,25.0,16.0,0.0,4.0,0.0,5.0,40.0,1.0,25.0,41.0,0.3872053872053872,0.0377104377104377,0.0,0.5750841750841751,0.0,0.4210526315789473,0.0,0.0,0.5789473684210527,0.0,1.0,0.0,0.0,0.0,0.0,0.0139130434782608,0.0017391304347826,575.0,8.0,1.0,0.0,0.0,56.0,0.0,0.0,,,0.0,0.0,0.0,0.0128805620608899,0.0,854.0,11.0,0.0,,,0.0,0.0,0.0,0.0,0.3872053872053872,0.0067340067340067,0.002020202020202,0.0309764309764309,0.1818181818181818,0.0094276094276094,0.0262626262626262,0.0,0.0,0.0,0.0323232323232323,0.1003367003367003,0.2228956228956229,0.0844636251541307,1.0,1.5625,0.16,0.0,0.64,0.2,0.0154130702836004,0.0154130702836004,0.64,3.1639950678175093,0.0104808877928483,0.0,0.2758620689655172,0.1815224463240078,0.12,0.24,0.2758620689655172,0.4444444444444444,0.7777777777777778,0.0104808877928483,0.4525277435265105,0.0789149198520345,0.2441430332922318,0.2139334155363748,0.0,0.0,0.36,0.12,0.28,0.24,0.0,0.0,0.12,0.0,0.0,0.88,0.0,1537.0,7.3914152346753585,3.218875824868201,3.218875824868201,0.0,-4.1725394098071575,-4.1725394098071575,3.0,Artist-audience draws,1.0,Organic,1.6032813547193738,,,2024JakeFriedPE,1592,1.0,2750.0,2750.0,2750.0,EUR,2750.0,30.0,82500.0,82500.0,2024-01-17,Draw,PE,Silkscreen print,Confirmed,exact,1.0,0.0,
William Mapan · Centrifuge · 2024 Q1,William Mapan,Centrifuge,2024 Q1,2024,2024-01-12,2026-09-09,2166.0,35.0,100.0,2024-01-12,2024-01-24,2024-01-24,2024-01-12,2024-01-24,inferred,draw,draw,,2023-11-28,2024-01-27,12.0,5774.0,1550.0,100.0,0.0,69.0,34.0,2.0,69.0,34.0,18.0,0.0,2.0,0.0,14.0,98.0,68.0,86.0,100.0,0.0699774266365688,0.3702031602708803,0.0,0.5598194130925508,0.0,0.0545454545454545,0.1818181818181818,0.0,0.7636363636363637,0.0,0.2222222222222222,0.1111111111111111,0.0,0.6666666666666666,0.0,0.032258064516129,0.021505376344086,93.0,3.0,2.0,0.0203252032520325,0.0020325203252032,492.0,10.0,1.0,,,0.0,0.0,0.0,0.0564516129032258,0.0080645161290322,744.0,42.0,6.0,,,0.0,0.0,0.0,0.0,0.0699774266365688,0.037622272385252,0.0,0.3325808878856283,0.3152746425884123,0.0255831452219714,0.073739653875094,0.0,0.0,0.0,0.0,0.0097817908201655,0.1354401805869074,0.1425806451612903,2.5294117647058822,4.777777777777778,0.0588235294117647,0.0,0.5294117647058824,0.4117647058823529,0.0554838709677419,0.0219354838709677,0.2093023255813953,3.7251612903225806,0.0,0.0,0.0211002260738507,0.2599849284099472,0.0232558139534883,0.313953488372093,0.2637528259231348,0.4166666666666667,0.4166666666666667,0.0,0.06,0.4793548387096774,0.1483870967741935,0.312258064516129,0.0,0.0,0.0930232558139534,0.5465116279069767,0.1162790697674418,0.2441860465116279,0.0,0.0,0.0,0.2941176470588235,0.088235294117647,0.6176470588235294,0.0,1327.0,7.346010209913293,3.5263605246161616,4.454347296253507,0.9279867716373464,-2.8916629136597845,-3.819649685297131,3.0,Artist-audience draws,1.0,Organic,1.811120459522161,,,2024WillMapanPE,1524,1.0,5000.0,5000.0,5000.0,EUR,5000.0,35.0,175000.0,175000.0,2024-01-24,Draw,PE,Digital print,Confirmed,exact,1.0,0.0,
Laura El · Park Ave · 2024 Q1,Laura El,Park Ave,2024 Q1,2024,2024-01-12,2026-09-10,4956.0,30.0,58.0,2024-01-22,2024-02-13,2024-02-13,2024-01-22,2024-02-13,inferred,draw,draw,,2023-12-08,2024-02-16,22.0,11167.0,2534.0,58.0,0.0,29.0,30.0,8.0,27.0,30.0,16.0,0.0,8.0,0.0,6.0,58.0,27.0,47.0,58.0,0.4801779935275081,0.1019417475728155,0.0,0.4174757281553398,0.0004045307443365,0.375,0.025,0.0,0.6,0.0,0.3157894736842105,0.0,0.0,0.6842105263157895,0.0,0.012636899747262,0.0050547598989048,1187.0,15.0,6.0,0.0039682539682539,0.0,252.0,1.0,0.0,,,0.0,0.0,0.0,0.0232558139534883,0.0125968992248062,1032.0,24.0,13.0,,,1.0,0.0,0.0,0.0004045307443365,0.4797734627831715,0.084546925566343,0.0008090614886731,0.0173948220064724,0.1694983818770226,0.0169902912621359,0.0040453074433656,0.0,0.0004045307443365,0.0,0.0056634304207119,0.1161003236245954,0.1043689320388349,0.0244672454617206,1.5666666666666669,2.9375,0.2666666666666666,0.0,0.5333333333333333,0.2,0.0185477505919494,0.0118389897395422,0.3404255319148936,4.406866614048934,0.0236779794790844,0.0333333333333333,0.1508728179551122,0.1479634247714048,0.1304347826086956,0.1956521739130435,0.1778886118038238,0.3636363636363636,0.3636363636363636,0.0236779794790844,0.4605367008681926,0.2403314917127071,0.1740331491712707,0.101420678768745,0.0,0.0212765957446808,0.4680851063829787,0.1276595744680851,0.3617021276595745,0.0212765957446808,0.0,0.0333333333333333,0.1333333333333333,0.1333333333333333,0.1,0.6,0.0,2406.0,7.837554360881084,3.4011973816621555,3.8501476017100575,0.4489502200479032,-3.9874067591710256,-4.436356979218929,3.0,Artist-audience draws,1.0,Organic,1.1332475768679384,,,2024LauraElPE,1634,1.0,1500.0,1500.0,1500.0,EUR,1500.0,30.0,45000.0,45000.0,2024-02-13,Draw,PE,Hybrid print,Confirmed,exact,1.0,0.0,
DeeKay · Love Ripples · 2024 Q1,DeeKay,Love Ripples,2024 Q1,2024,2024-02-01,2026-09-10,5937.0,33.0,241.0,2024-02-08,2024-02-14,2024-02-14,2024-02-08,2024-02-14,inferred,draw,draw,,2023-12-25,2024-02-17,6.0,15665.0,4893.0,241.0,0.0,184.0,30.0,0.0,182.0,30.0,10.0,0.0,0.0,0.0,20.0,239.0,180.0,195.0,241.0,0.1599000624609619,0.1819696023318759,0.4559650218613366,0.2021653133458255,0.0,0.1646341463414634,0.1524390243902439,0.3353658536585366,0.3475609756097561,0.0,0.0,0.1904761904761904,0.1904761904761904,0.6190476190476191,0.0,0.03515625,0.0,768.0,27.0,0.0,0.028604118993135,0.0045766590389016,874.0,25.0,4.0,0.0251141552511415,0.0018264840182648,2190.0,55.0,4.0,0.05870236869207,0.0133882595262615,971.0,57.0,13.0,,,0.0,0.0,0.0,0.0002082032063293,0.1596918592546325,0.0168644597126795,0.0,0.1651051426191963,0.1653133458255257,0.0139496148240682,0.0083281282531751,0.0,0.0,0.4559650218613366,0.0,0.0029148448886112,0.0116593795544451,0.0183936235438381,6.5,19.5,0.0,0.0,0.3333333333333333,0.6666666666666666,0.0398528510116492,0.006131207847946,0.0512820512820512,3.201512364602493,0.0036787247087676,0.0,0.0095320623916811,0.1094020797227036,0.0153846153846153,0.082051282051282,0.3762998266897747,0.3333333333333333,0.3333333333333333,0.0036787247087676,0.1798487635397506,0.5176783159615778,0.1426527692622113,0.1561414265276926,0.0,0.0,0.2051282051282051,0.4974358974358974,0.2153846153846154,0.082051282051282,0.0,0.0,0.0666666666666666,0.0,0.4666666666666667,0.4666666666666667,0.0,4616.0,8.495560891289124,3.4011973816621555,5.272999558563747,1.8718021769015916,-3.222561332725377,-5.094363509626969,3.0,Artist-audience draws,1.0,Organic,2.1584428270806346,,,2024DeekayPE,1527,1.0,6000.0,6000.0,6000.0,EUR,6000.0,30.0,180000.0,180000.0,2024-02-14,Draw,PE,Silkscreen print,Confirmed,exact,1.0,0.0,
George Condo · Multiple · 2024 Q1,George Condo,Multiple,2024 Q1,2024,2024-01-08,2026-09-10,15841.0,488.0,749.0,2024-02-15,2024-03-20,2024-03-20,2024-02-15,2024-03-20,inferred,draw,draw,,2024-01-01,2024-03-23,34.0,69562.0,10794.0,749.0,0.0,649.0,268.0,0.0,580.0,443.0,21.0,0.0,0.0,0.0,422.0,695.0,538.0,607.0,749.0,0.2831983424373705,0.1819551704652477,0.0,0.5348464870973818,0.0,0.2401500938086304,0.0469043151969981,0.0,0.7110694183864915,0.0018761726078799,0.0806916426512968,0.0259365994236311,0.0,0.8933717579250721,0.0,0.0425673428666444,0.0093116062520784,3007.0,128.0,28.0,0.0129399585921325,0.0046583850931677,1932.0,25.0,9.0,,,0.0,0.0,0.0,0.0667371016023948,0.0545870751892938,5679.0,379.0,310.0,,,0.0,1.0,0.0,0.0001883593897155,0.2830099830476549,0.1598229421736673,0.001318515728009,0.0221322282915803,0.3510077227349783,0.065925786400452,0.0003767187794311,0.0,0.0,0.0,0.0179883217178376,0.0386136748916933,0.0596157468449802,0.0163053548267556,1.3702031602708804,28.904761904761905,0.0,0.0,0.0474040632054176,0.9525959367945824,0.0562349453400037,0.0410413192514359,0.0345963756177924,6.444506207152122,0.0177876598110061,0.4717832957110609,0.080685538224533,0.0896398998652031,0.1894563426688632,0.128500823723229,0.2760446755247449,0.2352941176470588,0.2352941176470588,0.0177876598110061,0.628497313322216,0.1599962942375393,0.1370205669816565,0.0566981656475819,0.0,0.0,0.6556836902800659,0.1449752883031301,0.14332784184514,0.0560131795716639,0.0,0.4717832957110609,0.1083521444695259,0.1354401805869074,0.1331828442437923,0.1512415349887133,0.0,10386.0,9.286745703178587,6.093569770045136,6.408528791059498,0.3149590210143627,-2.8782169121190897,-3.1931759331334524,3.0,Artist-audience draws,1.0,Organic,2.2217217418268542,,,2024GeorgeCondoPE,1969|1966|1968,3.0,6000.0,6000.0,6000.0,EUR,6000.0,450.0,2700000.0,2700000.0,2024-03-20,Draw,PE,Silkscreen print,Confirmed,artist+window,1.0,0.0,titles: Lost in Time / Portrait and Head / Prismatic Head Composition
Emily Xie · Guardian Lion · 2024 Q1,Emily Xie,Guardian Lion,2024 Q1,2024,2024-02-07,2026-09-08,2121.0,31.0,96.0,2024-02-21,2024-03-07,2024-03-07,2024-02-21,2024-03-07,inferred,draw,draw,,2024-01-07,2024-03-10,15.0,6962.0,1819.0,59.0,37.0,33.0,28.0,3.0,30.0,28.0,7.0,10.0,3.0,0.0,8.0,59.0,30.0,51.0,96.0,0.3972299168975069,0.1235457063711911,0.0,0.4792243767313019,0.0,0.4594594594594595,0.1621621621621621,0.0,0.3783783783783784,0.0,0.4375,0.0625,0.0,0.5,0.0,0.0237099023709902,0.00976290097629,717.0,17.0,7.0,0.0269058295964125,0.0044843049327354,223.0,6.0,1.0,,,0.0,0.0,0.0,0.0161849710982658,0.0092485549132947,865.0,14.0,8.0,,,0.0,0.0,0.0,0.0,0.3972299168975069,0.0326869806094182,0.0,0.0908587257617728,0.2476454293628809,0.0155124653739612,0.0060941828254847,0.0,0.0,0.0,0.0138504155124653,0.0121883656509695,0.1839335180055401,0.0076965365585486,1.8214285714285716,7.285714285714286,0.1071428571428571,0.3571428571428571,0.25,0.2857142857142857,0.02803738317757,0.0153930731170973,0.1372549019607843,3.82737768004398,0.0104452996151731,0.0,0.0359794403198172,0.1599086236436322,0.0588235294117647,0.1764705882352941,0.1770416904625928,0.4,0.3333333333333333,0.0104452996151731,0.3331500824628917,0.3188565145684442,0.234194612424409,0.1033534909290819,0.0,0.0,0.392156862745098,0.2156862745098039,0.2941176470588235,0.0980392156862745,0.0,0.0,0.3571428571428571,0.1428571428571428,0.0,0.5,0.0,1751.0,7.506042178518122,3.332204510175204,3.9318256327243257,0.5996211225491218,-3.5742165457937967,-4.173837668342919,3.0,Artist-audience draws,1.0,Organic,1.0271199642585649,,,2024EmilyXiePE,1575,1.0,2500.0,2500.0,2500.0,EUR,2500.0,30.0,75000.0,75000.0,2024-03-07,Draw,PE,Digital print,Confirmed,exact,1.0,0.0,
Peter Halley · Rising High II · 2024 Q2,Peter Halley,Rising High II,2024 Q2,2024,2024-04-22,2026-09-10,2762.0,41.0,48.0,2024-05-02,2024-05-17,,2024-05-02,2024-05-17,inferred,draw,draw,,2024-03-18,2024-05-20,15.0,5053.0,1414.0,24.0,24.0,0.0,25.0,1.0,0.0,25.0,0.0,19.0,1.0,1.0,4.0,24.0,0.0,21.0,48.0,0.6197583511016347,0.0796019900497512,0.0618336886993603,0.2388059701492537,0.0,0.3333333333333333,0.0952380952380952,0.0952380952380952,0.4761904761904761,0.0,0.2916666666666667,0.1666666666666666,0.0833333333333333,0.4583333333333333,0.0,0.0080275229357798,0.0080275229357798,872.0,7.0,7.0,0.0178571428571428,0.0357142857142857,112.0,2.0,4.0,0.0229885057471264,0.0229885057471264,87.0,2.0,2.0,0.0297619047619047,0.0327380952380952,336.0,10.0,11.0,,,0.0,0.0,0.0,0.0,0.6197583511016347,0.0724946695095948,0.0,0.0071073205401563,0.2103766879886283,0.0120824449182658,0.0,0.0,0.0,0.0618336886993603,0.0007107320540156,0.0156361051883439,0.0,0.0049504950495049,0.84,,0.04,0.76,0.0,0.2,0.0148514851485148,0.0176803394625176,0.0,3.573550212164073,0.1237623762376237,0.08,0.2158333333333333,0.1175,0.45,0.15,0.33,0.5333333333333333,0.1333333333333333,0.1237623762376237,0.263083451202263,0.3910891089108911,0.1697312588401697,0.0523338048090523,0.0,0.0476190476190476,0.4761904761904761,0.238095238095238,0.1428571428571428,0.0952380952380952,0.0,0.08,0.04,0.48,0.28,0.12,0.0,1200.0,7.254177846456518,3.218875824868201,3.044522437723423,-0.1743533871447778,-4.209655408733095,-4.0353020215883175,3.0,Artist-audience draws,1.0,Organic,1.606664227744794,,,2023.09Peter HalleyPE,998,1.0,4000.0,4000.0,4000.0,EUR,4000.0,40.0,160000.0,160000.0,2024-05-21,Public,PE,Hybrid print,Confirmed,exact,1.0,4.0,
Slawn · Ugly Bastard · 2024 Q3,Slawn,Ugly Bastard,2024 Q3,2024,2024-03-18,2026-09-10,14010.0,96.0,115.0,2024-07-23,2024-08-08,2024-08-08,2024-07-23,2024-08-08,inferred,draw,draw,,2024-06-08,2024-08-11,16.0,30552.0,12176.0,115.0,0.0,0.0,91.0,0.0,0.0,91.0,80.0,0.0,0.0,0.0,11.0,115.0,0.0,93.0,115.0,0.0779854449222626,0.0238173999338405,0.437231227257691,0.4609659278862058,0.0,0.2911392405063291,0.0759493670886076,0.1012658227848101,0.5316455696202531,0.0,0.2597402597402597,0.0909090909090909,0.1168831168831168,0.5324675324675324,0.0,0.024390243902439,0.0212089077412513,943.0,23.0,20.0,0.0208333333333333,0.0243055555555555,288.0,6.0,7.0,0.0015131454511064,0.0017022886324947,5287.0,8.0,9.0,0.007534983853606,0.0073555794761392,5574.0,42.0,41.0,,,0.0,0.0,0.0,0.0,0.0779854449222626,0.0216672179953688,0.0,0.0021501819384717,0.051190869996692,0.007525636784651,0.0,0.0,0.0,0.437231227257691,0.4000165398610651,0.0022328812437975,0.0,0.0068988173455978,1.021978021978022,1.1625,0.0,0.0,0.8791208791208791,0.1208791208791208,0.0076379763469119,0.0074737187910643,0.8602150537634409,2.509198423127464,0.0246386333771353,0.0109890109890109,0.482699846599625,0.2764615646838247,0.4838709677419355,0.1935483870967742,0.4579853417419465,0.5,0.1875,0.0246386333771353,0.475607752956636,0.0087877792378449,0.3010019710906702,0.1899638633377135,0.0,0.0,0.5268817204301075,0.064516129032258,0.3978494623655914,0.010752688172043,0.0,0.0109890109890109,0.0439560439560439,0.0109890109890109,0.0549450549450549,0.8791208791208791,0.0,11734.0,9.407222080101468,4.51085950651685,4.532599493153256,0.0217399866364058,-4.874622586948211,-4.896362573584617,3.0,Artist-audience draws,1.0,Organic,2.0696817847173645,,,SlawnUglyBast24,1437,1.0,950.0,950.0,950.0,EUR,950.0,100.0,95000.0,95000.0,2024-08-08,Draw,SE,Low cost 3D edition,Confirmed,exact,1.0,0.0,
Danielle Mckinney · Shelter · 2024 Q3,Danielle Mckinney,Shelter,2024 Q3,2024,2024-08-01,2026-09-10,8459.0,104.0,259.0,2024-08-20,2024-09-11,2024-09-11,2024-08-20,2024-09-11,inferred,draw,draw,,2024-07-06,2024-09-14,22.0,8749.0,4820.0,259.0,0.0,153.0,96.0,9.0,151.0,99.0,30.0,0.0,10.0,0.0,59.0,256.0,148.0,180.0,259.0,0.1059588753671842,0.1137221989089383,0.5258078052874527,0.2519932857742341,0.0025178346621905,0.2080924855491329,0.1676300578034682,0.2832369942196532,0.3410404624277456,0.0,0.1333333333333333,0.0,0.0444444444444444,0.8222222222222222,0.0,0.0712871287128712,0.0118811881188118,505.0,36.0,6.0,0.0535055350553505,0.0,542.0,29.0,0.0,0.0195530726256983,0.0007980845969672,2506.0,49.0,2.0,0.0491257285595337,0.0308076602830974,1201.0,59.0,37.0,,,12.0,0.0,0.0,0.0006294586655476,0.1053294167016365,0.112463281577843,0.0,0.0012589173310952,0.2119177507343684,0.0211917750734368,0.0,0.0,0.0025178346621905,0.5258078052874527,0.0167855644146034,0.0020981955518254,0.0,0.0112033195020746,1.818181818181818,6.0,0.101010101010101,0.0,0.303030303030303,0.5959595959595959,0.0373443983402489,0.0205394190871369,0.1666666666666666,1.815145228215768,0.0112033195020746,0.0,0.5619745634835094,0.048286268592369,0.5722222222222222,0.0833333333333333,0.4563483509377021,0.0909090909090909,0.0909090909090909,0.0112033195020746,0.7045643153526971,0.1435684647302904,0.0921161825726141,0.0485477178423236,0.0,0.0,0.7444444444444445,0.0944444444444444,0.1277777777777777,0.0333333333333333,0.0,0.0,0.2828282828282828,0.1717171717171717,0.1616161616161616,0.3838383838383838,0.0,4639.0,8.480529207044645,4.59511985013459,5.19295685089021,0.5978370007556204,-3.287572356154436,-3.885409356910056,3.0,Artist-audience draws,1.0,Organic,1.7120032726862044,,,DanielleMShelter24,1491,1.0,1750.0,1750.0,1750.0,EUR,1750.0,100.0,175000.0,175000.0,2024-09-11,Draw,PE,Digital print,Confirmed,exact,1.0,0.0,
Dominique Fung · Handheld Fan · 2025 Q3,Dominique Fung,Handheld Fan,2025 Q3,2025,2024-07-24,2026-09-08,2038.0,37.0,50.0,2025-06-24,2025-07-22,2025-07-22,2025-06-24,2025-07-22,inferred,draw,draw,,2025-05-10,2025-07-25,28.0,3065.0,1442.0,50.0,0.0,0.0,35.0,4.0,0.0,35.0,26.0,0.0,4.0,0.0,5.0,49.0,0.0,37.0,50.0,0.3680895731280615,0.1672498250524842,0.1602519244226732,0.3044086773967809,0.0,0.2,0.2,0.2,0.4,0.0,0.1875,0.15625,0.21875,0.4375,0.0,0.0133079847908745,0.0114068441064638,526.0,7.0,6.0,0.0292887029288702,0.0209205020920502,239.0,7.0,5.0,0.0305676855895196,0.0305676855895196,229.0,7.0,7.0,0.032183908045977,0.032183908045977,435.0,14.0,14.0,,,0.0,0.0,0.0,0.0,0.3680895731280615,0.1644506648005598,0.0,0.0027991602519244,0.1819454163750875,0.0300909727081875,0.0,0.0,0.0,0.1602519244226732,0.0622813156053184,0.0300909727081875,0.0,0.0090152565880721,1.0571428571428572,1.4230769230769231,0.1142857142857142,0.0,0.7428571428571429,0.1428571428571428,0.0256588072122052,0.0242718446601941,0.7027027027027027,2.1255201109570043,0.0235783633841886,0.0,0.4912408759124088,0.1467153284671533,0.5675675675675675,0.054054054054054,0.2824817518248175,0.1071428571428571,0.0357142857142857,0.0235783633841886,0.542995839112344,0.2246879334257975,0.1255201109570041,0.0832177531206657,0.0,0.0,0.6216216216216216,0.2162162162162162,0.1351351351351351,0.027027027027027,0.0,0.0,0.1142857142857142,0.1428571428571428,0.0,0.7428571428571429,0.0,1370.0,7.273786317844895,3.555348061489413,3.610917912644224,0.0555698511548107,-3.66286840520067,-3.7184382563554808,3.0,Artist-audience draws,1.0,Organic,1.1931120770665815,,,DominiqueLimited25,1304,1.0,1150.0,1150.0,1150.0,EUR,1150.0,60.0,69000.0,69000.0,2025-07-22,Draw,PE,Digital print,Confirmed,exact,1.0,0.0,
Katherine Bradford · Swing Over Pool · 2025 Q3,Katherine Bradford,Swing Over Pool,2025 Q3,2025,2025-07-01,2026-09-09,4251.0,173.0,115.0,2025-07-16,2025-08-12,2025-08-12,2025-07-16,2025-08-12,inferred,draw,draw,,2025-06-01,2025-08-15,27.0,5284.0,2492.0,115.0,0.0,1.0,112.0,9.0,0.0,117.0,87.0,0.0,9.0,0.0,21.0,114.0,0.0,94.0,115.0,0.5079494496534855,0.1292295148797391,0.0008153281695882,0.3355075417855687,0.0264981655116184,0.3763440860215054,0.1612903225806451,0.0,0.4408602150537634,0.021505376344086,0.3873873873873873,0.1261261261261261,0.0,0.4594594594594595,0.027027027027027,0.0280898876404494,0.0345104333868378,1246.0,35.0,43.0,0.0473186119873817,0.0441640378548895,317.0,15.0,14.0,,,2.0,0.0,0.0,0.0498177399756986,0.0619684082624544,823.0,41.0,51.0,0.0307692307692307,0.0461538461538461,65.0,2.0,3.0,0.0020383204239706,0.5059111292295149,0.1280065226253567,0.0,0.0012229922543823,0.2189156135344476,0.0623726049735018,0.0008153281695882,0.0,0.0264981655116184,0.0008153281695882,0.003261312678353,0.0501426824296779,0.0,0.0156500802568218,0.8034188034188035,1.0804597701149423,0.0769230769230769,0.0,0.7435897435897436,0.1794871794871795,0.0377207062600321,0.0469502407704654,0.925531914893617,2.120385232744783,0.0064205457463884,0.0,0.3721518987341772,0.1936708860759493,0.351063829787234,0.1808510638297872,0.2084388185654008,0.4814814814814814,0.3333333333333333,0.0064205457463884,0.4317817014446228,0.1841894060995184,0.2696629213483146,0.1079454253611557,0.0,0.0,0.4574468085106383,0.2872340425531915,0.202127659574468,0.0531914893617021,0.0,0.0,0.1709401709401709,0.0085470085470085,0.0256410256410256,0.7948717948717948,0.0,2370.0,7.820840879907344,4.762173934797756,4.543294782270004,-0.2188791525277521,-3.27754609763734,-3.058666945109588,3.0,Artist-audience draws,1.0,Organic,1.3515823386010533,,,KatherineLE25,1914,1.0,850.0,850.0,850.0,EUR,850.0,200.0,170000.0,170000.0,2025-08-12,Draw,PE,Hybrid print,Confirmed,exact,1.0,0.0,
Daniel Crews-Chubb · Immortal II (turquoise) · 2023 Q1,Daniel Crews-Chubb,Immortal II (turquoise),2023 Q1,2023,2023-01-12,2026-09-03,1655.0,35.0,0.0,,,,2023-02-16,2023-03-09,launch_day+21,no_draw,legacy,,2023-01-02,2023-03-12,21.0,2645.0,849.0,0.0,0.0,0.0,29.0,3.0,0.0,29.0,0.0,0.0,3.0,0.0,26.0,0.0,0.0,0.0,0.0,0.0520094562647754,0.185579196217494,0.1430260047281324,0.6134751773049646,0.0059101654846335,,,,,,0.0454545454545454,0.0909090909090909,0.0909090909090909,0.6818181818181818,0.0909090909090909,0.0,0.0227272727272727,44.0,0.0,1.0,0.0,0.0127388535031847,157.0,0.0,2.0,0.0,0.0165289256198347,121.0,0.0,2.0,0.0,0.0289017341040462,519.0,0.0,15.0,,,5.0,0.0,2.0,0.0,0.0520094562647754,0.185579196217494,0.0,0.0,0.5484633569739953,0.0354609929078014,0.0,0.0059101654846335,0.0,0.1430260047281324,0.0023640661938534,0.0271867612293144,0.0,0.0035335689045936,0.0,,0.1034482758620689,0.0,0.0,0.896551724137931,0.0,0.0341578327444051,,3.115429917550059,0.6654888103651354,0.6551724137931034,0.6881720430107527,0.017921146953405,,,0.4767025089605735,0.0476190476190476,,0.6654888103651354,0.2626619552414605,0.0247349823321554,0.03886925795053,0.0082449941107184,0.0,,,,,,,0.6551724137931034,0.2758620689655172,0.0,0.0344827586206896,0.0344827586206896,0.0,279.0,6.744059186311348,3.367295829986474,0.0,-2.995732273553991,-9.210340371976182,-3.376763356324873,,,,,,3.0,Artist-audience draws,2023.02Daniel CrewsPE,838,1.0,1500.0,1500.0,1500.0,EUR,1500.0,35.0,52500.0,52500.0,2023-02-16,Public,PE,Digital print,Confirmed,exact,1.0,0.0,
Maiko Kobayashi · Moving Colours · 2023 Q1,Maiko Kobayashi,Moving Colours,2023 Q1,2023,2023-02-02,2026-09-01,1811.0,60.0,0.0,,,,2023-03-07,2023-03-28,launch_day+21,no_draw,legacy,,2023-01-21,2023-03-31,21.0,4092.0,1482.0,0.0,0.0,0.0,46.0,5.0,0.0,60.0,0.0,0.0,5.0,0.0,55.0,0.0,0.0,0.0,0.0,0.227027027027027,0.1439189189189189,0.2885135135135135,0.3405405405405405,0.0,,,,,,0.1538461538461538,0.0,0.173076923076923,0.6730769230769231,0.0,0.0,0.0238095238095238,336.0,0.0,8.0,0.0,0.0,213.0,0.0,0.0,0.0,0.0210772833723653,427.0,0.0,9.0,0.0,0.0694444444444444,504.0,0.0,35.0,,,0.0,0.0,0.0,0.0,0.227027027027027,0.1439189189189189,0.0,0.0,0.2945945945945946,0.031081081081081,0.002027027027027,0.0,0.0,0.2885135135135135,0.004054054054054,0.0087837837837837,0.0,0.0013495276653171,0.0,,0.0833333333333333,0.0,0.0,0.9166666666666666,0.0,0.0404858299595141,,2.7611336032388665,0.6713900134952766,0.7333333333333333,0.8243801652892562,0.006198347107438,,,0.6322314049586777,0.0,,0.6713900134952766,0.2995951417004048,0.0182186234817813,0.0074224021592442,0.0033738191632928,0.0,,,,,,,0.7333333333333333,0.2666666666666666,0.0,0.0,0.0,0.0,484.0,7.301147805856032,4.0943445622221,0.0,-2.995732273553991,-9.210340371976182,-3.2068032436339315,,,,,,3.0,Artist-audience draws,2023.03Maiko KobayaHFPE,426,1.0,1500.0,1500.0,1500.0,EUR,1500.0,50.0,75000.0,75000.0,2023-03-07,Public,HFPE,Hybrid print,Confirmed,exact,1.0,0.0,
Hyangmok Baik · I Know What You Did Last Summer · 2023 Q1,Hyangmok Baik,I Know What You Did Last Summer,2023 Q1,2023,2023-02-06,2026-09-07,4989.0,50.0,0.0,,,,2023-03-16,2023-04-06,launch_day+21,no_draw,legacy,,2023-01-30,2023-04-09,21.0,5646.0,2408.0,0.0,0.0,0.0,39.0,1.0,0.0,39.0,0.0,0.0,1.0,0.0,38.0,0.0,0.0,0.0,0.0,0.107531380753138,0.0765690376569037,0.0912133891213389,0.7246861924686192,0.0,,,,,,0.1764705882352941,0.0294117647058823,0.0,0.7941176470588235,0.0,0.0,0.0233463035019455,257.0,0.0,6.0,0.0,0.0054644808743169,183.0,0.0,1.0,0.0,0.0,218.0,0.0,0.0,0.0,0.0155889145496535,1732.0,0.0,27.0,,,0.0,0.0,0.0,0.0,0.107531380753138,0.0765690376569037,0.0,0.0,0.2347280334728033,0.0209205020920502,0.0,0.0,0.0,0.0912133891213389,0.4531380753138075,0.0158995815899581,0.0,0.0074750830564784,0.0,,0.0256410256410256,0.0,0.0,0.9743589743589745,0.0,0.0161960132890365,,2.34468438538206,0.5390365448504983,0.6666666666666666,0.4265536723163842,0.0856873822975518,,,0.307909604519774,0.238095238095238,,0.5390365448504983,0.2570598006644518,0.0705980066445182,0.0963455149501661,0.0369601328903654,0.0,,,,,,,0.6666666666666666,0.282051282051282,0.0,0.0256410256410256,0.0256410256410256,0.0,1062.0,7.786551806428712,3.6635616461296463,0.0,-2.995732273553991,-9.210340371976182,-4.122990160299065,,,,,,3.0,Artist-audience draws,2023.03Hyangmok BaiHFPE,732,1.0,1000.0,1000.0,1000.0,EUR,1000.0,50.0,50000.0,50000.0,2023-03-16,Public,HFPE,Hybrid print,Confirmed,exact,1.0,0.0,
"Chris Huen Sin Kan · Joel, Tess and Haze · 2023 Q1",Chris Huen Sin Kan,"Joel, Tess and Haze",2023 Q1,2023,2023-02-06,2026-09-10,686.0,13.0,0.0,,,,2023-03-21,2023-04-11,launch_day+21,no_draw,legacy,,2023-02-04,2023-04-14,21.0,2125.0,512.0,0.0,0.0,0.0,11.0,1.0,0.0,12.0,0.0,0.0,1.0,0.0,11.0,0.0,0.0,0.0,0.0,0.2862745098039215,0.1274509803921568,0.0568627450980392,0.5294117647058824,0.0,,,,,,0.0,0.0,0.1,0.9,0.0,0.0,0.0,146.0,0.0,0.0,0.0,0.0,65.0,0.0,0.0,,,29.0,0.0,1.0,0.0,0.0333333333333333,270.0,0.0,9.0,,,0.0,0.0,0.0,0.0,0.2862745098039215,0.1274509803921568,0.0,0.0,0.4431372549019607,0.0372549019607843,0.0,0.0,0.0,0.0568627450980392,0.0156862745098039,0.0333333333333333,0.0,0.00390625,0.0,,0.0833333333333333,0.0,0.0,0.9166666666666666,0.0,0.0234375,,4.150390625,0.734375,0.75,0.8962962962962963,0.0222222222222222,,,0.6518518518518519,0.0,,0.734375,0.2421875,0.0078125,0.01171875,0.00390625,0.0,,,,,,,0.75,0.25,0.0,0.0,0.0,0.0,135.0,6.238324625039508,2.4849066497880004,0.0,-2.995732273553991,-9.210340371976182,-3.7534179752515073,,,,,,3.0,Artist-audience draws,2023.03Chris Huen SHFPE,399,1.0,4000.0,4000.0,4000.0,EUR,4000.0,25.0,100000.0,100000.0,2023-03-21,Public,HFPE,Hybrid print,Confirmed,exact,1.0,0.0,
Prune Nourry · Mater Earth · 2023 Q1,Prune Nourry,Mater Earth,2023 Q1,2023,2023-01-31,2026-09-04,1240.0,14.0,0.0,,,,2023-03-28,2023-04-18,launch_day+21,no_draw,legacy,,2023-02-11,2023-04-21,21.0,638.0,874.0,0.0,0.0,0.0,13.0,0.0,0.0,13.0,0.0,0.0,0.0,0.0,13.0,0.0,0.0,0.0,0.0,0.0497109826589595,0.0705202312138728,0.7248554913294798,0.1549132947976878,0.0,,,,,,0.1111111111111111,0.1111111111111111,0.2222222222222222,0.5555555555555556,0.0,0.0,0.0232558139534883,43.0,0.0,1.0,0.0,0.0163934426229508,61.0,0.0,1.0,0.0,0.0031897926634768,627.0,0.0,2.0,0.0,0.0373134328358208,134.0,0.0,5.0,,,0.0,0.0,0.0,0.0196531791907514,0.030057803468208,0.0705202312138728,0.0,0.0,0.122543352601156,0.030057803468208,0.0,0.0,0.0,0.7248554913294798,0.0,0.0023121387283236,0.0,0.0102974828375286,0.0,,0.0,0.0,0.0,1.0,0.0,0.0148741418764302,,0.7299771167048055,0.3867276887871853,0.3076923076923077,0.3669354838709677,0.0887096774193548,,,0.2278225806451612,0.2857142857142857,,0.3867276887871853,0.2986270022883295,0.1533180778032036,0.108695652173913,0.0526315789473684,0.0,,,,,,,0.3076923076923077,0.6923076923076923,0.0,0.0,0.0,0.0,496.0,6.773080375655535,2.5649493574615367,0.0,-2.995732273553991,-9.210340371976182,-4.208131018193999,,,,,,3.0,Artist-audience draws,2023.03Prune NourryPE,950,1.0,850.0,850.0,850.0,EUR,850.0,30.0,25500.0,25500.0,2023-03-28,Public,PE,Silkscreen print,Confirmed,exact,1.0,0.0,
Rooo Lou · Earnest · 2023 Q2,Rooo Lou,Earnest,2023 Q2,2023,2023-03-07,2026-09-04,1023.0,30.0,0.0,,,,2023-04-05,2023-04-26,launch_day+21,no_draw,legacy,,2023-02-19,2023-04-29,21.0,843.0,459.0,0.0,0.0,0.0,21.0,1.0,0.0,22.0,0.0,0.0,1.0,0.0,21.0,0.0,0.0,0.0,0.0,0.2188183807439825,0.0437636761487965,0.1575492341356674,0.5798687089715536,0.0,,,,,,0.2631578947368421,0.0526315789473684,0.0,0.6842105263157895,0.0,0.0,0.05,100.0,0.0,5.0,,,20.0,0.0,1.0,0.0,0.0,72.0,0.0,0.0,0.0,0.0490566037735849,265.0,0.0,13.0,,,0.0,0.0,0.0,0.0503282275711159,0.1684901531728665,0.0393873085339168,0.0,0.0043763676148796,0.3851203501094092,0.0328227571115973,0.0,0.0,0.0,0.1575492341356674,0.1553610503282275,0.0065645514223194,0.0,0.0043572984749455,0.0,,0.0454545454545454,0.0,0.0,0.9545454545454546,0.0,0.0479302832244008,,1.8366013071895424,0.429193899782135,0.5454545454545454,0.6245210727969349,0.0421455938697318,,,0.3869731800766283,0.0476190476190476,,0.429193899782135,0.4161220043572984,0.0871459694989106,0.0631808278867102,0.0043572984749455,0.0,,,,,,,0.5454545454545454,0.4090909090909091,0.0,0.0454545454545454,0.0,0.0,261.0,6.129050210060545,3.091042453358316,0.0,-2.995732273553991,-9.210340371976182,-3.038007756702229,,,,,,3.0,Artist-audience draws,2023.04Rooo LouPE,674,1.0,500.0,500.0,500.0,EUR,500.0,30.0,15000.0,15000.0,2023-04-05,Public,PE,Digital print,Confirmed,exact,1.0,0.0,
Chen Wei Ting · Poetic fragments · 2023 Q2,Chen Wei Ting,Poetic fragments,2023 Q2,2023,2023-03-31,2026-09-09,733.0,14.0,0.0,,,,2023-04-06,2023-04-27,launch_day+21,no_draw,legacy,,2023-02-20,2023-04-30,21.0,1499.0,458.0,0.0,0.0,0.0,14.0,2.0,0.0,14.0,0.0,0.0,2.0,0.0,12.0,0.0,0.0,0.0,0.0,0.1222707423580786,0.3864628820960699,0.0,0.4912663755458515,0.0,,,,,,0.0,0.1538461538461538,0.0,0.8461538461538461,0.0,0.0,0.0,56.0,0.0,0.0,0.0,0.0112994350282485,177.0,0.0,2.0,,,0.0,0.0,0.0,0.0,0.0488888888888888,225.0,0.0,11.0,,,0.0,0.0,0.0,0.0,0.1222707423580786,0.3864628820960699,0.0,0.0,0.3777292576419214,0.0087336244541484,0.0,0.0,0.0,0.0,0.0305676855895196,0.0720524017467248,0.0021834061135371,0.0,0.0,,0.1428571428571428,0.0,0.0,0.8571428571428571,0.0,0.0305676855895196,,3.27292576419214,0.1637554585152838,0.0714285714285714,0.2006079027355623,0.4407294832826747,,,0.3738601823708207,0.6666666666666666,,0.1637554585152838,0.2489082969432314,0.1004366812227074,0.1004366812227074,0.3864628820960699,0.0,,,,,,,0.0714285714285714,0.6428571428571429,0.2142857142857142,0.0,0.0714285714285714,0.0,329.0,6.126869184114185,2.6390573296152584,0.0,-2.995732273553991,-9.210340371976182,-3.4878118544989265,,,,,,3.0,Artist-audience draws,2023.04Chen Wei TinPE,872,1.0,1200.0,1200.0,1200.0,EUR,1200.0,25.0,30000.0,30000.0,2023-04-27,Public,PE,Hybrid print,Confirmed,exact,1.0,21.0,
Deborah Brown · March Snowstorm · 2023 Q2,Deborah Brown,March Snowstorm,2023 Q2,2023,2023-03-09,2026-09-08,1321.0,24.0,0.0,,,,2023-04-06,2023-04-27,launch_day+21,no_draw,legacy,,2023-02-20,2023-04-30,21.0,3285.0,600.0,0.0,0.0,0.0,10.0,1.0,0.0,10.0,0.0,0.0,1.0,0.0,9.0,0.0,0.0,0.0,0.0,0.2420701168614357,0.1235392320534223,0.1986644407345576,0.4357262103505843,0.0,,,,,,0.25,0.0,0.125,0.625,0.0,0.0,0.0137931034482758,145.0,0.0,2.0,0.0,0.0,74.0,0.0,0.0,0.0,0.0084033613445378,119.0,0.0,1.0,0.0,0.0191570881226053,261.0,0.0,5.0,,,0.0,0.0,0.0,0.030050083472454,0.2120200333889816,0.1235392320534223,0.0,0.0,0.3789649415692821,0.0350584307178631,0.0,0.0,0.0,0.1986644407345576,0.0,0.020033388981636,0.001669449081803,0.0016666666666666,0.0,,0.1,0.0,0.0,0.9,0.0,0.0166666666666666,,5.475,0.445,0.2,0.3164556962025316,0.0253164556962025,,,0.240506329113924,0.2857142857142857,,0.445,0.2816666666666667,0.1933333333333333,0.05,0.03,0.0,,,,,,,0.2,0.6,0.2,0.0,0.0,0.0,316.0,6.396929655216146,2.302585092994046,0.0,-2.995732273553991,-9.210340371976182,-4.0943445622221,,,,,,3.0,Artist-audience draws,2023.04Deborah BrowPE,1324,1.0,600.0,600.0,600.0,EUR,600.0,50.0,30000.0,30000.0,2023-04-06,Public,PE,Digital print,Confirmed,exact,1.0,0.0,
Takeru Amano · Venus · 2023 Q2,Takeru Amano,Venus,2023 Q2,2023,2023-03-20,2026-09-09,4933.0,100.0,0.0,,,,2023-04-11,2023-05-02,launch_day+21,no_draw,legacy,,2023-02-25,2023-05-05,21.0,8431.0,2042.0,0.0,0.0,0.0,61.0,6.0,0.0,62.0,0.0,0.0,6.0,0.0,56.0,0.0,0.0,0.0,0.0,0.1650148662041625,0.2809712586719524,0.076808721506442,0.477205153617443,0.0,,,,,,0.1836734693877551,0.1836734693877551,0.0204081632653061,0.6122448979591837,0.0,0.0,0.027027027027027,333.0,0.0,9.0,0.0,0.0158730158730158,567.0,0.0,9.0,0.0,0.0064516129032258,155.0,0.0,1.0,0.0,0.0311526479750778,963.0,0.0,30.0,,,0.0,0.0,0.0,0.033201189296333,0.1318136769078295,0.2809712586719524,0.0,0.0,0.3478691774033697,0.0758176412289395,0.0,0.0,0.0,0.076808721506442,0.0039643211100099,0.0495540138751238,0.0,0.0117531831537708,0.0,,0.0967741935483871,0.0,0.0,0.9032258064516128,0.0,0.0303623898139079,,4.128795298726739,0.3648383937316356,0.3387096774193548,0.5513725490196079,0.0172549019607843,,,0.4133333333333333,0.0476190476190476,,0.3648383937316356,0.5014691478942214,0.0759059745347698,0.0450538687561214,0.0127326150832517,0.0,,,,,,,0.3387096774193548,0.5967741935483871,0.032258064516129,0.032258064516129,0.0,0.0,1275.0,7.621684998724611,4.127134385045092,0.0,-2.995732273553991,-9.210340371976182,-3.4945506136795195,,,,,,3.0,Artist-audience draws,2023.04Takeru AmanoPE,1164,1.0,500.0,500.0,500.0,EUR,500.0,100.0,50000.0,50000.0,2023-04-11,Public,PE,Silkscreen print,Confirmed,exact,1.0,0.0,
Keita Morimoto · Cityscape · 2023 Q2,Keita Morimoto,Cityscape,2023 Q2,2023,2023-04-08,2026-09-10,2181.0,34.0,0.0,,,,2023-04-12,2023-05-03,launch_day+21,no_draw,legacy,,2023-02-26,2023-05-06,21.0,3055.0,1178.0,0.0,0.0,0.0,32.0,3.0,0.0,32.0,0.0,0.0,3.0,0.0,29.0,0.0,0.0,0.0,0.0,0.0982905982905982,0.1957264957264957,0.2487179487179487,0.4555555555555555,0.0017094017094017,,,,,,0.1,0.0333333333333333,0.0,0.8666666666666667,0.0,0.0,0.0260869565217391,115.0,0.0,3.0,0.0,0.0043668122270742,229.0,0.0,1.0,0.0,0.0,291.0,0.0,0.0,0.0,0.048780487804878,533.0,0.0,26.0,,,2.0,0.0,0.0,0.0,0.0982905982905982,0.1957264957264957,0.0239316239316239,0.0,0.3017094017094017,0.029059829059829,0.0008547008547008,0.0017094017094017,0.0,0.2487179487179487,0.0076923076923076,0.0923076923076923,0.0,0.0067911714770797,0.0,,0.09375,0.0,0.0,0.90625,0.0,0.0271646859083191,,2.5933786078098477,0.0169779286926994,0.0,0.4389782403027436,0.1125827814569536,,,0.2204351939451277,0.238095238095238,,0.0169779286926994,0.50169779286927,0.2130730050933786,0.1239388794567062,0.1443123938879456,0.0,,,,,,,0.0,0.625,0.28125,0.09375,0.0,0.0,1057.0,7.071573364211532,3.4657359027997265,0.0,-2.995732273553991,-9.210340371976182,-3.605837461411805,,,,,,3.0,Artist-audience draws,2023.05Keita MorimoPE,888,1.0,800.0,800.0,800.0,EUR,800.0,35.0,28000.0,28000.0,2023-05-04,Draw,PE,Hybrid print,Confirmed,exact,1.0,22.0,
Ai Weiwei · Glass Vase · 2023 Q3,Ai Weiwei,Glass Vase,2023 Q3,2023,2023-03-14,2026-09-08,16512.0,302.0,0.0,,,,2023-04-15,2023-05-06,launch_day+21,no_draw,legacy,,2023-03-01,2023-05-09,21.0,12624.0,3826.0,0.0,0.0,0.0,267.0,245.0,0.0,289.0,0.0,0.0,259.0,0.0,30.0,0.0,0.0,0.0,0.0,0.0412371134020618,0.0060137457044673,0.0014318442153493,0.9473081328751431,0.0040091638029782,,,,,,0.1029411764705882,0.0049019607843137,0.0,0.8823529411764706,0.0098039215686274,0.0,0.1458333333333333,144.0,0.0,21.0,,,21.0,0.0,1.0,,,5.0,0.0,0.0,0.0,0.0544135429262394,3308.0,0.0,180.0,,,14.0,0.0,2.0,0.0,0.0412371134020618,0.0060137457044673,0.0,0.0,0.368270332187858,0.0360824742268041,0.0008591065292096,0.0040091638029782,0.0,0.0014318442153493,0.0163230240549828,0.5254868270332188,0.0002863688430698,0.0872974385781495,0.0,,0.8961937716262975,0.0,0.0,0.1038062283737024,0.0,0.0755358076319916,,3.299529534762154,0.2360167276529012,0.6262975778546713,0.4206993995054751,0.0282585658777817,,,0.1716707877075238,0.1904761904761904,,0.2360167276529012,0.4678515420805018,0.2088342916884474,0.0593308938839519,0.0279665446941975,0.0,,,,,,,0.6262975778546713,0.3667820069204152,0.0069204152249134,0.0,0.0,0.0,2831.0,8.249575150000199,5.666426688112432,0.0,-2.995732273553991,-9.210340371976182,-2.583148461887766,,,,,,2.0,Email-led collector launches with a private room,27.07AiweiweiSE,1345,1.0,800.0,800.0,800.0,EUR,800.0,300.0,240000.0,240000.0,2023-07-26,Public,SE,Mid cost 3D edition,Confirmed,exact,1.0,,
Shigeki Matsuyama · Multiple · 2023 Q2,Shigeki Matsuyama,Multiple,2023 Q2,2023,2023-04-18,2026-09-10,1549.0,39.0,0.0,,,,2023-05-09,2023-05-30,launch_day+21,no_draw,legacy,,2023-03-25,2023-06-02,21.0,1430.0,955.0,0.0,0.0,0.0,25.0,2.0,0.0,25.0,0.0,0.0,2.0,0.0,23.0,0.0,0.0,0.0,0.0,0.0840336134453781,0.1964285714285714,0.2027310924369748,0.5168067226890757,0.0,,,,,,0.217391304347826,0.0869565217391304,0.0434782608695652,0.6521739130434783,0.0,0.0,0.0625,80.0,0.0,5.0,0.0,0.0106951871657754,187.0,0.0,2.0,0.0,0.005181347150259,193.0,0.0,1.0,0.0,0.0304878048780487,492.0,0.0,15.0,,,0.0,0.0,0.0,0.0,0.0840336134453781,0.1964285714285714,0.0,0.0,0.4275210084033613,0.0126050420168067,0.0,0.0,0.0,0.2027310924369748,0.0136554621848739,0.0105042016806722,0.0525210084033613,0.0031413612565445,0.0,,0.08,0.0,0.0,0.92,0.0,0.0261780104712041,,1.4973821989528795,0.5382198952879581,0.6,0.8073394495412844,0.0068807339449541,,,0.5802752293577982,0.0,,0.5382198952879581,0.3884816753926701,0.0450261780104712,0.0209424083769633,0.0073298429319371,0.0,,,,,,,0.6,0.36,0.04,0.0,0.0,0.0,436.0,6.86171134048073,3.218875824868201,0.0,-2.995732273553991,-9.210340371976182,-3.6428355156125294,,,,,,3.0,Artist-audience draws,2023.05Shigeki MatsPE,1574|733,2.0,878.4313725490196,800.0,4800.0,EUR,878.4313725490196,51.0,44800.0,44800.0,2023-05-09,Private,OG,Digital print,Confirmed,artist+window,1.0,0.0,titles: Portrait of dazzle 150 / Portrait of dazzle 150-P
Ai Weiwei · Multiple · 2023 Q2,Ai Weiwei,Multiple,2023 Q2,2023,2023-03-14,2026-09-05,8804.0,315.0,0.0,,,,2023-05-11,2023-06-01,launch_day+21,no_draw,legacy,,2023-03-27,2023-06-04,21.0,49313.0,6009.0,0.0,0.0,0.0,249.0,178.0,0.0,306.0,0.0,0.0,226.0,0.0,80.0,0.0,0.0,0.0,0.0,0.1901633821795519,0.0042108809162876,0.0001684352366515,0.8051204311942058,0.000336870473303,,,,,,0.0921052631578947,0.0,0.0043859649122807,0.9035087719298246,0.0,0.0,0.0186005314437555,1129.0,0.0,21.0,,,25.0,0.0,0.0,,,1.0,0.0,1.0,0.0,0.0430962343096234,4780.0,0.0,206.0,,,2.0,0.0,0.0,0.000673740946606,0.1894896412329459,0.0042108809162876,0.0,0.0,0.3675256863735893,0.068047835607209,0.0018527876031665,0.000336870473303,0.0,0.0001684352366515,0.0197069226882263,0.3478187636853629,0.0001684352366515,0.0119820269595606,0.0,,0.738562091503268,0.0,0.0,0.261437908496732,0.0,0.0509236145781328,,8.206523548011317,0.6859710434348477,0.826797385620915,0.7570346320346321,0.0259740259740259,,,0.6071428571428571,0.0,,0.6859710434348477,0.2579464137127641,0.0326177400565817,0.0138126144117157,0.0096521883840905,0.0,,,,,,,0.826797385620915,0.1732026143790849,0.0,0.0,0.0,0.0,1848.0,8.701013624333928,5.723585101952381,0.0,-2.995732273553991,-9.210340371976182,-2.977428522381547,,,,,,2.0,Email-led collector launches with a private room,11.05AiweiweiPE,1344|1342|1343,3.0,1116.6666666666667,900.0,1250.0,EUR,1116.6666666666667,300.0,335000.0,335000.0,2023-05-11,Public,PE,Silkscreen print,Confirmed,artist+window,1.0,0.0,titles: Free Speech / Human Flow / Middle Finger in Black; not 30.03AiweiweiTL (42 days off)
Christian Rex van Minnen · Multiple · 2023 Q2,Christian Rex van Minnen,Multiple,2023 Q2,2023,2023-05-17,2026-08-31,1451.0,25.0,0.0,,,,2023-06-06,2023-06-27,launch_day+21,no_draw,legacy,,2023-04-22,2023-06-30,21.0,1476.0,1256.0,0.0,0.0,0.0,25.0,1.0,0.0,25.0,0.0,0.0,1.0,0.0,24.0,0.0,0.0,0.0,0.0,0.2358642972536349,0.1211631663974151,0.3990306946688207,0.2439418416801292,0.0,,,,,,0.0454545454545454,0.1363636363636363,0.0454545454545454,0.7727272727272727,0.0,0.0,0.0034246575342465,292.0,0.0,1.0,0.0,0.02,150.0,0.0,3.0,0.0,0.0020242914979757,494.0,0.0,1.0,0.0,0.0562913907284768,302.0,0.0,17.0,,,0.0,0.0,0.0,0.0,0.2358642972536349,0.1211631663974151,0.0,0.0,0.1930533117932148,0.0258481421647819,0.0,0.0,0.0,0.3990306946688207,0.0226171243941841,0.0024232633279483,0.0,0.0143312101910828,0.0,,0.04,0.0,0.0,0.96,0.0,0.0199044585987261,,1.17515923566879,0.6815286624203821,0.48,0.8269720101781171,0.0127226463104325,,,0.6564885496183206,0.0,,0.6815286624203821,0.2810509554140127,0.0230891719745222,0.0063694267515923,0.0079617834394904,0.0,,,,,,,0.48,0.52,0.0,0.0,0.0,0.0,393.0,7.135687347028144,3.218875824868201,0.0,-2.995732273553991,-9.210340371976182,-3.9168115221599433,,,,,,3.0,Artist-audience draws,08.06ChristianRVMPE,1093,1.0,2500.0,2500.0,2500.0,EUR,2500.0,25.0,62500.0,62500.0,2023-06-06,Public,PE,Silkscreen print,Confirmed,artist+window,1.0,0.0,titles: Strawberry Tears
Danielle Orchard · A Warm Garden · 2023 Q2,Danielle Orchard,A Warm Garden,2023 Q2,2023,2023-05-17,2026-09-10,1610.0,40.0,0.0,,,,2023-06-13,2023-07-04,launch_day+21,no_draw,legacy,,2023-04-29,2023-07-07,21.0,4109.0,931.0,0.0,0.0,0.0,22.0,4.0,0.0,31.0,0.0,0.0,4.0,0.0,27.0,0.0,0.0,0.0,0.0,0.208287895310796,0.1526717557251908,0.0763358778625954,0.5583424209378408,0.0043620501635768,,,,,,0.0357142857142857,0.0714285714285714,0.0357142857142857,0.8571428571428571,0.0,0.0,0.0052356020942408,191.0,0.0,1.0,0.0,0.0142857142857142,140.0,0.0,2.0,0.0,0.0142857142857142,70.0,0.0,1.0,0.0,0.046875,512.0,0.0,24.0,,,4.0,0.0,0.0,0.0185387131952017,0.1897491821155943,0.1526717557251908,0.0,0.0,0.3620501635768811,0.0599781897491821,0.0,0.0043620501635768,0.0,0.0763358778625954,0.0109051254089422,0.1254089422028353,0.0,0.0150375939849624,0.0,,0.1290322580645161,0.0,0.0,0.8709677419354839,0.0,0.033297529538131,,4.413533834586466,0.4736842105263157,0.4516129032258064,0.6853002070393375,0.0165631469979296,,,0.4409937888198758,0.0952380952380952,,0.4736842105263157,0.4210526315789473,0.024704618689581,0.0698174006444683,0.0107411385606874,0.0,,,,,,,0.4516129032258064,0.5483870967741935,0.0,0.0,0.0,0.0,483.0,6.836259277277067,3.4339872044851463,0.0,-2.995732273553991,-9.210340371976182,-3.402272072791921,,,,,,3.0,Artist-audience draws,2023.06Danielle OrcPE,749,1.0,850.0,850.0,850.0,EUR,850.0,50.0,42500.0,42500.0,2023-06-14,Public,PE,Hybrid print,Confirmed,exact,1.0,1.0,
LY · Multiple · 2023 Q2,LY,Multiple,2023 Q2,2023,2023-05-19,2026-09-10,7685.0,224.0,0.0,,,,2023-06-16,2023-07-07,launch_day+21,no_draw,legacy,,2023-05-02,2023-07-10,21.0,28215.0,5877.0,0.0,0.0,0.0,152.0,37.0,0.0,187.0,0.0,0.0,40.0,0.0,147.0,0.0,0.0,0.0,0.0,0.4249096851883709,0.1290211594701531,0.0068811285050748,0.4343712368828488,0.0048167899535523,,,,,,0.2413793103448276,0.0948275862068965,0.1120689655172413,0.5431034482758621,0.0086206896551724,0.0,0.0113360323886639,2470.0,0.0,28.0,0.0,0.0146666666666666,750.0,0.0,11.0,0.0,0.325,40.0,0.0,13.0,0.0,0.0249504950495049,2525.0,0.0,63.0,,,28.0,0.0,1.0,0.0289007397213142,0.3960089454670566,0.122484087390332,0.0,0.006537072079821,0.2759332530535007,0.0189231033889557,0.0421469120935833,0.0048167899535523,0.0,0.0068811285050748,0.0836057113366592,0.0129021159470153,0.0008601410631343,0.0108899098179343,0.0,,0.213903743315508,0.0,0.0,0.786096256684492,0.0,0.0318189552492768,,4.800918836140888,0.5506210651693041,0.4331550802139037,0.7660707493343477,0.00874857360213,,,0.5081780144541651,0.0,,0.5506210651693041,0.4005444954908967,0.0311383358856559,0.0153139356814701,0.0023821677726731,0.0,,,,,,,0.4331550802139037,0.5508021390374331,0.0106951871657754,0.0,0.0053475935828877,0.0,2629.0,8.678801706612651,5.231108616854587,0.0,-2.995732273553991,-9.210340371976182,-3.447693089758064,,,,,,2.0,Email-led collector launches with a private room,27.06LYSE+CL+OG,1369|1377|1370|1364|1373|1384|1375|1374|1371|1372|1354|1368|1355|1376|1523|1353|1069|1451|1066|740|1067,21.0,677.1595900439239,116.0,32000.0,EUR,677.1595900439239,1366.0,925000.0,925000.0,2023-06-15,Private,OG,Unique work,Confirmed,artist+window,1.0,0.0,"titles: Untitled / BLOOM / I'M LUV / LIVING WITH LUV / LUV'S BURGERS / LUV'S DOG ""PARK""; 2 codes merged as one launch: 27.06LYSE+CL+OG + 27.06LYSE+CL+OG"
Marina Perez Simão · Untitled · 2023 Q2,Marina Perez Simão,Untitled,2023 Q2,2023,2023-05-12,2026-09-10,2892.0,56.0,0.0,,,,2023-06-16,2023-07-07,launch_day+21,no_draw,legacy,,2023-05-02,2023-07-10,21.0,6173.0,1731.0,0.0,0.0,0.0,43.0,20.0,0.0,55.0,0.0,0.0,32.0,0.0,23.0,0.0,0.0,0.0,0.0,0.2242388758782201,0.0977751756440281,0.0,0.6779859484777517,0.0,,,,,,0.14,0.02,0.0,0.84,0.0,0.0,0.0182767624020887,383.0,0.0,7.0,0.0,0.0059880239520958,167.0,0.0,1.0,,,0.0,0.0,0.0,0.0,0.0362694300518134,1158.0,0.0,42.0,,,0.0,0.0,0.0,0.0,0.2242388758782201,0.0872365339578454,0.0,0.0105386416861826,0.3823185011709601,0.0333723653395784,0.0011709601873536,0.0,0.0,0.0,0.018735362997658,0.2423887587822014,0.0,0.0132871172732524,0.0,,0.5818181818181818,0.0,0.0,0.4181818181818181,0.0,0.0317735413056037,,3.5661467359907566,0.7781629116117851,0.7636363636363637,0.6385224274406333,0.0395778364116095,,,0.4722955145118733,0.0476190476190476,,0.7781629116117851,0.1790872328134026,0.0259965337954939,0.0127094165222414,0.0040439052570768,0.0,,,,,,,0.7636363636363637,0.2363636363636363,0.0,0.0,0.0,0.0,379.0,7.456454555176209,4.007333185232471,0.0,-2.995732273553991,-9.210340371976182,-3.449121369943738,,,,,,2.0,Email-led collector launches with a private room,2023.06Marina PerezCL,1305,1.0,2500.0,2500.0,2500.0,EUR,2500.0,50.0,125000.0,125000.0,2023-06-16,Public,PE,Mid cost 3D edition,Confirmed,exact,1.0,0.0,
Grant Riven Yun · Fall · 2023 Q2,Grant Riven Yun,Fall,2023 Q2,2023,2023-05-31,2026-09-10,6114.0,37.0,0.0,,,,2023-06-27,2023-07-18,launch_day+21,no_draw,legacy,,2023-05-13,2023-07-21,21.0,15758.0,5380.0,0.0,0.0,0.0,35.0,4.0,0.0,35.0,0.0,0.0,4.0,0.0,31.0,0.0,0.0,0.0,0.0,0.0987583572110792,0.0001910219675262,0.1998089780324737,0.7012416427889208,0.0,,,,,,0.074074074074074,0.0,0.074074074074074,0.8148148148148148,0.037037037037037,0.0,0.0038684719535783,517.0,0.0,2.0,,,1.0,0.0,0.0,0.0,0.0019120458891013,1046.0,0.0,2.0,0.0,0.0059929174611822,3671.0,0.0,22.0,,,0.0,0.0,1.0,0.0,0.0987583572110792,0.0,0.0,0.0001910219675262,0.4160458452722063,0.0242597898758357,0.0202483285577841,0.0,0.0,0.1998089780324737,0.0009551098376313,0.012989493791786,0.2267430754536771,0.0269516728624535,0.0,,0.1142857142857142,0.0,0.0,0.8857142857142857,0.0,0.0065055762081784,,2.928996282527881,0.6513011152416357,0.7428571428571429,0.9084544964997308,0.0102315562735595,,,0.7749057619816909,0.0,,0.6513011152416357,0.3269516728624535,0.0087360594795539,0.0087360594795539,0.0042750929368029,0.0,,,,,,,0.7428571428571429,0.2571428571428571,0.0,0.0,0.0,0.0,1857.0,8.59044365315583,3.555348061489413,0.0,-2.995732273553991,-9.210340371976182,-5.035095591666416,,,,,,3.0,Artist-audience draws,2023.06Grant Riven PE,1399,1.0,5000.0,5000.0,5000.0,EUR,5000.0,35.0,175000.0,175000.0,2023-06-27,Draw,PE,Silkscreen print,Confirmed,exact,1.0,0.0,
Haroshi & James Jean · Multiple · 2023 Q3,Haroshi & James Jean,Multiple,2023 Q3,2023,2023-06-22,2026-09-10,15121.0,214.0,0.0,,,,2023-06-30,2023-07-21,launch_day+21,no_draw,legacy,,2023-05-16,2023-07-24,21.0,34354.0,12796.0,0.0,0.0,0.0,179.0,10.0,0.0,184.0,0.0,0.0,10.0,0.0,174.0,0.0,0.0,0.0,0.0,0.1246537396121883,0.0717055797388207,0.3770478828650573,0.4265136525524337,7.914523149980213e-05,,,,,,0.1949685534591195,0.050314465408805,0.10062893081761,0.6540880503144654,0.0,0.0,0.0196825396825396,1575.0,0.0,31.0,0.0,0.0088300220750551,906.0,0.0,8.0,0.0,0.0033585222502099,4764.0,0.0,16.0,0.0,0.0192985711634811,5389.0,0.0,104.0,,,1.0,0.0,0.0,7.914523149980213e-05,0.1245745943806885,0.0546102097348634,0.0,0.0170953700039572,0.3161851998417095,0.0163039176889592,0.0001582904629996,7.914523149980213e-05,0.0,0.3770478828650573,0.0402057776018994,0.0383062920459042,0.0153541749109616,0.0125820568927789,0.0,,0.0543478260869565,0.0,0.0,0.9456521739130436,0.0,0.0143794935917474,,2.6847452328852768,0.0017192872772741,0.0,0.2772095253316285,0.0888604762665814,,,0.1869905705609717,0.4285714285714285,,0.0017192872772741,0.3960612691466083,0.309862457017818,0.2548452641450453,0.0375117224132541,0.0,,,,,,,0.0,0.3369565217391304,0.233695652173913,0.391304347826087,0.0380434782608695,0.0,12514.0,9.45688790106941,5.214935757608986,0.0,-2.995732273553991,-9.210340371976182,-4.241952143460424,,,,,,3.0,Artist-audience draws,15.06JJ&HaroshiSE+PE,1064,1.0,600.0,600.0,600.0,EUR,600.0,200.0,120000.0,120000.0,2023-07-20,Draw,PE,Silkscreen print,Confirmed,artist+window,1.0,20.0,titles: Trespassers; not 15.06JJ&HaroshiSE+PE (38 days off)
Johnson Tsang · Multiple · 2023 Q3,Johnson Tsang,Multiple,2023 Q3,2023,2023-06-14,2026-09-04,3201.0,101.0,0.0,,,,2023-07-06,2023-07-27,launch_day+21,no_draw,legacy,,2023-05-22,2023-07-30,21.0,3786.0,2301.0,0.0,0.0,0.0,99.0,12.0,0.0,100.0,0.0,0.0,12.0,0.0,88.0,0.0,0.0,0.0,0.0,0.2291758483913618,0.1375055090348171,0.3173204054649625,0.3098281181137065,0.006170118995152,,,,,,0.3409090909090909,0.1136363636363636,0.0795454545454545,0.4090909090909091,0.0568181818181818,0.0,0.0576923076923076,520.0,0.0,30.0,0.0,0.032051282051282,312.0,0.0,10.0,0.0,0.0097222222222222,720.0,0.0,7.0,0.0,0.0512091038406827,703.0,0.0,36.0,,,14.0,0.0,5.0,0.0374614367562803,0.1917144116350815,0.131335390039665,0.0855002203613926,0.006170118995152,0.1740855002203614,0.0330542089026002,0.0,0.006170118995152,0.0,0.3173204054649625,0.009255178492728,0.007933010136624,0.0,0.0139069969578444,0.0,,0.12,0.0,0.0,0.88,0.0,0.0434593654932638,,1.645371577574967,0.6132116471099522,0.43,0.5300353356890459,0.0588928150765606,,,0.3698468786808009,0.0952380952380952,,0.6132116471099522,0.2199043893959148,0.0352020860495436,0.1073446327683615,0.0243372446762277,0.0,,,,,,,0.43,0.57,0.0,0.0,0.0,0.0,849.0,7.741099090035366,4.605170185988092,0.0,-2.995732273553991,-9.210340371976182,-3.135928904047274,,,,,,3.0,Artist-audience draws,2023.07Johnson TsanSE,376,1.0,1000.0,1000.0,1000.0,EUR,1000.0,100.0,100000.0,100000.0,2023-07-06,Public,SE,Low cost 3D edition,Confirmed,artist+window,1.0,0.0,titles: Soul to Soul; not 2023.07Johnson TsanSE (42 days off)
Jake Fried · Open Eyes (Flower) · 2023 Q3,Jake Fried,Open Eyes (Flower),2023 Q3,2023,2023-06-22,2026-09-04,1338.0,20.0,0.0,,,,2023-07-19,2023-08-09,launch_day+21,no_draw,legacy,,2023-06-04,2023-08-12,21.0,2441.0,1095.0,0.0,0.0,0.0,20.0,1.0,0.0,20.0,0.0,0.0,1.0,0.0,19.0,0.0,0.0,0.0,0.0,0.0716945996275605,0.031657355679702,0.0,0.8966480446927374,0.0,,,,,,0.0769230769230769,0.0,0.0,0.9230769230769232,0.0,0.0,0.0129870129870129,77.0,0.0,1.0,0.0,0.0,34.0,0.0,0.0,,,0.0,0.0,0.0,0.0,0.0124610591900311,963.0,0.0,12.0,,,0.0,0.0,0.0,0.0037243947858473,0.0679702048417132,0.0297951582867784,0.0,0.0018621973929236,0.4134078212290503,0.0167597765363128,0.0027932960893854,0.0,0.0,0.0,0.0027932960893854,0.0707635009310986,0.3901303538175046,0.0191780821917808,0.0,,0.05,0.0,0.0,0.95,0.0,0.0182648401826484,,2.2292237442922374,0.5506849315068493,0.5,0.1687242798353909,0.0123456790123456,,,0.294238683127572,0.238095238095238,,0.5506849315068493,0.3680365296803653,0.0584474885844748,0.0155251141552511,0.0073059360730593,0.0,,,,,,,0.5,0.45,0.05,0.0,0.0,0.0,486.0,6.9985096422506015,2.995732273553991,0.0,-2.995732273553991,-9.210340371976182,-4.00277736869661,,,,,,3.0,Artist-audience draws,2023.09JakeFriedPE,1541,1.0,4000.0,4000.0,4000.0,EUR,4000.0,20.0,80000.0,80000.0,2023-07-25,Draw,PE,Silkscreen print,Confirmed,exact,1.0,6.0,
Kotao Tomozawa · slime XCIX · 2023 Q3,Kotao Tomozawa,slime XCIX,2023 Q3,2023,2023-07-27,2026-09-10,5194.0,40.0,0.0,,,,2023-07-31,2023-08-21,launch_day+21,no_draw,legacy,,2023-06-16,2023-08-24,21.0,12064.0,2961.0,0.0,0.0,0.0,35.0,11.0,0.0,35.0,0.0,0.0,11.0,0.0,24.0,0.0,0.0,0.0,0.0,0.3407977606717984,0.0755773268019594,0.0027991602519244,0.5808257522743177,0.0,,,,,,0.3225806451612903,0.0,0.0,0.6774193548387096,0.0,0.0,0.0102669404517453,974.0,0.0,10.0,0.0,0.0,216.0,0.0,0.0,,,8.0,0.0,0.0,0.0,0.0126506024096385,1660.0,0.0,21.0,,,0.0,0.0,0.0,0.0,0.3407977606717984,0.0626312106368089,0.0048985304408677,0.0129461161651504,0.3407977606717984,0.010146955913226,0.0,0.0,0.0,0.0027991602519244,0.1780965710286914,0.0031490552834149,0.0437368789363191,0.0347855454238432,0.0,,0.3142857142857143,0.0,0.0,0.6857142857142857,0.0,0.0118203309692671,,4.074299223235394,0.298210064167511,0.3428571428571428,0.6054138469547111,0.0385216033315981,,,0.446121811556481,0.0476190476190476,,0.298210064167511,0.4819317798041202,0.0648429584599797,0.0976021614319486,0.0574130361364403,0.0,,,,,,,0.3428571428571428,0.2857142857142857,0.0857142857142857,0.2571428571428571,0.0285714285714285,0.0,1921.0,7.993282328101591,3.555348061489413,0.0,-2.995732273553991,-9.210340371976182,-4.437934266612178,,,,,,3.0,Artist-audience draws,2023.08KotaoPE,1474,1.0,1500.0,1500.0,1500.0,EUR,1500.0,40.0,60000.0,60000.0,2023-08-31,Draw,PE,Hybrid print,Confirmed,exact,1.0,31.0,
Paul Insect · Multiple · 2023 Q3,Paul Insect,Multiple,2023 Q3,2023,2023-08-04,2026-09-01,4503.0,72.0,0.0,,,,2023-08-14,2023-09-04,launch_day+21,no_draw,legacy,,2023-06-30,2023-09-07,21.0,13374.0,3993.0,0.0,0.0,0.0,69.0,11.0,0.0,69.0,0.0,0.0,11.0,0.0,58.0,0.0,0.0,0.0,0.0,0.3784880771182141,0.1839167935058346,0.0,0.4375951293759513,0.0,,,,,,0.2372881355932203,0.1186440677966101,0.0,0.6440677966101694,0.0,0.0,0.0093833780160857,1492.0,0.0,14.0,0.0,0.0096551724137931,725.0,0.0,7.0,,,0.0,0.0,0.0,0.0,0.0220289855072463,1725.0,0.0,38.0,,,0.0,0.0,0.0,0.0,0.3784880771182141,0.1765601217656012,0.0,0.0073566717402333,0.3313039066463724,0.0256215119228817,0.0002536783358701,0.0,0.0,0.0,0.0312024353120243,0.0471841704718417,0.0020294266869609,0.0127723516153268,0.0,,0.1594202898550724,0.0,0.0,0.8405797101449275,0.0,0.0172802404207362,,3.3493613824192336,0.3388429752066115,0.3188405797101449,0.1113934773401101,0.1003811944091486,,,0.2100804743752647,0.5238095238095238,,0.3388429752066115,0.2587027297771099,0.1031805659904833,0.1980966691710493,0.1011770598547458,0.0,,,,,,,0.3188405797101449,0.3188405797101449,0.0869565217391304,0.1594202898550724,0.1159420289855072,0.0,2361.0,8.292298107063221,4.23410650459726,0.0,-2.995732273553991,-9.210340371976182,-4.058191602465962,,,,,,3.0,Artist-audience draws,05.06PaulInsectPE,926|1825|1777,3.0,1363.6363636363637,0.0,2250.0,EUR,1363.6363636363637,110.0,150000.0,150000.0,2023-09-05,Private,PE,Silkscreen print,Confirmed,artist+window,1.0,22.0,titles: Super Glow / Super Glow (Swap shop edition with silver glitter) / Super Luster (Gold edition)
Szabolcs Bozó · Multiple · 2023 Q3,Szabolcs Bozó,Multiple,2023 Q3,2023,2023-07-10,2026-09-10,5096.0,90.0,0.0,,,,2023-08-14,2023-09-04,launch_day+21,no_draw,legacy,,2023-06-30,2023-09-07,21.0,27702.0,4177.0,0.0,0.0,0.0,86.0,12.0,0.0,87.0,0.0,0.0,13.0,0.0,74.0,0.0,0.0,0.0,0.0,0.2374206155349291,0.0708353688324377,0.0977039570102589,0.5940400586223742,0.0,,,,,,0.1780821917808219,0.0273972602739726,0.0273972602739726,0.7671232876712328,0.0,0.0,0.0133744855967078,972.0,0.0,13.0,0.0,0.0068965517241379,290.0,0.0,2.0,0.0,0.005,400.0,0.0,2.0,0.0,0.0230263157894736,2432.0,0.0,56.0,,,0.0,0.0,0.0,0.0178309721543722,0.2195896433805569,0.0708353688324377,0.0,0.0,0.3981436248168051,0.0376160234489496,0.0,0.0,0.0,0.0977039570102589,0.074743527112848,0.0762090864680019,0.0073277967757694,0.01987072061288,0.0,,0.1494252873563218,0.0,0.0,0.8505747126436781,0.0,0.0208283457026574,,6.6320325592530525,0.6389753411539383,0.5747126436781609,0.8359008707300737,0.0107166778298727,,,0.6155391828533154,0.0,,0.6389753411539383,0.3184103423509696,0.0225041896097677,0.0153220014364376,0.0047881254488867,0.0,,,,,,,0.5747126436781609,0.4022988505747126,0.0229885057471264,0.0,0.0,0.0,1493.0,8.337348564497175,4.465908118654584,0.0,-2.995732273553991,-9.210340371976182,-3.871440445842592,,,,,,3.0,Artist-audience draws,2023.08Szabolcs BozPrint,366|275,2.0,1500.0,1250.0,2250.0,EUR,1500.0,100.0,150000.0,150000.0,2023-08-14,Draw,HFPE,Silkscreen print,Confirmed,artist+window,1.0,0.0,titles: The Aquarium / The Aquarium (Hand-finished)
Tahnee Lonsdale · Dove · 2023 Q3,Tahnee Lonsdale,Dove,2023 Q3,2023,2023-07-17,2026-09-10,2696.0,30.0,0.0,,,,2023-09-06,2023-09-27,launch_day+21,no_draw,legacy,,2023-07-23,2023-09-30,21.0,5058.0,1130.0,0.0,0.0,0.0,20.0,1.0,0.0,20.0,0.0,0.0,1.0,0.0,19.0,0.0,0.0,0.0,0.0,0.2846975088967972,0.1494661921708185,0.0017793594306049,0.5640569395017794,0.0,,,,,,0.1111111111111111,0.2222222222222222,0.0,0.6666666666666666,0.0,0.0,0.00625,320.0,0.0,2.0,0.0,0.0238095238095238,168.0,0.0,4.0,,,2.0,0.0,0.0,0.0,0.0189274447949526,634.0,0.0,12.0,,,0.0,0.0,0.0,0.0275800711743772,0.2571174377224199,0.1494661921708185,0.0,0.0,0.3825622775800711,0.0774021352313167,0.0,0.0,0.0,0.0017793594306049,0.0934163701067615,0.0106761565836298,0.0,0.0053097345132743,0.0,,0.05,0.0,0.0,0.95,0.0,0.0176991150442477,,4.476106194690265,0.6486725663716815,0.5,0.6292428198433421,0.0469973890339425,,,0.4386422976501306,0.0476190476190476,,0.6486725663716815,0.2610619469026549,0.0504424778761061,0.0194690265486725,0.0203539823008849,0.0,,,,,,,0.5,0.4,0.1,0.0,0.0,0.0,383.0,7.029972911706386,2.995732273553991,0.0,-2.995732273553991,-9.210340371976182,-4.034240638152395,,,,,,3.0,Artist-audience draws,2023.09Tahnee LonsdPE,910,1.0,1200.0,1200.0,1200.0,EUR,1200.0,30.0,36000.0,36000.0,2023-09-06,Public,PE,Silkscreen print,Confirmed,exact,1.0,0.0,
NKSIN · MY DAVID X · 2023 Q3,NKSIN,MY DAVID X,2023 Q3,2023,2023-07-07,2026-09-03,2084.0,27.0,0.0,,,,2023-09-13,2023-10-04,launch_day+21,no_draw,legacy,,2023-07-30,2023-10-07,21.0,5971.0,1421.0,0.0,0.0,0.0,23.0,2.0,0.0,25.0,0.0,0.0,2.0,0.0,23.0,0.0,0.0,0.0,0.0,0.3333333333333333,0.1231422505307855,0.1528662420382165,0.3906581740976645,0.0,,,,,,0.2272727272727272,0.0454545454545454,0.0,0.7272727272727273,0.0,0.0,0.0106157112526539,471.0,0.0,5.0,0.0,0.0057471264367816,174.0,0.0,1.0,0.0,0.0,216.0,0.0,0.0,0.0,0.0289855072463768,552.0,0.0,16.0,,,0.0,0.0,0.0,0.0261854210898796,0.3071479122434536,0.1203113941967445,0.0,0.002830856334041,0.3354564755838641,0.0268931351733899,0.0,0.0,0.0,0.1528662420382165,0.0035385704175513,0.0247699929228591,0.0,0.0056298381421534,0.0,,0.08,0.0,0.0,0.92,0.0,0.0175932441942294,,4.201970443349754,0.5721323011963406,0.56,0.1103678929765886,0.0250836120401337,,,0.5,0.2857142857142857,,0.5721323011963406,0.2737508796622097,0.1020408163265306,0.0422237860661506,0.0098522167487684,0.0,,,,,,,0.56,0.44,0.0,0.0,0.0,0.0,598.0,7.259116128097101,3.218875824868201,0.0,-2.995732273553991,-9.210340371976182,-4.0402403032289,,,,,,3.0,Artist-audience draws,2023.09NksinPE,763,1.0,900.0,900.0,900.0,EUR,900.0,30.0,27000.0,27000.0,2023-09-19,Public,PE,Hybrid print,Confirmed,exact,1.0,6.0,
"JR · GIANTS, High jump in Rio · 2023 Q3",JR,"GIANTS, High jump in Rio",2023 Q3,2023,2023-08-25,2026-09-09,2434.0,32.0,0.0,,,,2023-09-21,2023-10-12,launch_day+21,no_draw,legacy,,2023-08-07,2023-10-15,21.0,1456.0,1600.0,0.0,0.0,0.0,21.0,5.0,0.0,32.0,0.0,0.0,5.0,0.0,27.0,0.0,0.0,0.0,0.0,0.5184952978056426,0.1498432601880877,0.0482758620689655,0.283385579937304,0.0,,,,,,0.6666666666666666,0.0,0.0,0.3333333333333333,0.0,0.0,0.0120918984280532,827.0,0.0,10.0,0.0,0.0,239.0,0.0,0.0,0.0,0.0,77.0,0.0,0.0,0.0,0.0110619469026548,452.0,0.0,5.0,,,0.0,0.0,0.0,0.0081504702194357,0.5103448275862069,0.1435736677115987,0.0,0.006269592476489,0.2106583072100313,0.0119122257053291,0.0,0.0,0.0,0.0482758620689655,0.0369905956112852,0.0231974921630094,0.0006269592476489,0.003125,0.0,,0.15625,0.0,0.0,0.84375,0.0,0.02,,0.91,0.70875,0.5,0.7570498915401301,0.0238611713665943,,,0.5921908893709328,0.0,,0.70875,0.2475,0.02,0.01875,0.005,0.0,,,,,,,0.5,0.5,0.0,0.0,0.0,0.0,461.0,7.377758908227872,3.4657359027997265,0.0,-2.995732273553991,-9.210340371976182,-3.912023005428146,,,,,,3.0,Artist-audience draws,2023.09JRSE,542,1.0,6667.0,6667.0,6667.0,EUR,6667.0,30.0,200010.0,200010.0,2023-09-21,Public,SE,High cost 3D edition,Confirmed,exact,1.0,0.0,
Richard Woods · Multiple · 2023 Q4,Richard Woods,Multiple,2023 Q4,2023,2023-08-25,2026-09-09,1720.0,64.0,0.0,,,,2023-10-04,2023-10-25,launch_day+21,no_draw,legacy,,2023-08-20,2023-10-28,21.0,5594.0,803.0,0.0,0.0,0.0,30.0,0.0,0.0,33.0,0.0,0.0,0.0,0.0,33.0,0.0,0.0,0.0,0.0,0.4159402241594022,0.2440846824408468,0.0012453300124533,0.3387297633872976,0.0,,,,,,0.4333333333333333,0.1,0.0,0.4666666666666667,0.0,0.0,0.0389221556886227,334.0,0.0,13.0,0.0,0.0153061224489795,196.0,0.0,3.0,,,1.0,0.0,0.0,0.0,0.0514705882352941,272.0,0.0,14.0,,,0.0,0.0,0.0,0.0,0.4159402241594022,0.2254047322540473,0.0,0.0186799501867995,0.273972602739726,0.0535491905354919,0.0,0.0,0.0,0.0012453300124533,0.0,0.0112079701120797,0.0,0.0,0.0,,0.0,0.0,0.0,1.0,0.0,0.0410958904109589,,6.966376089663761,0.2503113325031133,0.0303030303030303,0.7508417508417509,0.0117845117845117,,,0.5303030303030303,0.0,,0.2503113325031133,0.6575342465753424,0.0560398505603985,0.0236612702366127,0.012453300124533,0.0,,,,,,,0.0303030303030303,0.6363636363636364,0.303030303030303,0.0303030303030303,0.0,0.0,594.0,6.688354713946762,3.49650756146648,0.0,-2.995732273553991,-9.210340371976182,-3.1918471524802814,,,,,,3.0,Artist-audience draws,2023.10Richard WoodCL,876|520,2.0,350.0,350.0,350.0,EUR,350.0,100.0,35000.0,35000.0,2023-10-04,Public,CL,Low cost 3D edition,Confirmed,artist+window,1.0,0.0,titles: Home Globe (Pink) / Home Globe (Yellow)
Marcus Jansen · Afro Painter · 2023 Q4,Marcus Jansen,Afro Painter,2023 Q4,2023,2023-08-30,2026-09-09,4143.0,43.0,0.0,,,,2023-10-05,2023-10-26,launch_day+21,no_draw,legacy,,2023-08-21,2023-10-29,21.0,4760.0,856.0,0.0,0.0,0.0,24.0,3.0,0.0,26.0,0.0,0.0,3.0,0.0,23.0,0.0,0.0,0.0,0.0,0.3050647820965842,0.0977620730270907,0.0530035335689045,0.5441696113074205,0.0,,,,,,0.2916666666666667,0.0,0.0,0.7083333333333334,0.0,0.0,0.027027027027027,259.0,0.0,7.0,0.0,0.0,83.0,0.0,0.0,0.0,0.0,45.0,0.0,0.0,0.0,0.0367965367965368,462.0,0.0,17.0,,,0.0,0.0,0.0,0.0270906949352179,0.2779740871613663,0.0918727915194346,0.0,0.005889281507656,0.3474676089517079,0.0270906949352179,0.0,0.0,0.0,0.0530035335689045,0.1295641931684334,0.0400471142520612,0.0,0.0081775700934579,0.0,,0.1153846153846153,0.0,0.0,0.8846153846153846,0.0,0.0303738317757009,,5.5607476635514015,0.5759345794392523,0.4615384615384615,0.5267605633802817,0.0225352112676056,,,0.3633802816901408,0.0952380952380952,,0.5759345794392523,0.2605140186915888,0.0350467289719626,0.1144859813084112,0.014018691588785,0.0,,,,,,,0.4615384615384615,0.4230769230769231,0.0384615384615384,0.0769230769230769,0.0,0.0,355.0,6.752270376141742,3.258096538021482,0.0,-2.995732273553991,-9.210340371976182,-3.4941738381202603,,,,,,3.0,Artist-audience draws,2023.10Marcus JansePE,1352,1.0,850.0,850.0,850.0,EUR,850.0,45.0,38250.0,38250.0,2023-10-05,Public,PE,Digital print,Confirmed,exact,1.0,0.0,
So Youn Lee · Ready? · 2023 Q4,So Youn Lee,Ready?,2023 Q4,2023,2023-09-01,2026-09-07,5261.0,51.0,0.0,,,,2023-10-10,2023-10-31,launch_day+21,no_draw,legacy,,2023-08-26,2023-11-03,21.0,7729.0,1196.0,0.0,0.0,0.0,28.0,3.0,0.0,28.0,0.0,0.0,3.0,0.0,25.0,0.0,0.0,0.0,0.0,0.3322147651006711,0.0444630872483221,0.0,0.6233221476510067,0.0,,,,,,0.1923076923076923,0.1538461538461538,0.0,0.6538461538461539,0.0,0.0,0.0126262626262626,396.0,0.0,5.0,0.0,0.0754716981132075,53.0,0.0,4.0,,,0.0,0.0,0.0,0.0,0.0228802153432032,743.0,0.0,17.0,,,0.0,0.0,0.0,0.0444630872483221,0.287751677852349,0.0310402684563758,0.0,0.0134228187919463,0.3296979865771812,0.0184563758389261,0.0,0.0,0.0,0.0,0.2651006711409396,0.0100671140939597,0.0,0.0033444816053511,0.0,,0.1071428571428571,0.0,0.0,0.8928571428571429,0.0,0.0234113712374581,,6.462374581939799,0.4339464882943143,0.2142857142857142,0.4537177541729894,0.0394537177541729,,,0.2412746585735963,0.1904761904761904,,0.4339464882943143,0.294314381270903,0.060200668896321,0.1872909698996655,0.0242474916387959,0.0,,,,,,,0.2142857142857142,0.7857142857142857,0.0,0.0,0.0,0.0,659.0,7.086737934510577,3.332204510175204,0.0,-2.995732273553991,-9.210340371976182,-3.754533424335373,,,,,,3.0,Artist-audience draws,2023.11So Youn LeePE,747,1.0,550.0,550.0,550.0,EUR,550.0,50.0,27500.0,27500.0,2023-10-10,Public,PE,Silkscreen print,Confirmed,exact,1.0,0.0,
Michaela Yearwood-Dan · Multiple · 2023 Q4,Michaela Yearwood-Dan,Multiple,2023 Q4,2023,2023-09-25,2026-09-09,3387.0,40.0,0.0,,,,2023-10-20,2023-11-10,launch_day+21,no_draw,legacy,,2023-09-05,2023-11-13,21.0,7333.0,2041.0,0.0,0.0,0.0,38.0,13.0,0.0,38.0,0.0,0.0,13.0,0.0,25.0,0.0,0.0,0.0,0.0,0.2227138643067846,0.1140609636184857,0.2143559488692232,0.4488692232055064,0.0,,,,,,0.0277777777777777,0.1111111111111111,0.25,0.6111111111111112,0.0,0.0,0.0022075055187637,453.0,0.0,1.0,0.0,0.0172413793103448,232.0,0.0,4.0,0.0,0.0206422018348623,436.0,0.0,9.0,0.0,0.0240963855421686,913.0,0.0,22.0,,,0.0,0.0,0.0,0.0054080629301868,0.2173058013765978,0.1091445427728613,0.0,0.0049164208456243,0.3274336283185841,0.0462143559488692,0.0,0.0,0.0,0.2143559488692232,0.0265486725663716,0.0486725663716814,0.0,0.0034296913277804,0.0,,0.3421052631578947,0.0,0.0,0.6578947368421053,0.0,0.0186183243508084,,3.5928466438020576,0.41156295933366,0.631578947368421,0.5423728813559322,0.0313559322033898,,,0.3974576271186441,0.0952380952380952,,0.41156295933366,0.4732974032337089,0.0499755022048015,0.0514453699167075,0.0137187653111219,0.0,,,,,,,0.631578947368421,0.2894736842105263,0.0526315789473684,0.0,0.0263157894736842,0.0,1180.0,7.621195162809845,3.6375861597263857,0.0,-2.995732273553991,-9.210340371976182,-3.983609003083459,,,,,,3.0,Artist-audience draws,2023.10Michaela YeaHFPE,1298|1798,2.0,3140.0,2800.0,4500.0,EUR,3140.0,50.0,157000.0,157000.0,2023-10-20,Private,HFPE,Silkscreen print,Confirmed,artist+window,1.0,0.0,titles: Just / Just (Hand finished)
Moe Nakamura · Inside Us · 2023 Q4,Moe Nakamura,Inside Us,2023 Q4,2023,2023-09-29,2026-09-10,5981.0,32.0,0.0,,,,2023-10-28,2023-11-18,launch_day+21,no_draw,legacy,,2023-09-13,2023-11-21,21.0,10838.0,2571.0,0.0,0.0,0.0,19.0,5.0,0.0,22.0,0.0,0.0,6.0,0.0,16.0,0.0,0.0,0.0,0.0,0.4164394234514998,0.2765874561745228,0.0007791195948578,0.3061940007791195,0.0,,,,,,0.0555555555555555,0.1111111111111111,0.0555555555555555,0.7777777777777778,0.0,0.0,0.000935453695042,1069.0,0.0,1.0,0.0,0.0028169014084507,710.0,0.0,2.0,,,2.0,0.0,1.0,0.0,0.0178117048346055,786.0,0.0,14.0,,,0.0,0.0,0.0,0.0112972341254382,0.4051421893260615,0.267238021036229,0.0,0.0093494351382937,0.2559407869107908,0.0136345929100116,0.0019477989871445,0.0,0.0,0.0007791195948578,0.0311647837943124,0.0035060381768601,0.0,0.0015558148580318,0.0,,0.2727272727272727,0.0,0.0,0.7272727272727273,0.0,0.0085569817191754,,4.215480357837417,0.3119408790353948,0.3636363636363636,0.0103806228373702,0.0224913494809688,,,0.5790080738177624,0.1904761904761904,,0.3119408790353948,0.529366005445352,0.0898483080513418,0.0536756126021003,0.0151691948658109,0.0,,,,,,,0.3636363636363636,0.2727272727272727,0.2272727272727272,0.1363636363636363,0.0,0.0,1734.0,7.852050207265889,3.091042453358316,0.0,-2.995732273553991,-9.210340371976182,-4.761007753907574,,,,,,3.0,Artist-audience draws,2023.12Moe NakamuraSE,828,1.0,8500.0,8500.0,8500.0,EUR,8500.0,35.0,297500.0,297500.0,2023-11-28,Public,SE,High cost 3D edition,Confirmed,exact,1.0,31.0,
SETH · Little Sower · 2023 Q4,SETH,Little Sower,2023 Q4,2023,2023-10-06,2026-09-07,3537.0,37.0,0.0,,,,2023-11-02,2023-11-23,launch_day+21,no_draw,legacy,,2023-09-18,2023-11-26,21.0,11068.0,3130.0,0.0,0.0,0.0,35.0,2.0,0.0,37.0,0.0,0.0,2.0,0.0,35.0,0.0,0.0,0.0,0.0,0.1346215780998389,0.0650563607085346,0.6975845410628019,0.1027375201288244,0.0,,,,,,0.0,0.1034482758620689,0.5517241379310345,0.3448275862068966,0.0,0.0,0.0,418.0,0.0,0.0,0.0,0.0148514851485148,202.0,0.0,3.0,0.0,0.0073868882733148,2166.0,0.0,16.0,0.0,0.0313479623824451,319.0,0.0,10.0,,,0.0,0.0,0.0,0.0051529790660225,0.1294685990338164,0.0505636070853462,0.0,0.0144927536231884,0.0814814814814814,0.0183574879227053,0.0003220611916264,0.0,0.0,0.6975845410628019,0.0012882447665056,0.0012882447665056,0.0,0.0079872204472843,0.0,,0.054054054054054,0.0,0.0,0.945945945945946,0.0,0.0118210862619808,,3.5361022364217254,0.668370607028754,0.7567567567567568,0.8113948919449901,0.0206286836935167,,,0.6444007858546169,0.0,,0.668370607028754,0.2859424920127795,0.0172523961661341,0.0217252396166134,0.0067092651757188,0.0,,,,,,,0.7567567567567568,0.2432432432432432,0.0,0.0,0.0,0.0,1018.0,8.048788283534199,3.610917912644224,0.0,-2.995732273553991,-9.210340371976182,-4.437870370889974,,,,,,3.0,Artist-audience draws,2023.11Seth GlobepaSE,268,1.0,3000.0,3000.0,3000.0,EUR,3000.0,35.0,105000.0,105000.0,2023-11-02,Public,SE,High cost 3D edition,Confirmed,exact,1.0,0.0,
Bony Ramirez · TORO! · 2023 Q4,Bony Ramirez,TORO!,2023 Q4,2023,2023-10-25,2026-09-09,8813.0,25.0,0.0,,,,2023-11-03,2023-11-24,launch_day+21,no_draw,legacy,,2023-09-19,2023-11-27,21.0,4956.0,1206.0,0.0,0.0,0.0,17.0,2.0,0.0,17.0,0.0,0.0,2.0,0.0,15.0,0.0,0.0,0.0,0.0,0.4974747474747474,0.0277777777777777,0.0008417508417508,0.4739057239057239,0.0,,,,,,0.0588235294117647,0.1176470588235294,0.0,0.8235294117647058,0.0,0.0,0.0016920473773265,591.0,0.0,1.0,0.0,0.0606060606060606,33.0,0.0,2.0,,,1.0,0.0,0.0,0.0,0.0248667850799289,563.0,0.0,14.0,,,0.0,0.0,0.0,0.0,0.4974747474747474,0.026094276094276,0.0,0.0016835016835016,0.1818181818181818,0.0202020202020202,0.0,0.0,0.0,0.0008417508417508,0.2592592592592592,0.0126262626262626,0.0,0.0149253731343283,0.0,,0.1176470588235294,0.0,0.0,0.8823529411764706,0.0,0.0140961857379767,,4.109452736318408,0.1434494195688225,0.0,0.0661401776900296,0.0315893385982231,,,0.2586377097729516,0.4761904761904761,,0.1434494195688225,0.1592039800995024,0.3499170812603648,0.324212271973466,0.0232172470978441,0.0,,,,,,,0.0,0.4117647058823529,0.4117647058823529,0.1764705882352941,0.0,0.0,1013.0,7.095064377287131,2.833213344056216,0.0,-2.995732273553991,-9.210340371976182,-4.261851033230915,,,,,,3.0,Artist-audience draws,2023.10Bony RamirezHFPE,669,1.0,2900.0,2900.0,2900.0,EUR,2900.0,25.0,72500.0,72500.0,2023-11-17,Public,HFPE,Silkscreen print,Confirmed,exact,1.0,14.0,
Devan Shimoyama · Le Mat · 2023 Q4,Devan Shimoyama,Le Mat,2023 Q4,2023,2023-10-12,2026-09-09,3409.0,16.0,0.0,,,,2023-11-06,2023-11-27,launch_day+21,no_draw,legacy,,2023-09-22,2023-11-30,21.0,3630.0,779.0,0.0,0.0,0.0,10.0,0.0,0.0,10.0,0.0,0.0,0.0,0.0,10.0,0.0,0.0,0.0,0.0,0.2336328626444159,0.0821566110397946,0.3209242618741977,0.3632862644415918,0.0,,,,,,0.5555555555555556,0.0,0.1111111111111111,0.3333333333333333,0.0,0.0,0.0274725274725274,182.0,0.0,5.0,0.0,0.0,64.0,0.0,0.0,0.0,0.004,250.0,0.0,1.0,0.0,0.0106007067137809,283.0,0.0,3.0,,,0.0,0.0,0.0,0.0,0.2336328626444159,0.0706033376123234,0.0,0.0115532734274711,0.1848523748395378,0.0320924261874197,0.0,0.0,0.0,0.3209242618741977,0.0154043645699614,0.1309370988446726,0.0,0.0,0.0,,0.0,0.0,0.0,1.0,0.0,0.0128369704749679,,4.65982028241335,0.5648267008985879,0.2,0.3890577507598784,0.0395136778115501,,,0.2340425531914893,0.1904761904761904,,0.5648267008985879,0.3183568677792041,0.0564826700898587,0.042362002567394,0.017971758664955,0.0,,,,,,,0.2,0.8,0.0,0.0,0.0,0.0,329.0,6.658011045870748,2.302585092994046,0.0,-2.995732273553991,-9.210340371976182,-4.355425952876702,,,,,,3.0,Artist-audience draws,2023.09Devan ShimoyPE,1300,1.0,1750.0,1750.0,1750.0,EUR,1750.0,25.0,43750.0,43750.0,2023-11-06,Public,PE,Hybrid print,Confirmed,exact,1.0,0.0,
Hideaki Kawashima · Multiple · 2023 Q4,Hideaki Kawashima,Multiple,2023 Q4,2023,2023-10-26,2026-09-09,1555.0,19.0,0.0,,,,2023-11-16,2023-12-07,launch_day+21,no_draw,legacy,,2023-10-02,2023-12-10,21.0,6224.0,929.0,0.0,0.0,0.0,9.0,1.0,0.0,18.0,0.0,0.0,1.0,0.0,17.0,0.0,0.0,0.0,0.0,0.6436285097192225,0.0529157667386609,0.0226781857451403,0.2807775377969762,0.0,,,,,,0.1111111111111111,0.0,0.0,0.8888888888888888,0.0,0.0,0.0033557046979865,596.0,0.0,2.0,0.0,0.0,49.0,0.0,0.0,,,21.0,0.0,0.0,0.0,0.0615384615384615,260.0,0.0,16.0,,,0.0,0.0,0.0,0.0010799136069114,0.642548596112311,0.0529157667386609,0.0,0.0,0.2159827213822894,0.0118790496760259,0.0,0.0,0.0,0.0226781857451403,0.0118790496760259,0.0377969762419006,0.0032397408207343,0.0032292787944025,0.0,,0.0555555555555555,0.0,0.0,0.9444444444444444,0.0,0.0193756727664155,,6.69967707212056,0.604951560818084,0.3333333333333333,0.1432506887052341,0.0220385674931129,,,0.4848484848484848,0.1904761904761904,,0.604951560818084,0.3089343379978471,0.0548977395048439,0.0258342303552206,0.0053821313240043,0.0,,,,,,,0.3333333333333333,0.6111111111111112,0.0555555555555555,0.0,0.0,0.0,363.0,6.834108738813838,2.8903717578961645,0.0,-2.995732273553991,-9.210340371976182,-3.9437369809176737,,,,,,3.0,Artist-audience draws,2023.09Hideaki KawaPrints,770|1183,2.0,1500.0,1000.0,2250.0,EUR,1500.0,50.0,75000.0,75000.0,2023-11-15,Enquiry,HFPE,Digital print,Confirmed,artist+window,1.0,1.0,titles: Fan (Hand-finished) / Fan (Mishima)
Dawnia Darkstone · Digital Chemicals · 2024 Q1,Dawnia Darkstone,Digital Chemicals,2024 Q1,2024,2023-12-20,2026-09-05,1349.0,12.0,7.0,2024-01-17,2024-01-23,,2024-01-23,2024-02-13,launch_day+21,no_draw,legacy,,2023-12-09,2024-02-16,21.0,4083.0,1277.0,7.0,0.0,0.0,11.0,1.0,0.0,11.0,5.0,0.0,1.0,0.0,5.0,7.0,0.0,5.0,7.0,0.6384180790960452,0.1234866828087167,0.0,0.238095238095238,0.0,0.6666666666666666,0.0,0.0,0.3333333333333333,0.0,0.0,0.0,0.0,1.0,0.0,0.0025284450063211,0.0,791.0,2.0,0.0,0.0,0.0,153.0,0.0,0.0,,,0.0,0.0,0.0,0.0033898305084745,0.0101694915254237,295.0,1.0,3.0,,,0.0,0.0,0.0,0.0,0.6384180790960452,0.0645682001614205,0.0,0.0589184826472962,0.1509281678773204,0.009685230024213,0.0,0.0,0.0,0.0,0.0153349475383373,0.0056497175141242,0.0564971751412429,0.0297572435395458,0.4545454545454545,1.0,0.0909090909090909,0.0,0.4545454545454545,0.4545454545454545,0.0039154267815191,0.0086139389193422,1.0,3.197337509788567,0.581832419733751,0.2727272727272727,0.875,0.0037878787878787,1.0,0.0,0.7443181818181818,0.0,0.0,0.581832419733751,0.3821456538762725,0.0274079874706343,0.0039154267815191,0.004698512137823,0.0,0.8,0.2,0.0,0.0,0.0,0.0,0.2727272727272727,0.6363636363636364,0.0909090909090909,0.0,0.0,0.0,528.0,7.152268856032539,2.3978952727983707,1.6094379124341005,-0.7884573603642702,-5.542830943598439,-4.754373583234169,,,,,,3.0,Artist-audience draws,2024DawniaNFTPE,1800,1.0,2000.0,2000.0,2000.0,EUR,2000.0,20.0,40000.0,40000.0,2024-01-23,Draw,PE,Digital print,Confirmed,exact,1.0,0.0,
Yutaka Hashimoto · Study_for_Null_Portrait of someone#166 · 2024 Q1,Yutaka Hashimoto,Study_for_Null_Portrait of someone#166,2024 Q1,2024,2024-01-08,2026-09-10,2830.0,51.0,0.0,,,,2024-01-30,2024-02-20,launch_day+21,no_draw,legacy,,2023-12-16,2024-02-23,21.0,11601.0,2560.0,0.0,0.0,0.0,50.0,12.0,0.0,50.0,0.0,0.0,12.0,0.0,38.0,0.0,0.0,0.0,0.0,0.5088355233348437,0.1603987313094698,0.107838695061169,0.2224739465337562,0.0004531037607612,,,,,,0.4137931034482758,0.0344827586206896,0.1379310344827586,0.4137931034482758,0.0,0.0,0.0106856634016028,1123.0,0.0,12.0,0.0,0.0028248587570621,354.0,0.0,1.0,0.0,0.0168067226890756,238.0,0.0,4.0,0.0,0.0244399185336048,491.0,0.0,12.0,,,1.0,0.0,0.0,0.025373810602628,0.4834617127322156,0.154508382419574,0.0004531037607612,0.0058903488898957,0.1717263253285002,0.0117806977797915,0.0,0.0,0.0004531037607612,0.107838695061169,0.0249207068418667,0.0131400090620752,0.0004531037607612,0.137890625,0.0,,0.24,0.0,0.0,0.76,0.0,0.01953125,,4.531640625,0.7859375,0.5,0.7616387337057728,0.0223463687150838,,,0.5735567970204841,0.0,,0.7859375,0.17734375,0.019140625,0.01171875,0.005859375,0.0,,,,,,,0.5,0.5,0.0,0.0,0.0,0.0,537.0,7.847762537473608,3.912023005428146,0.0,-2.995732273553991,-9.210340371976182,-3.9357395320454622,,,,,,2.0,Email-led collector launches with a private room,2024.XXYutakaHashPE,1301,1.0,500.0,500.0,500.0,EUR,500.0,50.0,25000.0,25000.0,2024-01-30,Public,PE,Digital print,Confirmed,artist+window,1.0,0.0,titles: StudyforNullPortrait of someone166
Robert Nava · Death Carrier Bunny · 2024 Q1,Robert Nava,Death Carrier Bunny,2024 Q1,2024,2023-12-05,2026-09-10,1774.0,37.0,0.0,,,,2024-01-31,2024-02-21,launch_day+21,no_draw,legacy,,2023-12-17,2024-02-24,21.0,6977.0,1275.0,0.0,0.0,0.0,32.0,0.0,0.0,32.0,0.0,0.0,0.0,0.0,32.0,0.0,0.0,0.0,0.0,0.0,0.245049504950495,0.0,0.754950495049505,0.0,,,,,,0.0,0.0,0.0,1.0,0.0,,,0.0,0.0,0.0,0.0,0.0,297.0,0.0,0.0,,,0.0,0.0,0.0,0.0,0.0240437158469945,915.0,0.0,22.0,,,0.0,0.0,0.0,0.0,0.0,0.2343234323432343,0.0,0.0107260726072607,0.5429042904290429,0.042079207920792,0.0008250825082508,0.0,0.0,0.0,0.1113861386138613,0.0577557755775577,0.0,0.0494117647058823,0.0,,0.0,0.0,0.0,1.0,0.0,0.0250980392156862,,5.472156862745098,0.6227450980392157,0.03125,0.7333333333333333,0.0301075268817204,,,0.453763440860215,0.0476190476190476,,0.6227450980392157,0.3105882352941176,0.024313725490196,0.028235294117647,0.0141176470588235,0.0,,,,,,,0.03125,0.90625,0.03125,0.03125,0.0,0.0,465.0,7.150701457592526,3.4657359027997265,0.0,-2.995732273553991,-9.210340371976182,-3.6849655547928,,,,,,3.0,Artist-audience draws,2024RobertNavaPE,811,1.0,6000.0,6000.0,6000.0,EUR,6000.0,35.0,210000.0,210000.0,2024-01-31,Enquiry,PE,Silkscreen print,Confirmed,exact,1.0,0.0,
Benrei Huang · Minority Rules · 2024 Q1,Benrei Huang,Minority Rules,2024 Q1,2024,2024-01-29,2026-09-09,1802.0,41.0,0.0,,,,2024-02-20,2024-03-12,launch_day+21,no_draw,legacy,,2024-01-06,2024-03-15,21.0,7805.0,1381.0,0.0,0.0,0.0,33.0,3.0,0.0,41.0,0.0,0.0,4.0,0.0,37.0,0.0,0.0,0.0,0.0,0.1479591836734693,0.0327988338192419,0.5932944606413995,0.2244897959183673,0.0014577259475218,,,,,,0.0909090909090909,0.0,0.3636363636363636,0.5454545454545454,0.0,0.0,0.0147783251231527,203.0,0.0,3.0,0.0,0.0,45.0,0.0,0.0,0.0,0.0147420147420147,814.0,0.0,12.0,0.0,0.0584415584415584,308.0,0.0,18.0,,,2.0,0.0,0.0,0.0145772594752186,0.1333819241982507,0.0327988338192419,0.0029154518950437,0.0,0.1727405247813411,0.0233236151603498,0.0,0.0,0.0014577259475218,0.5932944606413995,0.0131195335276967,0.0109329446064139,0.0014577259475218,0.0065170166545981,0.0,,0.0975609756097561,0.0,0.0,0.902439024390244,0.0,0.0296886314265025,,5.651701665459812,0.4076755973931933,0.1707317073170731,0.7941176470588235,0.0073529411764705,,,0.4840686274509804,0.0476190476190476,,0.4076755973931933,0.5329471397538016,0.0398262128892107,0.0181028240405503,0.001448225923244,0.0,,,,,,,0.1707317073170731,0.7560975609756098,0.073170731707317,0.0,0.0,0.0,816.0,7.2305631534092925,3.713572066704308,0.0,-2.995732273553991,-9.210340371976182,-3.5169910867049845,,,,,,3.0,Artist-audience draws,2024BenreiPE,967,1.0,800.0,800.0,800.0,EUR,800.0,40.0,32000.0,32000.0,2024-02-20,Public,PE,Silkscreen print,Confirmed,exact,1.0,0.0,
Cai Guo-Qiang · Snow Lotus No. 1 · 2024 Q1,Cai Guo-Qiang,Snow Lotus No. 1,2024 Q1,2024,2024-01-27,2026-09-10,2165.0,53.0,0.0,,,,2024-02-22,2024-03-14,launch_day+21,no_draw,legacy,,2024-01-08,2024-03-17,21.0,4725.0,1485.0,0.0,0.0,0.0,51.0,12.0,0.0,53.0,0.0,0.0,13.0,0.0,40.0,0.0,0.0,0.0,0.0,0.4581314878892734,0.1321799307958477,0.103114186851211,0.3065743944636678,0.0,,,,,,0.1714285714285714,0.0,0.0571428571428571,0.7714285714285715,0.0,0.0,0.0090634441087613,662.0,0.0,6.0,0.0,0.0,191.0,0.0,0.0,0.0,0.0134228187919463,149.0,0.0,2.0,0.0,0.0609480812641083,443.0,0.0,27.0,,,0.0,0.0,0.0,0.0,0.4581314878892734,0.1294117647058823,0.0013840830449826,0.0027681660899653,0.2539792387543252,0.0200692041522491,0.0062283737024221,0.0,0.0,0.103114186851211,0.0076124567474048,0.0166089965397923,0.0006920415224913,0.0269360269360269,0.0,,0.2452830188679245,0.0,0.0,0.7547169811320755,0.0,0.0356902356902356,,3.1818181818181817,0.9037037037037036,0.5471698113207547,0.6785714285714286,0.0285714285714285,,,0.5071428571428571,0.0,,0.9037037037037036,0.0747474747474747,0.0101010101010101,0.0087542087542087,0.0026936026936026,0.0,,,,,,,0.5471698113207547,0.4528301886792453,0.0,0.0,0.0,0.0,140.0,7.3031700512368,3.970291913552122,0.0,-2.995732273553991,-9.210340371976182,-3.3328781376846783,,,,,,3.0,Artist-audience draws,2024CaiGuoQPE,234,1.0,5500.0,5500.0,5500.0,EUR,5500.0,50.0,275000.0,275000.0,2024-02-22,Draw,PE,Hybrid print,Confirmed,exact,1.0,0.0,
Michael Kozlowski · Mecha · 2024 Q2,Michael Kozlowski,Mecha,2024 Q2,2024,2024-03-25,2026-09-04,1142.0,45.0,0.0,,,,2024-04-10,2024-05-01,launch_day+21,no_draw,legacy,,2024-02-25,2024-05-04,21.0,1952.0,958.0,0.0,0.0,0.0,44.0,11.0,0.0,45.0,0.0,0.0,11.0,0.0,34.0,0.0,0.0,0.0,0.0,0.4569536423841059,0.1677704194260485,0.0,0.3741721854304636,0.0011037527593818,,,,,,0.2777777777777778,0.0555555555555555,0.0,0.6666666666666666,0.0,0.0,0.0120772946859903,414.0,0.0,5.0,0.0,0.006578947368421,152.0,0.0,1.0,,,0.0,0.0,0.0,0.0,0.0353982300884955,339.0,0.0,12.0,,,1.0,0.0,0.0,0.0011037527593818,0.455849889624724,0.0011037527593818,0.0,0.1666666666666666,0.2649006622516556,0.0231788079470198,0.0055187637969094,0.0,0.0011037527593818,0.0,0.0011037527593818,0.0143487858719646,0.065121412803532,0.0542797494780793,0.0,,0.2444444444444444,0.0,0.0,0.7555555555555555,0.0,0.0469728601252609,,2.037578288100209,0.8444676409185804,0.3111111111111111,0.7103448275862069,0.0275862068965517,,,0.4689655172413793,0.0476190476190476,,0.8444676409185804,0.1325678496868476,0.0052192066805845,0.0125260960334029,0.0052192066805845,0.0,,,,,,,0.3111111111111111,0.6666666666666666,0.0,0.0222222222222222,0.0,0.0,145.0,6.86484777797086,3.80666248977032,0.0,-2.995732273553991,-9.210340371976182,-3.0581852882005407,,,,,,3.0,Artist-audience draws,,,,,,,,,,,,,,,,,none,,,artist not in the Airtable pull
Kaï · Content (Hand-finished) · 2024 Q2,Kaï,Content (Hand-finished),2024 Q2,2024,2024-04-15,2026-09-05,402.0,74.0,0.0,,,,2024-05-24,2024-06-14,launch_day+21,no_draw,legacy,,2024-04-09,2024-06-17,21.0,1231.0,329.0,0.0,0.0,0.0,34.0,16.0,0.0,72.0,0.0,0.0,36.0,0.0,36.0,0.0,0.0,0.0,0.0,0.3177570093457944,0.0093457943925233,0.0124610591900311,0.660436137071651,0.0,,,,,,0.25,0.0416666666666666,0.0833333333333333,0.625,0.0,0.0,0.1176470588235294,102.0,0.0,12.0,,,3.0,0.0,2.0,,,4.0,0.0,4.0,0.0,0.1415094339622641,212.0,0.0,30.0,,,0.0,0.0,0.0,0.0,0.3177570093457944,0.0093457943925233,0.0,0.0,0.5264797507788161,0.0218068535825545,0.0,0.0,0.0,0.0124610591900311,0.0996884735202492,0.0124610591900311,0.0,0.0243161094224924,0.0,,0.5,0.0,0.0,0.5,0.0,0.2188449848024316,,3.741641337386018,0.851063829787234,0.6944444444444444,0.7708333333333334,0.0,,,0.7291666666666666,0.0,,0.851063829787234,0.121580547112462,0.0212765957446808,0.0030395136778115,0.0030395136778115,0.0,,,,,,,0.6944444444444444,0.3055555555555556,0.0,0.0,0.0,0.0,48.0,5.796057750765372,4.276666119016055,0.0,-2.995732273553991,-9.210340371976182,-1.5193916317493166,,,,,,2.0,Email-led collector launches with a private room,KaiContentHF24,1868,1.0,2200.0,2200.0,2200.0,EUR,2200.0,,,,2024-05-24,Draw,HFSE,Mid cost 3D edition,Confirmed,exact,1.0,0.0,
Yoon Hyup · City Fountain · 2024 Q3,Yoon Hyup,City Fountain,2024 Q3,2024,2024-08-21,2026-09-01,3260.0,202.0,0.0,,,,2024-09-18,2024-10-09,launch_day+21,no_draw,legacy,,2024-08-04,2024-10-12,21.0,2649.0,2868.0,0.0,0.0,0.0,200.0,91.0,0.0,201.0,0.0,0.0,92.0,0.0,109.0,0.0,0.0,0.0,0.0,0.5631174533479693,0.0717160629345042,0.0,0.3648005854372484,0.000365898280278,,,,,,0.4793388429752066,0.0413223140495867,0.0,0.4793388429752066,0.0,0.0,0.0376868096166341,1539.0,0.0,58.0,0.0,0.0255102040816326,196.0,0.0,5.0,,,0.0,0.0,0.0,0.0,0.0581745235707121,997.0,0.0,58.0,,,1.0,0.0,0.0,0.000365898280278,0.5627515550676911,0.0662275887303329,0.0,0.0054884742041712,0.2279546286132455,0.0058543724844493,0.0,0.0,0.000365898280278,0.0,0.1145261617270398,0.0160995243322356,0.000365898280278,0.0470711297071129,0.0,,0.4577114427860697,0.0,0.0,0.5422885572139303,0.0,0.0700836820083682,,0.9236401673640168,0.9177126917712692,0.5074626865671642,0.6724890829694323,0.0305676855895196,,,0.4192139737991266,0.0476190476190476,,0.9177126917712692,0.0655509065550906,0.00697350069735,0.00697350069735,0.00278940027894,0.0,,,,,,,0.5074626865671642,0.4925373134328358,0.0,0.0,0.0,0.0,229.0,7.961370201719511,5.303304908059076,0.0,-2.995732273553991,-9.210340371976182,-2.658065293660435,,,,,,2.0,Email-led collector launches with a private room,YoonHyupPrint24,1906,1.0,800.0,800.0,800.0,EUR,800.0,200.0,160000.0,160000.0,2024-09-18,Draw,PE,Hybrid print,Confirmed,exact,1.0,0.0,
Vhils · Multiple · 2024 Q3,Vhils,Multiple,2024 Q3,2024,2024-08-27,2026-09-08,17813.0,39.0,0.0,,,,2024-09-24,2024-10-15,launch_day+21,no_draw,legacy,,2024-08-10,2024-10-18,21.0,36083.0,17387.0,0.0,0.0,0.0,38.0,31.0,0.0,38.0,0.0,0.0,31.0,0.0,7.0,0.0,0.0,0.0,0.0,0.2248312467547452,0.0280390007500144,0.0323083136214158,0.0879247677839958,0.6268966710898286,,,,,,0.3243243243243243,0.054054054054054,0.027027027027027,0.3513513513513513,0.2432432432432432,0.0,0.0030792917628945,3897.0,0.0,12.0,0.0,0.0041152263374485,486.0,0.0,2.0,0.0,0.0017857142857142,560.0,0.0,1.0,0.0,0.0085301837270341,1524.0,0.0,13.0,0.0,0.0008282716731087,10866.0,0.0,9.0,0.0156926094732591,0.2091386372814861,0.0268851324063924,0.0001153868343621,0.0011538683436219,0.0714244504702013,0.0091732533317948,0.0008077078405353,0.0,0.6268966710898286,0.0323083136214158,0.004673166791669,0.0017308025154329,0.0,0.0031057686777477,0.0,,0.8157894736842105,0.0,0.0,0.1842105263157894,0.0,0.002185540921378,,2.0752861333179964,0.8390176568700753,0.8421052631578947,0.9201289398280802,0.0025071633237822,,,0.6844555873925502,0.0,,0.8390176568700753,0.1547708057744291,0.0033933398516132,0.0024155978604704,0.0004025996434117,0.0,,,,,,,0.8421052631578947,0.1578947368421052,0.0,0.0,0.0,0.0,2792.0,9.76347807952779,3.6375861597263857,0.0,-2.995732273553991,-9.210340371976182,-6.125891919801404,,,,,,1.0,Paid-supported small editions,VhilsTimed24,2081|2041,2.0,827.2690763052209,710.0,1440.0,EUR,827.2690763052209,249.0,205990.0,205990.0,2024-09-24,Public,PE,Silkscreen print,Confirmed,artist+window,1.0,0.0,titles: Blur / Dissipate
Claire Tabouret · Paysage d’Intérieur (printemps) · 2024 Q4,Claire Tabouret,Paysage d’Intérieur (printemps),2024 Q4,2024,2024-10-29,2026-09-08,3071.0,50.0,0.0,,,,2024-12-11,2025-01-01,launch_day+21,no_draw,legacy,,2024-10-27,2025-01-04,21.0,2167.0,2365.0,0.0,0.0,0.0,45.0,13.0,0.0,50.0,0.0,0.0,13.0,0.0,37.0,0.0,0.0,0.0,0.0,0.4137783483097988,0.1775780915703894,0.1433461703038083,0.2652973898160034,0.0,,,,,,0.303030303030303,0.0,0.0606060606060606,0.6363636363636364,0.0,0.0,0.0103412616339193,967.0,0.0,10.0,0.0,0.0,415.0,0.0,0.0,0.0,0.0059701492537313,335.0,0.0,2.0,0.0,0.0338709677419354,620.0,0.0,21.0,,,0.0,0.0,0.0,0.0,0.4137783483097988,0.1715875053487377,0.0004278990158322,0.0059905862216516,0.1424903722721437,0.0158322635857937,0.0,0.0,0.0,0.1433461703038083,0.08130081300813,0.0222507488232777,0.0029952931108258,0.0118393234672304,0.0,,0.26,0.0,0.0,0.74,0.0,0.0211416490486257,,0.916279069767442,0.9158562367864692,0.56,0.5300546448087432,0.0437158469945355,,,0.4043715846994535,0.0952380952380952,,0.9158562367864692,0.0482029598308668,0.0194503171247357,0.0088794926004228,0.0076109936575052,0.0,,,,,,,0.56,0.4,0.04,0.0,0.0,0.0,183.0,7.768533300926033,3.912023005428146,0.0,-2.995732273553991,-9.210340371976182,-3.856510295497887,,,,,,2.0,Email-led collector launches with a private room,ClaireTabTapestry24,341,1.0,4000.0,4000.0,4000.0,EUR,4000.0,50.0,200000.0,200000.0,2024-12-11,Draw,PE,Mixed media edition,Confirmed,exact,1.0,0.0,
Sayre Gomez · America's Tire · 2025 Q2,Sayre Gomez,America's Tire,2025 Q2,2025,2025-03-12,2026-09-10,3751.0,14.0,9.0,2025-04-03,2025-04-29,,2025-04-29,2025-05-20,launch_day+21,no_draw,legacy,,2025-03-15,2025-05-23,21.0,4779.0,3308.0,9.0,0.0,0.0,10.0,1.0,0.0,10.0,5.0,0.0,1.0,0.0,4.0,9.0,0.0,7.0,9.0,0.3771929824561403,0.0898366606170598,0.0849969751966122,0.0659407138535995,0.382032667876588,0.5,0.0,0.0,0.1666666666666666,0.3333333333333333,0.3333333333333333,0.0,0.1111111111111111,0.3333333333333333,0.2222222222222222,0.0024057738572574,0.0024057738572574,1247.0,3.0,3.0,0.0,0.0,297.0,0.0,0.0,0.0,0.0035587188612099,281.0,0.0,1.0,0.0045871559633027,0.0137614678899082,218.0,1.0,3.0,0.0015835312747426,0.0015835312747426,1263.0,2.0,2.0,0.0,0.3771929824561403,0.0862068965517241,0.0,0.0036297640653357,0.0450695704779189,0.0096793708408953,0.0033272837265577,0.0,0.382032667876588,0.0849969751966122,0.0033272837265577,0.0042347247428917,0.0003024803387779,0.0006045949214026,0.7,1.4,0.1,0.0,0.5,0.4,0.0021160822249093,0.0030229746070133,0.7142857142857143,1.4446795646916566,0.9552599758162033,0.5,0.6148148148148148,0.074074074074074,,,0.4888888888888889,0.0476190476190476,,0.9552599758162033,0.0287182587666263,0.0069528415961305,0.0042321644498186,0.0048367593712212,0.0,1.0,0.0,0.0,0.0,0.0,0.0,0.5,0.5,0.0,0.0,0.0,0.0,135.0,8.104099056143582,2.302585092994046,1.9459101490553128,-0.3566749439387324,-6.1581889070882685,-5.801513963149536,,,,,,1.0,Paid-supported small editions,SayreGomeAmerica25,2114,1.0,2000.0,2000.0,2000.0,EUR,2000.0,100.0,200000.0,200000.0,2025-04-29,Draw,PE,Hybrid print,Confirmed,exact,1.0,0.0,
Roby Dwi Antono · HAYU · 2023 Q1,Roby Dwi Antono,HAYU,2023 Q1,2023,2023-01-01,2026-09-10,1230.0,35.0,0.0,,,,2023-01-05,2023-01-26,launch_day+21,no_draw,,window starts before the export,,,,,,,,,,,,,,,,,,,,,,,,,,,,,,,,,,,,,,,,,,,,,,,,,,,,,,,,,,,,,,,,,,,,,,,,,,,,,,,,,,,,,,,,,,,,,,,,,,,,,,,,,,,,,,,,,,,,,,,,,,,,,,,,11.01RobyDwiAntonoHFPE,281,1.0,3250.0,3250.0,3250.0,EUR,3250.0,50.0,162500.0,162500.0,2023-01-11,Draw,HFPE,Silkscreen print,Confirmed,exact,1.0,15.0,
Yue Minjun · Multiple · 2023 Q1,Yue Minjun,Multiple,2023 Q1,2023,2023-01-01,2026-09-07,4029.0,37.0,0.0,,,,2023-01-18,2023-02-08,launch_day+21,no_draw,,window starts before the export,,,,,,,,,,,,,,,,,,,,,,,,,,,,,,,,,,,,,,,,,,,,,,,,,,,,,,,,,,,,,,,,,,,,,,,,,,,,,,,,,,,,,,,,,,,,,,,,,,,,,,,,,,,,,,,,,,,,,,,,,,,,,,,,2023.01Yue MinjunPE,671|752,2.0,5100.0,4500.0,7500.0,EUR,5100.0,50.0,255000.0,255000.0,2023-01-18,Private,PE,Silkscreen print,Confirmed,artist+window,1.0,21.0,titles: Stay Away / Stay Away (special edition)
"Dada Khanyisa · I can't change, even if I tried · 2023 Q1",Dada Khanyisa,"I can't change, even if I tried",2023 Q1,2023,2023-01-11,2026-09-07,1164.0,23.0,0.0,,,,2023-01-19,2023-02-09,launch_day+21,no_draw,,window starts before the export,,,,,,,,,,,,,,,,,,,,,,,,,,,,,,,,,,,,,,,,,,,,,,,,,,,,,,,,,,,,,,,,,,,,,,,,,,,,,,,,,,,,,,,,,,,,,,,,,,,,,,,,,,,,,,,,,,,,,,,,,,,,,,,,2023.02Dada KhanyisHFPE,970,1.0,600.0,600.0,600.0,EUR,600.0,30.0,18000.0,18000.0,2023-02-08,Public,HFPE,Silkscreen print,Confirmed,exact,1.0,1.0,
Liang Fu · Anonyme · 2023 Q1,Liang Fu,Anonyme,2023 Q1,2023,2023-01-01,2026-09-10,1515.0,19.0,0.0,,,,2023-01-19,2023-02-09,launch_day+21,no_draw,,window starts before the export,,,,,,,,,,,,,,,,,,,,,,,,,,,,,,,,,,,,,,,,,,,,,,,,,,,,,,,,,,,,,,,,,,,,,,,,,,,,,,,,,,,,,,,,,,,,,,,,,,,,,,,,,,,,,,,,,,,,,,,,,,,,,,,,2023.01Liang FuHFPE,994,1.0,700.0,700.0,700.0,EUR,700.0,25.0,17500.0,17500.0,2023-01-19,Public,HFPE,Hybrid print,Confirmed,exact,1.0,21.0,
Okokume · Sumergidos · 2023 Q1,Okokume,Sumergidos,2023 Q1,2023,2023-01-03,2026-09-05,2117.0,50.0,0.0,,,,2023-01-24,2023-02-14,launch_day+21,no_draw,,window starts before the export,,,,,,,,,,,,,,,,,,,,,,,,,,,,,,,,,,,,,,,,,,,,,,,,,,,,,,,,,,,,,,,,,,,,,,,,,,,,,,,,,,,,,,,,,,,,,,,,,,,,,,,,,,,,,,,,,,,,,,,,,,,,,,,,22.12OkokumeSumergidos,952,1.0,850.0,850.0,850.0,EUR,850.0,50.0,42500.0,42500.0,2023-01-24,Public,HFPE,Silkscreen print,Confirmed,exact,1.0,21.0,
Danielle Mckinney · Dream Catcher · 2023 Q1,Danielle Mckinney,Dream Catcher,2023 Q1,2023,2023-01-03,2026-09-10,4613.0,30.0,0.0,,,,2023-01-30,2023-02-20,launch_day+21,no_draw,,window starts before the export,,,,,,,,,,,,,,,,,,,,,,,,,,,,,,,,,,,,,,,,,,,,,,,,,,,,,,,,,,,,,,,,,,,,,,,,,,,,,,,,,,,,,,,,,,,,,,,,,,,,,,,,,,,,,,,,,,,,,,,,,,,,,,,,2023.01Danielle MckPE,343,1.0,2250.0,2250.0,2250.0,EUR,2250.0,30.0,67500.0,67500.0,2023-01-30,Public,PE,Silkscreen print,Confirmed,exact,1.0,21.0,
Caleb Hahne Quintana · Ourselves Scattered Parts Of Earth · 2023 Q1,Caleb Hahne Quintana,Ourselves Scattered Parts Of Earth,2023 Q1,2023,2023-01-01,2026-09-09,1094.0,11.0,0.0,,,,2023-02-01,2023-02-22,launch_day+21,no_draw,,window starts before the export,,,,,,,,,,,,,,,,,,,,,,,,,,,,,,,,,,,,,,,,,,,,,,,,,,,,,,,,,,,,,,,,,,,,,,,,,,,,,,,,,,,,,,,,,,,,,,,,,,,,,,,,,,,,,,,,,,,,,,,,,,,,,,,,2023.01Caleb Hahne HFPE,598,1.0,800.0,800.0,800.0,EUR,800.0,30.0,24000.0,24000.0,2023-01-31,Public,HFPE,Complex print,Confirmed,exact,1.0,22.0,
Aya Takano · Anthem (Detail) · 2023 Q1,Aya Takano,Anthem (Detail),2023 Q1,2023,2023-01-19,2026-09-08,1771.0,40.0,0.0,,,,2023-02-04,2023-02-25,launch_day+21,no_draw,,window starts before the export,,,,,,,,,,,,,,,,,,,,,,,,,,,,,,,,,,,,,,,,,,,,,,,,,,,,,,,,,,,,,,,,,,,,,,,,,,,,,,,,,,,,,,,,,,,,,,,,,,,,,,,,,,,,,,,,,,,,,,,,,,,,,,,,2023.02Aya TakanoPE,433,1.0,800.0,800.0,800.0,EUR,800.0,70.0,56000.0,56000.0,2023-02-28,Draw,PE,Digital print,Confirmed,exact,1.0,3.0,
"Grant Levy-Lucero · de la Rosa, Dulcería La Moderna · 2023 Q2",Grant Levy-Lucero,"de la Rosa, Dulcería La Moderna",2023 Q2,2023,2023-03-11,2026-09-09,725.0,11.0,0.0,,,,2023-04-04,2023-04-25,launch_day+21,no_draw,,under 10 units in the window,2023-02-18,2023-04-28,21.0,668.0,431.0,0.0,0.0,0.0,9.0,1.0,0.0,9.0,0.0,0.0,1.0,0.0,8.0,0.0,0.0,0.0,0.0,0.1051401869158878,0.264018691588785,0.3060747663551402,0.3247663551401869,0.0,,,,,,0.25,0.125,0.0,0.625,0.0,0.0,0.0444444444444444,45.0,0.0,2.0,0.0,0.0088495575221238,113.0,0.0,1.0,0.0,0.0,131.0,0.0,0.0,0.0,0.0359712230215827,139.0,0.0,5.0,,,0.0,0.0,0.0,0.0,0.1051401869158878,0.264018691588785,0.0,0.0,0.2943925233644859,0.0186915887850467,0.0,0.0,0.0,0.3060747663551402,0.0,0.0116822429906542,0.0,0.0069605568445475,0.0,,0.1111111111111111,0.0,0.0,0.8888888888888888,0.0,0.0208816705336426,,1.5498839907192576,0.5545243619489559,0.5555555555555556,0.6329787234042553,0.0531914893617021,,,0.3776595744680851,0.0476190476190476,,0.5545243619489559,0.3248259860788863,0.0533642691415313,0.0464037122969837,0.0208816705336426,0.0,,,,,,,0.5555555555555556,0.4444444444444444,0.0,0.0,0.0,0.0,188.0,6.066108090103747,2.19722457733622,0.0,-2.995732273553991,-9.210340371976182,-3.868883512767528,,,,,,,,2023.04Grant Levy-LSE,579,1.0,2000.0,2000.0,2000.0,EUR,2000.0,25.0,50000.0,50000.0,2023-04-04,Public,SE,Mid cost 3D edition,Confirmed,exact,1.0,21.0,
Jenna Gribbon · Glaring Shade · 2023 Q2,Jenna Gribbon,Glaring Shade,2023 Q2,2023,2023-03-20,2026-09-10,600.0,14.0,0.0,,,,2023-04-12,2023-05-03,launch_day+21,no_draw,,under 10 units in the window,2023-02-26,2023-05-06,21.0,1313.0,192.0,0.0,0.0,0.0,7.0,0.0,0.0,9.0,0.0,0.0,0.0,0.0,9.0,0.0,0.0,0.0,0.0,0.0,0.0,0.0,1.0,0.0,,,,,,0.0,0.0,0.0,1.0,0.0,,,0.0,0.0,0.0,,,0.0,0.0,0.0,,,0.0,0.0,0.0,0.0,0.0260416666666666,192.0,0.0,5.0,,,0.0,0.0,0.0,0.0,0.0,0.0,0.0,0.0,1.0,0.0,0.0,0.0,0.0,0.0,0.0,0.0,0.0,0.0,0.0,,0.0,0.0,0.0,1.0,0.0,0.046875,,6.838541666666667,0.2916666666666667,0.1111111111111111,0.2,0.26,,,0.16,0.3809523809523809,,0.2916666666666667,0.1822916666666666,0.1770833333333333,0.0885416666666666,0.2604166666666667,0.0,,,,,,,0.1111111111111111,0.4444444444444444,0.3333333333333333,0.0,0.1111111111111111,0.0,100.0,5.2574953720277815,2.19722457733622,0.0,-2.995732273553991,-9.210340371976182,-3.0602707946915624,,,,,,,,2023.05Jenna GribboHFPE,783,1.0,10000.0,10000.0,10000.0,EUR,10000.0,12.0,120000.0,120000.0,2023-05-18,Enquiry,PE,Silkscreen print,Confirmed,exact,1.0,15.0,
Deborah Segun · Multiple · 2023 Q2,Deborah Segun,Multiple,2023 Q2,2023,2023-04-28,2026-09-01,3684.0,29.0,0.0,,,,2023-05-03,2023-05-24,launch_day+21,no_draw,,under 10 units in the window,2023-03-19,2023-05-27,21.0,6673.0,558.0,0.0,0.0,0.0,7.0,0.0,0.0,8.0,0.0,0.0,0.0,0.0,8.0,0.0,0.0,0.0,0.0,0.2956989247311828,0.1093189964157706,0.2275985663082437,0.3673835125448029,0.0,,,,,,0.0,0.0,0.4285714285714285,0.5714285714285714,0.0,0.0,0.0,165.0,0.0,0.0,0.0,0.0,61.0,0.0,0.0,0.0,0.0236220472440944,127.0,0.0,3.0,0.0,0.0195121951219512,205.0,0.0,4.0,,,0.0,0.0,0.0,0.0125448028673835,0.2831541218637993,0.1093189964157706,0.0,0.0,0.3225806451612903,0.0304659498207885,0.0,0.0,0.0,0.2275985663082437,0.003584229390681,0.010752688172043,0.0,0.0,0.0,,0.0,0.0,0.0,1.0,0.0,0.014336917562724,,11.95878136200717,0.032258064516129,0.0,0.374,0.286,,,0.242,0.2857142857142857,,0.032258064516129,0.4677419354838709,0.1182795698924731,0.2365591397849462,0.1451612903225806,0.0,,,,,,,0.0,0.25,0.125,0.375,0.25,0.0,500.0,6.324358962381311,2.079441541679836,0.0,-2.995732273553991,-9.210340371976182,-4.244917420701475,,,,,,,,2023.05Deborah SeguPE,866|491|867,3.0,600.0,600.0,600.0,EUR,600.0,30.0,18000.0,18000.0,2023-05-23,Public,PE,Hybrid print,Confirmed,artist+window,1.0,1.0,titles: Sweet bloom (blue) / Sweet bloom (purple) / Sweet bloom (yellow)
Maxwell Mustardo · Multiple · 2023 Q2,Maxwell Mustardo,Multiple,2023 Q2,2023,2023-04-13,2026-09-10,753.0,11.0,0.0,,,,2023-05-25,2023-06-15,launch_day+21,no_draw,,under 10 units in the window,2023-04-10,2023-06-18,21.0,2882.0,302.0,0.0,0.0,0.0,6.0,0.0,0.0,8.0,0.0,0.0,0.0,0.0,8.0,0.0,0.0,0.0,0.0,0.1390728476821192,0.0,0.0,0.8609271523178808,0.0,,,,,,0.0,0.0,0.0,1.0,0.0,0.0,0.0,42.0,0.0,0.0,,,0.0,0.0,0.0,,,0.0,0.0,0.0,0.0,0.0153846153846153,260.0,0.0,4.0,,,0.0,0.0,0.0,0.0,0.1390728476821192,0.0,0.0,0.0,0.7649006622516556,0.0165562913907284,0.0,0.0,0.0,0.0,0.0662251655629139,0.0132450331125827,0.0,0.0,0.0,,0.0,0.0,0.0,1.0,0.0,0.0264900662251655,,9.543046357615896,0.7847682119205298,0.375,0.203125,0.046875,,,0.390625,0.3333333333333333,,0.7847682119205298,0.0728476821192053,0.1125827814569536,0.0231788079470198,0.0066225165562913,0.0,,,,,,,0.375,0.5,0.125,0.0,0.0,0.0,64.0,5.71042701737487,2.079441541679836,0.0,-2.995732273553991,-9.210340371976182,-3.6309854756950335,,,,,,,,2023.06Maxwell MustSE,1280|1291|1294|1278|1290|1281|1286|1289|1292|1295|1274|1282|1296|1285|1276|1288|1275|1287|1272|1283|1297|1279|1293|1277|1284,25.0,3340.0,1000.0,5000.0,EUR,3340.0,25.0,83500.0,83500.0,2023-06-01,Public,SE,Unique work,Confirmed,artist+window,1.0,14.0,titles: Blue & Green Amphora / Blue & Green Amphora 2 / Blue & Green Amphora 3 / Blue & Green Pitcher / Blue & Green Pitcher 2 /
Amanda Baldwin · Bell Bay · 2023 Q3,Amanda Baldwin,Bell Bay,2023 Q3,2023,2023-07-25,2026-09-09,1463.0,16.0,0.0,,,,2023-08-22,2023-09-12,launch_day+21,no_draw,,under 10 units in the window,2023-07-08,2023-09-15,21.0,4252.0,970.0,0.0,0.0,0.0,9.0,0.0,0.0,9.0,0.0,0.0,0.0,0.0,9.0,0.0,0.0,0.0,0.0,0.3309278350515464,0.0948453608247422,0.0278350515463917,0.5463917525773195,0.0,,,,,,0.3333333333333333,0.1666666666666666,0.0,0.5,0.0,0.0,0.0062305295950155,321.0,0.0,2.0,0.0,0.0108695652173913,92.0,0.0,1.0,,,27.0,0.0,0.0,0.0,0.0056603773584905,530.0,0.0,3.0,,,0.0,0.0,0.0,0.0175257731958762,0.3134020618556701,0.0896907216494845,0.0,0.0051546391752577,0.5061855670103093,0.0278350515463917,0.0,0.0,0.0,0.0278350515463917,0.0,0.0103092783505154,0.002061855670103,0.0,0.0,,0.0,0.0,0.0,1.0,0.0,0.0092783505154639,,4.383505154639176,0.7463917525773196,0.3333333333333333,0.6470588235294118,0.0252100840336134,,,0.4117647058823529,0.0476190476190476,,0.7463917525773196,0.1876288659793814,0.0268041237113402,0.0268041237113402,0.0123711340206185,0.0,,,,,,,0.3333333333333333,0.6666666666666666,0.0,0.0,0.0,0.0,238.0,6.877296071497429,2.19722457733622,0.0,-2.995732273553991,-9.210340371976182,-4.680071494161209,,,,,,,,2023.09Amanda BaldwPE,1330,1.0,800.0,800.0,800.0,EUR,800.0,30.0,24000.0,24000.0,2023-08-22,Public,PE,Silkscreen print,Confirmed,exact,1.0,21.0,
Marcela Flórido · BLOOM · 2023 Q3,Marcela Flórido,BLOOM,2023 Q3,2023,2023-08-04,2026-09-09,908.0,10.0,0.0,,,,2023-09-01,2023-09-22,launch_day+21,no_draw,,under 10 units in the window,2023-07-18,2023-09-25,21.0,2963.0,407.0,0.0,0.0,0.0,3.0,0.0,0.0,3.0,0.0,0.0,0.0,0.0,3.0,0.0,0.0,0.0,0.0,0.2309582309582309,0.1375921375921376,0.0909090909090909,0.5405405405405406,0.0,,,,,,0.3333333333333333,0.0,0.0,0.6666666666666666,0.0,0.0,0.0106382978723404,94.0,0.0,1.0,0.0,0.0,56.0,0.0,0.0,0.0,0.0,37.0,0.0,0.0,0.0,0.009090909090909,220.0,0.0,2.0,,,0.0,0.0,0.0,0.0049140049140049,0.226044226044226,0.1253071253071253,0.0,0.0122850122850122,0.4668304668304668,0.027027027027027,0.0,0.0,0.0,0.0909090909090909,0.027027027027027,0.0122850122850122,0.0073710073710073,0.0,0.0,,0.0,0.0,0.0,1.0,0.0,0.0073710073710073,,7.28009828009828,0.3955773955773956,0.0,0.0329218106995884,0.0246913580246913,,,0.2633744855967078,0.4761904761904761,,0.3955773955773956,0.1474201474201474,0.3857493857493858,0.0614250614250614,0.0098280098280098,0.0,,,,,,,0.0,0.6666666666666666,0.3333333333333333,0.0,0.0,0.0,243.0,6.008813185442595,1.0986122886681098,0.0,-2.995732273553991,-9.210340371976182,-4.9102008967744855,,,,,,,,2023.07Marcela FlórHFPE,643,1.0,750.0,750.0,750.0,EUR,750.0,30.0,22500.0,22500.0,2023-09-12,Public,HFPE,Hybrid print,Confirmed,exact,1.0,10.0,
Cui Jie · Shanghai Federation of Industry & Commerce Building · 2023 Q4,Cui Jie,Shanghai Federation of Industry & Commerce Building,2023 Q4,2023,2023-10-10,2026-09-08,789.0,13.0,0.0,,,,2023-11-10,2023-12-01,launch_day+21,no_draw,,under 10 units in the window,2023-09-26,2023-12-04,21.0,2874.0,436.0,0.0,0.0,0.0,9.0,0.0,0.0,9.0,0.0,0.0,0.0,0.0,9.0,0.0,0.0,0.0,0.0,0.4380733944954128,0.1422018348623853,0.0,0.4197247706422018,0.0,,,,,,0.5,0.0,0.0,0.5,0.0,0.0,0.0157068062827225,191.0,0.0,3.0,0.0,0.0,62.0,0.0,0.0,,,0.0,0.0,0.0,0.0,0.0163934426229508,183.0,0.0,3.0,,,0.0,0.0,0.0,0.0045871559633027,0.4334862385321101,0.1422018348623853,0.0,0.0,0.3486238532110092,0.0412844036697247,0.0,0.0,0.0,0.0,0.0,0.018348623853211,0.0114678899082568,0.0,0.0,,0.0,0.0,0.0,1.0,0.0,0.0206422018348623,,6.591743119266055,0.7110091743119266,0.4444444444444444,0.6,0.016,,,0.384,0.0476190476190476,,0.7110091743119266,0.2247706422018348,0.0435779816513761,0.018348623853211,0.0022935779816513,0.0,,,,,,,0.4444444444444444,0.5555555555555556,0.0,0.0,0.0,0.0,125.0,6.077642243349034,2.19722457733622,0.0,-2.995732273553991,-9.210340371976182,-3.880417666012815,,,,,,,,2023CuijiePE,213,1.0,1500.0,1500.0,1500.0,EUR,1500.0,30.0,45000.0,45000.0,2023-11-10,Public,HFPE,Silkscreen print,Confirmed,exact,1.0,21.0,
Taylor Lee · Multiple · 2023 Q4,Taylor Lee,Multiple,2023 Q4,2023,2023-10-17,2026-09-09,3856.0,10.0,0.0,,,,2023-11-13,2023-12-04,launch_day+21,no_draw,,under 10 units in the window,2023-09-29,2023-12-07,21.0,4861.0,715.0,0.0,0.0,0.0,7.0,0.0,0.0,9.0,0.0,0.0,0.0,0.0,9.0,0.0,0.0,0.0,0.0,0.2111888111888112,0.1356643356643356,0.2923076923076923,0.3608391608391608,0.0,,,,,,0.1111111111111111,0.1111111111111111,0.0,0.7777777777777778,0.0,0.0,0.0066225165562913,151.0,0.0,1.0,0.0,0.0103092783505154,97.0,0.0,1.0,0.0,0.0,209.0,0.0,0.0,0.0,0.0271317829457364,258.0,0.0,7.0,,,0.0,0.0,0.0,0.0,0.2111888111888112,0.1356643356643356,0.0,0.0,0.1608391608391608,0.0195804195804195,0.0,0.0,0.0,0.2923076923076923,0.0223776223776223,0.158041958041958,0.0,0.0,0.0,,0.0,0.0,0.0,1.0,0.0,0.0125874125874125,,6.798601398601399,0.6195804195804195,0.1111111111111111,0.5947955390334573,0.0631970260223048,,,0.3940520446096654,0.0476190476190476,,0.6195804195804195,0.2657342657342657,0.0545454545454545,0.0447552447552447,0.0153846153846153,0.0,,,,,,,0.1111111111111111,0.7777777777777778,0.0,0.1111111111111111,0.0,0.0,269.0,6.572282542694008,2.19722457733622,0.0,-2.995732273553991,-9.210340371976182,-4.375057965357788,,,,,,,,2023.11Taylor LeeSE,1978|1979|1327,3.0,1250.0,1200.0,1300.0,EUR,1250.0,2.0,2500.0,2500.0,2023-11-13,Public,OG,Unique work,Confirmed,artist+window,1.0,21.0,titles: Beach Ball Strong Woman / Happy Face Strong Woman / Tubie Series [Individual titles for each work - SEE CHECKLIST]
Hiroya Kurata · Lemonhead · 2023 Q4,Hiroya Kurata,Lemonhead,2023 Q4,2023,2023-08-30,2026-09-04,1115.0,17.0,0.0,,,,2023-11-27,2023-12-18,launch_day+21,no_draw,,under 300 sessions in the window,2023-10-13,2023-12-21,21.0,928.0,118.0,0.0,0.0,0.0,1.0,0.0,0.0,10.0,0.0,0.0,0.0,0.0,10.0,0.0,0.0,0.0,0.0,0.0762711864406779,0.0254237288135593,0.0338983050847457,0.864406779661017,0.0,,,,,,0.0,0.0,0.0,1.0,0.0,,,9.0,0.0,0.0,,,3.0,0.0,0.0,,,4.0,0.0,0.0,0.0,0.0980392156862745,102.0,0.0,10.0,,,0.0,0.0,0.0,0.0084745762711864,0.0677966101694915,0.0254237288135593,0.0,0.0,0.6864406779661016,0.1610169491525423,0.0,0.0,0.0,0.0338983050847457,0.0084745762711864,0.0084745762711864,0.0,0.0,0.0,,0.0,0.0,0.0,1.0,0.0,0.0847457627118644,,7.864406779661017,0.8389830508474576,0.0,0.5,0.0,,,0.3888888888888889,0.0952380952380952,,0.8389830508474576,0.1016949152542373,0.0338983050847457,0.0169491525423728,0.0084745762711864,0.0,,,,,,,0.0,1.0,0.0,0.0,0.0,0.0,18.0,4.770684624465665,2.302585092994046,0.0,-2.995732273553991,-9.210340371976182,-2.468099531471619,,,,,,,,2023.11Hiroya KuratPE,1048,1.0,550.0,550.0,550.0,EUR,550.0,40.0,22000.0,22000.0,2023-10-03,Public,PE,Silkscreen print,Confirmed,exact,1.0,,
Cristina de Miguel · Tentacular Thinking · 2024 Q3,Cristina de Miguel,Tentacular Thinking,2024 Q3,2024,2024-04-10,2026-09-09,2036.0,7.0,16.0,2024-08-05,2024-09-04,,2024-08-05,2024-09-04,inferred,draw,,under 10 units in the window,2024-06-21,2024-09-07,30.0,3387.0,1034.0,8.0,8.0,2.0,4.0,0.0,2.0,4.0,0.0,4.0,0.0,0.0,0.0,8.0,2.0,7.0,16.0,0.1830574488802337,0.0662122687439143,0.0019474196689386,0.3982473222979552,0.3505355404089581,0.0,0.0,0.0,1.0,0.0,0.0,0.0,0.0,1.0,0.0,0.0,0.0,188.0,0.0,0.0,0.0,0.0,68.0,0.0,0.0,,,2.0,0.0,0.0,0.0122249388753056,0.0073349633251833,409.0,5.0,3.0,0.0,0.0,360.0,0.0,0.0,0.0,0.1830574488802337,0.0662122687439143,0.0,0.0,0.1587147030185005,0.0126582278481012,0.0,0.0126582278481012,0.3378773125608568,0.0019474196689386,0.2142161635832521,0.0126582278481012,0.0,0.006769825918762,1.75,,0.0,1.0,0.0,0.0,0.006769825918762,0.0038684719535783,0.0,3.2756286266924564,0.1518375241779497,0.0,0.1654929577464788,0.1525821596244131,0.2857142857142857,0.1428571428571428,0.2007042253521127,0.7,0.6666666666666666,0.1518375241779497,0.1914893617021276,0.0638297872340425,0.5125725338491296,0.0802707930367504,0.0,0.0,0.4285714285714285,0.0,0.4285714285714285,0.1428571428571428,0.0,0.0,0.5,0.25,0.25,0.0,0.0,852.0,6.941190055068375,1.3862943611198906,1.9459101490553128,0.5596157879354227,-4.995279906013061,-5.554895693948484,,,,,,,,CristinAdTentacula24,987,1.0,2750.0,2750.0,2750.0,EUR,2750.0,25.0,68750.0,68750.0,2024-09-04,TBC (Pre-order),PE,Silkscreen print,Confirmed,exact,1.0,0.0,
Iskra Velitchkova · EYENESSLESS · 2024 Q3,Iskra Velitchkova,EYENESSLESS,2024 Q3,2024,2024-08-12,2026-09-08,1170.0,8.0,6.0,2024-08-28,2024-09-10,2024-09-10,2024-08-28,2024-09-10,inferred,trace,,fewer than 10 entries and 10 units,,,,,,,,,,,,,,,,,,,,,,,,,,,,,,,,,,,,,,,,,,,,,,,,,,,,,,,,,,,,,,,,,,,,,,,,,,,,,,,,,,,,,,,,,,,,,,,,,,,,,,,,,,,,,,,,,,,,,,,,,,,,,,,,IskraVeliEyeless24,1851,1.0,2000.0,2000.0,2000.0,EUR,2000.0,30.0,60000.0,60000.0,2024-09-10,Draw,PE,Digital print,Confirmed,exact,1.0,0.0,
"Jack Kaido · ICYMI, 2024 · 2024 Q4",Jack Kaido,"ICYMI, 2024",2024 Q4,2024,2024-09-26,2026-09-10,1346.0,20.0,15.0,2024-10-16,2024-10-31,2024-10-31,2024-10-16,2024-10-31,inferred,draw,,under 10 eligible entry units in the window,2024-09-01,2024-11-03,15.0,2286.0,1162.0,15.0,0.0,0.0,20.0,11.0,0.0,20.0,7.0,0.0,11.0,0.0,2.0,14.0,0.0,8.0,15.0,0.466321243523316,0.2633851468048359,0.0,0.270293609671848,0.0,0.5714285714285714,0.1428571428571428,0.0,0.2857142857142857,0.0,0.3684210526315789,0.2631578947368421,0.0,0.3684210526315789,0.0,0.0074074074074074,0.0129629629629629,540.0,4.0,7.0,0.0032786885245901,0.0163934426229508,305.0,1.0,5.0,,,0.0,0.0,0.0,0.0063897763578274,0.0223642172523961,313.0,2.0,7.0,,,0.0,0.0,0.0,0.0,0.466321243523316,0.0483592400690846,0.0,0.2150259067357512,0.1502590673575129,0.0112262521588946,0.001727115716753,0.0,0.0,0.0,0.044041450777202,0.0043177892918825,0.0587219343696027,0.0034423407917383,0.4,1.1428571428571428,0.55,0.0,0.35,0.1,0.0068846815834767,0.0172117039586919,0.875,1.967297762478485,0.0103270223752151,0.0,0.4775179856115107,0.3120503597122302,0.625,0.375,0.3758992805755395,0.1333333333333333,0.0,0.0103270223752151,0.5103270223752151,0.059380378657487,0.2547332185886403,0.1652323580034423,0.0,0.0,0.625,0.0,0.0,0.375,0.0,0.0,0.0,0.0,0.5,0.5,0.0,1112.0,7.057897937411856,2.995732273553991,2.079441541679836,-0.916290731874155,-4.978456395732021,-4.062165663857866,,,,,,,,JackKaidoICYMI24,2181,1.0,2500.0,2500.0,2500.0,EUR,2500.0,25.0,62500.0,62500.0,2024-10-31,Draw,PE,Digital print,Confirmed,exact,1.0,0.0,
Jordan Casteel · Multiple · 2025 Q1,Jordan Casteel,Multiple,2025 Q1,2025,2024-11-14,2026-08-30,5201.0,26.0,17.0,2024-12-10,2025-01-28,2025-01-28,2024-12-10,2025-01-28,inferred,draw,,under 10 eligible entry units in the window,2024-10-26,2025-01-31,49.0,6633.0,5034.0,17.0,0.0,0.0,17.0,3.0,0.0,26.0,10.0,0.0,3.0,0.0,13.0,12.0,0.0,9.0,17.0,0.0921915358633022,0.0025829525134114,0.0007947546195112,0.0357639578780051,0.8686667991257699,0.2222222222222222,0.1111111111111111,0.0,0.3333333333333333,0.3333333333333333,0.5,0.125,0.0,0.1875,0.1875,0.0043103448275862,0.0172413793103448,464.0,2.0,8.0,,,13.0,1.0,2.0,,,4.0,0.0,0.0,0.0166666666666666,0.0166666666666666,180.0,3.0,3.0,0.0006861848124428,0.0006861848124428,4372.0,3.0,3.0,0.0007947546195112,0.0913967812437909,0.0025829525134114,0.0,0.0,0.024637393204848,0.0037750844426783,0.0001986886548778,0.0,0.8686667991257699,0.0007947546195112,0.0059606596463341,0.0011921319292668,0.0,0.0001986491855383,0.3461538461538461,0.9,0.1153846153846153,0.0,0.3846153846153846,0.5,0.001787842669845,0.0051648788239968,1.1111111111111112,1.3176400476758046,0.024632499006754,0.0769230769230769,0.0597715218278253,0.0214198286413708,0.1111111111111111,0.2222222222222222,0.0828233374133007,0.4693877551020408,0.5306122448979592,0.024632499006754,0.1861342868494239,0.7638061183949146,0.0210568136670639,0.0043702820818434,0.0,0.0,0.3333333333333333,0.3333333333333333,0.3333333333333333,0.0,0.0,0.0769230769230769,0.4615384615384615,0.0,0.0384615384615384,0.4230769230769231,0.0,4902.0,8.523970175695261,3.258096538021482,2.19722457733622,-1.0608719606852628,-6.326745598359042,-5.265873637673779,,,,,,,,MultipleAmphorae24,2094,1.0,6000.0,6000.0,6000.0,EUR,6000.0,30.0,180000.0,180000.0,2025-01-28,Draw,SE,High cost 3D edition,Confirmed,artist+window,1.0,0.0,titles: Peak Summer
Adam Pendleton · Multiple · 2025 Q1,Adam Pendleton,Multiple,2025 Q1,2025,2024-11-12,2026-09-07,14239.0,10.0,16.0,2024-12-22,2025-01-28,2025-01-28,2024-12-22,2025-01-28,inferred,draw,,under 10 eligible entry units in the window,2024-11-07,2025-01-31,37.0,17983.0,13305.0,16.0,0.0,0.0,10.0,0.0,0.0,10.0,8.0,0.0,0.0,0.0,2.0,12.0,0.0,7.0,16.0,0.2063492063492063,0.0431053938162942,0.0314451214925148,0.1711427066877303,0.5479575716542541,0.1428571428571428,0.0,0.0,0.2857142857142857,0.5714285714285714,0.1111111111111111,0.0,0.0,0.4444444444444444,0.4444444444444444,0.0003645643456069,0.0003645643456069,2743.0,1.0,1.0,0.0,0.0,573.0,0.0,0.0,0.0,0.0,418.0,0.0,0.0,0.0008791208791208,0.0017582417582417,2275.0,2.0,4.0,0.00054914881933,0.00054914881933,7284.0,4.0,4.0,0.0008275031971714,0.2055217031520349,0.0431053938162942,0.0002256826901376,0.0,0.0810953133228014,0.0065447980139923,0.0001504551267584,0.0,0.5479575716542541,0.0314451214925148,0.0462649514782216,0.0368615060558188,0.0,0.000901916572717,0.7,0.875,0.0,0.0,0.8,0.2,0.0005261180007515,0.0007515971439308,1.1428571428571428,1.3515971439308532,0.2510334460729049,0.2,0.0532334783928752,0.0853152514927639,0.2857142857142857,0.2857142857142857,0.0532334783928752,0.5675675675675675,0.4594594594594595,0.2510334460729049,0.1966178128523111,0.2802705749718151,0.2568959037955656,0.0151822623074032,0.0,0.0,0.4285714285714285,0.1428571428571428,0.2857142857142857,0.1428571428571428,0.0,0.2,0.0,0.0,0.0,0.8,0.0,9881.0,9.49589518341179,2.302585092994046,1.9459101490553128,-0.3566749439387324,-7.549985034356476,-7.193310090417744,,,,,,,,MultipleAmphorae24,2104,1.0,6000.0,6000.0,6000.0,EUR,6000.0,30.0,180000.0,180000.0,2025-01-28,Draw,SE,High cost 3D edition,Confirmed,artist+window,1.0,0.0,titles: Untitled (Blue Amphora)
Josh Smith · Multiple · 2025 Q1,Josh Smith,Multiple,2025 Q1,2025,2024-11-15,2026-08-29,6597.0,7.0,8.0,2024-12-27,2025-01-28,2025-01-28,2024-12-27,2025-01-28,inferred,trace,,fewer than 10 entries and 10 units,,,,,,,,,,,,,,,,,,,,,,,,,,,,,,,,,,,,,,,,,,,,,,,,,,,,,,,,,,,,,,,,,,,,,,,,,,,,,,,,,,,,,,,,,,,,,,,,,,,,,,,,,,,,,,,,,,,,,,,,,,,,,,,,MultipleAmphorae24,2092,1.0,6000.0,6000.0,6000.0,EUR,6000.0,30.0,180000.0,180000.0,2025-01-28,Draw,SE,High cost 3D edition,Confirmed,artist+window,1.0,0.0,titles: Palm Amphora
"Oscar yi Hou · Coolieisms, aka: Born In The USA (Go And Kill The Yellow Man) · 2025 Q2",Oscar yi Hou,"Coolieisms, aka: Born In The USA (Go And Kill The Yellow Man)",2025 Q2,2025,2025-03-04,2026-09-10,7278.0,5.0,7.0,2025-04-04,2025-04-22,2025-04-22,2025-04-04,2025-04-22,inferred,trace,,fewer than 10 entries and 10 units,,,,,,,,,,,,,,,,,,,,,,,,,,,,,,,,,,,,,,,,,,,,,,,,,,,,,,,,,,,,,,,,,,,,,,,,,,,,,,,,,,,,,,,,,,,,,,,,,,,,,,,,,,,,,,,,,,,,,,,,,,,,,,,,OscaryiCool25,2214,1.0,3500.0,3500.0,3500.0,EUR,3500.0,30.0,105000.0,105000.0,2025-04-22,Draw,PE,Hybrid print,Confirmed,exact,1.0,0.0,
William Blake · Multiple · 2025 Q4,William Blake,Multiple,2025 Q4,2025,2025-11-04,2026-09-10,2744.0,10.0,19.0,2025-11-17,2025-12-08,,2025-11-17,2025-12-08,inferred,draw,,under 10 eligible entry units in the window,2025-10-03,2025-12-11,21.0,5446.0,2485.0,11.0,8.0,0.0,8.0,1.0,0.0,10.0,0.0,3.0,1.0,3.0,3.0,12.0,0.0,3.0,19.0,0.2398062171982236,0.1820750908356883,0.0,0.2607993540573274,0.3173193379087606,0.0,0.0,0.0,1.0,0.0,0.2222222222222222,0.0,0.0,0.7777777777777778,0.0,0.0,0.0033670033670033,594.0,0.0,2.0,0.0,0.0,451.0,0.0,0.0,,,0.0,0.0,0.0,0.0030959752321981,0.0108359133126934,646.0,2.0,7.0,0.0,0.0,786.0,0.0,0.0,0.0,0.2398062171982236,0.1792490916431166,0.0,0.0028259991925716,0.1001211142511102,0.0096891400888171,0.0004037141703673,0.0,0.3173193379087606,0.0,0.0104965684295518,0.1396851029471134,0.0004037141703673,0.0032193158953722,0.3,,0.1,0.3,0.0,0.6,0.0012072434607645,0.0040241448692152,0.0,2.191549295774648,0.187122736418511,0.0,0.7045579352004393,0.0230642504118616,0.3333333333333333,0.0,0.2883031301482702,0.0476190476190476,0.7142857142857143,0.187122736418511,0.5927565392354125,0.0607645875251509,0.0712273641851106,0.0881287726358149,0.0,0.0,0.3333333333333333,0.0,0.6666666666666666,0.0,0.0,0.0,0.6,0.1,0.2,0.1,0.0,1821.0,7.818027938530729,2.302585092994046,1.0986122886681098,-1.203972804325936,-6.719415649862619,-5.515442845536684,,,,,,,,WilliamBlLE25,2360|2779|2524|2525,4.0,350.0,350.0,350.0,EUR,350.0,24.0,8400.0,8400.0,2025-12-12,Draw,PE,Digital print,Confirmed,artist+window,1.0,4.0,"titles: Night the First / Night the First, Night the Second, Night the Third / Night the Second / Night the Third"
Glenn Ligon · Multiple · 2026 Q3,Glenn Ligon,Multiple,2026 Q3,2026,2026-07-02,2026-09-10,9649.0,130.0,206.0,2026-08-17,2026-09-10,,2026-08-17,2026-09-17,clock,draw,,in flight / not settled,,,,,,,,,,,,,,,,,,,,,,,,,,,,,,,,,,,,,,,,,,,,,,,,,,,,,,,,,,,,,,,,,,,,,,,,,,,,,,,,,,,,,,,,,,,,,,,,,,,,,,,,,,,,,,,,,,,,,,,,,,,,,,,,GlennLigonLE26,2583|2926,2.0,3000.0,3000.0,3000.0,EUR,3000.0,150.0,450000.0,450000.0,2026-09-17,Draw,PE,Silkscreen print,Confirmed,artist+window,1.0,0.0,titles: Untitled (White on White) / fca
Salvador Dali Estate · Multiple · 2026 Q3,Salvador Dali Estate,Multiple,2026 Q3,2026,2026-07-02,2026-09-10,69161.0,696.0,2111.0,2026-08-21,2026-09-10,,2026-08-21,2026-09-11,clock,draw,,in flight / not settled,,,,,,,,,,,,,,,,,,,,,,,,,,,,,,,,,,,,,,,,,,,,,,,,,,,,,,,,,,,,,,,,,,,,,,,,,,,,,,,,,,,,,,,,,,,,,,,,,,,,,,,,,,,,,,,,,,,,,,,,,,,,,,,,SalvadorDaliLE26,2821|3047|3046,3.0,500.0,500.0,500.0,EUR,500.0,1200.0,600000.0,600000.0,2026-09-11,Draw,PE,Digital print,Confirmed,artist+window,1.0,0.0,titles: Millet's Architectonic Angelus / The Phantom Cart / The Spectre of Sex Appeal
Ai Weiwei · Multiple · 2026 Q3,Ai Weiwei,Multiple,2026 Q3,2026,2026-06-05,2026-09-10,2545.0,11.0,27.0,2026-08-28,2026-09-09,,2026-08-28,2026-09-09,inferred,draw,,in flight / not settled,,,,,,,,,,,,,,,,,,,,,,,,,,,,,,,,,,,,,,,,,,,,,,,,,,,,,,,,,,,,,,,,,,,,,,,,,,,,,,,,,,,,,,,,,,,,,,,,,,,,,,,,,,,,,,,,,,,,,,,,,,,,,,,,AiWeiweiButton26,3262|3261|2929|3260,4.0,8250.0,8250.0,8250.0,EUR,8250.0,20.0,165000.0,165000.0,2026-09-24,Draw,PE,Digital print,Confirmed,artist+window,1.0,15.0,titles: F.U.C.K. (Black & White) / F.U.C.K. (Blue) / F.U.C.K. (Yellow) / F.U.C.K.(Red)
Julian Schnabel · Multiple · 2026 Q3,Julian Schnabel,Multiple,2026 Q3,2026,2026-07-28,2026-09-10,5576.0,67.0,105.0,2026-09-02,2026-09-09,,2026-08-31,2026-09-25,clock,draw,,in flight / not settled,,,,,,,,,,,,,,,,,,,,,,,,,,,,,,,,,,,,,,,,,,,,,,,,,,,,,,,,,,,,,,,,,,,,,,,,,,,,,,,,,,,,,,,,,,,,,,,,,,,,,,,,,,,,,,,,,,,,,,,,,,,,,,,,JulianSchnabelLE26,2843|2966|2967,3.0,1500.0,1500.0,1500.0,EUR,1500.0,600.0,900000.0,900000.0,2026-09-25,Draw,PE,Silkscreen print,Confirmed,artist+window,1.0,0.0,"titles: Don’t Let It Bring You Down, It’s Only Castles Burning (For Neil Young) I / Don’t Let It Bring You Down, It’s Only Castl"
Andy Warhol Estate · Multiple · 2026 Q3,Andy Warhol Estate,Multiple,2026 Q3,2026,2026-07-13,2026-09-10,30622.0,278.0,268.0,2026-09-01,2026-09-10,,2026-09-02,2026-09-30,clock,draw,,in flight / not settled,,,,,,,,,,,,,,,,,,,,,,,,,,,,,,,,,,,,,,,,,,,,,,,,,,,,,,,,,,,,,,,,,,,,,,,,,,,,,,,,,,,,,,,,,,,,,,,,,,,,,,,,,,,,,,,,,,,,,,,,,,,,,,,,AndyWarholTL26,3066|3063|3232|3064|2383|3065|3062|3191|3192|3190|3188|3189|3187,13.0,778.688524590164,750.0,2500.0,EUR,778.688524590164,6100.0,4750000.0,4750000.0,2026-09-30,Draw,PE,Silkscreen print,Confirmed,artist+window,1.0,0.0,titles: Brillo Box Collectable (Green Landscape) / Brillo Box Collectable (Green Portrait) / Brillo Box Collectable (Lifesize) /
"Robert Longo · Untitled (Sandy, from the series “Men in the Cities”) · 2026 Q3",Robert Longo,"Untitled (Sandy, from the series “Men in the Cities”)",2026 Q3,2026,2026-08-07,2026-09-10,5030.0,35.0,29.0,2026-09-07,2026-09-08,,2026-09-07,2026-09-29,clock,draw,,in flight / not settled,,,,,,,,,,,,,,,,,,,,,,,,,,,,,,,,,,,,,,,,,,,,,,,,,,,,,,,,,,,,,,,,,,,,,,,,,,,,,,,,,,,,,,,,,,,,,,,,,,,,,,,,,,,,,,,,,,,,,,,,,,,,,,,,RobertLongoLE26,2470,1.0,5200.0,5200.0,5200.0,EUR,5200.0,200.0,1040000.0,1040000.0,2026-09-29,Draw,PE,Silkscreen print,Confirmed,exact,1.0,0.0,
A-Lei · Magesian · 2022 Q3,A-Lei,Magesian,2022 Q3,2022,2023-01-01,2026-09-10,138.0,0.0,0.0,,,,,,inferred,trace,,fewer than 10 entries and 10 units,,,,,,,,,,,,,,,,,,,,,,,,,,,,,,,,,,,,,,,,,,,,,,,,,,,,,,,,,,,,,,,,,,,,,,,,,,,,,,,,,,,,,,,,,,,,,,,,,,,,,,,,,,,,,,,,,,,,,,,,,,,,,,,,22.07A-leiMagesian,885,1.0,7800.0,7800.0,7800.0,EUR,7800.0,20.0,156000.0,156000.0,2022-07-15,Enquiry,SE,High cost 3D edition,Confirmed,exact,1.0,,
Aaron Johnson · Suburban Dreams · 2023 Q2,Aaron Johnson,Suburban Dreams,2023 Q2,2023,2023-05-03,2026-09-10,909.0,5.0,0.0,,,,,,inferred,trace,,fewer than 10 entries and 10 units,,,,,,,,,,,,,,,,,,,,,,,,,,,,,,,,,,,,,,,,,,,,,,,,,,,,,,,,,,,,,,,,,,,,,,,,,,,,,,,,,,,,,,,,,,,,,,,,,,,,,,,,,,,,,,,,,,,,,,,,,,,,,,,,2023.05Aaron JohnsoPE,785,1.0,1000.0,1000.0,1000.0,EUR,1000.0,30.0,30000.0,30000.0,2023-05-31,Draw,PE,Hybrid print,Confirmed,exact,1.0,,
Adriana Oliver · My way back to you · 2022 Q4,Adriana Oliver,My way back to you,2022 Q4,2022,2023-01-01,2026-09-09,275.0,0.0,0.0,,,,,,inferred,trace,,fewer than 10 entries and 10 units,,,,,,,,,,,,,,,,,,,,,,,,,,,,,,,,,,,,,,,,,,,,,,,,,,,,,,,,,,,,,,,,,,,,,,,,,,,,,,,,,,,,,,,,,,,,,,,,,,,,,,,,,,,,,,,,,,,,,,,,,,,,,,,,22.11AOliverMywaybacktoyou,531,1.0,2500.0,2500.0,2500.0,EUR,2500.0,50.0,125000.0,125000.0,2022-11-22,Public,SE,Mid cost 3D edition,Confirmed,exact,1.0,,
Adriana Oliver · Our Day · 2022 Q2,Adriana Oliver,Our Day,2022 Q2,2022,2023-01-01,2026-09-09,388.0,0.0,0.0,,,,,,inferred,trace,,fewer than 10 entries and 10 units,,,,,,,,,,,,,,,,,,,,,,,,,,,,,,,,,,,,,,,,,,,,,,,,,,,,,,,,,,,,,,,,,,,,,,,,,,,,,,,,,,,,,,,,,,,,,,,,,,,,,,,,,,,,,,,,,,,,,,,,,,,,,,,,22.04AOliverOurDay,521,1.0,1600.0,1600.0,1600.0,EUR,1600.0,100.0,160000.0,160000.0,2022-04-25,Draw,PE,Silkscreen print,Confirmed,exact,1.0,,
Alfie Caine · Multiple · 2022 Q3,Alfie Caine,Multiple,2022 Q3,2022,2023-01-01,2026-09-09,710.0,0.0,0.0,,,,,,inferred,trace,,fewer than 10 entries and 10 units,,,,,,,,,,,,,,,,,,,,,,,,,,,,,,,,,,,,,,,,,,,,,,,,,,,,,,,,,,,,,,,,,,,,,,,,,,,,,,,,,,,,,,,,,,,,,,,,,,,,,,,,,,,,,,,,,,,,,,,,,,,,,,,,22.07StudioWorks,829,1.0,4500.0,4500.0,4500.0,EUR,4500.0,2.0,9000.0,9000.0,2022-07-20,Draw,OG,Unique work,Confirmed,artist+quarter,1.0,,titles: Desk with Shells
Amani Lewis · TWO QUEENS: Ode to Romare Bearden · 2021 Q3,Amani Lewis,TWO QUEENS: Ode to Romare Bearden,2021 Q3,2021,2023-01-01,2026-09-10,1556.0,5.0,0.0,,,,,,inferred,trace,,fewer than 10 entries and 10 units,,,,,,,,,,,,,,,,,,,,,,,,,,,,,,,,,,,,,,,,,,,,,,,,,,,,,,,,,,,,,,,,,,,,,,,,,,,,,,,,,,,,,,,,,,,,,,,,,,,,,,,,,,,,,,,,,,,,,,,,,,,,,,,,21.07ALewisTwo Queens,170,1.0,1200.0,1200.0,1200.0,EUR,1200.0,70.0,84000.0,84000.0,2021-07-07,Public,PE,Hybrid print,Confirmed,exact,1.0,,
Amir H. Fallah · Multiple · 2022 Q2,Amir H. Fallah,Multiple,2022 Q2,2022,2023-01-01,2026-08-28,910.0,9.0,0.0,,,,,,inferred,trace,,fewer than 10 entries and 10 units,,,,,,,,,,,,,,,,,,,,,,,,,,,,,,,,,,,,,,,,,,,,,,,,,,,,,,,,,,,,,,,,,,,,,,,,,,,,,,,,,,,,,,,,,,,,,,,,,,,,,,,,,,,,,,,,,,,,,,,,,,,,,,,,22.06AFallahEternalReflection,568|852|853|851,4.0,3000.0,3000.0,3000.0,EUR,3000.0,80.0,240000.0,240000.0,2022-06-13,Public,PE,Complex print,Confirmed,artist+quarter,1.0,,titles: Eternal Reflection (Pink) / Eternal Reflection (Purple) / Eternal Reflection (Teal) / Eternal Reflection (Yellow)
Angel Otero · Broken Record · 2022 Q2,Angel Otero,Broken Record,2022 Q2,2022,2023-01-01,2026-09-08,835.0,5.0,0.0,,,,,,inferred,trace,,fewer than 10 entries and 10 units,,,,,,,,,,,,,,,,,,,,,,,,,,,,,,,,,,,,,,,,,,,,,,,,,,,,,,,,,,,,,,,,,,,,,,,,,,,,,,,,,,,,,,,,,,,,,,,,,,,,,,,,,,,,,,,,,,,,,,,,,,,,,,,,22.06AOteroBrokenRecord,563,1.0,4000.0,4000.0,4000.0,EUR,4000.0,25.0,100000.0,100000.0,2022-06-07,Public,HFPE,Hybrid print,Confirmed,exact,1.0,,
Anna Ridler · Price Per Stem · 2025 Q1,Anna Ridler,Price Per Stem,2025 Q1,2025,2025-01-03,2026-09-07,381.0,0.0,0.0,,,,,,inferred,trace,,fewer than 10 entries and 10 units,,,,,,,,,,,,,,,,,,,,,,,,,,,,,,,,,,,,,,,,,,,,,,,,,,,,,,,,,,,,,,,,,,,,,,,,,,,,,,,,,,,,,,,,,,,,,,,,,,,,,,,,,,,,,,,,,,,,,,,,,,,,,,,,AnnaRidlePriceStem24,1986,1.0,10000.0,10000.0,10000.0,EUR,10000.0,25.0,250000.0,250000.0,2025-01-08,Draw,PE,Digital print,Confirmed,exact,1.0,,
Anna Weyant · Loose Screw · 2022 Q2,Anna Weyant,Loose Screw,2022 Q2,2022,2023-01-01,2026-09-08,2164.0,2.0,0.0,,,,,,inferred,trace,,fewer than 10 entries and 10 units,,,,,,,,,,,,,,,,,,,,,,,,,,,,,,,,,,,,,,,,,,,,,,,,,,,,,,,,,,,,,,,,,,,,,,,,,,,,,,,,,,,,,,,,,,,,,,,,,,,,,,,,,,,,,,,,,,,,,,,,,,,,,,,,22.05AWeyantLooseScrew,511,1.0,6000.0,6000.0,6000.0,EUR,6000.0,15.0,90000.0,90000.0,2022-05-26,Public,PE,Silkscreen print,Confirmed,exact,1.0,,
Antony Micallef · The Union of Animals · 2022 Q4,Antony Micallef,The Union of Animals,2022 Q4,2022,2023-01-01,2026-09-04,391.0,0.0,0.0,,,,,,inferred,trace,,fewer than 10 entries and 10 units,,,,,,,,,,,,,,,,,,,,,,,,,,,,,,,,,,,,,,,,,,,,,,,,,,,,,,,,,,,,,,,,,,,,,,,,,,,,,,,,,,,,,,,,,,,,,,,,,,,,,,,,,,,,,,,,,,,,,,,,,,,,,,,,22.10AMicallefUnionOfAnimals,425,1.0,1500.0,1500.0,1500.0,EUR,1500.0,30.0,45000.0,45000.0,2022-10-11,Public,HFPE,Silkscreen print,Confirmed,exact,1.0,,
Arghavan Khosravi · Multiple · 2022 Q1,Arghavan Khosravi,Multiple,2022 Q1,2022,2023-01-01,2026-09-03,210.0,0.0,0.0,,,,,,inferred,trace,,fewer than 10 entries and 10 units,,,,,,,,,,,,,,,,,,,,,,,,,,,,,,,,,,,,,,,,,,,,,,,,,,,,,,,,,,,,,,,,,,,,,,,,,,,,,,,,,,,,,,,,,,,,,,,,,,,,,,,,,,,,,,,,,,,,,,,,,,,,,,,,22.03InternationalWomensWeek,240,1.0,3000.0,3000.0,3000.0,EUR,3000.0,20.0,60000.0,60000.0,2022-03-09,Public,PE,Complex print,Confirmed,artist+quarter,1.0,,titles: The Morning Light
Artspace Amphora Project · Multiple · 2025 Q1,Artspace Amphora Project,Multiple,2025 Q1,2025,2024-11-29,2026-09-09,569.0,3.0,0.0,,,,,,inferred,trace,,fewer than 10 entries and 10 units,,,,,,,,,,,,,,,,,,,,,,,,,,,,,,,,,,,,,,,,,,,,,,,,,,,,,,,,,,,,,,,,,,,,,,,,,,,,,,,,,,,,,,,,,,,,,,,,,,,,,,,,,,,,,,,,,,,,,,,,,,,,,,,,MultipleAmphorae24,1444,1.0,35000.0,35000.0,35000.0,EUR,35000.0,,,,2025-01-28,Enquiry,SE,High cost 3D edition,Confirmed,artist+quarter,1.0,,titles: Amphorae (Full Set)
Aubrey Levinthal · Bed/Beach · 2022 Q1,Aubrey Levinthal,Bed/Beach,2022 Q1,2022,2023-01-02,2026-09-08,361.0,0.0,0.0,,,,,,inferred,trace,,fewer than 10 entries and 10 units,,,,,,,,,,,,,,,,,,,,,,,,,,,,,,,,,,,,,,,,,,,,,,,,,,,,,,,,,,,,,,,,,,,,,,,,,,,,,,,,,,,,,,,,,,,,,,,,,,,,,,,,,,,,,,,,,,,,,,,,,,,,,,,,22.02ALevinthalBed/Beach,308,1.0,575.0,575.0,575.0,EUR,575.0,20.0,11500.0,11500.0,2022-02-24,Public,PE,Hybrid print,Confirmed,exact,1.0,,
Baldur Helgason · Picaresque · 2022 Q4,Baldur Helgason,Picaresque,2022 Q4,2022,2023-01-01,2026-09-10,209.0,3.0,0.0,,,,,,inferred,trace,,fewer than 10 entries and 10 units,,,,,,,,,,,,,,,,,,,,,,,,,,,,,,,,,,,,,,,,,,,,,,,,,,,,,,,,,,,,,,,,,,,,,,,,,,,,,,,,,,,,,,,,,,,,,,,,,,,,,,,,,,,,,,,,,,,,,,,,,,,,,,,,22.10BHelgasonPicaresque,469,1.0,1500.0,1500.0,1500.0,EUR,1500.0,50.0,75000.0,75000.0,2022-11-14,Public,PE,Silkscreen print,Confirmed,exact,1.0,,
Bell Nakai · Multiple · 2022 Q3,Bell Nakai,Multiple,2022 Q3,2022,2023-01-02,2026-08-17,102.0,0.0,0.0,,,,,,inferred,trace,,fewer than 10 entries and 10 units,,,,,,,,,,,,,,,,,,,,,,,,,,,,,,,,,,,,,,,,,,,,,,,,,,,,,,,,,,,,,,,,,,,,,,,,,,,,,,,,,,,,,,,,,,,,,,,,,,,,,,,,,,,,,,,,,,,,,,,,,,,,,,,,22.07StudioWorks,839,1.0,1400.0,1400.0,1400.0,EUR,1400.0,1.0,1400.0,1400.0,2022-07-20,Draw,OG,Unique work,Confirmed,artist+quarter,1.0,,titles: Crypto Princess
Bridget Mullen · Multiple · 2023 Q3,Bridget Mullen,Multiple,2023 Q3,2023,2023-09-08,2026-09-10,376.0,3.0,0.0,,,,,,inferred,trace,,fewer than 10 entries and 10 units,,,,,,,,,,,,,,,,,,,,,,,,,,,,,,,,,,,,,,,,,,,,,,,,,,,,,,,,,,,,,,,,,,,,,,,,,,,,,,,,,,,,,,,,,,,,,,,,,,,,,,,,,,,,,,,,,,,,,,,,,,,,,,,,2023.09Bridget MullHFPE,1872|1845|1877|1878|1879|1848|1880|1875|1849|1876|1870|1871|1186|1873|1846|1874,16.0,2196.4285714285716,2000.0,2250.0,EUR,2196.4285714285716,14.0,30750.0,30750.0,2023-09-27,Public,HFPE,Silkscreen print,Confirmed,artist+quarter,1.0,,titles: Are We Building? 1 [PP - NOT FOR SALE] / Are We Building? 2 / Back 1 / Back 2 / Back 3 / Back 4 / Back 5 / Headland 1 / 
Bäst · Sunday Afternoon · 2022 Q4,Bäst,Sunday Afternoon,2022 Q4,2022,2023-01-01,2026-09-10,1291.0,3.0,0.0,,,,,,inferred,trace,,fewer than 10 entries and 10 units,,,,,,,,,,,,,,,,,,,,,,,,,,,,,,,,,,,,,,,,,,,,,,,,,,,,,,,,,,,,,,,,,,,,,,,,,,,,,,,,,,,,,,,,,,,,,,,,,,,,,,,,,,,,,,,,,,,,,,,,,,,,,,,,22.11BastSundayAfternoon,712,1.0,1500.0,1500.0,1500.0,EUR,1500.0,80.0,120000.0,120000.0,2022-11-04,Draw,PE,Silkscreen print,Confirmed,exact,1.0,,
Camilla Engström · Yellow Moon · 2022 Q3,Camilla Engström,Yellow Moon,2022 Q3,2022,2023-01-01,2026-09-09,772.0,1.0,0.0,,,,,,inferred,trace,,fewer than 10 entries and 10 units,,,,,,,,,,,,,,,,,,,,,,,,,,,,,,,,,,,,,,,,,,,,,,,,,,,,,,,,,,,,,,,,,,,,,,,,,,,,,,,,,,,,,,,,,,,,,,,,,,,,,,,,,,,,,,,,,,,,,,,,,,,,,,,,22.09CEngstromYellow Moon,651,1.0,900.0,900.0,900.0,EUR,900.0,50.0,45000.0,45000.0,2022-09-01,Public,PE,Hybrid print,Confirmed,exact,1.0,,
Che Lovelace · Emerald and Sun Dancers · 2022 Q3,Che Lovelace,Emerald and Sun Dancers,2022 Q3,2022,2023-01-01,2026-09-09,1340.0,4.0,0.0,,,,,,inferred,trace,,fewer than 10 entries and 10 units,,,,,,,,,,,,,,,,,,,,,,,,,,,,,,,,,,,,,,,,,,,,,,,,,,,,,,,,,,,,,,,,,,,,,,,,,,,,,,,,,,,,,,,,,,,,,,,,,,,,,,,,,,,,,,,,,,,,,,,,,,,,,,,,22.08CLovelaceEmerald,315,1.0,3250.0,3250.0,3250.0,EUR,3250.0,20.0,65000.0,65000.0,2022-09-13,Public,HFPE,Silkscreen print,Confirmed,exact,1.0,,
Christian Rex van Minnen · A Sweet Tiger Man · 2021 Q4,Christian Rex van Minnen,A Sweet Tiger Man,2021 Q4,2021,2023-01-04,2026-09-09,15.0,0.0,0.0,,,,,,inferred,trace,,fewer than 10 entries and 10 units,,,,,,,,,,,,,,,,,,,,,,,,,,,,,,,,,,,,,,,,,,,,,,,,,,,,,,,,,,,,,,,,,,,,,,,,,,,,,,,,,,,,,,,,,,,,,,,,,,,,,,,,,,,,,,,,,,,,,,,,,,,,,,,,21.12CRMAvatars,219,1.0,8500.0,8500.0,8500.0,EUR,8500.0,10.0,85000.0,85000.0,2021-12-14,Public,OG,Unique work,Confirmed,artist+quarter,1.0,,titles: Series Title: Avatars Individual Titles: See spreadsheet -
Christian Rex van Minnen · Angry Feels · 2021 Q4,Christian Rex van Minnen,Angry Feels,2021 Q4,2021,2023-01-04,2026-08-14,13.0,0.0,0.0,,,,,,inferred,trace,,fewer than 10 entries and 10 units,,,,,,,,,,,,,,,,,,,,,,,,,,,,,,,,,,,,,,,,,,,,,,,,,,,,,,,,,,,,,,,,,,,,,,,,,,,,,,,,,,,,,,,,,,,,,,,,,,,,,,,,,,,,,,,,,,,,,,,,,,,,,,,,21.12CRMAvatars,219,1.0,8500.0,8500.0,8500.0,EUR,8500.0,10.0,85000.0,85000.0,2021-12-14,Public,OG,Unique work,Confirmed,artist+quarter,1.0,,titles: Series Title: Avatars Individual Titles: See spreadsheet -
Christian Rex van Minnen · Deep Web Golden Bunny · 2021 Q4,Christian Rex van Minnen,Deep Web Golden Bunny,2021 Q4,2021,2023-01-04,2026-08-24,21.0,0.0,0.0,,,,,,inferred,trace,,fewer than 10 entries and 10 units,,,,,,,,,,,,,,,,,,,,,,,,,,,,,,,,,,,,,,,,,,,,,,,,,,,,,,,,,,,,,,,,,,,,,,,,,,,,,,,,,,,,,,,,,,,,,,,,,,,,,,,,,,,,,,,,,,,,,,,,,,,,,,,,21.12CRMAvatars,219,1.0,8500.0,8500.0,8500.0,EUR,8500.0,10.0,85000.0,85000.0,2021-12-14,Public,OG,Unique work,Confirmed,artist+quarter,1.0,,titles: Series Title: Avatars Individual Titles: See spreadsheet -
Christian Rex van Minnen · GM Bullish · 2021 Q4,Christian Rex van Minnen,GM Bullish,2021 Q4,2021,2023-03-10,2026-09-08,25.0,0.0,0.0,,,,,,inferred,trace,,fewer than 10 entries and 10 units,,,,,,,,,,,,,,,,,,,,,,,,,,,,,,,,,,,,,,,,,,,,,,,,,,,,,,,,,,,,,,,,,,,,,,,,,,,,,,,,,,,,,,,,,,,,,,,,,,,,,,,,,,,,,,,,,,,,,,,,,,,,,,,,21.12CRMAvatars,219,1.0,8500.0,8500.0,8500.0,EUR,8500.0,10.0,85000.0,85000.0,2021-12-14,Public,OG,Unique work,Confirmed,artist+quarter,1.0,,titles: Series Title: Avatars Individual Titles: See spreadsheet -
Christian Rex van Minnen · GN Bearish · 2021 Q4,Christian Rex van Minnen,GN Bearish,2021 Q4,2021,2023-01-03,2026-09-08,23.0,0.0,0.0,,,,,,inferred,trace,,fewer than 10 entries and 10 units,,,,,,,,,,,,,,,,,,,,,,,,,,,,,,,,,,,,,,,,,,,,,,,,,,,,,,,,,,,,,,,,,,,,,,,,,,,,,,,,,,,,,,,,,,,,,,,,,,,,,,,,,,,,,,,,,,,,,,,,,,,,,,,,21.12CRMAvatars,219,1.0,8500.0,8500.0,8500.0,EUR,8500.0,10.0,85000.0,85000.0,2021-12-14,Public,OG,Unique work,Confirmed,artist+quarter,1.0,,titles: Series Title: Avatars Individual Titles: See spreadsheet -
Christian Rex van Minnen · Hello Fren · 2021 Q4,Christian Rex van Minnen,Hello Fren,2021 Q4,2021,2023-01-09,2026-08-24,22.0,0.0,0.0,,,,,,inferred,trace,,fewer than 10 entries and 10 units,,,,,,,,,,,,,,,,,,,,,,,,,,,,,,,,,,,,,,,,,,,,,,,,,,,,,,,,,,,,,,,,,,,,,,,,,,,,,,,,,,,,,,,,,,,,,,,,,,,,,,,,,,,,,,,,,,,,,,,,,,,,,,,,21.12CRMAvatars,219,1.0,8500.0,8500.0,8500.0,EUR,8500.0,10.0,85000.0,85000.0,2021-12-14,Public,OG,Unique work,Confirmed,artist+quarter,1.0,,titles: Series Title: Avatars Individual Titles: See spreadsheet -
Christian Rex van Minnen · Rare Hero · 2021 Q4,Christian Rex van Minnen,Rare Hero,2021 Q4,2021,2023-02-08,2026-09-08,23.0,0.0,0.0,,,,,,inferred,trace,,fewer than 10 entries and 10 units,,,,,,,,,,,,,,,,,,,,,,,,,,,,,,,,,,,,,,,,,,,,,,,,,,,,,,,,,,,,,,,,,,,,,,,,,,,,,,,,,,,,,,,,,,,,,,,,,,,,,,,,,,,,,,,,,,,,,,,,,,,,,,,,21.12CRMAvatars,219,1.0,8500.0,8500.0,8500.0,EUR,8500.0,10.0,85000.0,85000.0,2021-12-14,Public,OG,Unique work,Confirmed,artist+quarter,1.0,,titles: Series Title: Avatars Individual Titles: See spreadsheet -
Christian Rex van Minnen · The Expert · 2021 Q4,Christian Rex van Minnen,The Expert,2021 Q4,2021,2023-01-13,2026-09-08,254.0,0.0,0.0,,,,,,inferred,trace,,fewer than 10 entries and 10 units,,,,,,,,,,,,,,,,,,,,,,,,,,,,,,,,,,,,,,,,,,,,,,,,,,,,,,,,,,,,,,,,,,,,,,,,,,,,,,,,,,,,,,,,,,,,,,,,,,,,,,,,,,,,,,,,,,,,,,,,,,,,,,,,21.12CRMAvatars,219,1.0,8500.0,8500.0,8500.0,EUR,8500.0,10.0,85000.0,85000.0,2021-12-14,Public,OG,Unique work,Confirmed,artist+quarter,1.0,,titles: Series Title: Avatars Individual Titles: See spreadsheet -
Christian Rex van Minnen · Very Thick Avatar · 2021 Q4,Christian Rex van Minnen,Very Thick Avatar,2021 Q4,2021,2023-01-26,2026-08-24,17.0,0.0,0.0,,,,,,inferred,trace,,fewer than 10 entries and 10 units,,,,,,,,,,,,,,,,,,,,,,,,,,,,,,,,,,,,,,,,,,,,,,,,,,,,,,,,,,,,,,,,,,,,,,,,,,,,,,,,,,,,,,,,,,,,,,,,,,,,,,,,,,,,,,,,,,,,,,,,,,,,,,,,21.12CRMAvatars,219,1.0,8500.0,8500.0,8500.0,EUR,8500.0,10.0,85000.0,85000.0,2021-12-14,Public,OG,Unique work,Confirmed,artist+quarter,1.0,,titles: Series Title: Avatars Individual Titles: See spreadsheet -
Christian Rex van Minnen · Very Thin Avatar · 2021 Q4,Christian Rex van Minnen,Very Thin Avatar,2021 Q4,2021,2023-01-02,2026-08-25,17.0,0.0,0.0,,,,,,inferred,trace,,fewer than 10 entries and 10 units,,,,,,,,,,,,,,,,,,,,,,,,,,,,,,,,,,,,,,,,,,,,,,,,,,,,,,,,,,,,,,,,,,,,,,,,,,,,,,,,,,,,,,,,,,,,,,,,,,,,,,,,,,,,,,,,,,,,,,,,,,,,,,,,21.12CRMAvatars,219,1.0,8500.0,8500.0,8500.0,EUR,8500.0,10.0,85000.0,85000.0,2021-12-14,Public,OG,Unique work,Confirmed,artist+quarter,1.0,,titles: Series Title: Avatars Individual Titles: See spreadsheet -
Clayton Schiff · Visitor · 2022 Q3,Clayton Schiff,Visitor,2022 Q3,2022,2023-01-01,2026-09-09,905.0,10.0,0.0,,,,,,inferred,no_draw,,launched before the export (catalogue traffic only),,,,,,,,,,,,,,,,,,,,,,,,,,,,,,,,,,,,,,,,,,,,,,,,,,,,,,,,,,,,,,,,,,,,,,,,,,,,,,,,,,,,,,,,,,,,,,,,,,,,,,,,,,,,,,,,,,,,,,,,,,,,,,,,22.07CSchiffVisitor,510,1.0,750.0,750.0,750.0,EUR,750.0,30.0,22500.0,22500.0,2022-07-29,Public,PE,Silkscreen print,Confirmed,exact,1.0,,
Cleon Peterson · Multiple · 2022 Q2,Cleon Peterson,Multiple,2022 Q2,2022,2023-01-02,2026-09-08,870.0,0.0,0.0,,,,,,inferred,trace,,fewer than 10 entries and 10 units,,,,,,,,,,,,,,,,,,,,,,,,,,,,,,,,,,,,,,,,,,,,,,,,,,,,,,,,,,,,,,,,,,,,,,,,,,,,,,,,,,,,,,,,,,,,,,,,,,,,,,,,,,,,,,,,,,,,,,,,,,,,,,,,22.06CPetersonTheReturn,260|593,2.0,8571.42857142857,6000.0,15000.0,EUR,8571.42857142857,35.0,300000.0,300000.0,2022-06-20,Public,SE,High cost 3D edition,Confirmed,artist+quarter,1.0,,"titles: The Return / The Return, in Aeternum"
Cristina de Miguel · Two figures in the wind · 2022 Q2,Cristina de Miguel,Two figures in the wind,2022 Q2,2022,2023-01-01,2026-08-30,191.0,0.0,0.0,,,,,,inferred,trace,,fewer than 10 entries and 10 units,,,,,,,,,,,,,,,,,,,,,,,,,,,,,,,,,,,,,,,,,,,,,,,,,,,,,,,,,,,,,,,,,,,,,,,,,,,,,,,,,,,,,,,,,,,,,,,,,,,,,,,,,,,,,,,,,,,,,,,,,,,,,,,,22.05CdMiguelTwoFigures,424,1.0,2750.0,2750.0,2750.0,EUR,2750.0,25.0,68750.0,68750.0,2022-05-09,Public,HFPE,Silkscreen print,Confirmed,exact,1.0,,
DRIFT · Sine · 2022 Q3,DRIFT,Sine,2022 Q3,2022,2023-01-01,2026-09-09,4093.0,0.0,0.0,,,,,,inferred,trace,,fewer than 10 entries and 10 units,,,,,,,,,,,,,,,,,,,,,,,,,,,,,,,,,,,,,,,,,,,,,,,,,,,,,,,,,,,,,,,,,,,,,,,,,,,,,,,,,,,,,,,,,,,,,,,,,,,,,,,,,,,,,,,,,,,,,,,,,,,,,,,,22.08DRIFTSINE,238,1.0,7500.0,7500.0,7500.0,EUR,7500.0,50.0,375000.0,375000.0,2022-08-01,Public,SE,High cost 3D edition,Confirmed,exact,1.0,,
Darren Romanelli · Cactus Man Vessel · 2022 Q1,Darren Romanelli,Cactus Man Vessel,2022 Q1,2022,2023-01-03,2026-09-07,99.0,0.0,0.0,,,,,,inferred,trace,,fewer than 10 entries and 10 units,,,,,,,,,,,,,,,,,,,,,,,,,,,,,,,,,,,,,,,,,,,,,,,,,,,,,,,,,,,,,,,,,,,,,,,,,,,,,,,,,,,,,,,,,,,,,,,,,,,,,,,,,,,,,,,,,,,,,,,,,,,,,,,,22.02DRomanelliCactusMan,190,1.0,900.0,900.0,900.0,EUR,900.0,50.0,45000.0,45000.0,2022-02-07,Public,CL,Low cost 3D edition,Confirmed,exact,1.0,,
Dennis Osadebe · The People's Promise · 2022 Q4,Dennis Osadebe,The People's Promise,2022 Q4,2022,2023-01-01,2026-08-26,274.0,0.0,0.0,,,,,,inferred,trace,,fewer than 10 entries and 10 units,,,,,,,,,,,,,,,,,,,,,,,,,,,,,,,,,,,,,,,,,,,,,,,,,,,,,,,,,,,,,,,,,,,,,,,,,,,,,,,,,,,,,,,,,,,,,,,,,,,,,,,,,,,,,,,,,,,,,,,,,,,,,,,,22.12DOsadebePeoplespromise,562,1.0,750.0,750.0,750.0,EUR,750.0,50.0,37500.0,37500.0,2022-12-05,Public,PE,Hybrid print,Confirmed,exact,1.0,,
"Ekene Emeka-Maduka · Tinko, Tinko in pretty aunty-give-me-cake · 2021 Q3",Ekene Emeka-Maduka,"Tinko, Tinko in pretty aunty-give-me-cake",2021 Q3,2021,2023-01-01,2026-08-24,65.0,0.0,0.0,,,,,,inferred,trace,,fewer than 10 entries and 10 units,,,,,,,,,,,,,,,,,,,,,,,,,,,,,,,,,,,,,,,,,,,,,,,,,,,,,,,,,,,,,,,,,,,,,,,,,,,,,,,,,,,,,,,,,,,,,,,,,,,,,,,,,,,,,,,,,,,,,,,,,,,,,,,,18.08EkeneTinko,173,1.0,1400.0,1400.0,1400.0,EUR,1400.0,30.0,42000.0,42000.0,2021-08-18,Public,PE,Digital print,Confirmed,exact,1.0,,
Elmgreen & Dragset · The Observer · 2021 Q4,Elmgreen & Dragset,The Observer,2021 Q4,2021,2023-01-01,2026-09-08,459.0,2.0,0.0,,,,,,inferred,trace,,fewer than 10 entries and 10 units,,,,,,,,,,,,,,,,,,,,,,,,,,,,,,,,,,,,,,,,,,,,,,,,,,,,,,,,,,,,,,,,,,,,,,,,,,,,,,,,,,,,,,,,,,,,,,,,,,,,,,,,,,,,,,,,,,,,,,,,,,,,,,,,8.12ElmgreenObserver,205,1.0,5500.0,5500.0,5500.0,EUR,5500.0,50.0,275000.0,275000.0,2021-12-08,Public,SE,High cost 3D edition,Confirmed,exact,1.0,,
Erik Parker · Multiple · 2022 Q3,Erik Parker,Multiple,2022 Q3,2022,2023-01-02,2026-09-03,254.0,0.0,0.0,,,,,,inferred,trace,,fewer than 10 entries and 10 units,,,,,,,,,,,,,,,,,,,,,,,,,,,,,,,,,,,,,,,,,,,,,,,,,,,,,,,,,,,,,,,,,,,,,,,,,,,,,,,,,,,,,,,,,,,,,,,,,,,,,,,,,,,,,,,,,,,,,,,,,,,,,,,,22.08EParkerTondoPEs,594|668,2.0,10000.0,10000.0,10000.0,EUR,10000.0,30.0,300000.0,300000.0,2022-08-12,Public,HFPE,Silkscreen print,Confirmed,artist+quarter,1.0,,titles: Free Ride / New Soul
Esiri Erheriene-Essi · Multiple · 2022 Q1,Esiri Erheriene-Essi,Multiple,2022 Q1,2022,2023-01-01,2026-09-08,663.0,5.0,0.0,,,,,,inferred,trace,,fewer than 10 entries and 10 units,,,,,,,,,,,,,,,,,,,,,,,,,,,,,,,,,,,,,,,,,,,,,,,,,,,,,,,,,,,,,,,,,,,,,,,,,,,,,,,,,,,,,,,,,,,,,,,,,,,,,,,,,,,,,,,,,,,,,,,,,,,,,,,,22.03InternationalWomensWeek,405,1.0,1000.0,1000.0,1000.0,EUR,1000.0,35.0,35000.0,35000.0,2022-03-10,Public,PE,Silkscreen print,Confirmed,artist+quarter,1.0,,titles: And All of My Friends Were There
FUTURA · Multiple · 2022 Q4,FUTURA,Multiple,2022 Q4,2022,2023-01-01,2026-09-10,458.0,4.0,0.0,,,,,,inferred,trace,,fewer than 10 entries and 10 units,,,,,,,,,,,,,,,,,,,,,,,,,,,,,,,,,,,,,,,,,,,,,,,,,,,,,,,,,,,,,,,,,,,,,,,,,,,,,,,,,,,,,,,,,,,,,,,,,,,,,,,,,,,,,,,,,,,,,,,,,,,,,,,,22.12FuturaMarbleangelo,895|827,2.0,8000.0,8000.0,8000.0,EUR,8000.0,60.0,480000.0,480000.0,2022-12-19,Public,SE,High cost 3D edition,Confirmed,artist+quarter,1.0,,titles: MARBLEANGELO I - blanco / MARBLEANGELO II - nero
Face Oka · Multiple · 2022 Q3,Face Oka,Multiple,2022 Q3,2022,2023-01-02,2026-09-08,1037.0,0.0,0.0,,,,,,inferred,trace,,fewer than 10 entries and 10 units,,,,,,,,,,,,,,,,,,,,,,,,,,,,,,,,,,,,,,,,,,,,,,,,,,,,,,,,,,,,,,,,,,,,,,,,,,,,,,,,,,,,,,,,,,,,,,,,,,,,,,,,,,,,,,,,,,,,,,,,,,,,,,,,22.09FOkaWater,592|1118|1116|1117,4.0,800.0,800.0,800.0,EUR,800.0,160.0,128000.0,128000.0,2022-09-21,Public,PE,Hybrid print,Confirmed,artist+quarter,1.0,,titles: Water makes up most of the human body (blue) / Water makes up most of the human body (green) / Water makes up most of th
Felix Treadwell · Kindred Spirit · 2022 Q4,Felix Treadwell,Kindred Spirit,2022 Q4,2022,2023-01-03,2026-09-01,274.0,0.0,0.0,,,,,,inferred,trace,,fewer than 10 entries and 10 units,,,,,,,,,,,,,,,,,,,,,,,,,,,,,,,,,,,,,,,,,,,,,,,,,,,,,,,,,,,,,,,,,,,,,,,,,,,,,,,,,,,,,,,,,,,,,,,,,,,,,,,,,,,,,,,,,,,,,,,,,,,,,,,,22.11FTreadwellKindredSpirit,535,1.0,1600.0,1600.0,1600.0,EUR,1600.0,40.0,64000.0,64000.0,2022-11-18,Public,HFPE,Hybrid print,Confirmed,exact,1.0,,
Felix Treadwell · Silent Commuter · 2022 Q1,Felix Treadwell,Silent Commuter,2022 Q1,2022,2023-01-01,2026-09-02,226.0,0.0,0.0,,,,,,inferred,trace,,fewer than 10 entries and 10 units,,,,,,,,,,,,,,,,,,,,,,,,,,,,,,,,,,,,,,,,,,,,,,,,,,,,,,,,,,,,,,,,,,,,,,,,,,,,,,,,,,,,,,,,,,,,,,,,,,,,,,,,,,,,,,,,,,,,,,,,,,,,,,,,30.3FelixSilent,344,1.0,900.0,900.0,900.0,EUR,900.0,80.0,72000.0,72000.0,2022-03-30,Public,PE,Silkscreen print,Confirmed,exact,1.0,,
Friedrich Kunath · This Is The Worst Time Of My Life · 2022 Q4,Friedrich Kunath,This Is The Worst Time Of My Life,2022 Q4,2022,2023-01-01,2026-09-10,1760.0,6.0,0.0,,,,,,inferred,trace,,fewer than 10 entries and 10 units,,,,,,,,,,,,,,,,,,,,,,,,,,,,,,,,,,,,,,,,,,,,,,,,,,,,,,,,,,,,,,,,,,,,,,,,,,,,,,,,,,,,,,,,,,,,,,,,,,,,,,,,,,,,,,,,,,,,,,,,,,,,,,,,22.11FKunathWorsttime,194,1.0,5000.0,5000.0,5000.0,EUR,5000.0,60.0,300000.0,300000.0,2022-11-28,Public,HFPE,Silkscreen print,Confirmed,exact,1.0,,
Fvckrender · FEEL// · 2022 Q4,Fvckrender,FEEL//,2022 Q4,2022,2023-01-01,2026-09-09,686.0,3.0,0.0,,,,,,inferred,trace,,fewer than 10 entries and 10 units,,,,,,,,,,,,,,,,,,,,,,,,,,,,,,,,,,,,,,,,,,,,,,,,,,,,,,,,,,,,,,,,,,,,,,,,,,,,,,,,,,,,,,,,,,,,,,,,,,,,,,,,,,,,,,,,,,,,,,,,,,,,,,,,22.10FRenderFeel,814,1.0,4250.0,4250.0,4250.0,EUR,4250.0,12.0,51000.0,51000.0,2022-11-10,Public,SE,Mid cost 3D edition,Confirmed,exact,1.0,,
Fvckrender · TOUCHED// · 2022 Q4,Fvckrender,TOUCHED//,2022 Q4,2022,2023-01-01,2026-09-10,196.0,0.0,0.0,,,,,,inferred,trace,,fewer than 10 entries and 10 units,,,,,,,,,,,,,,,,,,,,,,,,,,,,,,,,,,,,,,,,,,,,,,,,,,,,,,,,,,,,,,,,,,,,,,,,,,,,,,,,,,,,,,,,,,,,,,,,,,,,,,,,,,,,,,,,,,,,,,,,,,,,,,,,22.10FRenderTouched,813,1.0,2750.0,2750.0,2750.0,EUR,2750.0,20.0,55000.0,55000.0,2022-11-10,Public,SE,Mid cost 3D edition,Confirmed,exact,1.0,,
George Condo · Fashion Model AP · 2025 Q1,George Condo,Fashion Model AP,2025 Q1,2025,2025-03-05,2026-08-06,0.0,8.0,0.0,,,,,,inferred,trace,,fewer than 10 entries and 10 units,,,,,,,,,,,,,,,,,,,,,,,,,,,,,,,,,,,,,,,,,,,,,,,,,,,,,,,,,,,,,,,,,,,,,,,,,,,,,,,,,,,,,,,,,,,,,,,,,,,,,,,,,,,,,,,,,,,,,,,,,,,,,,,,GeorgeCondoModel25,2031,1.0,8500.0,8500.0,8500.0,EUR,8500.0,150.0,1275000.0,1275000.0,2025-02-18,TBC (Pre-order),PE,Silkscreen print,Confirmed,artist+quarter,1.0,,titles: Fashion Model
George Rouy · Keeping it for Myself · 2022 Q1,George Rouy,Keeping it for Myself,2022 Q1,2022,2023-01-02,2026-09-09,929.0,2.0,0.0,,,,,,inferred,trace,,fewer than 10 entries and 10 units,,,,,,,,,,,,,,,,,,,,,,,,,,,,,,,,,,,,,,,,,,,,,,,,,,,,,,,,,,,,,,,,,,,,,,,,,,,,,,,,,,,,,,,,,,,,,,,,,,,,,,,,,,,,,,,,,,,,,,,,,,,,,,,,24.2GeorgerouMyself,306,1.0,750.0,750.0,750.0,EUR,750.0,50.0,37500.0,37500.0,2022-02-24,Public,PE,Silkscreen print,Confirmed,exact,1.0,,
George Rouy · Tearing of the Savage Breast · 2022 Q4,George Rouy,Tearing of the Savage Breast,2022 Q4,2022,2023-01-01,2026-09-08,694.0,6.0,0.0,,,,,,inferred,trace,,fewer than 10 entries and 10 units,,,,,,,,,,,,,,,,,,,,,,,,,,,,,,,,,,,,,,,,,,,,,,,,,,,,,,,,,,,,,,,,,,,,,,,,,,,,,,,,,,,,,,,,,,,,,,,,,,,,,,,,,,,,,,,,,,,,,,,,,,,,,,,,22.12GRouySavageBreast,787,1.0,850.0,850.0,850.0,EUR,850.0,50.0,42500.0,42500.0,2022-12-07,Public,PE,Silkscreen print,Confirmed,exact,1.0,,
Gina Beavers · Painting hearts and Ab-Exers on my lips · 2022 Q2,Gina Beavers,Painting hearts and Ab-Exers on my lips,2022 Q2,2022,2023-01-01,2026-09-08,270.0,1.0,0.0,,,,,,inferred,trace,,fewer than 10 entries and 10 units,,,,,,,,,,,,,,,,,,,,,,,,,,,,,,,,,,,,,,,,,,,,,,,,,,,,,,,,,,,,,,,,,,,,,,,,,,,,,,,,,,,,,,,,,,,,,,,,,,,,,,,,,,,,,,,,,,,,,,,,,,,,,,,,6.6Ginabeavehearts,619,1.0,2000.0,2000.0,2000.0,EUR,2000.0,30.0,60000.0,60000.0,2022-06-06,Public,HFPE,Silkscreen print,Confirmed,exact,1.0,,
Giorgiko · Unacquainted Friends · 2023 Q4,Giorgiko,Unacquainted Friends,2023 Q4,2023,2023-11-23,2026-09-09,3167.0,1.0,0.0,,,,,,inferred,trace,,fewer than 10 entries and 10 units,,,,,,,,,,,,,,,,,,,,,,,,,,,,,,,,,,,,,,,,,,,,,,,,,,,,,,,,,,,,,,,,,,,,,,,,,,,,,,,,,,,,,,,,,,,,,,,,,,,,,,,,,,,,,,,,,,,,,,,,,,,,,,,,2024.XXGiorgikoSE,745,1.0,2750.0,2750.0,2750.0,EUR,2750.0,25.0,68750.0,68750.0,2023-12-14,Public,SE,High cost 3D edition,Confirmed,exact,1.0,,
Gisela McDaniel · Are you watching? · 2022 Q1,Gisela McDaniel,Are you watching?,2022 Q1,2022,2023-01-05,2026-09-09,1061.0,1.0,0.0,,,,,,inferred,trace,,fewer than 10 entries and 10 units,,,,,,,,,,,,,,,,,,,,,,,,,,,,,,,,,,,,,,,,,,,,,,,,,,,,,,,,,,,,,,,,,,,,,,,,,,,,,,,,,,,,,,,,,,,,,,,,,,,,,,,,,,,,,,,,,,,,,,,,,,,,,,,,24.3GiselaWatching?,221,1.0,4000.0,4000.0,4000.0,EUR,4000.0,30.0,120000.0,120000.0,2022-03-24,Public,HFPE,Hybrid print,Confirmed,exact,1.0,,
Grant Riven Yun · En Route · 2022 Q4,Grant Riven Yun,En Route,2022 Q4,2022,2023-01-01,2026-09-03,622.0,0.0,0.0,,,,,,inferred,trace,,fewer than 10 entries and 10 units,,,,,,,,,,,,,,,,,,,,,,,,,,,,,,,,,,,,,,,,,,,,,,,,,,,,,,,,,,,,,,,,,,,,,,,,,,,,,,,,,,,,,,,,,,,,,,,,,,,,,,,,,,,,,,,,,,,,,,,,,,,,,,,,22.11GRYunEn Route,1005,1.0,5500.0,5500.0,5500.0,EUR,5500.0,20.0,110000.0,110000.0,2022-11-16,Draw,PE,Digital print,Confirmed,exact,1.0,,
Grant Riven Yun · Multiple · 2023 Q3,Grant Riven Yun,Multiple,2023 Q3,2023,2023-06-07,2024-01-31,49.0,1.0,0.0,,,,,,inferred,trace,,fewer than 10 entries and 10 units,,,,,,,,,,,,,,,,,,,,,,,,,,,,,,,,,,,,,,,,,,,,,,,,,,,,,,,,,,,,,,,,,,,,,,,,,,,,,,,,,,,,,,,,,,,,,,,,,,,,,,,,,,,,,,,,,,,,,,,,,,,,,,,,2023.06Grant Riven OG,1464,1.0,80000.0,80000.0,80000.0,EUR,80000.0,,,,2023-09-28,External (not AA),OG,Unique work,Confirmed,artist+quarter,1.0,,titles: The Last Supper [NOTE: SOLD VIA SOTHEBY'S]
Grayson Perry · Magical Thinking (Large) · 2025 Q2,Grayson Perry,Magical Thinking (Large),2025 Q2,2025,2025-02-24,2026-09-10,5138.0,6.0,0.0,,,,,,inferred,trace,,fewer than 10 entries and 10 units,,,,,,,,,,,,,,,,,,,,,,,,,,,,,,,,,,,,,,,,,,,,,,,,,,,,,,,,,,,,,,,,,,,,,,,,,,,,,,,,,,,,,,,,,,,,,,,,,,,,,,,,,,,,,,,,,,,,,,,,,,,,,,,,GraysonPeLarge25,2115,1.0,20200.0,20200.0,20200.0,EUR,20200.0,20.0,404000.0,404000.0,2025-04-16,Enquiry,PE,Silkscreen print,Confirmed,exact,1.0,,
Guimi You · Point Reyes · 2022 Q4,Guimi You,Point Reyes,2022 Q4,2022,2023-01-01,2026-09-09,1726.0,2.0,0.0,,,,,,inferred,trace,,fewer than 10 entries and 10 units,,,,,,,,,,,,,,,,,,,,,,,,,,,,,,,,,,,,,,,,,,,,,,,,,,,,,,,,,,,,,,,,,,,,,,,,,,,,,,,,,,,,,,,,,,,,,,,,,,,,,,,,,,,,,,,,,,,,,,,,,,,,,,,,22.11GYouPointReyes,731,1.0,3000.0,3000.0,3000.0,EUR,3000.0,25.0,75000.0,75000.0,2022-11-08,Public,HFPE,Silkscreen print,Confirmed,exact,1.0,,
Haroshi · Multiple · 2022 Q4,Haroshi,Multiple,2022 Q4,2022,2023-01-01,2026-09-09,296.0,4.0,0.0,,,,,,inferred,trace,,fewer than 10 entries and 10 units,,,,,,,,,,,,,,,,,,,,,,,,,,,,,,,,,,,,,,,,,,,,,,,,,,,,,,,,,,,,,,,,,,,,,,,,,,,,,,,,,,,,,,,,,,,,,,,,,,,,,,,,,,,,,,,,,,,,,,,,,,,,,,,,22.11HaroshiGUZO,897|898,2.0,10000.0,10000.0,10000.0,EUR,10000.0,100.0,1000000.0,1000000.0,2022-11-25,Public,SE,High cost 3D edition,Confirmed,artist+quarter,1.0,,titles: GUZO - FOREST / GUZO - OCEAN
Hassan Hajjaj · Yazid & Rania · 2021 Q3,Hassan Hajjaj,Yazid & Rania,2021 Q3,2021,2023-01-02,2026-09-10,893.0,10.0,0.0,,,,,,inferred,no_draw,,launched before the export (catalogue traffic only),,,,,,,,,,,,,,,,,,,,,,,,,,,,,,,,,,,,,,,,,,,,,,,,,,,,,,,,,,,,,,,,,,,,,,,,,,,,,,,,,,,,,,,,,,,,,,,,,,,,,,,,,,,,,,,,,,,,,,,,,,,,,,,,10.09HassanhajYazid,179,1.0,1500.0,1500.0,1500.0,EUR,1500.0,50.0,75000.0,75000.0,2021-09-10,Public,PE,Digital print,Confirmed,exact,1.0,,
Hebru Brantley · Free Advice (Large) · 2022 Q1,Hebru Brantley,Free Advice (Large),2022 Q1,2022,2023-03-13,2023-03-13,0.0,1.0,0.0,,,,,,inferred,trace,,fewer than 10 entries and 10 units,,,,,,,,,,,,,,,,,,,,,,,,,,,,,,,,,,,,,,,,,,,,,,,,,,,,,,,,,,,,,,,,,,,,,,,,,,,,,,,,,,,,,,,,,,,,,,,,,,,,,,,,,,,,,,,,,,,,,,,,,,,,,,,,22.03HbrantleyFreeAdviceLarge,249,1.0,35000.0,35000.0,35000.0,EUR,35000.0,8.0,280000.0,280000.0,2022-03-29,Enquiry,SE,High cost 3D edition,Confirmed,artist+quarter,1.0,,titles: Free Advice
Hebru Brantley · Free Advice · 2022 Q2,Hebru Brantley,Free Advice,2022 Q2,2022,2023-01-01,2026-09-09,490.0,4.0,0.0,,,,,,inferred,trace,,fewer than 10 entries and 10 units,,,,,,,,,,,,,,,,,,,,,,,,,,,,,,,,,,,,,,,,,,,,,,,,,,,,,,,,,,,,,,,,,,,,,,,,,,,,,,,,,,,,,,,,,,,,,,,,,,,,,,,,,,,,,,,,,,,,,,,,,,,,,,,,22.03HbrantleyFreeAdviceSmall,248,1.0,7500.0,7500.0,7500.0,EUR,7500.0,60.0,450000.0,450000.0,2022-04-01,Public,SE,High cost 3D edition,Confirmed,exact,1.0,,
Hein Koh · Reclining Carrot · 2022 Q3,Hein Koh,Reclining Carrot,2022 Q3,2022,2023-01-02,2026-09-10,635.0,0.0,0.0,,,,,,inferred,trace,,fewer than 10 entries and 10 units,,,,,,,,,,,,,,,,,,,,,,,,,,,,,,,,,,,,,,,,,,,,,,,,,,,,,,,,,,,,,,,,,,,,,,,,,,,,,,,,,,,,,,,,,,,,,,,,,,,,,,,,,,,,,,,,,,,,,,,,,,,,,,,,22.07HKohCarrot,271,1.0,6200.0,6200.0,6200.0,EUR,6200.0,20.0,124000.0,124000.0,2022-07-06,Public,SE,High cost 3D edition,Confirmed,exact,1.0,,
Hideaki Kawashima · Multiple · 2022 Q1,Hideaki Kawashima,Multiple,2022 Q1,2022,2023-01-02,2026-09-03,314.0,0.0,0.0,,,,,,inferred,trace,,fewer than 10 entries and 10 units,,,,,,,,,,,,,,,,,,,,,,,,,,,,,,,,,,,,,,,,,,,,,,,,,,,,,,,,,,,,,,,,,,,,,,,,,,,,,,,,,,,,,,,,,,,,,,,,,,,,,,,,,,,,,,,,,,,,,,,,,,,,,,,,22.02.HKawashimaPEsDrawing,438|508,2.0,900.0,750.0,1500.0,EUR,900.0,50.0,45000.0,45000.0,2022-02-11,Enquiry,HFPE,Hybrid print,Confirmed,artist+quarter,1.0,,titles: Drawing / Drawing (Hand-finished)
Hikari Shimoda · Children of this Planet #38 · 2023 Q2,Hikari Shimoda,Children of this Planet #38,2023 Q2,2023,2023-03-06,2026-09-10,2613.0,9.0,0.0,,,,,,inferred,trace,,fewer than 10 entries and 10 units,,,,,,,,,,,,,,,,,,,,,,,,,,,,,,,,,,,,,,,,,,,,,,,,,,,,,,,,,,,,,,,,,,,,,,,,,,,,,,,,,,,,,,,,,,,,,,,,,,,,,,,,,,,,,,,,,,,,,,,,,,,,,,,,2023.04Hikari ShimoSE,589,1.0,3000.0,3000.0,3000.0,EUR,3000.0,50.0,150000.0,150000.0,2023-04-20,Public,SE,Mid cost 3D edition,Confirmed,exact,1.0,,
Imon Boy · Multiple · 2022 Q2,Imon Boy,Multiple,2022 Q2,2022,2023-01-02,2026-09-01,143.0,0.0,0.0,,,,,,inferred,trace,,fewer than 10 entries and 10 units,,,,,,,,,,,,,,,,,,,,,,,,,,,,,,,,,,,,,,,,,,,,,,,,,,,,,,,,,,,,,,,,,,,,,,,,,,,,,,,,,,,,,,,,,,,,,,,,,,,,,,,,,,,,,,,,,,,,,,,,,,,,,,,,2022.05IMONBOY-4WP+22.05IBoyWP/OG/PE,434|527|526,3.0,836.5384615384615,650.0,4500.0,EUR,836.5384615384615,26.0,21750.0,21750.0,2022-05-06,Private,WP,Unique work,Confirmed,artist+quarter,1.0,,"titles: 5 Works on Paper - see description for titles and work details framing: Light oak frame with UV plexi, float mounted wit; 2 codes merged as one launch: 2022.05IMONBOY-4WP + 22.05IBoyWP/OG/PE"
Jaime Muñoz · Self Portrait · 2022 Q3,Jaime Muñoz,Self Portrait,2022 Q3,2022,2023-01-01,2026-09-09,1343.0,3.0,0.0,,,,,,inferred,trace,,fewer than 10 entries and 10 units,,,,,,,,,,,,,,,,,,,,,,,,,,,,,,,,,,,,,,,,,,,,,,,,,,,,,,,,,,,,,,,,,,,,,,,,,,,,,,,,,,,,,,,,,,,,,,,,,,,,,,,,,,,,,,,,,,,,,,,,,,,,,,,,22.09JMunozSPortrait,514,1.0,1200.0,1200.0,1200.0,EUR,1200.0,35.0,42000.0,42000.0,2022-09-07,Public,HFPE,Silkscreen print,Confirmed,exact,1.0,,
James Jean · Bath Saxum · 2022 Q4,James Jean,Bath Saxum,2022 Q4,2022,2023-01-01,2026-09-02,754.0,3.0,0.0,,,,,,inferred,trace,,fewer than 10 entries and 10 units,,,,,,,,,,,,,,,,,,,,,,,,,,,,,,,,,,,,,,,,,,,,,,,,,,,,,,,,,,,,,,,,,,,,,,,,,,,,,,,,,,,,,,,,,,,,,,,,,,,,,,,,,,,,,,,,,,,,,,,,,,,,,,,,22.12JJeanBathSaxum,360,1.0,7500.0,7500.0,7500.0,EUR,7500.0,35.0,262500.0,262500.0,2022-12-14,Public,SE,High cost 3D edition,Confirmed,exact,1.0,,
James Jean · Maze (Print) · 2022 Q4,James Jean,Maze (Print),2022 Q4,2022,2023-01-01,2026-09-05,1226.0,3.0,0.0,,,,,,inferred,trace,,fewer than 10 entries and 10 units,,,,,,,,,,,,,,,,,,,,,,,,,,,,,,,,,,,,,,,,,,,,,,,,,,,,,,,,,,,,,,,,,,,,,,,,,,,,,,,,,,,,,,,,,,,,,,,,,,,,,,,,,,,,,,,,,,,,,,,,,,,,,,,,22.07JJeanPE/SEsMaze,229,1.0,975.0,975.0,975.0,EUR,975.0,100.0,97500.0,97500.0,2022-11-07,Draw,PE,Hybrid print,Confirmed,exact,1.0,,
James Jean · Woodcutter (Bronze) · 2022 Q2,James Jean,Woodcutter (Bronze),2022 Q2,2022,2023-01-01,2026-09-08,821.0,1.0,0.0,,,,,,inferred,trace,,fewer than 10 entries and 10 units,,,,,,,,,,,,,,,,,,,,,,,,,,,,,,,,,,,,,,,,,,,,,,,,,,,,,,,,,,,,,,,,,,,,,,,,,,,,,,,,,,,,,,,,,,,,,,,,,,,,,,,,,,,,,,,,,,,,,,,,,,,,,,,,22.06JJWoodcutter,252,1.0,7500.0,7500.0,7500.0,EUR,7500.0,50.0,375000.0,375000.0,2022-06-30,Public,SE,High cost 3D edition,Confirmed,exact,1.0,,
Jang Koal · Umma · 2022 Q4,Jang Koal,Umma,2022 Q4,2022,2023-01-01,2026-09-10,120.0,0.0,0.0,,,,,,inferred,trace,,fewer than 10 entries and 10 units,,,,,,,,,,,,,,,,,,,,,,,,,,,,,,,,,,,,,,,,,,,,,,,,,,,,,,,,,,,,,,,,,,,,,,,,,,,,,,,,,,,,,,,,,,,,,,,,,,,,,,,,,,,,,,,,,,,,,,,,,,,,,,,,22.11JKoalUmma,261,1.0,1500.0,1500.0,1500.0,EUR,1500.0,30.0,45000.0,45000.0,2022-11-29,Public,SE,Mid cost 3D edition,Confirmed,exact,1.0,,
Jean-Michel Othoniel · Lotus of Hope · 2021 Q4,Jean-Michel Othoniel,Lotus of Hope,2021 Q4,2021,2023-01-11,2026-09-04,273.0,2.0,0.0,,,,,,inferred,trace,,fewer than 10 entries and 10 units,,,,,,,,,,,,,,,,,,,,,,,,,,,,,,,,,,,,,,,,,,,,,,,,,,,,,,,,,,,,,,,,,,,,,,,,,,,,,,,,,,,,,,,,,,,,,,,,,,,,,,,,,,,,,,,,,,,,,,,,,,,,,,,,01.12JeanMLotus,225,1.0,5000.0,5000.0,5000.0,EUR,5000.0,25.0,125000.0,125000.0,2021-12-01,Public,SE,High cost 3D edition,Confirmed,exact,1.0,,
Jen Stark · Dichroic Mandala · 2022 Q4,Jen Stark,Dichroic Mandala,2022 Q4,2022,2023-01-01,2026-09-10,1893.0,5.0,0.0,,,,,,inferred,trace,,fewer than 10 entries and 10 units,,,,,,,,,,,,,,,,,,,,,,,,,,,,,,,,,,,,,,,,,,,,,,,,,,,,,,,,,,,,,,,,,,,,,,,,,,,,,,,,,,,,,,,,,,,,,,,,,,,,,,,,,,,,,,,,,,,,,,,,,,,,,,,,22.10JStarkDichroicMandala,432,1.0,2700.0,2700.0,2700.0,EUR,2700.0,50.0,135000.0,135000.0,2022-10-26,Public,SE,Mid cost 3D edition,Confirmed,exact,1.0,,
Jen Stark · In Between Space · 2021 Q3,Jen Stark,In Between Space,2021 Q3,2021,2023-01-03,2026-09-08,471.0,0.0,0.0,,,,,,inferred,trace,,fewer than 10 entries and 10 units,,,,,,,,,,,,,,,,,,,,,,,,,,,,,,,,,,,,,,,,,,,,,,,,,,,,,,,,,,,,,,,,,,,,,,,,,,,,,,,,,,,,,,,,,,,,,,,,,,,,,,,,,,,,,,,,,,,,,,,,,,,,,,,,28.07JenstarkSpace,171,1.0,1750.0,1750.0,1750.0,EUR,1750.0,50.0,87500.0,87500.0,2021-07-28,Public,SE,Mid cost 3D edition,Confirmed,exact,1.0,,
Jen Stark · Shape Shift · 2022 Q3,Jen Stark,Shape Shift,2022 Q3,2022,2023-01-02,2026-09-04,268.0,0.0,0.0,,,,,,inferred,trace,,fewer than 10 entries and 10 units,,,,,,,,,,,,,,,,,,,,,,,,,,,,,,,,,,,,,,,,,,,,,,,,,,,,,,,,,,,,,,,,,,,,,,,,,,,,,,,,,,,,,,,,,,,,,,,,,,,,,,,,,,,,,,,,,,,,,,,,,,,,,,,,22.07JStarkShapeShift,581,1.0,1600.0,1600.0,1600.0,EUR,1600.0,50.0,80000.0,80000.0,2022-07-22,Public,PE,Silkscreen print,Confirmed,exact,1.0,,
Jessie Makinson · Multiple · 2022 Q1,Jessie Makinson,Multiple,2022 Q1,2022,2023-01-01,2026-09-06,792.0,5.0,0.0,,,,,,inferred,trace,,fewer than 10 entries and 10 units,,,,,,,,,,,,,,,,,,,,,,,,,,,,,,,,,,,,,,,,,,,,,,,,,,,,,,,,,,,,,,,,,,,,,,,,,,,,,,,,,,,,,,,,,,,,,,,,,,,,,,,,,,,,,,,,,,,,,,,,,,,,,,,,22.03InternationalWomensWeek,565,1.0,850.0,850.0,850.0,EUR,850.0,50.0,42500.0,42500.0,2022-03-07,Public,PE,Silkscreen print,Confirmed,artist+quarter,1.0,,titles: Stay here while I get a curse
Jia Aili · Multiple · 2022 Q2,Jia Aili,Multiple,2022 Q2,2022,2023-01-02,2026-09-08,389.0,0.0,0.0,,,,,,inferred,trace,,fewer than 10 entries and 10 units,,,,,,,,,,,,,,,,,,,,,,,,,,,,,,,,,,,,,,,,,,,,,,,,,,,,,,,,,,,,,,,,,,,,,,,,,,,,,,,,,,,,,,,,,,,,,,,,,,,,,,,,,,,,,,,,,,,,,,,,,,,,,,,,22.06JAiliPEsTAOTPCs,191|727,2.0,9950.0,6500.0,18000.0,EUR,9950.0,50.0,497500.0,497500.0,2022-06-28,Public,HFPE,Hybrid print,Confirmed,artist+quarter,1.0,,titles: The Action of Three Primary Colours / The Action of Three Primary Colours (HF)
Joakim Ojanen · Multiple · 2022 Q3,Joakim Ojanen,Multiple,2022 Q3,2022,2023-01-02,2026-09-10,475.0,2.0,0.0,,,,,,inferred,trace,,fewer than 10 entries and 10 units,,,,,,,,,,,,,,,,,,,,,,,,,,,,,,,,,,,,,,,,,,,,,,,,,,,,,,,,,,,,,,,,,,,,,,,,,,,,,,,,,,,,,,,,,,,,,,,,,,,,,,,,,,,,,,,,,,,,,,,,,,,,,,,,22.07JoakimHeartbreaker,650|649|382,3.0,3500.0,3500.0,3500.0,EUR,3500.0,90.0,315000.0,315000.0,2022-07-26,Public,SE,Mid cost 3D edition,Confirmed,artist+quarter,1.0,,titles: Heartbreaker (Blue) / Heartbreaker (Red) / Heartbreaker (Violet)
Joakim Ojanen · SPENDING THE DAY ON A STONE (Pink) · 2023 Q1,Joakim Ojanen,SPENDING THE DAY ON A STONE (Pink),2023 Q1,2023,2023-01-30,2026-09-04,866.0,3.0,0.0,,,,,,inferred,trace,,fewer than 10 entries and 10 units,,,,,,,,,,,,,,,,,,,,,,,,,,,,,,,,,,,,,,,,,,,,,,,,,,,,,,,,,,,,,,,,,,,,,,,,,,,,,,,,,,,,,,,,,,,,,,,,,,,,,,,,,,,,,,,,,,,,,,,,,,,,,,,,14.03JOjanenStonePink,583,1.0,10000.0,10000.0,10000.0,EUR,10000.0,8.0,80000.0,80000.0,2023-03-14,Public,SE,High cost 3D edition,Confirmed,artist+quarter,1.0,,titles: SPENDING THE DAY ON A STONE
Johnson Tsang · Multiple · 2022 Q1,Johnson Tsang,Multiple,2022 Q1,2022,2023-01-01,2026-09-10,9080.0,52.0,0.0,,,,,,inferred,no_draw,,launched before the export (catalogue traffic only),,,,,,,,,,,,,,,,,,,,,,,,,,,,,,,,,,,,,,,,,,,,,,,,,,,,,,,,,,,,,,,,,,,,,,,,,,,,,,,,,,,,,,,,,,,,,,,,,,,,,,,,,,,,,,,,,,,,,,,,,,,,,,,,22.02JTangOpenMind,602|404,2.0,550.0,450.0,650.0,EUR,550.0,200.0,110000.0,110000.0,2022-02-17,Public,CL,Low cost 3D edition,Confirmed,artist+quarter,1.0,,titles: Open Mind (Large) / Open Mind (Small)
Johnson Tsang · Searching for Spring · 2022 Q2,Johnson Tsang,Searching for Spring,2022 Q2,2022,2023-01-01,2026-09-07,8703.0,4.0,0.0,,,,,,inferred,trace,,fewer than 10 entries and 10 units,,,,,,,,,,,,,,,,,,,,,,,,,,,,,,,,,,,,,,,,,,,,,,,,,,,,,,,,,,,,,,,,,,,,,,,,,,,,,,,,,,,,,,,,,,,,,,,,,,,,,,,,,,,,,,,,,,,,,,,,,,,,,,,,30/05JTangSearchingSpring,373,1.0,500.0,500.0,500.0,EUR,500.0,250.0,125000.0,125000.0,2022-05-30,Public,SE,Low cost 3D edition,Confirmed,exact,1.0,,
Jonny Niesche · moon moth lust in warm copper AP · 2022 Q4,Jonny Niesche,moon moth lust in warm copper AP,2022 Q4,2022,2024-05-29,2024-05-29,0.0,1.0,0.0,,,,,,inferred,trace,,fewer than 10 entries and 10 units,,,,,,,,,,,,,,,,,,,,,,,,,,,,,,,,,,,,,,,,,,,,,,,,,,,,,,,,,,,,,,,,,,,,,,,,,,,,,,,,,,,,,,,,,,,,,,,,,,,,,,,,,,,,,,,,,,,,,,,,,,,,,,,,22.11JNiescheMoonmoth,482,1.0,1700.0,1700.0,1700.0,EUR,1700.0,50.0,85000.0,85000.0,2022-11-24,Public,PE,Complex print,Confirmed,artist+quarter,1.0,,titles: moon moth lust in warm copper
Jonny Niesche · moon moth lust in warm copper · 2022 Q4,Jonny Niesche,moon moth lust in warm copper,2022 Q4,2022,2023-01-01,2026-09-07,235.0,3.0,0.0,,,,,,inferred,trace,,fewer than 10 entries and 10 units,,,,,,,,,,,,,,,,,,,,,,,,,,,,,,,,,,,,,,,,,,,,,,,,,,,,,,,,,,,,,,,,,,,,,,,,,,,,,,,,,,,,,,,,,,,,,,,,,,,,,,,,,,,,,,,,,,,,,,,,,,,,,,,,22.11JNiescheMoonmoth,482,1.0,1700.0,1700.0,1700.0,EUR,1700.0,50.0,85000.0,85000.0,2022-11-24,Public,PE,Complex print,Confirmed,exact,1.0,,
Jordi Ribes · Multiple · 2022 Q3,Jordi Ribes,Multiple,2022 Q3,2022,2023-01-02,2026-09-10,619.0,0.0,0.0,,,,,,inferred,trace,,fewer than 10 entries and 10 units,,,,,,,,,,,,,,,,,,,,,,,,,,,,,,,,,,,,,,,,,,,,,,,,,,,,,,,,,,,,,,,,,,,,,,,,,,,,,,,,,,,,,,,,,,,,,,,,,,,,,,,,,,,,,,,,,,,,,,,,,,,,,,,,22.08JRibesHotOrange,864|865|719,3.0,2000.0,2000.0,2000.0,EUR,2000.0,75.0,150000.0,150000.0,2022-08-30,Public,PE,Silkscreen print,Confirmed,artist+quarter,1.0,,titles: Hot blue bath / Hot green bath / Hot orange bath
Julian Schnabel · The Swedish House 01 · 2022 Q2,Julian Schnabel,The Swedish House 01,2022 Q2,2022,2023-01-04,2026-09-10,128.0,0.0,0.0,,,,,,inferred,trace,,fewer than 10 entries and 10 units,,,,,,,,,,,,,,,,,,,,,,,,,,,,,,,,,,,,,,,,,,,,,,,,,,,,,,,,,,,,,,,,,,,,,,,,,,,,,,,,,,,,,,,,,,,,,,,,,,,,,,,,,,,,,,,,,,,,,,,,,,,,,,,,13.06JulianSTheSwedishHouse,517,1.0,44000.0,44000.0,44000.0,EUR,44000.0,10.0,440000.0,440000.0,2022-06-13,Enquiry,HFPE,Complex print,Confirmed,artist+quarter,1.0,,titles: The Swedish House
Julian Schnabel · The Swedish House 02 · 2022 Q2,Julian Schnabel,The Swedish House 02,2022 Q2,2022,2023-01-05,2026-09-10,91.0,0.0,0.0,,,,,,inferred,trace,,fewer than 10 entries and 10 units,,,,,,,,,,,,,,,,,,,,,,,,,,,,,,,,,,,,,,,,,,,,,,,,,,,,,,,,,,,,,,,,,,,,,,,,,,,,,,,,,,,,,,,,,,,,,,,,,,,,,,,,,,,,,,,,,,,,,,,,,,,,,,,,13.06JulianSTheSwedishHouse,517,1.0,44000.0,44000.0,44000.0,EUR,44000.0,10.0,440000.0,440000.0,2022-06-13,Enquiry,HFPE,Complex print,Confirmed,artist+quarter,1.0,,titles: The Swedish House
Julian Schnabel · The Swedish House 03 · 2022 Q2,Julian Schnabel,The Swedish House 03,2022 Q2,2022,2023-01-08,2026-09-02,48.0,0.0,0.0,,,,,,inferred,trace,,fewer than 10 entries and 10 units,,,,,,,,,,,,,,,,,,,,,,,,,,,,,,,,,,,,,,,,,,,,,,,,,,,,,,,,,,,,,,,,,,,,,,,,,,,,,,,,,,,,,,,,,,,,,,,,,,,,,,,,,,,,,,,,,,,,,,,,,,,,,,,,13.06JulianSTheSwedishHouse,517,1.0,44000.0,44000.0,44000.0,EUR,44000.0,10.0,440000.0,440000.0,2022-06-13,Enquiry,HFPE,Complex print,Confirmed,artist+quarter,1.0,,titles: The Swedish House
Julian Schnabel · The Swedish House 04 · 2022 Q2,Julian Schnabel,The Swedish House 04,2022 Q2,2022,2023-01-20,2026-09-06,32.0,0.0,0.0,,,,,,inferred,trace,,fewer than 10 entries and 10 units,,,,,,,,,,,,,,,,,,,,,,,,,,,,,,,,,,,,,,,,,,,,,,,,,,,,,,,,,,,,,,,,,,,,,,,,,,,,,,,,,,,,,,,,,,,,,,,,,,,,,,,,,,,,,,,,,,,,,,,,,,,,,,,,13.06JulianSTheSwedishHouse,517,1.0,44000.0,44000.0,44000.0,EUR,44000.0,10.0,440000.0,440000.0,2022-06-13,Enquiry,HFPE,Complex print,Confirmed,artist+quarter,1.0,,titles: The Swedish House
Julian Schnabel · The Swedish House 05 · 2022 Q2,Julian Schnabel,The Swedish House 05,2022 Q2,2022,2023-01-15,2026-09-06,45.0,0.0,0.0,,,,,,inferred,trace,,fewer than 10 entries and 10 units,,,,,,,,,,,,,,,,,,,,,,,,,,,,,,,,,,,,,,,,,,,,,,,,,,,,,,,,,,,,,,,,,,,,,,,,,,,,,,,,,,,,,,,,,,,,,,,,,,,,,,,,,,,,,,,,,,,,,,,,,,,,,,,,13.06JulianSTheSwedishHouse,517,1.0,44000.0,44000.0,44000.0,EUR,44000.0,10.0,440000.0,440000.0,2022-06-13,Enquiry,HFPE,Complex print,Confirmed,artist+quarter,1.0,,titles: The Swedish House
Julian Schnabel · The Swedish House 06 · 2022 Q2,Julian Schnabel,The Swedish House 06,2022 Q2,2022,2023-01-05,2026-09-08,42.0,0.0,0.0,,,,,,inferred,trace,,fewer than 10 entries and 10 units,,,,,,,,,,,,,,,,,,,,,,,,,,,,,,,,,,,,,,,,,,,,,,,,,,,,,,,,,,,,,,,,,,,,,,,,,,,,,,,,,,,,,,,,,,,,,,,,,,,,,,,,,,,,,,,,,,,,,,,,,,,,,,,,13.06JulianSTheSwedishHouse,517,1.0,44000.0,44000.0,44000.0,EUR,44000.0,10.0,440000.0,440000.0,2022-06-13,Enquiry,HFPE,Complex print,Confirmed,artist+quarter,1.0,,titles: The Swedish House
Julian Schnabel · The Swedish House 07 · 2022 Q2,Julian Schnabel,The Swedish House 07,2022 Q2,2022,2023-01-07,2026-09-06,58.0,0.0,0.0,,,,,,inferred,trace,,fewer than 10 entries and 10 units,,,,,,,,,,,,,,,,,,,,,,,,,,,,,,,,,,,,,,,,,,,,,,,,,,,,,,,,,,,,,,,,,,,,,,,,,,,,,,,,,,,,,,,,,,,,,,,,,,,,,,,,,,,,,,,,,,,,,,,,,,,,,,,,13.06JulianSTheSwedishHouse,517,1.0,44000.0,44000.0,44000.0,EUR,44000.0,10.0,440000.0,440000.0,2022-06-13,Enquiry,HFPE,Complex print,Confirmed,artist+quarter,1.0,,titles: The Swedish House
Julian Schnabel · The Swedish House 08 · 2022 Q2,Julian Schnabel,The Swedish House 08,2022 Q2,2022,2023-01-24,2026-09-03,25.0,0.0,0.0,,,,,,inferred,trace,,fewer than 10 entries and 10 units,,,,,,,,,,,,,,,,,,,,,,,,,,,,,,,,,,,,,,,,,,,,,,,,,,,,,,,,,,,,,,,,,,,,,,,,,,,,,,,,,,,,,,,,,,,,,,,,,,,,,,,,,,,,,,,,,,,,,,,,,,,,,,,,13.06JulianSTheSwedishHouse,517,1.0,44000.0,44000.0,44000.0,EUR,44000.0,10.0,440000.0,440000.0,2022-06-13,Enquiry,HFPE,Complex print,Confirmed,artist+quarter,1.0,,titles: The Swedish House
Julian Schnabel · The Swedish House 09 · 2022 Q2,Julian Schnabel,The Swedish House 09,2022 Q2,2022,2023-01-31,2026-09-01,19.0,0.0,0.0,,,,,,inferred,trace,,fewer than 10 entries and 10 units,,,,,,,,,,,,,,,,,,,,,,,,,,,,,,,,,,,,,,,,,,,,,,,,,,,,,,,,,,,,,,,,,,,,,,,,,,,,,,,,,,,,,,,,,,,,,,,,,,,,,,,,,,,,,,,,,,,,,,,,,,,,,,,,13.06JulianSTheSwedishHouse,517,1.0,44000.0,44000.0,44000.0,EUR,44000.0,10.0,440000.0,440000.0,2022-06-13,Enquiry,HFPE,Complex print,Confirmed,artist+quarter,1.0,,titles: The Swedish House
Julian Schnabel · The Swedish House 10 · 2022 Q2,Julian Schnabel,The Swedish House 10,2022 Q2,2022,2023-01-05,2026-09-10,24.0,0.0,0.0,,,,,,inferred,trace,,fewer than 10 entries and 10 units,,,,,,,,,,,,,,,,,,,,,,,,,,,,,,,,,,,,,,,,,,,,,,,,,,,,,,,,,,,,,,,,,,,,,,,,,,,,,,,,,,,,,,,,,,,,,,,,,,,,,,,,,,,,,,,,,,,,,,,,,,,,,,,,13.06JulianSTheSwedishHouse,517,1.0,44000.0,44000.0,44000.0,EUR,44000.0,10.0,440000.0,440000.0,2022-06-13,Enquiry,HFPE,Complex print,Confirmed,artist+quarter,1.0,,titles: The Swedish House
Kara Joslyn · GOOD THING YOU ARE NOT ALONE · 2022 Q4,Kara Joslyn,GOOD THING YOU ARE NOT ALONE,2022 Q4,2022,2023-01-01,2026-09-09,212.0,0.0,0.0,,,,,,inferred,trace,,fewer than 10 entries and 10 units,,,,,,,,,,,,,,,,,,,,,,,,,,,,,,,,,,,,,,,,,,,,,,,,,,,,,,,,,,,,,,,,,,,,,,,,,,,,,,,,,,,,,,,,,,,,,,,,,,,,,,,,,,,,,,,,,,,,,,,,,,,,,,,,22.11KJoslynNotAlone,858,1.0,2250.0,2250.0,2250.0,EUR,2250.0,20.0,45000.0,45000.0,2022-11-09,Public,SE,Mid cost 3D edition,Confirmed,exact,1.0,,
Katherina Olschbaur · Humility and the Other One in Me · 2023 Q3,Katherina Olschbaur,Humility and the Other One in Me,2023 Q3,2023,2023-08-03,2026-09-10,1923.0,8.0,0.0,,,,,,inferred,trace,,fewer than 10 entries and 10 units,,,,,,,,,,,,,,,,,,,,,,,,,,,,,,,,,,,,,,,,,,,,,,,,,,,,,,,,,,,,,,,,,,,,,,,,,,,,,,,,,,,,,,,,,,,,,,,,,,,,,,,,,,,,,,,,,,,,,,,,,,,,,,,,2023.09Katherina GrossePE,591,1.0,800.0,800.0,800.0,EUR,800.0,30.0,24000.0,24000.0,2023-09-08,Public,PE,Digital print,Confirmed,exact,1.0,,
Katie Hector · Multiple · 2023 Q2,Katie Hector,Multiple,2023 Q2,2023,2023-03-27,2026-09-10,436.0,2.0,0.0,,,,,,inferred,trace,,fewer than 10 entries and 10 units,,,,,,,,,,,,,,,,,,,,,,,,,,,,,,,,,,,,,,,,,,,,,,,,,,,,,,,,,,,,,,,,,,,,,,,,,,,,,,,,,,,,,,,,,,,,,,,,,,,,,,,,,,,,,,,,,,,,,,,,,,,,,,,,2023.04Katie HectorOG,1569|1568|1400|1567,4.0,2075.0,1700.0,2450.0,EUR,2075.0,4.0,8300.0,8300.0,2023-04-19,Public,OG,Unique work,Confirmed,artist+quarter,1.0,,"titles: Studio Works | 10 Year Plan / Studio Works | Ecstasy, 2023 / Studio Works | New Hope / Studio Works | Skeptical Self"
Khari Turner · Rest and Wellness · 2022 Q1,Khari Turner,Rest and Wellness,2022 Q1,2022,2023-01-01,2026-08-23,1945.0,0.0,0.0,,,,,,inferred,trace,,fewer than 10 entries and 10 units,,,,,,,,,,,,,,,,,,,,,,,,,,,,,,,,,,,,,,,,,,,,,,,,,,,,,,,,,,,,,,,,,,,,,,,,,,,,,,,,,,,,,,,,,,,,,,,,,,,,,,,,,,,,,,,,,,,,,,,,,,,,,,,,24.03KTurnerRestwellness,577,1.0,4500.0,4500.0,4500.0,EUR,4500.0,30.0,135000.0,135000.0,2022-03-24,Public,HFPE,Silkscreen print,Confirmed,exact,1.0,,
Koichi Sato · Brush Sense of Values · 2022 Q3,Koichi Sato,Brush Sense of Values,2022 Q3,2022,2023-01-02,2026-09-07,229.0,0.0,0.0,,,,,,inferred,trace,,fewer than 10 entries and 10 units,,,,,,,,,,,,,,,,,,,,,,,,,,,,,,,,,,,,,,,,,,,,,,,,,,,,,,,,,,,,,,,,,,,,,,,,,,,,,,,,,,,,,,,,,,,,,,,,,,,,,,,,,,,,,,,,,,,,,,,,,,,,,,,,22.07KSatoBrushValues,512,1.0,4000.0,4000.0,4000.0,EUR,4000.0,35.0,140000.0,140000.0,2022-07-13,Public,HFPE,Silkscreen print,Confirmed,exact,1.0,,
Kpe Innocent · Multiple · 2023 Q2,Kpe Innocent,Multiple,2023 Q2,2023,2023-03-27,2026-09-08,339.0,1.0,0.0,,,,,,inferred,trace,,fewer than 10 entries and 10 units,,,,,,,,,,,,,,,,,,,,,,,,,,,,,,,,,,,,,,,,,,,,,,,,,,,,,,,,,,,,,,,,,,,,,,,,,,,,,,,,,,,,,,,,,,,,,,,,,,,,,,,,,,,,,,,,,,,,,,,,,,,,,,,,2023.04Kpe InnocentOG,1564|1565|1336|1563,4.0,1080.0,1080.0,1080.0,EUR,1080.0,4.0,4320.0,4320.0,2023-04-19,Public,WP,Unique work,Confirmed,artist+quarter,1.0,,"titles: Studio Works | A Place for Everyone at the Table / Studio Works | Big Steps / Studio Works | Daily Provision, 2023 / Stu"
Kudzanai-Violet Hwami · Multiple · 2022 Q3,Kudzanai-Violet Hwami,Multiple,2022 Q3,2022,2023-01-02,2026-09-08,641.0,4.0,0.0,,,,,,inferred,trace,,fewer than 10 entries and 10 units,,,,,,,,,,,,,,,,,,,,,,,,,,,,,,,,,,,,,,,,,,,,,,,,,,,,,,,,,,,,,,,,,,,,,,,,,,,,,,,,,,,,,,,,,,,,,,,,,,,,,,,,,,,,,,,,,,,,,,,,,,,,,,,,22.09KVioletKudzi,617|796,2.0,5200.0,4000.0,8000.0,EUR,5200.0,50.0,260000.0,260000.0,2022-09-23,Public,HFPE,Silkscreen print,Confirmed,artist+quarter,1.0,,titles: Kudzi / Kudzi (Hand-finished)
Kwesi Botchway · African Style · 2023 Q1,Kwesi Botchway,African Style,2023 Q1,2023,2023-01-04,2026-09-10,1365.0,4.0,0.0,,,,,,inferred,trace,,fewer than 10 entries and 10 units,,,,,,,,,,,,,,,,,,,,,,,,,,,,,,,,,,,,,,,,,,,,,,,,,,,,,,,,,,,,,,,,,,,,,,,,,,,,,,,,,,,,,,,,,,,,,,,,,,,,,,,,,,,,,,,,,,,,,,,,,,,,,,,,22.07KwesiAfricanStyle,615,1.0,3500.0,3500.0,3500.0,EUR,3500.0,30.0,105000.0,105000.0,2023-02-02,Public,HFPE,Silkscreen print,Confirmed,exact,1.0,,
Kwesi Botchway · Lady with a Tampi · 2022 Q2,Kwesi Botchway,Lady with a Tampi,2022 Q2,2022,2023-01-01,2026-09-10,614.0,2.0,0.0,,,,,,inferred,trace,,fewer than 10 entries and 10 units,,,,,,,,,,,,,,,,,,,,,,,,,,,,,,,,,,,,,,,,,,,,,,,,,,,,,,,,,,,,,,,,,,,,,,,,,,,,,,,,,,,,,,,,,,,,,,,,,,,,,,,,,,,,,,,,,,,,,,,,,,,,,,,,15.06KwesiTampi,468,1.0,3500.0,3500.0,3500.0,EUR,3500.0,40.0,140000.0,140000.0,2022-06-15,Public,HFPE,Silkscreen print,Confirmed,exact,1.0,,
LY · Confused LUV (Medium) · 2022 Q4,LY,Confused LUV (Medium),2022 Q4,2022,2023-01-07,2026-09-09,117.0,1.0,0.0,,,,,,inferred,trace,,fewer than 10 entries and 10 units,,,,,,,,,,,,,,,,,,,,,,,,,,,,,,,,,,,,,,,,,,,,,,,,,,,,,,,,,,,,,,,,,,,,,,,,,,,,,,,,,,,,,,,,,,,,,,,,,,,,,,,,,,,,,,,,,,,,,,,,,,,,,,,,22.11LYConfused LUV Medium,904,1.0,15000.0,15000.0,15000.0,EUR,15000.0,10.0,150000.0,150000.0,2022-11-15,Draw,SE,High cost 3D edition,Confirmed,exact,1.0,,
LY · Multiple · 2022 Q1,LY,Multiple,2022 Q1,2022,2023-01-01,2026-09-07,476.0,1.0,0.0,,,,,,inferred,trace,,fewer than 10 entries and 10 units,,,,,,,,,,,,,,,,,,,,,,,,,,,,,,,,,,,,,,,,,,,,,,,,,,,,,,,,,,,,,,,,,,,,,,,,,,,,,,,,,,,,,,,,,,,,,,,,,,,,,,,,,,,,,,,,,,,,,,,,,,,,,,,,22.01LYConfused,244|245,2.0,2950.0,2000.0,3900.0,EUR,2950.0,100.0,295000.0,295000.0,2022-01-20,Draw,PE,Mid cost 3D edition,Confirmed,artist+quarter,1.0,,titles: Confused LUV (Small) / Still Confused
LY · Standing with LUV (Medium) · 2022 Q4,LY,Standing with LUV (Medium),2022 Q4,2022,2023-01-01,2026-09-05,1044.0,0.0,0.0,,,,,,inferred,trace,,fewer than 10 entries and 10 units,,,,,,,,,,,,,,,,,,,,,,,,,,,,,,,,,,,,,,,,,,,,,,,,,,,,,,,,,,,,,,,,,,,,,,,,,,,,,,,,,,,,,,,,,,,,,,,,,,,,,,,,,,,,,,,,,,,,,,,,,,,,,,,,22.11LYStanding LUV Medium,390,1.0,15000.0,15000.0,15000.0,EUR,15000.0,10.0,150000.0,150000.0,2022-11-15,Draw,SE,High cost 3D edition,Confirmed,exact,1.0,,
LY · This is LUV (Small) · 2022 Q3,LY,This is LUV (Small),2022 Q3,2022,2023-01-02,2026-09-10,206.0,1.0,0.0,,,,,,inferred,trace,,fewer than 10 entries and 10 units,,,,,,,,,,,,,,,,,,,,,,,,,,,,,,,,,,,,,,,,,,,,,,,,,,,,,,,,,,,,,,,,,,,,,,,,,,,,,,,,,,,,,,,,,,,,,,,,,,,,,,,,,,,,,,,,,,,,,,,,,,,,,,,,22.09LYLUV Small,389,1.0,4000.0,4000.0,4000.0,EUR,4000.0,50.0,200000.0,200000.0,2022-09-26,Draw,SE,Mid cost 3D edition,Confirmed,exact,1.0,,
LY · With his Sidekick (Small) · 2022 Q3,LY,With his Sidekick (Small),2022 Q3,2022,2023-01-02,2026-09-09,188.0,0.0,0.0,,,,,,inferred,trace,,fewer than 10 entries and 10 units,,,,,,,,,,,,,,,,,,,,,,,,,,,,,,,,,,,,,,,,,,,,,,,,,,,,,,,,,,,,,,,,,,,,,,,,,,,,,,,,,,,,,,,,,,,,,,,,,,,,,,,,,,,,,,,,,,,,,,,,,,,,,,,,22.09LYSidekick Small,385,1.0,4000.0,4000.0,4000.0,EUR,4000.0,50.0,200000.0,200000.0,2022-09-26,Draw,SE,Mid cost 3D edition,Confirmed,exact,1.0,,
Larry Bell · Little 3DVD · 2022 Q4,Larry Bell,Little 3DVD,2022 Q4,2022,2023-01-01,2026-09-09,409.0,0.0,0.0,,,,,,inferred,trace,,fewer than 10 entries and 10 units,,,,,,,,,,,,,,,,,,,,,,,,,,,,,,,,,,,,,,,,,,,,,,,,,,,,,,,,,,,,,,,,,,,,,,,,,,,,,,,,,,,,,,,,,,,,,,,,,,,,,,,,,,,,,,,,,,,,,,,,,,,,,,,,22.10LBellLittle3DVD,943,1.0,7500.0,7500.0,7500.0,EUR,7500.0,35.0,262500.0,262500.0,2022-12-01,Public,SE,High cost 3D edition,Confirmed,exact,1.0,,
Lawrence Weiner · HERE & NOW · 2022 Q4,Lawrence Weiner,HERE & NOW,2022 Q4,2022,2023-01-01,2026-09-09,866.0,10.0,0.0,,,,,,inferred,no_draw,,launched before the export (catalogue traffic only),,,,,,,,,,,,,,,,,,,,,,,,,,,,,,,,,,,,,,,,,,,,,,,,,,,,,,,,,,,,,,,,,,,,,,,,,,,,,,,,,,,,,,,,,,,,,,,,,,,,,,,,,,,,,,,,,,,,,,,,,,,,,,,,22.12LWeinerBlanket,317,1.0,500.0,500.0,500.0,EUR,500.0,1000.0,500000.0,500000.0,2022-12-02,Public,CL,Low cost 3D edition,Confirmed,exact,1.0,,
Lin Yen-Liang · Multiple · 2022 Q3,Lin Yen-Liang,Multiple,2022 Q3,2022,2023-01-06,2026-09-05,98.0,0.0,0.0,,,,,,inferred,trace,,fewer than 10 entries and 10 units,,,,,,,,,,,,,,,,,,,,,,,,,,,,,,,,,,,,,,,,,,,,,,,,,,,,,,,,,,,,,,,,,,,,,,,,,,,,,,,,,,,,,,,,,,,,,,,,,,,,,,,,,,,,,,,,,,,,,,,,,,,,,,,,22.07StudioWorks,840,1.0,2050.0,2050.0,2050.0,EUR,2050.0,4.0,8200.0,8200.0,2022-07-20,Public,WP,Unique work,Confirmed,artist+quarter,1.0,,titles: Studio Works
Lina Iris Viktor · Ekstasis · 2021 Q4,Lina Iris Viktor,Ekstasis,2021 Q4,2021,2023-01-02,2026-09-09,253.0,0.0,0.0,,,,,,inferred,trace,,fewer than 10 entries and 10 units,,,,,,,,,,,,,,,,,,,,,,,,,,,,,,,,,,,,,,,,,,,,,,,,,,,,,,,,,,,,,,,,,,,,,,,,,,,,,,,,,,,,,,,,,,,,,,,,,,,,,,,,,,,,,,,,,,,,,,,,,,,,,,,,29.10LinairisEkstasis,178,1.0,15000.0,15000.0,15000.0,EUR,15000.0,11.0,165000.0,165000.0,2021-10-29,Public,SE,High cost 3D edition,Confirmed,exact,1.0,,
Linda Dounia · Faux Letters · 2024 Q2,Linda Dounia,Faux Letters,2024 Q2,2024,2024-04-15,2026-09-07,939.0,4.0,0.0,,,,,,inferred,trace,,fewer than 10 entries and 10 units,,,,,,,,,,,,,,,,,,,,,,,,,,,,,,,,,,,,,,,,,,,,,,,,,,,,,,,,,,,,,,,,,,,,,,,,,,,,,,,,,,,,,,,,,,,,,,,,,,,,,,,,,,,,,,,,,,,,,,,,,,,,,,,,2024LindaDounPE,1854,1.0,1700.0,1700.0,1700.0,EUR,1700.0,25.0,42500.0,42500.0,2024-05-14,Public,PE,Digital print,Confirmed,exact,1.0,,
Makiko Kudo · Nanohana Ramen · 2022 Q3,Makiko Kudo,Nanohana Ramen,2022 Q3,2022,2023-01-01,2026-09-08,655.0,29.0,0.0,,,,,,inferred,no_draw,,launched before the export (catalogue traffic only),,,,,,,,,,,,,,,,,,,,,,,,,,,,,,,,,,,,,,,,,,,,,,,,,,,,,,,,,,,,,,,,,,,,,,,,,,,,,,,,,,,,,,,,,,,,,,,,,,,,,,,,,,,,,,,,,,,,,,,,,,,,,,,,22.08MakikoRamen,340,1.0,700.0,700.0,700.0,EUR,700.0,80.0,56000.0,56000.0,2022-08-17,Public,PE,Silkscreen print,Confirmed,exact,1.0,,
Mark Whalen · Early Light · 2023 Q3,Mark Whalen,Early Light,2023 Q3,2023,2023-09-11,2026-09-09,820.0,7.0,0.0,,,,,,inferred,trace,,fewer than 10 entries and 10 units,,,,,,,,,,,,,,,,,,,,,,,,,,,,,,,,,,,,,,,,,,,,,,,,,,,,,,,,,,,,,,,,,,,,,,,,,,,,,,,,,,,,,,,,,,,,,,,,,,,,,,,,,,,,,,,,,,,,,,,,,,,,,,,,2023.09Mark WhalenPE,1252,1.0,1200.0,1200.0,1200.0,EUR,1200.0,30.0,36000.0,36000.0,2023-09-25,Public,PE,Hybrid print,Confirmed,exact,1.0,,
Mark Whalen · Lucky Charm · 2022 Q1,Mark Whalen,Lucky Charm,2022 Q1,2022,2023-01-01,2026-08-31,258.0,0.0,0.0,,,,,,inferred,trace,,fewer than 10 entries and 10 units,,,,,,,,,,,,,,,,,,,,,,,,,,,,,,,,,,,,,,,,,,,,,,,,,,,,,,,,,,,,,,,,,,,,,,,,,,,,,,,,,,,,,,,,,,,,,,,,,,,,,,,,,,,,,,,,,,,,,,,,,,,,,,,,30.03MWhalenLuckyCharm,258,1.0,5500.0,5500.0,5500.0,EUR,5500.0,25.0,137500.0,137500.0,2022-03-30,Public,SE,High cost 3D edition,Confirmed,exact,1.0,,
Michael Kagan · Concorde · 2021 Q4,Michael Kagan,Concorde,2021 Q4,2021,2023-01-01,2026-09-09,323.0,0.0,0.0,,,,,,inferred,trace,,fewer than 10 entries and 10 units,,,,,,,,,,,,,,,,,,,,,,,,,,,,,,,,,,,,,,,,,,,,,,,,,,,,,,,,,,,,,,,,,,,,,,,,,,,,,,,,,,,,,,,,,,,,,,,,,,,,,,,,,,,,,,,,,,,,,,,,,,,,,,,,05.11KaganConcorde,211,1.0,3500.0,3500.0,3500.0,EUR,3500.0,100.0,350000.0,350000.0,2021-11-05,Public,PE,Silkscreen print,Confirmed,exact,1.0,,
Michael Kagan · Saturn V · 2022 Q3,Michael Kagan,Saturn V,2022 Q3,2022,2023-01-01,2026-09-02,138.0,0.0,0.0,,,,,,inferred,trace,,fewer than 10 entries and 10 units,,,,,,,,,,,,,,,,,,,,,,,,,,,,,,,,,,,,,,,,,,,,,,,,,,,,,,,,,,,,,,,,,,,,,,,,,,,,,,,,,,,,,,,,,,,,,,,,,,,,,,,,,,,,,,,,,,,,,,,,,,,,,,,,22.08MKaganSaturnV,288,1.0,5000.0,5000.0,5000.0,EUR,5000.0,,,,2022-08-24,Public,PE,Silkscreen print,Confirmed,artist+quarter,1.0,,titles: [UPDATED - 12 consigned] Saturn V - Print edition
Michaël Borremans · The Monkey · 2027 Q1,Michaël Borremans,The Monkey,2027 Q1,2027,2026-02-13,2026-02-13,0.0,0.0,0.0,,,,,,inferred,trace,,fewer than 10 entries and 10 units,,,,,,,,,,,,,,,,,,,,,,,,,,,,,,,,,,,,,,,,,,,,,,,,,,,,,,,,,,,,,,,,,,,,,,,,,,,,,,,,,,,,,,,,,,,,,,,,,,,,,,,,,,,,,,,,,,,,,,,,,,,,,,,,,,,,,,,,,,,,,,,,none,,,artist not in the Airtable pull
Minhee Kim · Multiple · 2023 Q2,Minhee Kim,Multiple,2023 Q2,2023,2023-03-28,2026-09-09,504.0,2.0,0.0,,,,,,inferred,trace,,fewer than 10 entries and 10 units,,,,,,,,,,,,,,,,,,,,,,,,,,,,,,,,,,,,,,,,,,,,,,,,,,,,,,,,,,,,,,,,,,,,,,,,,,,,,,,,,,,,,,,,,,,,,,,,,,,,,,,,,,,,,,,,,,,,,,,,,,,,,,,,2023.04Minhee KimOG,1334|1566,2.0,1300.0,1300.0,1300.0,EUR,1300.0,2.0,2600.0,2600.0,2023-04-19,Public,OG,Unique work,Confirmed,artist+quarter,1.0,,"titles: Studio Works | LANGLEY, 2022 / Studio Works | TERESA, 2022"
Molly Greene · Bur · 2022 Q4,Molly Greene,Bur,2022 Q4,2022,2023-01-01,2026-09-02,303.0,2.0,0.0,,,,,,inferred,trace,,fewer than 10 entries and 10 units,,,,,,,,,,,,,,,,,,,,,,,,,,,,,,,,,,,,,,,,,,,,,,,,,,,,,,,,,,,,,,,,,,,,,,,,,,,,,,,,,,,,,,,,,,,,,,,,,,,,,,,,,,,,,,,,,,,,,,,,,,,,,,,,22.11MGreeneBur,725,1.0,1250.0,1250.0,1250.0,EUR,1250.0,25.0,31250.0,31250.0,2022-11-21,Public,PE,Silkscreen print,Confirmed,exact,1.0,,
Mr. StarCity · Multiple · 2022 Q2,Mr. StarCity,Multiple,2022 Q2,2022,2023-01-02,2026-09-05,491.0,1.0,0.0,,,,,,inferred,trace,,fewer than 10 entries and 10 units,,,,,,,,,,,,,,,,,,,,,,,,,,,,,,,,,,,,,,,,,,,,,,,,,,,,,,,,,,,,,,,,,,,,,,,,,,,,,,,,,,,,,,,,,,,,,,,,,,,,,,,,,,,,,,,,,,,,,,,,,,,,,,,,22.05Mr.StarCityPE/SE,566|509,2.0,3833.3333333333335,3500.0,4500.0,EUR,3833.3333333333335,60.0,230000.0,230000.0,2022-05-12,Public,PE,Mid cost 3D edition,Confirmed,artist+quarter,1.0,,titles: Holding Onto Faith / The People I’ve Never Met
Neo Image Matloga · Majakathata · 2021 Q3,Neo Image Matloga,Majakathata,2021 Q3,2021,2023-01-07,2026-09-07,284.0,1.0,0.0,,,,,,inferred,trace,,fewer than 10 entries and 10 units,,,,,,,,,,,,,,,,,,,,,,,,,,,,,,,,,,,,,,,,,,,,,,,,,,,,,,,,,,,,,,,,,,,,,,,,,,,,,,,,,,,,,,,,,,,,,,,,,,,,,,,,,,,,,,,,,,,,,,,,,,,,,,,,10.08NeoimageMajakathata,185,1.0,750.0,750.0,750.0,EUR,750.0,70.0,52500.0,52500.0,2021-08-10,Public,PE,Silkscreen print,Confirmed,exact,1.0,,
Nicasio Fernandez · D.I.Y (Hand-finished) · 2022 Q4,Nicasio Fernandez,D.I.Y (Hand-finished),2022 Q4,2022,2023-01-02,2026-09-10,241.0,1.0,0.0,,,,,,inferred,trace,,fewer than 10 entries and 10 units,,,,,,,,,,,,,,,,,,,,,,,,,,,,,,,,,,,,,,,,,,,,,,,,,,,,,,,,,,,,,,,,,,,,,,,,,,,,,,,,,,,,,,,,,,,,,,,,,,,,,,,,,,,,,,,,,,,,,,,,,,,,,,,,22.10NFernandezD.I.YHF,466,1.0,4000.0,4000.0,4000.0,EUR,4000.0,20.0,80000.0,80000.0,2022-10-04,Enquiry,HFPE,Silkscreen print,Confirmed,exact,1.0,,
Nicasio Fernandez · D.I.Y · 2022 Q4,Nicasio Fernandez,D.I.Y,2022 Q4,2022,2023-01-03,2026-09-09,125.0,0.0,0.0,,,,,,inferred,trace,,fewer than 10 entries and 10 units,,,,,,,,,,,,,,,,,,,,,,,,,,,,,,,,,,,,,,,,,,,,,,,,,,,,,,,,,,,,,,,,,,,,,,,,,,,,,,,,,,,,,,,,,,,,,,,,,,,,,,,,,,,,,,,,,,,,,,,,,,,,,,,,22.10NFernandezD.I.Y,737,1.0,1500.0,1500.0,1500.0,EUR,1500.0,35.0,52500.0,52500.0,2022-10-04,Draw,PE,Silkscreen print,Confirmed,exact,1.0,,
Nicolas Holiber · Multiple · 2022 Q2,Nicolas Holiber,Multiple,2022 Q2,2022,2023-01-01,2026-09-09,187.0,0.0,0.0,,,,,,inferred,trace,,fewer than 10 entries and 10 units,,,,,,,,,,,,,,,,,,,,,,,,,,,,,,,,,,,,,,,,,,,,,,,,,,,,,,,,,,,,,,,,,,,,,,,,,,,,,,,,,,,,,,,,,,,,,,,,,,,,,,,,,,,,,,,,,,,,,,,,,,,,,,,,22.06NHoliberMasks,450|883,2.0,3750.0,3750.0,3750.0,EUR,3750.0,10.0,37500.0,37500.0,2022-06-23,Public,SE,Mid cost 3D edition,Confirmed,artist+quarter,1.0,,titles: Mask of a Woman (Green Patina) / Painted Mask
Nigel Howlett · Multiple · 2022 Q1,Nigel Howlett,Multiple,2022 Q1,2022,2023-01-01,2026-09-10,573.0,10.0,0.0,,,,,,inferred,no_draw,,launched before the export (catalogue traffic only),,,,,,,,,,,,,,,,,,,,,,,,,,,,,,,,,,,,,,,,,,,,,,,,,,,,,,,,,,,,,,,,,,,,,,,,,,,,,,,,,,,,,,,,,,,,,,,,,,,,,,,,,,,,,,,,,,,,,,,,,,,,,,,,22.03NHowlettFaceBeforeYouWereBorn,697|696|558,3.0,487.89473684210526,85.0,3500.0,EUR,487.89473684210526,475.0,231750.0,231750.0,2022-03-31,Public,CL,Low cost 3D edition,Confirmed,artist+quarter,1.0,,titles: Submission / The Face Before You Were Born / The Face Before You Were Born (Signed Collector's Edition)
Nikki Maloof · Oranges · 2022 Q2,Nikki Maloof,Oranges,2022 Q2,2022,2023-01-02,2026-09-08,294.0,0.0,0.0,,,,,,inferred,trace,,fewer than 10 entries and 10 units,,,,,,,,,,,,,,,,,,,,,,,,,,,,,,,,,,,,,,,,,,,,,,,,,,,,,,,,,,,,,,,,,,,,,,,,,,,,,,,,,,,,,,,,,,,,,,,,,,,,,,,,,,,,,,,,,,,,,,,,,,,,,,,,09.05NikkiMaloOranges,640,1.0,1650.0,1650.0,1650.0,EUR,1650.0,20.0,33000.0,33000.0,2022-05-09,Public,HFPE,Silkscreen print,Confirmed,exact,1.0,,
Pablo Tomek · Multiple · 2023 Q2,Pablo Tomek,Multiple,2023 Q2,2023,2023-03-27,2026-09-05,322.0,1.0,0.0,,,,,,inferred,trace,,fewer than 10 entries and 10 units,,,,,,,,,,,,,,,,,,,,,,,,,,,,,,,,,,,,,,,,,,,,,,,,,,,,,,,,,,,,,,,,,,,,,,,,,,,,,,,,,,,,,,,,,,,,,,,,,,,,,,,,,,,,,,,,,,,,,,,,,,,,,,,,2023.04Pablo TomekOG,1333|1570|1571,3.0,6000.0,6000.0,6000.0,EUR,6000.0,3.0,18000.0,18000.0,2023-04-19,Public,OG,Unique work,Confirmed,artist+quarter,1.0,,"titles: Studio Works | Shotgun 1, 2022 / Studio Works | Shotgun 2, 2022 / Studio Works | Shotgun 3, 2022"
Patrick Quarm · Multiple · 2022 Q1,Patrick Quarm,Multiple,2022 Q1,2022,2023-01-01,2026-09-10,423.0,2.0,0.0,,,,,,inferred,trace,,fewer than 10 entries and 10 units,,,,,,,,,,,,,,,,,,,,,,,,,,,,,,,,,,,,,,,,,,,,,,,,,,,,,,,,,,,,,,,,,,,,,,,,,,,,,,,,,,,,,,,,,,,,,,,,,,,,,,,,,,,,,,,,,,,,,,,,,,,,,,,,22.04PQuarmTwilight,222|776,2.0,3500.0,3500.0,3500.0,EUR,3500.0,30.0,105000.0,105000.0,2022-03-24,Public,HFPE,Hybrid print,Confirmed,artist+quarter,1.0,,titles: Twilight (Blue) / Twilight (Yellow)
Paul Insect · Christmas Tree Baubles · 2022 Q4,Paul Insect,Christmas Tree Baubles,2022 Q4,2022,2023-01-01,2026-09-09,6997.0,20.0,0.0,,,,,,inferred,no_draw,,launched before the export (catalogue traffic only),,,,,,,,,,,,,,,,,,,,,,,,,,,,,,,,,,,,,,,,,,,,,,,,,,,,,,,,,,,,,,,,,,,,,,,,,,,,,,,,,,,,,,,,,,,,,,,,,,,,,,,,,,,,,,,,,,,,,,,,,,,,,,,,22.12PInsectBaubles,716,1.0,500.0,500.0,500.0,EUR,500.0,500.0,250000.0,250000.0,2022-11-17,Public,CL,Low cost 3D edition,Confirmed,exact,1.0,,
Paul Insect · Multiple · 2021 Q4,Paul Insect,Multiple,2021 Q4,2021,2023-01-06,2026-09-02,514.0,0.0,0.0,,,,,,inferred,trace,,fewer than 10 entries and 10 units,,,,,,,,,,,,,,,,,,,,,,,,,,,,,,,,,,,,,,,,,,,,,,,,,,,,,,,,,,,,,,,,,,,,,,,,,,,,,,,,,,,,,,,,,,,,,,,,,,,,,,,,,,,,,,,,,,,,,,,,,,,,,,,,21.11PInsectAmsterdamShow,502|210|501|609|604|608|606|503|208|605|597,11.0,1550.4469987228608,300.0,30000.0,EUR,1550.4469987228608,783.0,1214000.0,1214000.0,2021-11-18,Private,OG,Unique work,Confirmed,artist+quarter,1.0,,titles: Automaton Sculptures (Originals) / Cosmodela / Cosmodela (Duponti) / Glass Sculptures (Originals) / Large Circular Paint
Paul Insect · Sweetie Jar · 2022 Q2,Paul Insect,Sweetie Jar,2022 Q2,2022,2023-01-09,2026-05-26,35.0,1.0,0.0,,,,,,inferred,trace,,fewer than 10 entries and 10 units,,,,,,,,,,,,,,,,,,,,,,,,,,,,,,,,,,,,,,,,,,,,,,,,,,,,,,,,,,,,,,,,,,,,,,,,,,,,,,,,,,,,,,,,,,,,,,,,,,,,,,,,,,,,,,,,,,,,,,,,,,,,,,,,06.22PinsectSweetieJar,209,1.0,4500.0,4500.0,4500.0,EUR,4500.0,25.0,112500.0,112500.0,2022-06-30,Public,SE,Mid cost 3D edition,Confirmed,exact,1.0,,
Paul McCarthy · Santa with Butt Plug Bronze 11.4 inches · 2022 Q4,Paul McCarthy,Santa with Butt Plug Bronze 11.4 inches,2022 Q4,2022,2023-01-02,2026-09-10,1480.0,2.0,0.0,,,,,,inferred,trace,,fewer than 10 entries and 10 units,,,,,,,,,,,,,,,,,,,,,,,,,,,,,,,,,,,,,,,,,,,,,,,,,,,,,,,,,,,,,,,,,,,,,,,,,,,,,,,,,,,,,,,,,,,,,,,,,,,,,,,,,,,,,,,,,,,,,,,,,,,,,,,,22.12PMcCarthyButtplug,673,1.0,25000.0,25000.0,25000.0,EUR,25000.0,25.0,625000.0,625000.0,2022-12-06,Enquiry,SE,High cost 3D edition,Confirmed,exact,1.0,,
Peter Halley · Galaxia II · 2022 Q2,Peter Halley,Galaxia II,2022 Q2,2022,2023-01-01,2026-09-04,610.0,5.0,0.0,,,,,,inferred,trace,,fewer than 10 entries and 10 units,,,,,,,,,,,,,,,,,,,,,,,,,,,,,,,,,,,,,,,,,,,,,,,,,,,,,,,,,,,,,,,,,,,,,,,,,,,,,,,,,,,,,,,,,,,,,,,,,,,,,,,,,,,,,,,,,,,,,,,,,,,,,,,,23.05PHallGalaxia,266,1.0,4000.0,4000.0,4000.0,EUR,4000.0,40.0,160000.0,160000.0,2022-05-23,Public,PE,Complex print,Confirmed,exact,1.0,,
Rafa Macarrón · Multiple · 2022 Q2,Rafa Macarrón,Multiple,2022 Q2,2022,2023-01-01,2026-09-10,448.0,0.0,0.0,,,,,,inferred,trace,,fewer than 10 entries and 10 units,,,,,,,,,,,,,,,,,,,,,,,,,,,,,,,,,,,,,,,,,,,,,,,,,,,,,,,,,,,,,,,,,,,,,,,,,,,,,,,,,,,,,,,,,,,,,,,,,,,,,,,,,,,,,,,,,,,,,,,,,,,,,,,,22.05RMacarronDogs,690|570,2.0,12000.0,12000.0,12000.0,EUR,12000.0,60.0,720000.0,720000.0,2022-05-30,Enquiry,SE,High cost 3D edition,Confirmed,artist+quarter,1.0,,titles: Fabula / Indi
Roby Dwi Antono · BIAS II · 2022 Q4,Roby Dwi Antono,BIAS II,2022 Q4,2022,2023-01-02,2026-09-09,569.0,2.0,0.0,,,,,,inferred,trace,,fewer than 10 entries and 10 units,,,,,,,,,,,,,,,,,,,,,,,,,,,,,,,,,,,,,,,,,,,,,,,,,,,,,,,,,,,,,,,,,,,,,,,,,,,,,,,,,,,,,,,,,,,,,,,,,,,,,,,,,,,,,,,,,,,,,,,,,,,,,,,,22.09RDAntonoBiasII,403,1.0,4500.0,4500.0,4500.0,EUR,4500.0,75.0,337500.0,337500.0,2022-10-24,Draw,SE,Mid cost 3D edition,Confirmed,exact,1.0,,
Roby Dwi Antono · BIAS · 2022 Q1,Roby Dwi Antono,BIAS,2022 Q1,2022,2023-01-03,2026-09-06,287.0,0.0,0.0,,,,,,inferred,trace,,fewer than 10 entries and 10 units,,,,,,,,,,,,,,,,,,,,,,,,,,,,,,,,,,,,,,,,,,,,,,,,,,,,,,,,,,,,,,,,,,,,,,,,,,,,,,,,,,,,,,,,,,,,,,,,,,,,,,,,,,,,,,,,,,,,,,,,,,,,,,,,09.02RDAntonoBIAS,277,1.0,2750.0,2750.0,2750.0,EUR,2750.0,30.0,82500.0,82500.0,2022-02-09,Draw,PE,Silkscreen print,Confirmed,exact,1.0,,
Roby Dwi Antono · KIRA · 2021 Q3,Roby Dwi Antono,KIRA,2021 Q3,2021,2023-01-02,2026-09-09,811.0,0.0,0.0,,,,,,inferred,trace,,fewer than 10 entries and 10 units,,,,,,,,,,,,,,,,,,,,,,,,,,,,,,,,,,,,,,,,,,,,,,,,,,,,,,,,,,,,,,,,,,,,,,,,,,,,,,,,,,,,,,,,,,,,,,,,,,,,,,,,,,,,,,,,,,,,,,,,,,,,,,,,24.08RDAntonoKIRA,189,1.0,750.0,750.0,750.0,EUR,750.0,50.0,37500.0,37500.0,2021-08-24,Public,PE,Silkscreen print,Confirmed,exact,1.0,,
Roby Dwi Antono · Multiple · 2022 Q2,Roby Dwi Antono,Multiple,2022 Q2,2022,2023-01-02,2026-09-08,1217.0,7.0,0.0,,,,,,inferred,trace,,fewer than 10 entries and 10 units,,,,,,,,,,,,,,,,,,,,,,,,,,,,,,,,,,,,,,,,,,,,,,,,,,,,,,,,,,,,,,,,,,,,,,,,,,,,,,,,,,,,,,,,,,,,,,,,,,,,,,,,,,,,,,,,,,,,,,,,,,,,,,,,22.06RDAntonoto4xPRINTS,881|282|879|880,4.0,750.0,750.0,750.0,EUR,750.0,800.0,600000.0,600000.0,2022-06-27,Draw,PE,Silkscreen print,Confirmed,artist+quarter,1.0,,titles: BULAN / CLARA / KINASIH / OKTA
Ryan Travis Christian · CHATTE PARFAITE · 2023 Q2,Ryan Travis Christian,CHATTE PARFAITE,2023 Q2,2023,2023-05-25,2026-09-09,1714.0,4.0,0.0,,,,,,inferred,trace,,fewer than 10 entries and 10 units,,,,,,,,,,,,,,,,,,,,,,,,,,,,,,,,,,,,,,,,,,,,,,,,,,,,,,,,,,,,,,,,,,,,,,,,,,,,,,,,,,,,,,,,,,,,,,,,,,,,,,,,,,,,,,,,,,,,,,,,,,,,,,,,2023.06Ryan Travis SE,601,1.0,5000.0,5000.0,5000.0,EUR,5000.0,30.0,150000.0,150000.0,2023-06-20,Public,SE,High cost 3D edition,Confirmed,exact,1.0,,
Ryo Laksamana · Multiple · 2022 Q2,Ryo Laksamana,Multiple,2022 Q2,2022,2023-01-03,2026-09-05,248.0,2.0,0.0,,,,,,inferred,trace,,fewer than 10 entries and 10 units,,,,,,,,,,,,,,,,,,,,,,,,,,,,,,,,,,,,,,,,,,,,,,,,,,,,,,,,,,,,,,,,,,,,,,,,,,,,,,,,,,,,,,,,,,,,,,,,,,,,,,,,,,,,,,,,,,,,,,,,,,,,,,,,22.05RLaksamanaPEs,679|692,2.0,850.0,850.0,850.0,EUR,850.0,50.0,42500.0,42500.0,2022-05-16,Draw,PE,Hybrid print,Confirmed,artist+quarter,1.0,,titles: FELAX / RABBIT CAR ON THE HEAD
Sarah Morris · Industry (Spiderweb) · 2023 Q2,Sarah Morris,Industry (Spiderweb),2023 Q2,2023,2023-04-12,2026-09-09,936.0,1.0,0.0,,,,,,inferred,trace,,fewer than 10 entries and 10 units,,,,,,,,,,,,,,,,,,,,,,,,,,,,,,,,,,,,,,,,,,,,,,,,,,,,,,,,,,,,,,,,,,,,,,,,,,,,,,,,,,,,,,,,,,,,,,,,,,,,,,,,,,,,,,,,,,,,,,,,,,,,,,,,2023.04Sarah MorrisPE,687,1.0,3500.0,3500.0,3500.0,EUR,3500.0,50.0,175000.0,175000.0,2023-05-05,Public,PE,Silkscreen print,Confirmed,artist+quarter,1.0,,titles: Industry
Satoru Koizumi · Studio 2021 · 2021 Q2,Satoru Koizumi,Studio 2021,2021 Q2,2021,2023-01-08,2026-09-08,109.0,0.0,0.0,,,,,,inferred,trace,,fewer than 10 entries and 10 units,,,,,,,,,,,,,,,,,,,,,,,,,,,,,,,,,,,,,,,,,,,,,,,,,,,,,,,,,,,,,,,,,,,,,,,,,,,,,,,,,,,,,,,,,,,,,,,,,,,,,,,,,,,,,,,,,,,,,,,,,,,,,,,,14.04SatorukoiStudio2021,124,1.0,1500.0,1500.0,1500.0,EUR,1500.0,45.0,67500.0,67500.0,2021-04-14,Public,PE,Complex print,Confirmed,exact,1.0,,
Satoru Koizumi · White Rhino · 2022 Q4,Satoru Koizumi,White Rhino,2022 Q4,2022,2023-01-01,2026-09-10,322.0,1.0,0.0,,,,,,inferred,trace,,fewer than 10 entries and 10 units,,,,,,,,,,,,,,,,,,,,,,,,,,,,,,,,,,,,,,,,,,,,,,,,,,,,,,,,,,,,,,,,,,,,,,,,,,,,,,,,,,,,,,,,,,,,,,,,,,,,,,,,,,,,,,,,,,,,,,,,,,,,,,,,22.11SKoimuroWhiterhino,314,1.0,8000.0,8000.0,8000.0,EUR,8000.0,25.0,200000.0,200000.0,2022-11-30,Enquiry,SE,High cost 3D edition,Confirmed,exact,1.0,,
Scott Kahn · INGERSOLL'S BRANCH · 2022 Q4,Scott Kahn,INGERSOLL'S BRANCH,2022 Q4,2022,2023-01-01,2026-09-09,573.0,2.0,0.0,,,,,,inferred,trace,,fewer than 10 entries and 10 units,,,,,,,,,,,,,,,,,,,,,,,,,,,,,,,,,,,,,,,,,,,,,,,,,,,,,,,,,,,,,,,,,,,,,,,,,,,,,,,,,,,,,,,,,,,,,,,,,,,,,,,,,,,,,,,,,,,,,,,,,,,,,,,,22.10SKahnIngersoll's,754,1.0,12000.0,12000.0,12000.0,EUR,12000.0,50.0,600000.0,600000.0,2022-10-25,Public,HFPE,Silkscreen print,Confirmed,exact,1.0,,
"Scott Kahn · Spring Moon, Grant Street (Hand-finished) · 2021 Q3",Scott Kahn,"Spring Moon, Grant Street (Hand-finished)",2021 Q3,2021,2023-01-02,2026-09-08,237.0,0.0,0.0,,,,,,inferred,trace,,fewer than 10 entries and 10 units,,,,,,,,,,,,,,,,,,,,,,,,,,,,,,,,,,,,,,,,,,,,,,,,,,,,,,,,,,,,,,,,,,,,,,,,,,,,,,,,,,,,,,,,,,,,,,,,,,,,,,,,,,,,,,,,,,,,,,,,,,,,,,,,08.09SKhanSpringMoon,192,1.0,6000.0,6000.0,6000.0,EUR,6000.0,30.0,180000.0,180000.0,2021-09-08,Public,PE,Silkscreen print,Confirmed,artist+quarter,1.0,,"titles: SPRING MOON, GRANT STREET"
Shaina McCoy · Hoops · 2022 Q2,Shaina McCoy,Hoops,2022 Q2,2022,2023-01-01,2026-09-01,303.0,0.0,0.0,,,,,,inferred,trace,,fewer than 10 entries and 10 units,,,,,,,,,,,,,,,,,,,,,,,,,,,,,,,,,,,,,,,,,,,,,,,,,,,,,,,,,,,,,,,,,,,,,,,,,,,,,,,,,,,,,,,,,,,,,,,,,,,,,,,,,,,,,,,,,,,,,,,,,,,,,,,,09.06SMcCoyHoops,449,1.0,2200.0,2200.0,2200.0,EUR,2200.0,25.0,55000.0,55000.0,2022-06-09,Public,PE,Silkscreen print,Confirmed,exact,1.0,,
Shaina McCoy · Tiff · 2023 Q2,Shaina McCoy,Tiff,2023 Q2,2023,2023-05-30,2026-09-09,2366.0,3.0,0.0,,,,,,inferred,trace,,fewer than 10 entries and 10 units,,,,,,,,,,,,,,,,,,,,,,,,,,,,,,,,,,,,,,,,,,,,,,,,,,,,,,,,,,,,,,,,,,,,,,,,,,,,,,,,,,,,,,,,,,,,,,,,,,,,,,,,,,,,,,,,,,,,,,,,,,,,,,,,2023.12ShainaMccoyPE,1039,1.0,2200.0,2200.0,2200.0,EUR,2200.0,25.0,55000.0,55000.0,2023-06-21,Public,PE,Silkscreen print,Confirmed,exact,1.0,,
Stickymonger · Multiple · 2022 Q1,Stickymonger,Multiple,2022 Q1,2022,2023-01-03,2026-09-10,166.0,1.0,0.0,,,,,,inferred,trace,,fewer than 10 entries and 10 units,,,,,,,,,,,,,,,,,,,,,,,,,,,,,,,,,,,,,,,,,,,,,,,,,,,,,,,,,,,,,,,,,,,,,,,,,,,,,,,,,,,,,,,,,,,,,,,,,,,,,,,,,,,,,,,,,,,,,,,,,,,,,,,,22.03InternationalWomensWeek,318,1.0,1500.0,1500.0,1500.0,EUR,1500.0,75.0,112500.0,112500.0,2022-03-08,Public,PE,Silkscreen print,Confirmed,artist+quarter,1.0,,titles: Sweet Junkfood
Stickymonger · Multiple · 2022 Q2,Stickymonger,Multiple,2022 Q2,2022,2023-01-01,2026-09-08,191.0,2.0,0.0,,,,,,inferred,trace,,fewer than 10 entries and 10 units,,,,,,,,,,,,,,,,,,,,,,,,,,,,,,,,,,,,,,,,,,,,,,,,,,,,,,,,,,,,,,,,,,,,,,,,,,,,,,,,,,,,,,,,,,,,,,,,,,,,,,,,,,,,,,,,,,,,,,,,,,,,,,,,22.05StickymongerTondos,322|652,2.0,1500.0,1500.0,1500.0,EUR,1500.0,100.0,150000.0,150000.0,2022-05-04,Draw,PE,Silkscreen print,Confirmed,artist+quarter,1.0,,titles: Midnight Ride / Waiting - West 4th
Stickymonger · Multiple · 2022 Q3,Stickymonger,Multiple,2022 Q3,2022,2023-01-01,2026-09-09,145.0,0.0,0.0,,,,,,inferred,trace,,fewer than 10 entries and 10 units,,,,,,,,,,,,,,,,,,,,,,,,,,,,,,,,,,,,,,,,,,,,,,,,,,,,,,,,,,,,,,,,,,,,,,,,,,,,,,,,,,,,,,,,,,,,,,,,,,,,,,,,,,,,,,,,,,,,,,,,,,,,,,,,22.08StickymongerPlastic Bags,319|654,2.0,2000.0,2000.0,2000.0,EUR,2000.0,50.0,100000.0,100000.0,2022-08-02,Draw,PE,Silkscreen print,Confirmed,artist+quarter,1.0,,"titles: Thank You, Plastic (Candy) / Thank You, Plastic (Cup Noodle)"
Sun-Kyo Park · Multiple · 2022 Q3,Sun-Kyo Park,Multiple,2022 Q3,2022,2023-01-05,2026-09-04,62.0,0.0,0.0,,,,,,inferred,trace,,fewer than 10 entries and 10 units,,,,,,,,,,,,,,,,,,,,,,,,,,,,,,,,,,,,,,,,,,,,,,,,,,,,,,,,,,,,,,,,,,,,,,,,,,,,,,,,,,,,,,,,,,,,,,,,,,,,,,,,,,,,,,,,,,,,,,,,,,,,,,,,22.07StudioWorks,700,1.0,2900.0,2900.0,2900.0,EUR,2900.0,2.0,5800.0,5800.0,2022-07-20,Draw,WP,Unique work,Confirmed,artist+quarter,1.0,,titles: Studio Works
Super Future Kid · Multiple · 2022 Q1,Super Future Kid,Multiple,2022 Q1,2022,2023-01-01,2026-09-08,873.0,4.0,0.0,,,,,,inferred,trace,,fewer than 10 entries and 10 units,,,,,,,,,,,,,,,,,,,,,,,,,,,,,,,,,,,,,,,,,,,,,,,,,,,,,,,,,,,,,,,,,,,,,,,,,,,,,,,,,,,,,,,,,,,,,,,,,,,,,,,,,,,,,,,,,,,,,,,,,,,,,,,,22.03InternationalWomensWeek,309,1.0,1500.0,1500.0,1500.0,EUR,1500.0,100.0,150000.0,150000.0,2022-03-11,Public,PE,Hybrid print,Confirmed,artist+quarter,1.0,,titles: I beg your Garden
Susumu Kamijo · Dance For Me In The Dusk · 2021 Q4,Susumu Kamijo,Dance For Me In The Dusk,2021 Q4,2021,2023-01-02,2026-09-09,499.0,0.0,0.0,,,,,,inferred,trace,,fewer than 10 entries and 10 units,,,,,,,,,,,,,,,,,,,,,,,,,,,,,,,,,,,,,,,,,,,,,,,,,,,,,,,,,,,,,,,,,,,,,,,,,,,,,,,,,,,,,,,,,,,,,,,,,,,,,,,,,,,,,,,,,,,,,,,,,,,,,,,,25.11SKamijoDanceInTheDusk,212,1.0,10000.0,10000.0,10000.0,EUR,10000.0,75.0,750000.0,750000.0,2021-11-25,Public,SE,High cost 3D edition,Confirmed,exact,1.0,,
TIDE · Multiple · 2022 Q1,TIDE,Multiple,2022 Q1,2022,2023-01-03,2026-09-01,500.0,0.0,0.0,,,,,,inferred,trace,,fewer than 10 entries and 10 units,,,,,,,,,,,,,,,,,,,,,,,,,,,,,,,,,,,,,,,,,,,,,,,,,,,,,,,,,,,,,,,,,,,,,,,,,,,,,,,,,,,,,,,,,,,,,,,,,,,,,,,,,,,,,,,,,,,,,,,,,,,,,,,,22.03TIDENITENITE,241|691,2.0,4000.0,4000.0,4000.0,EUR,4000.0,100.0,400000.0,400000.0,2022-03-03,Public,SE,Mid cost 3D edition,Confirmed,artist+quarter,1.0,,titles: NITE NITE (Black) / NITE NITE (White)
Takahiro Komuro · Ground Dragon · 2022 Q2,Takahiro Komuro,Ground Dragon,2022 Q2,2022,2023-01-01,2026-09-07,281.0,0.0,0.0,,,,,,inferred,trace,,fewer than 10 entries and 10 units,,,,,,,,,,,,,,,,,,,,,,,,,,,,,,,,,,,,,,,,,,,,,,,,,,,,,,,,,,,,,,,,,,,,,,,,,,,,,,,,,,,,,,,,,,,,,,,,,,,,,,,,,,,,,,,,,,,,,,,,,,,,,,,,31.05TKomuroGroundDragon,255,1.0,6000.0,6000.0,6000.0,EUR,6000.0,30.0,180000.0,180000.0,2022-05-31,Public,SE,High cost 3D edition,Confirmed,exact,1.0,,
Takahiro Komuro · Sphinx - Kira · 2023 Q4,Takahiro Komuro,Sphinx - Kira,2023 Q4,2023,2023-11-07,2026-09-10,4176.0,4.0,0.0,,,,,,inferred,trace,,fewer than 10 entries and 10 units,,,,,,,,,,,,,,,,,,,,,,,,,,,,,,,,,,,,,,,,,,,,,,,,,,,,,,,,,,,,,,,,,,,,,,,,,,,,,,,,,,,,,,,,,,,,,,,,,,,,,,,,,,,,,,,,,,,,,,,,,,,,,,,,2023.12TakahiroSE,1043,1.0,6500.0,6500.0,6500.0,EUR,6500.0,15.0,97500.0,97500.0,2023-12-13,Enquiry,SE,High cost 3D edition,Confirmed,exact,1.0,,
Tomokazu Matsuyama · Broken Train Pick Me · 2021 Q3,Tomokazu Matsuyama,Broken Train Pick Me,2021 Q3,2021,2023-01-03,2026-09-04,215.0,0.0,0.0,,,,,,inferred,trace,,fewer than 10 entries and 10 units,,,,,,,,,,,,,,,,,,,,,,,,,,,,,,,,,,,,,,,,,,,,,,,,,,,,,,,,,,,,,,,,,,,,,,,,,,,,,,,,,,,,,,,,,,,,,,,,,,,,,,,,,,,,,,,,,,,,,,,,,,,,,,,,20.07MatsuBrokenTrain,177,1.0,3000.0,3000.0,3000.0,EUR,3000.0,100.0,300000.0,300000.0,2021-07-20,Public,PE,Hybrid print,Confirmed,exact,1.0,,
Tomokazu Matsuyama · Clocks Daylight Jump · 2022 Q1,Tomokazu Matsuyama,Clocks Daylight Jump,2022 Q1,2022,2023-01-02,2026-09-08,264.0,0.0,0.0,,,,,,inferred,trace,,fewer than 10 entries and 10 units,,,,,,,,,,,,,,,,,,,,,,,,,,,,,,,,,,,,,,,,,,,,,,,,,,,,,,,,,,,,,,,,,,,,,,,,,,,,,,,,,,,,,,,,,,,,,,,,,,,,,,,,,,,,,,,,,,,,,,,,,,,,,,,,16.03MatsuClocks,483,1.0,3800.0,3800.0,3800.0,EUR,3800.0,100.0,380000.0,380000.0,2022-03-16,Draw,PE,Hybrid print,Confirmed,exact,1.0,,
Tomokazu Matsuyama · Multiple · 2022 Q2,Tomokazu Matsuyama,Multiple,2022 Q2,2022,2023-01-04,2026-09-07,390.0,2.0,0.0,,,,,,inferred,trace,,fewer than 10 entries and 10 units,,,,,,,,,,,,,,,,,,,,,,,,,,,,,,,,,,,,,,,,,,,,,,,,,,,,,,,,,,,,,,,,,,,,,,,,,,,,,,,,,,,,,,,,,,,,,,,,,,,,,,,,,,,,,,,,,,,,,,,,,,,,,,,,22.06MatsuPerfectAllAlone,892|782,2.0,950.0,950.0,950.0,EUR,950.0,150.0,142500.0,142500.0,2022-06-22,Draw,PE,Hybrid print,Confirmed,artist+quarter,1.0,,titles: Perfect All Alone Ironic (Blue) / Perfect All Alone Ironic (Orange)
Tomokazu Matsuyama · The Seed Shiver Shine & Bright · 2022 Q4,Tomokazu Matsuyama,The Seed Shiver Shine & Bright,2022 Q4,2022,2023-01-01,2026-09-08,373.0,0.0,0.0,,,,,,inferred,trace,,fewer than 10 entries and 10 units,,,,,,,,,,,,,,,,,,,,,,,,,,,,,,,,,,,,,,,,,,,,,,,,,,,,,,,,,,,,,,,,,,,,,,,,,,,,,,,,,,,,,,,,,,,,,,,,,,,,,,,,,,,,,,,,,,,,,,,,,,,,,,,,22.12MatsuSeedShiverShineBright,485,1.0,5000.0,5000.0,5000.0,EUR,5000.0,75.0,375000.0,375000.0,2022-12-12,Draw,PE,Hybrid print,Confirmed,exact,1.0,,
Tomoo Gokita · Oscalypso · 2022 Q1,Tomoo Gokita,Oscalypso,2022 Q1,2022,2023-01-01,2026-09-08,246.0,0.0,0.0,,,,,,inferred,trace,,fewer than 10 entries and 10 units,,,,,,,,,,,,,,,,,,,,,,,,,,,,,,,,,,,,,,,,,,,,,,,,,,,,,,,,,,,,,,,,,,,,,,,,,,,,,,,,,,,,,,,,,,,,,,,,,,,,,,,,,,,,,,,,,,,,,,,,,,,,,,,,15.02TomooGOscalypso,316,1.0,4000.0,4000.0,4000.0,EUR,4000.0,40.0,160000.0,160000.0,2022-02-15,Enquiry,PE,Silkscreen print,Confirmed,exact,1.0,,
Tomás Sánchez · Sonido de aguas en la noche · 2022 Q1,Tomás Sánchez,Sonido de aguas en la noche,2022 Q1,2022,2023-01-01,2026-09-09,39045.0,3.0,0.0,,,,,,inferred,trace,,fewer than 10 entries and 10 units,,,,,,,,,,,,,,,,,,,,,,,,,,,,,,,,,,,,,,,,,,,,,,,,,,,,,,,,,,,,,,,,,,,,,,,,,,,,,,,,,,,,,,,,,,,,,,,,,,,,,,,,,,,,,,,,,,,,,,,,,,,,,,,,21.02TSanchezSonidoDeAguas,734,1.0,5600.0,5600.0,5600.0,EUR,5600.0,15.0,84000.0,84000.0,2022-02-21,Enquiry,PE,Complex print,Confirmed,exact,1.0,,
Tschabalala Self · Lady in Yellow on Spiral Seat #2 Teal Background · 2022 Q4,Tschabalala Self,Lady in Yellow on Spiral Seat #2 Teal Background,2022 Q4,2022,2023-01-02,2026-09-01,116.0,0.0,0.0,,,,,,inferred,trace,,fewer than 10 entries and 10 units,,,,,,,,,,,,,,,,,,,,,,,,,,,,,,,,,,,,,,,,,,,,,,,,,,,,,,,,,,,,,,,,,,,,,,,,,,,,,,,,,,,,,,,,,,,,,,,,,,,,,,,,,,,,,,,,,,,,,,,,,,,,,,,,22.10TSelfLady,789,1.0,30000.0,30000.0,30000.0,EUR,30000.0,12.0,360000.0,360000.0,2022-10-13,Enquiry,PE,Silkscreen print,Confirmed,exact,1.0,,
Tschabalala Self · Seated Bronze · 2022 Q4,Tschabalala Self,Seated Bronze,2022 Q4,2022,2023-01-01,2026-09-07,345.0,1.0,0.0,,,,,,inferred,trace,,fewer than 10 entries and 10 units,,,,,,,,,,,,,,,,,,,,,,,,,,,,,,,,,,,,,,,,,,,,,,,,,,,,,,,,,,,,,,,,,,,,,,,,,,,,,,,,,,,,,,,,,,,,,,,,,,,,,,,,,,,,,,,,,,,,,,,,,,,,,,,,22.10TSelfSeatedBronze,332,1.0,28000.0,28000.0,28000.0,EUR,28000.0,25.0,700000.0,700000.0,2022-10-13,Enquiry,SE,High cost 3D edition,Confirmed,exact,1.0,,
"Wang Zhibo · 15℃, Nationalistic Optimism by the Sea · 2024 Q3",Wang Zhibo,"15℃, Nationalistic Optimism by the Sea",2024 Q3,2024,2024-07-02,2026-09-10,740.0,3.0,4.0,,2024-08-09,,,2024-08-09,inferred,trace,,fewer than 10 entries and 10 units,,,,,,,,,,,,,,,,,,,,,,,,,,,,,,,,,,,,,,,,,,,,,,,,,,,,,,,,,,,,,,,,,,,,,,,,,,,,,,,,,,,,,,,,,,,,,,,,,,,,,,,,,,,,,,,,,,,,,,,,,,,,,,,,WangZhiboNational24,215,1.0,800.0,800.0,800.0,EUR,800.0,20.0,16000.0,16000.0,2024-08-13,TBC (Pre-order),PE,Silkscreen print,Confirmed,exact,1.0,,
Yoon Hyup · Night in Paris - Golden Light AP · 2022 Q4,Yoon Hyup,Night in Paris - Golden Light AP,2022 Q4,2022,2024-10-11,2024-12-15,0.0,3.0,0.0,,,,,,inferred,trace,,fewer than 10 entries and 10 units,,,,,,,,,,,,,,,,,,,,,,,,,,,,,,,,,,,,,,,,,,,,,,,,,,,,,,,,,,,,,,,,,,,,,,,,,,,,,,,,,,,,,,,,,,,,,,,,,,,,,,,,,,,,,,,,,,,,,,,,,,,,,,,,22.10YHyupNightinParis-GoldenLight,1003,1.0,750.0,750.0,750.0,EUR,750.0,200.0,150000.0,150000.0,2022-10-26,Public,PE,Silkscreen print,Confirmed,artist+quarter,1.0,,titles: Night in Paris - Golden Light
Yoon Hyup · Night in Paris - Golden Light · 2022 Q4,Yoon Hyup,Night in Paris - Golden Light,2022 Q4,2022,2023-01-01,2026-09-10,1133.0,0.0,0.0,,,,,,inferred,trace,,fewer than 10 entries and 10 units,,,,,,,,,,,,,,,,,,,,,,,,,,,,,,,,,,,,,,,,,,,,,,,,,,,,,,,,,,,,,,,,,,,,,,,,,,,,,,,,,,,,,,,,,,,,,,,,,,,,,,,,,,,,,,,,,,,,,,,,,,,,,,,,22.10YHyupNightinParis-GoldenLight,1003,1.0,750.0,750.0,750.0,EUR,750.0,200.0,150000.0,150000.0,2022-10-26,Public,PE,Silkscreen print,Confirmed,exact,1.0,,
Yu Nagaba · Toy Car · 2023 Q3,Yu Nagaba,Toy Car,2023 Q3,2023,2023-07-11,2026-09-07,6072.0,3.0,0.0,,,,,,inferred,trace,,fewer than 10 entries and 10 units,,,,,,,,,,,,,,,,,,,,,,,,,,,,,,,,,,,,,,,,,,,,,,,,,,,,,,,,,,,,,,,,,,,,,,,,,,,,,,,,,,,,,,,,,,,,,,,,,,,,,,,,,,,,,,,,,,,,,,,,,,,,,,,,2023.08Yu NagabaSE,1147,1.0,6000.0,6000.0,6000.0,EUR,6000.0,25.0,150000.0,150000.0,2023-08-18,Public,SE,High cost 3D edition,Confirmed,exact,1.0,,
Yuichi Hirako · Green Master / Bloom AP · 2022 Q3,Yuichi Hirako,Green Master / Bloom AP,2022 Q3,2022,2024-08-15,2024-08-15,0.0,1.0,0.0,,,,,,inferred,trace,,fewer than 10 entries and 10 units,,,,,,,,,,,,,,,,,,,,,,,,,,,,,,,,,,,,,,,,,,,,,,,,,,,,,,,,,,,,,,,,,,,,,,,,,,,,,,,,,,,,,,,,,,,,,,,,,,,,,,,,,,,,,,,,,,,,,,,,,,,,,,,,22.09YuichiGreen Master/Bloom,678,1.0,2500.0,2500.0,2500.0,EUR,2500.0,50.0,125000.0,125000.0,2022-09-19,Public,PE,Silkscreen print,Confirmed,artist+quarter,1.0,,titles: Green Master / Bloom
Yuichi Hirako · Green Master / Bloom · 2022 Q3,Yuichi Hirako,Green Master / Bloom,2022 Q3,2022,2023-01-01,2026-09-10,287.0,0.0,0.0,,,,,,inferred,trace,,fewer than 10 entries and 10 units,,,,,,,,,,,,,,,,,,,,,,,,,,,,,,,,,,,,,,,,,,,,,,,,,,,,,,,,,,,,,,,,,,,,,,,,,,,,,,,,,,,,,,,,,,,,,,,,,,,,,,,,,,,,,,,,,,,,,,,,,,,,,,,,22.09YuichiGreen Master/Bloom,678,1.0,2500.0,2500.0,2500.0,EUR,2500.0,50.0,125000.0,125000.0,2022-09-19,Public,PE,Silkscreen print,Confirmed,exact,1.0,,
Zhang Huan · Amitabha · 2021 Q3,Zhang Huan,Amitabha,2021 Q3,2021,2023-01-09,2026-09-08,138.0,0.0,0.0,,,,,,inferred,trace,,fewer than 10 entries and 10 units,,,,,,,,,,,,,,,,,,,,,,,,,,,,,,,,,,,,,,,,,,,,,,,,,,,,,,,,,,,,,,,,,,,,,,,,,,,,,,,,,,,,,,,,,,,,,,,,,,,,,,,,,,,,,,,,,,,,,,,,,,,,,,,,21.08ZhaunAmitabha,187,1.0,3800.0,3800.0,3800.0,EUR,3800.0,40.0,152000.0,152000.0,2021-08-12,Public,SE,Mid cost 3D edition,Confirmed,exact,1.0,,
Zhang Ruyi · Forced Separation · 2024 Q3,Zhang Ruyi,Forced Separation,2024 Q3,2024,2024-06-04,2026-09-10,739.0,7.0,6.0,,2024-06-24,,,2024-06-24,inferred,trace,,fewer than 10 entries and 10 units,,,,,,,,,,,,,,,,,,,,,,,,,,,,,,,,,,,,,,,,,,,,,,,,,,,,,,,,,,,,,,,,,,,,,,,,,,,,,,,,,,,,,,,,,,,,,,,,,,,,,,,,,,,,,,,,,,,,,,,,,,,,,,,,ZhangRuyiForced24,214,1.0,1200.0,1200.0,1200.0,EUR,1200.0,15.0,18000.0,18000.0,2024-07-16,TBC (Pre-order),PE,Silkscreen print,Confirmed,exact,1.0,,
b.wing · Multiple · 2022 Q3,b.wing,Multiple,2022 Q3,2022,2023-01-03,2026-09-01,120.0,0.0,0.0,,,,,,inferred,trace,,fewer than 10 entries and 10 units,,,,,,,,,,,,,,,,,,,,,,,,,,,,,,,,,,,,,,,,,,,,,,,,,,,,,,,,,,,,,,,,,,,,,,,,,,,,,,,,,,,,,,,,,,,,,,,,,,,,,,,,,,,,,,,,,,,,,,,,,,,,,,,,22.07StudioWorks,874|1045,2.0,2232.0,1080.0,3000.0,EUR,2232.0,5.0,11160.0,11160.0,2022-07-20,Draw,OG,Unique work,Initial estimate,artist+quarter,1.0,,titles: Studio Works
