airtable_id,project_code,artist,title,title_status,release,unit_price,currency,price_status,price_bucket,max_revenue,edition_size,unit_status,units_target,max_order_qty,edition_type,launch_type,business_unit,product_type,made_to_order,tl_length,project_status,product_variants,campaign_type,sales_approach,launch_date,launch_time,announce_date,private_room_date,tl_end_date,launch_date_status,quarter,preorder_window,medium,medium_status,dimensions,signed_numbered_dated,signature_type,hand_finished,framing,artist_tier,artist_genre,new_or_repeat,expected_sellthrough,target_sellthrough,artist_profit_per_unit,aa_profit_per_unit,aa_revenue_share,aa_profit_share,frame_conversion,frame_profit_per_unit,marketing_lead
1,CONRADJON-1,Conrad Jon Godly,Sol 23,,17.05CJGodlySol23,910,EUR,Confirmed,Under €1k,65520,72,,,,PE,,Limited,,,n/a,09. Fully completed,0,,,2017-05-17,,,,,,2017-Q2,,,,,,,,,Tier 3,,REPEAT,,,,,,,,,
2,LARAZANKO-2,Lara Zankoul,The Unseen,,25.05LZankoulUnseen,500,EUR,Confirmed,Under €1k,20000,40,,,,PE,,Limited,,,n/a,09. Fully completed,0,,,2017-05-25,,,,,,2017-Q2,,,,,,,,,Tier 3,,REPEAT,,,,,,,,,
3,KATRINFRI-3,Katrin Fridriks,Waving Force of Nature - Awakening,,17.06KFridriksPEs,780,EUR,Confirmed,Under €1k,60060,77,,,,PE,,Limited,,,n/a,09. Fully completed,0,,,2017-06-07,,,,,,2017-Q2,,,,,,,,,Tier 3,,REPEAT,,,,,,,,,
4,KATRINFRI-4,Katrin Fridriks,Waving Miracle – Magic Mind,,17.06KFridriksPEs,780,EUR,Confirmed,Under €1k,60060,77,,,,PE,,Limited,,,n/a,09. Fully completed,0,,,2017-06-07,,,,,,2017-Q2,,,,,,,,,Tier 3,,REPEAT,,,,,,,,,
5,JANKALÁB-5,Jan Kaláb,Sonoma,,12.07JankaSonoma,300,EUR,Confirmed,Under €1k,15000,50,,,,PE,,Limited,,,n/a,09. Fully completed,0,,,2017-07-12,,,,,,2017-Q3,,,,,,,,,Tier 3,,REPEAT,,,,,,,,,
6,JONNYNIES-6,Jonny Niesche,Cosmic Calculator,,12/07JNyniesScheinB,450,EUR,Confirmed,Under €1k,22500,50,,,,PE,,Limited,,,n/a,09. Fully completed,0,,,2017-07-12,,,,,,2017-Q3,,,,,,,,,Tier 3,,REPEAT,,,,,,,,,
7,MICHAELKA-7,Michael Kagan,Higher Places,,16.08KaganHigher,450,EUR,Confirmed,Under €1k,31500,70,,,,PE,,Limited,,,n/a,09. Fully completed,0,,,2017-08-16,,,,,Date confirmed (fully confirmed with artist),2017-Q3,,,,,,,,,Tier 3,,REPEAT,,,,,,,,,
8,JAKE&DIN-8,Jake & Dinos Chapman,Limited Edition Etchings,,N/A,,,Confirmed,Under €1k,0,,,,,WP,,Limited,,,n/a,09. Fully completed,0,,,2017-10-06,,,,,,2017-Q4,,,,,,,,,Tier 3,,NEW,,,,,,,,,
10,FELIPEPAN-10,Felipe Pantone,Chromadynamica Variable - Color,,17.10FPatonePEsCV,1890,EUR,Confirmed,€1k to €2.5k,18900,10,,,,PE,,Limited,,,n/a,09. Fully completed,2,,,2017-10-18,,,,,,2017-Q4,,,,,,,,,Tier 3,,REPEAT,,,,,,,,,
9,FELIPEPAN-9,Felipe Pantone,Chromadynamica Variable - Grey,,17.10FPatonePEsCV,1890,EUR,Confirmed,€1k to €2.5k,18900,10,,,,PE,,Limited,,,n/a,09. Fully completed,2,,,2017-10-18,,,,,,2017-Q4,,,,,,,,,Tier 3,,REPEAT,,,,,,,,,
11,BLONDEYMC-11,Blondey McCoy,Beautiful Chemical Imbalance,,17.11BMcCoyImbalance,945,EUR,Confirmed,Under €1k,118125,125,,,,PE,,Limited,,,n/a,09. Fully completed,0,,,2017-11-15,,,,,,2017-Q4,,,,,,,,,Tier 3,,REPEAT,,,,,,,,,
13,KATRINFRI-13,Katrin Fridriks,JJEAN-WDKOG-SE,,17.11KFridriksPEs,735,EUR,Confirmed,Under €1k,83055,113,,,,PE,,Limited,,,n/a,09. Fully completed,0,,,2017-11-15,,,,,,2017-Q4,,,,,,,,,Tier 3,,REPEAT,,,,,,,,,
12,KATRINFRI-12,Katrin Fridriks,King of Awakening & Awareness,,17.11KFridriksPEs,735,EUR,Confirmed,Under €1k,83055,113,,,,PE,,Limited,,,n/a,09. Fully completed,0,,,2017-11-15,,,,,,2017-Q4,,,,,,,,,Tier 3,,REPEAT,,,,,,,,,
14,JULESDEB-14,Jules de Balincourt,Island People,,17.02JulesDIsland,475,EUR,Confirmed,Under €1k,33250,70,,,,PE,,Limited,,,n/a,09. Fully completed,0,,,2018-02-17,,,,,,2018-Q1,,,,,,,,,Tier 3,,REPEAT,,,,,,,,,
71,DANHOLDSW-71,Dan Holdsworth,Argentiere Glacier NO .01,,18.03DHoldsworthGlacier,802,EUR,Confirmed,Under €1k,40100,50,,,,PE,,Limited,,,n/a,09. Fully completed,0,,,2018-03-21,,,,,,2018-Q1,,,,,,,,,Tier 3,,REPEAT,,,,,,,,,
69,KATRINFRI-69,Katrin Fridriks,Awakening Ride,,18.04KFridriksPEs,733,EUR,Confirmed,Under €1k,51310,70,,,,PE,,Limited,,,n/a,09. Fully completed,0,,,2018-04-06,,,,,,2018-Q2,,,,,,,,,Tier 3,,REPEAT,,,,,,,,,
70,KATRINFRI-70,Katrin Fridriks,Gold Edition,,18.04KFridriksPEs,733,EUR,Confirmed,Under €1k,51310,70,,,,PE,,Limited,,,n/a,09. Fully completed,0,,,2018-04-06,,,,,,2018-Q2,,,,,,,,,Tier 3,,REPEAT,,,,,,,,,
15,KATRINFRI-15,Katrin Fridriks,Personal Speed of Light,,18.04KFridriksPEs,735,EUR,Confirmed,Under €1k,56595,77,,,,PE,,Limited,,,n/a,09. Fully completed,0,,,2018-04-06,,,,,,2018-Q2,,,,,,,,,Tier 3,,REPEAT,,,,,,,,,
60,ROBERTNAV-60,Robert Nava,RN Drawings 2,,2018.05ROBERTNAVWP,,,Confirmed,Under €1k,0,1,,,,WP,,Limited,,,n/a,09. Fully completed,,,,2018-05-01,,,,,,2018-Q2,,,,,,,,,Tier 2,,REPEAT,,,,,,,,,
16,PAULINSEC-16,Paul Insect,The Ultimate Journey - Blue,,18.05PInsectTheUltimateJourneyBlue,1890,EUR,Confirmed,€1k to €2.5k,141750,75,,,,PE,,Limited,,,n/a,09. Fully completed,Blue,,,2018-05-16,,,,,Date confirmed (fully confirmed with artist),2018-Q2,,,,,,,,,Tier 3,,REPEAT,,,,,,,,,
17,PAULINSEC-17,Paul Insect,The Ultimate Journey - Gold,,18.05PInsectTheUltimateJourneyGold,1135,EUR,Confirmed,€1k to €2.5k,85125,75,,,,PE,,Limited,,,n/a,09. Fully completed,Gold,,,2018-05-16,,,,,Date confirmed (fully confirmed with artist),2018-Q2,,,,,,,,,Tier 3,,REPEAT,,,,,,,,,
18,PAULINSEC-18,Paul Insect,The Ultimate Journey - Red,,18.05PInsectTheUltimateJourneyRed,1890,EUR,Confirmed,€1k to €2.5k,37800,20,,,,PE,,Limited,,,n/a,09. Fully completed,Red,,,2018-05-16,,,,,Date confirmed (fully confirmed with artist),2018-Q2,,,,,,,,,Tier 3,,REPEAT,,,,,,,,,
19,MARCQUINN-19,Marc Quinn,Chromosphere,,2018.09MARCQUINNPE,1930,EUR,Confirmed,€1k to €2.5k,144750,75,,,,PE,,Limited,,,n/a,09. Fully completed,,,,2018-09-12,,,,,,2018-Q3,,,,,,,,,Tier 3,,REPEAT,,,,,,,,,
65,MARCQUINN-65,Marc Quinn,Heliosphere,,2018.09MARCQUINNPE,1930,EUR,Confirmed,€1k to €2.5k,137030,71,,,,PE,,Limited,,,n/a,09. Fully completed,,,,2018-09-12,,,,,,2018-Q3,,,,,,,,,Tier 3,,REPEAT,,,,,,,,,
20,FELIPEPAN-20,Felipe Pantone,W3-Dimensional 28,,3.11FpatoneW3,,,Confirmed,Under €1k,0,20,,,,SE,,Limited,,,n/a,09. Fully completed,0,,,2018-11-03,,,,,,2018-Q4,,,,,,,,,Tier 3,,REPEAT,,,,,,,,,
21,MICHAELKA-21,Michael Kagan,We Leave As We Came,,10.12KaganWeLeave,600,EUR,Confirmed,Under €1k,60000,100,,,,PE,,Limited,,,n/a,09. Fully completed,0,,,2018-12-10,,,,,Date confirmed (fully confirmed with artist),2018-Q4,,,,,,,,,Tier 3,,REPEAT,,,,,,,,,
23,PAULINSEC-23,Paul Insect,Crystal Habits Blue,,19.01PInsectCrystalHabitsBlue,1100,EUR,Confirmed,€1k to €2.5k,110000,100,,,,PE,,Limited,,,n/a,09. Fully completed,Blue,,,2019-01-24,,,,,Date confirmed (fully confirmed with artist),2019-Q1,,,,,,,,,Tier 3,,REPEAT,,,,,,,,,
22,PAULINSEC-22,Paul Insect,Crystal Habits Gold,,19.01PInsectCrystalHabitsGold,2000,EUR,Confirmed,€1k to €2.5k,40000,20,,,,PE,,Limited,,,n/a,09. Fully completed,Gold,,,2019-01-24,,,,,Date confirmed (fully confirmed with artist),2019-Q1,,,,,,,,,Tier 3,,REPEAT,,,,,,,,,
67,CHRISSUCC-67,Chris Succo,Daytona,,19.02CSuccoPEs,1400,EUR,Confirmed,€1k to €2.5k,28000,20,,,,PE,,Limited,,,n/a,09. Fully completed,0,,,2019-02-06,,,,,,2019-Q1,,,,,,,,,Tier 3,,REPEAT,,,,,,,,,
68,CHRISSUCC-68,Chris Succo,Paul's Backyard,,19.02CSuccoPEs,1400,EUR,Confirmed,€1k to €2.5k,28000,20,,,,PE,,Limited,,,n/a,09. Fully completed,0,,,2019-02-06,,,,,,2019-Q1,,,,,,,,,Tier 3,,REPEAT,,,,,,,,,
66,CHRISSUCC-66,Chris Succo,Untitled [1185813],,19.02CSuccoPEs,1400,EUR,Confirmed,€1k to €2.5k,28000,20,,,,PE,,Limited,,,n/a,09. Fully completed,0,,,2019-02-06,,,,,,2019-Q1,,,,,,,,,Tier 3,,REPEAT,,,,,,,,,
24,KENNYSCHA-24,Kenny Schachter,The Larry Joke,,20.02KennySlarryJoke,50,EUR,Confirmed,Under €1k,7500,150,,,,CL,,Limited,,,n/a,09. Fully completed,0,,,2019-02-20,,,,,,2019-Q1,,,,,,,,,Tier 3,,REPEAT,,,,,,,,,
25,TOMOKAZUM-25,Tomokazu Matsuyama,Jaded Sunshine,,19.04MatsuTondos,800,EUR,Confirmed,Under €1k,60000,75,,,,PE,,Limited,,,n/a,09. Fully completed,0,,,2019-04-17,,,,,Date confirmed (fully confirmed with artist),2019-Q2,,,,,,,,,Tier 2,,REPEAT,,,,,,,,,
26,TOMOKAZUM-26,Tomokazu Matsuyama,She's So Sweet Ride,,19.04MatsuTondos,800,EUR,Confirmed,Under €1k,60000,75,,,,PE,,Limited,,,n/a,09. Fully completed,0,,,2019-04-17,,,,,Date confirmed (fully confirmed with artist),2019-Q2,,,,,,,,,Tier 2,,REPEAT,,,,,,,,,
72,PACOPOMET-72,Paco Pomet,The Last Evening,,26.04PPometLastEvening,900,EUR,Confirmed,Under €1k,112500,125,,,,PE,,Limited,,,n/a,09. Fully completed,,,,2019-04-26,,,,,,2019-Q2,,,,,,,,,Tier 3,,REPEAT,,,,,,,,,
27,CAIGUO-QI-27,Cai Guo-Qiang,Yin-Yang Peonies,,19.05CGQiangPeonies,4400,EUR,Confirmed,€2.5k to €5k,220000,50,,,,PE,,Limited,,,n/a,09. Fully completed,0,,,2019-05-01,,,,,,2019-Q2,,,,,,,,,Tier 2,,REPEAT,,,,,,,,,
28,JAMESJEAN-28,James Jean,Slingshot (Black),,21.05JJeanSlingshot,4000,EUR,Confirmed,€2.5k to €5k,100000,25,,,,SE,,Limited,,,n/a,09. Fully completed,0,,,2019-05-21,,,,,Date confirmed (fully confirmed with artist),2019-Q2,,,,17cm x 16cm,,,,No framing option,Tier 1,,REPEAT,,,,,,,,,
64,FRÉDÉRICP-64,Frédéric Platéus,Polaris,,14.6FredericPolaris,1600,EUR,Confirmed,€1k to €2.5k,80000,50,,,,SE,,Limited,,,n/a,09. Fully completed,0,,,2019-06-14,,,,,,2019-Q2,,,,,,,,,Tier 3,,REPEAT,,,,,,,,,
63,CLAIRETAB-63,Claire Tabouret,The Swimmer,,19.06CTabouretSwimmer,920,EUR,Confirmed,Under €1k,69000,75,,,,PE,,Limited,,,n/a,09. Fully completed,0,,,2019-06-26,,,,,,2019-Q2,,,,,,,,,Tier 3,,REPEAT,,,,,,,,,
29,PEJAC-29,Pejac,Yin-Yang,,02.07PejacYin-Yang,3500,EUR,Confirmed,€2.5k to €5k,35000,10,,,,PE,,Limited,,,n/a,09. Fully completed,,,,2019-07-02,,,,,,2019-Q3,,,,,,,,,Tier 1,,REPEAT,,,,,,,,,
30,MARKWHALE-30,Mark Whalen,Ok Okay,,07.08MWhalenOKOkay,300,EUR,Confirmed,Under €1k,22500,75,,,,CL,,Limited,,,n/a,09. Fully completed,0,,,2019-08-07,,,,,,2019-Q3,,,,,,,,No framing option,Tier 2,,REPEAT,,,,,,,,,
73,MARCQUINN-73,Marc Quinn,Aragonitesphere,,2019.09MARCQUINNPE,1930,EUR,Confirmed,€1k to €2.5k,144750,75,,,,PE,,Limited,,,n/a,09. Fully completed,,,,2019-09-18,,,,,,2019-Q3,,Pigment print with matt varnish on Somerset satin 330gsm paper,,,,,,,Tier 3,,REPEAT,,,,,,,,,
74,TRUDYBENS-74,Trudy Benson,Red Sky,,03.10TrudyBredSky,500,EUR,Confirmed,Under €1k,25000,50,,,,PE,,Limited,,,n/a,09. Fully completed,0,,,2019-10-03,,,,,,2019-Q4,,,,,,,,,Tier 3,,REPEAT,,,,,,,,,
32,ZACHHARRI-32,Zach Harris,Zodiac Wave,,17.10ZHarrisZodiacWave,750,EUR,Confirmed,Under €1k,37500,50,,,,PE,,Limited,,,n/a,09. Fully completed,0,,,2019-10-17,,,,,,2019-Q4,,,,,,,,,Tier 3,,REPEAT,,,,,,,,,
77,KATRINFRI-77,Katrin Fridriks,Noble & Awakening,,19.10KFridriksAwakening,1350,EUR,Confirmed,€1k to €2.5k,39150,29,,,,PE,,Limited,,,n/a,09. Fully completed,0,,,2019-10-20,,,,,,2019-Q4,,,,,,,,,Tier 3,,REPEAT,,,,,,,,,
76,KATRINFRI-76,Katrin Fridriks,Spiritual Awakening,,19.10KFridriksAwakening,980,EUR,Confirmed,Under €1k,38220,39,,,,PE,,Limited,,,n/a,09. Fully completed,0,,,2019-10-20,,,,,,2019-Q4,,,,,,,,,Tier 3,,REPEAT,,,,,,,,,
75,KATRINFRI-75,Katrin Fridriks,Stargate Messenger,,19.10KFridriksAwakening,500,EUR,Confirmed,Under €1k,20000,40,,,,PE,,Limited,,,n/a,09. Fully completed,0,,,2019-10-20,,,,,,2019-Q4,,,,,,,,,Tier 3,,REPEAT,,,,,,,,,
34,JAMESJEAN-34,James Jean,Passage,,02.11JJeanPassage,2700,EUR,Confirmed,€2.5k to €5k,135000,50,,,,PE,,Limited,,,n/a,09. Fully completed,0,,,2019-11-02,,,,,Date confirmed (fully confirmed with artist),2019-Q4,,,,,,,,No framing option,Tier 1,,REPEAT,,,,,,,,,
33,JOAKIMOJA-33,Joakim Ojanen,Pink Dots All Over Me,,02.11JoakimaOverme,1350,EUR,Confirmed,€1k to €2.5k,67500,50,,,,SE,,Limited,,,n/a,09. Fully completed,0,,,2019-11-02,,,,,,2019-Q4,,,,,,,,,Tier 3,,REPEAT,,,,,,,,,
83,JOSHUAVID-83,Joshua Vides,HF skateboards,,19.11JVidesSkateboards,560,EUR,Confirmed,Under €1k,56000,100,,,,CL,,Limited,,,n/a,09. Fully completed,0,,,2019-11-02,,,,,,2019-Q4,,,,,,,,,Tier 3,,REPEAT,,,,,,,,,
82,JOSHUAVID-82,Joshua Vides,Skateboards,,19.11JVidesSkateboards,180,EUR,Confirmed,Under €1k,54000,300,,,,CL,,Limited,,,n/a,09. Fully completed,0,,,2019-11-02,,,,,,2019-Q4,,,,,,,,,Tier 3,,REPEAT,,,,,,,,,
35,MICHAELKA-35,Michael Kagan,V as in Victor,,02.11KaganVVictor,850,EUR,Confirmed,Under €1k,102000,120,,,,PE,,Limited,,,n/a,09. Fully completed,0,,,2019-11-02,,,,,Date confirmed (fully confirmed with artist),2019-Q4,,,,,,,,,Tier 3,,REPEAT,,,,,,,,,
78,STICKYMONG-78,Stickymonger,Plates,,13.11StickyMPlates,280,EUR,Confirmed,Under €1k,28000,100,,,,CL,,Limited,,,n/a,09. Fully completed,0,,,2019-11-13,,,,,,2019-Q4,,,,,,,,,Tier 2,,REPEAT,,,,,,,,,
79,VHILS-79,Vhils,Vista Series,,13.11VHILSVistaSeries,5000,EUR,Confirmed,€2.5k to €5k,50000,10,,,,SE,,Limited,,,n/a,09. Fully completed,0,,,2019-11-13,,,,,,2019-Q4,,,,,,,,,Tier 3,,REPEAT,,,,,,,,,
36,JOSÉPARLÁ-36,José Parlá,Exile and the Kingdom,,27.11JParlaExile,4545,EUR,Confirmed,€2.5k to €5k,227250,50,,,,PE,,Limited,,,n/a,09. Fully completed,0,,,2019-11-27,,,,,Date confirmed (fully confirmed with artist),2019-Q4,,,,,,,,,Tier 2,,REPEAT,,,,,,,,,
37,MARCQUINN-37,Marc Quinn,Zombie Boy,,2019.12MARCQUINNSE,5500,EUR,Confirmed,Over €5k,137500,25,,,,SE,,Limited,,,n/a,09. Fully completed,,,,2019-12-06,,,,,,2019-Q4,,,,,,,,,Tier 3,,REPEAT,,,,,,,,,
84,ELLIOTDOD-84,Elliot Dodd,Major Terpene,,15.01ElliotTerpene,750,EUR,Confirmed,Under €1k,20250,27,,,,PE,,Limited,,,n/a,09. Fully completed,0,,,2020-01-15,,,,,,2020-Q1,,,,,,,,,Tier 3,,REPEAT,,,,,,,,,
38,PAULINSEC-38,Paul Insect,Together Alone - Gold,,20.01PInsectTogetherAlone,5000,EUR,Confirmed,€2.5k to €5k,100000,20,,,,PE,,Limited,,,n/a,09. Fully completed,Gold,,,2020-01-31,,,,,Date confirmed (fully confirmed with artist),2020-Q1,,,,,,,,,Tier 3,,REPEAT,,,,,,,,,
39,PAULINSEC-39,Paul Insect,Together Alone - Silver,,20.01PInsectTogetherAlone,2000,EUR,Confirmed,€1k to €2.5k,150000,75,,,,PE,,Limited,,,n/a,09. Fully completed,Silver,,,2020-01-31,,,,,Date confirmed (fully confirmed with artist),2020-Q1,,,,,,,,,Tier 3,,REPEAT,,,,,,,,,
80,KOURPOUR-80,Kour Pour,Sacred Flames (Yoshitoshi),,12.02KPourSacredFlames,910,EUR,Confirmed,Under €1k,20020,22,,,,PE,,Limited,,,n/a,09. Fully completed,0,,,2020-02-12,,,,,,2020-Q1,,,,,,,,,Tier 3,,REPEAT,,,,,,,,,
40,ROBERTNAV-40,Robert Nava,RN Drawings,,2020.02ROBERTNAVWP,,,Confirmed,Under €1k,0,,,,,WP,,Limited,,,n/a,09. Fully completed,,,,2020-02-19,,,,,,2020-Q1,,,,,,,,,Tier 2,,REPEAT,,,,,,,,,
81,MARGOWOLO-81,Margo Wolowiec,-57°,,26.02MargoW-57,1750,EUR,Confirmed,€1k to €2.5k,43750,25,,,,PE,,Limited,,,n/a,09. Fully completed,0,,,2020-02-26,,,,,,2020-Q1,,,,,,,,,Tier 3,,REPEAT,,,,,,,,,
42,JAVIERCAL-42,Javier Calleja,Up to You,,20.03JCallejaUptoYou,3500,EUR,Confirmed,€2.5k to €5k,262500,75,,,,PE,,Limited,,,n/a,09. Fully completed,0,,,2020-03-11,,,,,Date confirmed (fully confirmed with artist),2020-Q1,,,,,,,,,Tier 1,,REPEAT,,,,,,,,,
41,JAVIERCAL-41,Javier Calleja,Up to You - Handfinished,,20.03JCallejaUptoYou,8500,EUR,Confirmed,Over €5k,212500,25,,,,HFPE,,Limited,,,n/a,09. Fully completed,0,,,2020-03-11,,,,,Date confirmed (fully confirmed with artist),2020-Q1,,,,,,,true,,Tier 1,,REPEAT,,,,,,,,,
43,DUSTINYEL-43,Dustin Yellin,Tsiolkovsky's Equation,,20.03DYellinEquation,9150,EUR,Confirmed,Over €5k,183000,20,,,,SE,,Limited,,,n/a,09. Fully completed,0,,,2020-03-25,,,,,,2020-Q1,,,,,,,,,Tier 3,,REPEAT,,,,,,,,,
44,SIMPHIWEN-44,Simphiwe Ndzube,In the Silence of the Drum,,20.05SNdzubeSilenceOfTheDrum,900,EUR,Confirmed,Under €1k,49500,55,,,,PE,,Limited,,,n/a,09. Fully completed,0,,,2020-05-20,,,,,,2020-Q2,,,,,,,,,Tier 2,,REPEAT,,,,,,,,,
85,CLAUDIACO-85,Claudia Comte,Morphing Waves and Fire Corals,,20.05CComteWavesCorals,1350,EUR,Confirmed,€1k to €2.5k,18900,14,,,,PE,,Limited,,,n/a,09. Fully completed,0,,,2020-05-26,,,,,,2020-Q2,,,,,,,,,Tier 3,,REPEAT,,,,,,,,,
45,JANKALÁB-45,Jan Kaláb,JK Original,,11.06JankaJKOG,,,Confirmed,Under €1k,0,2,,,,OG,,Limited,,,n/a,09. Fully completed,0,,,2020-06-11,,,,,,2020-Q2,,,,,,,,,Tier 3,,REPEAT,,,,,,,,,
46,FRIEDRICH-46,Friedrich Kunath,The Last Perfect Day,,17.7FriedrichPerfectDay,1835,EUR,Confirmed,€1k to €2.5k,110100,60,,,,PE,,Limited,,,n/a,09. Fully completed,0,,,2020-07-01,,,,,,2020-Q3,,,,,,,,,Tier 3,,REPEAT,,,,,,,,,
47,JAMESJEAN-47,James Jean,Maze,,10.07JJeanMaze,7500,EUR,Confirmed,Over €5k,187500,25,,,,SE,,Limited,High cost 3D edition,,n/a,09. Fully completed,0,,,2020-07-10,,,,,Date confirmed (fully confirmed with artist),2020-Q3,,The figure is made from patinated bronze and the stick and maze from gold plated stainless steel.,,30cm x 16.5cm,,,,No framing option,Tier 1,,REPEAT,,,,,,,,,
48,JENNYHOLZ-48,Jenny Holzer,URGE AND URGE AND URGE,,29.07JennyHUrge,4400,EUR,Confirmed,€2.5k to €5k,110000,25,,,,SE,,Limited,,,n/a,09. Fully completed,0,,,2020-07-29,,,,,,2020-Q3,,,,,,,,,Tier 2,,REPEAT,,,,,,,,,
50,AMANILEWI-50,Amani Lewis,Giovanni in the Meadows,,20.08ALewisMeadows,700,EUR,Confirmed,Under €1k,24500,35,,,,PE,,Limited,,,n/a,09. Fully completed,0,,,2020-08-05,,,,,,2020-Q3,,,,,,,,,Tier 3,,REPEAT,,,,,,,,,
49,JOHNSONTS-49,Johnson Tsang,Lucid Dream II - Who’s There?,,05.08JTangLucidDreamII,500,EUR,Confirmed,Under €1k,50000,100,,,,SE,,Limited,,,n/a,09. Fully completed,0,,,2020-08-05,,,,,Date confirmed (fully confirmed with artist),2020-Q3,,,,,,,,,Tier 2,,REPEAT,,,,,,,,,
52,PAULINSEC-52,Paul Insect,PI Original,,2020.08PAULINSECOG,35000,EUR,Confirmed,Over €5k,35000,1,,,,OG,,Limited,,,n/a,09. Fully completed,,,,2020-08-12,,,,,Date confirmed (fully confirmed with artist),2020-Q3,,,,,,,,,Tier 3,,REPEAT,,,,,,,,,
51,TOMÁSSÁNC-51,Tomás Sánchez,Meditador en la Orilla,,12.08TsanchezMeditador,1500,EUR,Confirmed,€1k to €2.5k,112500,75,,,,PE,,Limited,,,n/a,09. Fully completed,0,,,2020-08-12,,,,,,2020-Q3,,,,,,,,,Tier 2,,REPEAT,,,,,,,,,
86,CALITHORN-86,Cali Thornhill Dewitt,Haunted,,20.08CTDewittHaunted,400,EUR,Confirmed,Under €1k,22000,55,,,,PE,,Limited,,,n/a,09. Fully completed,0,,,2020-08-25,,,,,,2020-Q3,,,,,,,,,Tier 3,,REPEAT,,,,,,,,,
53,THENJIWEN-53,Thenjiwe Niki Nkosi,Salute,,28.08ThenjiweSalute,700,EUR,Confirmed,Under €1k,42000,60,,,,PE,,Limited,,,n/a,09. Fully completed,0,,,2020-08-28,,,,,,2020-Q3,,,,,,,,,Tier 3,,REPEAT,,,,,,,,,
54,DRIFT-54,DRIFT,Another Future,,20.09DRIFTAnotherFuture,4600,EUR,Confirmed,€2.5k to €5k,230000,50,,,,SE,,Limited,,,n/a,09. Fully completed,0,,,2020-09-02,,,,,,2020-Q3,,,,,,,,,Tier 2,,REPEAT,,,,,,,,,
87,JENNYBROS-87,Jenny Brosinski,Drawings,,20.09JBrosinskiWOPs,1550,EUR,Confirmed,€1k to €2.5k,15500,10,,,,WP,,Limited,,,n/a,09. Fully completed,11,,,2020-09-09,,,,,,2020-Q3,,,,,,,,,Tier 3,,REPEAT,,,,,,,,,
61,MARCUSBRU-61,Marcus Brutus,MB Drawings,,2021.06MARCUSBRUWP,,,Confirmed,Under €1k,0,7,,,,WP,,Limited,,,n/a,09. Fully completed,,,,2020-09-09,,,,,,2020-Q3,,,,,,,,,Tier 3,,REPEAT,,,,,,,,,
62,MEHDIGHAD-62,Mehdi Ghadyanloo,MG Drawings,,XXXX.XXMEHDIGHADPE,,,Confirmed,Under €1k,0,6,,,,WP,,Limited,,,n/a,09. Fully completed,,,,2020-09-09,,,,,,2020-Q3,,,,,,,,,Tier 2,,NEW,,,,,,,,,
56,TOMOKAZUM-56,Tomokazu Matsuyama,Honestly Gone Going,,20.09MatsuRectangle,1350,EUR,Confirmed,€1k to €2.5k,101250,75,,,,PE,,Limited,,,n/a,09. Fully completed,0,,,2020-09-16,,,,,Date confirmed (fully confirmed with artist),2020-Q3,,,,,,,,,Tier 2,,REPEAT,,,,,,,,,
55,TOMOKAZUM-55,Tomokazu Matsuyama,The Farm Crash,,20.09MatsuRectangle,1350,EUR,Confirmed,€1k to €2.5k,101250,75,,,,PE,,Limited,,,n/a,09. Fully completed,0,,,2020-09-16,,,,,Date confirmed (fully confirmed with artist),2020-Q3,,,,,,,,,Tier 2,,REPEAT,,,,,,,,,
57,JOSÉPARLÁ-57,José Parlá,WRITERS' BENCH 149th STREET AND GRAND CONCOURSE,,24.09JParlaWritersBench,6000,EUR,Confirmed,Over €5k,300000,50,,,,PE,,Limited,,,n/a,09. Fully completed,0,,,2020-09-24,,,,,Date confirmed (fully confirmed with artist),2020-Q3,,,,,,,,,Tier 2,,REPEAT,,,,,,,,,
89,LUYANG-89,Lu Yang,Lu Yang Gong Tau Alien,,07.10LuYangGongTau,2000,EUR,Confirmed,€1k to €2.5k,40000,20,,,,SE,,Limited,,,n/a,09. Fully completed,0,,,2020-10-07,,,,,,2020-Q4,,,,,,,,,Tier 3,,REPEAT,,,,,,,,,
90,WANGYANC-90,Wang Yan Cheng,Between Two Poles,,21.10WangYanBetweenTwoPoles,5000,EUR,Confirmed,€2.5k to €5k,250000,50,,,,PE,,Limited,,,n/a,09. Fully completed,0,,,2020-10-21,,,,,,2020-Q4,,,,,,,,,Tier 3,,REPEAT,,,,,,,,,
91,PATRICKMA-91,Patrick Martinez,Emergency,,28.10PMartinezEmergency,4000,EUR,Confirmed,€2.5k to €5k,80000,20,,,,SE,,Limited,,,n/a,09. Fully completed,,,,2020-10-28,,,,,,2020-Q4,,,,,,,,,Tier 3,,REPEAT,,,,,,,,,
92,TOMÁSSÁNC-92,Tomás Sánchez,Meditador en la orilla - Handfinished,,04.11TSanchezMeditadorH,5000,EUR,Confirmed,€2.5k to €5k,125000,25,,,,HFPE,,Limited,,,n/a,09. Fully completed,0,,,2020-11-04,,,,,,2020-Q4,,,,,,,true,,Tier 2,,REPEAT,,,,,,,,,
93,ELMGREEN&-93,Elmgreen & Dragset,The Future,,11.11ElmgreenFuture,7500,EUR,Confirmed,Over €5k,225000,30,,,,SE,,Limited,,,n/a,09. Fully completed,0,,,2020-11-11,,,,,,2020-Q4,,,,,,,,,Tier 2,,REPEAT,,,,,,,,,
94,JONNYNIES-94,Jonny Niesche,Schein Blossom,,18.02JonnyNBlossom,1250,EUR,Confirmed,€1k to €2.5k,43750,35,,,,PE,,Limited,,,n/a,09. Fully completed,0,,,2020-11-18,,,,,,2020-Q4,,,,,,,,,Tier 3,,REPEAT,,,,,,,,,
95,HEBRUBRAN-95,Hebru Brantley,3 THE HARD WAY (SE),,20.11Hbrantley3HardWay,12000,EUR,Confirmed,Over €5k,600000,50,,,,SE,,Limited,High cost 3D edition,,n/a,09. Fully completed,0,,,2020-11-25,,,,,,2020-Q4,,Bronze sculpture with specialist satin paint finish,,36 x 13 x 12 cms (HxLxD),Numbered underneath,,,No framing option,Tier 2,,REPEAT,,,,,,,,,
96,HEBRUBRAN-96,Hebru Brantley,3 THE HARD WAY,,20.11Hbrantley3HardWay,2500,EUR,Confirmed,€1k to €2.5k,312500,125,,,,PE,,Limited,Silkscreen print,,n/a,09. Fully completed,0,,,2020-11-27,,,,,,2020-Q4,,19 layer silkscreen print with diamond dust finish on Somerset Tub Sized 410gsm,,Image dimensions 61 x 45.7cms Paper dimensions 66 x 50.7cms,"Signed, dated, numbered on front",,,Framed on order,Tier 2,,REPEAT,,,,,,,,,
97,KEVINFRAN-97,Kevin Francis Gray,Breakdown Work Study 1-22,,03.12KFrancisBreakdown,10000,EUR,Confirmed,Over €5k,100000,10,,,,SE,,Limited,High cost 3D edition,,n/a,09. Fully completed,0,,,2020-12-03,,,,,,2020-Q4,,WHITE PIECE: Carrara marble on bronze pole and carrar marble base BLACK PIECE: Marquina marble on bronze pole and carrar marble base,,"Variable, each unique, link here:",TBC,,,No framing option,Tier 3,,REPEAT,,,,,,,,,
98,TOMOKAZUM-98,Tomokazu Matsuyama,The Couch Unsent Piano,,06.01MatsuCouchUnsentPiano,1600,EUR,Confirmed,€1k to €2.5k,160000,100,,,,PE,,Limited,Hybrid print,,n/a,09. Fully completed,0,,,2021-01-06,,,,,Date confirmed (fully confirmed with artist),2021-Q1,,"Digital print featuring screen printed pearlised ink, white gloss and hand applied gold leaf. Printed on 410gsm Somerset satin Enhanced paper.",,"89.5 x 57.6cm, cut to colour","YES, on front",,,Full Edition Framed,Tier 2,,REPEAT,,,,,,,,,
101,PAULINSEC-101,Paul Insect,The Observer 1,,21.01PInsectObserver/Reflection1,650,EUR,Confirmed,Under €1k,32500,50,,,,PE,,Limited,Silkscreen print,,n/a,09. Fully completed,4,,,2021-01-15,,,,,Date confirmed (fully confirmed with artist),2021-Q1,,16 layer screen print with a mixture of metallic and pearlised inks. Finished with coloured glitter and high gloss varnish. Printed on Somerset 410gsm radiant white satin.,,82cm Diameter,"YES, on front",,,Full Edition Framed,Tier 3,,REPEAT,,,,,,,,,
457,PAULINSEC-457,Paul Insect,The Observer 2,,21.01PInsectObserver/Reflection2,650,EUR,Confirmed,Under €1k,32500,50,,,,PE,,Limited,Silkscreen print,,n/a,09. Fully completed,4,,,2021-01-15,,,,,Date confirmed (fully confirmed with artist),2021-Q1,,16 layer screen print with a mixture of metallic and pearlised inks. Finished with coloured glitter and high gloss varnish. Printed on Somerset 410gsm radiant white satin.,,82cm Diameter,"YES, on front",,,Full Edition Framed,Tier 3,,REPEAT,,,,,,,,,
458,PAULINSEC-458,Paul Insect,The Observer 3,,21.01PInsectObserver/Reflection3,650,EUR,Confirmed,Under €1k,32500,50,,,,PE,,Limited,Silkscreen print,,n/a,09. Fully completed,4,,,2021-01-15,,,,,Date confirmed (fully confirmed with artist),2021-Q1,,16 layer screen print with a mixture of metallic and pearlised inks. Finished with coloured glitter and high gloss varnish. Printed on Somerset 410gsm radiant white satin.,,82cm Diameter,"YES, on front",,,Full Edition Framed,Tier 3,,REPEAT,,,,,,,,,
459,PAULINSEC-459,Paul Insect,The Observer 4,,21.01PInsectObserver/Reflection4,650,EUR,Confirmed,Under €1k,32500,50,,,,PE,,Limited,Silkscreen print,,n/a,09. Fully completed,4,,,2021-01-15,,,,,Date confirmed (fully confirmed with artist),2021-Q1,,16 layer screen print with a mixture of metallic and pearlised inks. Finished with coloured glitter and high gloss varnish. Printed on Somerset 410gsm radiant white satin.,,82cm Diameter,"YES, on front",,,Full Edition Framed,Tier 3,,REPEAT,,,,,,,,,
99,PAULINSEC-99,Paul Insect,The Reflection - Blue,,21.01PInsectReflectionBlue,2250,EUR,Confirmed,€1k to €2.5k,225000,100,,,,PE,,Limited,Silkscreen print,,n/a,09. Fully completed,Blue,,,2021-01-15,,,,,Date confirmed (fully confirmed with artist),2021-Q1,,16 layer screen print with a mixture of metallic and pearlised inks. Finished with coloured glitter and high gloss varnish. Printed on Somerset 410gsm radiant white satin.,,82cm Diameter,"YES, on front",,,Full Edition Framed,Tier 3,,REPEAT,,,,,,,,,
100,PAULINSEC-100,Paul Insect,The Reflection - Red,,21.01PInsectReflectionRed,3700,EUR,Confirmed,€2.5k to €5k,111000,30,,,,PE,,Limited,Silkscreen print,,n/a,09. Fully completed,Red,,,2021-01-15,,,,,Date confirmed (fully confirmed with artist),2021-Q1,,"12 layer screen print with a mixture of metallic and pearlised inks. Finished with coloured glitter and high gloss varnish. Printed on Somerset 410gsm radiant white satin. NB: 4 COLOURS: Gold, Silver,Purple, Black (50 of each)",,33cm Diameter,"YES, on reverse",,,No framing option,Tier 3,,REPEAT,,,,,,,,,
102,ANGELOTER-102,Angel Otero,Bathed In Light,,21.01AOteroBathedLight,2200,EUR,Confirmed,€1k to €2.5k,77000,35,,,,PE,,Limited,Hybrid print,,n/a,09. Fully completed,0,,,2021-01-19,,,,,,2021-Q1,,Archival Inkjet and 11 color screenprint on Hahnemuhle German Etching 310 gsm paper,,77.5 x 86.5 cms,YES,,,Framed on order,Tier 3,,REPEAT,,,,,,,,,
105,CONRADJON-105,Conrad Jon Godly,NEVERTHELESS 16,,21.06CJFGodlyNevertheless,1000,EUR,Confirmed,€1k to €2.5k,50000,50,,,,PE,,Limited,Silkscreen print,,n/a,09. Fully completed,0,,,2021-01-21,,,,,,2021-Q1,,7 colour screen print on Velin d’Arches white 400 g/m2 paper,,Image: 66 x 76 cm Paper: 76 x 96 cm,YES,,,Framed on order,Tier 3,,REPEAT,,,,,,,,,
103,CONRADJON-103,Conrad Jon Godly,NEVERTHELESS 20,,21.06CJFGodlyNevertheless,1250,EUR,Confirmed,€1k to €2.5k,25000,20,,,,PE,,Limited,Silkscreen print,,n/a,09. Fully completed,0,,,2021-01-21,,,,,,2021-Q1,,7 colour screen print on Velin d’Arches white 400 g/m2 paper,,Image: 66 x 76 cm Paper: 76 x 96 cm,YES,,,Framed on order,Tier 3,,REPEAT,,,,,,,,,
104,CONRADJON-104,Conrad Jon Godly,NEVERTHELESS 9,,21.06CJFGodlyNevertheless,1000,EUR,Confirmed,€1k to €2.5k,50000,50,,,,PE,,Limited,Silkscreen print,,n/a,09. Fully completed,0,,,2021-01-21,,,,,,2021-Q1,,"5 colour screen print, including 4 layers with pearlescent finish, on PLIKE black paper. Hand finished unique titling for each piece, made by the artist.",,Image size: 63 x 73 cm Paper size: 69 x 83 cm,"As per his previous, along bottom border/edges I think we can say.",,,Framed on order,Tier 3,,REPEAT,,,,,,,,,
108,STICKYMONG-108,Stickymonger,"Obsession, No Joke",,27.01StickyMNoJoke,700,EUR,Confirmed,Under €1k,52500,75,,,,PE,,Limited,,,n/a,09. Fully completed,0,,,2021-01-27,,,,,,2021-Q1,,,,,,,,No framing option,Tier 2,,REPEAT,,,,,,,,,
106,YUEMINJUN-106,Yue Minjun,Hibiscus,,21.01YMinjunHisbiscus,4500,EUR,Confirmed,€2.5k to €5k,180000,40,,,,PE,,Limited,,,n/a,09. Fully completed,0,,,2021-01-27,,,,,,2021-Q1,,,,,,,,Full Edition Framed,Tier 2,,REPEAT,,,,,,,,,
107,YUEMINJUN-107,Yue Minjun,Hibiscus - Handfinished,,21.01YMinjunHisbiscus,7500,EUR,Confirmed,Over €5k,75000,10,,,,HFPE,,Limited,Digital print,,n/a,09. Fully completed,0,,,2021-01-27,,,,,,2021-Q1,,Archival pigment print on Innova paper 315g,,Image size 60 x 48 cm Paper size 80 x 58 cm,,,true,Full Edition Framed,Tier 2,,REPEAT,,,,,,,,,
110,JAMESJEAN-110,James Jean,Descendant - Marble,,10.02JJeanDescendant,45000,EUR,Confirmed,Over €5k,450000,10,,,,SE,,Limited,High cost 3D edition,,n/a,09. Fully completed,0,,,2021-02-10,,,,,Date confirmed (fully confirmed with artist),2021-Q1,,Statuario Marble figure with matching base featuring an integrated mirror,,73.5 x 34.5 x 34.5 cm,"Makers mark, on base",,,No framing option,Tier 1,,REPEAT,,,,,,,,,
109,JAMESJEAN-109,James Jean,"Maze, Aurum, Medium",,10.02JJeanMazAurum,45000,EUR,Confirmed,Over €5k,450000,10,,,,SE,,Limited,High cost 3D edition,,n/a,09. Fully completed,0,,,2021-02-10,,,,,Date confirmed (fully confirmed with artist),2021-Q1,,Bronze sculpture with satin gold finish,,62.5 x 34.5 x 34.5 cm,"Makers Mark, underneath base",,,No framing option,Tier 1,,REPEAT,,,,,,,,,
111,JAMESJEAN-111,James Jean,Slingshot - Marble,,10.02JJeanSligshotmarble,27500,EUR,Confirmed,Over €5k,275000,10,,,,SE,,Limited,High cost 3D edition,,n/a,09. Fully completed,0,,,2021-02-10,,,,,Date confirmed (fully confirmed with artist),2021-Q1,,Statuario Marble with unique painted stainless steel eye and slingshot ball,,41 x 38 x 39 cm,"Makers mark, under shin",,,No framing option,Tier 1,,REPEAT,,,,,,,,,
112,SUSUMUKAM-112,Susumu Kamijo,The Sinner at Dusk,,17.02SKamijoSinnerAtDusk,4000,EUR,Confirmed,€2.5k to €5k,200000,50,,,,SE,,Limited,Mid cost 3D edition,,n/a,09. Fully completed,0,,,2021-02-17,,,,,,2021-Q1,,Walnut wood and oil paint with a matt finish protective coating,,35 x 21.2 x 28 cms (HxLxD),Numbered on underside of belly,,,No framing option,Tier 2,,REPEAT,,,,,,,,,
114,TOMÁSSÁNC-114,Tomás Sánchez,Contemplar al otro en tarde rosa,,21.03TSanchezPEs,1600,EUR,Confirmed,€1k to €2.5k,120000,75,,,,PE,,Limited,Silkscreen print,,n/a,09. Fully completed,0,,,2021-03-03,,,,,,2021-Q1,,20 Colour screen print on 400gsm Somerset Warm White paper,,69 x 84cm,On front,,,Framed on order,Tier 2,,REPEAT,,,,,,,,,
113,TOMÁSSÁNC-113,Tomás Sánchez,Encontrar al Meditador,,21.03TSanchezPEs,1600,EUR,Confirmed,€1k to €2.5k,120000,75,,,,PE,,Limited,Silkscreen print,,n/a,09. Fully completed,0,,,2021-03-03,,,,,,2021-Q1,,20 Colour screen print on 400gsm Somerset Warm White paper,,65 x 54.6cm,On front,,,Full Edition Framed,Tier 2,,REPEAT,,,,,,,,,
116,FERRARISH-116,Ferrari Sheppard,Kalima,,17.3FerrarishKalima,3500,EUR,Confirmed,€2.5k to €5k,175000,50,,,,PE,,Limited,Silkscreen print,,n/a,09. Fully completed,0,,,2021-03-17,,,,,,2021-Q1,,47 colour screen print with unique hand finished elements in acrylic paint on Coventry Rag 335 gsm,,115 x 75.5cm,,,,Framed on order,Tier 3,,REPEAT,,,,,,,,,
117,GRACELYNN-117,Grace Lynne Haynes,Sunday Mourning,,17.3GraceLynnSunday,2500,EUR,Confirmed,€1k to €2.5k,125000,50,,,,PE,,Limited,Silkscreen print,,n/a,09. Fully completed,0,,,2021-03-17,,,,,Date confirmed (fully confirmed with artist),2021-Q1,,"26 colour screen print with unique hand finished elements in acrylic paint, charcoal and 24k gold on Coventry Rag Vellum 320gsm",,100 x 75 Image size 110 x 85 paper size,"Yes, on front",,,Framed on order,Tier 3,,REPEAT,,,,,,,,,
115,OTISKWAME-115,Otis Kwame Kye Quaicoe,View of Yoei William,,17.03OtisViewWilliam,6000,EUR,Confirmed,Over €5k,210000,35,,,,PE,,Limited,Silkscreen print,,n/a,09. Fully completed,,,,2021-03-17,,,,,,2021-Q1,,"15 colour screen print and lithograph, with unique hand finished elements in gouache and acrylic paint, on Somerset 410gsm satin paper.",,72 x 73 cm paper size 60 x 60 cm image size,"Yes, on front",,,Framed on order,Tier 2,,REPEAT,,,,,,,,,
118,TOMOKAZUM-118,Tomokazu Matsuyama,20 Dollar Cold Cold Heart,,26.03Matsu20DollarColdHeart,2600,EUR,Confirmed,€2.5k to €5k,325000,125,,,,PE,,Limited,Hybrid print,,n/a,09. Fully completed,0,,,2021-03-26,,,,,Date confirmed (fully confirmed with artist),2021-Q1,,"Digital print featuring screen printed white, high gloss varnish and delicate sliver leaf damask pattern, cut to the artwork shape and printed on 410gsm Somerset satin Enhanced paper. Edition comes mounted in a special white, contour frame",,Paper: 89.5 x 58 cm (overall dimensions) Frame: 100 x 68.5 cm (overall dimensions),Yes on front,,,Full Edition Framed,Tier 2,,REPEAT,,,,,,,,,
120,JOAKIMOJA-120,Joakim Ojanen,Lill-Lörda (green/blue),,21.03JoakimLill-Lorda,2000,EUR,Confirmed,€1k to €2.5k,50000,25,,,,SE,,Limited,Mid cost 3D edition,,n/a,09. Fully completed,3,,,2021-03-31,,,,,,2021-Q1,,Hand blown glass sculpture,,Dims (Variable): 24 x 24 x 17.5 cm (HxWxD),Yes,,,No framing option,Tier 3,,REPEAT,,,,,,,,,
119,JOAKIMOJA-119,Joakim Ojanen,Lill-Lörda (pink),,21.03JoakimLill-Lorda,2000,EUR,Confirmed,€1k to €2.5k,50000,25,,,,SE,,Limited,Mid cost 3D edition,,n/a,09. Fully completed,3,,,2021-03-31,,,,,,2021-Q1,,Hand blown glass sculpture,,Dims (Variable): 24 x 24 x 17.5 cm (HxWxD),Yes,,,No framing option,Tier 3,,REPEAT,,,,,,,,,
121,JOAKIMOJA-121,Joakim Ojanen,Lill-Lörda (yellow),,21.03JoakimLill-Lorda,2000,EUR,Confirmed,€1k to €2.5k,50000,25,,,,SE,,Limited,Mid cost 3D edition,,n/a,09. Fully completed,3,,,2021-03-31,,,,,,2021-Q1,,Hand blown glass sculpture,,Dims (Variable): 24 x 24 x 17.5 cm (HxWxD),Yes,,,No framing option,Tier 3,,REPEAT,,,,,,,,,
122,JOHNSONTS-122,Johnson Tsang,Fight for a Dream,,06.04JTangFightDream,600,EUR,Confirmed,Under €1k,60000,100,,,,SE,,Limited,Low cost 3D edition,,n/a,09. Fully completed,0,,,2021-04-06,,,,,Date confirmed (fully confirmed with artist),2021-Q2,,Resin cast sculpture with accompanying beech wood handle,,26 x 15 x 60cm,COA only,,,No framing option,Tier 2,,REPEAT,,,,,,,,,
123,SUPERFUTU-123,Super Future Kid,Billy Big Ears,,08.04SFutureBillyBigEars,900,EUR,Confirmed,Under €1k,54000,60,,,,PE,,Limited,Hybrid print,,n/a,09. Fully completed,0,,,2021-04-08,,,,,,2021-Q2,,Giclée with layered screen printed high gloss varnish and special hidden detail layers. Printed on Hahnemühle Photo Rag 308gsm with hand deckled edges.,,Paper size 116 cm x 106 cm Print size 100 cm x 90 cm,"Yes, on front",,,No framing option,Tier 3,,REPEAT,,,,,,,,,
125,MAKIKOKUD-125,Makiko Kudo,Empathy,,14.04MakikoEmpathy,400,EUR,Confirmed,Under €1k,25200,63,,,,PE,,Limited,Digital print,,n/a,09. Fully completed,0,,,2021-04-14,,,,,,2021-Q2,,Archival pigment print on Hahnemühle Agave 290gsm paper with hand torn edges,,60 x 48cm (HxW),On front,,,No framing option,Tier 3,,REPEAT,,,,,,,,,
124,SATORUKOI-124,Satoru Koizumi,Studio 2021,,14.04SatorukoiStudio2021,1500,EUR,Confirmed,€1k to €2.5k,67500,45,,,,PE,Public,Limited,Complex print,,n/a,09. Fully completed,0,,,2021-04-14,,,,,,2021-Q2,,"6 individual lithograph prints, collaged on Madrid Litho 140gsm",,101 x 75 cm (unframed) 109 x 83 x 4cm (framed),"Yes, signed dated numbered on front",,,Full Edition Framed,Tier 2,,REPEAT,,,,,,,,,
127,DONNAHUAN-127,Donna Huanca,Spiral Para El Cielo,,21.04DHuancaPEs,1300,EUR,Confirmed,€1k to €2.5k,39000,30,,,,PE,,Limited,Hybrid print,,n/a,09. Fully completed,0,,,2021-04-21,,,,,,2021-Q2,,Archival pigment print with screen printed layers and unique hand finishing elements in oil paint and sand on Somerset En Satin 330gsm,,100 x 80 cms,"Signed, numbered and dated on reverse",,,Full Edition Framed,Tier 3,,REPEAT,,,,,,,,,
126,DONNAHUAN-126,Donna Huanca,Spiral Para El Cielo - Hand-finished,,21.04DHuancaPEs,2750,EUR,Confirmed,€2.5k to €5k,55000,20,,,,HFPE,,Limited,Hybrid print,,n/a,09. Fully completed,0,,,2021-04-21,,,,,,2021-Q2,,Archival pigment print with screen printed layers on Somerset En Satin 330gsm,,100 x 80 cms,"Signed, numbered and dated on reverse",,true,Framed on order,Tier 3,,REPEAT,,,,,,,,,
128,ALAKESHIL-128,Alake Shilling,Jolly Bear,,23.04AShillingJollyBear,1750,EUR,Confirmed,€1k to €2.5k,131250,75,,,,SE,,Limited,Mid cost 3D edition,,n/a,09. Fully completed,0,,,2021-04-23,,,,,,2021-Q2,,"Custom hand moulded, frit dyed porcelain",,22.5 x 9.8 x 25.5 cms (HxLxD),"Signed and numbered on bottom (signature in design, number hand etched)",,,No framing option,Tier 3,,REPEAT,,,,,,,,,
129,FELIPEPAN-129,Felipe Pantone,SubtractiveVariability P 1,,21.04FPatonePEsSB1,1200,EUR,Confirmed,€1k to €2.5k,16800,14,,,,PE,,Limited,Complex print,,n/a,09. Fully completed,4,,,2021-04-28,,,,,,2021-Q2,,Lithograph on 310gr Magnani Incisione,,100 x 70 cm 39 3/8 x 27 9/16 in.,"Yes, on reverse",,,Framed on order,Tier 3,,REPEAT,,,,,,,,,
130,FELIPEPAN-130,Felipe Pantone,SubtractiveVariability P 2,,21.04FPatonePEsSB2,1200,EUR,Confirmed,€1k to €2.5k,16800,14,,,,PE,,Limited,Complex print,,n/a,09. Fully completed,4,,,2021-04-28,,,,,,2021-Q2,,Lithograph on 310gr Magnani Incisione,,100 x 70 cm 39 3/8 x 27 9/16 in.,"Yes, on reverse",,,Framed on order,Tier 3,,REPEAT,,,,,,,,,
131,FELIPEPAN-131,Felipe Pantone,SubtractiveVariability P 3,,21.04FPatonePEsSB3,1200,EUR,Confirmed,€1k to €2.5k,16800,14,,,,PE,,Limited,Complex print,,n/a,09. Fully completed,4,,,2021-04-28,,,,,,2021-Q2,,Lithograph on 310gr Magnani Incisione,,100 x 70 cm 39 3/8 x 27 9/16 in.,"Yes, on reverse",,,Framed on order,Tier 3,,REPEAT,,,,,,,,,
132,FELIPEPAN-132,Felipe Pantone,SubtractiveVariability P 4,,21.04FPatonePEsSB4,1200,EUR,Confirmed,€1k to €2.5k,18000,15,,,,PE,,Limited,Complex print,,n/a,09. Fully completed,4,,,2021-04-28,,,,,,2021-Q2,,Lithograph on 310gr Magnani Incisione,,100 x 70 cm 39 3/8 x 27 9/16 in.,"Yes, on reverse",,,Framed on order,Tier 3,,REPEAT,,,,,,,,,
133,JAMESJEAN-133,James Jean,"Maze, Aurum",,06.05JJeanMazeAurum2,7500,EUR,Confirmed,Over €5k,375000,50,,,,SE,,Limited,High cost 3D edition,,n/a,09. Fully completed,0,,,2021-05-06,,,,,Date confirmed (fully confirmed with artist),2021-Q2,,Bronze sculpture in a satin gold finish with accompanying gold plated maze disc and stick,,30 x 16.5 x 16.5 cm,"Yes, etched on piece",,,No framing option,Tier 1,,REPEAT,,,,,,,,,
134,ALIBANISA-134,Ali Banisadr,Thinkpol,,21.05AbanisdarThinkpol,4200,EUR,Confirmed,€2.5k to €5k,210000,50,,,,PE,,Limited,Silkscreen print,,n/a,09. Fully completed,0,,,2021-05-08,,,,,,2021-Q2,,"41 colour screenprint on Rives BFK White 300 gsm, with hand torn edges",,96.5 x 76 cm (image size) 114.5 x 92 cms (paper size),Yes on front,,,Framed on order,Tier 3,,REPEAT,,,,,,,,,
136,HAROSHI-136,Haroshi,GUZO (black marble),,21.06HaroshiSEsGUZO,10000,EUR,Confirmed,Over €5k,500000,50,,,,SE,,Limited,High cost 3D edition,,n/a,09. Fully completed,Black,,,2021-06-04,,,,,Date confirmed (fully confirmed with artist),2021-Q2,,"Marble Statuario sculpture, with hidden stainless steel signature plate",,30.5 x 20 x 6 cm (HxWxD),Yes on underside of foot on metal plate,,,No framing option,Tier 1,,REPEAT,,,,,,,,,
137,HAROSHI-137,Haroshi,GUZO (white marble),,21.06HaroshiSEsGUZO,10000,EUR,Confirmed,Over €5k,500000,50,,,,SE,,Limited,High cost 3D edition,,n/a,09. Fully completed,White,,,2021-06-04,,,,,Date confirmed (fully confirmed with artist),2021-Q2,,"Marble Portoro sculpture, with hidden stainless steel signature plate",,30.5 x 20 x 6 cm (HxWxD),Yes on underside of foot on metal plate,,,No framing option,Tier 1,,REPEAT,,,,,,,,,
139,JAVIERCAL-139,Javier Calleja,First Look,,21.06JCallejaSecondChance,9000,EUR,Confirmed,Over €5k,630000,70,,,,PE,,Limited,Complex print,,n/a,09. Fully completed,2,,,2021-06-09,,,,,Date confirmed (fully confirmed with artist),2021-Q2,,"Soft ground & etching on 300gr off-white Arches Velin paper. Hand finished by the artist with water colour, wash & pencil.",,65 x 50 cm (image) 80 x 60 cm (paper),Yes on front,,,Framed on order,Tier 1,,REPEAT,,,,,,,,,
138,JAVIERCAL-138,Javier Calleja,Second Chance Always,,21.06JCallejaSecondChance,9000,EUR,Confirmed,Over €5k,630000,70,,,,PE,,Limited,Complex print,,n/a,09. Fully completed,0,,,2021-06-09,,,,,Date confirmed (fully confirmed with artist),2021-Q2,,"Soft ground & etching on 300gr off-white Arches Velin paper. Hand finished by the artist with water colour, wash & pencil.",,65 x 50 cm (image) 80 x 60 cm (paper),Yes on front,,,Framed on order,Tier 1,,REPEAT,,,,,,,,,
140,JAVIERCAL-140,Javier Calleja,Third Time Lucky,,21.06JCallejaSecondChance,9000,EUR,Confirmed,Over €5k,630000,70,,,,PE,,Limited,Complex print,,n/a,09. Fully completed,2,,,2021-06-09,,,,,Date confirmed (fully confirmed with artist),2021-Q2,,"Soft ground & etching on 300gr off-white Arches Velin paper. Hand finished by the artist with water colour, wash & pencil.",,65 x 50 cm (image) 80 x 60 cm (paper),Yes on front,,,Framed on order,Tier 1,,REPEAT,,,,,,,,,
159,ADAMHANDL-159,Adam Handler,Offline drawings launch,,21.06WOAW,650,EUR,Confirmed,Under €1k,650,1,,,,WP,,Limited,,,n/a,09. Fully completed,0,,,2021-06-15,,,,,,2021-Q2,,,,,,,,,Tier 3,,REPEAT,,,,,,,,,
154,ADRIANAOL-154,Adriana Oliver,Offline drawings launch,,21.06WOAW,4000,EUR,Confirmed,€2.5k to €5k,8000,2,,,,WP,,Limited,,,n/a,09. Fully completed,0,,,2021-06-15,,,,,,2021-Q2,,,,,,,,,Tier 3,,REPEAT,,,,,,,,,
165,AYATAKANO-165,Aya Takano,"We, human race made this structure",,21.06ATakanoHumanRace,1500,EUR,Confirmed,€1k to €2.5k,150000,100,,,,PE,,Limited,Hybrid print,,n/a,09. Fully completed,0,,,2021-06-15,,,,,Date confirmed (fully confirmed with artist),2021-Q2,,"Archival pigment print with screen printed elements in high gloss varnish, metallic and phosphorescent ink on Somerset En Satin 330gsm paper",,96 x 63 cm,,,,Framed on order,Tier 3,,REPEAT,,,,,,,,,
156,BALDURHEL-156,Baldur Helgason,Offline drawings launch,,21.06WOAW,3500,EUR,Confirmed,€2.5k to €5k,3500,1,,,,WP,,Limited,,,n/a,09. Fully completed,0,,,2021-06-15,,,,,,2021-Q2,,,,,,,,,Tier 2,,REPEAT,,,,,,,,,
155,DOMINIQUE-155,Dominique Fung,Offline drawings launch,,21.06WOAW,2500,EUR,Confirmed,€1k to €2.5k,2500,1,,,,WP,,Limited,,,n/a,09. Fully completed,0,,,2021-06-15,,,,,,2021-Q2,,,,,,,,,Tier 3,,REPEAT,,,,,,,,,
158,FELIXTREA-158,Felix Treadwell,Offline drawings launch,,21.06WOAW,1450,EUR,Confirmed,€1k to €2.5k,8700,6,,,,WP,,Limited,,,n/a,09. Fully completed,0,,,2021-06-15,,,,,,2021-Q2,,,,,,,,,Tier 3,,REPEAT,,,,,,,,,
152,HAEJIMIN-152,Haeji Min,Offline drawings launch,,21.06WOAW,5150,EUR,Confirmed,Over €5k,10300,2,,,,WP,,Limited,,,n/a,09. Fully completed,0,,,2021-06-15,,,,,,2021-Q2,,,,,,,,,Tier 3,,REPEAT,,,,,,,,,
141,HEATHERDA-141,Heather Day,Offline drawings launch,,21.06WOAW,1200,EUR,Confirmed,€1k to €2.5k,4800,4,,,,WP,,Limited,,,n/a,09. Fully completed,0,,,2021-06-15,,,,,,2021-Q2,,,,,,,,,Tier 3,,REPEAT,,,,,,,,,
161,JAMESJEAN-161,James Jean,Offline drawings launch,,21.06WOAW,8500,EUR,Confirmed,Over €5k,8500,1,,,,WP,,Limited,,,n/a,09. Fully completed,0,,,2021-06-15,,,,,Date confirmed (fully confirmed with artist),2021-Q2,,,,,,,,No framing option,Tier 1,,REPEAT,,,,,,,,,
160,JOAKIMOJA-160,Joakim Ojanen,Offline drawings launch,,21.06WOAW,2900,EUR,Confirmed,€2.5k to €5k,2900,1,,,,WP,,Limited,,,n/a,09. Fully completed,0,,,2021-06-15,,,,,,2021-Q2,,,,,,,,,Tier 3,,REPEAT,,,,,,,,,
149,LY-149,LY,Offline drawings launch,,N/A,3200,EUR,Confirmed,€2.5k to €5k,6400,2,,,,WP,,Limited,,,n/a,09. Fully completed,0,,,2021-06-15,,,,,Date confirmed (fully confirmed with artist),2021-Q2,,,,,,,,,Tier 3,,REPEAT,,,,,,,,,
146,LORDOHENE-146,Lord Ohene Okyere-Bour,Offline drawings launch,,2021.06LORDOHENEWP,2765,EUR,Confirmed,€2.5k to €5k,16590,6,,,,WP,,Limited,,,n/a,09. Fully completed,,,,2021-06-15,,,,,,2021-Q2,,,,,,,,,Tier 3,,REPEAT,,,,,,,,,
142,MAITA-142,Mai Ta,Offline drawings launch,,2021.06MAITA-142WP,2200,EUR,Confirmed,€1k to €2.5k,2200,1,,,,WP,,Limited,,,n/a,09. Fully completed,,,,2021-06-15,,,,,,2021-Q2,,,,,,,,,Tier 3,,REPEAT,,,,,,,,,
153,MARCUSBRU-153,Marcus Brutus,Offline drawings launch,,2020.09MARCUSBRUWP,1700,EUR,Confirmed,€1k to €2.5k,6800,4,,,,WP,,Limited,,,n/a,09. Fully completed,,,,2021-06-15,,,,,,2021-Q2,,,,,,,,,Tier 3,,REPEAT,,,,,,,,,
144,MARIUSBER-144,Marius Bercea,Offline drawings launch,,2021.06MARIUSBERWP,5500,EUR,Confirmed,Over €5k,27500,5,,,,WP,,Limited,,,n/a,09. Fully completed,,,,2021-06-15,,,,,,2021-Q2,,,,,,,,,Tier 3,,REPEAT,,,,,,,,,
163,NIGELHOWL-163,Nigel Howlett,Offline drawings launch,,2021.06NIGELHOWLWP,4300,EUR,Confirmed,€2.5k to €5k,4300,1,,,,WP,Public,Limited,,,n/a,09. Fully completed,,,,2021-06-15,,,,,,2021-Q2,,,,,,,,,Tier 3,,REPEAT,,,,,,,,,
145,PATRICKJA-145,Patrick Jackson,Offline drawings launch,,2021.06PATRICKJAWP,770,EUR,Confirmed,Under €1k,6930,9,,,,WP,,Limited,,,n/a,09. Fully completed,,,,2021-06-15,,,,,,2021-Q2,,,,,,,,,Tier 3,,REPEAT,,,,,,,,,
148,ROBERTNAV-148,Robert Nava,Offline drawings launch,,N/A,4200,EUR,Confirmed,€2.5k to €5k,8400,2,,,,WP,,Limited,,,n/a,09. Fully completed,,,,2021-06-15,,,,,,2021-Q2,,,,,,,,,Tier 2,,REPEAT,,,,,,,,,
147,ROBYDWIA-147,Roby Dwi Antono,Offline drawings launch,,2021.06ROBYDWIA-WP,2500,EUR,Confirmed,€1k to €2.5k,5000,2,,,,WP,,Limited,,,n/a,09. Fully completed,,,,2021-06-15,,,,,Date confirmed (fully confirmed with artist),2021-Q2,,,,,,,,,Tier 2,,REPEAT,,,,,,,,,
150,SHANNONBO-150,Shannon Bono,Offline drawings launch,,2021.06SHANNONBOWP,550,EUR,Confirmed,Under €1k,2200,4,,,,WP,,Limited,,,n/a,09. Fully completed,,,,2021-06-15,,,,,,2021-Q2,,,,,,,,,Tier 3,,REPEAT,,,,,,,,,
157,SOLAOLULO-157,Sola Olulode,Offline drawings launch,,2021.06SOLAOLULOWP,1250,EUR,Confirmed,€1k to €2.5k,2500,2,,,,WP,,Limited,,,n/a,09. Fully completed,,,,2021-06-15,,,,,,2021-Q2,,,,,,,,,Tier 3,,REPEAT,,,,,,,,,
162,STICKYMONG-162,Stickymonger,Offline drawings launch,,XXXX.XXSTICKYMONPE,6200,EUR,Confirmed,Over €5k,12400,2,,,,WP,,Limited,,,n/a,09. Fully completed,,,,2021-06-15,,,,,,2021-Q2,,,,,,,,,Tier 2,,REPEAT,,,,,,,,,
151,SZABOLCSB-151,Szabolcs Bozó,Offline drawings launch,,2021.06SZABOLCSBWP,2700,EUR,Confirmed,€2.5k to €5k,5400,2,,,,WP,,Limited,,,n/a,09. Fully completed,,,,2021-06-15,,,,,,2021-Q2,,,,,,,,,Tier 2,,REPEAT,,,,,,,,,
164,TSAI-LING-164,Tsai-Ling Tseng,Offline drawings launch,,2021.06TSAI-LINGWP,1500,EUR,Confirmed,€1k to €2.5k,3000,2,,,,WP,,Limited,,,n/a,09. Fully completed,,,,2021-06-15,,,,,,2021-Q2,,,,,,,,,Tier 3,,REPEAT,,,,,,,,,
167,JAMESJEAN-167,James Jean,Slingshot Aurum Medium,,30.06JJeanSlingAurumMed,20000,EUR,Confirmed,Over €5k,400000,20,Confirmed,,,SE,,Limited,High cost 3D edition,,n/a,09. Fully completed,0,,,2021-06-30,,,,,Date confirmed (fully confirmed with artist),2021-Q2,,Bronze sculpture and accompanying circular base with satin gold finish,,34.5 x 29.5 x 33.5 cm,Yes engraved under leg/shin and on base.,,,No framing option,Tier 1,,REPEAT,,,,,,,,,
168,JAMESJEAN-168,James Jean,"Slingshot, Small, Bronze Saxum",,30.06JJeanSlingsmallbronze,7500,EUR,Confirmed,Over €5k,375000,50,Confirmed,,,SE,,Limited,High cost 3D edition,,n/a,09. Fully completed,0,,,2021-06-30,,,,,Date confirmed (fully confirmed with artist),2021-Q2,,"Bronze sculpture with blue/grey flecked patina finish, featuring hand polished stainless steel maze disc and hand stick",,17 x 16 x 17cms,Sig & edition number,,,No framing option,Tier 1,,REPEAT,,,,,,,,,
170,AMANILEWI-170,Amani Lewis,TWO QUEENS: Ode to Romare Bearden,,21.07ALewisTwo Queens,1200,EUR,Confirmed,€1k to €2.5k,84000,70,Confirmed,,,PE,Public,Limited,Hybrid print,,n/a,09. Fully completed,0,,,2021-07-07,,,,,,2021-Q3,,"Archival pigment print embellished by hand with three screen-printed special effects in neon, metallic and sparkling colours on 310gsm Hahnemuhle Photo rag",,70 x 56.2 cm,"Yes, signed and dated on reverse",,,Framed on order,Tier 3,,REPEAT,,,,,,,,,
166,MICHAELKA-166,Michael Kagan,Critical Mass,,07.07KaganCritical,8000,EUR,Confirmed,Over €5k,128000,16,Confirmed,,,PE,Private,Limited,Complex print,,n/a,09. Fully completed,0,,,2021-07-07,,,,,Date confirmed (fully confirmed with artist),2021-Q3,,"Silkscreen print with 3 layer monoprint, featuring multiple layers of UV varnish, on Somerset Tub Sized Satin White 600gsm",,140.5 x 120 cms,Yes on front,,,Full Edition Framed,Tier 3,,REPEAT,,,,,,,,,
174,LUDOVICNK-174,Ludovic Nkoth,All Aboard,,21.07LNkothAllAboard,1250,EUR,Confirmed,€1k to €2.5k,37500,30,Confirmed,,,PE,Curated,Limited,Silkscreen print,,n/a,09. Fully completed,0,,,2021-07-14,,,,,,2021-Q3,,18 colour screenprint with satin textured varnish on Somerset 410gsm tub size satin,,75 x 50 cm,"Yes, on front",,,Framed on order,Tier 2,,REPEAT,,,,,,,,,
401,LUDOVICNK-401,Ludovic Nkoth,All Aboard (HF Edition),,21.07LNkothAllAboard,3750,EUR,Confirmed,€2.5k to €5k,75000,20,Confirmed,,,PE,Curated,Limited,Silkscreen print,,n/a,09. Fully completed,0,,,2021-07-14,,,,,,2021-Q3,,"18 colour screenprint with satin textured varnish, featuring unique artist hand finishing in acrylic paint and marker, on Somerset 410gsm tub size satin",,75 x 50,Yes,,,Framed on order,Tier 2,,REPEAT,,,,,,,,,
175,TAULEWIS-175,Tau Lewis,The Church of Mantic Plants,,14.07TLewisChurchOfManic,10000,EUR,Confirmed,Over €5k,200000,20,Confirmed,,,SE,Curated,Limited,High cost 3D edition,,n/a,09. Fully completed,0,,,2021-07-14,,,,,,2021-Q3,,"A series of unique soft sculptures, hand-stitched from textiles including cows leather, pig suede, sheep suede and shearling, stuffed with polyester fibre fill and detailed with white river rocks, acrylic paint and blackened steel.",,Dimensions vary across series,no,,,No framing option,Tier 2,,REPEAT,,,,,,,,,
177,TOMOKAZUM-177,Tomokazu Matsuyama,Broken Train Pick Me,,20.07MatsuBrokenTrain,3000,EUR,Confirmed,€2.5k to €5k,300000,100,Confirmed,,,PE,Public,Limited,Hybrid print,,n/a,09. Fully completed,0,,,2021-07-20,,,,,Date confirmed (fully confirmed with artist),2021-Q3,,"Digital print with screen printed colour layers, various glitter elements and a high gloss varnish onto Somerset 330gsm enhanced satin paper",,80 x 48 cm,Yes on front,,,Framed on order,Tier 2,,REPEAT,,,,,,,,,
171,JENSTARK-171,Jen Stark,In Between Space,,28.07JenstarkSpace,1750,EUR,Confirmed,€1k to €2.5k,87500,50,Confirmed,,,SE,Public,Limited,Mid cost 3D edition,,n/a,09. Fully completed,0,,,2021-07-28,,,,,,2021-Q3,,"Hand assembled laser cut steel, aluminum spacers, aluminum threaded rods and finished in a 2-Stage Automotive Enamel paint",,15.24 x 15.24 15.24 cms (6x6x6 inches),"Yes, laser on work",,,No framing option,Tier 3,,REPEAT,,,,,,,,,
184,ALEXISRAL-184,Alexis Ralaivao,WOP WEEK,,21.08WOPW,1700,EUR,Confirmed,€1k to €2.5k,6800,4,Confirmed,,,WP,Shop,Limited,Unique work,,n/a,09. Fully completed,4,,,2021-08-02,,,,,,2021-Q3,,"1\. Corinne Acrylic and oil on paper Artwork dims: 29,7 x 21 cm Framed dims: 36.5 x 27.8 x 3.2 cm Price: €1,700 + €200 (framing) 2\. Catherine Acrylic and oil on paper Artwork dims: 29,7 x 21 cm Framed dims: 36.5 x 27.8 x 3.2 cm Price: €1,700 + €200 (framing) 3\. Caroline Acrylic and oil on paper Artwork dims: 29,7 x 21 cm Framed dims: 36.5 x 27.8 x 3.2 cm Price: €1,700 + €200 (framing) 4\. Karine Acrylic and oil on paper Artwork dims: 29,7 x 21 cm Framed dims: 36.5 x 27.8 x 3.2 cm Price: €1,700 + €200 (framing)",,29.7 x 21 cm,,,,Full Edition Framed,Tier 3,,REPEAT,,,,,,,,,
182,ROBYDWIA-182,Roby Dwi Antono,WOP WEEK,,2021.08ROBYDWIA-WP,,,Confirmed,Under €1k,0,26,Confirmed,,,WP,Shop,Limited,Unique work,,n/a,09. Fully completed,,,,2021-08-02,,,,,Date confirmed (fully confirmed with artist),2021-Q3,,"1\. This Conversation, 2021 21 x 29 cm Oil pastel on paper Frame dims: 29.3 x 37.8 x 3.2cm (HxWxD) Price: €2100 + €200 (framing) 2\. Combo Attack, 2021 21 x 29 cm Oil pastel on paper Frame dims: 29.3 x 37.8 x 3.2cm (HxWxD) Price: €2100 + €200 (framing) 3\. The Battle 2, 2021 21 x 29 cm Oil pastel on paper Frame dims: 29.3 x 37.8 x 3.2cm (HxWxD) Price: €2100 + €200 (framing) 4\. The Battle, 2021 21 x 29 cm Oil pastel on paper Frame dims: 29.3 x 37.8 x 3.2cm (HxWxD) Price: €2100 + €200 (framing) 5\. Sleeping Dino, 2021 21 x 14 cm Oil pastel on paper Frame dims: 29.3 23.3 x 3.2cm (HxWxD) Price: €1700 + €200 (framing) 6\. Mother, 2021 21 x 14 cm Oil pastel on paper Frame dims: 29.3 x 23.3 x 3.2 cm (HxWxD) Price: €1700 + €200 (framing) 7\. Kira, 2021 21 x 14 cm Oil pastel on paper Frame dims: 29.3 x 23.3 x 3.2 cm (HxWxD) Price: €1700 + €200 (framing) 8\. Atomic Breath, 2021 21 x 14 cm Oil pastel on paper Frame dims: 29.3 x 23.3 x 3.2 cm (HxWxD) Price: €1700 + €200 (framing) 9\. Red Head Godzi, 2021 14 x 21 cm Oil pastel on paper Frame dims: 23.3 x 29.3 x 3.2cm (HxWxD) Price: €1700 + €200 (framing) 10\. You're Not Alone, 2021 21 x 14 cm Oil pastel on paper Frame dims: 29.3 x 23.3 x 3.2 cm (HxWxD) Price: €1700 + €200 (framing) 11\. The Alpha, 2021 21 x 14 cm Oil pastel on paper Frame dims: 29.3 x 23.3 x 3.2 cm (HxWxD) Price: €1700 + €200 (framing) 12\. Peek, 2021 21 x 14 cm Oil pastel on paper Frame dims: 29.3 x 23.3 x 3.2 cm (HxWxD) Price: €1700 + €200 (framing) 13\. Mother 2, 2021 21 x 14 cm Oil pastel on paper Frame dims: 29.3 x 23.3 x 3.2 cm (HxWxD) Price: €1700 + €200 (framing) 14\. The Warrior, 2021 21 x 14 cm Oil pastel on paper Frame dims: 29.3 x 23.3 x 3.2 cm (HxWxD) Price: €1700 + €200 (framing) 15\. Ridoron, 2021 21 x 14 cm Oil pastel on paper Frame dims: 29.3 x 23.3 x 3.2 cm (HxWxD) Price: €1700+ €200 (framing) 16\. Sofia, 2021 21 x 14 cm Oil pastel on paper Frame dims: 29.3 x 23.3 x 3.2 cm (HxWxD) Price: €1700 + €200 (framing) 17\. Angry Little Girls, 2021 21 x 14 cm Oil pastel on paper Frame dims: 29.3 x 23.3 x 3.2 cm (HxWxD) Price: €1700 + €200 (framing) 18\. I'll Kill Her, 2021 21 x 14 cm Oil pastel on paper Frame dims: 29.3 x 23.3 x 3.2 cm (HxWxD) Price: €1700 + €200 (framing) 19\. Pink Eye, 2021 21 x 14 cm Oil pastel on paper Frame dims: 29.3 x 23.3 x 3.2 cm (HxWxD) Price: €1700 + €200 (framing) 20\. The Warrior 2, 2021 21 x 14 cm Oil pastel on paper Frame dims: 29.3 x 23.3 x 3.2 cm (HxWxD) Price: €1700 + €200 (framing) 21\. Kamen Rider Black RX, 2021 21 x 14 cm Oil pastel on paper Frame dims: 29.3 x 23.3 x 3.2 cm (HxWxD) Price: €1700 + €200 (framing) 22\. Lily, 2021 21 x 14 cm Oil pastel on paper Frame dims: 29.3 x 23.3 x 3.2 cm (HxWxD) Price: €1700 + €200 (framing) 23\. Mother and Child, 2021 21 x 14 cm Oil pastel on paper Frame dims: 29.3 x 23.3 x 3.2 cm (HxWxD) Price: €1700 + €200 (framing) 24\. I am Too Lazy, 2021 21 x 14 cm Oil pastel on paper Frame dims: 29.3 x 23.3 x 3.2 cm (HxWxD) Price: €1700 + €200 (framing) 25\. Little Foot, 2021 21 x 14 cm Oil pastel on paper Frame dims: 29.3 x 23.3 x 3.2 cm (HxWxD) Price: €1700 + €200 (framing) 26\. Let’s Get Lost, 2021 21 x 14 cm Oil pastel on paper Frame dims: 29.3 x 23.3 x 3.2 cm (HxWxD) Price: €1700 + €200 (framing)",,21 x 29 cm (1-4) / 21 x 14 cm (5-22),,,,Full Edition Framed,Tier 2,,REPEAT,,,,,,,,,
183,SARAHLEE-183,Sarah Lee,WOP WEEK,,2021.08SARAHLEE-WP,1600,EUR,Confirmed,€1k to €2.5k,3200,2,Confirmed,,,WP,Shop,Limited,Unique work,,n/a,09. Fully completed,,,,2021-08-02,,,,,Date confirmed (fully confirmed with artist),2021-Q3,,"1\. Windy Night, 2021 Pastel on paper 48.26 x 57.15 cm Framed dims: 54 x 58.5 x 3.2cm (HxWxD) 2\. Hidden Moon, 2021 Pastel on paper 45.72 x 52.07 cm Framed dims: 54.5 x 63.5 x 3.2cm (HxWxD)",,48.26 x 57.15 cm (1) / 45.72 x 52.07 cm (2),,,,Full Edition Framed,Tier 4,,REPEAT,,,,,,,,,
185,NEOIMAGE-185,Neo Image Matloga,Majakathata,,10.08NeoimageMajakathata,750,EUR,Confirmed,Under €1k,52500,70,Confirmed,,,PE,Public,Limited,Silkscreen print,,n/a,09. Fully completed,0,,,2021-08-10,,,,,,2021-Q3,,"Hand-made screenprint in seven colours, based on an original linocut produced by the artist, on Hahnemuhle etching paper 300grms",,70 x 50 cm,"Yes, on the front",,,Framed on order,Tier 3,,REPEAT,,,,,,,,,
187,ZHANGHUAN-187,Zhang Huan,Amitabha,,21.08ZhaunAmitabha,3800,EUR,Confirmed,€2.5k to €5k,152000,40,Confirmed,,,SE,Public,Limited,Mid cost 3D edition,,n/a,09. Fully completed,0,,,2021-08-12,,,,,,2021-Q3,,Copper sculpture with the artist’s signature hand-engraved on the base,,30 x 10 x 20cm,Signed on the base,,,No framing option,Tier 3,,REPEAT,,,,,,,,,
173,EKENEEMEK-173,Ekene Emeka-Maduka,"Tinko, Tinko in pretty aunty-give-me-cake",,18.08EkeneTinko,1400,EUR,Confirmed,€1k to €2.5k,42000,30,Confirmed,,,PE,Public,Limited,Digital print,,n/a,09. Fully completed,0,,,2021-08-18,,,,,,2021-Q3,,Archival pigment print with unique hand-finishing in gesso and oil paint on Somerset Enhanced Satin 330gsm,,63 cm (diameter),,,,Framed on order,Tier 3,,REPEAT,,,,,,,,,
189,ROBYDWIA-189,Roby Dwi Antono,KIRA,,24.08RDAntonoKIRA,750,EUR,Confirmed,Under €1k,37500,50,Confirmed,,,PE,Public,Limited,Silkscreen print,,n/a,09. Fully completed,,,,2021-08-24,,,,,Date confirmed (fully confirmed with artist),2021-Q3,,"21 Layer screen print with a matte varnish seal and special, long glow, phosphorescent embellishment, on Radiant White Somerset Tub Sized 410gsm",,60 x 50 cm,Signed on the front,,,No framing option,Tier 2,,REPEAT,,,,,,,,,
192,SCOTTKAHN-192,Scott Kahn,"SPRING MOON, GRANT STREET",,08.09SKhanSpringMoon,6000,EUR,Confirmed,Over €5k,180000,30,Confirmed,,,PE,Public,Limited,Silkscreen print,,n/a,09. Fully completed,0,,,2021-09-08,,,,,,2021-Q3,,"21 layer screenprint on Somerset Tub Sized RW 410gsm, uniquely hand finished by the artist with oil paints",,65.8 x 75.7cm,,,,Framed on order,Tier 3,,REPEAT,,,,,,,,,
179,HASSANHAJ-179,Hassan Hajjaj,Yazid and Rania,,10.09HassanhajYazid,1500,EUR,Confirmed,€1k to €2.5k,75000,50,Confirmed,,,PE,Public,Limited,Digital print,,n/a,09. Fully completed,0,,,2021-09-10,,,,,,2021-Q3,,"Chromogenic print on Fujiflex photopaper, mounted on Dibond and installed in a bespoke, hand-made, polka-dot tablecloth border frame.",,80.7 x 62.7 x 4 cm,Artist signed label on reverse,,,Full Edition Framed,Tier 3,,REPEAT,,,,,,,,,
243,ADRIANAOL-243,Adriana Oliver,Stay,,21.09AOliverStay,1500,EUR,Confirmed,€1k to €2.5k,112500,75,Confirmed,,,PE,,Limited,Silkscreen print,,n/a,09. Fully completed,0,,,2021-09-15,,,,,,2021-Q3,,"Hand pulled, 3-colour screen print in matt inks on Somerset 300gsm paper, mounted within a bespoke, contoured artist frame. [@Ben Dowrick]( [@Esme Mull]( - just checking what 'artist frame' refers to? new one for me! [@Thomas Nuttall]( basically means that it was the artist choice to frame the edition, we can remove it or maybe check with her if she is happy with the wording - which I believe has already been done with Flora. She has the lead on this one btw - @esme can you update the lead to show this. Thanks [@Ben Dowrick]( [@Thomas Nuttall]( Updated! Looping [@Flora Morgan]( too :)",,83 x 62cm,Bottom of the print,,,Full Edition Framed,Tier 3,,REPEAT,,,,,,,,,
201,LY-201,LY,FAR FROM HOME,,21.09LYStanding,1700,EUR,Confirmed,€1k to €2.5k,85000,50,Confirmed,,,PE,Shop,Limited,Silkscreen print,,n/a,09. Fully completed,0,,,2021-09-15,,,,,Date confirmed (fully confirmed with artist),2021-Q3,,"A 13 colour, hand pulled silkscreen with a platinum leaf embellishment on Somerset Tub Sized Satin 410gsm",,65 x 49 cm,yes,,,Framed on order,Tier 3,,REPEAT,,,,,,,,,
200,LY-200,LY,Standing with LUV,,21.09LYStanding,3500,EUR,Confirmed,€2.5k to €5k,175000,50,Confirmed,,,SE,Shop,Limited,Mid cost 3D edition,,n/a,09. Fully completed,0,,,2021-09-15,,,,,Date confirmed (fully confirmed with artist),2021-Q3,,Hand painted bronze sculpture,,35 x 9.5 x 7cm,Numbers on foot underside,,,No framing option,Tier 3,,REPEAT,,,,,,,,,
294,NATHALIED-294,Nathalie Djurberg & Hans Berg,The Advantage,,21.09ND&HansTheAdvantage,7500,EUR,Confirmed,Over €5k,187500,25,Confirmed,,,SE,,Limited,High cost 3D edition,,n/a,09. Fully completed,25,,,2021-09-21,,,,,,2021-Q3,,Toned resin sculpture with unique hair piece handmade by the artist,,16 x 11.5 x 18 CM,Numbered on bottom,,,No framing option,Tier 4,,REPEAT,,,,,,,,,
197,JAMESJEAN-197,James Jean,Descendent - Verdigris,,23.09JJeanVerdigris,7500,EUR,Confirmed,Over €5k,375000,50,Confirmed,,,SE,,Limited,High cost 3D edition,,n/a,09. Fully completed,0,,,2021-09-23,,,,,Date confirmed (fully confirmed with artist),2021-Q3,,Bronze sculpture with a verdigris finish and a circular mirrored base,,33.5 x 15.5 x 15.5cm,,,,No framing option,Tier 1,,REPEAT,,,,,,,,,
198,JAMESJEAN-198,James Jean,Maze - Marble (Gold),,23.09JJeanGoldMarb,40000,EUR,Confirmed,Over €5k,320000,8,Confirmed,,,SE,,Limited,High cost 3D edition,,n/a,09. Fully completed,0,,,2021-09-23,,,,,Date confirmed (fully confirmed with artist),2021-Q3,,"Statuario Michelangelo marble, with gold plated brass maze disc and hand piece",,73 x 40 x 40 cms,,,,No framing option,Tier 1,,REPEAT,,,,,,,,,
199,JAMESJEAN-199,James Jean,Woodcutter - Marble (Gold),,23.09JJeanWoodcutter,40000,EUR,Confirmed,Over €5k,320000,8,Confirmed,,,SE,,Limited,High cost 3D edition,,n/a,09. Fully completed,0,,,2021-09-23,,,,,Date confirmed (fully confirmed with artist),2021-Q3,,"Woodcutter, Statuario Michelangelo marble with gold plated brass face caps",,65 x 43 x 43cm,,,,No framing option,Tier 1,,REPEAT,,,,,,,,,
180,ALEJANDRO-180,Alejandro Cardenas,New Morning at the Rocks 1 New Morning at the Rocks 2 New Morning at the Rocks 3 New Morning at the Rocks 4 New Morning at the Rocks 5 New Morning at the Rocks 6,,21.08WOPW,6500,EUR,Confirmed,Over €5k,39000,6,Confirmed,,,WP,Private,Limited,Unique work,,n/a,09. Fully completed,6,,,2021-09-24,,,,,,2021-Q3,,"Original artworks on paper in pencil and watercolour, framed in a silver aluminium frame",,35.56 x 25.4 cm,Signed and dated on the back,,,Full Edition Framed,Tier 3,,REPEAT,,,,,,,,,
196,CHRISTINE-196,Christine Wong Yap,Christine Wong Yap x For Freedoms How Do You Keep Your Heart Open? (For Susan),,21.09ForFreedoms,500,EUR,Confirmed,Under €1k,12500,25,Confirmed,,,PE,Shop,Limited,Hybrid print,,n/a,09. Fully completed,0,,,2021-09-29,,,,,,2021-Q3,,"Archival pigment print embellished by hand with fine graphite powder and spot colour screenprint layers on Hahnemühle Photo Rag 308gsm, based on the original billboard poster by the artist from the For Freedoms 2020 Awakening campaign. From the For Freedoms 2020 Awakening Campaign Courtesy For Freedoms and Unfinished Printed in 2021",,28.3 x 85cm,,,,No framing option,Tier 3,,REPEAT,,,,,,,,,
195,HANKWILLI-195,Hank Willis Thomas,Who Taught You To Love?,,21.09ForFreedoms,1500,EUR,Confirmed,€1k to €2.5k,112500,75,Confirmed,,,PE,Shop,Limited,Silkscreen print,,n/a,09. Fully completed,0,,,2021-09-29,,,,,,2021-Q3,,"Hand-made 9 layer screenprint in 3 colours on Somerset Tub Sized 600gsm, based on the original billboard poster by the artist from the For Freedoms 2020 Awakening campaign. From the For Freedoms 2020 Awakening Campaign Courtesy For Freedoms and Unfinished Printed in 2021",,29.5 x 85cm,Yes - bottom right hand corner,,,Framed on order,Tier 2,,REPEAT,,,,,,,,,
337,JOSÉPARLÁ-337,José Parlá,The Founders,,01.10JParlaFounders,475,EUR,Confirmed,Under €1k,649800,1368,Confirmed,,,TL,Timed,Timed,,,24 hours,09. Fully completed,0,,,2021-10-01,,,,2021-10-02,Date confirmed (fully confirmed with artist),2021-Q4,,Archival pigment print on Hahnemühle Photo Rag Ultra Smooth paper 305 gms.,,52.33 x 83.82cm,"Labels on the back with edition title, number, date and artist signature",,,No framing option,Tier 2,,REPEAT,,,,,,,,,
301,ISSHAQISM-301,Isshaq Ismail,Talking Faces 1 Taking Faces 2 Talking Faces 3 Talking Faces 4 Talking Faces 9 Talking Faces 10 Talking Faces 5 Talking Faces 6 Talking Faces 7 Talking Faces 8,,21.10IIsmailTalkingFaces,7600,EUR,Confirmed,Over €5k,76000,10,Confirmed,,,OG,,Limited,Unique work,,n/a,09. Fully completed,10,,,2021-10-06,,,,,,2021-Q4,,"Original acrylic painting on canvas, stretched onto a wooden stretcher frame",,61 x 48 x 2 cm,Signed on front (faintly),,,No framing option,Tier 3,,REPEAT,,,,,,,,,
204,SHANNONBO-204,Shannon Bono,A Reflection of You,,14.10SBonoReflectionofyou,300,EUR,Confirmed,Under €1k,6000,20,Confirmed,,,PE,Curated,Limited,Hybrid print,,n/a,09. Fully completed,0,,,2021-10-14,,,,,,2021-Q4,,"Archival pigment print hand-embellished with a sparkling bronze screenprint layer on 300gsm cotton fine art paper, uniquely hand-finished by the artist with 3D pearlescent cream",,50 x 48 cm,Signed on back,,,No framing option,Tier 3,,REPEAT,,,,,,,,,
203,SOLAOLULO-203,Sola Olulode,Laying in the Grass,,14.10SOlulodeLayingInTheGrass,800,EUR,Confirmed,Under €1k,20000,25,Confirmed,,,PE,Curated,Limited,Silkscreen print,,n/a,09. Fully completed,0,,,2021-10-14,,,,,,2021-Q4,,"Hand-made 7 colour screen print on Hahnemuhle Bright White 300 grms art paper, uniquely hand-finished by the artist with pencil and oil pastel",,55 x 70 cm,Signed on the back,,,No framing option,Tier 3,,REPEAT,,,,,,,,,
439,TUNJIADEN-439,Tunji Adeniyi-Jones,Violet Dance,,21.10TunjiVioletDance,1500,EUR,Confirmed,€1k to €2.5k,60000,40,Confirmed,,,PE,Curated,Limited,Silkscreen print,,n/a,09. Fully completed,0,,,2021-10-14,,,,,,2021-Q4,,"Hand-pulled 14 layer screenprint, with spot colour gloss vinyl ink and a matte varnish, on Somerset Tub Sized Satin White 410gsm",,70 x 50.2 cm,Bottom of the print,,,Framed on order,Tier 2,,REPEAT,,,,,,,,,
490,TUNJIADEN-490,Tunji Adeniyi-Jones,Violet Dance - Hand-finished,,21.10TunjiVioletDanceHF,4500,EUR,Confirmed,€2.5k to €5k,45000,10,Confirmed,,,HFPE,Curated,Limited,Silkscreen print,,n/a,09. Fully completed,0,,,2021-10-14,,,,,,2021-Q4,,"Hand-pulled 14 layer screenprint, with spot colour gloss vinyl ink and a matte varnish, uniquely hand-finished by the artist with acrylic, watercolour and ink elements on Somerset Tub Sized Satin White 410gsm",,70 x 50.2 cm,Bottom of the print,,true,Framed on order,Tier 2,,REPEAT,,,,,,,,,
276,ROBYDWIA-276,Roby Dwi Antono,KIRA - Black,,21.10RDAntonoKIRA Black,4000,EUR,Confirmed,€2.5k to €5k,300000,75,Confirmed,,,SE,,Limited,Mid cost 3D edition,,n/a,09. Fully completed,Black,,,2021-10-20,,,,,Date confirmed (fully confirmed with artist),2021-Q4,,Bronze sculpture with a black patina finish,,31 x 26 x 23 cm,Engraved with number and artist’s signature on the base,,,No framing option,Tier 2,,REPEAT,,,,,,,,,
188,ROBYDWIA-188,Roby Dwi Antono,KIRA - Burnished Gold,,21.10RDAntonoKIRA BGold,4000,EUR,Confirmed,€2.5k to €5k,300000,75,Confirmed,,,SE,,Limited,Mid cost 3D edition,,n/a,09. Fully completed,Burnished Gold,,,2021-10-20,,,,,Date confirmed (fully confirmed with artist),2021-Q4,,Bronze sculpture with a burnished gold finish,,31 x 26 x 23 cm,Engraved with number and artist’s signature on the base,,,No framing option,Tier 2,,REPEAT,,,,,,,,,
235,JAMESJEAN-235,James Jean,Slingshot - Monument,,27.10JJeanMonument,250000,EUR,Confirmed,Over €5k,750000,3,Confirmed,,,OG,,Limited,Unique work,,n/a,09. Fully completed,0,,,2021-10-27,,,,,Date confirmed (fully confirmed with artist),2021-Q4,,Cast bronze and stainless steel sculpture with alloy steel bearings and gold leaf,,182.8 x 158.34 x 179.83 cm,,,,No framing option,Tier 1,,REPEAT,,,,,,,,,
236,JAMESJEAN-236,James Jean,Slingshot Requiem (Print),,21.10JJeanSlingshotRequiem,975,EUR,Confirmed,Under €1k,97500,100,Confirmed,,,PE,,Limited,Complex print,,n/a,09. Fully completed,0,,,2021-10-27,,,,,Date confirmed (fully confirmed with artist),2021-Q4,,"Hand-made relief print, with gold line work framing the Slingshot figure, printed on 310gsm Hahnemühle paper.",,38.74 x 30.48 cm,Yes - signed and numbered,,,Framed on order,Tier 1,,REPEAT,,,,,,,,,
237,JAMESJEAN-237,James Jean,Slingshot Requiem (Relief),,21.10JJeanSlingshotRequiem,4000,EUR,Confirmed,€2.5k to €5k,216000,54,Confirmed,,,PE,,Limited,Complex print,,n/a,09. Fully completed,0,,,2021-10-27,,,,,Date confirmed (fully confirmed with artist),2021-Q4,,"Carved relief sculpture made from steel which has been polished and heat-treated before mounting into a custom-made solid hard maple frame, hand-finished with a pickling white washed stain.",,38.8 x 30.3 x 4.4 cm,,,,Full Edition Framed,Tier 1,,REPEAT,,,,,,,,,
178,LINAIRIS-178,Lina Iris Viktor,Ekstasis,,29.10LinairisEkstasis,15000,EUR,Confirmed,Over €5k,165000,11,Confirmed,,,SE,Public,Limited,High cost 3D edition,,n/a,09. Fully completed,0,,,2021-10-29,,,,,,2021-Q4,,Volcanic rock with bronze,,31 x 10 x 10 cm,"Engraved on bottom, signature and number in gold",,,No framing option,Tier 3,,REPEAT,,,,,,,,,
211,MICHAELKA-211,Michael Kagan,Concorde,,05.11KaganConcorde,3500,EUR,Confirmed,€2.5k to €5k,350000,100,Confirmed,,,PE,Public,Limited,Silkscreen print,,n/a,09. Fully completed,0,,,2021-11-05,,,,,Date confirmed (fully confirmed with artist),2021-Q4,,"A 12 colour, hand pulled silkscreen with a satin texture varnish, on Somerset Rad White Tub size 410gsm.",,73 x 94 cm,bottom right signature / bottom left numbering,,,Framed on order,Tier 3,,REPEAT,,,,,,,,,
502,PAULINSEC-502,Paul Insect,Automaton Sculptures (Originals),,21.11PInsectAmsterdamShow,10000,EUR,Confirmed,Over €5k,60000,6,Confirmed,,,OG,Private,Limited,Unique work,,n/a,09. Fully completed,,,,2021-11-18,,,,,Date confirmed (fully confirmed with artist),2021-Q4,,"For Paul Insect: Personal Effects | Amsterdam 6 x Automation sculptures 10,000-12,000 EUR \\\\\\\\ Please refer to full list of works here:",,Dimensions variable,,,,No framing option,Tier 3,,REPEAT,,,,,,,,,
210,PAULINSEC-210,Paul Insect,Cosmodela,,21.11PInsectAmsterdamShow,2000,EUR,Confirmed,€1k to €2.5k,350000,175,Confirmed,,,PE,Public,Limited,Silkscreen print,,n/a,09. Fully completed,,,,2021-11-18,,,,,Date confirmed (fully confirmed with artist),2021-Q4,,"15 colour screenprint with metallic ink, clear diamond dust and high gloss varnish embellishments, printed on 410gsm Somerset satin tub paper",,53.2 x 89.9 cm,bottom right signature / bottom left numbering,,,Framed on order,Tier 3,,REPEAT,,,,,,,,,
501,PAULINSEC-501,Paul Insect,Cosmodela (Duponti),,21.11PInsectAmsterdamShow,4000,EUR,Confirmed,€2.5k to €5k,120000,30,Confirmed,,,PE,Public,Limited,Silkscreen print,,n/a,09. Fully completed,,,,2021-11-18,,,,,Date confirmed (fully confirmed with artist),2021-Q4,,"15 colour screenprint with metallic ink, gold glitter and high gloss varnish embellishments, printed on 410gsm Somerset satin tub paper",,53.2 x 89.9 cm,bottom right signature / bottom left numbering,,,Framed on order,Tier 3,,REPEAT,,,,,,,,,
609,PAULINSEC-609,Paul Insect,Glass Sculptures (Originals),,21.11PInsectAmsterdamShow,10000,EUR,Confirmed,Over €5k,80000,8,Confirmed,,,OG,Private,Limited,Unique work,,n/a,09. Fully completed,,,,2021-11-18,,,,,Date confirmed (fully confirmed with artist),2021-Q4,,For Paul Insect: Personal Effects | Amsterdam 8 x Glass sculptures Pricing TBC \\\\\\\\ Please refer to full list of works here:,,Dimensions variable,,,,No framing option,Tier 3,,REPEAT,,,,,,,,,
604,PAULINSEC-604,Paul Insect,Large Circular Paintings (Originals),,21.11PInsectAmsterdamShow,24000,EUR,Confirmed,Over €5k,96000,4,Confirmed,,,OG,Private,Limited,Unique work,,n/a,09. Fully completed,,,,2021-11-18,,,,,Date confirmed (fully confirmed with artist),2021-Q4,,"For Paul Insect: Personal Effects | Amsterdam 4 x large circular paintings 24,000-26,000EUR \\\\\\\\\\\\\\\\ Please refer to the full list of works here:",,Dimensions variable,,,,No framing option,Tier 3,,REPEAT,,,,,,,,,
608,PAULINSEC-608,Paul Insect,Paintings on Found Objects (Originals),,21.11PInsectAmsterdamShow,5000,EUR,Confirmed,€2.5k to €5k,35000,7,Confirmed,,,OG,Private,Limited,Unique work,,n/a,09. Fully completed,,,,2021-11-18,,,,,Date confirmed (fully confirmed with artist),2021-Q4,,"For Paul Insect: Personal Effects | Amsterdam 7 x paintings on found objects 3,500-15,000 EUR \\\\\\\\\\\\\\\\ Please refer to the full list of works here:",,Dimensions variable,,,,No framing option,Tier 3,,REPEAT,,,,,,,,,
606,PAULINSEC-606,Paul Insect,Personal Effects Show Cards,,21.11PInsectAmsterdamShow,300,EUR,Confirmed,Under €1k,135000,450,Confirmed,,,PE,Private,Limited,Silkscreen print,,n/a,09. Fully completed,6,,,2021-11-18,,,,,Date confirmed (fully confirmed with artist),2021-Q4,,"For Paul Insect: Personal Effects | Amsterdam 600 x show card 6 x colour variation (only 450 to sell) 7 colour screenprint in 6 varying colour ways with high gloss varnish and text on reverse, printed on mount board \\\\\ Full list of works for show:",,24 x 18 cm,TBC,,,No framing option,Tier 3,,REPEAT,,,,,,,,,
503,PAULINSEC-503,Paul Insect,Polaroids (Originals),,21.11PInsectAmsterdamShow,350,EUR,Confirmed,Under €1k,28000,80,Confirmed,,,OG,Private,Limited,Unique work,,n/a,09. Fully completed,,,,2021-11-18,,,,,Date confirmed (fully confirmed with artist),2021-Q4,,For Paul Insect: Personal Effects | Amsterdam 80 x polaroids 350 EUR (incl. framing) Titled: 1. Paul Insect Studio 2021 - 80. Paul Insect Studio 2021 \\\\\ Full list of polaroids: Full list of works for show:,,8.5 x 10.8 cm,TBC,,,Full Edition Framed,Tier 3,,REPEAT,,,,,,,,,
208,PAULINSEC-208,Paul Insect,Rectangle Paintings (Originals),,21.11PInsectAmsterdamShow,30000,EUR,Confirmed,Over €5k,240000,8,Confirmed,,,OG,Private,Limited,Unique work,,n/a,09. Fully completed,,,,2021-11-18,,,,,Date confirmed (fully confirmed with artist),2021-Q4,,"For Paul Insect: Personal Effects | Amsterdam 8 x large circular paintings 8,000-45,000EUR \\\\\\\\\\\\\\\\ Please refer to the full list of works here:",,Dimensions variable,,,,No framing option,Tier 3,,REPEAT,,,,,,,,,
605,PAULINSEC-605,Paul Insect,Small Circular Paintings (Originals),,21.11PInsectAmsterdamShow,10000,EUR,Confirmed,Over €5k,50000,5,Confirmed,,,OG,Private,Limited,Unique work,,n/a,09. Fully completed,,,,2021-11-18,,,,,Date confirmed (fully confirmed with artist),2021-Q4,,"For Paul Insect: Personal Effects | Amsterdam 5 x small circular paintings 10,000 EUR \\\\\\\\\\\\\\\\ Please refer to the full list of works here:",,40 cm⌀ x 3.5 cm depth,,,,No framing option,Tier 3,,REPEAT,,,,,,,,,
597,PAULINSEC-597,Paul Insect,Works on Paper (Originals),,21.11PInsectAmsterdamShow,2000,EUR,Confirmed,€1k to €2.5k,20000,10,Confirmed,,,WP,Private,Limited,Unique work,,n/a,09. Fully completed,,,,2021-11-18,,,,,Date confirmed (fully confirmed with artist),2021-Q4,,"For Paul Insect: Personal Effects | Amsterdam 6 x work on papers 4 x screenprint/work on paper 2,000-6,000 EUR \\\\\\\\ Please refer to the full list of works here:",,Dims variable,,,,Full Edition Framed,Tier 3,,REPEAT,,,,,,,,,
230,JAMESJEAN-230,James Jean,Woodcutter Kogeta,,23.11JJeanWoodcutterKog,20000,EUR,Confirmed,Over €5k,400000,20,Confirmed,,,SE,,Limited,High cost 3D edition,,n/a,09. Fully completed,0,,,2021-11-23,,,,,Date confirmed (fully confirmed with artist),2021-Q4,,Bronze sculpture with a patina finish and added gold leaf detailing,,57.2 x 30.5 x 33 cm,Signature and number on base,,,No framing option,Tier 1,Street & collectibles,REPEAT,0.75,,,,,,,,
212,SUSUMUKAM-212,Susumu Kamijo,Dance For Me In The Dusk,,25.11SKamijoDanceInTheDusk,10000,EUR,Confirmed,Over €5k,750000,75,Confirmed,,,SE,Public,Limited,High cost 3D edition,,n/a,09. Fully completed,0,,,2021-11-25,,,,,,2021-Q4,,Polished walnut wood sculpture with glass and crystal resin details,,96.55 x 72 x 12.95 cm,Numbered on reverse,,,No framing option,Tier 2,,REPEAT,,,,,,,,,
223,HEBRUBRAN-223,Hebru Brantley,Gaia (Black Marble),,21.11HBrantleyGaiaBlack,35000,EUR,Confirmed,Over €5k,280000,8,Confirmed,,,SE,Shop,Limited,High cost 3D edition,,n/a,09. Fully completed,2,,,2021-11-29,,,,,,2021-Q4,,"Portoro marble sculpture, assembled from two parts",,63 x 44 x 46cm (assembled),Engraved signature and number on the bottom of the cloud,,,No framing option,Tier 2,,REPEAT,,,,,,,,,
224,HEBRUBRAN-224,Hebru Brantley,Gaia (White Marble),,21.11HBrantleyGaiaWhite,35000,EUR,Confirmed,Over €5k,280000,8,Confirmed,,,SE,Shop,Limited,High cost 3D edition,,n/a,09. Fully completed,2,,,2021-11-29,,,,,,2021-Q4,,"Statuario marble sculpture, assembled from two parts",,63 x 44 x 46cm (assembled),Engraved signature and number on the bottom of the cloud,,,No framing option,Tier 2,,REPEAT,,,,,,,,,
225,JEAN-MICHE-225,Jean-Michel Othoniel,Lotus of Hope,,01.12JeanMLotus,5000,EUR,Confirmed,€2.5k to €5k,125000,25,Confirmed,,,SE,Public,Limited,High cost 3D edition,,n/a,09. Fully completed,0,,,2021-12-01,,,,,,2021-Q4,,"Bronze sculpture with metal plating and a mirror polish finish [@Flora Morgan]( Do we have any specifics on this? What kind of metal, how the mirror finish is applied etc? [@Thomas Nuttall]( believe they're plated in silver and then highly polished to achieve the mirror finish - will confirm with the producer.",,30 x 25.6 x 26.1 cm,Edition number and 'Othoniel' engraved on the bottom,,,No framing option,Tier 2,,REPEAT,,,,,,,,,
227,TOMOKAZUM-227,Tomokazu Matsuyama,Daylight Away,,21.03MatsuShapedPrints,4500,EUR,Confirmed,€2.5k to €5k,450000,100,Confirmed,,,PE,Shop,Limited,Hybrid print,,n/a,09. Fully completed,0,,,2021-12-03,,,,,Date confirmed (fully confirmed with artist),2021-Q4,,"Digital print with screen printed ink, delicate metallic leaf and a high gloss varnish, cut to the shape of the artwork and printed onto Somerset 410gsm satin enhanced paper. Mounted in a bespoke white, contoured frame.",,94 x 49.2 cm,bottom right side / bottom left side,,,Full Edition Framed,Tier 2,,REPEAT,,,,,,,,,
226,TOMOKAZUM-226,Tomokazu Matsuyama,If I Fell From Me To You,,21.03MatsuShapedPrints,4500,EUR,Confirmed,€2.5k to €5k,450000,100,Confirmed,,,PE,Shop,Limited,Hybrid print,,n/a,09. Fully completed,0,,,2021-12-03,,,,,Date confirmed (fully confirmed with artist),2021-Q4,,"Digital print with screen printed pearlised ink, blue glitter and high gloss varnish, cut to the shape of the artwork and printed onto Somerset 410gsm satin enhanced paper. Mounted in a bespoke white, contoured frame.",,83 x 83 cm,bottom left side / bottom right side,,,Full Edition Framed,Tier 2,,REPEAT,,,,,,,,,
611,MICKALENE-611,Mickalene Thomas,"Jet Blue 11, 2021",,21.12MThomasPEs,17750,EUR,Confirmed,Over €5k,17750,1,Confirmed,,,PE,,Limited,Complex print,,n/a,09. Fully completed,0,,,2021-12-04,,,,,,2021-Q4,,"Inkjet print with acrylic pochoir, hand-collaged elements and UV Print Shield on 290gsm Hahnemühle Bamboo paper",,25.24 x 18.89 cm,"Signed and numbered by the artist on the reverse, and accompanied by an identifying label – also numbered by the artist.",,,Full Edition Framed,Tier 1,,REPEAT,,,,,,,,,
627,MICKALENE-627,Mickalene Thomas,"Left Behind, 2021",,21.12MThomasPEs,17750,EUR,Confirmed,Over €5k,17750,1,Confirmed,,,PE,,Limited,Complex print,,n/a,09. Fully completed,0,,,2021-12-04,,,,,,2021-Q4,,Inkjet print and pigment-printed silk with hand-collaged elements and UV Print Shield on 290gsm Hahnemühle Bamboo paper,,18.89 x 25.24 cm,"Signed and numbered by the artist on the reverse, and accompanied by an identifying label – also numbered by the artist.",,,Full Edition Framed,Tier 1,,REPEAT,,,,,,,,,
205,ELMGREEN&-205,Elmgreen & Dragset,The Observer,,8.12ElmgreenObserver,5500,EUR,Confirmed,Over €5k,275000,50,Confirmed,,,SE,Public,Limited,High cost 3D edition,,n/a,09. Fully completed,0,,,2021-12-08,,,,,,2021-Q4,,Powder coated steel balcony with a clothed cast polyester figure,,28.8 x 40 x 20.6 cm (Balcony) 42.5 x 15.5 x 23 cm (Figure),Only signed on COA,,,No framing option,Tier 2,,REPEAT,,,,,,,,,
481,THENJIWEN-481,Thenjiwe Niki Nkosi,Landing,,21.12ThenjiweLanding,700,EUR,Confirmed,Under €1k,42000,60,Confirmed,,,PE,,Limited,Silkscreen print,,n/a,09. Fully completed,0,,,2021-12-10,,,,,,2021-Q4,,10 colour screenprint on Archival 100% Cotton Hahnemuhle Bright White 300gsm paper.,,40 x 40 cm,,,,No framing option,Tier 3,,REPEAT,,,,,,,,,
217,THENJIWEN-217,Thenjiwe Niki Nkosi,Landing Triptych,,21.12ThenjiweLanding,1500,EUR,Confirmed,€1k to €2.5k,45000,30,Confirmed,,,PE,,Limited,Silkscreen print,,n/a,09. Fully completed,0,,,2021-12-10,,,,,,2021-Q4,,"Screen printed triptych, with the left panel made up of 12 colours, central 10 and right 3, each on Archival 100% Cotton Hahnemuhle Bright White 300gsm paper.",,"3 individual prints, each 40 x 40 cm",,,,Framed on order,Tier 3,,REPEAT,,,,,,,,,
216,THENJIWEN-216,Thenjiwe Niki Nkosi,"Landing Triptych (Gold, Hand-Finished)",,21.12ThenjiweLanding,2500,EUR,Confirmed,€1k to €2.5k,25000,10,Confirmed,,,HFPE,,Limited,Silkscreen print,,n/a,09. Fully completed,0,,,2021-12-10,,,,,,2021-Q4,,"Screen printed triptych, with the left panel made up of 12 colours, central 10 and right 3, each on Archival 100% Cotton Hahnemuhle Bright White 300gsm paper. The central panel is then uniquely hand-finished by the artist in gold ink.",,"3 individual prints, each 40 x 40 cm",,,true,Framed on order,Tier 3,,REPEAT,,,,,,,,,
219,CHRISTIAN-219,Christian Rex van Minnen,Series Title: Avatars Individual Titles: See spreadsheet -,,21.12CRMAvatars,8500,EUR,Confirmed,Over €5k,85000,10,Confirmed,,,OG,Public,Limited,Unique work,,n/a,09. Fully completed,10,,,2021-12-14,,,,,,2021-Q4,,Medium: Unique hand-made monotype on Rives BFK 250gsm paper Process: Indirect painting In monotype,,49.5 x 33.0cm (Paper) 30.5 x 22.9 cm (Artwork),Signed on the front of each print,,,Full Edition Framed,Tier 2,,REPEAT,,,,,,,,,
244,LY-244,LY,Confused LUV (Small),,22.01LYConfused,3900,EUR,Confirmed,€2.5k to €5k,195000,50,Confirmed,,,SE,Draw,Limited,Mid cost 3D edition,,n/a,09. Fully completed,0,,,2022-01-20,,,,,Date confirmed (fully confirmed with artist),2022-Q1,,Hand painted bronze sculpture,,16 x 21 x 14 cm,Numbered on feet,,,No framing option,Tier 3,,REPEAT,,,,,,,,,
245,LY-245,LY,Still Confused,,22.01LYConfused,2000,EUR,Confirmed,€1k to €2.5k,100000,50,Confirmed,,,PE,Draw,Limited,Silkscreen print,,n/a,09. Fully completed,0,,,2022-01-20,,,,,Date confirmed (fully confirmed with artist),2022-Q1,,"16 colour silkscreen with UV spot varnish, printed in 33 layers on Somerset Tub Sized 410gsm paper",,72.5 cm (diameter),"bottom front of print, off-centre to the right - signed 2021",,,Framed on order,Tier 3,,REPEAT,,,,,,,,,
648,TOMÁSSÁNC-648,Tomás Sánchez,En el paisaje interior,,27.01TSanchezEnElPai,350,EUR,Confirmed,Under €1k,218750,625,Confirmed,,,TL,Timed,Timed,,,24 hours,09. Fully completed,0,,,2022-01-27,,,,2022-01-28,,2022-Q1,,Archival pigment print on Hahnemühle Photo Rag Ultra Smooth paper 305 gsm,,60 x 45 cm,Signed and dated by the artist (TBC whether it is on front or back),,,No framing option,Tier 2,,REPEAT,,,,,,,,,
218,JAMESJEAN-218,James Jean,Descendent Osiris,,02.02JJeanOsiris,20000,EUR,Confirmed,Over €5k,400000,20,Confirmed,,,SE,,Limited,High cost 3D edition,,n/a,09. Fully completed,0,,,2022-02-02,,,,,Date confirmed (fully confirmed with artist),2022-Q1,,Bronze sculpture with a black tinted lacquer and gold leaf detailing on a circular mirrored base,,60.7 x 27.3 x 27.3 cm,Signature and number engraved on side of the base,,,No framing option,Tier 1,,REPEAT,,,,,,,,,
190,DARRENROM-190,Darren Romanelli,Cactus Man Vessel,,22.02DRomanelliCactusMan,900,EUR,Confirmed,Under €1k,45000,50,Confirmed,,,CL,Public,Limited,Low cost 3D edition,,n/a,09. Fully completed,0,,,2022-02-07,,,,,,2022-Q1,,"Fired stoneware pot, vinyl figure and printed cotton T-shirt",,Pots: 13⌀ x 16.5cm (dims variable) / T-shirt: Large / Figure: 26 x 11.5 x 6.5cm,Edition number engraved and DRX stamped on the bottom of the pot,,,No framing option,Tier 3,,REPEAT,,,,,,,,,
277,ROBYDWIA-277,Roby Dwi Antono,BIAS,,09.02RDAntonoBIAS,2750,EUR,Confirmed,€2.5k to €5k,82500,30,Confirmed,,,PE,Draw,Limited,Silkscreen print,,n/a,09. Fully completed,0,,,2022-02-09,,,,,Date confirmed (fully confirmed with artist),2022-Q1,,"17 colour silkscreen print, with unique hand-finishing in oil pastel on Somerset Tub Sized 410gsm paper",,60 x 55.4 cm,"Signed and dated 2021, in the bottom right corner",,,Full Edition Framed,Tier 2,,REPEAT,,,,,,,,,
438,HIDEAKIKA-438,Hideaki Kawashima,Drawing,,22.02.HKawashimaPEsDrawing,750,EUR,Confirmed,Under €1k,30000,40,Confirmed,,,PE,Public,Limited,Hybrid print,,n/a,09. Fully completed,0,,,2022-02-11,,,,,Date confirmed (fully confirmed with artist),2022-Q1,,"Archival pigment print with nine silkscreen layers, printed on Canson Moulin du Roy 300gsm watercolour paper with hand-torn edges",,Paper size: 70 x 57cm / Image size: 60 x 47cm,"Edition number has been signed on the lower left corner, and artists signature and year on the lower right.",,,Framed on order,Tier 3,,REPEAT,,,,,,,,,
508,HIDEAKIKA-508,Hideaki Kawashima,Drawing (Hand-finished),,22.02.HKawashimaPEsDrawing,1500,EUR,Confirmed,€1k to €2.5k,15000,10,Confirmed,,,HFPE,Enquiry,Limited,Hybrid print,,n/a,09. Fully completed,0,,,2022-02-11,,,,,Date confirmed (fully confirmed with artist),2022-Q1,,"Archival pigment print with nine silkscreen layers, printed on Canson Moulin du Roy 300gsm watercolour paper with unique hand-finishing by the artist in pencil",,Paper size: 70 x 57cm / Image size: 60 x 47cm,"Edition number has been signed on the lower left corner, and artists signature and year on the lower right.",,true,Framed on order,Tier 3,,REPEAT,,,,,,,,,
316,TOMOOGOKI-316,Tomoo Gokita,Oscalypso,,15.02TomooGOscalypso,4000,EUR,Confirmed,€2.5k to €5k,160000,40,Confirmed,,,PE,Enquiry,Limited,Silkscreen print,,n/a,09. Fully completed,0,,,2022-02-15,,,,,,2022-Q1,,Handmade 17 colour silkscreen print on Rives BFK 300gsm fine art paper,,63.5 x 53.3 cm (full bleed),"Signed and numbered with pencil on the left down corner as following: ed number, signature and year.",,,Framed on order,Tier 2,,REPEAT,,,,,,,,,
602,JOHNSONTS-602,Johnson Tsang,Open Mind (Large),,22.02JTangOpenMind,650,EUR,Confirmed,Under €1k,65000,100,Confirmed,,,CL,Public,Limited,Low cost 3D edition,,n/a,09. Fully completed,0,,,2022-02-17,,,,,Date confirmed (fully confirmed with artist),2022-Q1,,"Ceramic plant pot with a glazed interior, on an American walnut wooden stand.",,Pot: 21cm (H) x 28cm (W) x 21cm (inner⌀) / Stand: 40.5cm (H) / Pot + stand: 49cm (H) x 25.5cm (W) x 25.5cm (D),Artist's signature and edition number engraved on the bottom of the pot.,,,No framing option,Tier 2,,REPEAT,,,,,,,,,
404,JOHNSONTS-404,Johnson Tsang,Open Mind (Small),,22.02JTangOpenMind,450,EUR,Confirmed,Under €1k,45000,100,Confirmed,,,CL,Public,Limited,Low cost 3D edition,,n/a,09. Fully completed,0,,,2022-02-17,,,,,Date confirmed (fully confirmed with artist),2022-Q1,,"Ceramic plant pot with a glazed interior, on an American walnut wooden stand.",,Pot: 14.5 cm (H) x 19 cm (W) x 13cm (inner⌀) / Stand: 12.5cm (H) / Pot + Stand: 18cm (H) x 17.5 cm (W) x 17.5 cm (D),Artist's signature engraved on the bottom of the pot.,,,No framing option,Tier 2,,REPEAT,,,,,,,,,
734,TOMÁSSÁNC-734,Tomás Sánchez,Sonido de aguas en la noche,,21.02TSanchezSonidoDeAguas,5600,EUR,Confirmed,Over €5k,84000,15,Confirmed,,,PE,Enquiry,Limited,Complex print,,n/a,09. Fully completed,0,,,2022-02-21,,,,,,2022-Q1,,Aquatint etching,,71.4 x 54.5 cm,"Signed bottom right hand corner, titled in the centre, and numbered on the left.",,,Full Edition Framed,Tier 2,,REPEAT,,,,,,,,,
665,CHRISTIAN-665,Christian Rex van Minnen,Parallax,,22.03CRVMinnenParallax,500,EUR,Confirmed,Under €1k,303000,606,Confirmed,,,TL,Timed,Timed,,,24 hours,09. Fully completed,0,,,2022-02-22,,,,2022-02-23,,2022-Q1,,Archival pigment print on Hahnemühle Museum Etching matt paper 350gsm,,Paper size 75.02 x 51.33 cm / Image size: 69.94 x 46.25 cm,"Signed and dated (from left to right) in the following way: ""AP Parallax van Minnen 2022”",,,No framing option,Tier 2,,REPEAT,,,,,,,,,
308,AUBREYLEV-308,Aubrey Levinthal,Bed/Beach,,22.02ALevinthalBed/Beach,575,EUR,Confirmed,Under €1k,11500,20,Confirmed,,,PE,Public,Limited,Hybrid print,,n/a,09. Fully completed,0,,,2022-02-24,,,,,,2022-Q1,,Archival pigment print with two silkscreen layers on Somerset enhanced radiant white 500gsm paper,,38.1cm x 45.6cm (image size 28.1cm x 35.6cm),"Signed and dated (2022) on the right hand corner, and numbered on the left",,,No framing option,Tier 3,,REPEAT,,,,,,,,,
306,GEORGEROU-306,George Rouy,Keeping it for Myself,,24.2GeorgerouMyself,750,EUR,Confirmed,Under €1k,37500,50,Confirmed,,,PE,Public,Limited,Silkscreen print,,n/a,09. Fully completed,0,,,2022-02-24,,,,,,2022-Q1,,Hand-made 21 layer screenprint on Somerset satin 300gsm paper with a matte finish.,,68 x 53 cm,,,,No framing option,Tier 3,,REPEAT,,,,,,,,,
241,TIDE-241,TIDE,NITE NITE (Black),,22.03TIDENITENITE,4000,EUR,Confirmed,€2.5k to €5k,200000,50,Confirmed,,,SE,Public,Limited,Mid cost 3D edition,,n/a,09. Fully completed,Black,,,2022-03-03,,,,,Date confirmed (fully confirmed with artist),2022-Q1,,Bronze sculpture finished with black automotive paint,,30 x 26 x 27 cm,"Engraved and numbered on the bottom of the sculpture, below the pillow that the character's arm is resting on",,,No framing option,Tier 2,,REPEAT,,,,,,,,,
691,TIDE-691,TIDE,NITE NITE (White),,22.03TIDENITENITE,4000,EUR,Confirmed,€2.5k to €5k,200000,50,Confirmed,,,SE,Public,Limited,Mid cost 3D edition,,n/a,09. Fully completed,White,,,2022-03-03,,,,,Date confirmed (fully confirmed with artist),2022-Q1,,Bronze sculpture finished with white automotive paint,,30 x 26 x 27 cm,"Engraved and numbered on the bottom of the sculpture, below the pillow that the character's arm is resting on",,,No framing option,Tier 2,,REPEAT,,,,,,,,,
565,JESSIEMAK-565,Jessie Makinson,Stay here while I get a curse,,22.03InternationalWomensWeek,850,EUR,Confirmed,Under €1k,42500,50,Confirmed,,,PE,Public,Limited,Silkscreen print,,n/a,09. Fully completed,0,,,2022-03-07,,,,,,2022-Q1,,Hand-made 26 colour silkscreen with UV spot colours and varnishes on Somerset Special Makings Radiant White Satin 500gsm paper,,100 x 82 cm,Signed by the artist on the reverse of the print,,,No framing option,Tier 3,,REPEAT,,,,,,,,,
318,STICKYMONG-318,Stickymonger,Sweet Junkfood,,22.03InternationalWomensWeek,1500,EUR,Confirmed,€1k to €2.5k,112500,75,Confirmed,,,PE,Public,Limited,Silkscreen print,,n/a,09. Fully completed,0,,,2022-03-08,,,,,,2022-Q1,,"Hand-made 16 layer screenprint, with neon yellow, holographic sparkle and pearl white detailing on Somerset Satin 300gsm paper with deckled edges",,100 x 70 cm,,,,Framed on order,Tier 2,,REPEAT,,,,,,,,,
240,ARGHAVANK-240,Arghavan Khosravi,The Morning Light,,22.03InternationalWomensWeek,3000,EUR,Confirmed,€2.5k to €5k,60000,20,Confirmed,,,PE,Public,Limited,Complex print,,n/a,09. Fully completed,0,,,2022-03-09,,,,,,2022-Q1,,"Hand-made archival pigment print collaged on a natural linen covered sketchbook, airbrushed with acrylic and oil, and mounted on natural woven rayon cloth on plywood board with leather cord",,49.3 x 28.5 x 6 cm,Signed COA mounted on the reverse,,,No framing option,Tier 2,,REPEAT,,,,,,,,,
405,ESIRIERHE-405,Esiri Erheriene-Essi,And All of My Friends Were There,,22.03InternationalWomensWeek,1000,EUR,Confirmed,€1k to €2.5k,35000,35,Confirmed,,,PE,Public,Limited,Silkscreen print,,n/a,09. Fully completed,0,,,2022-03-10,,,,,,2022-Q1,,"Hand-made 13 layer silkscreen, with 8 layers uniquely hand-painted by the artist, then screen printed onto Somerset Satin White 300gsm paper",,86 x 60 cm,Signed by the artist on the front of the print (see product images),,,No framing option,Tier 3,,REPEAT,,,,,,,,,
309,SUPERFUTU-309,Super Future Kid,I beg your Garden,,22.03InternationalWomensWeek,1500,EUR,Confirmed,€1k to €2.5k,150000,100,Confirmed,,,PE,Public,Limited,Hybrid print,,n/a,09. Fully completed,0,,,2022-03-11,,,,,,2022-Q1,,"Medium line: 'Archival pigment print with 26 hand-pulled silkscreen layers, including glow-in-the-dark inks, high gloss varnishes and glitter layers on Somerset Enhanced Radiant White Satin 505gsm paper.' Full details: \- Trim: 1000mm x 840mm (full bleed) \- Paper: Somerset Enhanced Radiant White Satin 505gsm \- Silkscreen layers: Green phosphorescent ink (3 layers), Blue phosphorescent ink (3 layers), UV white (4 layers), Matte varnish + sparkle (2 layers), UV high gloss varnish (4 layers), 5 glitters - blue, pink, gold, purple, red (2 layers, total 10). A layer of adhesive is screenprinted, then the glitter applied for each individual. Each colour is printed in 2 layers to build up a dense layer of glitter, total of 10 layers) \- 10 colours (including glitters) printed in 26 layers",,84 x 100cm,,,,Framed on order,Tier 3,,REPEAT,,,,,,,,,
1188,ANTONIASH-1188,Antonia Showering,Siblings,,2022.03ANTONIASHPE,1600,EUR,,€1k to €2.5k,56000,35,,,,PE,,Limited,,,n/a,09. Fully completed,,,,2022-03-12,,,,,,2022-Q1,,,,,,,,,Tier 2,,REPEAT,0.8,,,,,,,,
483,TOMOKAZUM-483,Tomokazu Matsuyama,Clocks Daylight Jump,,16.03MatsuClocks,3800,EUR,Confirmed,€2.5k to €5k,380000,100,Confirmed,,,PE,Draw,Limited,Hybrid print,,n/a,09. Fully completed,0,,,2022-03-16,,,,,Date confirmed (fully confirmed with artist),2022-Q1,,"Archival pigment print with screen printed ink, hand applied gold and silver leaf and high gloss varnish, cut to colour, printed on Somerset 505gsm enhanced satin paper.",,89 x 81.1 cm,,,,Framed on order,Tier 2,,REPEAT,1,,,,,,,,
407,JAMESJEAN-407,James Jean,Maze - Marble (Black Rhodium),,18.03JJeanBlackMaze,40000,EUR,Confirmed,Over €5k,320000,8,Confirmed,,,SE,,Limited,High cost 3D edition,,n/a,09. Fully completed,0,,,2022-03-18,,,,,Date confirmed (fully confirmed with artist),2022-Q1,,Statuario marble sculpture with black rhodium plated brass maze disc and hand piece,,71 x 54 x 39 cm,Engraved signature and number on the side of the base,,,No framing option,Tier 1,,REPEAT,,,,,,,,,
409,JAMESJEAN-409,James Jean,Woodcutter - Marble (Black Rhodium),,18.03JJeanWoodblack,40000,EUR,Confirmed,Over €5k,320000,8,Confirmed,,,SE,,Limited,High cost 3D edition,,n/a,09. Fully completed,0,,,2022-03-18,,,,,Date confirmed (fully confirmed with artist),2022-Q1,,Statuario marble sculpture with black rhodium plated brass face caps,,65 x 38 x 33 cm,,,,No framing option,Tier 1,,REPEAT,,,,,,,,,
221,GISELAMCD-221,Gisela McDaniel,Are you watching?,,24.3GiselaWatching?,4000,EUR,Confirmed,€2.5k to €5k,120000,30,Confirmed,,,HFPE,Public,Limited,Hybrid print,,n/a,09. Fully completed,0,,,2022-03-24,,,,,,2022-Q1,,"Archival pigment print with four silkscreen layers in neon and a bespoke, artist-designed high-build varnish layer, printed on 310gsm Photorag paper. Each print is uniquely hand-finished by the artist using acrylic paint, shells and beads.",,103 x 70 cm,,,true,Full Edition Framed,Tier 3,,REPEAT,,,,,,,,,
577,KHARITURN-577,Khari Turner,Rest and Wellness,,24.03KTurnerRestwellness,4500,EUR,Confirmed,€2.5k to €5k,135000,30,Confirmed,,,HFPE,Public,Limited,Silkscreen print,,n/a,09. Fully completed,0,,,2022-03-24,,,,,,2022-Q1,,"12 colour silkscreen on 4 ply Rising Museum Board, with bespoke hand-finishing by the artist with wax pastels, paint mixed with sand and collaged wood veneer.",,106.7 x 106.7 cm,,,true,Full Edition Framed,Tier 3,,REPEAT,,,,,,,,,
222,PATRICKQU-222,Patrick Quarm,Twilight (Blue),,22.04PQuarmTwilight,3500,EUR,Confirmed,€2.5k to €5k,52500,15,Confirmed,,,HFPE,Public,Limited,Hybrid print,,n/a,09. Fully completed,Blue,,,2022-03-24,,,,,,2022-Q1,,"Archival pigment print in ultra chrome pro ink, printed on Somerset 330gsm enhanced satin and Fabriano 210gsm paper with a shaped cut edge. The works are finished with screenprinted satin varnish, embossing and collage, then uniquely hand-embellished by the artist in blue paint.",,74.1 x 64.2 cm (curved edges),"Signed and dated on the right hand side of the print, and numbered on the left.",,true,Full Edition Framed,Tier 3,,REPEAT,,,,,,,,,
776,PATRICKQU-776,Patrick Quarm,Twilight (Yellow),,22.04PQuarmTwilight,3500,EUR,Confirmed,€2.5k to €5k,52500,15,Confirmed,,,HFPE,Public,Limited,Hybrid print,,n/a,09. Fully completed,Yellow,,,2022-03-24,,,,,,2022-Q1,,"Archival pigment print in ultra chrome pro ink, printed on Somerset 330gsm enhanced satin and Fabriano 210gsm paper with a shaped cut edge. The works are finished with screenprinted satin varnish, embossing and collage, then uniquely hand-embellished by the artist in blue paint.",,74.1 x 64.2 cm (curved edges),"Signed and dated on the right hand side of the print, and numbered on the left.",,true,Full Edition Framed,Tier 3,,REPEAT,,,,,,,,,
249,HEBRUBRAN-249,Hebru Brantley,Free Advice,,22.03HbrantleyFreeAdviceLarge,35000,EUR,Confirmed,Over €5k,280000,8,Confirmed,,,SE,Enquiry,Limited,High cost 3D edition,,n/a,09. Fully completed,0,,,2022-03-29,,,,,,2022-Q1,,Bronze sculpture finished with urethane paint,,100 x 40 x 40 cm,,,,No framing option,Tier 2,,REPEAT,,,,,,,,,
344,FELIXTREA-344,Felix Treadwell,Silent Commuter,,30.3FelixSilent,900,EUR,Confirmed,Under €1k,72000,80,Confirmed,,,PE,Public,Limited,Silkscreen print,,n/a,09. Fully completed,0,,,2022-03-30,,,,,,2022-Q1,,Hand-made 25-layer screenprint on Somerset Satin White 300gsm paper,,80 x 62 cm,,,,No framing option,Tier 3,,REPEAT,,,,,,,,,
258,MARKWHALE-258,Mark Whalen,Lucky Charm,,30.03MWhalenLuckyCharm,5500,EUR,Confirmed,Over €5k,137500,25,Confirmed,,,SE,Public,Limited,High cost 3D edition,,n/a,09. Fully completed,0,,,2022-03-30,,,,,,2022-Q1,,Polyurethane with gold chrome detail on aluminium,,23.4 x 25.4 x 15.88 cm,Edition number etched by artist on the underside of sculpture.,,,No framing option,Tier 2,,REPEAT,,,,,,,,,
664,NESSGRAPHI-664,NessGraphics,G4M3OV3R,,2022.03NESSGRAPHNFT,3100,EUR,Confirmed,€2.5k to €5k,310000,100,,,,NFT,NFT,Limited,,,n/a,09. Fully completed,,,,2022-03-30,,,,,Date confirmed (fully confirmed with artist),2022-Q1,,,,,,,,,Tier 3,,REPEAT,,,,,,,,,
697,NIGELHOWL-697,Nigel Howlett,Submission,,22.03NHowlettFaceBeforeYouWereBorn,3500,EUR,Confirmed,€2.5k to €5k,175000,50,Confirmed,,,HFPE,Public,Limited,Complex print,,n/a,09. Fully completed,0,,,2022-03-31,,,,,,2022-Q1,,"Photopolymer gravure print on Somerset Satin White 300gsm paper, hand-finished by the artist with carbon and compressed charcoal. The print is paired with ​​a copy of The Face Before You Were Born - Special Collector’s Edition, signed by the artist. Book cover features black foiling and edging. Illustrations are printed on Heaven 42 170gsm, Offenbach Bible 80gsm and Symbol Tatami white 150gsm papers. Arrives packed in a bespoke-design box. Foreword and essays by Millie Walton, photography by James Bryant, designed by Punkt and printed by Generation Press, London.",,Print: 47 x 41.6 cm / Book: 26.7 x 20.7 x 1.9 cm,"Editioned below image left corner, title in centre below image, signed and dated below right corner of image.",,true,Full Edition Framed,Tier 3,,REPEAT,,,,,,,,,
696,NIGELHOWL-696,Nigel Howlett,The Face Before You Were Born,,22.03NHowlettFaceBeforeYouWereBorn,85,EUR,Confirmed,Under €1k,25500,300,Confirmed,,,CL,Public,Limited,Low cost 3D edition,,n/a,09. Fully completed,0,,,2022-03-31,,,,,,2022-Q1,,"Limited edition art book, with illustrations printed on Heaven 42 170gsm, Offenbach Bible 80gsm, and Symbol Tatami white 150gsm papers. Foreword and essays by Millie Walton, photography by James Bryant, designed by Punkt and printed by Generation Press, London.",,26.7 x 20.7 x 1.9 cm,NONE,,,No framing option,Tier 3,,REPEAT,,,,,,,,,
558,NIGELHOWL-558,Nigel Howlett,The Face Before You Were Born (Signed Collector's Edition),,22.03NHowlettFaceBeforeYouWereBorn,250,EUR,Confirmed,Under €1k,31250,125,Confirmed,,,CL,Public,Limited,Low cost 3D edition,,n/a,09. Fully completed,0,,,2022-03-31,,,,,,2022-Q1,,"Special collector’s edition art book, with a cover featuring black foiling and edging. Illustrations are printed on Heaven 42 170gsm, Offenbach Bible 80gsm and Symbol Tatami white 150gsm papers. Arrives packed in a bespoke-design box. Foreword and essays by Millie Walton, photography by James Bryant, designed by Punkt and printed by Generation Press, London.",,26.7 x 20.7 x 1.9 cm,Signed and numbered on the first page,,,No framing option,Tier 3,,REPEAT,,,,,,,,,
248,HEBRUBRAN-248,Hebru Brantley,Free Advice,,22.03HbrantleyFreeAdviceSmall,7500,EUR,Confirmed,Over €5k,450000,60,Confirmed,,,SE,Public,Limited,High cost 3D edition,,n/a,09. Fully completed,0,,,2022-04-01,,,,,,2022-Q2,,Bronze sculpture finished with urethane paint,,35 x 14 x 14.2 cm,Signature and number engraved on the underside of the foot,,,No framing option,Tier 2,,REPEAT,,,,,,,,,
521,ADRIANAOL-521,Adriana Oliver,Our Day,Confirmed,22.04AOliverOurDay,1600,EUR,Confirmed,€1k to €2.5k,160000,100,Confirmed,,,PE,Draw,Limited,Silkscreen print,,n/a,09. Fully completed,0,,,2022-04-25,,,,,,2022-Q2,,"Hand-made, 10-colour screen print with a seal varnish on Somerset 310gsm satin white paper and float mounted inside a round, black, solid wood frame with UV plexiglass.",,70 cm ø,,,,Full Edition Framed,Tier 3,,REPEAT,,,,,,,,,
841,PAULINSEC-841,Paul Insect,Peace,,28.04PInsectPeace,250,EUR,Confirmed,Under €1k,67250,269,Confirmed,,,TL,Timed,Timed,Silkscreen print,,n/a,09. Fully completed,,,,2022-04-28,,,,,Date confirmed (fully confirmed with artist),2022-Q2,,Hand-made 2 layer silkscreen upon Somerset Tub Sized Regular White 410gsm paper plus Offset litho print upon Blue Back Campaign 115gsm paper (litho print 60 x 45cm),,Silkscreen Print 76 x 57.5 cm / Offset Litho Print 60 x 45cm,,,,,Tier 3,,REPEAT,,,,,,,,,
322,STICKYMONG-322,Stickymonger,Midnight Ride,Confirmed,22.05StickymongerTondos,1500,EUR,Confirmed,€1k to €2.5k,75000,50,Confirmed,,,PE,Draw,Limited,Silkscreen print,,n/a,09. Fully completed,0,,,2022-05-04,,,,,,2022-Q2,,"Hand-made 14-layer silkscreen on Somerset satin White 300gms with deckled edges, finished with silver sparkle, blue metallic and white pearl detailing.",,66cm ø,TBC,,,Full Edition Framed,Tier 2,,REPEAT,,,,,,,,,
652,STICKYMONG-652,Stickymonger,Waiting - West 4th,Confirmed,22.05StickymongerTondos,1500,EUR,Confirmed,€1k to €2.5k,75000,50,Confirmed,,,PE,Draw,Limited,Silkscreen print,,n/a,09. Fully completed,0,,,2022-05-04,,,,,,2022-Q2,,"Hand-made 13-layer silkscreen on Somerset satin White 300grms with deckled edges, finished with gold sparkle and white pearl detailing.",,66cm ø,TBC,,,Full Edition Framed,Tier 2,,REPEAT,,,,,,,,,
434,IMONBOY-434,Imon Boy,"5 Works on Paper - see description for titles and work details framing: Light oak frame with UV plexi, float mounted with a 3 cm visible gap",,2022.05IMONBOY-4WP,850,EUR,Confirmed,Under €1k,4250,5,Confirmed,,,WP,Private,Limited,Unique work,,n/a,09. Fully completed,0,,,2022-05-06,,,,,,2022-Q2,,Boxeo Pen 21 x 30cm 2021 Fresita Pencils 21 x 30cm 2021 Paw! Acrylic feltpens 26 x 17cm 2021 Mi cuarentena Mixed media 22 x 15cm 2021 Cuidando las plantas Pen 15 x 21cm 2021,,See description,,,,Full Edition Framed,Tier 3,,REPEAT,,,,,,,,,
527,IMONBOY-527,Imon Boy,Besito,,22.05IBoyWP/OG/PE,650,EUR,Confirmed,Under €1k,13000,20,Confirmed,,,PE,Public,Limited,Silkscreen print,,n/a,09. Fully completed,0,,,2022-05-06,,,,,,2022-Q2,,6-layer screen print on Somerset Satin White 300 gsm paper with unique hand-finishing by the artist in acrylic paint,,87 X 70cm,signed + numbered in bottom right corner (no date),,,No framing option,Tier 3,,REPEAT,,,,,,,,,
526,IMONBOY-526,Imon Boy,"PRELUDE TO KISS, 2021",,22.05IBoyWP/OG/PE,4500,EUR,Confirmed,€2.5k to €5k,4500,1,Confirmed,,,OG,Private,Limited,Unique work,,n/a,09. Fully completed,0,,,2022-05-06,,,,,,2022-Q2,,One original painting - full description TBC,,100 x 80 cm,Signed on the back of the canvas,,,No framing option,Tier 3,,REPEAT,,,,,,,,,
424,CRISTINAD-424,Cristina de Miguel,Two figures in the wind,Confirmed,22.05CdMiguelTwoFigures,2750,EUR,Confirmed,€2.5k to €5k,68750,25,Confirmed,,,HFPE,Public,Limited,Silkscreen print,,n/a,09. Fully completed,0,,,2022-05-09,,,,,,2022-Q2,,"Hand-pulled 12-colour silkscreen on 320gsm Coventry Rag White paper, uniquely hand-finished by the artist in oil stick.",Confirmed,101.6 × 76.2 cm,"Signed on lower right corner, editioned on lower left corner",,true,Framed on order,Tier 3,,REPEAT,,,,,,,,,
640,NIKKIMALO-640,Nikki Maloof,Oranges,Confirmed,09.05NikkiMaloOranges,1650,EUR,Confirmed,€1k to €2.5k,33000,20,Confirmed,,,HFPE,Public,Limited,Silkscreen print,,n/a,09. Fully completed,,,,2022-05-09,,,,,,2022-Q2,,"13-colour silkscreen on 320gsm Coventry Rag White paper, uniquely hand-finished by the artist with coloured pencil and collaged elements of gouache on paper.",,Paper size incl. border: 60.96 × 86.36cm,,,true,Framed on order,Tier 3,,REPEAT,,,,,,,,,
566,MR.STARCI-566,Mr. StarCity,Holding Onto Faith,Confirmed,22.05Mr.StarCityPE/SE,3500,EUR,Confirmed,€2.5k to €5k,140000,40,Confirmed,,,PE,Public,Limited,Silkscreen print,,n/a,09. Fully completed,0,,,2022-05-12,,,,,,2022-Q2,,Hand-made 15-colour screen print on Somerset Tub Sized White 600gsm paper with unique hand-finishing by the artist in acrylic paint mixed with soil and sand,,72.5 × 70cm,signed and numbered lower right,,,Framed on order,Tier 3,,REPEAT,,,,,,,,,
509,MR.STARCI-509,Mr. StarCity,The People I’ve Never Met,Confirmed,22.05Mr.StarCityPE/SE,4500,EUR,Confirmed,€2.5k to €5k,90000,20,Confirmed,,,SE,Public,Limited,Mid cost 3D edition,,n/a,09. Fully completed,0,,,2022-05-12,,,,,,2022-Q2,,"Hand-made glass vase and stems, coloured sand and assorted fabric hats featuring micro-fibre fabrics, artificial leathers, flexible vinyls and felts",,Vase (approx.): 29.0 cm (H) x 19.0 cm (W) Total (approx.): 53.0 cm (H) x 37.0 cm (W),,,,No framing option,Tier 3,,REPEAT,,,,,,,,,
679,RYOLAKSAM-679,Ryo Laksamana,FELAX,Confirmed,22.05RLaksamanaPEs,850,EUR,Confirmed,Under €1k,21250,25,Confirmed,,,PE,Draw,Limited,Hybrid print,,n/a,09. Fully completed,0,,,2022-05-16,,,,,,2022-Q2,,"Giclee print on 310gr hahnemuhhle photorag, two layers high efficiency glow in the dark, sugarcoating handprinted, screen printed embellishments, hand finished by the artist",,100 × 80 cm,,,,No framing option,Tier 2,,REPEAT,,,,,,,,,
692,RYOLAKSAM-692,Ryo Laksamana,RABBIT CAR ON THE HEAD,Confirmed,22.05RLaksamanaPEs,850,EUR,Confirmed,Under €1k,21250,25,Confirmed,,,PE,Draw,Limited,Hybrid print,,n/a,09. Fully completed,0,,,2022-05-16,,,,,,2022-Q2,,"Giclee print on 310gr hahnemuhhle photorag, two layers high efficiency glow in the dark, sugarcoating handprinted, screen printed embellishments, hand finished by the artist",,100 × 80 cm,,,,No framing option,Tier 2,,REPEAT,,,,,,,,,
266,PETERHALL-266,Peter Halley,Galaxia II,Pending,23.05PHallGalaxia,4000,EUR,Confirmed,€2.5k to €5k,160000,40,Confirmed,,,PE,Public,Limited,Complex print,,n/a,09. Fully completed,,,,2022-05-23,,,,,Date confirmed (fully confirmed with artist),2022-Q2,,Multiprocess print on 300gsm Gmund paper and mounted onto 4 ply Rising Museum Board,,50.8 × 69.85 cm,,,,Framed on order,Tier 3,,REPEAT,,,,,,,,,
511,ANNAWEYAN-511,Anna Weyant,Loose Screw,Confirmed,22.05AWeyantLooseScrew,6000,EUR,Confirmed,Over €5k,90000,15,Confirmed,,,PE,Public,Limited,Silkscreen print,,n/a,09. Fully completed,0,,,2022-05-26,,,,,,2022-Q2,,Hand-pulled lithograph on 300gsm Somerset Satin White paper,,Image size: 30.5 × 22.9 cm / Paper size: 41.9 × 32.7 cm,"signature and date lower right; edition lower left, all pencil",,,Full Edition Framed,Tier 2,,REPEAT,,,,,,,,,
373,JOHNSONTS-373,Johnson Tsang,Searching for Spring,Confirmed,30/05JTangSearchingSpring,500,EUR,Confirmed,Under €1k,125000,250,Confirmed,,,SE,Public,Limited,Low cost 3D edition,,n/a,09. Fully completed,0,,,2022-05-30,,,,,Date confirmed (fully confirmed with artist),2022-Q2,,Resin cast sculpture with a matte spray paint finish.,,30 x 20 x 13cm,Signed at the back. Unnumbered!,,,No framing option,Tier 2,,REPEAT,,,,,,,,,
690,RAFAMACAR-690,Rafa Macarrón,Fabula,Confirmed,22.05RMacarronDogs,12000,EUR,Confirmed,Over €5k,360000,30,Confirmed,,,SE,Enquiry,Limited,High cost 3D edition,,n/a,09. Fully completed,Black,,,2022-05-30,,,,,Date confirmed (fully confirmed with artist),2022-Q2,,Black patinated bronze sculpture with black patina finish,,41.7 x 86.5 x 18.3 cm,"Number edition, year, signature",,,No framing option,Tier 3,,REPEAT,,,,,,,,,
570,RAFAMACAR-570,Rafa Macarrón,Indi,Confirmed,22.05RMacarronDogs,12000,EUR,Confirmed,Over €5k,360000,30,Confirmed,,,SE,Enquiry,Limited,High cost 3D edition,,n/a,09. Fully completed,Gold,,,2022-05-30,,,,,Date confirmed (fully confirmed with artist),2022-Q2,,Brushed bronze sculpture,,41.7 x 86.5 x 18.3 cm,"Number edition, year, signature",,,No framing option,Tier 3,,REPEAT,,,,,,,,,
255,TAKAHIROK-255,Takahiro Komuro,Ground Dragon,Confirmed,31.05TKomuroGroundDragon,6000,EUR,Confirmed,Over €5k,180000,30,Estimate,,,SE,Public,Limited,High cost 3D edition,,n/a,09. Fully completed,0,,,2022-05-31,,,,,,2022-Q2,,Bronze sculpture finished with iridescent paint,,30 × 23.8 × 13.5 cm,"signature engraving underneath his right foot, ""made in japan"" and numbering on his underneath his left foot",,,No framing option,Tier 3,,REPEAT,,,,,,,,,
619,GINABEAVE-619,Gina Beavers,Painting hearts and Ab-Exers on my lips,Confirmed,6.6Ginabeavehearts,2000,EUR,Confirmed,€1k to €2.5k,60000,30,Confirmed,,,HFPE,Public,Limited,Silkscreen print,,n/a,09. Fully completed,0,,,2022-06-06,,,,,,2022-Q2,,"15-colour silkscreen on white 2-ply Rising Museum Board, including metallic ink and black-spot varnish, uniquely hand-finished by the artist with oil stick",,80 x 81.3 cm,,,true,Framed on order,Tier 3,,REPEAT,,,,,,,,,
563,ANGELOTER-563,Angel Otero,Broken Record,Confirmed,22.06AOteroBrokenRecord,4000,EUR,Confirmed,€2.5k to €5k,100000,25,Confirmed,,,HFPE,Public,Limited,Hybrid print,,n/a,09. Fully completed,0,,,2022-06-07,,,,,,2022-Q2,,"Medium line: Archival pigment print on 310gsm Hahnemühle German Etching paper with 9 silkscreen layers and unique hand-finishing by the artist in wax coloured pencils and paint markers More details: \- 9 silkscreen layers (Yellow, Orange, Peach , Green, Magenta, Red , Dark Blue, White, Gloss overprint clear) \- Printed full bleed \- Hand-finished by the artist in in Stabilo Woody pencils and Sakura solid markers.",,79.3 x 105.3 cm,"numbered in the left bottom corner, signed and dated in the right bottom corner.",,true,Framed on order,Tier 3,,REPEAT,,,,,,,,,
449,SHAINAMCC-449,Shaina McCoy,Hoops,Confirmed,09.06SMcCoyHoops,2200,EUR,Confirmed,€1k to €2.5k,55000,25,Confirmed,,,PE,Public,Limited,Silkscreen print,,n/a,09. Fully completed,0,,,2022-06-09,,,,,,2022-Q2,,18 Layer Textured UV Pigment Print with Spot Varnish on 640gsm Lana Hot Press Paper,,64.9 x 49.5 cm,"Numbered in left bottom corner, signed and dated right bottom corner",,,Framed on order,Tier 3,,REPEAT,,,,,,,,,
568,AMIRH.FA-568,Amir H. Fallah,Eternal Reflection (Pink),Confirmed,22.06AFallahEternalReflection,3000,EUR,Confirmed,€2.5k to €5k,60000,20,Confirmed,,,PE,Public,Limited,Complex print,,n/a,09. Fully completed,Pink,,,2022-06-13,,,,,Date confirmed (fully confirmed with artist),2022-Q2,,UV pigment print with black sintra backing and integrated wood cleat on a coloured acrylic mirror.,,91.4 × 91.4 × 2.5 cm,,,,No framing option,Tier 3,,REPEAT,,,,,,,,,
852,AMIRH.FA-852,Amir H. Fallah,Eternal Reflection (Purple),Confirmed,22.06AFallahEternalReflection,3000,EUR,Confirmed,€2.5k to €5k,60000,20,Confirmed,,,PE,Public,Limited,Complex print,,n/a,09. Fully completed,Purple,,,2022-06-13,,,,,Date confirmed (fully confirmed with artist),2022-Q2,,UV pigment print with black sintra backing and integrated wood cleat on a coloured acrylic mirror.,,91.4 × 91.4 × 2.5 cm,,,,No framing option,Tier 3,,REPEAT,,,,,,,,,
853,AMIRH.FA-853,Amir H. Fallah,Eternal Reflection (Teal),Confirmed,22.06AFallahEternalReflection,3000,EUR,Confirmed,€2.5k to €5k,60000,20,Confirmed,,,PE,Public,Limited,Complex print,,n/a,09. Fully completed,Teal,,,2022-06-13,,,,,Date confirmed (fully confirmed with artist),2022-Q2,,UV pigment print with black sintra backing and integrated wood cleat on a coloured acrylic mirror.,,91.4 × 91.4 × 2.5 cm,,,,No framing option,Tier 3,,REPEAT,,,,,,,,,
851,AMIRH.FA-851,Amir H. Fallah,Eternal Reflection (Yellow),Confirmed,22.06AFallahEternalReflection,3000,EUR,Confirmed,€2.5k to €5k,60000,20,Confirmed,,,PE,Public,Limited,Complex print,,n/a,09. Fully completed,Yellow,,,2022-06-13,,,,,Date confirmed (fully confirmed with artist),2022-Q2,,UV pigment print with black sintra backing and integrated wood cleat on a coloured acrylic mirror.,,91.4 × 91.4 × 2.5 cm,,,,No framing option,Tier 3,,REPEAT,,,,,,,,,
517,JULIANSCH-517,Julian Schnabel,The Swedish House,Confirmed,13.06JulianSTheSwedishHouse,44000,EUR,Confirmed,Over €5k,440000,10,Confirmed,,,HFPE,Enquiry,Limited,Complex print,,n/a,09. Fully completed,0,,,2022-06-13,,,,,Date confirmed (fully confirmed with artist),2022-Q2,,"Archival pigment print on Arches Cold Pressed Cotton Rag Paper, 350gsm with deckled edges. The works are uniquely hand-finished by the artist, with a layer of resin poured on to the surface and white oil paint.",,173 × 130cm,"Numbered on the left hand side, signed and dated on the right",,true,No framing option,Tier 2,,REPEAT,,,,,,,,,
468,KWESIBOTC-468,Kwesi Botchway,Lady with a Tampi,Confirmed,15.06KwesiTampi,3500,EUR,Confirmed,€2.5k to €5k,140000,40,Confirmed,,,HFPE,Public,Limited,Silkscreen print,,n/a,09. Fully completed,0,,,2022-06-15,,,,,,2022-Q2,,"57-layer hand-pulled silkscreen print, including bespoke silver ink with fine glitter sparkle printed on Somerset Tub Sized Radiant White 410gsm paper. Uniquely hand-finished by the artist in acrylic paint.",,110.5 x 95.7 cm (deckled edges),,,true,Framed on order,Tier 3,,REPEAT,,,,,,,,,
260,CLEONPETE-260,Cleon Peterson,The Return,Confirmed,22.06CPetersonTheReturn,6000,EUR,Confirmed,Over €5k,150000,25,Confirmed,,,SE,Public,Limited,High cost 3D edition,,n/a,09. Fully completed,0,,,2022-06-20,,,,,Date confirmed (fully confirmed with artist),2022-Q2,,Bronze sculpture with aluminum base,,"30.7 x 35 x 11.8 cm (W: 35 cm, D: 11.8 cm H: 30.7 cm)",,,,No framing option,Tier 3,,REPEAT,,,,,,,,,
593,CLEONPETE-593,Cleon Peterson,"The Return, in Aeternum",Confirmed,22.06CPetersonTheReturn,15000,EUR,Confirmed,Over €5k,150000,10,Confirmed,,,SE,Public,Limited,High cost 3D edition,,n/a,09. Fully completed,0,,,2022-06-20,,,,,Date confirmed (fully confirmed with artist),2022-Q2,,Bronze sculpture with aluminum base,,53.6 x 65.6 x 21 cm,Signed and numbered on the back of the base,,,No framing option,Tier 3,,REPEAT,,,,,,,,,
892,TOMOKAZUM-892,Tomokazu Matsuyama,Perfect All Alone Ironic (Blue),Confirmed,22.06MatsuPerfectAllAlone,950,EUR,Confirmed,Under €1k,71250,75,Confirmed,,,PE,Draw,Limited,Hybrid print,,n/a,09. Fully completed,Blue,,,2022-06-22,,,,,Date confirmed (fully confirmed with artist),2022-Q2,,"Archival pigment print with screen printed white and metallic silver ink on 330gsm Somerset Satin Enhanced paper, finished with a high gloss varnish.",,30cm dia,,,,Framed on order,Tier 2,,REPEAT,1,,,,,,,,
782,TOMOKAZUM-782,Tomokazu Matsuyama,Perfect All Alone Ironic (Orange),Confirmed,22.06MatsuPerfectAllAlone,950,EUR,Confirmed,Under €1k,71250,75,Confirmed,,,PE,Draw,Limited,Hybrid print,,n/a,09. Fully completed,Orange,,,2022-06-22,,,,,Date confirmed (fully confirmed with artist),2022-Q2,,"Archival pigment print with screen printed white and metallic gold ink on 330gsm Somerset Satin Enhanced paper, finished with a high gloss varnish.",,30cm dia,,,,Framed on order,Tier 2,,REPEAT,1,,,,,,,,
450,NICOLASHO-450,Nicolas Holiber,Mask of a Woman (Green Patina),Confirmed,22.06NHoliberMasks,3750,EUR,Confirmed,€2.5k to €5k,18750,5,Confirmed,,,SE,Public,Limited,Mid cost 3D edition,,n/a,09. Fully completed,Green,,,2022-06-23,,,,,Date confirmed (fully confirmed with artist),2022-Q2,,Bronze sculpture with green patina finish,,28.7 x 21.8 x 2 cm,engraved with his signature and the edition number on the back,,,No framing option,Tier 3,,REPEAT,,,,,,,,,
883,NICOLASHO-883,Nicolas Holiber,Painted Mask,Confirmed,22.06NHoliberMasks,3750,EUR,Confirmed,€2.5k to €5k,18750,5,Confirmed,,,SE,Public,Limited,Mid cost 3D edition,,n/a,09. Fully completed,Black,,,2022-06-23,,,,,Date confirmed (fully confirmed with artist),2022-Q2,,Bronze sculpture with unique hand-finishing by the artist in oil paint,,28.7 x 21.8 x 2 cm,engraved with his signature and the edition number on the back,,,No framing option,Tier 3,Standard contemporary,REPEAT,0.75,,,,,,,,
881,ROBYDWIA-881,Roby Dwi Antono,BULAN,Confirmed,22.06RDAntonoto4xPRINTS,750,EUR,Confirmed,Under €1k,150000,200,Confirmed,,,PE,Draw,Limited,Silkscreen print,,n/a,09. Fully completed,0,,,2022-06-27,,,,,Date confirmed (fully confirmed with artist),2022-Q2,,"23 layer silk screen print, printed in ultra violet curable inks, on Somerset Tub Sized Radiant White 410 gsm",,50 cm x 44 cm,,,,Framed on order,Tier 2,,REPEAT,,,,,,,,,
282,ROBYDWIA-282,Roby Dwi Antono,CLARA,Confirmed,22.06RDAntonoto4xPRINTS,750,EUR,Confirmed,Under €1k,150000,200,Confirmed,,,PE,Draw,Limited,Silkscreen print,,n/a,09. Fully completed,0,,,2022-06-27,,,,,Date confirmed (fully confirmed with artist),2022-Q2,,"25 layer silk screen print, printed with ultra violet curable inks, on Somerset Tub Sized Radiant White 410 gsm",,50 cm x 44 cm,,,,Framed on order,Tier 2,,REPEAT,,,,,,,,,
879,ROBYDWIA-879,Roby Dwi Antono,KINASIH,Confirmed,22.06RDAntonoto4xPRINTS,750,EUR,Confirmed,Under €1k,150000,200,Confirmed,,,PE,Draw,Limited,Silkscreen print,,n/a,09. Fully completed,0,,,2022-06-27,,,,,Date confirmed (fully confirmed with artist),2022-Q2,,"24 layer silk screen print, printed with ultra violet curable inks, on Somerset Tub Sized Radiant White 410 gsm",,50 cm x 44 cm,,,,Framed on order,Tier 2,,REPEAT,,,,,,,,,
880,ROBYDWIA-880,Roby Dwi Antono,OKTA,Confirmed,22.06RDAntonoto4xPRINTS,750,EUR,Confirmed,Under €1k,150000,200,Confirmed,,,PE,Draw,Limited,Silkscreen print,,n/a,09. Fully completed,0,,,2022-06-27,,,,,Date confirmed (fully confirmed with artist),2022-Q2,,"24 layer silk screen print, printed with ultra violet curable inks, on Somerset Tub Sized Radiant White 410 gsm",,50 cm x 44 cm,,,,Framed on order,Tier 2,,REPEAT,,,,,,,,,
191,JIAAILI-191,Jia Aili,The Action of Three Primary Colours,Confirmed,22.06JAiliPEsTAOTPCs,6500,EUR,Confirmed,Over €5k,227500,35,Confirmed,,,PE,Public,Limited,Silkscreen print,,n/a,09. Fully completed,0,,,2022-06-28,,,,,,2022-Q2,,"Archival pigment print with 5 hand-pulled silkscreen overprints plus satin varnish seal, printed in 8 layers on Somerset Enhanced Radiant White Satin 330gsm paper",,120 x 98.4 cm,signed front lower right,,,Framed on order,Tier 3,,REPEAT,,,,,,,,,
727,JIAAILI-727,Jia Aili,The Action of Three Primary Colours (HF),Confirmed,22.06JAiliPEsTAOTPCs,18000,EUR,Confirmed,Over €5k,270000,15,Confirmed,,,HFPE,Public,Limited,Hybrid print,,n/a,09. Fully completed,0,,,2022-06-28,,,,,,2022-Q2,,"Archival pigment print with 5 hand-pulled silkscreen overprints plus satin varnish seal, printed in 8 layers on Somerset Enhanced Radiant White Satin 330gsm paper and with unique hand-finishing by the artist in acrylic paint and marker pen.",,120 x 98.4 cm,on front,,true,Framed on order,Tier 3,,REPEAT,,,,,,,,,
252,JAMESJEAN-252,James Jean,Woodcutter (Bronze),Confirmed,22.06JJWoodcutter,7500,EUR,Confirmed,Over €5k,375000,50,Confirmed,,,SE,Public,Limited,High cost 3D edition,,n/a,09. Fully completed,0,,,2022-06-30,,,,,Date confirmed (fully confirmed with artist),2022-Q2,,Bronze sculpture finished with black paint on a patina base and added mirror polished bronze face caps,,Sculpture: 27 x 12.5 x 14.5cm Base: 16cm⌀,signature and edition number engraved on the side of the base,,,No framing option,Tier 1,,REPEAT,,,,,,,,,
209,PAULINSEC-209,Paul Insect,Sweetie Jar,Confirmed,06.22PinsectSweetieJar,4500,EUR,Confirmed,€2.5k to €5k,112500,25,Confirmed,,,SE,Public,Limited,Mid cost 3D edition,,n/a,09. Fully completed,0,,,2022-06-30,,,,,Date confirmed (fully confirmed with artist),2022-Q2,,"Hand-blown glass sculpture with slump moulded feet. Hand-made steel legs and shoes 13 with blue inside 12 with red inside 3 APs, 1 red inside, 2 blue inside 1 blue AP will be staying at Van Tetterode.",,48 x 15.7 x 16 cm (h x w x d),,,,No framing option,Tier 3,,REPEAT,,,,,,,,,
271,HEINKOH-271,Hein Koh,Reclining Carrot,Confirmed,22.07HKohCarrot,6200,EUR,Confirmed,Over €5k,124000,20,Confirmed,,,SE,Public,Limited,High cost 3D edition,,n/a,09. Fully completed,0,,,2022-07-06,,,,,Date confirmed (fully confirmed with artist),2022-Q3,,Colour patinated bronze sculpture,Confirmed,11.7 x 40.14 x 14.32 cm,Yes - signed and editioned on the base of the sculpture,,,No framing option,Tier 3,,REPEAT,,,,,,,,,
512,KOICHISAT-512,Koichi Sato,Brush Sense of Values,Confirmed,22.07KSatoBrushValues,4000,EUR,Confirmed,€2.5k to €5k,140000,35,Confirmed,,,HFPE,Public,Limited,Silkscreen print,,n/a,09. Fully completed,0,,,2022-07-13,,,,,Date confirmed (fully confirmed with artist),2022-Q3,,"Hand-pulled 45-layer silkscreen print, printed on Saunders Waterford 640gsm deckle edge paper with unique hand-finishing by the artist in acrylic paint",Confirmed,91.4 x 77.5 cm,,,true,Framed on order,Tier 3,,REPEAT,,,,,,,,,
885,A-LEI-885,A-Lei,Magesian,Confirmed,22.07A-leiMagesian,7800,EUR,Confirmed,Over €5k,156000,20,Confirmed,,,SE,Enquiry,Limited,High cost 3D edition,,n/a,09. Fully completed,0,,,2022-07-15,,,,,Date confirmed (fully confirmed with artist),2022-Q3,,Brass Edition,Confirmed,52 x 34.5 x 19 cm,,,,No framing option,Tier 3,,REPEAT,0.5,,,,,,,,
829,ALFIECAIN-829,Alfie Caine,Desk with Shells,Confirmed,22.07StudioWorks,4500,EUR,Confirmed,€2.5k to €5k,9000,2,Confirmed,,,OG,Draw,Limited,Unique work,,n/a,09. Fully completed,0,,,2022-07-20,,,,,Date confirmed (fully confirmed with artist),2022-Q3,,"Spreadsheet [here]( - Hilltop Porch, 2022 (30.5 x 40.6 x 2.28 cm) Flashe and Acrylic on Panel - Desk with Shells, 2022 (30.5 x 40.6 x 2.28 cm) Flashe and Acrylic on Panel",Confirmed,30.5 x 40.6 x 2.28 cm,,,,Full Edition Framed,Tier 3,,REPEAT,0.8,,,,,,,,
874,B.WING-874,B.wing,Studio Works,Confirmed,22.07StudioWorks,3000,EUR,Initial estimate,€2.5k to €5k,9000,3,Confirmed,,,WP,Draw,Limited,Unique work,,n/a,09. Fully completed,0,,,2022-07-20,,,,,Date confirmed (fully confirmed with artist),2022-Q3,,"Spreadsheet [here]( 666 is Her Dog, 2022 Acrylic on 100% cotton Acid free Art Paper 638 g/ms 50.7 x 38 cm Price: 3,470EUR (inc.framing) Boys Don't Cry, 2022 Acrylic on 100% cotton Acid free Art Paper 638 g/ms 76 x 51 cm Price: 4,130EUR (incl. framing) Natalie, 2022 Acrylic on 100% cotton Acid free Art Paper 638 g/ms 50.5 x 38.4 cm Price: 3,470EUR (inc.framing)",Confirmed,See description,TBC,,,Full Edition Framed,Tier 4,,REPEAT,0.8,,,,,,,,
1045,B.WING-1045,B.wing,Studio Works,Confirmed,22.07StudioWorks,1080,EUR,Confirmed,€1k to €2.5k,2160,2,Confirmed,,,OG,Draw,Limited,Unique work,,n/a,09. Fully completed,0,,,2022-07-20,,,,,Date confirmed (fully confirmed with artist),2022-Q3,,"Spreadsheet [here]( Miss Yvonne, My Next Door Neighbour, 2022 Coarse grogged black clay 10.5 x 9.4 x 9.1 cm We Are the World, 2022 White clay stoneware glaze 11.2 x 6.2 x 9.7 cm",Confirmed,11 x 9 x 9 cm,,,,No framing option,Tier 4,,REPEAT,0.8,,,,,,,,
839,BELLNAKAI-839,Bell Nakai,Crypto Princess,Confirmed,22.07StudioWorks,1400,EUR,Confirmed,€1k to €2.5k,1400,1,Confirmed,,,OG,Draw,Limited,Unique work,,n/a,09. Fully completed,0,,,2022-07-20,,,,,Date confirmed (fully confirmed with artist),2022-Q3,,Spreadsheet [here]( Crypto Princess Acrylic painting on Cardboard 52 x 52 cm (framed),Confirmed,52 x 52 cm (framed),Signed on the back of the work (see images in drive),,,Full Edition Framed,Tier 4,,REPEAT,0.8,,,,,,,,
840,LINYEN-LI-840,Lin Yen-Liang,Studio Works,Confirmed,22.07StudioWorks,2050,EUR,Confirmed,€1k to €2.5k,8200,4,Confirmed,,,WP,Public,Limited,Unique work,,n/a,09. Fully completed,,,,2022-07-20,,,,,Date confirmed (fully confirmed with artist),2022-Q3,,See checklist [here]( for full work details,Confirmed,54x39,3 x bottom left + 1x bottom right signatures. No numbering,,,Full Edition Framed,Tier 4,,REPEAT,0.6,,,,,,,,
700,SUN-KYOPA-700,Sun-kyo Park,Studio Works,Confirmed,22.07StudioWorks,2900,EUR,Confirmed,€2.5k to €5k,5800,2,Confirmed,,,WP,Draw,Limited,Unique work,,n/a,09. Fully completed,,,,2022-07-20,,,,,Date confirmed (fully confirmed with artist),2022-Q3,,Spreadsheet [here]( Measure the distance (Right) Acrylic on paper 50 x 50 cm Measure the distance (Left) Acrylic on paper 50 x 50 cm,Confirmed,50 x 50 cm,,,,Full Edition Framed,Tier 4,,REPEAT,0.8,,,,,,,,
359,JAMESJEAN-359,James Jean,Bath - Marble,Confirmed,22.07JJeanBath Marble,40000,EUR,Confirmed,Over €5k,320000,8,Confirmed,,,SE,,Limited,High cost 3D edition,,n/a,09. Fully completed,0,,,2022-07-22,,,,,Date confirmed (fully confirmed with artist),2022-Q3,,Staturio marble sculpture with added gold leaf detailing,Confirmed,65 x 38 x 39 cm,,,,No framing option,Tier 1,,REPEAT,0.13,,,,,,,,
581,JENSTARK-581,Jen Stark,Shape Shift,Confirmed,22.07JStarkShapeShift,1600,EUR,Confirmed,€1k to €2.5k,80000,50,Confirmed,,,PE,Public,Limited,Silkscreen print,,n/a,09. Fully completed,0,,,2022-07-22,,,,,Date confirmed (fully confirmed with artist),2022-Q3,,High quality PETG lenticular lens mounted to 2mm aluminium with an aluminium extrusion hanging system,Confirmed,46.3 x 68.6 x 2.3 cm,,,,No framing option,Tier 3,,REPEAT,1,,,,,,,,
650,JOAKIMOJA-650,Joakim Ojanen,Heartbreaker (Blue),Confirmed,22.07JoakimHeartbreaker,3500,EUR,Confirmed,€2.5k to €5k,105000,30,Confirmed,,,SE,Public,Limited,Mid cost 3D edition,,n/a,09. Fully completed,Blue,,,2022-07-26,,,,,Date confirmed (fully confirmed with artist),2022-Q3,,"Mould blown, hand sculpted glass sculpture with a polished cast brass base",Confirmed,Glass: 28.5 x 17 x 18 cm (Variable) / Brass: 17.5 × 12.5 × 20.5 cm,Brass base engraved (see product images),,,No framing option,Tier 3,,REPEAT,0.8,,,,,,,,
649,JOAKIMOJA-649,Joakim Ojanen,Heartbreaker (Red),Confirmed,22.07JoakimHeartbreaker,3500,EUR,Confirmed,€2.5k to €5k,105000,30,Confirmed,,,SE,Public,Limited,Mid cost 3D edition,,n/a,09. Fully completed,Red,,,2022-07-26,,,,,Date confirmed (fully confirmed with artist),2022-Q3,,"Mould blown, hand sculpted glass sculpture with a polished cast brass base",Confirmed,Glass: 28.5 x 17 x 18 cm (Variable) / Brass: 17.5 × 12.5 × 20.5 cm,Brass base engraved (see product images),,,No framing option,Tier 3,,REPEAT,0.8,,,,,,,,
382,JOAKIMOJA-382,Joakim Ojanen,Heartbreaker (Violet),Confirmed,22.07JoakimHeartbreaker,3500,EUR,Confirmed,€2.5k to €5k,105000,30,Confirmed,,,SE,Public,Limited,Mid cost 3D edition,,n/a,09. Fully completed,Violet,,,2022-07-26,,,,,Date confirmed (fully confirmed with artist),2022-Q3,,"Mould blown, hand sculpted glass sculpture with a polished cast brass base",Confirmed,Glass: 28.5 x 17 x 18 cm (Variable) / Brass: 17.5 × 12.5 × 20.5 cm,Brass base engraved (see product images),,,No framing option,Tier 3,,REPEAT,0.8,,,,,,,,
510,CLAYTONSC-510,Clayton Schiff,Visitor,Confirmed,22.07CSchiffVisitor,750,EUR,Confirmed,Under €1k,22500,30,Confirmed,,,PE,Public,Limited,Silkscreen print,,n/a,09. Fully completed,0,,,2022-07-29,,,,,Date confirmed (fully confirmed with artist),2022-Q3,,23-colour screenprint on Somerset Satin White 410gsm paper with hand-torn edges.,Confirmed,62 x 51 cm (paper size incl. border),,,,Framed on order,Tier 3,,REPEAT,0.8,,,,,,,,
238,DRIFT-238,DRIFT,Sine,Confirmed,22.08DRIFTSINE,7500,EUR,Confirmed,Over €5k,375000,50,Confirmed,,,SE,Public,Limited,High cost 3D edition,,n/a,09. Fully completed,0,,,2022-08-01,,,,,Date confirmed (fully confirmed with artist),2022-Q3,,"Kinetic Sculpture with brass-tipped glass wings, motor, brass loops and transparent nylon thread, in a Corian white frame with LED lights and 5V power socket. Additional details - Powered by motor - Comes with spare motor, 5V/2.4 A Adaptor, 2x wall hooks + installation guide",Confirmed,38 x 76 x 7.6 cm (H x W x D),Embossed artist stamp on lower right corner,,,Full Edition Framed,Tier 2,,REPEAT,0.8,,,,,,,,
319,STICKYMONG-319,Stickymonger,"Thank You, Plastic (Candy)",Confirmed,22.08StickymongerPlastic Bags,2000,EUR,Confirmed,€1k to €2.5k,50000,25,Confirmed,,,PE,Draw,Limited,Silkscreen print,,n/a,09. Fully completed,0,,,2022-08-02,,,,,Date confirmed (fully confirmed with artist),2022-Q3,,4-layer textured UV flatbed print finished with UV spot varnish on 100% recycled plastic made from refrigerators and single-use cutlery then cut to a bespoke asymmetric shape,Confirmed,"71.4 x 57.4 x 2 cm (bespoke asymmetric shape) FYI - 1 cm deep + 1 cm including the hanging baton which is fixed to the piece, so 2cm in total",COA mounted on reverse,,,No framing option,Tier 2,,REPEAT,1,,,,,,,,
654,STICKYMONG-654,Stickymonger,"Thank You, Plastic (Cup Noodle)",Confirmed,22.08StickymongerPlastic Bags,2000,EUR,Confirmed,€1k to €2.5k,50000,25,Confirmed,,,PE,Draw,Limited,Silkscreen print,,n/a,09. Fully completed,0,,,2022-08-02,,,,,Date confirmed (fully confirmed with artist),2022-Q3,,4-layer textured UV flatbed print finished with UV spot varnish on 100% recycled plastic made from refrigerators and single-use cutlery then cut to a bespoke asymmetric shape,Confirmed,"71.2 x 53.1 x 2 cm (bespoke asymmetric shape) FYI - 1 cm deep + 1 cm including the hanging baton which is fixed to the piece, so 2cm in total",COA mounted on reverse,,,No framing option,Tier 2,,REPEAT,1,,,,,,,,
594,ERIKPARKE-594,Erik Parker,Free Ride,Confirmed,22.08EParkerTondoPEs,10000,EUR,Confirmed,Over €5k,150000,15,Confirmed,,,HFPE,Public,Limited,Silkscreen print,,n/a,09. Fully completed,0,,,2022-08-12,,,,,Date confirmed (fully confirmed with artist),2022-Q3,,"41-colour screenprint with seal and finished with spot high gloss varnish, printed on Somerset 410gsm tub size satin paper and cut to a circular shape , uniquely hand-finished by the artist with black acrylic paint",Confirmed,70cm ø,,,true,Full Edition Framed,Tier 2,,REPEAT,1,,,,,,,,
668,ERIKPARKE-668,Erik Parker,New Soul,Confirmed,22.08EParkerTondoPEs,10000,EUR,Confirmed,Over €5k,150000,15,Confirmed,,,HFPE,Public,Limited,Silkscreen print,,n/a,09. Fully completed,0,,,2022-08-12,,,,,Date confirmed (fully confirmed with artist),2022-Q3,,"40-colour screenprint with seal and finished with spot high gloss varnish, printed on Somerset 410gsm tub size satin paper and cut to a circular shape, uniquely hand-finished by the artist with black acrylic paint",Confirmed,70cm ø,,,true,Full Edition Framed,Tier 2,,REPEAT,1,,,,,,,,
340,MAKIKOKUD-340,Makiko Kudo,Nanohana Ramen,Confirmed,22.08MakikoRamen,700,EUR,Confirmed,Under €1k,56000,80,Confirmed,,,PE,Public,Limited,Silkscreen print,,n/a,09. Fully completed,0,,,2022-08-17,,,,,Date confirmed (fully confirmed with artist),2022-Q3,,Archival pigment print on Hahnemühle Agave 290gsm paper with hand torn edges,Confirmed,76 x 61.7cm,,,,Framed on order,Tier 3,,REPEAT,0.9,,,,,,,,
288,MICHAELKA-288,Michael Kagan,[UPDATED - 12 consigned] Saturn V - Print edition,Confirmed,22.08MKaganSaturnV,5000,EUR,Confirmed,€2.5k to €5k,125000,25,Confirmed,,,PE,Public,Limited,Silkscreen print,,n/a,09. Fully completed,0,,,2022-08-24,,,,,Date confirmed (fully confirmed with artist),2022-Q3,,"6 colour hand-pulled silkscreen print, printed in 11 layers on Somerset Tub Sized 600gsm paper.",Confirmed,63.5 x 47.6 cm,on the back,,,Framed on order,Tier 3,,REPEAT,1,,,,,,,,
864,JORDIRIBE-864,Jordi Ribes,Hot blue bath,Confirmed,22.08JRibesHotOrange,2000,EUR,Confirmed,€1k to €2.5k,50000,25,Confirmed,,,PE,Public,Limited,Silkscreen print,,n/a,09. Fully completed,Blue,,,2022-08-30,,,,,Date confirmed (fully confirmed with artist),2022-Q3,,9-colour photopolymer etching with watercolour pencil detailing on Hahnemühle Fine Art 350 gsm paper,Confirmed,85 x 75 cm,,,,Framed on order,Tier 3,,REPEAT,0.85,,,,,,,,
865,JORDIRIBE-865,Jordi Ribes,Hot green bath,Confirmed,22.08JRibesHotOrange,2000,EUR,Confirmed,€1k to €2.5k,50000,25,Confirmed,,,PE,Public,Limited,Silkscreen print,,n/a,09. Fully completed,Green,,,2022-08-30,,,,,Date confirmed (fully confirmed with artist),2022-Q3,,11-colour photopolymer etching with watercolour pencil detailing on Hahnemühle Fine Art 350 gsm paper,Confirmed,85 x 75 cm,,,,Framed on order,Tier 3,,REPEAT,0.85,,,,,,,,
719,JORDIRIBE-719,Jordi Ribes,Hot orange bath,Confirmed,22.08JRibesHotOrange,2000,EUR,Confirmed,€1k to €2.5k,50000,25,Confirmed,,,PE,Public,Limited,Silkscreen print,,n/a,09. Fully completed,Orange,,,2022-08-30,,,,,Date confirmed (fully confirmed with artist),2022-Q3,,12-colour photopolymer etching with watercolour pencil detail emellishments on Hahnemühle Fine Art 350 gsm paper,Confirmed,85 x 75 cm,,,,Framed on order,Tier 3,,REPEAT,0.85,,,,,,,,
651,CAMILLAEN-651,Camilla Engström,Yellow Moon,Confirmed,22.09CEngstromYellow Moon,900,EUR,Confirmed,Under €1k,45000,50,Confirmed,,,PE,Public,Limited,Hybrid print,,n/a,09. Fully completed,0,,,2022-09-01,,,,,Date confirmed (fully confirmed with artist),2022-Q3,,"Archival pigment print on Hahnemühle photo rag 308gsm paper, with embossing and silkscreen varnish details.",Confirmed,80cm x 53.9cm with border (image size: 75cm x 48.9cm),,,,Framed on order,Tier 3,,REPEAT,0.7,,,,,,,,
514,JAIMEMUÑO-514,Jaime Muñoz,Self Portrait,Confirmed,22.09JMunozSPortrait,1200,EUR,Confirmed,€1k to €2.5k,42000,35,Confirmed,,,HFPE,Public,Limited,Silkscreen print,,n/a,09. Fully completed,0,,,2022-09-07,,,,,Date confirmed (fully confirmed with artist),2022-Q3,,"10 colour silkscreen print with holographic silver sparkle and sugarcoating glitter on 300gr Sommerset satin white paper, hand finished by the artist with velvet flocking",Confirmed,61.5 x 99.5cm,"Signed, numbered and dated in the lower right corner below the image",,true,Framed on order,Tier 3,,REPEAT,0.5,,,,,,,,
628,DAVIDRUDN-628,David Rudnick,Shadow,Confirmed,22.09DRudnickShadow,1500,EUR,Initial estimate,€1k to €2.5k,54000,36,Estimate,,,NFT,NFT,Limited,,,n/a,09. Fully completed,0,,,2022-09-09,,,,,Date confirmed (fully confirmed with artist),2022-Q3,,,,,,,,,Tier 3,,REPEAT,,,,,,,,,
315,CHELOVELA-315,Che Lovelace,Emerald and Sun Dancers,Confirmed,22.08CLovelaceEmerald,3250,EUR,Confirmed,€2.5k to €5k,65000,20,Confirmed,,,HFPE,Public,Limited,Silkscreen print,,n/a,09. Fully completed,0,,,2022-09-13,,,,,Date confirmed (fully confirmed with artist),2022-Q3,,"Archival pigment print with 8 silkscreen layers on Somerset Enhanced Radiant White 505gsm paper, mounted on board. Each print is uniquely hand-finished by the artist using acrylic paint and dry pigment, mounted within an artist-designed bespoke frame",Confirmed,Framed dims 83.5 x 70 x 4 cm / Artwork: 80cm x 66.3cm (4x 40cm x 33.15cm),,,true,Full Edition Framed,Tier 3,,REPEAT,0.6,,,,,,,,
678,YUICHIHIR-678,Yuichi Hirako,Green Master / Bloom,Confirmed,22.09YuichiGreen Master/Bloom,2500,EUR,Confirmed,€1k to €2.5k,125000,50,Confirmed,,,PE,Public,Limited,Silkscreen print,,n/a,09. Fully completed,0,,,2022-09-19,,,,,Date confirmed (fully confirmed with artist),2022-Q3,,"Hand-printed, 16-layer screenprint on Somerset satin White 300grms paper, cut to an oval shape",Confirmed,98 × 82 cm,,,,Full Edition Framed,Tier 2,,REPEAT,0.9,,,,,,,,
592,FACEOKA-592,Face Oka,Water makes up most of the human body (blue),Confirmed,22.09FOkaWater,800,EUR,Confirmed,Under €1k,32000,40,Confirmed,,,PE,Public,Limited,Hybrid print,,n/a,09. Fully completed,Blue,,,2022-09-21,,,,,Date confirmed (fully confirmed with artist),2022-Q3,,"Archival pigment print with 2 hand-pulled silkscreen layers plus a UV spot varnish, printed on Somerset Photo Satin 300gsm paper with hand-torn edges",Confirmed,56.7 x 70.0 cm,Signed in the right bottom corner,,,Framed on order,Tier 3,,REPEAT,0.9,,,,,,,,
1118,FACEOKA-1118,Face Oka,Water makes up most of the human body (green),Confirmed,22.09FOkaWater,800,EUR,Confirmed,Under €1k,32000,40,Confirmed,,,PE,Public,Limited,Hybrid print,,n/a,09. Fully completed,Green,,,2022-09-21,,,,,Date confirmed (fully confirmed with artist),2022-Q3,,"Archival pigment print with 2 hand-pulled silkscreen layers plus a UV spot varnish, printed on Somerset Photo Satin 300gsm paper with hand-torn edges",Confirmed,56.7 x 70.0 cm,Signed in the right bottom corner,,,Framed on order,Tier 3,,REPEAT,0.9,,,,,,,,
1116,FACEOKA-1116,Face Oka,Water makes up most of the human body (pink),Confirmed,22.09FOkaWater,800,EUR,Confirmed,Under €1k,32000,40,Confirmed,,,PE,Public,Limited,Hybrid print,,n/a,09. Fully completed,Pink,,,2022-09-21,,,,,Date confirmed (fully confirmed with artist),2022-Q3,,"Archival pigment print with 2 hand-pulled silkscreen layers plus a UV spot varnish, printed on Somerset Photo Satin 300gsm paper with hand-torn edges",Confirmed,56.7 x 70.0 cm,Signed in the right bottom corner,,,Framed on order,Tier 3,,REPEAT,0.9,,,,,,,,
1117,FACEOKA-1117,Face Oka,Water makes up most of the human body (yellow),Confirmed,22.09FOkaWater,800,EUR,Confirmed,Under €1k,32000,40,Confirmed,,,PE,Public,Limited,Hybrid print,,n/a,09. Fully completed,Yellow,,,2022-09-21,,,,,Date confirmed (fully confirmed with artist),2022-Q3,,"Archival pigment print with 2 hand-pulled silkscreen layers plus a UV spot varnish, printed on Somerset Photo Satin 300gsm paper with hand-torn edges",Confirmed,56.7 x 70.0 cm,Signed in the right bottom corner,,,Framed on order,Tier 3,,REPEAT,0.9,,,,,,,,
859,PARRA-859,Parra,when the smoke clears,Confirmed,22.09PParraSmoke,250,EUR,Confirmed,Under €1k,307750,1231,Confirmed,,,TL,Timed,Timed,,,48 hours,09. Fully completed,,,,2022-09-22,,,,2022-09-24,Date confirmed (fully confirmed with artist),2022-Q3,,"8-colour silkscreen print with semi-gloss varnish, printed on 300gsm Hahnemühle white cotton paper.",Confirmed,65 x 45 cm,"Signed and numbered, has a sticker from a printer with a date",,,No framing option,Tier 3,,REPEAT,1,,,,,,,,
1021,PARRA-1021,Parra,when the smoke clears,Confirmed,22.09PParraSmoke,250,EUR,Confirmed,Under €1k,15000,60,Confirmed,,,TL,Timed,Timed,,,48 hours,09. Fully completed,,,,2022-09-22,,,,2022-09-24,Date confirmed (fully confirmed with artist),2022-Q3,,"8-colour silkscreen print with semi-gloss varnish, printed on Hahnemühle 300gsm white cotton paper",Confirmed,65 x 45 cm,"Signed and numbered, has a sticker from a printer with a date",,,No framing option,Tier 3,,REPEAT,1,,,,,,,,
617,KUDZANAI-V-617,Kudzanai-Violet Hwami,Kudzi,Confirmed,22.09KVioletKudzi,4000,EUR,Confirmed,€2.5k to €5k,140000,35,Confirmed,,,PE,Public,Limited,Silkscreen print,,n/a,09. Fully completed,,,,2022-09-23,,,,,Date confirmed (fully confirmed with artist),2022-Q3,,"Hand-pulled, 17-colour silkscreen print on Somerset Tub Sized Satin White 410gsm paper",Confirmed,70 x 57.1 cm,,,,Framed on order,Tier 2,,REPEAT,0.8,,,,,,,,
796,KUDZANAI-V-796,Kudzanai-Violet Hwami,Kudzi (Hand-finished),Confirmed,22.09KVioletKudzi,8000,EUR,Confirmed,Over €5k,120000,15,Confirmed,,,HFPE,Public,Limited,Silkscreen print,,n/a,09. Fully completed,,,,2022-09-23,,,,,Date confirmed (fully confirmed with artist),2022-Q3,,"Hand-pulled, 17-colour silkscreen print on Somerset Tub Sized Satin White 410gsm paper, hand-finished by the artist with charcoal and oil paint",Confirmed,70 x 57.1 cm,,,true,Framed on order,Tier 2,,REPEAT,0.8,,,,,,,,
389,LY-389,LY,This is LUV (Small),Confirmed,22.09LYLUV Small,4000,EUR,Confirmed,€2.5k to €5k,200000,50,Confirmed,,,SE,Draw,Limited,Mid cost 3D edition,,n/a,09. Fully completed,,,,2022-09-26,,,,,Date confirmed (fully confirmed with artist),2022-Q3,,Hand-painted bronze sculpture,Confirmed,25.5 x 18 x 12.2 cm,,,,No framing option,Tier 3,,REPEAT,1,,,,,,,,
385,LY-385,LY,With his Sidekick (Small),Confirmed,22.09LYSidekick Small,4000,EUR,Confirmed,€2.5k to €5k,200000,50,Confirmed,,,SE,Draw,Limited,Mid cost 3D edition,,n/a,09. Fully completed,,,,2022-09-26,,,,,Date confirmed (fully confirmed with artist),2022-Q3,,Hand-painted bronze sculpture,Confirmed,36 x 9.7 x 7 cm,,,,No framing option,Tier 3,,REPEAT,1,,,,,,,,
737,NICASIOFE-737,Nicasio Fernandez,D.I.Y,Confirmed,22.10NFernandezD.I.Y,1500,EUR,Confirmed,€1k to €2.5k,52500,35,Confirmed,,,PE,Draw,Limited,Silkscreen print,,n/a,09. Fully completed,,,,2022-10-04,,,,,Date confirmed (fully confirmed with artist),2022-Q4,,33-colour silkscreen on 320gsm Coventry Rag White paper with varnish details,Confirmed,62 x 86.4cm (full details: Paper size incl 1” border: 62 x 86.4cm (24 3/8” x 34”),,,,Framed on order,Tier 3,,REPEAT,0.85,,,,,,,,
466,NICASIOFE-466,Nicasio Fernandez,D.I.Y (Hand-finished),Confirmed,22.10NFernandezD.I.YHF,4000,EUR,Confirmed,€2.5k to €5k,80000,20,Confirmed,,,HFPE,Enquiry,Limited,Silkscreen print,,n/a,09. Fully completed,,,,2022-10-04,,,,,Date confirmed (fully confirmed with artist),2022-Q4,,"33-colour silkscreen on 320gsm Coventry Rag White paper, uniquely hand-finished by the artist in acrylic paint",Confirmed,62 x 86.4cm (full details: Paper size incl 1” border: 62 x 86.4cm (24 3/8” x 34”),,,true,Framed on order,Tier 3,,REPEAT,0.85,,,,,,,,
645,TSCHABALAL-645,Tschabalala Self,Seated,Confirmed,2022.10TSCHABALAPS,315000,EUR,Confirmed,Over €5k,315000,1,Confirmed,,,PS,Public,Limited,High cost 3D edition,,n/a,09. Fully completed,,,,2022-10-05,,,,,Date confirmed (fully confirmed with artist),2022-Q4,,"Patinated cast bronze sculpture with stainless steel internal structure, hand-finished by the artist in oil paint.",Confirmed,288.1 x 289.3 x 195.5 cm,,,,No framing option,Tier 2,,REPEAT,0,,,,,,,,
425,ANTONYMIC-425,Antony Micallef,The Union of Animals,Confirmed,22.10AMicallefUnionOfAnimals,1500,EUR,Confirmed,€1k to €2.5k,45000,30,Confirmed,,,HFPE,Public,Limited,Silkscreen print,,n/a,09. Fully completed,0,,,2022-10-11,,,,,Date confirmed (fully confirmed with artist),2022-Q4,,"Hand-made 25-colour silkscreen print with a matte varnish, spot UV high gloss varnish and embossed areas on Radiant White 500gsm Satin Somerset paper, with unique hand-finishing by the artist in Ivory Black oil paint",Confirmed,80 x 80.5,,,true,Framed on order,Tier 3,,REPEAT,0.75,,,,,,,,
789,TSCHABALAL-789,Tschabalala Self,Lady in Yellow on Spiral Seat 2 Teal Background,Confirmed,22.10TSelfLady,30000,EUR,Confirmed,Over €5k,360000,12,Confirmed,,,PE,Enquiry,Limited,Silkscreen print,,n/a,09. Fully completed,,,,2022-10-13,,,,,Date confirmed (fully confirmed with artist),2022-Q4,,"21-colour silkscreen, printed with oil-based poster and enamel ink on 425gsm Saunders Waterford paper",Confirmed,"121.9 × 96.5 cm (full bleed, hand cut edges)",,,,Full Edition Framed,Tier 2,,REPEAT,0.75,,,,,,,,
332,TSCHABALAL-332,Tschabalala Self,Seated Bronze,Confirmed,22.10TSelfSeatedBronze,28000,EUR,Confirmed,Over €5k,700000,25,Confirmed,,,SE,Enquiry,Limited,High cost 3D edition,,n/a,09. Fully completed,,,,2022-10-13,,,,,Date confirmed (fully confirmed with artist),2022-Q4,,Cast bronze sculpture with Mezcla patina created using iron chloride and copper nitrate NB: The patina is a mixture unique to the producer which is a combination of iron chloride and copper nitrate called Mezcla.,Confirmed,60 x 60.5 x 40.5 cm,,,,No framing option,Tier 2,,REPEAT,0.75,,,,,,,,
391,LY-391,LY,This is LUV (Large),Confirmed,22.10LYLUV Large,30000,EUR,Confirmed,Over €5k,90000,3,Confirmed,,,SE,Enquiry,Limited,High cost 3D edition,,n/a,09. Fully completed,,,,2022-10-17,,,,,Date confirmed (fully confirmed with artist),2022-Q4,,Hand-painted aluminium sculpture,Confirmed,130 x 95.6 x 64 cm,,,,No framing option,Tier 3,,REPEAT,0.6,,,,,,,,
386,LY-386,LY,With his Sidekick (Large),Confirmed,22.10LYSidekick Large,30000,EUR,Confirmed,Over €5k,90000,3,Confirmed,,,SE,Enquiry,Limited,High cost 3D edition,,n/a,09. Fully completed,,,,2022-10-17,,,,,Date confirmed (fully confirmed with artist),2022-Q4,,Hand-painted aluminium sculpture,Confirmed,185 x 55.8 x 41.8 cm,,,,No framing option,Tier 3,,REPEAT,0.6,,,,,,,,
403,ROBYDWIA-403,Roby Dwi Antono,BIAS II,Confirmed,22.09RDAntonoBiasII,4500,EUR,Confirmed,€2.5k to €5k,337500,75,Confirmed,,,SE,Draw,Limited,Mid cost 3D edition,,n/a,09. Fully completed,,,,2022-10-24,,,,,Date confirmed (fully confirmed with artist),2022-Q4,,Glazed ceramic sculpture,Confirmed,24.5 x 29 x 26 cm,,,,No framing option,Tier 2,,REPEAT,1,,,,,,,,
754,SCOTTKAHN-754,Scott Kahn,INGERSOLL'S BRANCH,Confirmed,22.10SKahnIngersoll's,12000,EUR,Confirmed,Over €5k,600000,50,Confirmed,,,HFPE,Public,Limited,Silkscreen print,,n/a,09. Fully completed,,,,2022-10-25,,,,,Date confirmed (fully confirmed with artist),2022-Q4,,"26 Layer silkscreen print, printed with UV curable inks on Somerset Tub Sized Satin White 410gsm, hand-finished by the artist with oil paint.",Confirmed,61.5cm x 61.7cm,,,true,Framed on order,Tier 3,,REPEAT,0.6,,,,,,,,
432,JENSTARK-432,Jen Stark,Dichroic Mandala,Confirmed,22.10JStarkDichroicMandala,2700,EUR,Confirmed,€2.5k to €5k,135000,50,Confirmed,,,SE,Public,Limited,Mid cost 3D edition,,n/a,09. Fully completed,0,,,2022-10-26,,,,,Date confirmed (fully confirmed with artist),2022-Q4,,"Kiln-formed glass sculpture with dichroic coating and a wire hanger 18"" diameter, 6.4mm thick, weighs 5 lbs. Order of colours varies.",Confirmed,45cm x 45cm,,,,No framing option,Tier 3,,REPEAT,1,,,,,,,,
1003,YOONHYUP-1003,Yoon Hyup,Night in Paris - Golden Light,Confirmed,22.10YHyupNightinParis-GoldenLight,750,EUR,Confirmed,Under €1k,150000,200,Confirmed,,,PE,Public,Limited,Silkscreen print,,n/a,09. Fully completed,0,,,2022-10-26,,,,,Date confirmed (fully confirmed with artist),2022-Q4,,Hand-made 20-layer screenprint with gold leaf on Somerset satin white 300 gsm paper cut to a circular shape,Confirmed,70 cm diameter,Not signed or numbered,,,Framed on order,Tier 3,,REPEAT,1,,,,,,,,
750,TOMSACHS-750,Tom Sachs,Too Darn Hot,Confirmed,22.10TSachsTimed Edition,750,EUR,Confirmed,Under €1k,1002750,1337,Confirmed,,,TL,Timed,Timed,,,24 hours,09. Fully completed,,,,2022-11-02,,,,2022-11-03,Date confirmed (fully confirmed with artist),2022-Q4,,"13-colour silkscreen print with a semi-gloss varnish, including a hidden QR code printed in UV-light sensitive ink and embossed design printed on Somerset Tub sized 600gsm satin paper, with unique hand-stamped numbering",Confirmed,(H) 775 x (W) 609mm,,,,No framing option,Tier 1,,REPEAT,1,,,,,,,,
712,BÄST-712,Bäst,Sunday Afternoon,Confirmed,22.11BastSundayAfternoon,1500,EUR,Confirmed,€1k to €2.5k,120000,80,Confirmed,,,PE,Draw,Limited,Silkscreen print,,n/a,09. Fully completed,0,,,2022-11-04,,,,,Date confirmed (fully confirmed with artist),2022-Q4,,"25 colour silkscreen print on 500gsm Somerset Satin paper, with hand-painted acrylic glaze and 2 hand-cut appliqué layers – printed on 410gsm Somerset Tub Sized Satin paper and 350gsm Hahnemühle Museum Etching paper and attached using archival, double-sided tape",Confirmed,82 x 62 cm,"Prints will be signed with two embossed stamps, one with the artist's logo and one with the artist's signature.",,,Framed on order,Tier 3,,REPEAT,1,,,,,,,,
229,JAMESJEAN-229,James Jean,Maze (Print),Confirmed,22.07JJeanPE/SEsMaze,975,EUR,Confirmed,Under €1k,97500,100,Confirmed,,,PE,Draw,Limited,Hybrid print,,n/a,09. Fully completed,0,,,2022-11-07,,,,,Date confirmed (fully confirmed with artist),2022-Q4,,Archival pigment print with foil stamped embossing and the artist's unique dimensional chop on 100% cotton Rag paper.,Confirmed,69.8 x 50.9 cm,,,,Framed on order,Tier 1,,REPEAT,0.5,,,,,,,,
731,GUIMIYOU-731,Guimi You,Point Reyes,Confirmed,22.11GYouPointReyes,3000,EUR,Confirmed,€2.5k to €5k,75000,25,Confirmed,,,HFPE,Public,Limited,Silkscreen print,,n/a,09. Fully completed,0,,,2022-11-08,,,,,Date confirmed (fully confirmed with artist),2022-Q4,,Archival pigment print on 350gsm Hahnemühle Museum Etching paper individually hand-finished in acrylic paint and coloured pencil,Confirmed,76.2 x 61.0 cm,Signed and numbered in the left bottom corner,,true,Framed on order,Tier 3,,REPEAT,0.85,,,,,,,,
858,KARAJOSLY-858,Kara Joslyn,GOOD THING YOU ARE NOT ALONE,Confirmed,22.11KJoslynNotAlone,2250,EUR,Confirmed,€1k to €2.5k,45000,20,Confirmed,,,SE,Public,Limited,Mid cost 3D edition,,n/a,09. Fully completed,0,,,2022-11-09,,,,,Date confirmed (fully confirmed with artist),2022-Q4,,"Clear sculptural box, comprised of 9 acrylic perspex sheets, encased in 2 sheets of museum grade Optium acrylic. Each box has 5 sheets printed with 4 UV flatbed layers, and one mirror ink silk screen layer.",Confirmed,35 x 30 x 6.6 cm,,,,No framing option,Tier 4,,REPEAT,1,,,,,,,,
814,FVCKRENDER-814,Fvckrender,FEEL//,Confirmed,22.10FRenderFeel,4250,EUR,Confirmed,€2.5k to €5k,51000,12,Confirmed,,,SE,Public,Limited,Mid cost 3D edition,,n/a,09. Fully completed,2,,,2022-11-10,,,,,Date confirmed (fully confirmed with artist),2022-Q4,,Resin wall relief with opal dichroic paint finish,Confirmed,50.0 x 50.0 x 11.8 CM,,,,No framing option,Tier 3,,REPEAT,0.63,,,,,,,,
813,FVCKRENDER-813,Fvckrender,TOUCHED//,Confirmed,22.10FRenderTouched,2750,EUR,Confirmed,€2.5k to €5k,55000,20,Confirmed,,,SE,Public,Limited,Mid cost 3D edition,,n/a,09. Fully completed,2,,,2022-11-10,,,,,Date confirmed (fully confirmed with artist),2022-Q4,,Resin wall relief with chameleon paint finish,Confirmed,50.0 x 50.0 x 11.8 CM,,,,No framing option,Tier 3,,REPEAT,1,,,,,,,,
469,BALDURHEL-469,Baldur Helgason,Picaresque,Confirmed,22.10BHelgasonPicaresque,1500,EUR,Confirmed,€1k to €2.5k,75000,50,Confirmed,,,PE,Public,Limited,Silkscreen print,,n/a,09. Fully completed,0,,,2022-11-14,,,,,Date confirmed (fully confirmed with artist),2022-Q4,,Hard-ground etching on Somerset Satin White 300gsm paper with deckled edges,Confirmed,64 x 54 cm (image 50 x 40cm),"signed in the bottom right corner, numbered in the bottom left corner",,,Framed on order,Tier 2,,REPEAT,1,,,,,,,,
904,LY-904,LY,Confused LUV (Medium),Confirmed,22.11LYConfused LUV Medium,15000,EUR,Confirmed,Over €5k,150000,10,Confirmed,,,SE,Draw,Limited,High cost 3D edition,,n/a,09. Fully completed,0,,,2022-11-15,,,,,Date confirmed (fully confirmed with artist),2022-Q4,,Hand-painted bronze sculpture,Confirmed,30.5 x 23 x 42.5 cm,Engraved signature and number at the bottom,,,No framing option,Tier 3,,REPEAT,1,,,,,,,,
390,LY-390,LY,Standing with LUV (Medium),Confirmed,22.11LYStanding LUV Medium,15000,EUR,Confirmed,Over €5k,150000,10,Confirmed,,,SE,Draw,Limited,High cost 3D edition,,n/a,09. Fully completed,0,,,2022-11-15,,,,,Date confirmed (fully confirmed with artist),2022-Q4,,Hand-painted bronze sculpture,Confirmed,71 x 18 x 13.5 cm,Engraved signature and number at the bottom,,,No framing option,Tier 3,,REPEAT,1,,,,,,,,
1005,GRANTRIVE-1005,Grant Riven Yun,En Route,Confirmed,22.11GRYunEn Route,5500,EUR,Confirmed,Over €5k,110000,20,Confirmed,,,PE,Draw,Limited,Digital print,,n/a,09. Fully completed,0,,,2022-11-16,,,,,Date confirmed (fully confirmed with artist),2022-Q4,,UV Pigment Print on Coventry Rag Vellum 320 GSM Paper,Confirmed,150.5 x 84.5 cm,no,,,Framed on order,Tier 2,,REPEAT,1,,,,,,,,
1239,SARAHZUCK-1239,Sarah Zucker,THIS IS REAL,,22.11SZuckerTHIS IS REAL,800,EUR,,Under €1k,20000,25,,,,NFT,NFT,Limited,,,n/a,09. Fully completed,,,,2022-11-16,,,,,Date confirmed (fully confirmed with artist),2022-Q4,,,,,,,,,Tier 3,,REPEAT,,,,,,,,,
913,SIXNFIVE-913,Sixnfive,Rituals,Pending,22.11SixN.FiveRituals,1000,EUR,Initial estimate,€1k to €2.5k,20000,20,Estimate,,,NFT,NFT,Limited,,,n/a,09. Fully completed,,,,2022-11-16,,,,,Date confirmed (fully confirmed with artist),2022-Q4,,,,,,,,,Tier 3,,REPEAT,0.75,,,,,,,,
716,PAULINSEC-716,Paul Insect,Christmas Tree Baubles,Confirmed,22.12PInsectBaubles,500,EUR,Confirmed,Under €1k,250000,500,Confirmed,,,CL,Public,Limited,Low cost 3D edition,,n/a,09. Fully completed,,,,2022-11-17,,,,,Date confirmed (fully confirmed with artist),2022-Q4,,"Traditional hand painted, hand blown glass ornaments. Made in Poland. X2 Eye Balls X2 Diamond Eyes X1 Happy Mouth X1 Fly on my cup cake X1 Riot Van X1 Burning House X1 Lion Sun X1 Dead Santa",Confirmed,Diamond Eye 7 x 10.5 x 2.5 cm Diamond Eye 7 x 10.5 x 2.5 cm Eye Ball x 2 9 x 8 x 8 cm Riot Van 12 x 5 x 7.7 cm Fly on my Cup Cake 8.5 x 5.5 x 5.5 cm Dead Santa 13.5 x 5.5 x 4.5 cm Burning House 11.5 x 8 x 8.5 cm Happy Mouth 6.5 x 13 x 3.5 cm Lion Sun 9.5 x 8.5 x 6 cm,,,,No framing option,Tier 3,Street & collectibles,REPEAT,0.8,,,,,,,,
535,FELIXTREA-535,Felix Treadwell,Kindred Spirit,Confirmed,22.11FTreadwellKindredSpirit,1600,EUR,Confirmed,€1k to €2.5k,64000,40,Confirmed,,,HFPE,Public,Limited,Hybrid print,,n/a,09. Fully completed,0,,,2022-11-18,,,,,Date confirmed (fully confirmed with artist),2022-Q4,,"Archival pigment print with 12 silkscreen layers printed on Somerset Satin White 410gsm paper, with unique hand-finishing by the artist in acrylic paint",Confirmed,81 x 72.3 cm,,,true,Framed on order,Tier 3,,REPEAT,1,,,,,,,,
725,MOLLYGREE-725,Molly Greene,Bur,Confirmed,22.11MGreeneBur,1250,EUR,Confirmed,€1k to €2.5k,31250,25,Confirmed,,,PE,Public,Limited,Silkscreen print,,n/a,09. Fully completed,0,,,2022-11-21,,,,,Date confirmed (fully confirmed with artist),2022-Q4,,"19 colour silkscreen print, on Coventry Rag 290gsm paper with deckled edges.",Confirmed,86.36 x 86.36 cm,,,,Framed on order,Tier 3,,REPEAT,0.9,,,,,,,,
531,ADRIANAOL-531,Adriana Oliver,My way back to you,Confirmed,22.11AOliverMywaybacktoyou,2500,EUR,Confirmed,€1k to €2.5k,125000,50,Confirmed,,,SE,Public,Limited,Mid cost 3D edition,,n/a,09. Fully completed,0,,,2022-11-22,,,,,Date confirmed (fully confirmed with artist),2022-Q4,,"Laser-cut layers of aluminium with a spray paint finish, mounted on a black MDF backing",Confirmed,60 x 36.2 x 5 cm,,,,No framing option,Tier 3,,REPEAT,1,,,,,,,,
1185,AYAKOROKK-1185,Ayako Rokkaku,Untitled,Pending,22.11ARokkakuUntitledOG,0,EUR,Confirmed,Over €5k,0,1,Confirmed,,,OG,,Limited,Unique work,,n/a,09. Fully completed,0,,,2022-11-23,,,,,Date confirmed (fully confirmed with artist),2022-Q4,,Acrylic on canvas,Confirmed,150 x 200 cm,,,,No framing option,Tier 2,,REPEAT,1,,,,,,,,
1050,AYAKOROKK-1050,Ayako Rokkaku,Untitled,Pending,22.11ARokkakuUntitledTL,500,EUR,Confirmed,Under €1k,1795500,3591,Confirmed,,,TL,Timed,Timed,,,24 hours,09. Fully completed,0,,,2022-11-23,,,,2022-11-24,Date confirmed (fully confirmed with artist),2022-Q4,,Timed print edition,Pending,60 x 80 cm,,,,No framing option,Tier 2,,REPEAT,1,,,,,,,,
482,JONNYNIES-482,Jonny Niesche,moon moth lust in warm copper,Confirmed,22.11JNiescheMoonmoth,1700,EUR,Confirmed,€1k to €2.5k,85000,50,Confirmed,,,PE,Public,Limited,Complex print,,n/a,09. Fully completed,0,,,2022-11-24,,,,,Date confirmed (fully confirmed with artist),2022-Q4,,UV print on copper with an inset wooden back frame and cleat for hanging,Confirmed,60 x 60 x 0.8 cm,,,,No framing option,Tier 3,,REPEAT,0.7,,,,,,,,
897,HAROSHI-897,Haroshi,GUZO - FOREST,Confirmed,22.11HaroshiGUZO,10000,EUR,Confirmed,Over €5k,500000,50,Confirmed,,,SE,Public,Limited,High cost 3D edition,,n/a,09. Fully completed,Green,,,2022-11-25,,,,,Date confirmed (fully confirmed with artist),2022-Q4,,"Ming Green marble sculpture, with hidden stainless steel signature plate",Confirmed,30.1 x 20.8 x 5.8 cm,,,,No framing option,Tier 1,,REPEAT,0.9,,,,,,,,
898,HAROSHI-898,Haroshi,GUZO - OCEAN,Confirmed,22.11HaroshiGUZO,10000,EUR,Confirmed,Over €5k,500000,50,Confirmed,,,SE,Public,Limited,High cost 3D edition,,n/a,09. Fully completed,Blue,,,2022-11-25,,,,,Date confirmed (fully confirmed with artist),2022-Q4,,"Blue Sodalite mineral stone sculpture, with hidden stainless steel signature plate",Confirmed,30.1 x 20.8 x 5.8 cm,,,,No framing option,Tier 1,,REPEAT,0.9,,,,,,,,
194,FRIEDRICH-194,Friedrich Kunath,This Is The Worst Time Of My Life,Confirmed,22.11FKunathWorsttime,5000,EUR,Confirmed,€2.5k to €5k,300000,60,Confirmed,,,HFPE,Public,Limited,Silkscreen print,,n/a,09. Fully completed,0,,,2022-11-28,,,,,Date confirmed (fully confirmed with artist),2022-Q4,,"Fine art pigment print on Hahnemuhle photo rag 308gsm paper, with a screen printed seal varnish, high gloss finish on the drips and blue pigment on paint marks, complete with metal ladder attachment. Finished with hand-written text by the artist in acrylic ink",Confirmed,138 x 89 x 4cm,Signed,,true,Full Edition Framed,Tier 3,,REPEAT,1,,,,,,,,
261,JANGKOAL-261,Jang Koal,Umma,Confirmed,22.11JKoalUmma,1500,EUR,Confirmed,€1k to €2.5k,45000,30,Confirmed,,,SE,Public,Limited,Mid cost 3D edition,,n/a,09. Fully completed,0,,,2022-11-29,,,,,Date confirmed (fully confirmed with artist),2022-Q4,,Resin figure with hand-painted bronze cats on a walnut wood base,Confirmed,34.4 x 11.1 x 9.7 cm,,,,No framing option,Tier 3,,REPEAT,0.75,,,,,,,,
314,SATORUKOI-314,Satoru Koizumi,White Rhino,Confirmed,22.11SKoimuroWhiterhino,8000,EUR,Confirmed,Over €5k,200000,25,Confirmed,,,SE,Enquiry,Limited,High cost 3D edition,,n/a,09. Fully completed,,,,2022-11-30,,,,,,2022-Q4,,Honed white Statuario marble sculpture,Confirmed,29 x 16 x 21.2 cm,"Engraved number at the bottom, engraved signature on the back",,,No framing option,Tier 2,,REPEAT,1,,,,,,,,
846,HEBRUBRAN-846,Hebru Brantley,Free Advice (of the period),Confirmed,XXXX.XXHEBRUBRANSE,45000,EUR,Confirmed,Over €5k,360000,8,Confirmed,,,SE,Private,Limited,High cost 3D edition,,n/a,09. Fully completed,0,,,2022-12-01,,,,,Date confirmed (fully confirmed with artist),2022-Q4,,Bronze sculpture finished with urethane paint,Confirmed,100 x 44 x 37 cm,Engraved signature on the shoes,,,No framing option,Tier 2,,REPEAT,0.1,,,,,,,,
848,HEBRUBRAN-848,Hebru Brantley,Gaia,Confirmed,2022.12HEBRUBRANSE,285000,EUR,Confirmed,Over €5k,285000,1,Confirmed,,,SE,Private,Limited,High cost 3D edition,,n/a,09. Fully completed,0,,,2022-12-01,,,,,Date confirmed (fully confirmed with artist),2022-Q4,,Bronze with automative paint,Pending,Overall: 243.7 (H) x 186 (L) x 180.4 (W) cm The individual dimensions: Figure: 193.4 (H) x 120.6 (L) x 125.6 (W) cm; Cloud: 92.8 (H) x 180.4 (L) x 185.8 (W) cm;,,,,No framing option,Tier 2,,REPEAT,0.1,,,,,,,,
943,LARRYBELL-943,Larry Bell,Little 3DVD,Confirmed,22.10LBellLittle3DVD,7500,EUR,Confirmed,Over €5k,262500,35,Confirmed,,,SE,Public,Limited,High cost 3D edition,,n/a,09. Fully completed,0,,,2022-12-01,,,,,Date confirmed (fully confirmed with artist),2022-Q4,,Unique vacuum coated mylar 3D drawing housed in an Optium box,Confirmed,12.7 x 12.7 x 12.4 cm,"Signed, numbered and dated in silver pen by artist on the top of the artwork",,,No framing option,Tier 2,Standard contemporary,REPEAT,0.6,,,,,,,,
317,LAWRENCEW-317,Lawrence Weiner,HERE & NOW,Confirmed,22.12LWeinerBlanket,500,EUR,Confirmed,Under €1k,500000,1000,Confirmed,,,CL,Public,Limited,Low cost 3D edition,,n/a,09. Fully completed,0,,,2022-12-02,,,,,Date confirmed (fully confirmed with artist),2022-Q4,,Jacquard blanket woven from 80% pure wool and 20% cashmere with a combed cotton warp,Confirmed,152.4 x 127 cm,"Label with LW signature, 2022 but no edition number",,,No framing option,Tier 3,Standard contemporary,REPEAT,0.2,,,,,,,,
562,DENNISOSA-562,Dennis Osadebe,The People’s Promise,Confirmed,22.12DOsadebePeoplespromise,750,EUR,Confirmed,Under €1k,37500,50,Confirmed,,,PE,Public,Limited,Hybrid print,,n/a,09. Fully completed,0,,,2022-12-05,,,,,Date confirmed (fully confirmed with artist),2022-Q4,,"Limited edition archival pigment print on Hahnemühle Photo Rag Satin 305gsm paper, with 23Ct gold leaf and spot varnish",Confirmed,50.8 x 50.8 cm,,,,Framed on order,Tier 3,,REPEAT,1,,,,,,,,
673,PAULMCCAR-673,Paul McCarthy,Santa with Butt Plug Bronze 11.4 inches,Confirmed,22.12PMcCarthyButtplug,25000,EUR,Confirmed,Over €5k,625000,25,Confirmed,,,SE,Enquiry,Limited,High cost 3D edition,,n/a,09. Fully completed,0,,,2022-12-06,,,,,Date confirmed (fully confirmed with artist),2022-Q4,,Painted bronze,Confirmed,29 x 16 x 11.5 cm,Engraved signature and number at the bottom,,,No framing option,Tier 2,,REPEAT,0.15,,,,,,,,
787,GEORGEROU-787,George Rouy,Tearing of the Savage Breast,Confirmed,22.12GRouySavageBreast,850,EUR,Confirmed,Under €1k,42500,50,Confirmed,,,PE,Public,Limited,Silkscreen print,,n/a,09. Fully completed,0,,,2022-12-07,,,,,Date confirmed (fully confirmed with artist),2022-Q4,,Hand-made 24 colour screenprint with matte varnish on 410gsm Somerset Satin paper,Confirmed,84 x 88cm,,,,Framed on order,Tier 3,,REPEAT,0.75,,,,,,,,
485,TOMOKAZUM-485,Tomokazu Matsuyama,The Seed Shiver Shine & Bright,Confirmed,22.12MatsuSeedShiverShineBright,5000,EUR,Confirmed,€2.5k to €5k,375000,75,Confirmed,,,PE,Draw,Limited,Hybrid print,,n/a,09. Fully completed,0,,,2022-12-12,,,,,Date confirmed (fully confirmed with artist),2022-Q4,,"Archival pigment print on 330gsm Somerset Satin Enhanced paper, finished with screen print details in white ink, black flocking, blue glitter, embossing and a layer of high gloss and satin gloss varnish. Mounted in a bespoke white, contoured frame.",Confirmed,90 x 67 cm,,,,Full Edition Framed,Tier 2,,REPEAT,0.75,,,,,,,,
360,JAMESJEAN-360,James Jean,Bath Saxum,Confirmed,22.12JJeanBathSaxum,7500,EUR,Confirmed,Over €5k,262500,35,Confirmed,,,SE,Public,Limited,High cost 3D edition,,n/a,09. Fully completed,0,,,2022-12-14,,,,,Date confirmed (fully confirmed with artist),2022-Q4,,Bronze with a mottled patina finish and gold leaf details,Confirmed,29.5 x 16.4 x 16.8 cm,Artist's signature and edition number engraved on base of sculpture at the back.,,,No framing option,Tier 1,,REPEAT,1,,,,,,,,
642,NESSGRAPHI-642,NessGraphics,G4M30V3R.4.R34L,Confirmed,22.12NGraphicsG4M30V3R.4.R34L,6000,EUR,Confirmed,Over €5k,120000,20,Confirmed,,,SE,NFT,Limited,High cost 3D edition,,n/a,09. Fully completed,0,,,2022-12-15,,,,,Date confirmed (fully confirmed with artist),2022-Q4,,"Powder-coated, welded steel miniature, with vinyl artwork. Decorated with circuit boards and misc electronic components. Hand-painted for a weathered look",Confirmed,28.5 x 32.8 x 28.5 cm,no,,,No framing option,Tier 3,,REPEAT,1,,,,,,,,
1303,NESSGRAPHI-1303,NessGraphics,NFT (to launch alongside Desktop sculpture),,22.12NGraphicsNFT,1600,EUR,Confirmed,€1k to €2.5k,80000,50,,,,NFT,NFT,Limited,,,n/a,09. Fully completed,0,,,2022-12-16,,,,,Date confirmed (fully confirmed with artist),2022-Q4,,,,,,,,,Tier 3,,REPEAT,0.8,,,,,,,,
895,FUTURA-895,Futura,MARBLEANGELO I - blanco,Confirmed,22.12FuturaMarbleangelo,8000,EUR,Confirmed,Over €5k,240000,30,Confirmed,,,SE,Public,Limited,High cost 3D edition,,n/a,09. Fully completed,2,,,2022-12-19,,,,,Date confirmed (fully confirmed with artist),2022-Q4,,Honed white Statuario marble sculpture with a gold brass antenna,Confirmed,36.4 x 32.4 x 19.7 cm,Engraved signature at the back,,,No framing option,Tier 2,,REPEAT,0.7,,,,,,,,
827,FUTURA-827,Futura,MARBLEANGELO II - nero,Confirmed,22.12FuturaMarbleangelo,8000,EUR,Confirmed,Over €5k,240000,30,Confirmed,,,SE,Public,Limited,High cost 3D edition,,n/a,09. Fully completed,2,,,2022-12-19,,,,,Date confirmed (fully confirmed with artist),2022-Q4,,Honed black Marquina marble sculpture with a silver brass antenna,Confirmed,36.4 x 32.4 x 19.7 cm,Engraved signature at the back,,,No framing option,Tier 2,,REPEAT,0.7,,,,,,,,
281,ROBYDWIA-281,Roby Dwi Antono,Hayu,Confirmed,11.01RobyDwiAntonoHFPE,3250,EUR,Confirmed,€2.5k to €5k,162500,50,Confirmed,,,HFPE,Draw,Limited,Silkscreen print,,n/a,09. Fully completed,,,,2023-01-11,,,,,Date confirmed (fully confirmed with artist),2023-Q1,,"Fine art 26 colour silkscreen print on Somerset Rough Textured 300gsm, hand-finished by the artist with oil stick",Confirmed,60 x 50 cm,,,true,Framed on order,Tier 2,,REPEAT,0.9,,,,,,,,
671,YUEMINJUN-671,Yue Minjun,Stay Away,Confirmed,2023.01Yue MinjunPE,4500,EUR,Confirmed,€2.5k to €5k,180000,40,Confirmed,,,PE,Public,Limited,Silkscreen print,,n/a,09. Fully completed,,,,2023-01-18,,,,,Date confirmed (fully confirmed with artist),2023-Q1,,"25 colour silkscreen print, printed on 500gsm Somerset Satin paper with hand torn edges and finished with varnish.",Confirmed,65 x 48 cm,,,,Framed on order,Tier 2,Standard contemporary,REPEAT,1,,,,,,,,
752,YUEMINJUN-752,Yue Minjun,Stay Away (special edition),Confirmed,2023.01Yue MinjunPE,7500,EUR,Confirmed,Over €5k,75000,10,Confirmed,,,PE,Private,Limited,Silkscreen print,,n/a,09. Fully completed,,,,2023-01-18,,,,,Date confirmed (fully confirmed with artist),2023-Q1,,"25 colour silkscreen print, printed on 500gsm Somerset Satin paper with hand torn edges and finished with varnish and red glitter.",Confirmed,65 x 48 cm,,,,Framed on order,Tier 2,Standard contemporary,REPEAT,0.75,,,,,,,,
994,LIANGFU-994,Liang Fu,Anonyme,Confirmed,2023.01Liang FuHFPE,700,EUR,Confirmed,Under €1k,17500,25,Confirmed,,,HFPE,Public,Limited,Hybrid print,,n/a,09. Fully completed,,,,2023-01-19,,,,,Date confirmed (fully confirmed with artist),2023-Q1,,"Archival pigment print with blue pearlcoat detailing on 310gsm Hahnemühle German etching paper with deckled edges, uniquely hand-finished by the artist with clear matte medium and pearl pigment",Confirmed,50 x 40 cm,,,true,Framed on order,Tier 4,Standard contemporary,REPEAT,0.75,,,,,,,,
952,OKOKUME-952,Okokume,Sumergidos,Confirmed,22.12OkokumeSumergidos,850,EUR,Confirmed,Under €1k,42500,50,Confirmed,,,HFPE,Public,Limited,Silkscreen print,,n/a,09. Fully completed,0,,,2023-01-24,,,,,Date confirmed (fully confirmed with artist),2023-Q1,,"Hand pulled 12-colour silkscreen print on 300gsm Somerset Satin paper, with acrylic paint and matte varnish with diamond dust embellishment by the artist, finished with deckled edges",Confirmed,80cm x 70cm,,,true,Framed on order,Tier 3,Street & collectibles,REPEAT,0.85,,,,,,,,
343,DANIELLEM-343,Danielle Mckinney,Dream Catcher,Confirmed,2023.01Danielle MckPE,2250,EUR,Confirmed,€1k to €2.5k,67500,30,Confirmed,,,PE,Public,Limited,Silkscreen print,,n/a,09. Fully completed,0,,,2023-01-30,,,,,Date confirmed (fully confirmed with artist),2023-Q1,,"4 colour offset lithograph with 3 silkscreen colours, printed on 310gsm Somerset Tub Size paper with hand-torn edges",Confirmed,59.8 x 44.8 cm,,,,Framed on order,Tier 1,Standard contemporary,REPEAT,0.9,,,,,,,,
598,CALEBHAHN-598,Caleb Hahne Quintana,Ourselves Scattered Parts Of Earth,Confirmed,2023.01Caleb Hahne HFPE,800,EUR,Confirmed,Under €1k,24000,30,Confirmed,,,HFPE,Public,Limited,Complex print,,n/a,09. Fully completed,,,,2023-01-31,,,,,Date confirmed (fully confirmed with artist),2023-Q1,,"8-colour lithograph on BFK Rives 300gsm white paper with deckled edges, uniquely hand-finished by the artist with gouache",Confirmed,60 x 50 cm,,,true,Framed on order,Tier 3,Standard contemporary,REPEAT,1,,,,,,,,
615,KWESIBOTC-615,Kwesi Botchway,African Style,Confirmed,22.07KwesiAfricanStyle,3500,EUR,Confirmed,€2.5k to €5k,105000,30,Confirmed,,,HFPE,Public,Limited,Silkscreen print,,n/a,09. Fully completed,,,,2023-02-02,,,,,Date confirmed (fully confirmed with artist),2023-Q1,,"Hand-pulled, 44-colour silkscreen printed in 52-layers with bespoke gold and copper metallic ink, printed on 410gsm Somerset Tub Sized Radiant White paper. Uniquely hand-finished by the artist in acrylic paint.",Confirmed,110 x 95.3 cm,,,true,Framed on order,Tier 3,Standard contemporary,REPEAT,0.6,,,,,,,,
970,DADAKHANY-970,Dada Khanyisa,"I can’t change, even if I tried",Confirmed,2023.02Dada KhanyisHFPE,600,EUR,Confirmed,Under €1k,18000,30,Confirmed,,,HFPE,Public,Limited,Silkscreen print,,n/a,09. Fully completed,0,,,2023-02-08,,,,,Date confirmed (fully confirmed with artist),2023-Q1,,"Hand-pulled, 9 colour silk screen print on BFK Rives archival 100% cotton paper, hand-finished by the artist with Lyra Polycolor pencils",Confirmed,76.5 x 56 cm,,,true,Framed on order,Tier 3,Standard contemporary,REPEAT,0.75,,,,,,,,
838,DANIELCRE-838,Daniel Crews-Chubb,Immortal II (turquoise),Confirmed,2023.02Daniel CrewsPE,1500,EUR,Confirmed,€1k to €2.5k,52500,35,Confirmed,,,PE,Public,Limited,Digital print,,n/a,09. Fully completed,0,,,2023-02-16,,,,,Date confirmed (fully confirmed with artist),2023-Q1,,Archival pigment print on 350gsm Hahnemühle Museum Etching paper with hand-torn edges,Confirmed,76 x 58.5cm,,,,Framed on order,Tier 3,Street & collectibles,REPEAT,1,,,,,,,,
433,AYATAKANO-433,Aya Takano,Anthem (Detail),Confirmed,2023.02Aya TakanoPE,800,EUR,Confirmed,Under €1k,56000,70,Confirmed,,,PE,Draw,Limited,Digital print,,n/a,09. Fully completed,,,,2023-02-28,,,,,Date confirmed (fully confirmed with artist),2023-Q1,,Archival pigment print on laminated 550 gsm paper,Confirmed,60 x 41 cm,,,,No framing option,Tier 3,Standard contemporary,REPEAT,0.75,,,,,,,,
1347,YUNAGABA-1347,Yu Nagaba,Fishbowl,Confirmed,02.03YunagabaTL,300,EUR,Confirmed,Under €1k,114000,380,TL expected units confirmed,750,,TL,Timed,Timed,Silkscreen print,,24 hours,09. Fully completed,,,,2023-03-02,,,,2023-03-03,Date confirmed (fully confirmed with artist),2023-Q1,,"3 colour screenprint printed in 4 layers on Somerset Tub Sized Radiant White 410gsm paper, with cut edges.",Confirmed,50cm x 39cm,,,,No framing option,Tier 3,Street & collectibles,REPEAT,1,,,,,,,,
426,MAIKOKOBA-426,Maiko Kobayashi,Moving Colours,Confirmed,2023.03Maiko KobayaHFPE,1500,EUR,Confirmed,€1k to €2.5k,75000,50,Confirmed,,,HFPE,Public,Limited,Hybrid print,,n/a,09. Fully completed,,,,2023-03-07,,,,,Date confirmed (fully confirmed with artist),2023-Q1,,"Limited edition archival pigment print on Canson Infinity Printmaking Rag 310gsm paper with 6 screen printed spot colours, hand-finished by the artist with coloured pencils and oil pastels",Confirmed,60 x 60.2 cm,"Signed, dated and numbered by the artist",,true,Framed on order,Tier 3,Street & collectibles,REPEAT,0.75,,,,,,,,
1032,GABRIELLE-1032,Gabrielle Garland,Anything worth having hurts a little,Confirmed,2023.03Gabrielle GaTL,250,EUR,Confirmed,Under €1k,42500,170,TL expected units confirmed,250,,TL,Timed,Timed,,,24 hours,09. Fully completed,,,,2023-03-09,,,,2023-03-10,Date confirmed (fully confirmed with artist),2023-Q1,,"Archival Pigment print on Bright White 100% Smooth Cotton Rag 300gsm paper, with hand-finishing by the artist and cut edges.",Confirmed,60.96 x 60.96 cm,,,,No framing option,Tier 4,Street & collectibles,REPEAT,1,,,,,,,,
583,JOAKIMOJA-583,Joakim Ojanen,SPENDING THE DAY ON A STONE,Confirmed,14.03JOjanenStonePink,10000,EUR,Confirmed,Over €5k,80000,8,Confirmed,,,SE,Public,Limited,High cost 3D edition,,n/a,09. Fully completed,2,,,2023-03-14,,,,,Date confirmed (fully confirmed with artist),2023-Q1,,Polished Portuguese Pink and Guatemalan Green marble with bronze details Please note: The applications are made of bronze. Bronze has no protective treatment or patina so the metal will tend to darken over time.,Confirmed,44.7 × 25.0 × 18.0 cm (Variable),,,,No framing option,Tier 3,Standard contemporary,REPEAT,0.6,,,,,,,,
292,MICHAELKA-292,Michael Kagan,[UPDATED - 11 consigned] Moonwalker - Print edition,Confirmed,22.12MKaganMoonwalker,7000,EUR,Confirmed,Over €5k,175000,25,Confirmed,,,PE,Private,Limited,Silkscreen print,,n/a,09. Fully completed,0,,,2023-03-15,,,,,Date confirmed (fully confirmed with artist),2023-Q1,,25 colour silkscreen print with curable UV inks on 410gsm Somerset Tub Sized Radiant White paper,Confirmed,95 x 95 cm,,,,Framed on order,Tier 3,Standard contemporary,REPEAT,0.75,,,,,,,,
732,HYANGMOKB-732,Hyangmok Baik,I Know What You Did Last Summer,Confirmed,2023.03Hyangmok BaiHFPE,1000,EUR,Confirmed,€1k to €2.5k,50000,50,Confirmed,,,HFPE,Public,Limited,Hybrid print,,n/a,09. Fully completed,0,,,2023-03-16,,,,,Date confirmed (fully confirmed with artist),2023-Q1,,Archival pigment print on 350gsm Hahnemühle Museum Etching paper finished with variegated metal leaf and individually hand-finished in acrylic paint and oil stick,Confirmed,110 x 88.3 cm,,,true,Framed on order,Tier 3,Street & collectibles,REPEAT,0.75,,,,,,,,
399,CHRISHUEN-399,Chris Huen Sin Kan,"Joel, Tess and Haze",Confirmed,2023.03Chris Huen SHFPE,4000,EUR,Confirmed,€2.5k to €5k,100000,25,Confirmed,,,HFPE,Public,Limited,Hybrid print,,n/a,09. Fully completed,,,,2023-03-21,,,,,Date confirmed (fully confirmed with artist),2023-Q1,,"Archival pigment print with 5 unique screenprinted colour blends on 330gsm Somerset Enhanced Satin paper, with deckled edges and individually hand-finished with watercolour by the artist",Confirmed,82 x 95 cm,,,true,Framed on order,Tier 3,Standard contemporary,REPEAT,0.75,,,,,,,,
887,JAVIERCAL-887,Javier Calleja,Once,Confirmed,23.03JavierCallejaTL,600,EUR,Confirmed,Under €1k,31200,52,TL expected units confirmed,750,,TL,Timed,Timed,Hybrid print,,24 hours,09. Fully completed,0,,,2023-03-23,,,,2023-03-24,Date confirmed (fully confirmed with artist),2023-Q1,,"Hybrid UV flatbed pigment print with red silkscreen details, varnishes, and embossment on Somerset Tub Sized Radiant White 410gsm fine art paper, with cut edges.",Confirmed,53.7cm (H) X 55cm (W),,,,Framed on order,Tier 1,Street & collectibles,REPEAT,1,,,,,,,,
1519,JAVIERCAL-1519,Javier Calleja,Once in my Life,Confirmed,23.03JavierCallejaTL,1000,EUR,Confirmed,€1k to €2.5k,928000,928,TL expected units confirmed,1500,,TL,Timed,Timed,Hybrid print,,24 hours,09. Fully completed,0,,,2023-03-23,,,,2023-03-24,Date confirmed (fully confirmed with artist),2023-Q1,,"Hybrid UV flatbed pigment print with red silkscreen details, varnishes, and embossment on Somerset Tub Sized Radiant White 410gsm fine art paper, with cut edges.",Confirmed,53.7cm (H) X 55cm (W) (per print),,,,Framed on order,Tier 1,Street & collectibles,REPEAT,1,,,,,,,,
1433,JAVIERCAL-1433,Javier Calleja,in my Life,Confirmed,23.03JavierCallejaTL,600,EUR,Confirmed,Under €1k,25200,42,TL expected units confirmed,750,,TL,Timed,Timed,Hybrid print,,24 hours,09. Fully completed,,,,2023-03-23,,,,2023-03-24,Date confirmed (fully confirmed with artist),2023-Q1,,"Hybrid UV flatbed pigment print with red silkscreen details, varnishes, and embossment on Somerset Tub Sized Radiant White 410gsm fine art paper, with cut edges.",Confirmed,53.7cm (H) X 55cm (W),,,,Framed on order,Tier 1,Street & collectibles,REPEAT,1,,,,,,,,
950,PRUNENOUR-950,Prune Nourry,Mater Earth,Confirmed,2023.03Prune NourryPE,850,EUR,Confirmed,Under €1k,25500,30,Confirmed,15,,PE,Public,Limited,Silkscreen print,,n/a,09. Fully completed,,,,2023-03-28,,,,,Date confirmed (fully confirmed with artist),2023-Q1,,"Hand-cut lithograph printed on a Marinoni Voirin press on BFK 270g Rives paper, signed and numbered by the artist",Confirmed,47 cm x 33 cm,,,,Framed on order,Tier 3,Standard contemporary,REPEAT,0.75,,,,,,,,
1584,MPKOZ-1584,mpkoz,Platform test - Metropolis,Pending,2023.03MpkozPlatformPE,500,EUR,Initial estimate,,50000,100,Estimate,,,PE,External (not AA),Limited,Silkscreen print,,n/a,09. Fully completed,,,,2023-03-28,,,,,Date confirmed (fully confirmed with artist),2023-Q1,,,Pending,90 cm x 60 cm,,,,No framing option,Tier 2,NFT,REPEAT,,,,,,,,,
1341,AIWEIWEI-1341,Ai Weiwei,Middle Finger in Red,Confirmed,30.03AiweiweiTL,410,EUR,Confirmed,Under €1k,526850,1285,Confirmed,1000,,TL,Timed,Timed,Silkscreen print,,24 hours,09. Fully completed,,,,2023-03-30,,,,2023-03-31,Date confirmed (fully confirmed with artist),2023-Q1,,Handmade 2-colour silkscreen print on Somerset Tub Sized Satin White 410gsm paper,Confirmed,60 x 60cm,,,,No framing option,Tier 1,Blue chip contemporary,REPEAT,1,,,,,,,,
579,GRANTLEVY-579,Grant Levy-Lucero,"de la Rosa, Dulcería La Moderna",Confirmed,2023.04Grant Levy-LSE,2000,EUR,Confirmed,€1k to €2.5k,50000,25,Confirmed,,,SE,Public,Limited,Mid cost 3D edition,,n/a,09. Fully completed,0,,,2023-04-04,,,,,Date confirmed (fully confirmed with artist),2023-Q2,,"Cast ceramic vase, hand-decorated and signed by the artist",Confirmed,38 x 28 x 28 cm,,,,No framing option,Tier 3,Standard contemporary,REPEAT,0.75,,,,,,,,
674,ROOOLOU-674,Rooo Lou,Earnest,Confirmed,2023.04Rooo LouPE,500,EUR,Confirmed,Under €1k,15000,30,Confirmed,,,PE,Public,Limited,Digital print,,n/a,09. Fully completed,,,,2023-04-05,,,,,Date confirmed (fully confirmed with artist),2023-Q2,,Archival pigment print on 300gsm Somerset Photo Satin Brilliant White paper,Confirmed,70 x 60 cm,,,,Framed on order,Tier 3,Street & collectibles,REPEAT,0.75,,,,,,,,
1324,DEBORAHBR-1324,Deborah Brown,March Snowstorm,Confirmed,2023.04Deborah BrowPE,600,EUR,Confirmed,Under €1k,30000,50,Confirmed,,,PE,Public,Limited,Digital print,,n/a,09. Fully completed,,,,2023-04-06,,,,,Date confirmed (fully confirmed with artist),2023-Q2,,UV pigment print on Somerset Tub Sized Satin White 310gsm paper.,Confirmed,71.8 x 80.0 cm,,,,Framed on order,Tier 3,Standard contemporary,REPEAT,0.75,,,,,,,,
1164,TAKERUAMA-1164,Takeru Amano,Venus,Confirmed,2023.04Takeru AmanoPE,500,EUR,Confirmed,Under €1k,50000,100,Confirmed,,,PE,Public,Limited,Silkscreen print,,n/a,09. Fully completed,,,,2023-04-11,,,,,Date confirmed (fully confirmed with artist),2023-Q2,,"7 colour silkscreen print on Somerset Satin Radiant White Tub size 410gsm paper, with deckled edges.",Confirmed,54cm x 80cm,,,,Framed on order,Tier 3,Street & collectibles,REPEAT,0.75,,,,,,,,
1569,KATIEHECT-1569,Katie Hector,Studio Works | 10 Year Plan,Confirmed,2023.04Katie HectorOG,1700,EUR,Confirmed,€1k to €2.5k,1700,1,Confirmed,,,WP,Public,Limited,Unique work,,n/a,09. Fully completed,,,,2023-04-19,,,,,Date confirmed (fully confirmed with artist),2023-Q2,,"10 Year Plan, 2023 Oil stick, wax, and watercolour on paper 17 x 14 inches (43.18 x 35.56 cm)",Confirmed,43.18 x 35.56 cm,,,,Full Edition Framed,Tier 4,Standard contemporary,REPEAT,,,,,,,,,
1568,KATIEHECT-1568,Katie Hector,"Studio Works | Ecstasy, 2023",Confirmed,2023.04Katie HectorOG,1700,EUR,Confirmed,€1k to €2.5k,1700,1,Confirmed,,,WP,Public,Limited,Unique work,,n/a,09. Fully completed,,,,2023-04-19,,,,,Date confirmed (fully confirmed with artist),2023-Q2,,"Ecstasy, 2023 Oil stick, wax, and watercolor on paper 17 x 14 inches (43.18 x 35.56 cm)",Confirmed,43.18 x 35.56 cm,,,,Full Edition Framed,Tier 4,Standard contemporary,REPEAT,,,,,,,,,
1400,KATIEHECT-1400,Katie Hector,Studio Works | New Hope,Confirmed,2023.04Katie HectorOG,2450,EUR,Confirmed,€1k to €2.5k,2450,1,Confirmed,,,OG,Public,Limited,Unique work,,n/a,09. Fully completed,,,,2023-04-19,,,,,Date confirmed (fully confirmed with artist),2023-Q2,,"New Hope Bleach and dye on canvas 20 x 16 inches (50.8 x 40.64 cm) 2023 €2,450 (not incl. framing)",Confirmed,50.8 x 40.64 cm,,,,No framing option,Tier 4,Standard contemporary,REPEAT,,,,,,,,,
1567,KATIEHECT-1567,Katie Hector,Studio Works | Skeptical Self,Confirmed,2023.04Katie HectorOG,2450,EUR,Confirmed,€1k to €2.5k,2450,1,Confirmed,,,OG,Public,Limited,Unique work,,n/a,09. Fully completed,,,,2023-04-19,,,,,Date confirmed (fully confirmed with artist),2023-Q2,,"Skeptical Self Bleach and dye on canvas 20 x 16 inches (50.8 x 40.64 cm) 2023 €2,450 (not incl. framing)",Confirmed,50.8 x 40.64 cm,,,,No framing option,Tier 4,Standard contemporary,REPEAT,,,,,,,,,
1564,KPEINNOCE-1564,Kpe Innocent,Studio Works | A Place for Everyone at the Table,Confirmed,2023.04Kpe InnocentOG,1080,EUR,Confirmed,€1k to €2.5k,1080,1,Confirmed,,,WP,Public,Limited,Unique work,,n/a,09. Fully completed,,,,2023-04-19,,,,,Date confirmed (fully confirmed with artist),2023-Q2,,A Place for Everyone at the Table Colour Pencil on Acid Free Paper (240gsm) 29.7 x 21 cm 2023,Confirmed,29.7 x 21 cm,TBC,,,Full Edition Framed,Tier 4,Standard contemporary,REPEAT,,,,,,,,,
1565,KPEINNOCE-1565,Kpe Innocent,Studio Works | Big Steps,Confirmed,2023.04Kpe InnocentOG,1080,EUR,Confirmed,€1k to €2.5k,1080,1,Confirmed,,,WP,Public,Limited,Unique work,,n/a,09. Fully completed,,,,2023-04-19,,,,,Date confirmed (fully confirmed with artist),2023-Q2,,Big Steps Colour Pencil on Acid Free Paper (240gsm) 29.7 x 21 cm 2023,Confirmed,29.7 x 21 cm,TBC,,,Full Edition Framed,Tier 4,Standard contemporary,REPEAT,,,,,,,,,
1336,KPEINNOCE-1336,Kpe Innocent,"Studio Works | Daily Provision, 2023",Confirmed,2023.04Kpe InnocentOG,1080,EUR,Confirmed,€1k to €2.5k,1080,1,Confirmed,,,WP,Public,Limited,Unique work,,n/a,09. Fully completed,,,,2023-04-19,,,,,Date confirmed (fully confirmed with artist),2023-Q2,,Daily Provision Colour Pencil on Acid Free Paper (240gsm) 29.7 x 21 cm 2023,Confirmed,29.7 x 21 cm,TBC,,,Full Edition Framed,Tier 4,Standard contemporary,REPEAT,,,,,,,,,
1563,KPEINNOCE-1563,Kpe Innocent,Studio Works | Here to Harvest,Confirmed,2023.04Kpe InnocentOG,1080,EUR,Confirmed,€1k to €2.5k,1080,1,Confirmed,,,WP,Public,Limited,Unique work,,n/a,09. Fully completed,,,,2023-04-19,,,,,Date confirmed (fully confirmed with artist),2023-Q2,,Here to Harvest Graphite and Colour Pencil on Acid Free Paper (240gsm) 29.7 x 21 cm 2023,Confirmed,29.7 x 21 cm,TBC,,,Full Edition Framed,Tier 4,Standard contemporary,REPEAT,,,,,,,,,
1334,MINHEEKIM-1334,Minhee Kim,"Studio Works | LANGLEY, 2022",Confirmed,2023.04Minhee KimOG,1300,EUR,Confirmed,€1k to €2.5k,1300,1,Confirmed,,,OG,Public,Limited,Unique work,,n/a,09. Fully completed,,,,2023-04-19,,,,,Date confirmed (fully confirmed with artist),2023-Q2,,"01\. LANGLEY, 2022 Oil on canvas 45 x 45 cm",Confirmed,45 x 45 cm,TBC,,,No framing option,Tier 4,Standard contemporary,REPEAT,,,,,,,,,
1566,MINHEEKIM-1566,Minhee Kim,"Studio Works | TERESA, 2022",Confirmed,2023.04Minhee KimOG,1300,EUR,Confirmed,€1k to €2.5k,1300,1,Confirmed,,,OG,Public,Limited,Unique work,,n/a,09. Fully completed,,,,2023-04-19,,,,,Date confirmed (fully confirmed with artist),2023-Q2,,"TERESA, 2022 Oil on canvas 45 x 45 cm",Confirmed,45 x 45 cm,TBC,,,No framing option,Tier 4,Standard contemporary,REPEAT,,,,,,,,,
1333,PABLOTOME-1333,Pablo Tomek,"Studio Works | Shotgun 1, 2022",Confirmed,2023.04Pablo TomekOG,6000,EUR,Confirmed,Over €5k,6000,1,Confirmed,,,OG,Public,Limited,Unique work,,n/a,09. Fully completed,,,,2023-04-19,,,,,Date confirmed (fully confirmed with artist),2023-Q2,,"Shotgun 1, 2022 Acrylic on canvas 85 x 65cm",Confirmed,85 x 65 cm,TBC,,,No framing option,Tier 4,Standard contemporary,REPEAT,,,,,,,,,
1570,PABLOTOME-1570,Pablo Tomek,"Studio Works | Shotgun 2, 2022",Confirmed,2023.04Pablo TomekOG,6000,EUR,Confirmed,Over €5k,6000,1,Confirmed,,,OG,Public,Limited,Unique work,,n/a,09. Fully completed,,,,2023-04-19,,,,,Date confirmed (fully confirmed with artist),2023-Q2,,"Shotgun 2, 2022 Acrylic on canvas 85 x 65cm",Confirmed,85 x 65 cm,TBC,,,No framing option,Tier 4,Standard contemporary,REPEAT,,,,,,,,,
1571,PABLOTOME-1571,Pablo Tomek,"Studio Works | Shotgun 3, 2022",Confirmed,2023.04Pablo TomekOG,6000,EUR,Confirmed,Over €5k,6000,1,Confirmed,,,OG,Public,Limited,Unique work,,n/a,09. Fully completed,,,,2023-04-19,,,,,Date confirmed (fully confirmed with artist),2023-Q2,,"Shotgun 3, 2022 Acrylic on canvas 85 x 65cm",Confirmed,85 x 65 cm,TBC,,,No framing option,Tier 4,Standard contemporary,REPEAT,,,,,,,,,
589,HIKARISHI-589,Hikari Shimoda,Children of this Planet 38,Confirmed,2023.04Hikari ShimoSE,3000,EUR,Confirmed,€2.5k to €5k,150000,50,Confirmed,,,SE,Public,Limited,Mid cost 3D edition,,n/a,09. Fully completed,0,,,2023-04-20,,,,,Date confirmed (fully confirmed with artist),2023-Q2,,Dichroic resin head with eyes in a metal painted finish,Confirmed,30.1 x 19.2 x 25.2 cm,,,,No framing option,Tier 2,Street & collectibles,REPEAT,0.5,,,,,,,,
872,CHENWEIT-872,Chen Wei Ting,Poetic fragments,Confirmed,2023.04Chen Wei TinPE,1200,EUR,Confirmed,€1k to €2.5k,30000,25,Confirmed,,,PE,Public,Limited,Hybrid print,,n/a,09. Fully completed,,,,2023-04-27,,,,,Date confirmed (fully confirmed with artist),2023-Q2,,"Archival pigment prints on Hahnemühle Museum Etching 350gsm paper, finished with a silkscreen varnish seal",Confirmed,60 x 47.8 cm,,,,Framed on order,Tier 3,Very hype,REPEAT,0.75,,,,,,,,
1337,NINACHANE-1337,Nina Chanel Abney,Super Cool World,Confirmed,14.04NinaChanelTL,750,EUR,Confirmed,Under €1k,600000,800,Confirmed,500,,TL,Timed,Timed,Hybrid print,,24 hours,09. Fully completed,,,,2023-04-28,,,,2023-04-29,Date confirmed (fully confirmed with artist),2023-Q2,,"UV pigment print with a matte varnish seal on Somerset Tub Sized Radiant White 410gsm paper, including a bespoke ink hand-stamped design and unique QR code",Confirmed,35.6 x 35.6 cm,,,,Framed on order,Tier 2,Street & collectibles,REPEAT,1,,,,,,,,
888,KEITAMORI-888,Keita Morimoto,Cityscape,Confirmed,2023.05Keita MorimoPE,800,EUR,Confirmed,Under €1k,28000,35,Confirmed,,,PE,Draw,Limited,Hybrid print,,n/a,09. Fully completed,,,,2023-05-04,,,,,Date confirmed (fully confirmed with artist),2023-Q2,,UV pigment print with phosphorescent glow-in-the-dark silkscreen detail on Somerset Tub Sized Radiant White 410gsm paper,Confirmed,62 x 50 cm,,,,Framed on order,Tier 2,Street & collectibles,REPEAT,0.75,,,,,,,,
687,SARAHMORR-687,Sarah Morris,Industry,Confirmed,2023.04Sarah MorrisPE,3500,EUR,Confirmed,€1k to €2.5k,175000,50,Confirmed,,,PE,Public,Limited,Silkscreen print,,n/a,09. Fully completed,,,,2023-05-05,,,,,Date confirmed (fully confirmed with artist),2023-Q2,,11-colour silkscreen print with gloss varnish on 410gsm Somerset Tub Sized Radiant White paper,Confirmed,115.7 x 85.7 cm,,,,Framed on order,Tier 3,Standard contemporary,REPEAT,0.75,,,,,,,,
1574,SHIGEKIMA-1574,Shigeki Matsuyama,Portrait of dazzle 150,Confirmed,2023.05Shigeki MatsPE,4800,EUR,Confirmed,,4800,1,Confirmed,,,OG,Private,Limited,Unique work,,n/a,09. Fully completed,,,,2023-05-09,,,,,Date confirmed (fully confirmed with artist),2023-Q2,,Acrylic on canvas,Confirmed,91 x 91 cm,,,,No framing option,Tier 3,Standard contemporary,REPEAT,,,,,,,,,
733,SHIGEKIMA-733,Shigeki Matsuyama,Portrait of dazzle 150-P,Confirmed,2023.05Shigeki MatsPE,800,EUR,Confirmed,Under €1k,40000,50,Confirmed,,,PE,Public,Limited,Digital print,,n/a,09. Fully completed,,,,2023-05-09,,,,,Date confirmed (fully confirmed with artist),2023-Q2,,UV pigment print on Somerset Tub Sized Radiant White 410gsm.,Confirmed,80 x 80 cm,,,,Framed on order,Tier 3,Standard contemporary,REPEAT,0.75,,,,,,,,
1344,AIWEIWEI-1344,Ai Weiwei,Free Speech,Confirmed,11.05AiweiweiPE,1200,EUR,Confirmed,€1k to €2.5k,120000,100,Confirmed,,,PE,Public,Limited,Silkscreen print,,n/a,09. Fully completed,,,,2023-05-11,,,,,Date confirmed (fully confirmed with artist),2023-Q2,,Handmade 11-colour silkscreen print on Somerset Tub Sized Radiant White 600gsm paper with spot varnish and glow in the dark phosphorescent ink,Confirmed,60 x 60cm,,,,Framed on order,Tier 1,Blue chip contemporary,REPEAT,0.75,,,,,,,,
1342,AIWEIWEI-1342,Ai Weiwei,Human Flow,Confirmed,11.05AiweiweiPE,1250,EUR,Confirmed,€1k to €2.5k,125000,100,Confirmed,,,PE,Public,Limited,Digital print,,n/a,09. Fully completed,,,,2023-05-11,,,,,Date confirmed (fully confirmed with artist),2023-Q2,,"UV flatbed pigment print on silver metal aluminium composite, framed in a matte white open-grain tray frame",Confirmed,55 x 55cm (print); 57.2 x 57.2 (ext. frame),,,,Full Edition Framed,Tier 1,Blue chip contemporary,REPEAT,0.8,,,,,,,,
1343,AIWEIWEI-1343,Ai Weiwei,Middle Finger in Black,Confirmed,11.05AiweiweiPE,900,EUR,Confirmed,Under €1k,90000,100,Confirmed,,,PE,Public,Limited,Silkscreen print,,n/a,09. Fully completed,,,,2023-05-11,,,,,Date confirmed (fully confirmed with artist),2023-Q2,,Handmade 2-colour silkscreen print on Somerset Tub Sized Radiant White 600gsm paper with white gold leaf detail,Confirmed,60 x 60cm,,,,Framed on order,Tier 1,Blue chip contemporary,REPEAT,0.8,,,,,,,,
632,JOSÉPARLÁ-632,José Parlá,Seeing in Phosphene,Confirmed,06.06JoseParlaTL,550,EUR,Confirmed,Under €1k,209000,380,Confirmed,1000,,TL,Timed,Timed,Digital print,,24 hours,09. Fully completed,,,,2023-05-17,,,,2023-05-18,Date confirmed (fully confirmed with artist),2023-Q2,,UV pigment print with a matte varnish seal on Somerset Tub Sized Radiant White 410gsm paper,Confirmed,53.6 x 83.8,Prints signed on front by the artist. COAs will come with a custom emboss Parla logo.,,,Framed on order,Tier 2,Street & collectibles,REPEAT,0.75,,,,,,,,
783,JENNAGRIB-783,Jenna Gribbon,Glaring Shade,Confirmed,2023.05Jenna GribboHFPE,10000,EUR,Confirmed,€2.5k to €5k,120000,12,Confirmed,,,PE,Enquiry,Limited,Silkscreen print,,n/a,09. Fully completed,0,,,2023-05-18,,,,,Date confirmed (fully confirmed with artist),2023-Q2,,"Series of unique monoprints using etching and lithography inks, printed on Rives BFK bright white paper",Confirmed,57 x 76.3 cm,,,,Full Edition Framed,Tier 2,Standard contemporary,REPEAT,0.8,,,,,,,,
866,DEBORAHSE-866,Deborah Segun,Sweet bloom (blue),Confirmed,2023.05Deborah SeguPE,600,EUR,Confirmed,Under €1k,6000,10,Confirmed,,,PE,Public,Limited,Hybrid print,,n/a,09. Fully completed,Orange,,,2023-05-23,,,,,Date confirmed (fully confirmed with artist),2023-Q2,,Archival pigment print with 2 silkscreen layers and varnish detailing on Hahnemühle Photo Rag Satin 310gsm paper,Confirmed,78.9 x 78.9 cm,,,,Framed on order,Tier 4,Standard contemporary,REPEAT,0.75,,,,,,,,
491,DEBORAHSE-491,Deborah Segun,Sweet bloom (purple),Confirmed,2023.05Deborah SeguPE,600,EUR,Confirmed,Under €1k,6000,10,Confirmed,,,PE,Public,Limited,Hybrid print,,n/a,09. Fully completed,Green,,,2023-05-23,,,,,Date confirmed (fully confirmed with artist),2023-Q2,,Archival pigment print with 2 silkscreen layers and varnish detailing on Hahnemühle Photo Rag Satin 310gsm paper,Confirmed,78.9 x 78.9 cm,,,,Framed on order,Tier 4,Standard contemporary,REPEAT,0.75,,,,,,,,
867,DEBORAHSE-867,Deborah Segun,Sweet bloom (yellow),Confirmed,2023.05Deborah SeguPE,600,EUR,Confirmed,Under €1k,6000,10,Confirmed,,,PE,Public,Limited,Hybrid print,,n/a,09. Fully completed,Pink,,,2023-05-23,,,,,Date confirmed (fully confirmed with artist),2023-Q2,,Archival pigment print with 2 silkscreen layers and varnish detailing on Hahnemühle Photo Rag Satin 310gsm paper,Confirmed,78.9 x 78.9 cm,,,,Framed on order,Tier 4,Standard contemporary,REPEAT,0.75,,,,,,,,
374,JOHNSONTS-374,Johnson Tsang,Blockade Line,Confirmed,2023.07Johnson TsanSE,600,EUR,Confirmed,Under €1k,60000,100,Confirmed,,,SE,,Limited,Low cost 3D edition,,n/a,09. Fully completed,,,,2023-05-25,,,,,Date confirmed (fully confirmed with artist),2023-Q2,,"Painted, dry cast and porcelain filled resin sculpture wrapped in red cord",Confirmed,23.5 x 15 x 14 cm,,,,No framing option,Tier 2,Home & design,REPEAT,0.75,,,,,,,,
785,AARONJOHN-785,Aaron Johnson,Suburban Dreams,Confirmed,2023.05Aaron JohnsoPE,1000,EUR,Confirmed,€1k to €2.5k,30000,30,Confirmed,,,PE,Draw,Limited,Hybrid print,,n/a,09. Fully completed,,,,2023-05-31,,,,,Date confirmed (fully confirmed with artist),2023-Q2,,UV pigment and silkscreen hybrid print with matt silkscreen varnish and sparkle gloss varnish detail on Somerset Tub Sized Radiant White 410gsm paper,Confirmed,55 x 67.3 cm,,,,Framed on order,Tier 3,Standard contemporary,REPEAT,0.75,,,,,,,,
1280,MAXWELLMU-1280,Maxwell Mustardo,Blue & Green Amphora,Confirmed,2023.06Maxwell MustSE,3000,EUR,Confirmed,€2.5k to €5k,3000,1,Confirmed,,,SE,Public,Limited,Unique work,,n/a,09. Fully completed,,,,2023-06-01,,,,,Date confirmed (fully confirmed with artist),2023-Q2,,"Stoneware, glaze and PVC rubber",Confirmed,15.1 x 17.5 x 28.9 cm,,,,No framing option,Tier 3,Standard contemporary,REPEAT,,,,,,,,,
1291,MAXWELLMU-1291,Maxwell Mustardo,Blue & Green Amphora 2,Confirmed,2023.06Maxwell MustSE,4000,EUR,Confirmed,€2.5k to €5k,4000,1,Confirmed,,,SE,Public,Limited,Unique work,,n/a,09. Fully completed,,,,2023-06-01,,,,,Date confirmed (fully confirmed with artist),2023-Q2,,"Stoneware, glaze and PVC rubber",Confirmed,22.5 x 23.5 x 46.7 cm,,,,No framing option,Tier 3,Standard contemporary,REPEAT,,,,,,,,,
1294,MAXWELLMU-1294,Maxwell Mustardo,Blue & Green Amphora 3,Confirmed,2023.06Maxwell MustSE,4500,EUR,Confirmed,€2.5k to €5k,4500,1,Confirmed,,,SE,Public,Limited,Unique work,,n/a,09. Fully completed,,,,2023-06-01,,,,,Date confirmed (fully confirmed with artist),2023-Q2,,"Stoneware, glaze and PVC rubber",Confirmed,14.9 x 22.5 x 53.5 cm,,,,No framing option,Tier 3,Standard contemporary,REPEAT,,,,,,,,,
1278,MAXWELLMU-1278,Maxwell Mustardo,Blue & Green Pitcher,Confirmed,2023.06Maxwell MustSE,2500,EUR,Confirmed,€2.5k to €5k,2500,1,Confirmed,,,SE,Public,Limited,Unique work,,n/a,09. Fully completed,,,,2023-06-01,,,,,Date confirmed (fully confirmed with artist),2023-Q2,,"Stoneware, glaze and PVC rubber",Confirmed,17.9 x 15.0 x 25.0 cm,,,,No framing option,Tier 3,Standard contemporary,REPEAT,,,,,,,,,
1290,MAXWELLMU-1290,Maxwell Mustardo,Blue & Green Pitcher 2,Confirmed,2023.06Maxwell MustSE,4000,EUR,Confirmed,€2.5k to €5k,4000,1,Confirmed,,,SE,Public,Limited,Unique work,,n/a,09. Fully completed,,,,2023-06-01,,,,,Date confirmed (fully confirmed with artist),2023-Q2,,"Stoneware, glaze and PVC rubber",Confirmed,13.5 x 17.5 x 43.2 cm,,,,No framing option,Tier 3,Standard contemporary,REPEAT,,,,,,,,,
1281,MAXWELLMU-1281,Maxwell Mustardo,Blue & Orange Amphora,Confirmed,2023.06Maxwell MustSE,3000,EUR,Confirmed,€2.5k to €5k,3000,1,Confirmed,,,SE,Public,Limited,Unique work,,n/a,09. Fully completed,,,,2023-06-01,,,,,Date confirmed (fully confirmed with artist),2023-Q2,,"Stoneware, glaze and PVC rubber",Confirmed,10.6 x 13.7 x 28.2 cm,,,,No framing option,Tier 3,Standard contemporary,REPEAT,,,,,,,,,
1286,MAXWELLMU-1286,Maxwell Mustardo,Blue & Orange Amphora 2,Confirmed,2023.06Maxwell MustSE,3500,EUR,Confirmed,€2.5k to €5k,3500,1,Confirmed,,,SE,Public,Limited,Unique work,,n/a,09. Fully completed,,,,2023-06-01,,,,,Date confirmed (fully confirmed with artist),2023-Q2,,"Stoneware, glaze and PVC rubber",Confirmed,20.4 x 23.0 x 37.5 cm,,,,No framing option,Tier 3,Standard contemporary,REPEAT,,,,,,,,,
1289,MAXWELLMU-1289,Maxwell Mustardo,Blue & Pink Amphora,Confirmed,2023.06Maxwell MustSE,4000,EUR,Confirmed,€2.5k to €5k,4000,1,Confirmed,,,SE,Public,Limited,Unique work,,n/a,09. Fully completed,,,,2023-06-01,,,,,Date confirmed (fully confirmed with artist),2023-Q2,,"Stoneware, glaze and PVC rubber",Confirmed,22.5 x 22.5 x 41.2 cm,,,,No framing option,Tier 3,Standard contemporary,REPEAT,,,,,,,,,
1292,MAXWELLMU-1292,Maxwell Mustardo,Blue & Pink Amphora 2,Confirmed,2023.06Maxwell MustSE,5000,EUR,Confirmed,€2.5k to €5k,5000,1,Confirmed,,,SE,Public,Limited,Unique work,,n/a,09. Fully completed,,,,2023-06-01,,,,,Date confirmed (fully confirmed with artist),2023-Q2,,Stoneware and plastic,Confirmed,13.0 x 15.2 x 48.0 cm,,,,No framing option,Tier 3,Standard contemporary,REPEAT,,,,,,,,,
1295,MAXWELLMU-1295,Maxwell Mustardo,Blue & Pink Amphora 3,Confirmed,2023.06Maxwell MustSE,4500,EUR,Confirmed,€2.5k to €5k,4500,1,Confirmed,,,SE,Public,Limited,Unique work,,n/a,09. Fully completed,,,,2023-06-01,,,,,Date confirmed (fully confirmed with artist),2023-Q2,,"Stoneware, glaze and PVC rubber",Confirmed,19.2 x 19.5 x 49.5 cm,,,,No framing option,Tier 3,Standard contemporary,REPEAT,,,,,,,,,
1274,MAXWELLMU-1274,Maxwell Mustardo,Blue & Pink Mug,Confirmed,2023.06Maxwell MustSE,1000,EUR,Confirmed,€1k to €2.5k,1000,1,Confirmed,,,SE,Public,Limited,Unique work,,n/a,09. Fully completed,,,,2023-06-01,,,,,Date confirmed (fully confirmed with artist),2023-Q2,,"Stoneware, glaze and PVC rubber",Confirmed,12.0 x 15.5 x 11.8 cm,,,,No framing option,Tier 3,Standard contemporary,REPEAT,,,,,,,,,
1282,MAXWELLMU-1282,Maxwell Mustardo,Blue & Pink Teapot,Confirmed,2023.06Maxwell MustSE,3000,EUR,Confirmed,€2.5k to €5k,3000,1,Confirmed,,,SE,Public,Limited,Unique work,,n/a,09. Fully completed,,,,2023-06-01,,,,,Date confirmed (fully confirmed with artist),2023-Q2,,"Stoneware, glaze and PVC rubber",Confirmed,14.6 x 15.2 x 29.7 cm,,,,No framing option,Tier 3,Standard contemporary,REPEAT,,,,,,,,,
1296,MAXWELLMU-1296,Maxwell Mustardo,Blue Amphora,Confirmed,2023.06Maxwell MustSE,4500,EUR,Confirmed,€2.5k to €5k,4500,1,Confirmed,,,SE,Public,Limited,Unique work,,n/a,09. Fully completed,,,,2023-06-01,,,,,Date confirmed (fully confirmed with artist),2023-Q2,,"Stoneware, glaze and PVC rubber",Confirmed,23.3 x 24.6 x 48.4 cm,,,,No framing option,Tier 3,Standard contemporary,REPEAT,,,,,,,,,
1285,MAXWELLMU-1285,Maxwell Mustardo,Blurple Amphora,Confirmed,2023.06Maxwell MustSE,3500,EUR,Confirmed,€2.5k to €5k,3500,1,Confirmed,,,SE,Public,Limited,Unique work,,n/a,09. Fully completed,,,,2023-06-01,,,,,Date confirmed (fully confirmed with artist),2023-Q2,,"Stoneware, glaze and PVC rubber",Confirmed,17.1 x 17.5 x 38.3 cm,,,,No framing option,Tier 3,Standard contemporary,REPEAT,,,,,,,,,
1276,MAXWELLMU-1276,Maxwell Mustardo,Green & Blue Pitcher,Confirmed,2023.06Maxwell MustSE,2500,EUR,Confirmed,€1k to €2.5k,2500,1,Confirmed,,,SE,Public,Limited,Unique work,,n/a,09. Fully completed,,,,2023-06-01,,,,,Date confirmed (fully confirmed with artist),2023-Q2,,"Stoneware, glaze and PVC rubber",Confirmed,14.9 x 17.0 x 20.2 cm,,,,No framing option,Tier 3,Standard contemporary,REPEAT,,,,,,,,,
1288,MAXWELLMU-1288,Maxwell Mustardo,Orange & Black Amphora,Confirmed,2023.06Maxwell MustSE,4000,EUR,Confirmed,€2.5k to €5k,4000,1,Confirmed,,,SE,Public,Limited,Unique work,,n/a,09. Fully completed,,,,2023-06-01,,,,,Date confirmed (fully confirmed with artist),2023-Q2,,Stoneware and glaze,Confirmed,23.7 x 24.0 x 41.3 cm,,,,No framing option,Tier 3,Standard contemporary,REPEAT,,,,,,,,,
1275,MAXWELLMU-1275,Maxwell Mustardo,Orange & Pink Amphora,Confirmed,2023.06Maxwell MustSE,2500,EUR,Confirmed,€1k to €2.5k,2500,1,Confirmed,,,SE,Public,Limited,Unique work,,n/a,09. Fully completed,,,,2023-06-01,,,,,Date confirmed (fully confirmed with artist),2023-Q2,,"Stoneware, glaze and PVC rubber",Confirmed,20.2 x 22.4 x 35.0 cm,,,,No framing option,Tier 3,Standard contemporary,REPEAT,,,,,,,,,
1287,MAXWELLMU-1287,Maxwell Mustardo,Orange & Pink Amphora 2,Confirmed,2023.06Maxwell MustSE,3500,EUR,Confirmed,€2.5k to €5k,3500,1,Confirmed,,,SE,Public,Limited,Unique work,,n/a,09. Fully completed,,,,2023-06-01,,,,,Date confirmed (fully confirmed with artist),2023-Q2,,"Stoneware, glaze and PVC rubber",Confirmed,16.8 x 16.5 x 39.4 cm,,,,No framing option,Tier 3,Standard contemporary,REPEAT,,,,,,,,,
1272,MAXWELLMU-1272,Maxwell Mustardo,Pink & Orange Mug,Confirmed,2023.06Maxwell MustSE,1000,EUR,Confirmed,€1k to €2.5k,1000,1,Confirmed,,,SE,Public,Limited,Unique work,,n/a,09. Fully completed,,,,2023-06-01,,,,,Date confirmed (fully confirmed with artist),2023-Q2,,"Stoneware, glaze and PVC rubber",Confirmed,9.6 x 12.0 x 7.9 cm,,,,No framing option,Tier 3,Standard contemporary,REPEAT,,,,,,,,,
1283,MAXWELLMU-1283,Maxwell Mustardo,Pink & Yellow Amphora,Confirmed,2023.06Maxwell MustSE,3500,EUR,Confirmed,€2.5k to €5k,3500,1,Confirmed,,,SE,Public,Limited,Unique work,,n/a,09. Fully completed,,,,2023-06-01,,,,,Date confirmed (fully confirmed with artist),2023-Q2,,"Stoneware, glaze and PVC rubber",Confirmed,23.1 x 22.6 x 36.5 cm,,,,No framing option,Tier 3,Standard contemporary,REPEAT,,,,,,,,,
1297,MAXWELLMU-1297,Maxwell Mustardo,Pink & Yellow Amphora 2,Confirmed,2023.06Maxwell MustSE,3000,EUR,Confirmed,€2.5k to €5k,3000,1,Confirmed,,,SE,Public,Limited,Unique work,,n/a,09. Fully completed,,,,2023-06-01,,,,,Date confirmed (fully confirmed with artist),2023-Q2,,"Stoneware, glaze and PVC rubber",Confirmed,16.9 x 19.6 x 29.3 cm,,,,No framing option,Tier 3,Standard contemporary,REPEAT,,,,,,,,,
1279,MAXWELLMU-1279,Maxwell Mustardo,Pink & Yellow Teapot,Confirmed,2023.06Maxwell MustSE,3000,EUR,Confirmed,€2.5k to €5k,3000,1,Confirmed,,,SE,Public,Limited,Unique work,,n/a,09. Fully completed,,,,2023-06-01,,,,,Date confirmed (fully confirmed with artist),2023-Q2,,"Stoneware, glaze and PVC rubber",Confirmed,16.5 x 19.8 x 26.8 cm,,,,No framing option,Tier 3,Standard contemporary,REPEAT,,,,,,,,,
1293,MAXWELLMU-1293,Maxwell Mustardo,Purple & Green Amphora,Confirmed,2023.06Maxwell MustSE,4500,EUR,Confirmed,€2.5k to €5k,4500,1,Confirmed,,,SE,Public,Limited,Unique work,,n/a,09. Fully completed,,,,2023-06-01,,,,,Date confirmed (fully confirmed with artist),2023-Q2,,"Stoneware, glaze and PVC rubber",Confirmed,24.1 x 24.1 x 51.6 cm,,,,No framing option,Tier 3,Standard contemporary,REPEAT,,,,,,,,,
1277,MAXWELLMU-1277,Maxwell Mustardo,Red & Green Pitcher,Confirmed,2023.06Maxwell MustSE,2500,EUR,Confirmed,€1k to €2.5k,2500,1,Confirmed,,,SE,Public,Limited,Unique work,,n/a,09. Fully completed,,,,2023-06-01,,,,,Date confirmed (fully confirmed with artist),2023-Q2,,"Stoneware, glaze and PVC rubber",Confirmed,15.4 x 14.2 x 22.5 cm,,,,No framing option,Tier 3,Standard contemporary,REPEAT,,,,,,,,,
1284,MAXWELLMU-1284,Maxwell Mustardo,Safety Amphora,Confirmed,2023.06Maxwell MustSE,3500,EUR,Confirmed,€2.5k to €5k,3500,1,Confirmed,,,SE,Public,Limited,Unique work,,n/a,09. Fully completed,,,,2023-06-01,,,,,Date confirmed (fully confirmed with artist),2023-Q2,,"Stoneware, glaze and PVC rubber",Confirmed,17.5 x 24.4 x 38.3 cm,,,,No framing option,Tier 3,Standard contemporary,REPEAT,,,,,,,,,
1093,CHRISTIAN-1093,Christian Rex van Minnen,Strawberry Tears,Confirmed,08.06ChristianRVMPE,2500,EUR,Confirmed,€2.5k to €5k,62500,25,Confirmed,,,PE,Public,Limited,Silkscreen print,,n/a,09. Fully completed,,,,2023-06-06,,,,,Date confirmed (fully confirmed with artist),2023-Q2,,"34 layer silkscreen print with gold shimmer, gloss varnish and embossed details on Somerset Tub Sized Radiant White 600gsm paper",Confirmed,96.4cm x 72.3cm,"On front with pencil - numbered bottom left, signed bottom right",,,Framed on order,Tier 2,Standard contemporary,REPEAT,0.75,,,,,,,,
749,DANIELLEO-749,Danielle Orchard,A Warm Garden,Confirmed,2023.06Danielle OrcPE,850,EUR,Confirmed,Under €1k,42500,50,Confirmed,,,PE,Public,Limited,Hybrid print,,n/a,09. Fully completed,0,,,2023-06-14,,,2023-05-24,,Date confirmed (fully confirmed with artist),2023-Q2,,UV pigment print with 2 silkscreen layers plus a varnish on Somerset Tub Sized Radiant White 410gsm paper,Confirmed,40.5 x 50.8 cm,,,,Framed on order,Tier 3,Standard contemporary,REPEAT,0.75,,,,,,,,
1369,LY-1369,LY,Untitled,Confirmed,27.06LYSE+CL+OG,15000,EUR,Confirmed,Over €5k,15000,1,Confirmed,,,OG,Private,Limited,Unique work,,n/a,09. Fully completed,,,,2023-06-15,,,,,Date confirmed (EVENT SPECIFIC),2023-Q2,,Acrylic on canvas,Confirmed,diameter 100cm,,,,No framing option,Tier 3,Street & collectibles,REPEAT,,,,,,,,,
1377,LY-1377,LY,Untitled,Confirmed,27.06LYSE+CL+OG,10000,EUR,Confirmed,Over €5k,10000,1,Confirmed,,,OG,Private,Limited,Unique work,,n/a,09. Fully completed,,,,2023-06-15,,,,,Date confirmed (EVENT SPECIFIC),2023-Q2,,Acrylic on canvas,Confirmed,50cm x 50cm,,,,No framing option,Tier 3,Street & collectibles,REPEAT,,,,,,,,,
1370,LY-1370,LY,Untitled,Confirmed,27.06LYSE+CL+OG,15000,EUR,Confirmed,Over €5k,15000,1,Confirmed,,,OG,Private,Limited,Unique work,,n/a,09. Fully completed,,,,2023-06-15,,,,,Date confirmed (EVENT SPECIFIC),2023-Q2,,Acrylic on canvas,Confirmed,diameter 100cm,,,,No framing option,Tier 3,Street & collectibles,REPEAT,,,,,,,,,
1364,LY-1364,LY,Untitled,Confirmed,27.06LYSE+CL+OG,26000,EUR,Confirmed,Over €5k,26000,1,Confirmed,,,OG,Private,Limited,Unique work,,n/a,09. Fully completed,,,,2023-06-15,,,,,Date confirmed (EVENT SPECIFIC),2023-Q2,,Acrylic on canvas,Confirmed,diameter 150cm,,,,No framing option,Tier 3,Street & collectibles,REPEAT,,,,,,,,,
1373,LY-1373,LY,Untitled,Confirmed,27.06LYSE+CL+OG,10000,EUR,Confirmed,Over €5k,10000,1,Confirmed,,,OG,Private,Limited,Unique work,,n/a,09. Fully completed,,,,2023-06-15,,,,,Date confirmed (EVENT SPECIFIC),2023-Q2,,Acrylic on canvas,Confirmed,50cm x 50cm,,,,No framing option,Tier 3,Street & collectibles,REPEAT,,,,,,,,,
1384,LY-1384,LY,Untitled,Confirmed,27.06LYSE+CL+OG,15000,EUR,Confirmed,Over €5k,15000,1,Confirmed,,,OG,Private,Limited,Unique work,,n/a,09. Fully completed,,,,2023-06-15,,,,,Date confirmed (EVENT SPECIFIC),2023-Q2,,Acrylic on canvas,Confirmed,diameter 100cm,,,,No framing option,Tier 3,Street & collectibles,REPEAT,,,,,,,,,
1375,LY-1375,LY,Untitled,Confirmed,27.06LYSE+CL+OG,10000,EUR,Confirmed,Over €5k,10000,1,Confirmed,,,OG,Private,Limited,Unique work,,n/a,09. Fully completed,,,,2023-06-15,,,,,Date confirmed (EVENT SPECIFIC),2023-Q2,,Acrylic on canvas,Confirmed,50cm x 50cm,,,,No framing option,Tier 3,Street & collectibles,REPEAT,,,,,,,,,
1374,LY-1374,LY,Untitled,Confirmed,27.06LYSE+CL+OG,10000,EUR,Confirmed,Over €5k,10000,1,Confirmed,,,OG,Private,Limited,Unique work,,n/a,09. Fully completed,,,,2023-06-15,,,,,Date confirmed (EVENT SPECIFIC),2023-Q2,,Acrylic on canvas,Confirmed,50cm x 50cm,,,,No framing option,Tier 3,Street & collectibles,REPEAT,,,,,,,,,
1371,LY-1371,LY,Untitled,Confirmed,27.06LYSE+CL+OG,15000,EUR,Confirmed,Over €5k,15000,1,Confirmed,,,OG,Private,Limited,Unique work,,n/a,09. Fully completed,,,,2023-06-15,,,,,Date confirmed (EVENT SPECIFIC),2023-Q2,,Acrylic on canvas,Confirmed,diameter 100cm,,,,No framing option,Tier 3,Street & collectibles,REPEAT,,,,,,,,,
1372,LY-1372,LY,Untitled,Confirmed,27.06LYSE+CL+OG,10000,EUR,Confirmed,Over €5k,10000,1,Confirmed,,,OG,Private,Limited,Unique work,,n/a,09. Fully completed,,,,2023-06-15,,,,,Date confirmed (EVENT SPECIFIC),2023-Q2,,Acrylic on canvas,Confirmed,50cm x 50cm,,,,No framing option,Tier 3,Street & collectibles,REPEAT,,,,,,,,,
1354,LY-1354,LY,Untitled,Confirmed,27.06LYSE+CL+OG,26000,EUR,Confirmed,Over €5k,26000,1,Confirmed,,,OG,Private,Limited,Unique work,,n/a,09. Fully completed,,,,2023-06-15,,,,,Date confirmed (EVENT SPECIFIC),2023-Q2,,Acrylic on canvas,Confirmed,150 x 150cm,,,,No framing option,Tier 3,Street & collectibles,REPEAT,,,,,,,,,
1368,LY-1368,LY,Untitled,Confirmed,27.06LYSE+CL+OG,26000,EUR,Confirmed,Over €5k,26000,1,Confirmed,,,OG,Private,Limited,Unique work,,n/a,09. Fully completed,,,,2023-06-15,,,,,Date confirmed (EVENT SPECIFIC),2023-Q2,,Acrylic on canvas,Confirmed,diameter 150cm,,,,No framing option,Tier 3,Street & collectibles,REPEAT,,,,,,,,,
1355,LY-1355,LY,Untitled,Confirmed,27.06LYSE+CL+OG,26000,EUR,Confirmed,Over €5k,26000,1,Confirmed,,,OG,Private,Limited,Unique work,,n/a,09. Fully completed,,,,2023-06-15,,,,,Date confirmed (EVENT SPECIFIC),2023-Q2,,Acrylic on canvas,Confirmed,150 x 150cm,,,,No framing option,Tier 3,Street & collectibles,REPEAT,,,,,,,,,
1376,LY-1376,LY,Untitled,Confirmed,27.06LYSE+CL+OG,10000,EUR,Confirmed,Over €5k,10000,1,Confirmed,,,OG,Private,Limited,Unique work,,n/a,09. Fully completed,,,,2023-06-15,,,,,Date confirmed (EVENT SPECIFIC),2023-Q2,,Acrylic on canvas,Confirmed,50cm x 50cm,,,,No framing option,Tier 3,Street & collectibles,REPEAT,,,,,,,,,
1523,LY-1523,LY,Untitled,Confirmed,27.06LYSE+CL+OG,28000,EUR,Confirmed,Over €5k,28000,1,Confirmed,,,OG,Private,Limited,Unique work,,n/a,09. Fully completed,,,,2023-06-15,,,,,Date confirmed (EVENT SPECIFIC),2023-Q2,,Acrylic on canvas,Confirmed,160 x 130cm,,,,No framing option,Tier 3,Street & collectibles,REPEAT,,,,,,,,,
1353,LY-1353,LY,Untitled,Confirmed,27.06LYSE+CL+OG,32000,EUR,Confirmed,Over €5k,32000,1,Confirmed,,,OG,Private,Limited,Unique work,,n/a,09. Fully completed,,,,2023-06-15,,,,,Date confirmed (EVENT SPECIFIC),2023-Q2,,Acrylic on canvas,Confirmed,200 x 180cm,,,,No framing option,Tier 3,Street & collectibles,REPEAT,,,,,,,,,
1069,LY-1069,LY,BLOOM,Confirmed,27.06LYSE+CL+OG,116,EUR,Confirmed,Under €1k,58000,500,Confirmed,,,CL,Public,Limited,Low cost 3D edition,,n/a,09. Fully completed,,,,2023-06-16,,,,,Date confirmed (EVENT SPECIFIC),2023-Q2,,100% organic ring-spun 500gsm combed cotton brushed sweatshirt with kangaroo pocket at front,Confirmed,"XS - Chest 54cm, body length 64cm, sleeve length 59.5cm S - Chest 56.5cm, body length 67cm, sleeve length 62.5cm M - Chest 59cm, body length 71cm, sleeve length 65cm L - Chest 62cm, body length 74cm, sleeve length 66.5cm XL - Chest 65cm, body length 76cm, sleeve length 68cm",,,,No framing option,Tier 3,Street & collectibles,REPEAT,1,,,,,,,,
1451,LY-1451,LY,I'M LUV,Confirmed,27.06LYSE+CL+OG,116,EUR,Confirmed,Under €1k,58000,500,Confirmed,,,CL,Public,Limited,Low cost 3D edition,,n/a,09. Fully completed,,,,2023-06-16,,,,,Date confirmed (EVENT SPECIFIC),2023-Q2,,100% organic ring-spun 500gsm combed cotton brushed sweatshirt with kangaroo pocket at front,Confirmed,"XS - Chest 54cm, body length 64cm, sleeve length 59.5cm S - Chest 56.5cm, body length 67cm, sleeve length 62.5cm M - Chest 59cm, body length 71cm, sleeve length 65cm L - Chest 62cm, body length 74cm, sleeve length 66.5cm XL - Chest 65cm, body length 76cm, sleeve length 68cm",,,,No framing option,Tier 3,Street & collectibles,REPEAT,0.5,,,,,,,,
1066,LY-1066,LY,LIVING WITH LUV,Confirmed,27.06LYSE+CL+OG,4000,EUR,Confirmed,€2.5k to €5k,200000,50,Confirmed,,,SE,Public,Limited,High cost 3D edition,,n/a,09. Fully completed,,,,2023-06-16,,,,,Date confirmed (EVENT SPECIFIC),2023-Q2,,"Mixed media, hand-painted resin and bronze sculpture",Confirmed,30 x 17.5 x 15.8cm,Not signed or numbered,,,No framing option,Tier 3,Street & collectibles,REPEAT,0.5,,,,,,,,
740,LY-740,LY,LUV'S BURGERS,Confirmed,27.06LYSE+CL+OG,4000,EUR,Confirmed,€2.5k to €5k,200000,50,Confirmed,,,SE,Public,Limited,High cost 3D edition,,n/a,09. Fully completed,,,,2023-06-16,,,,,Date confirmed (EVENT SPECIFIC),2023-Q2,,"Mixed media, hand-painted resin and bronze sculpture",Confirmed,35.6 x 19.1 x 26.1cm,not signed or numbered,,,No framing option,Tier 3,Street & collectibles,REPEAT,0.5,,,,,,,,
1067,LY-1067,LY,"LUV'S DOG ""PARK""",Confirmed,27.06LYSE+CL+OG,500,EUR,Confirmed,Under €1k,125000,250,Confirmed,,,CL,Public,Limited,Low cost 3D edition,,n/a,09. Fully completed,,,,2023-06-16,,,,,Date confirmed (EVENT SPECIFIC),2023-Q2,,Hand-painted resin sculpture,Confirmed,18.0 x 10.1 x 22.0cm,not signed or numbered,,,No framing option,Tier 3,Street & collectibles,REPEAT,0.5,,,,,,,,
1305,MARINAPER-1305,Marina Perez Simão,Untitled,Confirmed,2023.06Marina PerezCL,2500,EUR,Confirmed,€1k to €2.5k,125000,50,Confirmed,,,PE,Public,Limited,Mid cost 3D edition,,n/a,09. Fully completed,,,,2023-06-16,,,2023-05-19,,Date confirmed (fully confirmed with artist),2023-Q2,,"Embroidered tapestry with 483,422 stitches, made in 24 colours on cotton moleskin, framed in an oak wood frame",Confirmed,48.0 × 40.4 cm (tapestry) 49.4 × 42.5 × 4.6 cm (frame),COA attached to reverse of frame,,,Full Edition Framed,Tier 2,Standard contemporary,REPEAT,0.75,,,,,,,,
1795,ELIZABETH-1795,Elizabeth Peyton,Combined Omai and Frederick Douglass,Confirmed,2023.06E.PeytonTL,2000,EUR,Confirmed,,26000,13,TL expected units confirmed,10,,TL,Timed,Timed,Silkscreen print,,,09. Fully completed,,,,2023-06-19,,,,,Date confirmed (fully confirmed with artist),2023-Q2,,"MAI = 15 layer Silkscreen print, finished with hand-painted black paper edges on Somerset Tub Sized Radiant White 410gsm paper FREDERICK = 29 layer Silkscreen print on Somerset Tub Sized Radiant White 410gsm.",Confirmed,MAI = 50.5cm x 37.7cm FREDERICK = 47.5cm x 37.5cm,,,,Framed on order,Tier 2,,REPEAT,,,,,,,,,
1641,ELIZABETH-1641,Elizabeth Peyton,"Frederick Douglass, 1850",Confirmed,2023.06E.PeytonTL,1000,EUR,Confirmed,,27000,27,TL expected units confirmed,100,,TL,Timed,Timed,Silkscreen print,,7 days,09. Fully completed,,,,2023-06-19,,,,2023-06-26,Date confirmed (fully confirmed with artist),2023-Q2,,29 layer Silkscreen print on Somerset Tub Sized Radiant White 410gsm.,Confirmed,47.5cm x 37.5cm,,,,Framed on order,Tier 2,Standard contemporary,REPEAT,1,,,,,,,,
1521,ELIZABETH-1521,Elizabeth Peyton,"Mai (Afterlife) after Sir Joshua Reynolds' Portrait of Mai (Omai), 1776",Confirmed,2023.06E.PeytonTL,1000,EUR,Confirmed,,87000,87,TL expected units confirmed,100,,TL,Timed,Timed,Silkscreen print,,7 days,09. Fully completed,,,,2023-06-19,,,,2023-06-26,Date confirmed (fully confirmed with artist),2023-Q2,,"15 layer Silkscreen print, finished with hand-painted black paper edges on Somerset Tub Sized Radiant White 410gsm paper",Confirmed,50.5cm x 37.7cm,,,,Framed on order,Tier 2,Standard contemporary,REPEAT,1,,,,,,,,
601,RYANTRAVI-601,Ryan Travis Christian,CHATTE PARFAITE,Confirmed,2023.06Ryan Travis SE,5000,EUR,Confirmed,€2.5k to €5k,150000,30,Confirmed,,,SE,Public,Limited,High cost 3D edition,,n/a,09. Fully completed,,,,2023-06-20,,,,,Date confirmed (fully confirmed with artist),2023-Q2,,"Bronze sculpture with acrylic frame, each holding a unique work on paper",Confirmed,27.3 cm x 18.0cm x 36.2 cm,,,,No framing option,Tier 3,Street & collectibles,REPEAT,0.75,,,,,,,,
1039,SHAINAMCC-1039,Shaina McCoy,Tiff,Confirmed,2023.12ShainaMccoyPE,2200,EUR,Confirmed,€1k to €2.5k,55000,25,Confirmed,,,PE,Public,Limited,Silkscreen print,,n/a,09. Fully completed,,,,2023-06-21,,,,,Date confirmed (fully confirmed with artist),2023-Q2,,18 Layer Textured UV Pigment Print with Spot Varnish on 640gsm Lana Hot Press Paper,Confirmed,48.5 x 64.8 cm,,,,Framed on order,Tier 3,Standard contemporary,REPEAT,0.75,,,,,,,,
1399,GRANTRIVE-1399,Grant Riven Yun,Fall,Confirmed,2023.06Grant Riven PE,5000,EUR,Confirmed,Over €5k,175000,35,Confirmed,,,PE,Draw,Limited,Silkscreen print,,n/a,09. Fully completed,,,,2023-06-27,,,,,Date confirmed (fully confirmed with artist),2023-Q2,,"UV Flat Bed print with silk screen matte varnish, Printed onto 410gsm Somerset Satin paper, signed and numbered on reverse.",Confirmed,45 x 80 cm,,Signed by Artist,,Framed on order,Tier 2,NFT,REPEAT,1,,,,,,,,
1398,GRANTRIVE-1398,Grant Riven Yun,Park,Confirmed,2023.06Grant Riven OG,50000,EUR,Confirmed,Over €5k,50000,1,Confirmed,,,OG,Public,Limited,Unique work,,n/a,09. Fully completed,,,,2023-06-27,,,,,Date confirmed (fully confirmed with artist),2023-Q2,,"UV Flat Bed print with silk screen matte varnish, Printed onto aluminium di-bond sheet, signed on reverse",Confirmed,112.5cm x 150 cm,,Signed by Artist,,No framing option,Tier 2,NFT,REPEAT,,,,,,,,,
1515,JEANJULLI-1515,Jean Jullien,La Grière,Confirmed,2023.06JeanJullienTL,300,EUR,Confirmed,,101700,339,TL expected units confirmed,250,,TL,Timed,Timed,Digital print,,48 hours,09. Fully completed,,,,2023-07-05,,,,2023-07-07,Date confirmed (fully confirmed with artist),2023-Q3,,Aqueous inkjet on 100% cotton paper,Confirmed,"76 x 52,7 cm",,Signed by Artist,,No framing option,Tier 3,Standard contemporary,REPEAT,1,,,,,,,,
376,JOHNSONTS-376,Johnson Tsang,Soul to Soul,Confirmed,2023.07Johnson TsanSE,1000,EUR,Confirmed,€1k to €2.5k,100000,100,Confirmed,,,SE,Public,Limited,Low cost 3D edition,,n/a,09. Fully completed,,,,2023-07-06,,,,,Date confirmed (fully confirmed with artist),2023-Q3,,"Painted, dry cast, porcelain filled resin diptych sculpture",Confirmed,46 x 27.9 x 11 cm,,Engraved signature,,No framing option,Tier 2,Home & design,REPEAT,1,,,,,,,,
1642,BRICEGUIL-1642,Brice Guilbert,Fournez 1,Confirmed,2023BriceGuilbertOG,10000,EUR,Confirmed,,10000,1,Confirmed,,,OG,Private,Limited,Unique work,,n/a,09. Fully completed,,,,2023-07-12,,,2023-06-02,,Date confirmed (fully confirmed with artist),2023-Q3,,Oil stick on canvas,Confirmed,27.8 (W) x 22.8 (H),,Signed by Artist,,No framing option,Tier 4,,REPEAT,,,,,,,,,
1593,BRICEGUIL-1593,Brice Guilbert,Fournez 2,Confirmed,2023BriceGuilbertOG,10000,EUR,Confirmed,Over €5k,10000,1,Confirmed,,,OG,Private,Limited,Unique work,,n/a,09. Fully completed,,,,2023-07-12,,,2023-06-02,,Date confirmed (fully confirmed with artist),2023-Q3,,Oil stick on canvas,Confirmed,27.8 (W) x 22.8 (H),,Signed by Artist,,No framing option,Tier 4,,REPEAT,,,,,,,,,
1643,BRICEGUIL-1643,Brice Guilbert,Fournez 3,Confirmed,2023BriceGuilbertOG,10000,EUR,Confirmed,,10000,1,Confirmed,,,OG,Private,Limited,Unique work,,n/a,09. Fully completed,,,,2023-07-12,,,2023-06-02,,Date confirmed (fully confirmed with artist),2023-Q3,,Oil stick on canvas,Confirmed,27.8 (W) x 22.8 (H),,Signed by Artist,,No framing option,Tier 4,,REPEAT,,,,,,,,,
1064,HAROSHI&-1064,Haroshi & James Jean,Trespassers,Confirmed,15.06JJ&HaroshiSE+PE,600,EUR,Confirmed,Under €1k,120000,200,Confirmed,,,PE,Draw,Limited,Silkscreen print,,n/a,09. Fully completed,,,,2023-07-20,,,,,Date confirmed (fully confirmed with artist),2023-Q3,,Archival pigment print with emboss and metallic foil embellishments on 100% Cotton Hahnemühle Fine Art 310 gsm paper,Confirmed,"45.72 x 35.56 cm (18” x 14"")",Signed by Haroshi bottom left & James Jean bottom right,Signed by Artist,,Framed on order,Tier 2,Street & collectibles,REPEAT,0.75,,,,,,,,
1541,JAKEFRIED-1541,Jake Fried,Open Eyes (Flower),Confirmed,2023.09JakeFriedPE,4000,EUR,Confirmed,€2.5k to €5k,80000,20,Confirmed,,,PE,Draw,Limited,Silkscreen print,,n/a,09. Fully completed,,,,2023-07-25,,,,,Date confirmed (fully confirmed with artist),2023-Q3,,High quality PETG lenticular lens mounted to 2mm aluminium with an aluminium extrusion hanging system,Confirmed,50 x 84.4 x 2.3 cm,,Engraved signature,,No framing option,Tier 3,,REPEAT,,,,,,,,,
1345,AIWEIWEI-1345,Ai Weiwei,Glass Vase,Confirmed,27.07AiweiweiSE,800,EUR,Confirmed,Under €1k,240000,300,Confirmed,,,SE,Public,Limited,Mid cost 3D edition,,n/a,09. Fully completed,,,,2023-07-26,,,2023-04-03,,Date confirmed (fully confirmed with artist),2023-Q3,,Cast glass sculpture,Confirmed,19.0 × 21.0 × 21.2 cm,"Engraved, dated (2023) & with signature on the bottom",Engraved signature,,No framing option,Tier 1,Blue chip contemporary,REPEAT,0.75,,,,,,,,
1468,BRIANCALV-1468,Brian Calvin,Artist Collector Bags | Brian Calvin,Confirmed,2023.06Artist bagsCL,99,EUR,Confirmed,Under €1k,49500,500,Confirmed,,,CL,Shop,Limited,Low cost 3D edition,,n/a,09. Fully completed,,,,2023-08-03,,,,,Date confirmed (fully confirmed with artist),2023-Q3,,"Digital print on stiffened 100% organic cotton canvas, with an interior printed pocket and exterior laptop sleeve. Lined with 100% organic cotton black cambric.",Confirmed,Bag: 36 x 39 x 12 cm / Handles: 72 x 3.5 cm,Signed label and COA with the artist's signature printed on.,No authentication,,No framing option,Tier 3,Standard contemporary,REPEAT,0.75,,,,,,,,
1469,CLEONPETE-1469,Cleon Peterson,Artist Collector Bags | Cleon Peterson,Confirmed,2023.06Artist bagsCL,99,EUR,Confirmed,Under €1k,49500,500,Confirmed,,,CL,Shop,Limited,Low cost 3D edition,,n/a,09. Fully completed,,,,2023-08-03,,,,,Date confirmed (fully confirmed with artist),2023-Q3,,"Screenprint on stiffened black 100% organic cotton canvas, with an interior screenprinted phone pocket and divider. Lined with 100% organic cotton black cambric.",Confirmed,Bag: 36 x 39 x 12 cm / Handles: 68 x 5cm,Signed label and COA with the artist's signature printed on.,No authentication,,No framing option,Tier 3,Very hype,REPEAT,0.75,,,,,,,,
1467,HEINKOH-1467,Hein Koh,Artist Collector Bags | Hein Koh,Confirmed,2023.06Artist bagsCL,99,EUR,Confirmed,Under €1k,24750,250,Confirmed,,,CL,Shop,Limited,Low cost 3D edition,,n/a,09. Fully completed,,,,2023-08-03,,,,,Date confirmed (fully confirmed with artist),2023-Q3,,"Screenprint on stiffened and dyed 100% organic cotton canvas, with an interior screenprinted phone pocket and laptop sleeve. Lined with 100% organic cotton black cambric.",Confirmed,Bags: 44 x 44 x 12cm / Handles: 60 x 5 cm,Signed label and COA with the artist's signature printed on.,No authentication,,No framing option,Tier 3,Standard contemporary,REPEAT,0.75,,,,,,,,
1466,NEOIMAGE-1466,Neo Image Matloga,Artist Collector Bags | Neo Image Matloga,Confirmed,2023.06Artist bagsCL,99,EUR,Confirmed,Under €1k,19800,200,Confirmed,,,CL,Shop,Limited,Low cost 3D edition,,n/a,09. Fully completed,,,,2023-08-03,,,,,Date confirmed (fully confirmed with artist),2023-Q3,,Screenprint on stiffened 100% organic cotton canvas with an interior phone pocket. Lined with 100% organic cotton black cambric.,Confirmed,Bag: 39 x 36 x 12 cm / Handles: 62 x 5 cm,Signed label and COA with the artist's signature printed on.,No authentication,,No framing option,Tier 3,Standard contemporary,REPEAT,0.75,,,,,,,,
1470,TSCHABALAL-1470,Tschabalala Self,Artist Collector Bags | Tschabalala Self,Confirmed,2023.06Artist bagsCL,99,EUR,Confirmed,Under €1k,49500,500,Confirmed,,,CL,Shop,Limited,Low cost 3D edition,,n/a,09. Fully completed,,,,2023-08-03,,,,,Date confirmed (fully confirmed with artist),2023-Q3,,"Screenprint on stiffened bespoke dyed 100% organic cotton canvas, with an interior printed pocket. Lined with 100% organic cotton black cambric",Confirmed,Bag: 44 x 44 x 12 cm / Handles: 68 x 5cm,Signed label and COA with the artist's signature printed on.,No authentication,,No framing option,Tier 2,Standard contemporary,REPEAT,0.75,,,,,,,,
437,HAROSHI&-437,Haroshi & James Jean,Trespassers Verdigris,Confirmed,15.06JJ&HaroshiSE+PE,10000,EUR,Confirmed,Over €5k,250000,25,Confirmed,,,SE,Enquiry,Limited,High cost 3D edition,,n/a,09. Fully completed,0,,,2023-08-07,,,,,Date confirmed (fully confirmed with artist),2023-Q3,,Bronze sculpture with a verdigris finish,Confirmed,29 x 20 x 16cm,The underside of each piece is finished with the edition number and artist's signature.,Engraved signature,,No framing option,Tier 2,Street & collectibles,REPEAT,0.75,,,,,,,,
1607,DANIELSPI-1607,Daniel Spivakov,"Moth (over Goya) 6,",Confirmed,2023.08DANIELSPIWP,2320,EUR,Confirmed,,2320,1,Confirmed,,,WP,Private,Limited,Unique work,,n/a,09. Fully completed,,,,2023-08-08,,,,,Date confirmed (fully confirmed with artist),2023-Q3,,Heat burn on multiple inkjet print on paper,Confirmed,70 x 50 cm,"Signed, dated (2022) on the back",Signed by Artist,,Full Edition Framed,Tier 4,,REPEAT,,,,,,,,,
1606,DANIELSPI-1606,Daniel Spivakov,"Moth (over Goya) 8,",Confirmed,2023.08DANIELSPIWP,2320,EUR,Confirmed,,2320,1,Confirmed,,,WP,Private,Limited,Unique work,,n/a,09. Fully completed,,,,2023-08-08,,,,,Date confirmed (fully confirmed with artist),2023-Q3,,Heat burn on multiple inkjet print on paper,Confirmed,70 x 50 cm,"Signed, dated (2022) on the back",Signed by Artist,,Full Edition Framed,Tier 4,,REPEAT,,,,,,,,,
1604,FELICIDAD-1604,Felicidad Moreno,Untitled,Confirmed,2023.08FELICIDADWP,4595,EUR,Confirmed,,4595,1,Confirmed,,,WP,Private,Limited,Unique work,,n/a,09. Fully completed,,,,2023-08-08,,,,,Date confirmed (fully confirmed with artist),2023-Q3,,Synthetic lacquer and spray paint on paper,Confirmed,100 x 70 cm,"Signed, dated (2022) on front",Signed by Artist,,Full Edition Framed,Tier 4,,REPEAT,,,,,,,,,
1605,FELICIDAD-1605,Felicidad Moreno,Untitled 2,Confirmed,2023.08FELICIDADWP,4595,EUR,Confirmed,,4595,1,Confirmed,,,WP,Private,Limited,Unique work,,n/a,09. Fully completed,,,,2023-08-08,,,,,Date confirmed (fully confirmed with artist),2023-Q3,,Synthetic lacquer and spray paint on paper,Confirmed,100 x 70 cm,"Signed, dated (2022) on front",Signed by Artist,,Full Edition Framed,Tier 4,,REPEAT,,,,,,,,,
1600,LOLAMONTE-1600,Lola Montes Schnabel,Artist's apprentice,Confirmed,XXXX.XXLOLAMONTEOG,12400,EUR,Confirmed,,12400,1,Confirmed,,,OG,Private,Limited,Unique work,,n/a,09. Fully completed,,,,2023-08-08,,,,,Date confirmed (fully confirmed with artist),2023-Q3,,Glazed ceramic tiles,Confirmed,61.5 x 61.5 x 6 cm (12kg),Not signed but will come with a COA,No authentication,,Full Edition Framed,Tier 4,,REPEAT,,,,,,,,,
1601,LOLAMONTE-1601,Lola Montes Schnabel,María,Confirmed,XXXX.XXLOLAMONTEOG,10400,EUR,Confirmed,,10400,1,Confirmed,,,OG,Private,Limited,Unique work,,n/a,09. Fully completed,,,,2023-08-08,,,,,Date confirmed (fully confirmed with artist),2023-Q3,,Ceramic portrait,Confirmed,39.5 x 40 x 5 cm (9 kg),Signed on the edge of the lower left tile,Signed by Artist,,Full Edition Framed,Tier 4,,REPEAT,,,,,,,,,
1603,MILKOPAVL-1603,Milko Pavlov,2104/2 МРП 2033,Confirmed,XXXX.XXMILKOPAVLOG,5440,EUR,Confirmed,,5440,1,Confirmed,,,OG,Private,Limited,Unique work,,n/a,09. Fully completed,,,,2023-08-08,,,,,Date confirmed (fully confirmed with artist),2023-Q3,,Watercolor on 300g Sennelier paper,Confirmed,76 x 56 cm,"Signed, dated (2022) on back of work",Signed by Artist,,Full Edition Framed,Tier 4,,REPEAT,,,,,,,,,
1602,MILKOPAVL-1602,Milko Pavlov,2117/10 МРП 2065,Confirmed,XXXX.XXMILKOPAVLOG,4380,EUR,Confirmed,,4380,1,Confirmed,,,OG,Private,Limited,Unique work,,n/a,09. Fully completed,,,,2023-08-08,,,,,Date confirmed (fully confirmed with artist),2023-Q3,,Watercolor on 300g Hahnemühle Bütten,Confirmed,65 x 50 cm,"Signed, dated (2018) on back of work",Signed by Artist,,Full Edition Framed,Tier 4,,REPEAT,,,,,,,,,
1598,THOMASCHA-1598,Thomas Chapman,ball and beach,Confirmed,XXXX.XXTHOMASCHAOG,3890,EUR,Confirmed,,3890,1,Confirmed,,,OG,Private,Limited,Unique work,,n/a,09. Fully completed,,,,2023-08-08,,,,,Date confirmed (fully confirmed with artist),2023-Q3,,"Pencil, marker, acrylic and spray paint, sparkles, heavy gel medium, UV Protect archival spray on 400g/m² paper.",Confirmed,96 x 128 cm,"Signed, dated (2022) on the back",Signed by Artist,,Full Edition Framed,Tier 4,,REPEAT,,,,,,,,,
1599,THOMASCHA-1599,Thomas Chapman,pink flamingo and fairy mom,Confirmed,XXXX.XXTHOMASCHAOG,3550,EUR,Confirmed,,3550,1,Confirmed,,,OG,Private,Limited,Unique work,,n/a,09. Fully completed,,,,2023-08-08,,,,,Date confirmed (fully confirmed with artist),2023-Q3,,"Pencil, marker, acrylic and spray paint, sparkles, heavy gel medium, UV Protect archival spray on 400g/m² paper",Confirmed,83 x 77 cm,"Signed, dated (2022) on the back",Signed by Artist,,Full Edition Framed,Tier 4,,REPEAT,,,,,,,,,
366,SZABOLCSB-366,Szabolcs Bozó,The Aquarium,Confirmed,2023.08Szabolcs BozPrint,1250,EUR,Confirmed,€1k to €2.5k,93750,75,Confirmed,,,PE,Public,Limited,Silkscreen print,,n/a,09. Fully completed,,,,2023-08-14,,,,,Date confirmed (fully confirmed with artist),2023-Q3,,32 colour silkscreen on Somerset Tub Sized Radiant White 600gsm paper,Confirmed,70 x 73.5 cm,Signed/dated/numbered,Signed by Artist,,Framed on order,Tier 2,Very hype,REPEAT,0.75,,,,,,,,
275,SZABOLCSB-275,Szabolcs Bozó,The Aquarium (Hand-finished),Confirmed,2023.08Szabolcs BozPrint,2250,EUR,Confirmed,€1k to €2.5k,56250,25,Confirmed,,,HFPE,Draw,Limited,Silkscreen print,,n/a,09. Fully completed,,,,2023-08-14,,,,,Date confirmed (fully confirmed with artist),2023-Q3,,32 colour silkscreen on Somerset Tub Sized Radiant White 600gsm paper hand-finished by the artist in acrylic paint,Confirmed,70 x 73.5 cm,Signed dated and numbered on the front of the print - bottom right hand corner (2023),Signed by Artist,true,Framed on order,Tier 2,Very hype,REPEAT,0.75,,,,,,,,
1147,YUNAGABA-1147,Yu Nagaba,Toy Car,Confirmed,2023.08Yu NagabaSE,6000,EUR,Confirmed,Over €5k,150000,25,Confirmed,,,SE,Public,Limited,High cost 3D edition,,n/a,09. Fully completed,,,,2023-08-18,,,2023-07-21,,Date confirmed (EVENT SPECIFIC),2023-Q3,,Bronze sculpture with multiple layers of frosted white paint on a blue patina base and finished with platinum leaf details.,Confirmed,17.5 x 25.5 x 8.5 cm,"Signature, Edition and date engraved on the bottom (centre of sculpture)",Engraved signature,,No framing option,Tier 3,Street & collectibles,REPEAT,0.75,,,,,,,,
1330,AMANDABAL-1330,Amanda Baldwin,Bell Bay,Confirmed,2023.09Amanda BaldwPE,800,EUR,Confirmed,€1k to €2.5k,24000,30,Confirmed,,,PE,Public,Limited,Silkscreen print,,n/a,09. Fully completed,,,,2023-08-22,,,,,Date confirmed (fully confirmed with artist),2023-Q3,,UV pigment print with low relief varnish texture on Somerset Tub Sized Radiant White 410gsm paper,Confirmed,65 cm x 53 cm,"Signed, dated (2023) on front of the print, numbered as standard",Signed by Artist,,Framed on order,Tier 4,Standard contemporary,REPEAT,0.75,,,,,,,,
1474,KOTAOTOMO-1474,Kotao Tomozawa,slime XCIX,Confirmed,2023.08KotaoPE,1500,EUR,Confirmed,€1k to €2.5k,60000,40,Confirmed,,,PE,Draw,Limited,Hybrid print,,n/a,09. Fully completed,,,,2023-08-31,,,2023-07-31,,Date confirmed (fully confirmed with artist),2023-Q3,,"Archival pigment print with six silkscreen layers, including a layer of mixed matt varnish and glitter, finished with a high gloss varnish on i-Photo S KAKITA 300g paper",Confirmed,Paper size: 73 x 52 CM Image size: 57 x 45.4 CM,"Signed, dated (2023) and numbered on the front",Signed by Artist,,Framed on order,Tier 3,Standard contemporary,REPEAT,,,,,,,,,
926,PAULINSEC-926,Paul Insect,Super Glow,Confirmed,05.06PaulInsectPE,1250,EUR,Confirmed,€1k to €2.5k,93750,75,Confirmed,,,PE,Draw,Limited,Silkscreen print,,n/a,09. Fully completed,,,,2023-09-05,,,,,Date confirmed (fully confirmed with artist),2023-Q3,,"25 colour silkscreen, printed in 32 layers and finished with clear diamond dust on Somerset Radiant White 410gsm paper",Confirmed,45 x 60 cm,"Signed, Editioned and dated on the bottom right of the print",Signed by Artist,,Framed on order,Tier 3,Street & collectibles,REPEAT,0.75,,,,,,,,
1825,PAULINSEC-1825,Paul Insect,Super Glow (Swap shop edition with silver glitter),Confirmed,05.06PaulInsectPE,0,EUR,Confirmed,€1k to €2.5k,0,10,Confirmed,,,PE,Private,Limited,Silkscreen print,,n/a,09. Fully completed,,,,2023-09-05,2023-09-05T12:00:00.000Z,,,,Date confirmed (fully confirmed with artist),2023-Q3,,"25 colour silkscreen, printed in 32 layers and finished with silver glitter on Somerset Radiant White Paper 410gsm",Confirmed,45 x 60 cm,"Signed, Editioned and dated on the bottom right of the print",Signed by Artist,,Framed on order,Tier 3,Street & collectibles,REPEAT,0.75,,,,,,,,
1777,PAULINSEC-1777,Paul Insect,Super Luster (Gold edition),Confirmed,05.06PaulInsectPE,2250,EUR,Confirmed,€1k to €2.5k,56250,25,Confirmed,,,PE,Private,Limited,Silkscreen print,,n/a,09. Fully completed,,,,2023-09-05,2023-09-05T12:00:00.000Z,,,,Date confirmed (fully confirmed with artist),2023-Q3,,"25 colour silkscreen, printed in 32 layers and finished with gold glitter on Somerset Radiant White Paper 410gsm",Confirmed,45 x 60 cm,"Signed, Editioned and dated on the bottom right of the print",Signed by Artist,,Framed on order,Tier 3,Street & collectibles,REPEAT,0.75,,,,,,,,
910,TAHNEELON-910,Tahnee Lonsdale,Dove,Confirmed,2023.09Tahnee LonsdPE,1200,EUR,Confirmed,€1k to €2.5k,36000,30,Confirmed,,,PE,Public,Limited,Silkscreen print,,n/a,09. Fully completed,,,,2023-09-06,,,,,Date confirmed (fully confirmed with artist),2023-Q3,,UV pigment print with Satin finish on Somerset Tub Sized satin white 310gsm paper,Confirmed,80 x 74 cm,Signed dated and numbered on the front of the print - bottom right hand corner,Signed by Artist,,Framed on order,Tier 3,Standard contemporary,REPEAT,0.75,,,,,,,,
591,KATHERINA-591,Katherina Olschbaur,Humility and the Other One in Me,Confirmed,2023.09Katherina GrossePE,800,EUR,Confirmed,Under €1k,24000,30,Confirmed,,,PE,Public,Limited,Digital print,,n/a,09. Fully completed,,,,2023-09-08,,,,,Date confirmed (fully confirmed with artist),2023-Q3,,UV pigment print on Somerset Tub Sized Satin White 310gsm paper with silkscreen matte varnish seal,Confirmed,60 x 53.8 cm,"Signed, 2023",Signed by Artist,,Framed on order,Tier 3,Standard contemporary,REPEAT,0.75,,,,,,,,
643,MARCELAFL-643,Marcela Flórido,BLOOM,Confirmed,2023.07Marcela FlórHFPE,750,EUR,Confirmed,Under €1k,22500,30,Confirmed,,,HFPE,Public,Limited,Hybrid print,,n/a,09. Fully completed,,,,2023-09-12,,,,,Date confirmed (fully confirmed with artist),2023-Q3,,"UV flatbed print with silkscreen varnish layer on Somerset Tub Sized Satin 410gsm paper, uniquely hand-finished with mediums including oil paint, acrylic paint, gouache, coloured pencil, graphite, pastel and oil sticks.",Confirmed,54 x 50.5 cm,"Signed on front of print, 2023",Signed by Artist,true,Framed on order,Tier 3,Standard contemporary,REPEAT,0.75,,,,,,,,
763,NKSIN-763,NKSIN,MY DAVID Ⅹ,Confirmed,2023.09NksinPE,900,EUR,Confirmed,€1k to €2.5k,27000,30,Confirmed,,,PE,Public,Limited,Hybrid print,,n/a,09. Fully completed,,,,2023-09-19,,,,,Date confirmed (fully confirmed with artist),2023-Q3,,Archival pigment print with screenprinted high gloss varnish and hand-collaged elements on 330gsm Somerset Enhanced Satin paper,Confirmed,60 x 60 cm,"Signed, numbered and dated (2023) on the bottom corner",Signed by Artist,,Framed on order,Tier 3,Street & collectibles,REPEAT,0.75,,,,,,,,
1529,RIPCACHE-1529,Ripcache,Security,Confirmed,2023.07RIPcachePE,3000,EUR,Confirmed,€1k to €2.5k,96000,32,Confirmed,,,PE,Draw,Limited,Silkscreen print,,n/a,09. Fully completed,,,,2023-09-20,,,,,Date confirmed (fully confirmed with artist),2023-Q3,,"Five layer silk screen print onto Mohawk Superfine Smooth 352gsm paper, individual private keys hand printed in black, code concealed with black rub off ink, trimmed edges",Confirmed,55.2cm x 73.2cm,"Not signed, unique security key hidden in each print acts as authentication",Blockchain only,,Framed on order,Tier 2,,REPEAT,,,,,,,,,
542,JR-542,JR,"GIANTS, High jump in Rio",Confirmed,2023.09JRSE,6667,EUR,Confirmed,Over €5k,200010,30,Confirmed,,,SE,Public,Limited,High cost 3D edition,,n/a,09. Fully completed,,,,2023-09-21,,,,,Date confirmed (fully confirmed with artist),2023-Q3,,"Scaffolding: welded steel rods on a laser cut steel base with transparent powder coat finish. Jumper: UV flat bed print (double hit) onto 5mm clear frosted acrylic laser-cut to bespoke size, finished with hand sanded edges",Confirmed,"38.5 x 49.0 x 13.0 cm / 15,1 x 19,2 x 5,1 in.",Engraved signature and numbering on back of the scaffolding's base,Engraved signature,,No framing option,Tier 3,Street & collectibles,REPEAT,0.75,,,,,,,,
1252,MARKWHALE-1252,Mark Whalen,Early light,Confirmed,2023.09Mark WhalenPE,1200,EUR,Confirmed,€1k to €2.5k,36000,30,Confirmed,,,PE,Public,Limited,Hybrid print,,n/a,09. Fully completed,,,,2023-09-25,,,,,Date confirmed (fully confirmed with artist),2023-Q3,,"UV flatbed print with matt varnish seal on Somerset Tub Sized Radiant White 410gsm paper, finished with 3D chrome drop appliqué",Confirmed,"66,9 x 56,7 cm",Signed and numbered at the bottom right of the print with pencil,Signed by Artist,,Framed on order,Tier 2,Standard contemporary,REPEAT,0.75,,,,,,,,
1872,BRIDGETMU-1872,Bridget Mullen,Are We Building? 1 [PP - NOT FOR SALE],Confirmed,2023.09Bridget MullHFPE,0,EUR,Confirmed,,0,0,Confirmed,,,HFPE,,Limited,,,n/a,09. Fully completed,,,,2023-09-27,2023-09-27T12:00:00.000Z,,,,Date confirmed (fully confirmed with artist),2023-Q3,,Monotype with unique hand-finishing with Flashe paint on Shizen paper,Confirmed,65.5 x 50 cm (variable due to deckled edge),Signed by the artist on the reverse,Signed by Artist,true,No framing option,Tier 4,,REPEAT,,,,,,,,,
1845,BRIDGETMU-1845,Bridget Mullen,Are We Building? 2,Confirmed,2023.09Bridget MullHFPE,2250,EUR,Confirmed,,2250,1,Confirmed,,,HFPE,Public,Limited,,,n/a,09. Fully completed,,,,2023-09-27,2023-09-27T12:00:00.000Z,,,,Date confirmed (fully confirmed with artist),2023-Q3,,Monotype with unique hand-finishing with Flashe paint on Shizen paper,Confirmed,65.5 x 50 cm (variable due to deckled edge),Signed by the artist on the reverse,Signed by Artist,true,Framed on order,Tier 4,,REPEAT,,,,,,,,,
1877,BRIDGETMU-1877,Bridget Mullen,Back 1,Confirmed,2023.09Bridget MullHFPE,2250,EUR,Confirmed,€1k to €2.5k,2250,1,Confirmed,,,HFPE,Public,Limited,Silkscreen print,,n/a,09. Fully completed,,,,2023-09-27,2023-09-27T12:00:00.000Z,,,,Date confirmed (fully confirmed with artist),2023-Q3,,Monotype with unique hand-finishing with Flashe paint on Shizen paper,Confirmed,67 x 51.5 cm (variable due to deckled edge),Signed by the artist on the reverse,Signed by Artist,true,Framed on order,Tier 4,Standard contemporary,REPEAT,0.75,,,,,,,,
1878,BRIDGETMU-1878,Bridget Mullen,Back 2,Confirmed,2023.09Bridget MullHFPE,2250,EUR,Confirmed,€1k to €2.5k,2250,1,Confirmed,,,HFPE,Public,Limited,Silkscreen print,,n/a,09. Fully completed,,,,2023-09-27,2023-09-27T12:00:00.000Z,,,,Date confirmed (fully confirmed with artist),2023-Q3,,Monotype with unique hand-finishing with Flashe paint on Shizen paper,Confirmed,66 x 50 cm (variable due to deckled edge),Signed by the artist on the reverse,Signed by Artist,true,Framed on order,Tier 4,Standard contemporary,REPEAT,0.75,,,,,,,,
1879,BRIDGETMU-1879,Bridget Mullen,Back 3,Confirmed,2023.09Bridget MullHFPE,2250,EUR,Confirmed,€1k to €2.5k,2250,1,Confirmed,,,HFPE,Public,Limited,Silkscreen print,,n/a,09. Fully completed,,,,2023-09-27,2023-09-27T12:00:00.000Z,,,,Date confirmed (fully confirmed with artist),2023-Q3,,Monotype with unique hand-finishing with Flashe paint on Shizen paper,Confirmed,67 x 52 cm (variable due to deckled edge),Signed by the artist on the reverse,Signed by Artist,true,Framed on order,Tier 4,Standard contemporary,REPEAT,0.75,,,,,,,,
1848,BRIDGETMU-1848,Bridget Mullen,Back 4,Confirmed,2023.09Bridget MullHFPE,2250,EUR,Confirmed,€1k to €2.5k,2250,1,Confirmed,,,HFPE,Public,Limited,Silkscreen print,,n/a,09. Fully completed,,,,2023-09-27,2023-09-27T12:00:00.000Z,,,,Date confirmed (fully confirmed with artist),2023-Q3,,Monotype with unique hand-finishing with Flashe paint on Shizen paper,Confirmed,66 x 50 cm (variable due to deckled edge),Signed by the artist on the reverse,Signed by Artist,true,Framed on order,Tier 4,Standard contemporary,REPEAT,0.75,,,,,,,,
1880,BRIDGETMU-1880,Bridget Mullen,Back 5,Confirmed,2023.09Bridget MullHFPE,2250,EUR,Confirmed,€1k to €2.5k,2250,1,Confirmed,,,HFPE,Public,Limited,Silkscreen print,,n/a,09. Fully completed,,,,2023-09-27,2023-09-27T12:00:00.000Z,,,,Date confirmed (fully confirmed with artist),2023-Q3,,Monotype with unique hand-finishing with Flashe paint on Shizen paper,Confirmed,64.5 x 50 cm (variable due to deckled edge),Signed by the artist on the reverse,Signed by Artist,true,Framed on order,Tier 4,Standard contemporary,REPEAT,0.75,,,,,,,,
1875,BRIDGETMU-1875,Bridget Mullen,Headland 1,Confirmed,2023.09Bridget MullHFPE,2250,EUR,Confirmed,€1k to €2.5k,2250,1,Confirmed,,,HFPE,Public,Limited,Silkscreen print,,n/a,09. Fully completed,,,,2023-09-27,2023-09-27T12:00:00.000Z,,,,Date confirmed (fully confirmed with artist),2023-Q3,,Monotype with unique hand-finishing with Flashe paint on Shizen paper,Confirmed,65 x 49.5 cm (variable due to deckled edge),Signed by the artist on the reverse,Signed by Artist,true,Framed on order,Tier 4,Standard contemporary,REPEAT,0.75,,,,,,,,
1849,BRIDGETMU-1849,Bridget Mullen,Headland 2,Confirmed,2023.09Bridget MullHFPE,2250,EUR,Confirmed,€1k to €2.5k,2250,1,Confirmed,,,HFPE,Public,Limited,Silkscreen print,,n/a,09. Fully completed,,,,2023-09-27,2023-09-27T12:00:00.000Z,,,,Date confirmed (fully confirmed with artist),2023-Q3,,Monotype with unique hand-finishing with Flashe paint on Shizen paper,Confirmed,65.5 x 49.5 cm (variable due to deckled edge),Signed by the artist on the reverse,Signed by Artist,true,Framed on order,Tier 4,Standard contemporary,REPEAT,0.75,,,,,,,,
1876,BRIDGETMU-1876,Bridget Mullen,Headland 3 [AP - NOT FOR SALE],Confirmed,2023.09Bridget MullHFPE,0,EUR,Confirmed,€1k to €2.5k,0,0,Confirmed,,,HFPE,,Limited,Silkscreen print,,n/a,09. Fully completed,,,,2023-09-27,2023-09-27T12:00:00.000Z,,,,Date confirmed (fully confirmed with artist),2023-Q3,,Monotype with unique hand-finishing with Flashe paint on Shizen paper,Confirmed,65 x 49.5 cm (variable due to deckled edge),Signed by the artist on the reverse,Signed by Artist,true,No framing option,Tier 4,Standard contemporary,REPEAT,0.75,,,,,,,,
1870,BRIDGETMU-1870,Bridget Mullen,Minnesotan 1,Confirmed,2023.09Bridget MullHFPE,2250,EUR,Confirmed,€1k to €2.5k,2250,1,Confirmed,,,HFPE,Public,Limited,Silkscreen print,,n/a,09. Fully completed,,,,2023-09-27,2023-09-27T12:00:00.000Z,,,,Date confirmed (fully confirmed with artist),2023-Q3,,Monotype with unique hand-finishing with Flashe paint on Shizen paper,Confirmed,65.5 x 50 cm (variable due to deckled edge),Signed by the artist on the reverse,Signed by Artist,true,Framed on order,Tier 4,Standard contemporary,REPEAT,0.75,,,,,,,,
1871,BRIDGETMU-1871,Bridget Mullen,Minnesotan 2,Confirmed,2023.09Bridget MullHFPE,2250,EUR,Confirmed,€1k to €2.5k,2250,1,Confirmed,,,HFPE,Public,Limited,Silkscreen print,,n/a,09. Fully completed,,,,2023-09-27,2023-09-27T12:00:00.000Z,,,,Date confirmed (fully confirmed with artist),2023-Q3,,Monotype with unique hand-finishing with Flashe paint on Shizen paper,Confirmed,64.5 x 50 cm (variable due to deckled edge),Signed by the artist on the reverse,Signed by Artist,true,Framed on order,Tier 4,Standard contemporary,REPEAT,0.75,,,,,,,,
1186,BRIDGETMU-1186,Bridget Mullen,Minnesotan 3,Confirmed,2023.09Bridget MullHFPE,2250,EUR,Confirmed,€1k to €2.5k,2250,1,Confirmed,,,HFPE,Public,Limited,Silkscreen print,,n/a,09. Fully completed,,,,2023-09-27,2023-09-27T12:00:00.000Z,,,,Date confirmed (fully confirmed with artist),2023-Q3,,Monotype with unique hand-finishing with Flashe paint on Shizen paper,Confirmed,65.5 x 49.5.cm (variable due to deckled edge),Signed by the artist on the reverse,Signed by Artist,true,Framed on order,Tier 4,Standard contemporary,REPEAT,0.75,,,,,,,,
1873,BRIDGETMU-1873,Bridget Mullen,Under 1,Confirmed,2023.09Bridget MullHFPE,2000,EUR,Confirmed,,2000,1,Confirmed,,,HFPE,Public,Limited,,,n/a,09. Fully completed,,,,2023-09-27,2023-09-27T12:00:00.000Z,,,,Date confirmed (fully confirmed with artist),2023-Q3,,Monotype with unique hand-finishing with Flashe paint on Shizen paper,Confirmed,50 x 48 cm (variable due to deckled edge),Signed by the artist on the reverse,Signed by Artist,true,Framed on order,Tier 4,,REPEAT,,,,,,,,,
1846,BRIDGETMU-1846,Bridget Mullen,Under 2,Confirmed,2023.09Bridget MullHFPE,2000,EUR,Confirmed,,2000,1,Confirmed,,,HFPE,Public,Limited,,,n/a,09. Fully completed,,,,2023-09-27,2023-09-27T12:00:00.000Z,,,,Date confirmed (fully confirmed with artist),2023-Q3,,Monotype with unique hand-finishing with Flashe paint on Shizen paper,Confirmed,50 x 50 cm (variable due to deckled edge),Signed by the artist on the reverse,Signed by Artist,true,Framed on order,Tier 4,,REPEAT,,,,,,,,,
1874,BRIDGETMU-1874,Bridget Mullen,Under 3,Confirmed,2023.09Bridget MullHFPE,2000,EUR,Confirmed,,2000,1,Confirmed,,,HFPE,Public,Limited,,,n/a,09. Fully completed,,,,2023-09-27,2023-09-27T12:00:00.000Z,,,,Date confirmed (fully confirmed with artist),2023-Q3,,Monotype with unique hand-finishing with Flashe paint on Shizen paper,Confirmed,51 x 49.5 cm (variable due to deckled edge),Signed by the artist on the reverse,Signed by Artist,true,Framed on order,Tier 4,,REPEAT,,,,,,,,,
1383,DMITRICHE-1383,Dmitri Cherniak,Ringers 962: The LACMA Iterations,Confirmed,2023.10Dmitri ChernPE,800,EUR,Confirmed,Under €1k,580800,726,TL expected units confirmed,2000,,TL,Timed,Timed,Silkscreen print,,24 hours,09. Fully completed,,,,2023-09-28,,,,2023-09-29,Date confirmed (fully confirmed with artist),2023-Q3,,3 colour silkscreen print printed in 7 layers with emboss on Somerset Tub Sized Radiant White 410gsm paper,Confirmed,50 x 50 cm,Signed and numbered in the bottom right hand corner,Signed by Artist,,Framed on order,Tier 1,NFT,REPEAT,0.75,,,,,,,,
1838,DMITRICHE-1838,Dmitri Cherniak,Ringers 962: The LACMA Iterations XL,Confirmed,2023.10Dmitri ChernPE,0,EUR,Confirmed,,0,5,Confirmed,0,,PE,Private,Limited,Silkscreen print,,n/a,09. Fully completed,,,,2023-09-28,2023-09-28T12:00:00.000Z,,,,Date confirmed (fully confirmed with artist),2023-Q3,,3 colour silkscreen print printed in 5 layers on Somerset Tub Sized Radiant White 600gsm paper,Confirmed,120 x 120 cm,Signed and numbered in the bottom right hand corner,Signed by Artist,,No framing option,Tier 1,,REPEAT,,,,,,,,,
1464,GRANTRIVE-1464,Grant Riven Yun,The Last Supper [NOTE: SOLD VIA SOTHEBY'S],Confirmed,2023.06Grant Riven OG,80000,EUR,Confirmed,Over €5k,80000,1,Confirmed,,,OG,External (not AA),Limited,Unique work,,n/a,09. Fully completed,,,,2023-09-28,,,,,Date confirmed (EVENT SPECIFIC),2023-Q3,,"UV Flat Bed print onto stretched Cotton Canvas 380gsm, Signed on reverse",Confirmed,150 cm x 84 cm,,Signed by Artist,,No framing option,Tier 2,NFT,REPEAT,,,,,,,,,
1048,HIROYAKUR-1048,Hiroya Kurata,Lemonhead,Confirmed,2023.11Hiroya KuratPE,550,EUR,Confirmed,Under €1k,22000,40,Confirmed,,,PE,Public,Limited,Silkscreen print,,n/a,09. Fully completed,,,Low touch,2023-10-03,,,,,Date confirmed (fully confirmed with artist),2023-Q4,,UV pigment print on Somerset Tub Sized Radiant White 410gsm paper with silkscreen matte varnish and deckled edges,Confirmed,76 x 61.8 cm,signed/numbered/dated 2023,Signed by Artist,,Framed on order,Tier 4,Standard contemporary,REPEAT,0.75,,,,,,,,
876,RICHARDWO-876,Richard Woods,Home Globe (Pink),Confirmed,2023.10Richard WoodCL,350,EUR,Confirmed,Under €1k,17500,50,Confirmed,,,CL,Public,Limited,Low cost 3D edition,,n/a,09. Fully completed,,,Low touch,2023-10-04,,,,,Date confirmed (fully confirmed with artist),2023-Q4,,Glass globe with a polystone resin house and artificial snow on a walnut wood base,Confirmed,16.3 x 14.5 x 14.5,Engraved with the Artist's signature and edition number on the bottom of the globe,Engraved signature,,No framing option,Tier 3,Standard contemporary,REPEAT,0.75,,,,,,,,
520,RICHARDWO-520,Richard Woods,Home Globe (Yellow),Confirmed,2023.10Richard WoodCL,350,EUR,Confirmed,Under €1k,17500,50,Confirmed,,,CL,Public,Limited,Low cost 3D edition,,n/a,09. Fully completed,,,Low touch,2023-10-04,,,,,Date confirmed (fully confirmed with artist),2023-Q4,,Glass globe with a polystone resin house and artificial snow on a walnut wood base,Confirmed,16.3 x 14.5 x 14.5,Engraved with the Artist's signature and edition number on the bottom of the globe,Engraved signature,,No framing option,Tier 3,Standard contemporary,REPEAT,0.75,,,,,,,,
1352,MARCUSJAN-1352,Marcus Jansen,Afro Painter,Confirmed,2023.10Marcus JansePE,850,EUR,Confirmed,Under €1k,38250,45,Confirmed,,,PE,Public,Limited,Digital print,,n/a,09. Fully completed,,,Low touch,2023-10-05,,,,,Date confirmed (fully confirmed with artist),2023-Q4,,UV pigment print on Somerset Tub Sized Satin White 310gsm paper with silkscreen matte varnish seal,Confirmed,70.0 x 54.3 cm,"signed /numbered/dated on front, 2023",Signed by Artist,,Framed on order,Tier 3,Standard contemporary,REPEAT,0.75,,,,,,,,
747,SOYOUNLE-747,So Youn Lee,Ready?,Confirmed,2023.11So Youn LeePE,550,EUR,Confirmed,Under €1k,27500,50,Confirmed,,,PE,Public,Limited,Silkscreen print,,n/a,09. Fully completed,,,Low touch,2023-10-10,,,,,Date confirmed (fully confirmed with artist),2023-Q4,,UV flatbed print on Somerset Tub Sized Radiant White 410gsm paper with silkscreen matte varnish and deckled edges,Confirmed,70 x 55 cm,"signed, numbered on front of print, dated 2023",Signed by Artist,,Framed on order,Tier 3,Standard contemporary,REPEAT,0.75,,,,,,,,
1061,JAMESJEAN-1061,James Jean,Descendent - Lucid Dreamer,Confirmed,25.05JamesJeanTL,1000,EUR,Confirmed,Under €1k,537000,537,Confirmed,660,2,TLC,Timed,Timed,,,7 days,09. Fully completed,,,Low touch,2023-10-12,,,,2023-10-19,Date confirmed (fully confirmed with artist),2023-Q4,,Frosted resin sculpture with a glass mirror base,Confirmed,32.7 x 15.5 x 15.5,Engraved with JJ's wave insignia & numbered on bottom of sculpture,Engraved signature,,No framing option,Tier 1,Street & collectibles,REPEAT,0.75,,,,,,,,
1123,MIWAKOMAT-1123,Miwa Komatsu,The Entity Stirs,Confirmed,2023.11Miwa KomatsuPE+CL,1700,EUR,Confirmed,€1k to €2.5k,85000,50,Confirmed,,,PE,Draw,Limited,Hybrid print,,n/a,09. Fully completed,,,Low touch,2023-10-16,,,,,Date confirmed (fully confirmed with artist),2023-Q4,,"UV flat bed pigment print with 3 silk screen layers, including two metallic gold powders, and one fluorescent yellow ink. Printed on Somerset Tub Sized Radiant White 410gsm paper, with deckled edges",Confirmed,55.4 x 43.7 cm,"Signed, Editioned and dated on the bottom left of the print",Signed by Artist,,Framed on order,Tier 2,Standard contemporary,REPEAT,0.75,,,,,,,,
909,MIWAKOMAT-909,Miwa Komatsu,The Great Harmonisation [BOOK TO BE SENT WITH EDITIONS],Confirmed,2023.11Miwa KomatsuPE+CL,0,EUR,Confirmed,Under €1k,0,90,Confirmed,,,CL,Public,Limited,Low cost 3D edition,,n/a,09. Fully completed,,,,2023-10-16,,,,,Date confirmed (fully confirmed with artist),2023-Q4,,Concertina book in hardback slipcase,Confirmed,15 x 12 x 2.5 cm,N/A (book is neither signed nor numbered),No authentication,,No framing option,Tier 2,Standard contemporary,REPEAT,0.5,,,,,,,,
1932,MIWAKOMAT-1932,Miwa Komatsu,The Great Harmonisation [BOOK TO BE SOLD INDIVIDUALLY],Confirmed,2023.11Miwa KomatsuPE+CL,75,EUR,Confirmed,Under €1k,7500,100,Confirmed,,,CL,Public,Limited,Low cost 3D edition,,n/a,09. Fully completed,,,Low touch,2023-10-16,2023-10-16T12:00:00.000Z,,,,Date confirmed (fully confirmed with artist),2023-Q4,,Concertina book in hardback slipcase,Confirmed,15 x 12 x 2.5 cm,N/A (book is neither signed nor numbered),No authentication,,No framing option,Tier 2,Standard contemporary,REPEAT,0.5,,,,,,,,
1298,MICHAELAY-1298,Michaela Yearwood-Dan,Just,Confirmed,2023.10Michaela YeaHFPE,2800,EUR,Confirmed,€1k to €2.5k,112000,40,Confirmed,,,PE,Public,Limited,Silkscreen print,,n/a,09. Fully completed,,,High touch,2023-10-20,,,,,Date confirmed (fully confirmed with artist),2023-Q4,,"15 layer silkscreen print on 410gsm Somerset Radiant White paper, including a screen printed high gloss varnish",Confirmed,84 x 61 cm,"Signed, numbered and dated in the bottom right hand corner",Signed by Artist,,Framed on order,Tier 2,Standard contemporary,REPEAT,0.75,,,,,,,,
1798,MICHAELAY-1798,Michaela Yearwood-Dan,Just (Hand finished),Confirmed,2023.10Michaela YeaHFPE,4500,EUR,Confirmed,€1k to €2.5k,45000,10,Confirmed,,,HFPE,Private,Limited,Silkscreen print,,n/a,09. Fully completed,,,High touch,2023-10-20,2023-10-20T12:00:00.000Z,,2023-09-29,,Date confirmed (fully confirmed with artist),2023-Q4,,"15 layer silkscreen print on 410gsm Somerset Radiant White paper, including a screen printed high gloss varnish. Each print is uniquely hand-finished by the artist using acrylic paint, glitter and/or beads",Confirmed,84 x 61 cm,"Signed, numbered and dated in the bottom right hand corner",Signed by Artist,true,Full Edition Framed,Tier 2,Standard contemporary,REPEAT,0.75,,,,,,,,
805,ARGHAVANK-805,Arghavan Khosravi,The Earring,Confirmed,2023.07Arghavan KhoPE,3750,EUR,Confirmed,€2.5k to €5k,93750,25,Confirmed,,,PE,Draw,Limited,Complex print,,n/a,09. Fully completed,,,High touch,2023-10-23,,,,,Date confirmed (fully confirmed with artist),2023-Q4,,"UV pigment printed acrylic panels and archival pigment printed canvas, mounted on a wooden support and finished with a rubber cord and 3D cast shackle",Confirmed,95 x 63 x 14.5 cm (Incl. the 3D cast stirrup),Signed COA mounted on the reverse,No authentication,,No framing option,Tier 2,Standard contemporary,REPEAT,0.75,,,,,,,,
375,JOHNSONTS-375,Johnson Tsang,Open the Right Mind,Confirmed,2023.10Johnson TsanSE,700,EUR,Confirmed,Under €1k,70000,100,Confirmed,,,SE,Draw,Limited,Low cost 3D edition,,n/a,09. Fully completed,,,Low touch,2023-10-25,,,,,Date confirmed (fully confirmed with artist),2023-Q4,,"Painted, dry cast and porcelain filled resin sculpture",Confirmed,43 x 15.6 x 13 cm,Artist's signature stamped on the back of the sculpture,Engraved signature,,No framing option,Tier 2,Home & design,REPEAT,0.75,,,,,,,,
1815,CRYPTOPUNK-1815,Cryptopunks,"10,000 On-Chain",Confirmed,2024CryptoChainPrintTL,500,EUR,Confirmed,,414500,829,TL expected units confirmed,833,,TL,Timed,Timed,Digital print,,48 hours,09. Fully completed,,,Low touch,2023-10-26,,,,2023-10-28,Date confirmed (fully confirmed with artist),2023-Q4,,Archival pigment print on 330gsm Somerset Enhanced Radiant White paper with a silkscreen matte varnish seal,Confirmed,60 x 60cm,"Print not signed. No artist signature, but there is a QR code on the physical COA, which links you to corresponding digital COA (an NFT)",Blockchain only,,Framed on order,Tier 1,,REPEAT,,,,,,,,,
1830,CRYPTOPUNK-1830,Cryptopunks,Punk On-Chain,Confirmed,2024CryptoChainPrintTL,600,EUR,Confirmed,,171600,286,TL expected units confirmed,833,,TL,Timed,Timed,Hybrid print,,48 hours,09. Fully completed,,,Low touch,2023-10-26,,,,2023-10-28,Date confirmed (fully confirmed with artist),2023-Q4,,"UV pigment print on Somerset Tub Sized Radiant White 410gsm paper, printed with a double white underpin",Confirmed,40 x 40cm,Print not signed. The Punk’s individual title and a unique QR code are printed on the reverse of the print. The QR code links to a unique token on the blockchain (NFT) which serves as the COA.,Blockchain only,,Framed on order,Tier 1,,REPEAT,,,,,,,,,
279,ROBYDWIA-279,Roby Dwi Antono,CLEMENTINE,Confirmed,23.06RobyDwiAntonoPE,5000,EUR,Confirmed,€2.5k to €5k,250000,50,Confirmed,,,SE,Draw,Limited,Mid cost 3D edition,,n/a,09. Fully completed,,,High touch,2023-10-31,,,,,Date confirmed (fully confirmed with artist),2023-Q4,,"Walnut and beech wooden sculpture with acrylic hand painted additions on the eyes, lips and cheeks",Confirmed,30 x 24.7 x 28.4 cm,Numbered and engraved with Artist's signature on bottom of edition,Engraved signature,,No framing option,Tier 2,Street & collectibles,REPEAT,0.75,,,,,,,,
268,SETH-268,SETH,Little Sower,Confirmed,2023.11Seth GlobepaSE,3000,EUR,Confirmed,€2.5k to €5k,105000,35,Confirmed,,,SE,Public,Limited,High cost 3D edition,,n/a,09. Fully completed,,,High touch,2023-11-02,,,,,Date confirmed (fully confirmed with artist),2023-Q4,,Patinated bronze sculpture,Confirmed,16.7 x 14.5 x 34.2 cm,Artist's signature engraved on base,Engraved signature,,No framing option,Tier 2,Street & collectibles,REPEAT,0.75,,,,,,,,
1300,DEVANSHIM-1300,Devan Shimoyama,Le Mat,Confirmed,2023.09Devan ShimoyPE,1750,EUR,Confirmed,€1k to €2.5k,43750,25,Confirmed,,,PE,Public,Limited,Hybrid print,,n/a,09. Fully completed,,,Low touch,2023-11-06,,,,,Date confirmed (fully confirmed with artist),2023-Q4,,"UV flatbed print on Somerset Radiant White 410gsm paper with Zünd cut edges, overlaid with 4 metallic silk screen glitter inks and embossed with gold foil. Each print is hand-finished by the artist with rhinestones.",Confirmed,40.5 x 28 cm,"Signed/numbered/dated on the reverse, 2023",Signed by Artist,,Framed on order,Tier 3,Standard contemporary,REPEAT,0.75,,,,,,,,
1262,CAMILLAEN-1262,Camilla Engström,Island Creators,Confirmed,2023.10Camilla EngsPE,1000,EUR,Confirmed,€1k to €2.5k,50000,50,Confirmed,,,PE,Draw,Limited,Silkscreen print,,n/a,09. Fully completed,,,Low touch,2023-11-07,,,,,Date confirmed (fully confirmed with artist),2023-Q4,,"Archival pigment print on Hahnemühle Photo Rag 308gsm paper with silkscreen matte varnish seal, gloss varnish details and embossing.",Confirmed,70 x 45.5 cm,"Signed/numbered/dated on front, 2023",Signed by Artist,,Framed on order,Tier 3,Standard contemporary,REPEAT,0.75,,,,,,,,
1046,KOTAOTOMO-1046,Kotao Tomozawa,Ruki-chan (Black),Confirmed,2023.11KotaoSE,5000,EUR,Confirmed,Over €5k,100000,20,Confirmed,,,SE,Draw,Limited,High cost 3D edition,,n/a,09. Fully completed,,,High touch,2023-11-08,,,,,Date confirmed (fully confirmed with artist),2023-Q4,,Bronze with urethane coating and painted face with a clear glossy coating,Confirmed,23.5 x 17.2 x 13 cm,The artist will handwrite the signature and the edition number on the back of the work with silver permanent marker,Signed by Artist,,No framing option,Tier 3,Standard contemporary,REPEAT,0.75,,,,,,,,
657,KOTAOTOMO-657,Kotao Tomozawa,Ruki-chan (Red),Confirmed,2023.11KotaoSE,5000,EUR,Confirmed,Over €5k,100000,20,Confirmed,,,SE,Draw,Limited,High cost 3D edition,,n/a,09. Fully completed,,,High touch,2023-11-08,,,,,Date confirmed (fully confirmed with artist),2023-Q4,,Bronze with urethane coating and painted face with a clear glossy coating,Confirmed,23.5 x 17.2 x 13 cm,The artist will handwrite the signature and the edition number on the back of the work with silver permanent marker (See photos),Signed by Artist,,No framing option,Tier 3,Standard contemporary,REPEAT,0.75,,,,,,,,
1395,BARRYMCGE-1395,Barry McGee,Untitled,Confirmed,2023.06BarryMcgeeTL,600,EUR,Confirmed,,258000,430,Confirmed,1000,2,TL,Timed,Timed,Hybrid print,,24 hours,09. Fully completed,,,Low touch,2023-11-09,,,,2023-11-10,Date confirmed (fully confirmed with artist),2023-Q4,,"UV pigment print on Somerset Tub Sized Radiant White 410gsm paper, with silkscreen matte varnish and fluorescent pink ink printed in 3 silkscreen layers",Confirmed,78 x 50 cm,"Signed/numbered/dated 2023, on reverse via sticker",Signed with sticker,,Framed on order,Tier 2,Street & collectibles,REPEAT,,,,,,,,,
1573,BARRYMCGE-1573,Barry McGee,Untitled (Hand-finished),Confirmed,2023.06BarryMcgeeTL,3500,EUR,Confirmed,,273000,78,Confirmed,100,,TL,Timed,Timed,Silkscreen print,,24 hours,09. Fully completed,,,High touch,2023-11-09,,,,2023-11-10,Date confirmed (fully confirmed with artist),2023-Q4,,"14 colour silkscreen printed in 28 layers on Somerset Tub Sized Radiant White 410gsm paper, hand-finished by the artist with spray paint and gouache",Confirmed,78 x 50 cm,Signed/numbered/dated 2023 on reverse,Signed by Artist,true,Framed on order,Tier 2,Street & collectibles,REPEAT,,,,,,,,,
213,CUIJIE-213,Cui Jie,Shanghai Federation of Industry & Commerce Building,Confirmed,2023CuijiePE,1500,EUR,Confirmed,,45000,30,Confirmed,,,HFPE,Public,Limited,Silkscreen print,,n/a,09. Fully completed,0,,Low touch,2023-11-10,,,,,Date confirmed (fully confirmed with artist),2023-Q4,,"Archival pigment print with 3 colour silkscreen, printed in 9 layers on Somerset Enhanced Satin 330gsm fine art paper and hand-finished by the artist with coloured pencils",Confirmed,100 x 65 cm,"signed/numbered/dated on front, 2022",Signed by Artist,true,Framed on order,Tier 3,Standard contemporary,REPEAT,0.75,,,,,,,,
1530,LUISPONCE-1530,Luis Ponce,And The Absurd Was Born,Confirmed,2023.07LuisPoncePE,2350,EUR,Confirmed,€1k to €2.5k,58750,25,Confirmed,,,PE,Draw,Limited,Hybrid print,,n/a,09. Fully completed,,,High touch,2023-11-10,,,,,Date confirmed (fully confirmed with artist),2023-Q4,,"UV pigment print with 9 silkscreen layers, including matte and high gloss varnishes, printed on 410gsm Somerset Tub Sized Radiant White paper with deckled edges",Confirmed,41.5 x 70,"Will be signed, numbered and dated in the bottom right hand corner",Signed by Artist,,Framed on order,Tier 3,NFT,REPEAT,,,,,,,,,
1978,TAYLORLEE-1978,Taylor Lee,Beach Ball Strong Woman,Confirmed,2023.11Taylor LeeSE,1200,EUR,Confirmed,€1k to €2.5k,1200,1,Confirmed,,,OG,Public,Limited,Unique work,,n/a,09. Fully completed,,,Low touch,2023-11-13,,,,,Date confirmed (fully confirmed with artist),2023-Q4,,Raku fired with glaze,Confirmed,17 x 7.5 x 13.5 CM,Signed and dated (2023) on the bottom of the sculpture,Signed by Artist,,No framing option,Tier 4,Standard contemporary,REPEAT,0.75,,,,,,,,
1979,TAYLORLEE-1979,Taylor Lee,Happy Face Strong Woman,Confirmed,2023.11Taylor LeeSE,1300,EUR,Confirmed,€1k to €2.5k,1300,1,Confirmed,,,OG,Public,Limited,Unique work,,n/a,09. Fully completed,,,Low touch,2023-11-13,,,,,Date confirmed (fully confirmed with artist),2023-Q4,,Raku fired with glaze,Confirmed,19 x 8.5 x 14.5 CM,Signed and dated (2023) on the bottom of the sculpture,Signed by Artist,,No framing option,Tier 4,Standard contemporary,REPEAT,0.75,,,,,,,,
1327,TAYLORLEE-1327,Taylor Lee,Tubie Series [Individual titles for each work - SEE CHECKLIST],Confirmed,2023.11Taylor LeeSE,900,EUR,Confirmed,€1k to €2.5k,7200,8,Confirmed,,,OG,Public,Limited,Unique work,,n/a,09. Fully completed,,,Low touch,2023-11-13,,,,,Date confirmed (fully confirmed with artist),2023-Q4,,[CHECKLIST HERE FOR INDIVIDUAL TITLES]( Raku fired with glaze,Confirmed,8 x 12.5 x 12.5 CM,Signed and dated (2023) on the bottom of the sculpture,Signed by Artist,,No framing option,Tier 4,Standard contemporary,REPEAT,0.75,,,,,,,,
1590,JONNYNIES-1590,Jonny Niesche,Diamond Vibration (Caught by the fuzz),Confirmed,XXXX.XXJONNYNIESPE,1700,EUR,Confirmed,,85000,50,Confirmed,,,PE,Draw,Limited,Digital print,,n/a,09. Fully completed,,,Low touch,2023-11-14,,,,,Date confirmed (fully confirmed with artist),2023-Q4,,"UV pigment print with a silkscreen matte varnish seal on 1.5mm buffed aluminium, with a wooden back frame and cleat for hanging",Confirmed,84.8cm x 84.8cm x 1.3cm,"Artist signature, edition size and year engraved on the back of the wooden frame.",Engraved signature,,No framing option,Tier 3,,REPEAT,,,,,,,,,
770,HIDEAKIKA-770,Hideaki Kawashima,Fan (Hand-finished),Confirmed,2023.09Hideaki KawaPrints,2250,EUR,Confirmed,€1k to €2.5k,45000,20,Confirmed,,,HFPE,Enquiry,Limited,Digital print,,n/a,09. Fully completed,0,,Low touch,2023-11-15,,,,,Date confirmed (fully confirmed with artist),2023-Q4,,"UV flatbed print with silkscreen varnish on Somerset Tub Sized Satin White 410gsm paper, hand-finished by the artist with acrylic gouache",Confirmed,80.2 x 65 cm,Signed/numbered/dated 2023,Signed by Artist,true,Full Edition Framed,Tier 3,Standard contemporary,REPEAT,0.75,,,,,,,,
1183,HIDEAKIKA-1183,Hideaki Kawashima,Fan (Mishima),Confirmed,2023.09Hideaki KawaPrints,1000,EUR,Confirmed,€1k to €2.5k,30000,30,Confirmed,,,PE,Public,Limited,Digital print,,n/a,09. Fully completed,0,,Low touch,2023-11-15,,,,,Date confirmed (fully confirmed with artist),2023-Q4,,UV flatbed print with silkscreen varnish on Somerset Tub Sized Satin White 410gsm paper,Confirmed,80.2 x 65 cm,Signed/numbered/dated 2023,Signed by Artist,,Framed on order,Tier 3,Standard contemporary,REPEAT,0.75,,,,,,,,
1999,GREGORYCR-1999,Gregory Crewdson,Twilight Triptych,Confirmed,2023GregCrewdsonTL,1080,EUR,Confirmed,,208440,193,Confirmed,138,,TL,Timed,Timed,,,24 hours,09. Fully completed,,,Low touch,2023-11-16,,,,2023-11-17,Date confirmed (fully confirmed with artist),2023-Q4,,Digital pigment print on Moab Juniper Baryta Rag 305 gsm paper,Confirmed,35.5 x 28 cm,Signed by Artist. Prints will also be numbered + dated (by our WHSE team),Signed by Artist,,Framed on order,Tier 2,,REPEAT,,,,,,,,,
1958,GREGORYCR-1958,Gregory Crewdson,Untitled [Circle on Window],Confirmed,2023GregCrewdsonTL,400,EUR,Confirmed,,10400,26,Confirmed,350,,TL,Timed,Timed,,,24 hours,09. Fully completed,,,Low touch,2023-11-16,,,,2023-11-17,Date confirmed (fully confirmed with artist),2023-Q4,,Digital pigment print on Moab Juniper Baryta Rag 305 gsm paper,Confirmed,35.5 x 28 cm,Signed by Artist. Prints will also be numbered + dated (by our WHSE team),Signed by Artist,,Framed on order,Tier 2,,REPEAT,,,,,,,,,
1957,GREGORYCR-1957,Gregory Crewdson,Untitled [Man in Car with Shed],Confirmed,2023GregCrewdsonTL,400,EUR,Confirmed,,106800,267,Confirmed,300,,TL,Timed,Timed,,,24 hours,09. Fully completed,,,Low touch,2023-11-16,,,,2023-11-17,Date confirmed (fully confirmed with artist),2023-Q4,,Digital pigment print on Moab Juniper Baryta Rag 305 gsm paper,Confirmed,35.5 x 28 cm,Signed by Artist. Prints will also be numbered + dated (by our WHSE team),Signed by Artist,,Framed on order,Tier 2,,REPEAT,,,,,,,,,
1959,GREGORYCR-1959,Gregory Crewdson,Untitled [Ray of Light],Confirmed,2023GregCrewdsonTL,400,EUR,Confirmed,,47600,119,Confirmed,350,,TL,Timed,Timed,,,24 hours,09. Fully completed,,,Low touch,2023-11-16,,,,2023-11-17,Date confirmed (fully confirmed with artist),2023-Q4,,Digital pigment print on Moab Juniper Baryta Rag 305 gsm paper,Confirmed,35.5 x 28 cm,Signed by Artist. Prints will also be numbered + dated (by our WHSE team),Signed by Artist,,Framed on order,Tier 2,,REPEAT,,,,,,,,,
669,BONYRAMIR-669,Bony Ramirez,TORO!,Confirmed,2023.10Bony RamirezHFPE,2900,EUR,Confirmed,€2.5k to €5k,72500,25,Confirmed,,,HFPE,Public,Limited,Silkscreen print,,n/a,09. Fully completed,,,High touch,2023-11-17,,,,,Date confirmed (fully confirmed with artist),2023-Q4,,"24 colour silkscreen print on Somerset Tub Sized Radiant White 410gsm paper, hand-finished by the artist with gold leaf marker and acrylic paint",Confirmed,70.4 x 54.9 cm,Signed/numbered/dated 2023,Signed by Artist,true,Framed on order,Tier 3,Standard contemporary,REPEAT,0.75,,,,,,,,
1359,YOONHYUP-1359,Yoon Hyup,In The City,Confirmed,2023.10Yoon HyupPE,750,EUR,Confirmed,Under €1k,150000,200,Confirmed,,,PE,Draw,Limited,Hybrid print,,n/a,09. Fully completed,,,Low touch,2023-11-20,,,,,Date confirmed (fully confirmed with artist),2023-Q4,,UV pigment print on a silkscreen black flood and finished with a silkscreen matte varnish on 410gsm Somerset Tub Sized Radiant white paper,Confirmed,52.4 x 66cm,"Artists signature and number on the front of the print, date (2023) on the back.",Signed by Artist,,Framed on order,Tier 3,Street & collectibles,REPEAT,1,,,,,,,,
1528,ALPHACENT-1528,Alpha Centauri Kid,Warothy,Confirmed,2023AlphaCKPE,5000,EUR,Confirmed,€1k to €2.5k,125000,25,Confirmed,,,PE,Draw,Limited,Complex print,,n/a,09. Fully completed,,,High touch,2023-11-22,,,,,Date confirmed (fully confirmed with artist),2023-Q4,,PETG lenticular lens mounted on 2mm aluminium with an extruded aluminium hanging system,Confirmed,69 x 69 x 3 cm,Edition number and Artist's signature engraved on the reverse,Engraved signature,,No framing option,Tier 2,,REPEAT,,,,,,,,,
828,MOENAKAMU-828,Moe Nakamura,Inside Us,Confirmed,2023.12Moe NakamuraSE,8500,EUR,Confirmed,Over €5k,297500,35,Confirmed,,,SE,Public,Limited,High cost 3D edition,,n/a,09. Fully completed,,,High touch,2023-11-28,,,,,Date confirmed (fully confirmed with artist),2023-Q4,,Sculpted Bianco Carrara marble with gold leaf addition and hand sculpted details,Confirmed,"36,5 x 15,5 x 13,5 cm",Signed and numbered below the feet,Engraved signature,,No framing option,Tier 1,Standard contemporary,REPEAT,0.75,,,,,,,,
1094,CHRISTIAN-1094,Christian Rex van Minnen,Rainbow Bridge,Confirmed,2023.09Christian ReTL,550,EUR,Confirmed,Under €1k,70950,129,Confirmed,500,,TL,Timed,Timed,Hybrid print,,24 hours,11. Cancelled,,,Low touch,2023-11-29,,,,2023-11-30,Date confirmed (fully confirmed with artist),2023-Q4,,"UV pigment print on Somerset Tub Sized Radiant White 410gsm paper, finished with a matte varnish silkscreen seal and high-gloss spot varnish highlights",Confirmed,60 x 38.7cm,"Numbered left-corner, titled in the middle, signed bottom right corner",Signed by Artist,,Framed on order,Tier 2,Standard contemporary,REPEAT,0.75,,,,,,,,
1550,DENNISOSA-1550,Dennis Osadebe,In Search For Light,Confirmed,XXXX.XXDENNISOSAPE,850,EUR,Confirmed,,42500,50,Confirmed,,,PE,Draw,Limited,Hybrid print,,n/a,09. Fully completed,,,Low touch,2023-11-30,,,,,Date confirmed (fully confirmed with artist),2023-Q4,,"UV flatbed print on Somerset Radiant White 410gsm fine art paper, sealed with a matte varnish and screen printed spot UV gloss varnish",Confirmed,65 x 46.7 cm,"Signed and dated bottom right hand corner, numbered bottom left hand corner",Signed by Artist,,Framed on order,Tier 3,Standard contemporary,REPEAT,,,,,,,,,
486,TOMOKAZUM-486,Tomokazu Matsuyama,Perfect All Alone Ironic,Confirmed,22.12MatsuPerfectAllAloneIronic,5000,EUR,Confirmed,€2.5k to €5k,375000,75,Confirmed,,,PE,Draw,Limited,Silkscreen print,,n/a,09. Fully completed,,,High touch,2023-12-05,,,,,Date confirmed (fully confirmed with artist),2023-Q4,,"Archival pigment print on 330gsm Somerset Satin Enhanced paper, finished with screen print details in white ink, silver ink, gold and copper leaf and a layer of high gloss and satin gloss varnish. Mounted in a bespoke white, contoured frame",Confirmed,83 x 72.8cm (print only),"Signed, numbered & dated by the artist (2022)",Signed by Artist,,Full Edition Framed,Tier 2,Standard contemporary,REPEAT,0.75,,,,,,,,
893,SNOWFRO-893,Snowfro,Chromie Squiggle 8107,Confirmed,2023SnowfroTL,350,EUR,Confirmed,,91700,262,TL expected units confirmed,200,,TL,Timed,Timed,Hybrid print,,7 days,09. Fully completed,0,,Low touch,2023-12-07,,2025-04-17,,2023-12-14,Date confirmed (fully confirmed with artist),2023-Q4,,"Multi-colour UV pigment print with silkscreen charcoal grey spot colour and varnish, on 410gsm Somerset Tub Sized Radiant White paper",Confirmed,40 x 40 CM,"Artist signature, date and number on the front of the artwork Warehouse - numbering and dating Signature - artist",Signed by Artist,,Framed on order,Tier 3,,REPEAT,,,,,,,,,
777,ANISHKAPO-777,Anish Kapoor,Out of the Dark,Confirmed,2023.12Anish KapoorPE,1360,EUR,Confirmed,€2.5k to €5k,451520,332,TL expected units confirmed,150,,TL,Timed,Timed,Silkscreen print,,7 days,09. Fully completed,,,Low touch,2023-12-11,,2025-04-17,,2023-12-18,Date confirmed (fully confirmed with artist),2023-Q4,,24 layer silkscreen print on Somerset Tub Sized Satin White 410gsm paper with hand deckled edges and finished with a matte varnish seal,Confirmed,38.6 x 66cm,Hand numbered and signed by the Artist on the bottom of the print.,Signed by Artist,,Framed on order,Tier 2,Blue chip contemporary,REPEAT,1,,,,,,,,
1068,LY-1068,LY,LUV Somewhere New,Confirmed,2023.12LYPE,2300,EUR,Confirmed,€1k to €2.5k,69000,30,Confirmed,,,PE,Draw,Limited,Silkscreen print,,n/a,09. Fully completed,,,High touch,2023-12-12,,2025-04-17,,,Date confirmed (fully confirmed with artist),2023-Q4,,21 colour silkscreen printed in 42 layers on 410gsm Somerset Radiant White paper,Confirmed,75 x 60 cm,signed dated and numbered bottom right hand corner,Signed by Artist,,Framed on order,Tier 3,Street & collectibles,REPEAT,0.75,,,,,,,,
1043,TAKAHIROK-1043,Takahiro Komuro,Sphinx - Kira,Confirmed,2023.12TakahiroSE,6500,EUR,Confirmed,Over €5k,97500,15,Confirmed,,,SE,Enquiry,Limited,High cost 3D edition,,n/a,09. Fully completed,0,,High touch,2023-12-13,,2025-04-17,,,Date confirmed (fully confirmed with artist),2023-Q4,,Bronze sculpture finished with iridescent paint,Confirmed,20 x 17 x 23 cm,"Engraved with Artist's signature, edition number and country of origin. Not dated.",Engraved signature,,No framing option,Tier 3,Street & collectibles,REPEAT,0.75,,,,,,,,
745,GIORGIKO-745,Giorgiko,Unacquainted Friends,Confirmed,2024.XXGiorgikoSE,2750,EUR,Confirmed,Over €5k,68750,25,Confirmed,,,SE,Public,Limited,High cost 3D edition,,n/a,09. Fully completed,0,,High touch,2023-12-14,,2025-04-17,,,Date confirmed (fully confirmed with artist),2023-Q4,,Patinated bronze sculpture with a gold painted copper arch,Confirmed,49.1 x 32.6 x 16.3 cm,Engraved with signature and edition size on the bottom of the sculpture,Engraved signature,,No framing option,Tier 3,Street & collectibles,REPEAT,0.75,,,,,,,,
1592,JAKEFRIED-1592,Jake Fried,Open Eyes (Signal),Confirmed,2024JakeFriedPE,2750,EUR,Confirmed,€2.5k to €5k,82500,30,Confirmed,,,PE,Draw,Limited,Silkscreen print,,n/a,09. Fully completed,,BAU,,2024-01-17,,2025-04-17,,,Date confirmed (fully confirmed with artist),2024-Q1,,Textured UV pigment print on 410gsm Somerset Radiant White paper,Confirmed,70 x 41.5 cm,"Signed bottom right hand corner, numbered bottom left",Signed by Artist,,Framed on order,Tier 3,,REPEAT,1,,,,,,,,
1780,TOMÁSSÁNC-1780,Tomás Sánchez,Inner Love,Confirmed,2024TomasSanchezTL,450,EUR,Confirmed,,283500,630,Confirmed,162,,TL,Timed,Timed,Digital print,,24 hours,09. Fully completed,,Priority,,2024-01-18,2024-01-18T16:00:00.000Z,2025-04-17,,2024-01-19,Date confirmed (fully confirmed with artist),2024-Q1,,UV pigment print on Somerset TS 410gsm Radiant White paper with a matte silkscreen varnish seal,Confirmed,60 x 48cm,"Signed, dated & numbered by the artist on bottom of print",Signed by Artist,,Framed on order,Tier 2,,REPEAT,1,,,,,,,,
1800,DAWNIADAR-1800,Dawnia Darkstone,Digital Chemicals,Confirmed,2024DawniaNFTPE,2000,EUR,Confirmed,,40000,20,Confirmed,,,PE,Draw,Limited,Digital print,,n/a,09. Fully completed,,BAU,,2024-01-23,,2025-04-17,,,Date confirmed (fully confirmed with artist),2024-Q1,,"UV pigment print on 410gsm Somerset Tub Sized Radiant White paper, with a matte varnish seal and phosphorescent glow-in-the-dark silkscreen details",Confirmed,34.6 x 52 cm [Full bleed],Signature and date on the right hand side of the print - TBC on numbering,Signed by Artist,,Framed on order,Tier 3,,REPEAT,0.5,,,,,,,,
1524,WILLIAMMA-1524,William Mapan,Centrifuge,Confirmed,2024WillMapanPE,5000,EUR,Confirmed,€2.5k to €5k,175000,35,Confirmed,,,PE,Draw,Limited,Digital print,,n/a,09. Fully completed,,BAU,High touch,2024-01-24,,2025-04-17,,,Date confirmed (fully confirmed with artist),2024-Q1,,18 layer textured UV pigment print on Somerset Tub Sized Radiant White 600gsm paper,Confirmed,50 x 50 cm,"Signed, numbered, dated 2024",Signed by Artist,,Framed on order,Tier 2,,REPEAT,1,,,,,,,,
1301,YUTAKAHAS-1301,Yutaka Hashimoto,StudyforNullPortrait of someone166,Confirmed,2024.XXYutakaHashPE,500,EUR,Confirmed,Under €1k,25000,50,Confirmed,,,PE,Public,Limited,Digital print,,n/a,09. Fully completed,,BAU,,2024-01-30,,2025-04-17,,,Date confirmed (fully confirmed with artist),2024-Q1,,"Archival pigment print on Somerset Photo Satin 300gsm paper, with a silkscreen high gloss varnish",Confirmed,Image: 41.4 x 32 cm / Paper: 49 x 39.7 cm,"Signed, dated and numbered on the lower right hand corner",Signed by Artist,,Framed on order,Tier 4,Street & collectibles,REPEAT,0.3,,,,,,,,
811,ROBERTNAV-811,Robert Nava,Death Carrier Bunny,Confirmed,2024RobertNavaPE,6000,EUR,Confirmed,Over €5k,210000,35,Confirmed,,,PE,Enquiry,Limited,Silkscreen print,,n/a,09. Fully completed,,BAU,,2024-01-31,,2025-04-17,2023-09-04,,Date confirmed (fully confirmed with artist),2024-Q1,,UV Pigment print on aluminium dibond with 7.2ct white gold leaf embellishment.,Confirmed,"110 x 97,3cm",Signed and numbered by the artist,Signed by Artist,,Full Edition Framed,Tier 2,Standard contemporary,REPEAT,1,,,,,,,,
1867,ROBERTNAV-1867,Robert Nava,Original work [SOLD and IN WHSE],Confirmed,2024RobertNavaOG,150000,EUR,Initial estimate,,150000,1,Confirmed,,,OG,Private,Limited,Unique work,,,09. Fully completed,,,,2024-01-31,,,,,Date confirmed (fully confirmed with artist),2024-Q1,,Original artwork,Confirmed,,Signed by Artist,Signed by Artist,,No framing option,Tier 2,,REPEAT,,,,,,,,,
1537,MATTDESLA-1537,Matt Deslauriers,Sierra,Confirmed,2024MattDesLTL,750,EUR,Confirmed,,124500,166,Confirmed,500,,TL,Timed,Timed,Silkscreen print,,48 hours,09. Fully completed,,Priority,,2024-02-07,,2025-04-17,,2024-02-09,Date confirmed (fully confirmed with artist),2024-Q1,,"15 colour silkscreen print, including 2 fluorescent colours, on 410gsm Somerset Tub Sized Radiant White paper",Confirmed,67.5 x 48.5 cm,"Signed and dated bottom right, numbered bottom left",Signed by Artist,,Framed on order,Tier 2,,REPEAT,1,,,,,,,,
1634,LAURAEL-1634,Laura El,Park Ave,Confirmed,2024LauraElPE,1500,EUR,Confirmed,,45000,30,Confirmed,,,PE,Draw,Limited,Hybrid print,,n/a,09. Fully completed,,BAU,,2024-02-13,,2025-04-17,,,Date confirmed (fully confirmed with artist),2024-Q1,,"UV pigment print on 410gsm Somerset Radiant White paper, overlaid with silkscreen phosphorescent ink layers and a UV gloss varnish",Confirmed,70 x 56.8 cm,"Signed, numbered and dated on the bottom right hand side",Signed by Artist,,Framed on order,Tier 3,,REPEAT,0.5,,,,,,,,
1527,DEEKAY-1527,DeeKay,Love Ripples,Confirmed,2024DeekayPE,6000,EUR,Confirmed,Over €5k,180000,30,Confirmed,,,PE,Draw,Limited,Silkscreen print,,n/a,09. Fully completed,,BAU,,2024-02-14,,2025-04-17,,,Date confirmed (fully confirmed with artist),2024-Q1,,"UV pigment print printed on mirrored metal composite, framed in a matte white open-grain tray frame",Confirmed,55 x 55 x 0.3cm,Edition number & artist signature engraved on front of panel,Engraved signature,,Full Edition Framed,Tier 2,,REPEAT,0.7,,,,,,,,
1786,AIWEIWEI-1786,Ai Weiwei,Guardian,Confirmed,2024AiWeiWeiTL,650,EUR,Confirmed,,1040650,1601,Confirmed,403,,TL,Timed,Timed,Silkscreen print,,24 hours,09. Fully completed,,Priority,,2024-02-15,2024-02-15T14:00:00.000Z,2025-04-17,,2024-02-16,Date confirmed (fully confirmed with artist),2024-Q1,,"2 colour silkscreen with a metallic glitter base layer, printed on 410gsm Somerset Tub Sized Radiant White paper",Confirmed,60 x 60 cm,Signed by Artist in bottom right of print. Numbered in the bottom left (by warehouse team),Signed by Artist,,Framed on order,Tier 1,,REPEAT,1,,,,,,,,
967,BENREIHUA-967,Benrei Huang,Minority Rules,Confirmed,2024BenreiPE,800,EUR,Confirmed,,32000,40,Confirmed,,,PE,Public,Limited,Silkscreen print,,n/a,09. Fully completed,,BAU,,2024-02-20,,2025-04-17,,,Date confirmed (fully confirmed with artist),2024-Q1,,Archival Pigment print on 350gsm Hahnemühle Museum Etching paper,Confirmed,87.5 x 70.6 cm,"Signed, numbered, dated 2023 on front",Signed by Artist,,Framed on order,Tier 3,Street & collectibles,REPEAT,0.2,,,,,,,,
470,BALDURHEL-470,Baldur Helgason,Menippean Satire,Confirmed,2024BaldurHelgPE,1700,EUR,Confirmed,€1k to €2.5k,85000,50,Confirmed,,,PE,Draw,Limited,Silkscreen print,,n/a,09. Fully completed,,BAU,,2024-02-21,,2025-04-17,,,Date confirmed (fully confirmed with artist),2024-Q1,,Hard-ground etching on Somerset Satin White 300gsm paper with deckled edges,Confirmed,64 x 54 cm (image 50 x 40cm),"Signed and dated bottom right, numbered bottom left. All in pencil.",Signed by Artist,,Framed on order,Tier 2,Street & collectibles,REPEAT,0.5,,,,,,,,
234,CAIGUO-QI-234,Cai Guo-Qiang,Snow Lotus No. 1,Confirmed,2024CaiGuoQPE,5500,EUR,Confirmed,,275000,50,Confirmed,,,PE,Draw,Limited,Hybrid print,Agreed,n/a,09. Fully completed,,Priority,,2024-02-22,,2025-04-17,,,Date confirmed (fully confirmed with artist),2024-Q1,,Double-layer UV pigment print on mirrored dibond and polycarbonate surfaces and mounted in an aluminium frame,Confirmed,Each panel: 75.3 x 84.4 x 0.3cm,Signed and numbered by the artist in marker pen on the back panel,Signed by Artist,,Full Edition Framed,Tier 2,Standard contemporary,REPEAT,0.75,,,,,,,,
1575,EMILYXIE-1575,Emily Xie,Guardian Lion,Confirmed,2024EmilyXiePE,2500,EUR,Confirmed,Over €5k,75000,30,Confirmed,,,PE,Draw,Limited,Digital print,,n/a,09. Fully completed,0,BAU,,2024-03-07,,2025-04-17,,,Date confirmed (fully confirmed with artist),2024-Q1,,"UV pigment print on Somerset Tub Sized Radiant White 410gsm paper, with matte varnish seal and 23.75 carat gold leaf embellishment.",Confirmed,60 x 36 cm,"signed, numbered, dated 2024 on front of print lower left hand corner",Signed by Artist,,Framed on order,Tier 2,,REPEAT,1,,,,,,,,
1969,GEORGECON-1969,George Condo,Lost in Time,Confirmed,2024GeorgeCondoPE,6000,EUR,Confirmed,,900000,150,Confirmed,,,PE,Draw,Limited,Silkscreen print,,,09. Fully completed,,Priority,,2024-03-20,,2025-04-17,,,Date confirmed (fully confirmed with artist),2024-Q1,,22 colour silkscreen with spot colours on 600gsm Somerset Tub Sized Radiant White paper,Confirmed,81 x 80.4 CM,"- Signature lower right hand side, with year (2024) // Edition number lower left hand",Signed by Artist,,Framed on order,Tier 1,,REPEAT,1,,,,,,,,
1966,GEORGECON-1966,George Condo,Portrait and Head,Confirmed,2024GeorgeCondoPE,6000,EUR,Confirmed,,900000,150,Confirmed,,,PE,Draw,Limited,Silkscreen print,,,09. Fully completed,,Priority,,2024-03-20,,,,,Date confirmed (fully confirmed with artist),2024-Q1,,33 colour silkscreen with spot colours on 600gsm Somerset Tub Sized Radiant White paper,Confirmed,86 x 75.2 CM,"- Signature lower right hand side, with year (2024) // Edition number lower left hand",Signed by Artist,,Framed on order,Tier 1,,REPEAT,1,,,,,,,,
1968,GEORGECON-1968,George Condo,Prismatic Head Composition,Confirmed,2024GeorgeCondoPE,6000,EUR,Confirmed,,900000,150,Confirmed,,,PE,Draw,Limited,Silkscreen print,,,09. Fully completed,,Priority,,2024-03-20,,,,,Date confirmed (fully confirmed with artist),2024-Q1,,21 colour silkscreen with spot colours on 600gsm Somerset Tub Sized Radiant White paper,Confirmed,86 x 80.3 CM,"- Signature lower right hand side, with year (2024) // Edition number lower left hand",Signed by Artist,,Framed on order,Tier 1,,REPEAT,1,,,,,,,,
1890,GRANTRIVE-1890,Grant Riven Yun,Growing up [OG Series - Prints],Confirmed,2024GrantRYPE,2000,EUR,Confirmed,,18000,9,Confirmed,,,OG,Private,Limited,Unique work,,,09. Fully completed,,BAU,,2024-03-22,,2025-04-17,,,Date confirmed (fully confirmed with artist),2024-Q1,,[Final checklist [HERE]( ],Confirmed,See checklist,See checklist,Signed by Artist,,Full Edition Framed,Tier 2,,REPEAT,1,,,,,,,,
2052,GRANTRIVE-2052,Grant Riven Yun,‘Growing up [OG Series - Paired 1/1 NFT],Confirmed,2024GrantRYPE,48000,EUR,Confirmed,,432000,9,Confirmed,,,OG,Private,Limited,Unique work,,,09. Fully completed,,BAU,,2024-03-22,,,,,Date confirmed (fully confirmed with artist),2024-Q1,,N/A,Confirmed,See checklist,,,,No framing option,Tier 2,,REPEAT,1,,,,,,,,
1581,MPKOZ-1581,mpkoz,Mecha,Confirmed,XXXX.XXMPKOZ-920PE,3000,EUR,Confirmed,,150000,50,Confirmed,,,PE,Draw,Limited,Silkscreen print,,n/a,09. Fully completed,,BAU,,2024-04-10,,2025-04-17,,,Date confirmed (fully confirmed with artist),2024-Q2,,31 layer textured UV pigment print on 1.5mm aluminium,Confirmed,68x51 cm,Signed/numbered on front of print,Signed by Artist,,Framed on order,Tier 2,NFT,REPEAT,,,,,,,,,
1513,EDRUSCHA-1513,Ed Ruscha,Actual Size,Confirmed,2024EDRUSCHATL,475,EUR,Confirmed,,884925,1863,TL expected units confirmed,1000,,TL,Timed,Timed,Hybrid print,,48 hours,09. Fully completed,,Priority,,2024-04-11,,2025-04-17,,2024-04-13,Date confirmed (fully confirmed with artist),2024-Q2,,"UV pigment print with yellow silkscreen details and a matte varnish seal, printed on 410gsm Somerset Tub Sized Radiant White paper and authenticated with a bespoke stamp",Confirmed,Paper size = 66 x 62 cm (includes 3cm border on each side),Individually numbered and authenticated with a bespoke artist stamp (lower right corner).,Signed with stamp,,Framed on order,Tier 1,Blue chip contemporary,REPEAT,,,,,,,,,
1546,JR-1546,JR,"La Nascita, Milano Centrale, Italie, 2024",Confirmed,XXXX.XXJR-646SE,440,EUR,Confirmed,,128920,293,TL expected units pending,500,,TL,Timed,Timed,Digital print,,48 hours,09. Fully completed,,,,2024-04-30,,,,2024-05-02,Date confirmed (fully confirmed with artist),2024-Q2,,C-type print on Fuji Crystal Archive DP II matt paper,Confirmed,41 x 31 cm,"signed and dated bottom right hand corner, numbered bottom left",Signed by Artist,,Framed on order,Tier 3,Street & collectibles,REPEAT,,,,,,,,,
1896,JAVIERCAL-1896,Javier Calleja,Floating,Confirmed,2024CallejaPE,1600,EUR,Confirmed,,400000,250,Confirmed,,,PE,Draw,Limited,Complex print,,24 hours,09. Fully completed,,,,2024-04-30,2024-04-30T12:00:00.000Z,2025-04-17,,2024-05-01,Date confirmed (fully confirmed with artist),2024-Q2,,"15 colour engrave with a 4 photopolymer etching plates process on digitally printed background on 65gsm Shin Inbe paper. Mounted on 290gsm Fabriano Tiepolo paper, with a final colour applied by hand by the printmaker",Confirmed,Paper size: 56 x 43 cm / Image size: 30.5 x 22.5cm,Signed and numbered by the artist (bottom corners).,Signed by Artist,,Framed on order,Tier 1,,REPEAT,,,,,,,,,
2014,JAVIERCAL-2014,Javier Calleja,It wasn't me,Confirmed,2024CallejaPE,1600,EUR,Confirmed,,400000,250,Confirmed,,,PE,Draw,Limited,Complex print,,24 hours,09. Fully completed,,,,2024-04-30,2024-04-30T12:00:00.000Z,,,2024-05-01,Date confirmed (fully confirmed with artist),2024-Q2,,"15 colour engrave with a 4 photopolymer etching plates process on digitally printed background on 65gsm Shin Inbe paper. Mounted on 290gsm Fabriano Tiepolo paper, with a final colour applied by hand by the printmaker",Confirmed,Paper size: 56 x 43 cm / Image size: 30.5 x 22.5cm,Signed and numbered by the artist (bottom corners).,Signed by Artist,,Framed on order,Tier 1,,REPEAT,,,,,,,,,
2073,JAVIERCAL-2073,Javier Calleja,It wasn't me + Floating [DIPTYCH // PAIRING],Confirmed,2024CallejaPE,3200,EUR,Confirmed,,0,0,Confirmed,,,PE,Draw,Limited,Complex print,,24 hours,09. Fully completed,,,,2024-04-30,2024-04-30T12:00:00.000Z,,,2024-05-01,Date confirmed (fully confirmed with artist),2024-Q2,,"15 colour engrave with a 4 photopolymer etching plates process on digitally printed background on 65gsm Shin Inbe paper. Mounted on 290gsm Fabriano Tiepolo paper, with a final colour applied by hand by the printmaker",Confirmed,Paper size: 56 x 43 cm / Image size: 30.5 x 22.5cm,Signed and numbered by the artist (bottom corners).,Signed by Artist,,Framed on order,Tier 1,,REPEAT,,,,,,,,,
1854,LINDADOUN-1854,Linda Dounia,Faux Letters,Confirmed,2024LindaDounPE,1700,EUR,Confirmed,,42500,25,Confirmed,,,PE,Public,Limited,Digital print,,,09. Fully completed,,Priority,,2024-05-14,,2025-04-17,,,Date confirmed (fully confirmed with artist),2024-Q2,true,UV pigment print with matt varnish seal on Somerset Tub Sized Radiant White 410gsm paper,Confirmed,75.3 x 47.5 cm,"signed and dated bottom right hand corner, numbered bottom left",Signed by Artist,,Framed on order,Tier 3,,REPEAT,,,,,,,,,
998,PETERHALL-998,Peter Halley,Rising High II,Confirmed,2023.09Peter HalleyPE,4000,EUR,Confirmed,€2.5k to €5k,160000,40,Confirmed,,,PE,Public,Limited,Hybrid print,,n/a,09. Fully completed,,BAU,High touch,2024-05-21,,2025-04-17,,,Date confirmed (fully confirmed with artist),2024-Q2,true,"Multi-process print assembled from 4 die cut panels on 600gsm Gmund grey paper and a base print on 600gsm Somerset Tub Sized Radiant White paper, mounted on 3000 micron Canson museum board. Each layer combines a UV pigment print with bespoke silkscreen overprints including metallic shimmer, glitter, satin gloss varnish and hand-applied 24ct gold leaf.",Confirmed,63.5 x 58.5 cm,"Signed bottom right hand corner, numbered bottom left.",Signed by Artist,,Framed on order,Tier 3,Standard contemporary,REPEAT,0.75,,,,,,,,
1561,ASUKAANAS-1561,Asuka Anastacia Ogawa,Sleepy,Confirmed,AsukaSleepy24,500,EUR,Confirmed,,25000,50,Confirmed,,,PE,Draw,Limited,Digital print,,n/a,09. Fully completed,,,,2024-05-22,,2025-04-17,,,Date confirmed (fully confirmed with artist),2024-Q2,true,Archival pigment print on Hahnemühle Photo Rag 308gsm paper,Confirmed,63 x 50 cm,signed/numbered/dated 2024 on front of print,Signed by Artist,,Framed on order,Tier 3,Standard contemporary,REPEAT,,,,,,,,,
1868,KAI-1868,Kai,Content [Hand finished],Confirmed,KaiContentHF24,2200,EUR,Confirmed,,79200,36,Confirmed,,,HFSE,Draw,Limited,Mid cost 3D edition,,n/a,09. Fully completed,,BAU,,2024-05-24,,,,,Date confirmed (fully confirmed with artist),2024-Q2,true,"White resin sculpture comprised of a figure and cushion base with a porcelain effect finish, hand-finished by the artist with acrylic spray paint.",Confirmed,23.7 x 19.0 x 23 cm,Editions have engraved numbering and will be signed by hand by the Artist,Signed by Artist,true,No framing option,Tier 3,,REPEAT,0.55,,,,,,,,
172,KAI-172,Kai,Content,Confirmed,KaiContent24,1200,EUR,Confirmed,Under €1k,168000,140,Confirmed,,,SE,Draw,Limited,Mid cost 3D edition,,n/a,09. Fully completed,,BAU,,2024-05-29,,2025-04-17,,,Date confirmed (fully confirmed with artist),2024-Q2,true,White resin sculpture comprised of a figure and cushion base with a porcelain effect finish,Confirmed,23.7 x 19.0 x 23 cm,Editions have engraved numbering and will be signed by hand by the Artist,Signed by Artist,,No framing option,Tier 3,Street & collectibles,REPEAT,0.55,,,,,,,,
251,JAMESJEAN-251,James Jean,"Woodcutter, wood",Confirmed,JamesJeanWoodWood24,15000,EUR,Confirmed,Over €5k,225000,15,Confirmed,,,SE,Private,Limited,High cost 3D edition,,n/a,09. Fully completed,0,,,2024-06-11,2024-06-25T13:00:00.000Z,2025-04-17,,,,2024-Q2,,"Sculpture made from a unique combination of four wood types: ash, black walnut, beech & rosewood",Confirmed,60 x 41 x 35,Sculptures engraved with the artist's signature & ed number on the bottom. Also come with a signed COA.,Engraved signature,,No framing option,Tier 1,Street & collectibles,REPEAT,0.75,,,,,,,,
1808,MIWAKOMAT-1808,Miwa Komatsu,Sacred Connectedness,Pending,MiwaKomatLivePaint24,500,EUR,Confirmed,,186000,372,Confirmed,600,,TL,Timed,Timed,Hybrid print,,48 hours,09. Fully completed,,Priority,,2024-06-11,2024-06-11T08:00:00.000Z,2025-04-17,,2024-06-13,Date confirmed (fully confirmed with artist),2024-Q2,,UV Pigment Print on Somerset Tub Sized Radiant White 410gsm paper with silkscreen seal and gloss varnish details,Confirmed,50 x 40.2cm,"Signed & dated by artist, numbered by warehouse. Position TBC.",Signed by Artist,,Framed on order,Tier 2,,REPEAT,,,,,,,,,
2138,MIWAKOMAT-2138,Miwa Komatsu,Sacred Connectedness,,,65000,EUR,,,65000,1,,,,OG,,Limited,,,,09. Fully completed,,,,2024-06-11,,,,,Date confirmed (fully confirmed with artist),2024-Q2,true,,,,,,,,Tier 2,,REPEAT,,,,,,,,,
1939,EDDIEMART-1939,Eddie Martinez,Scaffold,Confirmed,EddieMartScaffold24,1250,EUR,Confirmed,,250000,200,Confirmed,,,PE,Draw,Limited,Hybrid print,Agreed,7 days,09. Fully completed,,,,2024-06-18,,2025-04-17,,2024-06-25,Date confirmed (fully confirmed with artist),2024-Q2,true,"UV pigment print on Somerset Tub Sized Radiant White 410gsm paper, with silkscreen matte varnish and 3 silkscreen layers.",Confirmed,60 x 50 cm,signed(initials)/numbered/dated 2024 on front of print,Signed by Artist,,Framed on order,Tier 3,,REPEAT,,,,,,,,,
1794,MICKALENE-1794,Mickalene Thomas,Interior: Red Couch and Landscape,Confirmed,MickaleneMayaInter24,675,EUR,Confirmed,,255825,379,Confirmed,250,,TL,Timed,Timed,Hybrid print,,24 hours,09. Fully completed,,Priority,,2024-06-25,,2025-04-17,,2024-06-26,Date confirmed (fully confirmed with artist),2024-Q2,,"UV pigment print on Somerset Tub Sized Radiant White 410gsm paper with 2 silkscreen metallic shimmer and glitter layers, 2 satin and gloss detail layers and a matte varnish silkscreen seal",Confirmed,38.0 x 59.3cm,"Signed & dated by artist, bottom right",Signed by Artist,,Framed on order,Tier 1,,REPEAT,,,,,,,,,
2106,MICKALENE-2106,Mickalene Thomas,Maya & Interior [COMBINED PRODUCT],Confirmed,MickaleneMayaInter24,1320,EUR,Confirmed,,0,0,TL expected units confirmed,0,,TL,Timed,Timed,Hybrid print,,24 hours,09. Fully completed,,Priority,,2024-06-25,,,,2024-06-26,Date confirmed (fully confirmed with artist),2024-Q2,,"Maya: UV pigment print on Somerset Tub Sized Radiant White 410gsm paper with 4 metallic silkscreen glitter and shimmer layers, a CMYK silkscreen central panel and matte varnish seal Interior: UV pigment print on Somerset Tub Sized Radiant White 410gsm paper with 2 silkscreen metallic shimmer and glitter layers, 2 satin and gloss detail layers and a matte varnish silkscreen seal",Confirmed,Maya: 59.3 x 52.5cm // Interior: 38.0 x 59.3cm,"Signed & dated by artist, bottom right. Numbered by whse.",Signed by Artist,,Framed on order,Tier 1,,REPEAT,,,,,,,,,
1637,MICKALENE-1637,Mickalene Thomas,Portrait of Maya 10,Confirmed,MickaleneMayaInter24,795,EUR,Confirmed,,581940,732,Confirmed,250,,TL,Timed,Timed,Hybrid print,,24 hours,09. Fully completed,,Priority,,2024-06-25,,,,2024-06-26,Date confirmed (fully confirmed with artist),2024-Q2,,"UV pigment print on Somerset Tub Sized Radiant White 410gsm paper with 4 metallic silkscreen glitter and shimmer layers, a CMYK silkscreen central panel and matte varnish seal",Confirmed,59.3 x 52.5cm,"Signed & dated by artist, bottom right. Numbered by whse.",Signed by Artist,,Framed on order,Tier 1,,REPEAT,,,,,,,,,
2168,GABRIELMO-2168,Gabriel Moses,Lea & Monica [COMBINED PRODUCT],Confirmed,GabrielMoDoubleTL24,630,EUR,Confirmed,,0,0,TL expected units pending,150,,TL,Timed,Limited,Digital print,,24 hours,09. Fully completed,,,,2024-07-09,2024-07-09T12:00:00.000Z,,,2024-07-10,Date confirmed (fully confirmed with artist),2024-Q3,,C-Type print on Fuji Gloss 246gsm paper,Confirmed,40 x 30.5 cm,On reverse,Signed by Artist,,Framed on order,Tier 3,,REPEAT,,,,,,,,,
2002,GABRIELMO-2002,Gabriel Moses,"Lea, 2024",Confirmed,GabrielMoDoubleTL24,350,EUR,Confirmed,,10500,30,Confirmed,150,,TL,Timed,Limited,Digital print,,24 hours,09. Fully completed,,,,2024-07-09,,2025-04-17,,2024-07-10,Date confirmed (fully confirmed with artist),2024-Q3,,C-Type print on Fuji Gloss 246gsm paper,Confirmed,40 x 30.5 cm,On reverse,Signed by Artist,,Framed on order,Tier 3,,REPEAT,,,,,,,,,
2066,GABRIELMO-2066,Gabriel Moses,"Monica, 2024",Confirmed,GabrielMoDoubleTL24,350,EUR,Confirmed,,7000,20,Confirmed,150,,TL,Timed,Limited,Digital print,,24 hours,09. Fully completed,,,,2024-07-09,,,,2024-07-10,Date confirmed (fully confirmed with artist),2024-Q3,,C-Type print on Fuji Gloss 246gsm paper,Confirmed,40 x 30.5 cm,On reverse,Signed by Artist,,Framed on order,Tier 3,,REPEAT,,,,,,,,,
2127,PEJAC-2127,Pejac,HOPE (1-125),Confirmed,Pejac1000Print24,150,EUR,Confirmed,,3750,25,Confirmed,,,PE,Draw,Limited,Hybrid print,,,09. Fully completed,,,,2024-07-15,2024-07-15T08:00:00.000Z,,,,Date confirmed (fully confirmed with artist),2024-Q3,,"UV pigment print on a 6-colour silkscreen printed background 410gsm Somerset Tub-sized Radiant white 100% cotton paper, finished with hand-applied 24ct gold leaf and ink details.",Confirmed,80 x 55cm,"Signed, bottom left, numbered bottom right",Signed by Artist,true,Framed on order,Tier 1,,REPEAT,,,,,,,,,
2128,PEJAC-2128,Pejac,HOPE (126-250),Confirmed,Pejac1000Print24,500,EUR,Confirmed,,62500,125,Confirmed,,,PE,Draw,Limited,Hybrid print,,,09. Fully completed,,,,2024-07-15,2024-07-15T16:00:00.000Z,,,,Date confirmed (fully confirmed with artist),2024-Q3,,"UV pigment print on a 6-colour silkscreen printed background 410gsm Somerset Tub-sized Radiant white 100% cotton paper, finished with hand-applied 24ct gold leaf and ink details.",Confirmed,80 x 55cm,"Signed, bottom left, numbered bottom right",Signed by Artist,true,Framed on order,Tier 1,,REPEAT,,,,,,,,,
2072,PEJAC-2072,Pejac,HOPE (Triptych),Confirmed,Pejac1000Print24,4350,EUR,Confirmed,,435000,100,Confirmed,,,PE,Draw,Limited,Hybrid print,,,09. Fully completed,,,,2024-07-15,,,,,Date confirmed (fully confirmed with artist),2024-Q3,,"UV pigment print on a 6-colour silkscreen printed background 410gsm Somerset Tub-sized Radiant white 100% cotton paper, finished with hand-applied 24ct gold leaf and ink details.",Confirmed,80 x 55cm (x 3),"Signed, bottom left, numbered bottom right",Signed by Artist,true,Framed on order,Tier 1,,REPEAT,,,,,,,,,
2129,PEJAC-2129,Pejac,HOPE (251-375),Confirmed,Pejac1000Print24,850,EUR,Confirmed,,106250,125,Confirmed,,,PE,Draw,Limited,Hybrid print,,,09. Fully completed,,,,2024-07-16,2024-07-16T08:00:00.000Z,,,,Date confirmed (fully confirmed with artist),2024-Q3,,"UV pigment print on a 6-colour silkscreen printed background 410gsm Somerset Tub-sized Radiant white 100% cotton paper, finished with hand-applied 24ct gold leaf and ink details.",Confirmed,80 x 55cm,"Signed, bottom left, numbered bottom right",Signed by Artist,true,Framed on order,Tier 1,,REPEAT,,,,,,,,,
2130,PEJAC-2130,Pejac,HOPE (376-500),Confirmed,Pejac1000Print24,1200,EUR,Confirmed,,30000,25,Confirmed,,,PE,Draw,Limited,Hybrid print,,,09. Fully completed,,,,2024-07-16,2024-07-16T16:00:00.000Z,,,,Date confirmed (fully confirmed with artist),2024-Q3,,"UV pigment print on a 6-colour silkscreen printed background 410gsm Somerset Tub-sized Radiant white 100% cotton paper, finished with hand-applied 24ct gold leaf and ink details.",Confirmed,80 x 55cm,"Signed, bottom left, numbered bottom right",Signed by Artist,true,Framed on order,Tier 1,,REPEAT,,,,,,,,,
214,ZHANGRUYI-214,Zhang Ruyi,Forced Separation,Confirmed,ZhangRuyiForced24,1200,EUR,Confirmed,,18000,15,Confirmed,,,PE,TBC (Pre-order),Limited,Silkscreen print,,n/a,09. Fully completed,,,,2024-07-16,,2025-04-17,,,Date confirmed (fully confirmed with artist),2024-Q3,,"Polymer Gravure etching in four colours from two plates, on 250gsm Velin Arches Blanc paper.",Confirmed,27.5 x 35 cm,signed/numbered/dated 2022,Signed by Artist,,Framed on order,Tier 4,Standard contemporary,REPEAT,0.75,,,,,,,,
2131,PEJAC-2131,Pejac,HOPE (501-625),Confirmed,Pejac1000Print24,1550,EUR,Confirmed,,193750,125,Confirmed,,,PE,Draw,Limited,Hybrid print,,,09. Fully completed,,,,2024-07-17,2024-07-17T08:00:00.000Z,,,,Date confirmed (fully confirmed with artist),2024-Q3,,"UV pigment print on a 6-colour silkscreen printed background 410gsm Somerset Tub-sized Radiant white 100% cotton paper, finished with hand-applied 24ct gold leaf and ink details.",Confirmed,80 x 55cm,"Signed, bottom left, numbered bottom right",Signed by Artist,true,Framed on order,Tier 1,,REPEAT,,,,,,,,,
2132,PEJAC-2132,Pejac,HOPE (626-750),Confirmed,Pejac1000Print24,1900,EUR,Confirmed,,237500,125,Confirmed,,,PE,Draw,Limited,Hybrid print,,,09. Fully completed,,,,2024-07-17,2024-07-17T16:00:00.000Z,,,,Date confirmed (fully confirmed with artist),2024-Q3,,"UV pigment print on a 6-colour silkscreen printed background 410gsm Somerset Tub-sized Radiant white 100% cotton paper, finished with hand-applied 24ct gold leaf and ink details.",Confirmed,80 x 55cm,"Signed, bottom left, numbered bottom right",Signed by Artist,true,Framed on order,Tier 1,,REPEAT,,,,,,,,,
2133,PEJAC-2133,Pejac,HOPE (751-875),Confirmed,Pejac1000Print24,2250,EUR,Confirmed,,281250,125,Confirmed,,,PE,Draw,Limited,Hybrid print,,,09. Fully completed,,,,2024-07-18,2024-07-18T08:00:00.000Z,,,,Date confirmed (fully confirmed with artist),2024-Q3,,"UV pigment print on a 6-colour silkscreen printed background 410gsm Somerset Tub-sized Radiant white 100% cotton paper, finished with hand-applied 24ct gold leaf and ink details.",Confirmed,80 x 55cm,"Signed, bottom left, numbered bottom right",Signed by Artist,true,Framed on order,Tier 1,,REPEAT,,,,,,,,,
1547,PEJAC-1547,Pejac,HOPE (876-1000),Confirmed,Pejac1000Print24,3000,EUR,Confirmed,,75000,25,Confirmed,1000,,PE,Draw,Timed,Hybrid print,,,09. Fully completed,,Priority,,2024-07-18,,2025-04-17,,,Date confirmed (fully confirmed with artist),2024-Q3,,"UV pigment print on a 6-colour silkscreen printed background 410gsm Somerset Tub-sized Radiant white 100% cotton paper, finished with hand-applied 24ct gold leaf and ink details.",Confirmed,80 x 55cm,"Signed, bottom left, numbered bottom right",Signed by Artist,true,Framed on order,Tier 1,Standard contemporary,REPEAT,,,,,,,,,
1785,PAULINSEC-1785,Paul Insect,Something Forbidden (Blue),Confirmed,PaulInsecJunkShop24,1900,EUR,Confirmed,,142500,75,Confirmed,,,PE,Draw,Limited,Hybrid print,,,09. Fully completed,,,,2024-07-30,,2025-04-17,,,Date confirmed (fully confirmed with artist),2024-Q3,,"25 colour silkscreen print, printed in 35 layers including custom metallic ink, with UV ink textured dots printed in 37 passes with high gloss varnish on Somerset Tub Sized Radiant White 410gsm paper",Confirmed,64 x 64.5 cm,"Signed and dated, bottom right, numbered bottom left",Signed by Artist,,Framed on order,Tier 3,,REPEAT,,,,,,,,,
2030,PAULINSEC-2030,Paul Insect,Something Forbidden (Gold),Confirmed,PaulInsecJunkShop24,2400,EUR,Confirmed,,60000,25,Confirmed,,,PE,Draw,Limited,Hybrid print,,,09. Fully completed,,,,2024-07-30,,,,,Date confirmed (fully confirmed with artist),2024-Q3,,"25 colour silkscreen print, printed in 40 layers including custom metallic inks, with UV ink textured dots printed in 37 passes with high gloss varnish on Somerset Tub Sized Radiant White 410gsm paper",Confirmed,64 x 64.5 cm,"Signed and dated, bottom right, numbered bottom left",Signed by Artist,,Framed on order,Tier 3,,REPEAT,,,,,,,,,
1776,MAGDALENA-1776,Magdalena Suarez Frimkess,Homage for Jasper Johns,Confirmed,MagdalenaMouse24,1000,EUR,Confirmed,,35000,35,Confirmed,,,PE,Draw,Limited,Digital print,,n/a,09. Fully completed,,BAU,,2024-08-06,,2025-04-17,,,Date confirmed (fully confirmed with artist),2024-Q3,true,UV pigment print with two silkscreen varnish layers on Somerset Tub Sized Radiant White 410gsm paper,Confirmed,39.7 x 40.0 cm,On front,Signed by Artist,,Framed on order,Tier 3,,REPEAT,,,,,,,,,
2065,HANKWILLI-2065,Hank Willis Thomas,"""The only bond worth anything between human beings is their humanness.""",Confirmed,HankWillionlybond24,650,EUR,Confirmed,,178100,274,Confirmed,,,TL,Timed,Limited,Hybrid print,,48 hours,09. Fully completed,,,,2024-08-07,,2025-04-17,,2024-08-09,Date confirmed (fully confirmed with artist),2024-Q3,,10 layer textured UV pigment print with matt varnish seal on 410gsm Somerset Tub Sized Radiant White paper,Confirmed,56.2 x 75 cm,"Signed and dated, bottom right, numbered bottom left",Signed by Artist,,Framed on order,Tier 2,,REPEAT,,,,,,,,,
1437,SLAWN-1437,Slawn,Ugly Bastard,Confirmed,SlawnUglyBast24,950,EUR,Confirmed,Under €1k,95000,100,Confirmed,,,SE,Draw,Limited,Low cost 3D edition,Candidate,n/a,09. Fully completed,,Priority,,2024-08-08,,2025-04-17,,,Date confirmed (fully confirmed with artist),2024-Q3,,Resin and fibreglass sculpture,Confirmed,24 (H) x 18 (L) x 18 (W) cm,engraved signature + ed number on bottom of sculpture,Engraved signature,,No framing option,Tier 3,Very hype,REPEAT,,,,,,,,,
215,WANGZHIBO-215,Wang Zhibo,"15℃, Nationalistic Optimism by the Sea",Confirmed,WangZhiboNational24,800,EUR,Confirmed,,16000,20,Confirmed,,,PE,TBC (Pre-order),Limited,Silkscreen print,,n/a,09. Fully completed,,,,2024-08-13,,2025-04-17,,,Date confirmed (fully confirmed with artist),2024-Q3,true,"10 layer screen print on Somerset 300gsm paper, finished with special pearlescent highlights and glaze.",Confirmed,43.5 x 60 cm,"signed bottom, left, back of the print and edition number bottom, right, back of the print",Signed by Artist,,Framed on order,Tier 4,Standard contemporary,REPEAT,0.75,,,,,,,,
1807,ANTONYMIC-1807,Antony Micallef,Portrait of Francis Bacon,Confirmed,AntonyMicPrint24,1750,EUR,Confirmed,,87500,50,Confirmed,,,PE,TBC (Pre-order),Limited,Digital print,,n/a,09. Fully completed,,,,2024-08-27,,2024-08-06,,,Date confirmed (fully confirmed with artist),2024-Q3,true,"57 layer textured UV pigment print with 3 additional varnish layers, printed on 600gsm Somerset Tub Sized Radiant White paper and mounted on 1650 micron Heritage Conservation Board",Confirmed,60 x 46.8 cm,signed/dated/numbered on border,Signed by Artist,,Framed on order,Tier 3,,REPEAT,,,,,,,,,
987,CRISTINAD-987,Cristina de Miguel,Tentacular Thinking,Confirmed,CristinAdTentacula24,2750,EUR,Confirmed,€2.5k to €5k,68750,25,Confirmed,,,PE,TBC (Pre-order),Limited,Silkscreen print,,n/a,09. Fully completed,0,,,2024-09-04,,2024-08-05,,,Date confirmed (fully confirmed with artist),2024-Q3,true,"Hand made 13-colour silkscreen on 320gsm Coventry Rag White paper, uniquely hand-finished by the artist in oil stick",Confirmed,101.6 x 76.2 cm,"Signed and dated, bottom right, numbered bottom left",Signed by Artist,true,Framed on order,Tier 3,Standard contemporary,REPEAT,0.9,,,,,,,,
2062,AIWEIWEI-2062,Ai Weiwei,Everyone is a dragon,Confirmed,AiWeiweiDragon24,850,EUR,Confirmed,,940100,1106,Confirmed,,,TL,Timed,Limited,Silkscreen print,,24 hours,09. Fully completed,,,,2024-09-05,,2024-08-27,,2024-09-06,Date confirmed (fully confirmed with artist),2024-Q3,,10-colour spot colour silkscreen print (printed in 15 layers) on Somerset 410gsm paper,Confirmed,60 x 60cm,Signed by the artist bottom-right. Numbered by warehouse team.,Signed by Artist,,Framed on order,Tier 1,,REPEAT,,,,,,,,,
1851,ISKRAVELI-1851,Iskra Velitchkova,EYENESSLESS,Confirmed,IskraVeliEyeless24,2000,EUR,Confirmed,,60000,30,Confirmed,,,PE,Draw,Limited,Digital print,,n/a,09. Fully completed,,,,2024-09-10,,2024-08-28,,,Date confirmed (fully confirmed with artist),2024-Q3,true,13 layer textured UV pigment print on 600gsm Somerset Tub Sized Radiant White paper,Confirmed,55 x 55 cm,signed/numbered/dated on front,Signed by Artist,,Framed on order,Tier 3,,REPEAT,,,,,,,,,
1491,DANIELLEM-1491,Danielle Mckinney,Shelter,Confirmed,DanielleMShelter24,1750,EUR,Confirmed,,175000,100,Confirmed,,,PE,Draw,Limited,Digital print,,n/a,09. Fully completed,,Priority,,2024-09-11,,2024-08-21,,,Date confirmed (fully confirmed with artist),2024-Q3,,"Archival pigment print with hand applied 23.75ct gold leaf on 330gsm Somerset Enhanced Satin 100% Cotton paper, with deckled edges",Confirmed,50.8 x 40.5 cm,Signed and numbered on reverse,Signed by Artist,,Framed on order,Tier 1,Standard contemporary,REPEAT,,,,,,,,,
1906,YOONHYUP-1906,Yoon Hyup,City Fountain,Confirmed,YoonHyupPrint24,800,EUR,Confirmed,,160000,200,Confirmed,,,PE,Draw,Limited,Hybrid print,,n/a,09. Fully completed,,,,2024-09-18,,2025-04-17,,,Date confirmed (fully confirmed with artist),2024-Q3,,Archival pigment print with a silkscreen background on 410gsm Somerset Enhanced Satin paper,Confirmed,70 x 53 cm,"Artists signature and number on the front of the print, date (2024) on the back.",Signed by Artist,,Framed on order,Tier 3,,REPEAT,,,,,,,,,
1249,TIDE-1249,TIDE,Sit,Confirmed,TideSit24,2800,EUR,Confirmed,€2.5k to €5k,84000,30,Confirmed,,,SE,Draw,Limited,Mid cost 3D edition,Candidate,n/a,09. Fully completed,,BAU,,2024-09-24,,2024-08-29,,,Date confirmed (fully confirmed with artist),2024-Q3,true,Walnut wood sculpture,Confirmed,25.2 (H) x 14.7 (D) x 16.3 (W) cm,engraved signature+numbering on base,Engraved signature,,No framing option,Tier 2,Very hype,REPEAT,0.7,,,,,,,,
2081,VHILS-2081,Vhils,Blur,Confirmed,VhilsTimed24,1440,EUR,Confirmed,,57600,40,Confirmed,,,PE,Public,Limited,Silkscreen print,,n/a,09. Fully completed,,,,2024-09-24,,,,,Date confirmed (fully confirmed with artist),2024-Q3,,Silkscreen print with quick ink and acid on 270 gsm Photo Smooth Fine Art paper,Confirmed,102 x 72 cm,"signed/numbered on front, not dated",Signed by Artist,,Framed on order,Tier 3,,REPEAT,,,,,,,,,
2041,VHILS-2041,Vhils,Dissipate,Confirmed,VhilsTimed24,710,EUR,Confirmed,,148390,209,Confirmed,,,TL,Timed,Limited,,,48 hours,09. Fully completed,,,,2024-09-24,,2024-09-16,,2024-09-26,Date confirmed (fully confirmed with artist),2024-Q3,,Giclée Print on 310gsm Canson Arches BFK Rives paper,Confirmed,69.7 x 44.9 cm,"signed/numbered on front, not dated",Signed by Artist,,Framed on order,Tier 3,,REPEAT,,,,,,,,,
448,TAKUOBATA-448,Taku Obata,B BOY SEIDOU,Confirmed,TakuObataBBoy24,6000,EUR,Confirmed,€2.5k to €5k,150000,25,Confirmed,,,SE,Draw,Limited,High cost 3D edition,,n/a,09. Fully completed,,,,2024-10-01,,2024-09-12,,,Date confirmed (fully confirmed with artist),2024-Q4,,Bronze sculpture painted in matte black paint,Confirmed,27 x 21 x 20 cm,"Signed and dated, engraved",Engraved signature,,No framing option,Tier 3,Standard contemporary,REPEAT,0.75,,,,,,,,
2216,BEEPLE-2216,Beeple,CHOOSE VIOLENCE,Confirmed,BeepleTree24,350,EUR,Confirmed,,63000,180,Confirmed,,,TL,Timed,Timed,Digital print,,48 hours,09. Fully completed,,,,2024-10-09,2024-10-09T16:00:00.000Z,,,2024-10-11,Date confirmed (fully confirmed with artist),2024-Q4,,UV pigment print with satin varnish seal on 410gsm Somerset Tub Sized Radiant White paper.,Confirmed,60.9 x 40.6 cm,"Signed, dated and numbered bottom right hand corner",Signed by Artist,,Framed on order,Tier 1,,REPEAT,,,,,,,,,
2217,BEEPLE-2217,Beeple,NOISE,Confirmed,BeepleTree24,350,EUR,Confirmed,,71750,205,Confirmed,,,TL,Timed,Timed,Digital print,,48 hours,09. Fully completed,,,,2024-10-09,2024-10-09T16:00:00.000Z,,,2024-10-11,Date confirmed (fully confirmed with artist),2024-Q4,,UV pigment print with satin varnish seal on 410gsm Somerset Tub Sized Radiant White paper.,Confirmed,60.9 x 40.6 cm,"Signed, dated and numbered bottom right hand corner",Signed by Artist,,Framed on order,Tier 1,,REPEAT,,,,,,,,,
1781,BEEPLE-1781,Beeple,SIGNAL,Confirmed,BeepleTree24,350,EUR,Confirmed,,115850,331,Confirmed,,,TL,Timed,Timed,Digital print,,48 hours,09. Fully completed,,,,2024-10-09,2024-10-09T16:00:00.000Z,,,2024-10-11,Date confirmed (fully confirmed with artist),2024-Q4,,UV pigment print with satin varnish seal on 410gsm Somerset Tub Sized Radiant White paper.,Confirmed,60.9 x 40.6 cm,"Signed, dated and numbered bottom right hand corner",Signed by Artist,,Framed on order,Tier 1,,REPEAT,,,,,,,,,
2239,BEEPLE-2239,Beeple,THE TREE OF KNOWLEDGE (Triptych),,BeepleTree24,954.54,EUR,,,0,0,Estimate,,,TL,Timed,Limited,Digital print,,48 hours,09. Fully completed,,,,2024-10-09,2024-10-09T12:00:00.000Z,,,2024-10-11,Date confirmed (fully confirmed with artist),2024-Q4,,UV pigment print with satin varnish seal on 410gsm Somerset Tub Sized Radiant White paper.,Confirmed,60.9 x 40.6 cm,TBC,Signed by Artist,,Framed on order,Tier 1,,REPEAT,,,,,,,,,
1972,JOHNSONTS-1972,Johnson Tsang,The Moment,Confirmed,JohnsonTsMoment24,700,EUR,Confirmed,,175000,250,Confirmed,,,SE,Draw,Limited,Mid cost 3D edition,,,09. Fully completed,,,,2024-10-09,,2024-09-11,,,Date confirmed (fully confirmed with artist),2024-Q4,,Resin cast sculpture with matte spray paint finish,Confirmed,27 x 19.3 x 12.5 cm,Artist's signature engraved on the back of the sculpture. Not numbered.,Engraved signature,,No framing option,Tier 2,,REPEAT,,,,,,,,,
2034,ALPHACENT-2034,Alpha Centauri Kid,Flower Demons,Confirmed,AlphaCentMultiple24,53200,EUR,Confirmed,,53200,1,Confirmed,,,OG,Auction,Limited,Silkscreen print,,n/a,09. Fully completed,,,,2024-10-17,,,,,Date confirmed (fully confirmed with artist),2024-Q4,,31 layer textured UV pigment print with 3 layers of spot gloss varnish on 3mm aluminium Dibond,Confirmed,98.2 x 98.2 cm,signed on front,Signed by Artist,,Full Edition Framed,Tier 2,,REPEAT,,,,,,,,,
2036,ALPHACENT-2036,Alpha Centauri Kid,Golden Afternoon,Confirmed,AlphaCentMultiple24,53200,EUR,Confirmed,,53200,1,Confirmed,,,OG,Auction,Limited,Silkscreen print,,n/a,09. Fully completed,,,,2024-10-17,,,,,Date confirmed (fully confirmed with artist),2024-Q4,,31 layer textured UV pigment print with 3 layers of spot gloss varnish on 3mm aluminium Dibond,Confirmed,127 x 66.8 cm,signed on front,Signed by Artist,,Full Edition Framed,Tier 2,,REPEAT,,,,,,,,,
2035,ALPHACENT-2035,Alpha Centauri Kid,Muse blossoms,Confirmed,AlphaCentMultiple24,53200,EUR,Confirmed,,53200,1,Confirmed,,,OG,Auction,Limited,Silkscreen print,,n/a,09. Fully completed,,,,2024-10-17,,,,,Date confirmed (fully confirmed with artist),2024-Q4,,37 layer textured UV pigment print with 3 layers of spot gloss varnish on 3mm aluminium Dibond,Confirmed,100 x 78.1 cm,signed on front,Signed by Artist,,Full Edition Framed,Tier 2,,REPEAT,,,,,,,,,
2008,ALPHACENT-2008,Alpha Centauri Kid,Tempted in the Garden,Confirmed,AlphaCentMultiple24,7787,EUR,Confirmed,,233610,30,Confirmed,,,PE,Auction,Limited,Silkscreen print,,n/a,09. Fully completed,,,,2024-10-17,,,,,Date confirmed (fully confirmed with artist),2024-Q4,,27 layer textured UV pigment print on 1650 micron heritage conservation board,Confirmed,70 x 54.6 cm,signed/numbered/dated on front,Signed by Artist,,Framed on order,Tier 2,NFT,REPEAT,,,,,,,,,
2038,ALPHACENT-2038,Alpha Centauri Kid,Wonderland,Confirmed,AlphaCentMultiple24,53200,EUR,Confirmed,,53200,1,Confirmed,,,OG,Auction,Limited,Silkscreen print,,n/a,09. Fully completed,,,,2024-10-17,,,,,Date confirmed (fully confirmed with artist),2024-Q4,,31 layer textured UV pigment print with 3 layers of spot gloss varnish on 3mm aluminium Dibond,Confirmed,100 x 78.1 cm,signed on front,Signed by Artist,,Full Edition Framed,Tier 2,,REPEAT,,,,,,,,,
2037,ALPHACENT-2037,Alpha Centauri Kid,interblossom,Confirmed,AlphaCentMultiple24,53200,EUR,Confirmed,,53200,1,Confirmed,,,OG,Auction,Limited,Silkscreen print,,n/a,09. Fully completed,,,,2024-10-17,,,,,Date confirmed (fully confirmed with artist),2024-Q4,,31 layer textured UV pigment print with 3 layers of spot gloss varnish on 3mm aluminium Dibond,Confirmed,98.2 x 98.2 cm,signed on front,Signed by Artist,,Full Edition Framed,Tier 2,,REPEAT,,,,,,,,,
2171,ALPHACENT-2171,Alpha Centauri Kid,self portrait in the garden of the Muse,Confirmed,AlphaCentMultiple24,0,EUR,Confirmed,,0,1,Confirmed,,,OG,,Limited,Digital print,,n/a,09. Fully completed,,,,2024-10-17,,2024-10-03,,,Date confirmed (fully confirmed with artist),2024-Q4,,31 layer textured UV pigment print on 3mm aluminium Dibond,Confirmed,78.7 x 84.6 cm,signed on front,Signed by Artist,,Full Edition Framed,Tier 2,,REPEAT,,,,,,,,,
1863,GRAYSONPE-1863,Grayson Perry,Magical Thinking,Confirmed,GraysonPEMagical24,1000,EUR,Confirmed,,1163000,1163,TL expected units pending,,,TL,Timed,Timed,Silkscreen print,,7 days,09. Fully completed,,,,2024-10-22,,2024-10-17,,2024-10-29,Date confirmed (fully confirmed with artist),2024-Q4,,7 colour silkscreen on bespoke 410gsm Somerset Tub Sized Radiant White Rough Textured M-R 100% cotton paper,Confirmed,68 x 54.4cm,Signed and numbered on the front in white.,Signed by Artist,,Framed on order,Tier 1,,REPEAT,,,,,,,,,
2246,PARRA-2246,Parra,DIPTYCH-FOUR WALLS/ LOST KEYS (Diptych),Confirmed,PietParraRepeat24,1200,EUR,Confirmed,,0,,Confirmed,,,PE,Draw,Limited,Silkscreen print,,n/a,09. Fully completed,,,,2024-10-24,,,,,Date confirmed (fully confirmed with artist),2024-Q4,true,4 colour silkscreen printed in 9 layers on Somerset Tub Sized Radiant White 410gsm. 7 colour silkscreen printed in 20 layers on Somerset Tub sized radiant white 410gsm.,Confirmed,90cm x 42.4cm & 90cm x 53cm,"Signed and dated, bottom right. Numbered bottom left.",Signed by Artist,,Framed on order,Tier 3,,REPEAT,,,,,,,,,
2097,PARRA-2097,Parra,FOUR WALLS,Confirmed,PietParraRepeat24,600,EUR,Confirmed,,90000,150,Confirmed,,,PE,Draw,Limited,Silkscreen print,,n/a,09. Fully completed,,,,2024-10-24,,,,,Date confirmed (fully confirmed with artist),2024-Q4,,4 colour silkscreen printed in 9 layers on Somerset Tub Sized Radiant White 410gsm.,Confirmed,90cm x 42.4cm,"Signed and dated, bottom right. Numbered bottom left.",Signed by Artist,,Framed on order,Tier 3,,REPEAT,,,,,,,,,
1900,PARRA-1900,Parra,LOST KEYS,Confirmed,PietParraRepeat24,600,EUR,Confirmed,,90000,150,Confirmed,,,PE,Draw,Limited,Silkscreen print,,n/a,09. Fully completed,,,,2024-10-24,,,,,Date confirmed (fully confirmed with artist),2024-Q4,true,7 colour silkscreen printed in 20 layers on Somerset Tub sized radiant white 410gsm.,Confirmed,90cm x 53cm,"Signed and dated, bottom right. Numbered bottom left.",Signed by Artist,,Framed on order,Tier 3,,REPEAT,,,,,,,,,
2181,JACKKAIDO-2181,Jack Kaido,"ICYMI, 2024",Confirmed,JackKaidoICYMI24,2500,EUR,Confirmed,,62500,25,Confirmed,,,PE,Draw,Limited,Digital print,,,09. Fully completed,,,,2024-10-31,,2024-10-16,,,Date confirmed (fully confirmed with artist),2024-Q4,,Archival Pigment Print on Hahnemuhle Photo Rag Pearl 320gsm,Confirmed,60 x 50.4 cm,"Signed, dated bottom right hand corner, numbered bottom left",Signed by Artist,,Framed on order,Tier 3,,REPEAT,,,,,,,,,
1787,AIWEIWEI-1787,Ai Weiwei,To Be Looked At...,Confirmed,AiWeiweiCCTV24,2200,EUR,Confirmed,,440000,200,Confirmed,,,SE,Draw,Limited,Mid cost 3D edition,,,09. Fully completed,,Priority,,2024-11-04,2024-11-04T00:00:00.000Z,2024-10-15,,,Date confirmed (fully confirmed with artist),2024-Q4,,CNC cut aluminium sculpture,Confirmed,15.2 x 17.5 x 35cm,Signature & number engraved on back of sculpture,Engraved signature,,No framing option,Tier 1,,REPEAT,,,,,,,,,
1158,TIDE-1158,TIDE,Sit (Life-size),Confirmed,TideSit24,30000,EUR,Confirmed,Over €5k,90000,3,Confirmed,,,SE,Private,Limited,High cost 3D edition,Agreed,n/a,09. Fully completed,,BAU,,2024-11-04,2024-11-04T00:00:00.000Z,,,,Date confirmed (fully confirmed with artist),2024-Q4,,Walnut wood sculpture on metal base,Confirmed,"Sculpture: 130 cm (H), Base: 100 x 75 x 40 cm (L x W x H)",engraved signature+numbering on base,Engraved signature,,No framing option,Tier 2,Very hype,REPEAT,0.66,,,,,,,,
2100,KUKWONWOO-2100,Kukwon Woo,Breakfast on the Beach,Confirmed,WookukwoPairLE24,1500,EUR,Confirmed,,75000,50,Confirmed,,,PE,Draw,Limited,Digital print,,n/a,09. Fully completed,,,,2024-11-19,2024-11-19T14:00:00.000Z,,,,Date confirmed (fully confirmed with artist),2024-Q4,true,13 layer textured UV pigment print with 3 layers of spot gloss varnish on 600gsm Somerset Tub Sized Radiant White paper mounted to 1650 micron heritage conservation board,Confirmed,52.1 x 65 cm,"Signed, dated and numbered on the front in black",Signed by Artist,,Framed on order,Tier 2,,REPEAT,,,,,,,,,
1882,KUKWONWOO-1882,Kukwon Woo,Valley of the Shadow of Death,Confirmed,WookukwoPairLE24,1500,EUR,Confirmed,,75000,50,Confirmed,,,PE,Draw,Limited,Digital print,,n/a,09. Fully completed,,,,2024-11-19,2024-11-19T14:00:00.000Z,,,,Date confirmed (fully confirmed with artist),2024-Q4,true,13 layer textured UV pigment print with 3 layers of spot gloss varnish on 600gsm Somerset Tub Sized Radiant White paper mounted to 1650 micron heritage conservation board,Confirmed,52.1 x 65 cm,"Signed, dated and numbered on the front in black",Signed by Artist,,Framed on order,Tier 2,,REPEAT,,,,,,,,,
2259,KUKWONWOO-2259,Kukwon Woo,Valley of the Shadow of Death & Breakfast on the Beach [Diptych],Confirmed,WookukwoPairLE24,3000,EUR,Confirmed,,0,0,Confirmed,,,PE,Draw,Limited,Digital print,,,09. Fully completed,,,,2024-11-19,2024-11-19T14:00:00.000Z,,,,Date confirmed (fully confirmed with artist),2024-Q4,true,13 layer textured UV pigment print with 3 layers of spot gloss varnish on 600gsm Somerset Tub Sized Radiant White paper mounted to 1650 micron heritage conservation board,Confirmed,52.1 x 65 cm,"Signed, dated and numbered on the front in black",Signed by Artist,,Framed on order,Tier 2,,REPEAT,,,,,,,,,
1124,MIWAKOMAT-1124,Miwa Komatsu,White and Black Guiding Yamainu-sama,Confirmed,MiwaKomatWhiBla24,8000,EUR,Confirmed,Over €5k,120000,15,Confirmed,,,HFSE,Draw,Limited,High cost 3D edition,,n/a,09. Fully completed,,,,2024-11-20,2024-11-20T14:00:00.000Z,2024-10-21,,,Date confirmed (fully confirmed with artist),2024-Q4,true,Two-part bronze sculpture coated in urethane paint and hand-finished by the artist in acrylic paint,Confirmed,Black sculpture: 23.5 (L) x 9 (W) x 12.7 (H) cmWhite sculpture: 19.5 (L) x 8.2 (W) x 19.5 (H) cm,Signature & number engraved on the underside of the black sculpture,Engraved signature,true,No framing option,Tier 2,Standard contemporary,REPEAT,0.75,,,,,,,,
2049,JOSÉPARLÁ-2049,José Parlá,"The American Mindscape, Painted",Confirmed,JoseParlaAmerica24,0,EUR,Confirmed,,0,10,Confirmed,,,HFPE,External (not AA),Limited,Digital print,,,09. Fully completed,,,,2024-12-02,2024-12-02T14:00:00.000Z,,,,Date confirmed (fully confirmed with artist),2024-Q4,true,"15 layer textured UV pigment print on 410gsm Somerset Tub Sized Radiant White paper with matt varnish seal, uniquely hand-finished by the artist in acrylic, gel medium, collage and dry paint fragments",Confirmed,64.8 x 107.0cm,"Sticker with title, artist's signature & edition number applied on reverse of print and on reverse of frame",Signed with sticker,,Full Edition Framed,Tier 2,,REPEAT,,,,,,,,,
2048,JOSÉPARLÁ-2048,José Parlá,"The American Mindscape, Textured",Confirmed,JoseParlaAmerica24,1250,EUR,Confirmed,,125000,100,Confirmed,,,PE,Draw,Limited,Digital print,,,09. Fully completed,,,,2024-12-02,2024-12-02T14:00:00.000Z,2024-11-11,,,Date confirmed (fully confirmed with artist),2024-Q4,true,15 layer textured UV pigment print on 410gsm Somerset Tub Sized Radiant White paper with matt varnish seal,Confirmed,64.8 x 107.0cm,"Sticker with title, artist's signature & edition number applied on reverse of print",Signed with sticker,,Framed on order,Tier 2,,REPEAT,,,,,,,,,
1992,AIWEIWEI-1992,Ai Weiwei,Circle in Black,Confirmed,AiWeiweiTondoWood24,1650,EUR,Confirmed,,165000,100,Confirmed,,,PE,Draw,Limited,Complex print,,,09. Fully completed,,,,2024-12-10,2024-12-10T14:00:00.000Z,2024-11-20,,,Date confirmed (fully confirmed with artist),2024-Q4,,Single colour woodblock print on 225gsm Liber Charta White Smooth paper,Confirmed,60 x 60cm,"Signed by artist on front, numbered in warehouse",Signed by Artist,,Framed on order,Tier 1,,REPEAT,,,,,,,,,
1991,AIWEIWEI-1991,Ai Weiwei,Circle in Blue,Confirmed,AiWeiweiTondoWood24,1650,EUR,Confirmed,,165000,100,Confirmed,,,PE,Draw,Limited,Silkscreen print,,,09. Fully completed,,Priority,,2024-12-10,2024-12-10T14:00:00.000Z,,,,Date confirmed (fully confirmed with artist),2024-Q4,,"3-colour silkscreen including metallic pigment printed in 11 layers on 600gsm Somerset Tub Sized Radiant white paper, die-cut to circle",Confirmed,60cm diameter,"Signed by artist on front, numbered in warehouse",Signed by Artist,,Framed on order,Tier 1,,REPEAT,,,,,,,,,
341,CLAIRETAB-341,Claire Tabouret,Paysage d’Intérieur (printemps),Confirmed,ClaireTabTapestry24,4000,EUR,Confirmed,,200000,50,Confirmed,,,PE,Draw,Limited,Mixed media edition,,n/a,09. Fully completed,,,,2024-12-11,2024-12-11T14:00:00.000Z,2024-11-19,,,Date confirmed (fully confirmed with artist),2024-Q4,,"Tapestry with 411,158 stitches, embroidered in 20 colours on forest green velvet and mounted in a bespoke, unglazed oak frame",Confirmed,50.7 × 33.0cm,Signed & numbered by artist directly on backing board of frame (reverse of artwork),Signed by Artist,,Full Edition Framed,Tier 3,,REPEAT,0.75,,,,,,,,
1986,ANNARIDLE-1986,Anna Ridler,Price Per Stem,Confirmed,AnnaRidlePriceStem24,10000,EUR,Confirmed,,250000,25,Confirmed,,,PE,Draw,Limited,Digital print,,n/a,09. Fully completed,,,,2025-01-08,2025-01-08T14:00:00.000Z,2025-01-08,,,Date confirmed (fully confirmed with artist),2025-Q1,,"56 individual C-type images printed on Canson Infinity Photosatin paper, encased in a linen archive box, complete with USB and colourful paper inlay.",Confirmed,Box; 3.8 x 15.7 x 23cm Images; 8.5cm x 4.5cm Outer box; 24 x 95.5 x 16.1 cm,Signed and numbered on the back of each print,Signed by Artist,,No framing option,Tier 3,,REPEAT,,,,,,,,,
2102,DANIELLEM-2102,Danielle Mckinney,Sandman,Confirmed,DanielleMSand25,700,EUR,Confirmed,,823200,1176,TL expected units pending,,2,TL,Timed,Limited,Digital print,,24 hours,09. Fully completed,,,,2025-01-23,2025-01-23T17:00:00.000Z,2025-01-06,,2025-01-24,Date confirmed (fully confirmed with artist),2025-Q1,,Archival pigment print on 330gsm Somerset Enhanced Satin 100% Cotton paper,Confirmed,50.8 x 40.5 cm,"Signed in white on the lower right-hand corner, TBC - whether there will be a date included, but it is not on the product photography.",Signed by Artist,,Framed on order,Tier 1,,REPEAT,,,,,,,,,
2104,ADAMPENDL-2104,Adam Pendleton,Untitled (Blue Amphora),Confirmed,MultipleAmphorae24,6000,EUR,Confirmed,,180000,30,Confirmed,,,SE,Draw,Limited,High cost 3D edition,,n/a,09. Fully completed,,,,2025-01-28,2025-01-28T17:00:00.000Z,,,,Date confirmed (fully confirmed with artist),2025-Q1,,"Ceramic amphora, individually hand-painted with acrylic paint and finished with a matte sealant",Confirmed,31.5cm x 17cm x 17cm,Signature & ed number engraved underneath base of amphora,Engraved signature,,No framing option,Tier 3,,REPEAT,,,,,,,,,
1444,ARTSPACEA-1444,Artspace Amphora project,Amphorae (Full Set),Confirmed,MultipleAmphorae24,35000,EUR,Confirmed,,0,0,Confirmed,,,SE,Enquiry,Limited,High cost 3D edition,,n/a,09. Fully completed,,,,2025-01-28,2025-01-28T17:00:00.000Z,,,,Date confirmed (fully confirmed with artist),2025-Q1,,"Ceramic amphora, individually hand-painted with acrylic paint and finished with a matte sealant",Confirmed,31.5cm x 17cm x 17cm,Signature & ed number engraved underneath base of amphora,Engraved signature,,No framing option,Tier 2,Blue chip contemporary,NEW,,,,,,,,,
2091,DEREKFORD-2091,Derek Fordjour,Horn Trot Round,Confirmed,MultipleAmphorae24,6000,EUR,Confirmed,,180000,30,Confirmed,,,SE,Draw,Limited,High cost 3D edition,,n/a,09. Fully completed,,,,2025-01-28,2025-01-28T17:00:00.000Z,,,,Date confirmed (fully confirmed with artist),2025-Q1,,"Ceramic amphora, individually hand-painted with acrylic paint and finished with a matte sealant",Confirmed,31.5cm x 17cm x 17cm,Signature & ed number engraved underneath base of amphora,Engraved signature,,No framing option,Tier 3,,REPEAT,,,,,,,,,
2144,HARLANDMI-2144,Harland Miller,R U OK?,Confirmed,MultipleAmphorae24,6000,EUR,Confirmed,,180000,30,Confirmed,,,SE,Draw,Limited,High cost 3D edition,,n/a,09. Fully completed,,,,2025-01-28,2025-01-28T17:00:00.000Z,,,,Date confirmed (fully confirmed with artist),2025-Q1,,"Ceramic amphora, individually hand-painted with acrylic paint and finished with a matte sealant",Confirmed,31.5cm x 17cm x 17cm,Signature & ed number engraved underneath base of amphora,Engraved signature,,No framing option,Tier 1,,REPEAT,,,,,,,,,
2101,HILARYPEC-2101,Hilary Pecis,Lily Pond,Confirmed,MultipleAmphorae24,6000,EUR,Confirmed,,180000,30,Confirmed,,,SE,Draw,Limited,High cost 3D edition,,n/a,09. Fully completed,,,,2025-01-28,2025-01-28T17:00:00.000Z,,,,Date confirmed (fully confirmed with artist),2025-Q1,,"Ceramic amphora, individually hand-painted with acrylic paint and finished with a matte sealant",Confirmed,31.5cm x 17cm x 17cm,Signature & ed number engraved underneath base of amphora,Engraved signature,,No framing option,Tier 3,,REPEAT,,,,,,,,,
2145,JENNYHOLZ-2145,Jenny Holzer,ARTSPACE AMPHORA,Confirmed,MultipleAmphorae24,6000,EUR,Confirmed,,180000,30,Confirmed,,,SE,Draw,Limited,High cost 3D edition,,n/a,09. Fully completed,,,,2025-01-28,2025-01-28T17:00:00.000Z,,,,Date confirmed (fully confirmed with artist),2025-Q1,,"Ceramic amphora, individually hand-painted with acrylic paint and finished with a matte sealant",Confirmed,31.5cm x 17cm x 17cm,Signature & ed number engraved underneath base of amphora,Engraved signature,,No framing option,Tier 2,,REPEAT,,,,,,,,,
2094,JORDANCAS-2094,Jordan Casteel,Peak Summer,Confirmed,MultipleAmphorae24,6000,EUR,Confirmed,,180000,30,Confirmed,,,SE,Draw,Limited,High cost 3D edition,,n/a,09. Fully completed,,,,2025-01-28,2025-01-28T17:00:00.000Z,2024-12-10,,,Date confirmed (fully confirmed with artist),2025-Q1,,"Ceramic amphora, individually hand-painted with acrylic paint and finished with a matte sealant",Confirmed,31.5cm x 17cm x 17cm,Signature & ed number engraved underneath base of amphora,Engraved signature,,No framing option,Tier 2,,REPEAT,,,,,,,,,
2092,JOSHSMITH-2092,Josh Smith,Palm Amphora,Confirmed,MultipleAmphorae24,6000,EUR,Confirmed,,180000,30,Confirmed,,,SE,Draw,Limited,High cost 3D edition,,n/a,09. Fully completed,,,,2025-01-28,2025-01-28T17:00:00.000Z,,,,Date confirmed (fully confirmed with artist),2025-Q1,,"Ceramic amphora, individually hand-painted with acrylic paint and finished with a matte sealant",Confirmed,31.5cm x 17cm x 17cm,Signature & ed number engraved underneath base of amphora,Engraved signature,,No framing option,Tier 3,,REPEAT,,,,,,,,,
2068,AIWEIWEI-2068,Ai Weiwei,Combat fear with truth,Confirmed,AiWeiweiSnake25,850,EUR,Confirmed,,510850,601,Confirmed,,,TL,Timed,Limited,Silkscreen print,,24 hours,09. Fully completed,,,,2025-01-29,2025-01-29T14:00:00.000Z,2025-01-10,,2025-01-30,Date confirmed (fully confirmed with artist),2025-Q1,,5-colour spot colour silkscreen print (printed in 10 layers) on Somerset Tub Sized Radiant White 410gsm paper,Confirmed,60 x 60cm,Signed by the artist bottom-right. Numbered by warehouse team.,Signed by Artist,,Framed on order,Tier 1,,REPEAT,,,,,,,,,
730,BARRYMCGE-730,Barry McGee,Fuzz Gathering,Confirmed,BarryMcgeTL225,900,EUR,Confirmed,,600300,667,Confirmed,,,TL,Timed,Limited,Silkscreen print,,48 hours,09. Fully completed,,,,2025-02-05,2025-02-05T17:00:00.000Z,2025-01-21,,2025-02-07,Date confirmed (fully confirmed with artist),2025-Q1,,UV pigment print with silkscreen fluorescent details on Somerset Tub Sized Radiant White 410gsm. Unique drawing by artist on reverse.,Confirmed,70 x 55.3 cm,signed/numbered/dated on front border,Signed by Artist,true,Framed on order,Tier 2,,REPEAT,0.75,,,,,,,,
2200,WILLCOTTO-2200,Will Cotton,The Cowgirl,Confirmed,WillCottoUnicorn25,850,EUR,Confirmed,,170000,200,Confirmed,,,PE,TBC (Pre-order),Limited,Hybrid print,,,09. Fully completed,,,,2025-02-14,2025-02-14T14:00:00.000Z,2025-01-20,,,Date confirmed (fully confirmed with artist),2025-Q1,true,Archival pigment print with 2 silkscreen glitter layers on Hahnemühle photo rag 308gsm paper,Confirmed,77.0 x 53.7cm,Signed & dated in bottom right-hand corner; Numbered bottom-left,Signed by Artist,,Framed on order,Tier 2,,REPEAT,,,,,,,,,
2031,GEORGECON-2031,George Condo,Fashion Model,Confirmed,GeorgeCondoModel25,8500,EUR,Confirmed,,1275000,150,Confirmed,,,PE,TBC (Pre-order),Limited,Silkscreen print,,,09. Fully completed,,,,2025-02-18,2025-02-18T14:00:00.000Z,2025-01-15,,,Date confirmed (fully confirmed with artist),2025-Q1,true,27 colour silkscreen with spot colours on 600gsm Somerset Tub Sized Radiant White paper,Confirmed,81 x 75.8 cm,"Signature lower right hand side, with year (2025) // Edition number lower left hand",Signed by Artist,,Framed on order,Tier 1,,REPEAT,,,,,,,,,
2005,JAMESJEAN-2005,James Jean,Maze - Lucid,Confirmed,JamesJeanMaze25,1000,EUR,Confirmed,,376000,376,Confirmed,,,TLC,Timed,Timed,Low cost 3D edition,,48 hours,09. Fully completed,,,,2025-02-19,2025-02-19T17:00:00.000Z,2025-01-27,,2025-02-21,Date confirmed (fully confirmed with artist),2025-Q1,,Frosted resin sculpture with transparent acrylic maze and stick,Confirmed,29.5 x 22.0 x 15.9cm,Signature & number engraved underneath the base of sculpture,Engraved signature,,No framing option,Tier 1,,REPEAT,,,,,,,,,
1990,TAKUOBATA-1990,Taku Obata,B BOY JUSHI,Confirmed,TakuObataResin25,550,EUR,Confirmed,,82500,150,Confirmed,,,CL,TBC (Pre-order),Limited,Low cost 3D edition,,,09. Fully completed,,,,2025-02-21,2025-02-21T10:00:00.000Z,2025-01-20,,,Date confirmed (fully confirmed with artist),2025-Q1,true,Hand-painted resin sculpture,Confirmed,18.5 x 24.5 x 16.5cm,"signed bottom left foot, numbered bottom right (pad printed)",Signed with stamp,,No framing option,Tier 3,,REPEAT,,,,,,,,,
2320,SHIRINNES-2320,Shirin Neshat,Quartet,Confirmed,ShirinNesTL25,2400,EUR,Confirmed,,0,,TL expected units pending,,,TL,Timed,Limited,Hybrid print,,48 hours,09. Fully completed,,,,2025-02-26,2025-02-26T14:00:00.000Z,,,2025-02-28,Date confirmed (fully confirmed with artist),2025-Q1,,2 x UV pigment prints with matte varnish seal on 410gsm Somerset Tub Sized Radiant White paper. 2 x UV pigment print with matte varnish seal and a silkscreen calligraphy layer on 410gsm Somerset Tub Sized Radiant White paper.,,Film stills: 24.5 x 42 cm [ per print] Calligraphy: 42 x 33.3 cm [per print],"Signed and dated bottom right, numbered bottom left",Signed by Artist,,Framed on order,Tier 2,,REPEAT,,,,,,,,,
2319,SHIRINNES-2319,Shirin Neshat,Unveiling Diptych,Confirmed,ShirinNesTL25,1520,EUR,Confirmed,,0,,TL expected units pending,,,TL,Timed,Limited,Hybrid print,,48 hours,09. Fully completed,,,,2025-02-26,2025-02-26T14:00:00.000Z,,,2025-02-28,Date confirmed (fully confirmed with artist),2025-Q1,,2 x UV pigment print with matte varnish seal and a silkscreen calligraphy layer on 410gsm Somerset Tub Sized Radiant White paper.,,42 x 33.3 cm [per print],"Signed and dated bottom right, numbered bottom left",Signed by Artist,,Framed on order,Tier 2,,REPEAT,,,,,,,,,
2280,SHIRINNES-2280,Shirin Neshat,"Unveiling series 1, 1993",Confirmed,ShirinNesTL25,800,EUR,Confirmed,,204000,255,Confirmed,,,TL,Timed,Limited,Hybrid print,,48 hours,09. Fully completed,,,,2025-02-26,2025-02-26T14:00:00.000Z,,,2025-02-28,Date confirmed (fully confirmed with artist),2025-Q1,,UV pigment print with matte varnish seal and a silkscreen calligraphy layer on 410gsm Somerset Tub Sized Radiant White paper.,Confirmed,42 x 33.3 cm,"Signed and dated bottom right, numbered bottom left",Signed by Artist,,Framed on order,Tier 2,,REPEAT,,,,,,,,,
2281,SHIRINNES-2281,Shirin Neshat,"Unveiling series 2, 1993",Confirmed,ShirinNesTL25,800,EUR,Confirmed,,128800,161,Confirmed,,,TL,Timed,Limited,Hybrid print,,48 hours,09. Fully completed,,,,2025-02-26,2025-02-26T14:00:00.000Z,,,2025-02-28,Date confirmed (fully confirmed with artist),2025-Q1,,UV pigment print with matte varnish seal and a silkscreen calligraphy layer on 410gsm Somerset Tub Sized Radiant White paper.,Confirmed,42 x 33.3 cm,"Signed and dated bottom right, numbered bottom left",Signed by Artist,,Framed on order,Tier 2,,REPEAT,,,,,,,,,
2082,SHIRINNES-2082,Shirin Neshat,"Women Without Men 1, 2009",Confirmed,ShirinNesTL25,500,EUR,Confirmed,,59000,118,Confirmed,,,TL,Timed,Limited,Digital print,,48 hours,09. Fully completed,,,,2025-02-26,2025-02-26T14:00:00.000Z,,,2025-02-28,Date confirmed (fully confirmed with artist),2025-Q1,,UV pigment print with matte varnish seal on 410gsm Somerset Tub Sized Radiant White paper.,Confirmed,24.5 x 42 cm,"Signed and dated bottom right, numbered bottom left",Signed by Artist,,Framed on order,Tier 2,,REPEAT,,,,,,,,,
2279,SHIRINNES-2279,Shirin Neshat,"Women Without Men 2, 2009",Confirmed,ShirinNesTL25,500,EUR,Confirmed,,58000,116,Confirmed,,,TL,Timed,Limited,Digital print,,48 hours,09. Fully completed,,,,2025-02-26,2025-02-26T14:00:00.000Z,,,2025-02-28,Date confirmed (fully confirmed with artist),2025-Q1,,UV pigment print with matte varnish seal on 410gsm Somerset Tub Sized Radiant White paper.,Confirmed,24.5 x 42 cm,"Signed and dated bottom right, numbered bottom left",Signed by Artist,,Framed on order,Tier 2,,REPEAT,,,,,,,,,
2318,SHIRINNES-2318,Shirin Neshat,Women Without Men Diptych,Confirmed,ShirinNesTL25,950,EUR,Confirmed,,0,,TL expected units pending,,,TL,Timed,Limited,Hybrid print,,48 hours,09. Fully completed,,,,2025-02-26,2025-02-26T14:00:00.000Z,,,2025-02-28,Date confirmed (fully confirmed with artist),2025-Q1,,2 x UV pigment prints with matte varnish seal on 410gsm Somerset Tub Sized Radiant White paper.,,24.5 x 42 cm [per print],"Signed and dated bottom right, numbered bottom left",Signed by Artist,,Framed on order,Tier 2,,REPEAT,,,,,,,,,
1499,JAMMIEHOL-1499,Jammie Holmes,Fred,Confirmed,JammieHolPrint25,900,EUR,Confirmed,,67500,75,Confirmed,,,PE,Draw,Limited,Hybrid print,,n/a,09. Fully completed,,,,2025-03-04,2025-03-04T14:00:00.000Z,2025-02-04,,,Date confirmed (fully confirmed with artist),2025-Q1,true,"Archival pigment print with metallic ink, 22ct Moon gold leaf and glitter embellishments on Somerset infinity White Satin 330gsm paper",Confirmed,50 x 50 cm (including border),"signed bottom right hand corner, numbered bottom left",Signed by Artist,,Framed on order,Tier 3,Standard contemporary,REPEAT,,,,,,,,,
2174,MICKALENE-2174,Mickalene Thomas,Afro Goddess Looking Forward,Confirmed,MickaleneMultiTL25,795,EUR,Confirmed,,723450,910,Confirmed,,,TL,Timed,Limited,Hybrid print,,48 hours,09. Fully completed,,,,2025-03-18,2025-03-18T17:00:00.000Z,,,2025-03-20,Date confirmed (fully confirmed with artist),2025-Q1,,"UV pigment print on 410gsm Somerset Tub Sized Radiant White paper with 8 silkscreen layers, including 2 silkscreen metallic shimmer and glitter layers, gloss varnish, CMYK silkscreen panels and matte varnish seal",Confirmed,44.9 x 68.1cm,Signed & dated by artist bottom-right; numbered bottom-left,Signed by Artist,,Framed on order,Tier 1,,REPEAT,,,,,,,,,
2376,MICKALENE-2376,Mickalene Thomas,Full set of prints,Confirmed,MickaleneMultiTL25,2646,EUR,Confirmed,,0,,TL expected units confirmed,,,TL,Timed,Limited,Hybrid print,,48 hours,09. Fully completed,,,,2025-03-18,2025-03-18T17:00:00.000Z,,,2025-03-20,Date confirmed (fully confirmed with artist),2025-Q1,,"UV pigment print on 410gsm Somerset Tub Sized Radiant White paper with 8 silkscreen layers, including 2 silkscreen metallic shimmer and glitter layers, gloss varnish, CMYK silkscreen panels and matte varnish seal UV pigment print on 410gsm Somerset Tub Sized Radiant White paper with 11 silkscreen layers, including 2 silkscreen metallic shimmer layers, CMYK silkscreen panels, gloss varnish, fluorescent pink details and matte varnish seal UV pigment print on 410gsm Somerset Tub Sized Radiant White paper with 5 silkscreen layers, including 2 silkscreen metallic shimmer layers, 2 satin and gloss detail layers and a matte varnish silkscreen seal UV pigment print on 410gsm Somerset Tub Sized Radiant White paper with printed textured details and 4 silkscreen layers, including 2 silkscreen metallic shimmer layers, gloss varnish layers and matte varnish seal",Confirmed,,Signed & dated by artist bottom-right; numbered bottom-left,Signed by Artist,,Framed on order,Tier 1,,REPEAT,,,,,,,,,
2197,MICKALENE-2197,Mickalene Thomas,Landscape With Woman Washing Her Feet,Confirmed,MickaleneMultiTL25,675,EUR,Confirmed,,314550,466,Confirmed,,,TL,Timed,Limited,Hybrid print,,48 hours,09. Fully completed,,,,2025-03-18,2025-03-18T17:00:00.000Z,,,2025-03-20,Date confirmed (fully confirmed with artist),2025-Q1,,"UV pigment print on 410gsm Somerset Tub Sized Radiant White paper with 5 silkscreen layers, including 2 silkscreen metallic shimmer layers, 2 satin and gloss detail layers and a matte varnish silkscreen seal",Confirmed,44.9 x 59.6cm,Signed & dated by artist bottom-right; numbered bottom-left,Signed by Artist,,Framed on order,Tier 1,,REPEAT,,,,,,,,,
2377,MICKALENE-2377,Mickalene Thomas,Landscape With Woman Washing Her Feet & Resist,Confirmed,MickaleneMultiTL25,1215,EUR,Confirmed,,0,,TL expected units confirmed,,,TL,Timed,Limited,Hybrid print,,48 hours,09. Fully completed,,,,2025-03-18,2025-03-18T17:00:00.000Z,,,2025-03-20,Date confirmed (fully confirmed with artist),2025-Q1,,"UV pigment print on 410gsm Somerset Tub Sized Radiant White paper with 8 silkscreen layers, including 2 silkscreen metallic shimmer and glitter layers, gloss varnish, CMYK silkscreen panels and matte varnish seal UV pigment print on 410gsm Somerset Tub Sized Radiant White paper with 11 silkscreen layers, including 2 silkscreen metallic shimmer layers, CMYK silkscreen panels, gloss varnish, fluorescent pink details and matte varnish seal UV pigment print on 410gsm Somerset Tub Sized Radiant White paper with 5 silkscreen layers, including 2 silkscreen metallic shimmer layers, 2 satin and gloss detail layers and a matte varnish silkscreen seal UV pigment print on 410gsm Somerset Tub Sized Radiant White paper with printed textured details and 4 silkscreen layers, including 2 silkscreen metallic shimmer layers, gloss varnish layers and matte varnish seal",Confirmed,,Signed & dated by artist bottom-right; numbered bottom-left,Signed by Artist,,Framed on order,Tier 1,,REPEAT,,,,,,,,,
2196,MICKALENE-2196,Mickalene Thomas,November 1981,Confirmed,MickaleneMultiTL25,795,EUR,Confirmed,,338670,426,Confirmed,,,TL,Timed,Limited,Hybrid print,,48 hours,09. Fully completed,,,,2025-03-18,2025-03-18T17:00:00.000Z,2025-02-25,,2025-03-20,Date confirmed (fully confirmed with artist),2025-Q1,,"UV pigment print on 410gsm Somerset Tub Sized Radiant White paper with 11 silkscreen layers, including 2 silkscreen metallic shimmer layers, CMYK silkscreen panels, gloss varnish, fluorescent pink details and matte varnish seal",Confirmed,65.5 x 53.6cm,Signed & dated by artist bottom-right; numbered bottom-left,Signed by Artist,,Framed on order,Tier 1,,REPEAT,,,,,,,,,
2378,MICKALENE-2378,Mickalene Thomas,November 1981 & Afro Goddess Looking Forward,Confirmed,MickaleneMultiTL25,1431,EUR,Confirmed,,0,,TL expected units confirmed,,,TL,Timed,Limited,Hybrid print,,48 hours,09. Fully completed,,,,2025-03-18,2025-03-18T17:00:00.000Z,,,2025-03-20,Date confirmed (fully confirmed with artist),2025-Q1,,"UV pigment print on 410gsm Somerset Tub Sized Radiant White paper with 8 silkscreen layers, including 2 silkscreen metallic shimmer and glitter layers, gloss varnish, CMYK silkscreen panels and matte varnish seal UV pigment print on 410gsm Somerset Tub Sized Radiant White paper with 11 silkscreen layers, including 2 silkscreen metallic shimmer layers, CMYK silkscreen panels, gloss varnish, fluorescent pink details and matte varnish seal UV pigment print on 410gsm Somerset Tub Sized Radiant White paper with 5 silkscreen layers, including 2 silkscreen metallic shimmer layers, 2 satin and gloss detail layers and a matte varnish silkscreen seal UV pigment print on 410gsm Somerset Tub Sized Radiant White paper with printed textured details and 4 silkscreen layers, including 2 silkscreen metallic shimmer layers, gloss varnish layers and matte varnish seal",Confirmed,,Signed & dated by artist bottom-right; numbered bottom-left,Signed by Artist,,Framed on order,Tier 1,,REPEAT,,,,,,,,,
2198,MICKALENE-2198,Mickalene Thomas,Resist,Confirmed,MickaleneMultiTL25,675,EUR,Confirmed,,186300,276,Confirmed,,,TL,Timed,Limited,Hybrid print,,48 hours,09. Fully completed,,,,2025-03-18,2025-03-18T17:00:00.000Z,,,2025-03-20,Date confirmed (fully confirmed with artist),2025-Q1,,"UV pigment print on 410gsm Somerset Tub Sized Radiant White paper with printed textured details and 4 silkscreen layers, including 2 silkscreen metallic shimmer layers, gloss varnish layers and matte varnish seal",Confirmed,44.9 x 52.3cm,Signed & dated by artist bottom-right; numbered bottom-left,Signed by Artist,,Framed on order,Tier 1,,REPEAT,,,,,,,,,
2207,TOMÁSSÁNC-2207,Tomás Sánchez,Cascada como ícono,Confirmed,TomasSancPair25,500,EUR,Confirmed,,215500,431,TL expected units confirmed,,,TL,Timed,Limited,Digital print,,48 hours,09. Fully completed,,,,2025-03-31,2025-03-31T16:00:00.000Z,,,2025-04-02,Date confirmed (fully confirmed with artist),2025-Q1,,UV pigment print on 410gsm Somerset Tub Sized Radiant White paper,Confirmed,56.1 x 56.0cm,Signed & dated by artist bottom-right; numbered bottom-left,Signed by Artist,,Framed on order,Tier 2,,REPEAT,,,,,,,,,
2112,TOMÁSSÁNC-2112,Tomás Sánchez,El testigo,Confirmed,TomasSancPair25,550,EUR,Confirmed,,233750,425,TL expected units confirmed,,,TL,Timed,Limited,Hybrid print,,48 hours,09. Fully completed,,,,2025-03-31,2025-03-31T16:00:00.000Z,,,2025-04-02,Date confirmed (fully confirmed with artist),2025-Q1,,UV pigment print on 410gsm Somerset Tub Sized Radiant White paper with a matte varnish seal,Confirmed,70 x 57cm,Signed & dated by artist bottom-right; numbered bottom-left,Signed by Artist,,Framed on order,Tier 2,,REPEAT,,,,,,,,,
2368,TOMÁSSÁNC-2368,Tomás Sánchez,El testigo & Cascada como ícono,Confirmed,TomasSancPair25,945,EUR,Confirmed,,0,,TL expected units confirmed,,,TL,Timed,Limited,Digital print,,48 hours,09. Fully completed,,,,2025-03-31,2025-03-31T16:00:00.000Z,,,2025-04-02,Date confirmed (fully confirmed with artist),2025-Q1,,,Confirmed,,Signed & dated by artist bottom-right; numbered bottom-left,Signed by Artist,,Framed on order,Tier 2,,REPEAT,,,,,,,,,
1306,MIWAKOMAT-1306,Miwa Komatsu,Innocent Days and Wishes,Confirmed,MiwaKomatInnocent25,3200,EUR,Confirmed,€2.5k to €5k,80000,25,Confirmed,,,HFPE,Draw,Limited,Hybrid print,,n/a,09. Fully completed,,,,2025-04-02,2025-04-02T09:00:00.000Z,2025-03-05,,,Date confirmed (fully confirmed with artist),2025-Q2,,"2 colour silkscreen split fountain print with UV flatbed overlay and metallic silkscreen details, handfinished by the artist on Somerset Tub Sized Radiant White 410gsm cotton paper, with hand deckled edge",Confirmed,80cm x 64.5cm,"Signed, dated & numbered by the artist in the bottom left corner",Signed by Artist,true,Framed on order,Tier 2,Standard contemporary,REPEAT,0.75,,,,,,,,
2015,HAJIMESOR-2015,Hajime Sorayama,Untitled,Confirmed,HajimeSorUntitled25,700,EUR,Confirmed,,350000,500,Confirmed,,,PE,Draw,Limited,Lenticular print,,,09. Fully completed,,,,2025-04-07,2025-04-07T09:00:00.000Z,2025-03-10,,,Date confirmed (fully confirmed with artist),2025-Q2,,Lenticular print mounted on dibond,Confirmed,50 x 36.2 cm,"Signed and numbered on an authentication sticker, stuck on the back of the piece",Signed with sticker,,Framed on order,Tier 1,,REPEAT,,,,,,,,,
2302,HARLANDMI-2302,Harland Miller,York So Good They Named It Once,Confirmed,HarlandMiYork25,6000,EUR,Confirmed,,300000,50,Confirmed,50,,PE,Draw,Limited,Silkscreen print,,,09. Fully completed,,,,2025-04-14,2025-04-14T13:00:00.000Z,2025-03-17,,,Date confirmed (fully confirmed with artist),2025-Q2,,27 colour silkscreen with spot colours on 600gsm Somerset Tub Sized Radiant White paper.,Confirmed,100 x 66 cm,signed/numbered/dated 2025 on print,Signed by Artist,,Framed on order,Tier 1,,REPEAT,,,,,,,,,
2222,OTHERWORL-2222,Other World,Dogs of War,Confirmed,OtherworldDogs25,2500,EUR,Confirmed,,62500,25,Confirmed,25,,PE,Draw,Limited,Hybrid print,,,09. Fully completed,,,,2025-04-15,2025-04-15T16:00:00.000Z,,,,Date confirmed (fully confirmed with artist),2025-Q2,,"UV pigment print on Somerset Tub Sized Radiant White 410gsm paper, with a matte varnish seal and phosphorescent glow-in-the-dark silkscreen details",Confirmed,53.75 x 70 cm,"Signed and dated (2025) bottom right, numbered bottom left",Signed by Artist,,Framed on order,Tier 3,,REPEAT,,,,,,,,,
2115,GRAYSONPE-2115,Grayson Perry,Magical Thinking (Large),Confirmed,GraysonPeLarge25,20200,EUR,Confirmed,,404000,20,Confirmed,,,PE,Enquiry,Limited,Silkscreen print,,,05. Post production,,,,2025-04-16,2025-04-16T13:00:00.000Z,2025-03-13,,,Date confirmed (fully confirmed with artist),2025-Q2,,7 colour silkscreen on bespoke 410gsm Somerset Tub Sized Radiant White Rough Textured M-R 100% cotton paper,Confirmed,150 x 120cm,"Signed in white pen on the left-hand side, with the number to the right of it.",Signed by Artist,,Framed on order,Tier 1,,REPEAT,,,,,,,,,
2214,OSCARYIH-2214,Oscar yi Hou,"Coolieisms, aka: Born In The USA (Go And Kill The Yellow Man)",Confirmed,OscaryiCool25,3500,EUR,Confirmed,,105000,30,Confirmed,,,PE,Draw,Limited,Hybrid print,,,09. Fully completed,,,,2025-04-22,2025-04-22T16:00:00.000Z,2025-03-25,,,Date confirmed (fully confirmed with artist),2025-Q2,,"UV pigment print on 410gsm Somerset Tub Sized Radiant White paper, with silkscreen matte varnish seal, metallic varnish and gloss varnish detail layers",Confirmed,75 x 53.1 cm,signed/numbered/dated on front of print,Signed by Artist,,Framed on order,Tier 3,,REPEAT,,,,,,,,,
2114,SAYREGOME-2114,Sayre Gomez,America's Tire,Confirmed,SayreGomeAmerica25,2000,EUR,Confirmed,,200000,100,Confirmed,,,PE,Draw,Limited,Hybrid print,,n/a,09. Fully completed,,,,2025-04-29,2025-04-29T16:00:00.000Z,2025-04-03,,,Date confirmed (fully confirmed with artist),2025-Q2,,"Archival Pigment Print on 505gsm Somerset Enhanced Satin paper, with 4 silkscreen spot colours including phosphorescent glow-in-the-dark details",Confirmed,52 x 70 cm,signed/numbered/dated on front of print,Signed by Artist,,Framed on order,Tier 2,,REPEAT,,,,,,,,,
2250,ROBERTLON-2250,Robert Longo,"Untitled (Eric, from the series “Men in the Cities”)",Confirmed,RobertLonMenIn25,750,EUR,Confirmed,,954750,1273,Confirmed,500,5,TL,Timed,Limited,Silkscreen print,,48 hours,09. Fully completed,,,,2025-04-30,2025-04-30T16:00:00.000Z,,,2025-05-02,Date confirmed (fully confirmed with artist),2025-Q2,,11 colour silkscreen with matte varnish seal on Somerset Tub Sized Satin Radiant White 410gsm paper,Confirmed,70 x 43.5 cm,signed/numbered/dated on front of print,Signed by Artist,,Framed on order,Tier 1,,REPEAT,,,,,,,,,
2381,ROBERTLON-2381,Robert Longo,"Untitled (Eric, from the series “Men in the Cities”) & Untitled (Falling Flag)",Confirmed,RobertLonMenIn25,1350,EUR,Confirmed,,0,,,,,TL,Timed,Limited,Silkscreen print,,48 hours,09. Fully completed,,,,2025-04-30,2025-04-30T16:00:00.000Z,,,2025-05-02,Date confirmed (fully confirmed with artist),2025-Q2,,11 colour silkscreen with matte varnish seal on Somerset Tub Sized Satin Radiant White 410gsm paper 9 colour silkscreen with matte varnish seal on Somerset Tub Sized Satin Radiant White 410gsm paper,Confirmed,,signed/numbered/dated on front of print,Signed by Artist,,Framed on order,Tier 1,,REPEAT,,,,,,,,,
2316,ROBERTLON-2316,Robert Longo,Untitled (Falling Flag),Confirmed,RobertLonMenIn25,750,EUR,Confirmed,,311250,415,Confirmed,400,5,TL,Timed,Limited,Silkscreen print,,48 hours,09. Fully completed,,,,2025-04-30,2025-04-30T16:00:00.000Z,,,2025-05-02,Date confirmed (fully confirmed with artist),2025-Q2,,9 colour silkscreen with matte varnish seal on Somerset Tub Sized Satin Radiant White 410gsm paper,Confirmed,66 x 63.9 cm,signed/numbered/dated on front of print,Signed by Artist,,Framed on order,Tier 1,,REPEAT,,,,,,,,,
2297,FERRARISH-2297,Ferrari Sheppard,Iris,Confirmed,FerrariShIris25,1250,EUR,Confirmed,,93750,75,Confirmed,,,PE,Draw,Limited,Hybrid print,,,09. Fully completed,,,,2025-05-01,2025-05-01T16:00:00.000Z,2025-04-04,,,Date confirmed (fully confirmed with artist),2025-Q2,,"UV pigment print on Somerset Tub Sized Radiant White 410gsm with 5 silkscreen layers including matte varnish seal, gloss varnish and metallic ink and shimmer layers",Confirmed,69.4 x 57.2 cm,"Signed and dated bottom right, numbered bottom left",Signed by Artist,,Framed on order,Tier 3,,REPEAT,,,,,,,,,
2022,JONNYNIES-2022,Jonny Niesche,Champagne Lexus,Confirmed,JonnyNies2TL25,600,EUR,Confirmed,,62400,104,Confirmed,140,,TL,Timed,Limited,Digital print,,7 days,09. Fully completed,,,,2025-05-08,2025-05-08T16:00:00.000Z,,,2025-05-15,Date confirmed (fully confirmed with artist),2025-Q2,,UV pigment print on 410gsm Somerset Tub Sized Radiant White paper with a matte varnish seal,Confirmed,45 x 45cm,"Authenticated with a bespoke sticker, and attached to the reverse of the print.",Signed with sticker,,Framed on order,Tier 3,,REPEAT,,,,,,,,,
2240,JONNYNIES-2240,Jonny Niesche,Musk romance in deepest blue,Confirmed,JonnyNies2TL25,600,EUR,Confirmed,,69000,115,Confirmed,140,,TL,Timed,Limited,Digital print,,7 days,09. Fully completed,,,,2025-05-08,2025-05-08T16:00:00.000Z,2025-04-22,,2025-05-15,Date confirmed (fully confirmed with artist),2025-Q2,,UV pigment print on 410gsm Somerset Tub Sized Radiant White paper with a matte varnish seal,Confirmed,45 x 45cm,"Authenticated with a bespoke sticker, and attached to the reverse of the print.",Signed with sticker,,Framed on order,Tier 3,,REPEAT,,,,,,,,,
2405,JONNYNIES-2405,Jonny Niesche,Musk romance in deepest blue and Champagne Lexus,Confirmed,JonnyNies2TL25,1100,EUR,Confirmed,,0,,,,,TL,Timed,Limited,Digital print,,7 days,09. Fully completed,,,,2025-05-08,2025-05-08T16:00:00.000Z,,,2025-05-15,Date confirmed (fully confirmed with artist),2025-Q2,,,Confirmed,,"Authenticated with a bespoke sticker, and attached to the reverse of the print.",Signed with sticker,,Framed on order,Tier 3,,REPEAT,,,,,,,,,
1883,LY-1883,LY,LUV Blossoming,Confirmed,LYPrint25,2300,EUR,Confirmed,,92000,40,Confirmed,,,PE,Draw,Limited,Silkscreen print,,n/a,09. Fully completed,,,,2025-05-14,2025-05-14T09:00:00.000Z,2025-04-11,,,Date confirmed (fully confirmed with artist),2025-Q2,,20 colour silkscreen printed in 40 layers on Somerset Tub Sized Radiant White 410gsm paper,Confirmed,75 x 60.2 cm,"Signed and dated bottom right, numbered bottom left",Signed by Artist,,Framed on order,Tier 3,,REPEAT,,,,,,,,,
2044,FRIEDRICH-2044,Friedrich Kunath,Storms Never Last,Confirmed,FriedrichStorm25,750,EUR,Confirmed,,224250,299,Confirmed,650,,TL,Timed,Limited,Hybrid print,,7 days,09. Fully completed,,,,2025-05-15,2025-05-15T16:00:00.000Z,2025-04-24,,2025-05-22,Date confirmed (fully confirmed with artist),2025-Q2,,"UV pigment print with a matte varnish seal on Somerset 410gsm paper, hand-finished by the artist with fine acrylic paint",Confirmed,60 x 47.5 cm,"Signed and dated on the back of the print, bottom right",Signed by Artist,,Framed on order,Tier 3,,REPEAT,,,,,,,,,
1072,AYAKOROKK-1072,Ayako Rokkaku,Untitled,Confirmed,AyakoRokkLarge25,12000,EUR,Confirmed,,360000,30,Confirmed,,,PE,Private,Limited,Silkscreen print,,n/a,09. Fully completed,,,,2025-05-21,2025-03-21T14:00:00.000Z,2025-02-05,,,Date confirmed (fully confirmed with artist),2025-Q2,,24 colour silkscreen on 600gsm Somerset Tub Sized Radiant White paper,Confirmed,120cm x 75.4cm,Signed & dated (2025) by artist bottom-right; numbered bottom-left. In black pen.,Signed by Artist,,Framed on order,Tier 2,,REPEAT,0.75,,,,,,,,
2267,MARKBRADF-2267,Mark Bradford,Scorched Earth Edition,Confirmed,MarkBradfBroad25,1300,EUR,Confirmed,,681200,524,Confirmed,400,5,TL,Timed,Limited,Silkscreen print,,7 days,09. Fully completed,,,,2025-05-27,2025-05-27T16:00:00.000Z,2025-05-13,,2025-06-03,Date confirmed (fully confirmed with artist),2025-Q2,,20 colour silkscreen on 410gsm Somerset Tub Sized Radiant White paper,Confirmed,62.3 x 76 cm,"Signed in the lower right‑hand corner, within the border. Numbering in the bottom left.",Signed by Artist,,Framed on order,Tier 2,,REPEAT,,,,,,,,,
2206,JUDYCHICA-2206,Judy Chicago,Heaven is for White Men Only,Confirmed,JudyChicaTL25,700,EUR,Confirmed,,98000,140,TL expected units pending,350,,TL,Timed,Limited,Hybrid print,,7 days,09. Fully completed,,,,2025-05-28,2025-05-28T16:00:00.000Z,2025-05-12,,2025-06-04,Date confirmed (fully confirmed with artist),2025-Q2,,UV pigment print with matte varnish seal & silkscreen shimmer layer on 410gsm Somerset Tub Sized Radiant White paper,Confirmed,60 x 60cm,"Signature and date in bottom right corner, numbered bottom left",Signed by Artist,,Framed on order,Tier 2,,REPEAT,,,,,,,,,
2205,JUDYCHICA-2205,Judy Chicago,Let It All Hang Out,Confirmed,JudyChicaTL25,700,EUR,Confirmed,,203000,290,TL expected units pending,350,,TL,Timed,Limited,Hybrid print,,7 days,09. Fully completed,,,,2025-05-28,2025-05-28T16:00:00.000Z,,,2025-06-04,Date confirmed (fully confirmed with artist),2025-Q2,,UV pigment print with matte varnish seal & silkscreen shimmer layer on 410gsm Somerset Tub Sized Radiant White paper,Confirmed,60 x 60cm,"Signature and date in bottom right corner, numbered bottom left",Signed by Artist,,Framed on order,Tier 2,,REPEAT,,,,,,,,,
2382,JUDYCHICA-2382,Judy Chicago,Let It All Hang Out and Heaven is for White Men Only,,JudyChicaTL25,1300,EUR,Confirmed,,0,,,,,TL,Timed,Limited,Hybrid print,,7 days,09. Fully completed,,,,2025-05-28,2025-05-28T16:00:00.000Z,,,2025-06-04,Date confirmed (fully confirmed with artist),2025-Q2,,,,,"Signature and date in bottom right corner, numbered bottom left",Signed by Artist,,Framed on order,Tier 2,,REPEAT,,,,,,,,,
2185,JENSTARK-2185,Jen Stark,Driptych I,Confirmed,JenStarkTL25,450,EUR,Confirmed,,15300,34,Confirmed,200,,TL,Timed,Limited,Hybrid print,,7 days,09. Fully completed,,,,2025-06-04,2025-06-04T16:00:00.000Z,2025-05-21,,2025-06-11,Date confirmed (fully confirmed with artist),2025-Q2,,UV pigment print with matte varnish silkscreen seal on 410gsm Somerset Tub Sized Radiant White paper,Confirmed,50.8 x 40.6cm,Signed by artist bottom right-hand corner. Numbered bottom left.,Signed by Artist,,Framed on order,Tier 3,,REPEAT,,,,,,,,,
2427,JENSTARK-2427,Jen Stark,Driptych I & II,Confirmed,JenStarkTL25,810,EUR,Confirmed,,0,,TL expected units pending,,,TL,Timed,Limited,Hybrid print,,7 days,09. Fully completed,,,,2025-06-04,2025-06-04T16:00:00.000Z,,,2025-06-11,Date confirmed (fully confirmed with artist),2025-Q2,,UV pigment print with matte varnish silkscreen seal on 410gsm Somerset Tub Sized Radiant White paper,Confirmed,50.8 x 40.6cm,Signed by artist bottom right-hand corner. Numbered bottom left.,Signed by Artist,,Framed on order,Tier 3,,REPEAT,,,,,,,,,
2230,JENSTARK-2230,Jen Stark,Driptych II,Confirmed,JenStarkTL25,450,EUR,Confirmed,,17550,39,Confirmed,200,,TL,Timed,Limited,Hybrid print,,7 days,09. Fully completed,,,,2025-06-04,2025-06-04T16:00:00.000Z,,,2025-06-11,Date confirmed (fully confirmed with artist),2025-Q2,,UV pigment print with matte varnish silkscreen seal on 410gsm Somerset Tub Sized Radiant White paper,Confirmed,50.8 x 40.6cm,Signed by artist bottom right-hand corner. Numbered bottom left.,Signed by Artist,,Framed on order,Tier 3,,REPEAT,,,,,,,,,
487,LARRYBELL-487,Larry Bell,Colour Tool (Blue),Confirmed,2024LarryBellSE,10000,EUR,Confirmed,,200000,20,Confirmed,,,SE,Private,Limited,High cost 3D edition,,n/a,09. Fully completed,,BAU,,2025-06-17,,,2023-05-01,,To be programmed (requires a date),2025-Q2,,"Laminated low iron glass pieces produced by the artist, housed in a bespoke oak and beech wooden box",Confirmed,10.3 x 48.5 x 46 cm,"Engraved signature, number and year (2023) on the wooden board",,,No framing option,Tier 2,Standard contemporary,REPEAT,0.25,,,,,,,,
1136,LARRYBELL-1136,Larry Bell,Colour Tool (Red),Confirmed,2024LarryBellSE,10000,EUR,Confirmed,,200000,20,Confirmed,,,SE,Private,Limited,High cost 3D edition,,n/a,09. Fully completed,,BAU,,2025-06-17,,,2023-05-01,,To be programmed (requires a date),2025-Q2,,"Laminated low iron glass pieces produced by the artist, housed in a bespoke oak and beech wooden box",Confirmed,10.3 x 48.5 x 46 cm,"Engraved signature, number and year (2023) on the wooden board",,,No framing option,Tier 2,Standard contemporary,REPEAT,0.1,,,,,,,,
736,ROBYDWIA-736,Roby Dwi Antono,ASIH - [SMALL 1/1 BRONZE SCULPTURE in 2 parts),Confirmed,2024RobyUniqueSE,42000,EUR,Confirmed,,42000,1,Confirmed,,,OG,Private,Limited,High cost 3D edition,,n/a,09. Fully completed,,BAU,,2025-06-24,,,,,To be programmed (requires a date),2025-Q2,,Bronze sculpture with a black translucent patina and starry resin eyes,Confirmed,35 x 27 x 25 cm,Editions have been engraved with the Artist's signature and numbered as AP1,Engraved signature,,No framing option,Tier 2,,REPEAT,0.75,,,,,,,,
2411,LEEUFAN-2411,Lee Ufan,A trio of prints,Confirmed,LeeUfanFrom25,18000,EUR,,,0,,,,,PE,Enquiry,Limited,Silkscreen print,,,09. Fully completed,,,,2025-06-26,2025-06-26T16:00:00.000Z,,,,Date confirmed (fully confirmed with artist),2025-Q2,,,,,signed/numbered/dated on front,Signed by Artist,,Framed on order,Tier 1,,REPEAT,,,,,,,,,
2123,LEEUFAN-2123,Lee Ufan,From Line,Confirmed,LeeUfanFrom25,6000,EUR,Confirmed,,900000,150,Confirmed,,,PE,Draw,Limited,Silkscreen print,,n/a,09. Fully completed,,,,2025-06-26,2025-06-26T16:00:00.000Z,,,,Date confirmed (fully confirmed with artist),2025-Q2,,7 colour silkscreen on Somerset Tub Sized Radiant White 600gsm paper,Confirmed,75 x 60 cm,signed/numbered/dated on front,Signed by Artist,,Framed on order,Tier 1,,REPEAT,,,,,,,,,
2433,LEEUFAN-2433,Lee Ufan,From Point I and II,Confirmed,LeeUfanFrom25,,,,,0,,,,,PE,Enquiry,Limited,Silkscreen print,,,09. Fully completed,,,,2025-06-26,2025-06-26T16:00:00.000Z,,,,Date confirmed (fully confirmed with artist),2025-Q2,true,,,,,,,,Tier 1,,REPEAT,,,,,,,,,
2312,LEEUFAN-2312,Lee Ufan,From Point Ⅰ,Confirmed,LeeUfanFrom25,6000,EUR,Confirmed,,900000,150,Confirmed,,,PE,Draw,Limited,Silkscreen print,,n/a,09. Fully completed,,,,2025-06-26,2025-06-26T16:00:00.000Z,2025-05-22,,,Date confirmed (fully confirmed with artist),2025-Q2,,5 colour silkscreen on Somerset Tub Sized Radiant White 600gsm paper,Confirmed,75 x 56.4 cm,signed/numbered/dated on front,Signed by Artist,,Framed on order,Tier 1,,REPEAT,,,,,,,,,
2313,LEEUFAN-2313,Lee Ufan,From Point Ⅱ,Confirmed,LeeUfanFrom25,6000,EUR,Confirmed,,900000,150,Confirmed,,,PE,Draw,Limited,Silkscreen print,,n/a,09. Fully completed,,,,2025-06-26,2025-06-26T16:00:00.000Z,,,,Date confirmed (fully confirmed with artist),2025-Q2,,8 colour silkscreen on Somerset Tub Sized Radiant White 600gsm paper,Confirmed,75 x 56.1 cm,signed/numbered/dated on front,Signed by Artist,,Framed on order,Tier 1,,REPEAT,,,,,,,,,
2215,FELIPEPAN-2215,Felipe Pantone,Chromadynamica 19 P,Confirmed,FelipePanTL25,500,EUR,Confirmed,,145000,290,TL expected units pending,300,,TL,Timed,Limited,Digital print,,7 days,09. Fully completed,,,,2025-07-03,2025-07-03T16:00:00.000Z,2025-06-05,,2025-07-10,Date confirmed (fully confirmed with artist),2025-Q3,,Archival Pigment Print on Hahnemühle Photo Rag Bright White 310gsm,Confirmed,70 x 60 cm,"signed and dated on the bottom right corner, numbered on the bottom left",Signed by Artist,,Framed on order,Tier 3,,REPEAT,,,,,,,,,
2241,YOONHYUP-2241,Yoon Hyup,Summer in San Sebastian,Confirmed,YoonHyupSummer25,850,EUR,Confirmed,,170000,200,Confirmed,,,PE,Draw,Limited,Hybrid print,,,09. Fully completed,,,,2025-07-08,2025-07-08T13:00:00.000Z,2025-06-09,,,Date confirmed (fully confirmed with artist),2025-Q3,,"Low texture UV pigment print on 410gsm Somerset Tub Sized Radiant White paper, with silkscreen matte varnish seal",Confirmed,46.9 x 70 cm,Signed in black pen on the lower left-hand corner. Numbered at the bottom left. Dated on the reverse side of the print.,Signed by Artist,,Framed on order,Tier 3,,REPEAT,,,,,,,,,
2299,CLAIRESIL-2299,Claire Silver,daydreamer,Confirmed,ClaireSilHouse25,2500,EUR,Confirmed,,100000,40,Confirmed,,,PE,Auction,Limited,Digital print,,,09. Fully completed,,,,2025-07-10,2025-07-10T16:00:00.000Z,2025-06-12,,,Date confirmed (fully confirmed with artist),2025-Q3,,27 layer UV pigment print with a high gloss spot varnish on 1650 micron heritage conservation board,Confirmed,55 x 33.7 cm,"signed and dated on the bottom right corner, numbered on the bottom left",Signed by Artist,,Framed on order,Tier 3,,REPEAT,,,,,,,,,
2390,LUCIANFRE-2390,Lucian Freud,"Double Portrait, 1985-86",Confirmed,LucianFreTL25,500,EUR,Confirmed,,97500,195,Confirmed,100,20,TL,Timed,Limited,Digital print,,7 days,09. Fully completed,,,,2025-07-17,2025-07-17T13:00:00.000Z,,,2025-07-24,Date confirmed (fully confirmed with artist),2025-Q3,,Archival pigment print on 310gsm Hahnemühle German Etching paper,Confirmed,46.4 x 50 cm,Authenticated with a bespoke debossed Lucian Freud Archive stamp (lower right corner).,Signed with stamp,,Framed on order,Tier 3,,REPEAT,,,,,,,,,
2392,LUCIANFRE-2392,Lucian Freud,"Girl with Roses, 1947-48",Confirmed,LucianFreTL25,500,EUR,Confirmed,,19000,38,Confirmed,100,20,TL,Timed,Limited,Digital print,,7 days,09. Fully completed,,,,2025-07-17,2025-07-17T13:00:00.000Z,,,2025-07-24,Date confirmed (fully confirmed with artist),2025-Q3,,Archival pigment print on 310gsm Hahnemühle German Etching paper,Confirmed,54 x 41.3 cm,Authenticated with a bespoke de-bossed Lucian Freud Archive stamp (lower right corner).,Signed with stamp,,Framed on order,Tier 3,,REPEAT,,,,,,,,,
2391,LUCIANFRE-2391,Lucian Freud,"Girl with a Kitten, 1947",Confirmed,LucianFreTL25,500,EUR,Confirmed,,43500,87,Confirmed,100,20,TL,Timed,Limited,Digital print,,7 days,09. Fully completed,,,,2025-07-17,2025-07-17T13:00:00.000Z,,,2025-07-24,Date confirmed (fully confirmed with artist),2025-Q3,,Archival pigment print on 310gsm Hahnemühle German Etching paper,Confirmed,48.9 x 39.5 cm,Authenticated with a bespoke debossed Lucian Freud Archive stamp (lower right corner).,Signed with stamp,,Framed on order,Tier 3,,REPEAT,,,,,,,,,
2464,LUCIANFRE-2464,Lucian Freud,"Girl with a Kitten, 1947 and Girl with Roses, 1947-48",Confirmed,LucianFreTL25,900,EUR,Confirmed,,0,,Confirmed,,20,TL,Timed,Limited,Digital print,,7 days,09. Fully completed,,,,2025-07-17,2025-07-17T13:00:00.000Z,,,2025-07-24,Date confirmed (fully confirmed with artist),2025-Q3,,Archival pigment print on 310gsm Hahnemühle German Etching paper,,,Authenticated with a bespoke de-bossed Lucian Freud Archive stamp (lower right corner).,Signed with stamp,,Framed on order,Tier 3,,REPEAT,,,,,,,,,
2465,LUCIANFRE-2465,Lucian Freud,Quartet,Confirmed,LucianFreTL25,1800,EUR,Confirmed,,0,,Confirmed,,20,TL,Timed,Limited,Digital print,,7 days,09. Fully completed,,,,2025-07-17,2025-07-17T13:00:00.000Z,,,2025-07-24,Date confirmed (fully confirmed with artist),2025-Q3,,Archival pigment print on 310gsm Hahnemühle German Etching paper,,,Authenticated with a bespoke de-bossed Lucian Freud Archive stamp (lower right corner).,Signed with stamp,,Framed on order,Tier 3,,REPEAT,,,,,,,,,
2321,LUCIANFRE-2321,Lucian Freud,"Reflection (Self-portrait), 1983-85",Confirmed,LucianFreTL25,500,EUR,Confirmed,,58500,117,Confirmed,100,20,TL,Timed,Limited,Digital print,,7 days,09. Fully completed,,,,2025-07-17,2025-07-17T13:00:00.000Z,,,2025-07-24,Date confirmed (fully confirmed with artist),2025-Q3,,Archival pigment print on 310gsm Hahnemühle German Etching paper,Confirmed,48.9 x 44.8 cm,Authenticated with a bespoke debossed Lucian Freud Archive stamp (lower right corner).,Signed with stamp,,Framed on order,Tier 3,,REPEAT,,,,,,,,,
2463,LUCIANFRE-2463,Lucian Freud,"Reflection (Self-portrait), 1983-85 and Double Portrait, 1985-86",Confirmed,LucianFreTL25,900,EUR,Confirmed,,0,,Confirmed,,20,TL,Timed,Limited,Digital print,,7 days,09. Fully completed,,,,2025-07-17,2025-07-17T13:00:00.000Z,,,2025-07-24,Date confirmed (fully confirmed with artist),2025-Q3,,Archival pigment print on 310gsm Hahnemühle German Etching paper,,,Authenticated with a bespoke de-bossed Lucian Freud Archive stamp (lower right corner).,Signed with stamp,,Framed on order,Tier 3,,REPEAT,,,,,,,,,
1304,DOMINIQUE-1304,Dominique Fung,Handheld Fan,Confirmed,DominiqueLimited25,1150,EUR,Confirmed,€1k to €2.5k,69000,60,Confirmed,,,PE,Draw,Limited,Digital print,,n/a,09. Fully completed,,,,2025-07-22,2025-07-22T13:00:00.000Z,2025-06-24,,,Date confirmed (fully confirmed with artist),2025-Q3,,UV pigment print with 13 layers of textured detailing and matt varnish seal on 410gsm Somerset Tub Sized Radiant White paper,Confirmed,60 x 53.1 cm,signed/numbered/dated,Signed by Artist,,Framed on order,Tier 3,Standard contemporary,REPEAT,0.75,,,,,,,,
2412,CARRIEMAE-2412,Carrie Mae Weems,Kitchen Table triptych,Confirmed,CarrieMaeTL25,2025,EUR,Confirmed,,0,,Confirmed,,,TL,Timed,Limited,Digital print,,48 hours,09. Fully completed,,,,2025-07-23,2025-07-23T16:00:00.000Z,,,2025-07-25,Date confirmed (fully confirmed with artist),2025-Q3,,UV pigment print with matte varnish seal on 410gsm Somerset Tub Sized Radiant White paper.,Confirmed,,signed/numbered/dated via sticker on reverse,Signed by Artist,,Framed on order,Tier 1,,REPEAT,,,,,,,,,
2243,CARRIEMAE-2243,Carrie Mae Weems,Untitled (Man and mirror),Confirmed,CarrieMaeTL25,750,EUR,Confirmed,,317250,423,Confirmed,400,,TL,Timed,Limited,Digital print,,48 hours,09. Fully completed,,,,2025-07-23,2025-07-23T16:00:00.000Z,,,2025-07-25,Date confirmed (fully confirmed with artist),2025-Q3,,UV pigment print with matte varnish seal on 410gsm Somerset Tub Sized Radiant White paper.,Confirmed,35 x 35 cm,signed/numbered/dated via sticker on reverse,Signed by Artist,,Framed on order,Tier 1,,REPEAT,,,,,,,,,
2136,CARRIEMAE-2136,Carrie Mae Weems,Untitled (Woman and phone),Confirmed,CarrieMaeTL25,750,EUR,Confirmed,,356250,475,Confirmed,400,,TL,Timed,Limited,Digital print,,48 hours,09. Fully completed,,,,2025-07-23,2025-07-23T16:00:00.000Z,,,2025-07-25,Date confirmed (fully confirmed with artist),2025-Q3,,UV pigment print with matte varnish seal on 410gsm Somerset Tub Sized Radiant White paper.,Confirmed,35 x 35 cm,signed/numbered/dated via sticker on reverse,Signed by Artist,,Framed on order,Tier 1,,REPEAT,,,,,,,,,
2242,CARRIEMAE-2242,Carrie Mae Weems,Untitled (Woman brushing hair),Confirmed,CarrieMaeTL25,750,EUR,Confirmed,,458250,611,Confirmed,400,,TL,Timed,Limited,Digital print,,48 hours,09. Fully completed,,,,2025-07-23,2025-07-23T16:00:00.000Z,2025-06-30,,2025-07-25,Date confirmed (fully confirmed with artist),2025-Q3,,UV pigment print with matte varnish seal on 410gsm Somerset Tub Sized Radiant White paper.,Confirmed,35 x 35 cm,signed/numbered/dated via sticker on reverse,Signed by Artist,,Framed on order,Tier 1,,REPEAT,,,,,,,,,
2238,ANTONYMIC-2238,Antony Micallef,Self Portrait with Yellow Lake and Magenta,Confirmed,AntonyMicPE25,1750,EUR,Confirmed,,105000,60,Confirmed,,,PE,Draw,Limited,Digital print,,,09. Fully completed,,,,2025-07-29,2025-07-29T13:00:00.000Z,2025-07-02,,,Date confirmed (fully confirmed with artist),2025-Q3,,"57-layer UV pigment print with 3 layers of gloss varnish, printed on 600gsm Somerset Tub Sized Radiant White paper and mounted on 1650 micron heritage conservation board.",Confirmed,60 x 49 cm,signed/numbered/dated on front,Signed by Artist,,Framed on order,Tier 3,,REPEAT,,,,,,,,,
836,JAMESJARV-836,James Jarvis,Hang in there!,Confirmed,JamesJarvHangInThe25,600,EUR,Confirmed,,90000,150,Confirmed,,,CL,Draw,Limited,Mid cost 3D edition,Candidate,n/a,09. Fully completed,0,,,2025-07-29,2025-07-29T13:00:00.000Z,2025-07-02,,,Date confirmed (fully confirmed with artist),2025-Q3,,"Resin sculpture with a matte white finish and gloss finish on the eyes, with a bespoke hanging bar and screw attachment.",Confirmed,"Sculpture: 24 x 9 x 9cm, Hanging bar: 2 x 20 x 2.5 cm",Printed initials and numbering on hanging bar,Engraved signature,,No framing option,Tier 3,,REPEAT,0.75,,,,,,,,
2344,PARRA-2344,Parra,HOME BOUND,Confirmed,PietParraDip25,500,EUR,Confirmed,,72500,145,TL expected units pending,250,,TL,Timed,Limited,Digital print,,24 hours,09. Fully completed,,,,2025-07-30,2025-07-30T14:00:00.000Z,,,2025-07-31,Date confirmed (fully confirmed with artist),2025-Q3,,UV pigment print with a matte varnish seal on on Somerset 410gsm paper,Confirmed,65 x 47 cm,"signed and dated on the bottom right corner, numbered on the bottom left",Signed by Artist,,Framed on order,Tier 3,,REPEAT,,,,,,,,,
2277,PARRA-2277,Parra,PLAY STUPID GAMES,Confirmed,PietParraDip25,500,EUR,Confirmed,,84000,168,TL expected units pending,250,,TL,Timed,Limited,Digital print,,24 hours,09. Fully completed,,,,2025-07-30,2025-07-30T14:00:00.000Z,,,2025-07-31,Date confirmed (fully confirmed with artist),2025-Q3,,UV pigment print with a matte varnish seal on on Somerset 410gsm paper,Confirmed,65 x 53.2 cm,"signed and dated on the bottom right corner, numbered on the bottom left",Signed by Artist,,Framed on order,Tier 3,,REPEAT,,,,,,,,,
2445,PARRA-2445,Parra,PLAY STUPID GAMES & HOME BOUND,Confirmed,PietParraDip25,900,EUR,Confirmed,,0,,TL expected units pending,,,TL,Timed,Limited,Digital print,,24 hours,09. Fully completed,,,,2025-07-30,2025-07-30T14:00:00.000Z,,,2025-07-31,Date confirmed (fully confirmed with artist),2025-Q3,,UV pigment print with a matte varnish seal on on Somerset 410gsm paper,,65 x 47 cm,"signed and dated on the bottom right corner, numbered on the bottom left",Signed by Artist,,Framed on order,Tier 3,,REPEAT,,,,,,,,,
1914,KATHERINE-1914,Katherine Bradford,Swing Over Pool,Confirmed,KatherineLE25,850,EUR,Confirmed,,170000,200,Confirmed,,,PE,Draw,Limited,Hybrid print,,,09. Fully completed,,,,2025-08-12,2025-08-12T13:00:00.000Z,2025-07-16,,,Date confirmed (fully confirmed with artist),2025-Q3,,UV pigment print with silkscreen shimmer varnish and matte seal on Somerset Tub Sized Radiant White 410gsm paper.,Confirmed,60 x 56.3 cm,signed/numbered/dated on front,Signed by Artist,,Framed on order,Tier 3,,REPEAT,,,,,,,,,
1973,JOHNSONTS-1973,Johnson Tsang,Remembrance,Confirmed,JohnsonTsRememb25,900,EUR,Confirmed,,135000,150,Confirmed,,,SE,Draw,Limited,Low cost 3D edition,,n/a,09. Fully completed,,,,2025-08-14,2025-08-14T13:00:00.000Z,2025-07-14,,,Date confirmed (fully confirmed with artist),2025-Q3,,Resin cast sculpture with matte spray paint finish,Confirmed,31.8 x 18 x 9.5 cm,Artist's signature engraved on the back of the sculpture. Not numbered.,Engraved signature,,No framing option,Tier 2,,REPEAT,,,,,,,,,
572,ENIWAMURA-572,En Iwamura,Neo Jomon: Biomorphic fantôme (red),Confirmed,EniwamuraNeojomon25,4500,EUR,Confirmed,Over €5k,112500,25,Confirmed,,,SE,Draw,Limited,High cost 3D edition,,n/a,09. Fully completed,Bio Colourway 1,,,2025-08-27,,,,,Date confirmed (fully confirmed with artist),2025-Q3,,Rouge du Roi marble sculpture,Confirmed,29 x 18 x 20cm,Engraved signature and number at the bottom,Engraved signature,,No framing option,Tier 3,Standard contemporary,REPEAT,0.75,,,,,,,,
818,ENIWAMURA-818,En Iwamura,Neo Jomon: Biomorphic fantôme (white),Confirmed,EniwamuraNeojomon25,4500,EUR,Confirmed,Over €5k,112500,25,Confirmed,,,SE,Draw,Limited,High cost 3D edition,,n/a,09. Fully completed,Bio Colourway 2,,,2025-08-27,,2025-08-01,,,Date confirmed (fully confirmed with artist),2025-Q3,,Bianco P marble sculpture,Confirmed,29 x 18 x 20cm,Engraved signature and number at the bottom,Engraved signature,,No framing option,Tier 3,Standard contemporary,REPEAT,0.75,,,,,,,,
2476,AIWEIWEI-2476,Ai Weiwei,Coloured Vase (Blue),Confirmed,AiWeiweiNVase25,1300,EUR,Confirmed,,161200,124,TL expected units confirmed,300,,TLC,Timed,Limited,Mid cost 3D edition,,7 days,04. In production,,,,2025-08-28,2025-08-28T13:00:00.000Z,,,2025-09-04,Date confirmed (fully confirmed with artist),2025-Q3,,"Polished, nickel-plated, solid metal vase sculpture with a tinted lacquer finish",Confirmed,21 x 23 x 23cm,Edition number and artist’s signature engraved on base,Engraved signature,,No framing option,Tier 1,,REPEAT,,,,,,,,,
2475,AIWEIWEI-2475,Ai Weiwei,Coloured Vase (Gold),Confirmed,AiWeiweiNVase25,1300,EUR,Confirmed,,223600,172,TL expected units confirmed,300,,TLC,Timed,Limited,Mid cost 3D edition,,7 days,04. In production,,,,2025-08-28,2025-08-28T13:00:00.000Z,,,2025-09-04,Date confirmed (fully confirmed with artist),2025-Q3,,"Polished, nickel-plated, solid metal vase sculpture with a tinted lacquer finish",Confirmed,21 x 23 x 23cm,Edition number and artist’s signature engraved on base,Engraved signature,,No framing option,Tier 1,,REPEAT,,,,,,,,,
2212,AIWEIWEI-2212,Ai Weiwei,Coloured Vase (Green),Confirmed,AiWeiweiNVase25,1300,EUR,Confirmed,,123500,95,TL expected units confirmed,300,,TLC,Timed,Limited,Mid cost 3D edition,,7 days,04. In production,,,,2025-08-28,2025-08-28T13:00:00.000Z,2025-08-15,,2025-09-04,Date confirmed (fully confirmed with artist),2025-Q3,,"Polished, nickel-plated, solid metal vase sculpture with a tinted lacquer finish",Confirmed,21 x 23 x 23cm,Edition number and artist’s signature engraved on base,Engraved signature,,No framing option,Tier 1,,REPEAT,,,,,,,,,
2500,AIWEIWEI-2500,Ai Weiwei,"Coloured Vase (Green, Blue and Red)",Confirmed,AiWeiweiNVase25,3900,EUR,Confirmed,,0,,Confirmed,,,TLC,Timed,Limited,Mid cost 3D edition,,7 days,04. In production,,,,2025-08-28,2025-08-28T13:00:00.000Z,,,2025-09-04,Date confirmed (fully confirmed with artist),2025-Q3,,"Polished, nickel-plated brass vase sculpture with tinted lacquer finish",,21 x 23 x 23cm,Edition number and artist’s signature engraved on base,Engraved signature,,No framing option,Tier 1,,REPEAT,,,,,,,,,
2211,AIWEIWEI-2211,Ai Weiwei,Coloured Vase (Red),Confirmed,AiWeiweiNVase25,1300,EUR,Confirmed,,206700,159,TL expected units confirmed,300,,TLC,Timed,Limited,Mid cost 3D edition,,7 days,04. In production,,,,2025-08-28,2025-08-28T13:00:00.000Z,,,2025-09-04,Date confirmed (fully confirmed with artist),2025-Q3,,"Polished, nickel-plated, solid metal vase sculpture with a tinted lacquer finish",Confirmed,21 x 23 x 23cm,Edition number and artist’s signature engraved on base,Engraved signature,,No framing option,Tier 1,,REPEAT,,,,,,,,,
2499,AIWEIWEI-2499,Ai Weiwei,Coloured Vase (Silver and Gold),Confirmed,AiWeiweiNVase25,2600,EUR,Confirmed,,0,,Confirmed,,,TLC,Timed,Limited,Mid cost 3D edition,,7 days,04. In production,,,,2025-08-28,2025-08-28T13:00:00.000Z,,,2025-09-04,Date confirmed (fully confirmed with artist),2025-Q3,,"Polished, nickel-plated brass vase sculpture with tinted lacquer finish",,21 x 23 x 23cm,Edition number and artist’s signature engraved on base,Engraved signature,,No framing option,Tier 1,,REPEAT,,,,,,,,,
1993,AIWEIWEI-1993,Ai Weiwei,Coloured Vase (Silver),Confirmed,AiWeiweiNVase25,1300,EUR,Confirmed,,239200,184,TL expected units confirmed,300,,TLC,Timed,Limited,Mid cost 3D edition,,7 days,04. In production,,,,2025-08-28,2025-08-28T13:00:00.000Z,,,2025-09-04,Date confirmed (fully confirmed with artist),2025-Q3,,"Polished, nickel-plated, solid metal vase sculpture",Confirmed,21 x 23 x 23cm,Edition number and artist’s signature engraved on base,Engraved signature,,No framing option,Tier 1,,REPEAT,,,,,,,,,
2508,AIWEIWEI-2508,Ai Weiwei,"Coloured Vase (Silver, Gold, Green, Blue and Red)",Confirmed,AiWeiweiNVase25,6500,EUR,Confirmed,,0,,Confirmed,,,TLC,Timed,Limited,Mid cost 3D edition,,7 days,04. In production,,,,2025-08-28,2025-08-28T13:00:00.000Z,,,2025-09-04,Date confirmed (fully confirmed with artist),2025-Q3,,"Polished, nickel-plated brass vase sculpture with tinted lacquer finish",,21 x 23 x 23cm,Edition number and artist’s signature engraved on base,Engraved signature,,No framing option,Tier 1,,REPEAT,,,,,,,,,
2301,GLENNBROW-2301,Glenn Brown,A Sailor on the Bed,Confirmed,GlennBrowTwo25,1000,EUR,Confirmed,,27000,27,TL expected units confirmed,150,,TL,Timed,Limited,Hybrid print,,7 days,09. Fully completed,,,,2025-09-16,2025-09-16T13:00:00.000Z,,,2025-09-23,Date confirmed (fully confirmed with artist),2025-Q3,true,Archival pigment print with satin varnish seal on Somerset Tub Sized Satin White 410gsm paper.,Confirmed,68.39 x 47 cm,signed/numbered/dated on front,Signed by Artist,,Framed on order,Tier 3,,REPEAT,,,,,,,,,
2283,GLENNBROW-2283,Glenn Brown,Higher Than the Sun,Confirmed,GlennBrowTwo25,1000,EUR,Confirmed,,34000,34,TL expected units confirmed,150,,TL,Timed,Limited,Hybrid print,,7 days,09. Fully completed,,,,2025-09-16,2025-09-16T13:00:00.000Z,,,2025-09-23,Date confirmed (fully confirmed with artist),2025-Q3,true,Archival pigment print with satin varnish seal on Somerset Tub Sized Satin White 410gsm paper.,Confirmed,68.39 x 47 cm,signed/numbered/dated on front,Signed by Artist,,Framed on order,Tier 3,,REPEAT,,,,,,,,,
2510,GLENNBROW-2510,Glenn Brown,Higher Than the Sun and A Sailor on the Bed,Confirmed,GlennBrowTwo25,2000,EUR,Confirmed,,0,0,Confirmed,,,TL,Timed,Limited,Hybrid print,,7 days,09. Fully completed,,,,2025-09-16,2025-09-16T13:00:00.000Z,,,2025-09-23,Date confirmed (fully confirmed with artist),2025-Q3,true,Archival pigment print with satin varnish seal on Somerset Tub Sized Satin White 410gsm paper.,,68.39 x 47 cm,signed/numbered/dated on front,Signed by Artist,,Framed on order,Tier 3,,REPEAT,,,,,,,,,
1270,CLEONPETE-1270,Cleon Peterson,Shame,Confirmed,CleonPeterTimed25,650,EUR,Confirmed,,183950,283,Confirmed,225,,TLC,Timed,Timed,Low cost 3D edition,Candidate,48 hours,09. Fully completed,,BAU,,2025-09-17,2025-09-17T16:00:00.000Z,2025-08-19,,2025-09-19,Date confirmed (fully confirmed with artist),2025-Q3,,Resin sculpture with a matte black finish and base,Confirmed,24.4 x 14.7 x 25.5cm,Edition number and artist’s signature engraved on base,Engraved signature,,No framing option,Tier 3,Very hype,REPEAT,0.6,,,,,,,,
2361,TOMOKAZUM-2361,Tomokazu Matsuyama,Morning Sun Dance,Confirmed,TomoKazumShaped25,5000,EUR,Confirmed,,300000,60,Confirmed,,,PE,Draw,Limited,Hybrid print,,n/a,09. Fully completed,,,,2025-09-29,2025-09-22T16:00:00.000Z,2025-09-09,,,Date confirmed (fully confirmed with artist),2025-Q3,,"Archival Pigment Print with silkscreen embellishments, including satin & high-gloss varnishes and shimmer irridescent finishes, printed on Somerset Enhanced Satin 330gsm and cut to bespoke shape. Mounted in a white, bespoke contoured frame.",Confirmed,90 x 72.9cm,Signed & numbered bottom center on the front,Signed by Artist,,Full Edition Framed,Tier 2,,REPEAT,,,,,,,,,
2437,HARLANDMI-2437,Harland Miller,I Am The One I've Been Waiting For,Confirmed,HarlandMiQu25,8000,EUR,Confirmed,,200000,25,Confirmed,25,,PE,Draw,Limited,Silkscreen print,,n/a,09. Fully completed,,,,2025-09-30,2025-09-30T13:00:00.000Z,,,,Date confirmed (fully confirmed with artist),2025-Q3,true,24 colour silkscreen on Somerset Tub Sized Radiant White 600gsm paper,Confirmed,86 x 59.3 cm,signed/numbered/dated on front,Signed by Artist,,Framed on order,Tier 1,,REPEAT,,,,,,,,,
2439,HARLANDMI-2439,Harland Miller,I'll Never Forget What I Can't Remember,Confirmed,HarlandMiQu25,8000,EUR,Confirmed,,200000,25,Confirmed,25,,PE,Draw,Limited,Silkscreen print,,n/a,09. Fully completed,,,,2025-09-30,2025-09-30T13:00:00.000Z,,,,Date confirmed (fully confirmed with artist),2025-Q3,true,23 colour silkscreen on Somerset Tub Sized Radiant White 600gsm paper,Confirmed,86 x 59.3 cm,signed/numbered/dated on front,Signed by Artist,,Framed on order,Tier 1,,REPEAT,,,,,,,,,
2440,HARLANDMI-2440,Harland Miller,Love Saves The Day,Confirmed,HarlandMiQu25,8000,EUR,Confirmed,,200000,25,Confirmed,25,,PE,Draw,Limited,Silkscreen print,,n/a,09. Fully completed,,,,2025-09-30,2025-09-30T13:00:00.000Z,,,,Date confirmed (fully confirmed with artist),2025-Q3,true,26 colour silkscreen on Somerset Tub Sized Radiant White 600gsm paper,Confirmed,86.0 x 59.5 cm,signed/numbered/dated on front,Signed by Artist,,Framed on order,Tier 1,,REPEAT,,,,,,,,,
2438,HARLANDMI-2438,Harland Miller,Not Giving Into Willpower,Confirmed,HarlandMiQu25,8000,EUR,Confirmed,,200000,25,Confirmed,25,,PE,Draw,Limited,Silkscreen print,,n/a,09. Fully completed,,,,2025-09-30,2025-09-30T13:00:00.000Z,,,,Date confirmed (fully confirmed with artist),2025-Q3,true,24 colour silkscreen on Somerset Tub Sized Radiant White 600gsm paper,Confirmed,86 x 59.3 cm,signed/numbered/dated on front,Signed by Artist,,Framed on order,Tier 1,,REPEAT,,,,,,,,,
2517,HARLANDMI-2517,Harland Miller,The Final Five,Confirmed,HarlandMiQu25,40000,EUR,Confirmed,,0,,Confirmed,,,PE,Draw,Limited,Silkscreen print,,n/a,09. Fully completed,,,,2025-09-30,2025-09-30T13:00:00.000Z,,,,Date confirmed (fully confirmed with artist),2025-Q3,true,,Confirmed,86.0 x 59.5 cm,signed/numbered/dated on front,Signed by Artist,,Framed on order,Tier 1,,REPEAT,,,,,,,,,
2397,HARLANDMI-2397,Harland Miller,This Is Where It's Fuckin At,Confirmed,HarlandMiQu25,8000,EUR,Confirmed,,200000,25,Confirmed,25,,PE,Draw,Limited,Silkscreen print,,n/a,09. Fully completed,,,,2025-09-30,2025-09-30T13:00:00.000Z,2025-08-29,,,Date confirmed (fully confirmed with artist),2025-Q3,true,26 colour silkscreen on Somerset Tub Sized Radiant White 600gsm paper,Confirmed,86 x 59.3 cm,signed/numbered/dated on front,Signed by Artist,,Framed on order,Tier 1,,REPEAT,,,,,,,,,
2450,KUKWONWOO-2450,Kukwon Woo,Waterfall (Amida),Confirmed,KukwonWooRep25,1500,EUR,Confirmed,,75000,50,Confirmed,,,PE,Draw,Limited,Hybrid print,,n/a,09. Fully completed,,,,2025-09-30,2025-09-30T09:00:00.000Z,,,,Date confirmed (fully confirmed with artist),2025-Q3,true,13 layer textured archival pigment print with 3 layers of spot gloss varnish printed on 1650 micron heritage conservation board,Confirmed,52.1 x 41.6 cm,Signed by the artist. Individually numbered and dated.,Signed by Artist,,Framed on order,Tier 2,,REPEAT,,,,,,,,,
2276,KUKWONWOO-2276,Kukwon Woo,Waterfall (Kirifuri),Confirmed,KukwonWooRep25,1500,EUR,Confirmed,,75000,50,Confirmed,,,PE,Draw,Limited,Hybrid print,,n/a,09. Fully completed,,,,2025-09-30,2025-09-30T09:00:00.000Z,2025-09-02,,,Date confirmed (fully confirmed with artist),2025-Q3,true,13 layer textured archival pigment print with 3 layers of spot gloss varnish printed on 1650 micron heritage conservation board,Confirmed,52.1 x 41.6 cm,Signed by the artist. Individually numbered and dated.,Signed by Artist,,Framed on order,Tier 2,,REPEAT,,,,,,,,,
2515,KUKWONWOO-2515,Kukwon Woo,Waterfall (Kirifuri) & Waterfall (Amida),Confirmed,KukwonWooRep25,3000,EUR,Confirmed,,0,0,Confirmed,,,PE,Draw,Limited,Hybrid print,,n/a,09. Fully completed,,,,2025-09-30,2025-09-30T09:00:00.000Z,,,,Date confirmed (fully confirmed with artist),2025-Q3,true,13 layer textured archival pigment print with 3 layers of spot gloss varnish printed on 1650 micron heritage conservation board,Confirmed,52.1 x 41.6 cm,Signed by the artist. Individually numbered and dated.,Signed by Artist,,Framed on order,Tier 2,,REPEAT,,,,,,,,,
2516,KUKWONWOO-2516,Kukwon Woo,"Waterfall (Kirifuri), Waterfall (Amida), Waterfall (Ono), Waterfall (Rōben)",Confirmed,KukwonWooRep25,6000,EUR,Confirmed,,0,0,Confirmed,,,PE,Draw,Limited,Hybrid print,,n/a,09. Fully completed,,,,2025-09-30,2025-09-30T09:00:00.000Z,,,,Date confirmed (fully confirmed with artist),2025-Q3,true,13 layer textured archival pigment print with 3 layers of spot gloss varnish printed on 1650 micron heritage conservation board,Confirmed,52.1 x 41.6 cm,Signed by the artist. Individually numbered and dated.,Signed by Artist,,Framed on order,Tier 2,,REPEAT,,,,,,,,,
2449,KUKWONWOO-2449,Kukwon Woo,Waterfall (Ono),Confirmed,KukwonWooRep25,1500,EUR,Confirmed,,75000,50,Confirmed,,,PE,Draw,Limited,Hybrid print,,n/a,09. Fully completed,,,,2025-09-30,2025-09-30T09:00:00.000Z,,,,Date confirmed (fully confirmed with artist),2025-Q3,true,13 layer textured archival pigment print with 3 layers of spot gloss varnish printed on 1650 micron heritage conservation board,Confirmed,52.1 x 41.6 cm,Signed by the artist. Individually numbered and dated.,Signed by Artist,,Framed on order,Tier 2,,REPEAT,,,,,,,,,
2514,KUKWONWOO-2514,Kukwon Woo,Waterfall (Ono) & Waterfall (Rōben),Confirmed,KukwonWooRep25,3000,EUR,Confirmed,,0,0,Confirmed,,,PE,Draw,Limited,Hybrid print,,n/a,09. Fully completed,,,,2025-09-30,2025-09-30T09:00:00.000Z,,,,Date confirmed (fully confirmed with artist),2025-Q3,true,13 layer textured archival pigment print with 3 layers of spot gloss varnish printed on 1650 micron heritage conservation board,Confirmed,52.1 x 41.6 cm,Signed by the artist. Individually numbered and dated.,Signed by Artist,,Framed on order,Tier 2,,REPEAT,,,,,,,,,
2451,KUKWONWOO-2451,Kukwon Woo,Waterfall (Rōben),Confirmed,KukwonWooRep25,1500,EUR,Confirmed,,75000,50,Confirmed,,,PE,Draw,Limited,Hybrid print,,n/a,09. Fully completed,,,,2025-09-30,2025-09-30T09:00:00.000Z,,,,Date confirmed (fully confirmed with artist),2025-Q3,true,13 layer textured archival pigment print with 3 layers of spot gloss varnish printed on 1650 micron heritage conservation board,Confirmed,52.1 x 41.6 cm,Signed by the artist. Individually numbered and dated.,Signed by Artist,,Framed on order,Tier 2,,REPEAT,,,,,,,,,
2673,HARLANDMI-2673,Harland Miller,"XXX, 2023 [ICA Inventory prints Large]",,,11500,EUR,Confirmed,,57500,5,,,,PE,Private,Limited,,,,09. Fully completed,,,,2025-10-08,,,,,,2025-Q4,true,16 colour silkscreen print on Somerset Radiant White Tub Sized 410gsm Paper,Confirmed,150 x 108.5 cm,,,,Framed on order,Tier 1,,REPEAT,,,,,,,,,
2674,HARLANDMI-2674,Harland Miller,"XXX, 2023 [ICA Inventory prints Small]",,,8000,EUR,Confirmed,,112000,14,,,,PE,Private,Limited,,,,07. QCd,,,,2025-10-08,,,,,,2025-Q4,true,16 colour silkscreen print on Somerset Radiant White Tub Sized 410gsm Paper,Confirmed,96.7 x 70 cm,,,,Framed on order,Tier 1,,REPEAT,,,,,,,,,
2413,AHMEDMATE-2413,Ahmed Mater,Magnetism 25,Confirmed,AhmedMatMagnet25,4000,EUR,Confirmed,,160000,40,Confirmed,,,PE,Auction,Limited,Digital print,,,09. Fully completed,,,,2025-10-21,2025-10-21T09:00:00.000Z,2025-09-22,,,Date confirmed (fully confirmed with artist),2025-Q4,true,"Textured archival pigment print with 258 layers of texture for the central piece and 25 layers for the surrounding details, printed on 410gsm Somerset Tub Sized Radiant White paper.",Confirmed,43 x 43 cm,"Signed in the lower left-hand corner, with the year '2025.'",Signed by Artist,,Framed on order,Tier 2,,REPEAT,,,,,,,,,
2359,SIRJOANC-2359,Sir Joan Cornellà,Work Hard and Then Die,Confirmed,SirJoanCTL25,600,EUR,Confirmed,,295200,492,TL expected units pending,200,,TL,Timed,Limited,Hybrid print,,24 hours,09. Fully completed,,,,2025-10-23,2025-10-23T11:00:00.000Z,2025-10-10,,2025-10-24,Date confirmed (fully confirmed with artist),2025-Q4,true,UV pigment print with phosphorescent glow-in-the-dark silkscreen detail and matte varnish seal on Somerset Tub Sized Radiant White 410gsm paper.,Confirmed,60 x 43.3 cm,signed/numbered/dated on front,Signed by Artist,,Framed on order,Tier 2,,REPEAT,,,,,,,,,
2286,MAURIZIOC-2286,Maurizio Cattelan,We are the Revolution,Confirmed,MaurizioCRev25,1500,EUR,Confirmed,,1500000,1000,Confirmed,,,SE,Draw,Limited,Mid cost 3D edition,,n/a,07. QCd,,,,2025-10-24,2025-10-24T16:00:00.000Z,2025-09-23,,,Date confirmed (fully confirmed with artist),2025-Q4,true,"Individually hand-painted resin sculpture, mounted on a single nail. Suitable for the majority of surfaces when installed with care, though not recommended for brick, stone or tile.",Confirmed,23 x 6 x 6cm,"Hand-written edition number, with the total edition of 1,000 engraved on the back.",No authentication,,No framing option,Tier 1,,REPEAT,,,,,,,,,
2416,HARMONIAR-2416,Harmonia Rosales,Eve and the Orishas,Confirmed,HarmoniaRTwo25,650,EUR,Confirmed,,154700,238,TL expected units pending,150,,TL,Timed,Limited,Hybrid print,,48 hours,09. Fully completed,,,,2025-10-29,2025-10-29T17:00:00.000Z,2025-10-09,,2025-10-31,Date confirmed (fully confirmed with artist),2025-Q4,true,Archival pigment print with a matte varnish seal on Somerset TS RW 410 gsm paper,Confirmed,70 x 57 cm,"Signed and dated bottom right, numbered bottom left",Signed by Artist,,Framed on order,Tier 3,,REPEAT,,,,,,,,,
2651,HARMONIAR-2651,Harmonia Rosales,Eve and the Orishas & Portrait of Eve,Confirmed,HarmoniaRTwo25,1125,EUR,Confirmed,,0,0,TL expected units pending,,,TL,Timed,Limited,Hybrid print,,48 hours,09. Fully completed,,,,2025-10-29,2025-10-29T17:00:00.000Z,,,2025-10-31,Date confirmed (fully confirmed with artist),2025-Q4,true,Archival pigment print with silkscreen shimmer detail and a matte varnish seal on Somerset TS RW 410 gsm paper,Confirmed,"70 x 57 cm, 58 x 57.9 cm","Signed and dated bottom right, numbered bottom left",Signed by Artist,,,Tier 3,,REPEAT,,,,,,,,,
2348,HARMONIAR-2348,Harmonia Rosales,Portrait of Eve,Confirmed,HarmoniaRTwo25,600,EUR,Confirmed,,127200,212,TL expected units pending,200,,TL,Timed,Limited,Hybrid print,,48 hours,09. Fully completed,,,,2025-10-29,2025-10-29T17:00:00.000Z,,,2025-10-31,Date confirmed (fully confirmed with artist),2025-Q4,true,Archival pigment print with silkscreen shimmer detail and a matte varnish seal on Somerset TS RW 410 gsm paper,Confirmed,58 x 57.9 cm,"Signed and dated bottom right, numbered bottom left",Signed by Artist,,Framed on order,Tier 3,,REPEAT,,,,,,,,,
1898,ALEXKATZ-1898,Alex Katz,Ada Ada,Confirmed,AlexKatzH225,5000,EUR,Confirmed,,1000000,200,Confirmed,,,PE,Draw,Timed,Silkscreen print,,n/a,09. Fully completed,,,,2025-10-30,,2025-10-01,,,Date confirmed (fully confirmed with artist),2025-Q4,,26 colour silkscreen made from hand drawn films on 410gsm Somerset Tub Sized Rough Textured Satin White paper,Confirmed,45 x 90 cm,Signed on the lower right-hand corner of the print,Signed by Artist,,Framed on order,Tier 1,,REPEAT,,,,,,,,,
1860,JAMESJEAN-1860,James Jean,Sun Tarot Nebula (& Print),Confirmed,JamesJeanSun25,1000,EUR,Confirmed,,111000,111,Confirmed,100,24.64,TLC,Timed,Timed,Low cost 3D edition,,"1,337",07. QCd,,Priority,,2025-10-31,,,,,Date confirmed (fully confirmed with artist),2025-Q4,,Resin sculpture with a multi-layer pearlescent painted finish,Confirmed,24.5 x 23.0 x 21.5cm,-14%,-34%,,182,Tier 1,,REPEAT,,,,,,,,,
2526,JAMESJEAN-2526,James Jean,Sun Tarot Nebula Nectar (& Print),Confirmed,JamesJeanSun25,1000,EUR,Confirmed,,44000,44,Confirmed,100,,TLC,Timed,Timed,Low cost 3D edition,,7 days,07. QCd,,Priority,,2025-10-31,2025-10-31T17:00:00.000Z,,,2025-11-07,Date confirmed (fully confirmed with artist),2025-Q4,true,Resin sculpture with a multi-layer pearlescent painted finish,Confirmed,24.5 x 23.0 x 21.5cm,Signature & edition number engraved on base of sculpture,Engraved signature,,No framing option,Tier 1,,REPEAT,,,,,,,,,
2528,JAMESJEAN-2528,James Jean,Sun Tarot Nebula Nectar (print),Confirmed,JamesJeanSun25,310,EUR,Confirmed,,19840,64,Confirmed,100,,TL,Timed,Limited,Hybrid print,,7 days,07. QCd,,,,2025-10-31,2025-10-31T17:00:00.000Z,,,2025-11-07,Date confirmed (fully confirmed with artist),2025-Q4,true,"Archival pigment print with silkscreen spot gloss varnish on Hahnemuhle Photo Rag Bright White 310gsm paper, die-cut to bespoke shape",Confirmed,31.8 x 22.6cm,Signed by artist via bespoke signature stickers,Signed with sticker,,Framed on order,Tier 1,,REPEAT,,,,,,,,,
2527,JAMESJEAN-2527,James Jean,Sun Tarot Nebula Pollen (& Print),Confirmed,JamesJeanSun25,1000,EUR,Confirmed,,39000,39,Confirmed,100,,TLC,Timed,Timed,Low cost 3D edition,,7 days,07. QCd,,Priority,,2025-10-31,2025-10-31T17:00:00.000Z,,,2025-11-07,Date confirmed (fully confirmed with artist),2025-Q4,true,Resin sculpture with a multi-layer pearlescent painted finish,Confirmed,24.5 x 23.0 x 21.5cm,Signature & edition number engraved on base of sculpture,Engraved signature,,No framing option,Tier 1,,REPEAT,,,,,,,,,
2511,JAMESJEAN-2511,James Jean,⁠Sun Tarot Nebula (print),Confirmed,JamesJeanSun25,310,EUR,Confirmed,,49600,160,Confirmed,100,12.02,TLC,Timed,Limited,Hybrid print,,,07. QCd,,,,2025-10-31,,2025-10-20,,,Date confirmed (fully confirmed with artist),2025-Q4,,"Archival pigment print with silkscreen spot gloss varnish on Hahnemuhle Photo Rag Bright White 310gsm paper, die-cut to bespoke shape",Confirmed,31.8 x 22.6cm,-60%,21%,,,Tier 1,,REPEAT,,,,,,,,,
2529,JAMESJEAN-2529,James Jean,⁠Sun Tarot Nebula Pollen (print),Confirmed,JamesJeanSun25,310,EUR,Confirmed,,16740,54,Confirmed,100,,TL,Timed,Limited,Hybrid print,,7 days,07. QCd,,,,2025-10-31,2025-10-31T17:00:00.000Z,,,2025-11-07,Date confirmed (fully confirmed with artist),2025-Q4,true,"Archival pigment print with silkscreen spot gloss varnish on Hahnemuhle Photo Rag Bright White 310gsm paper, die-cut to bespoke shape",Confirmed,31.8 x 22.6cm,Signed by artist via bespoke signature stickers,Signed with sticker,,Framed on order,Tier 1,,REPEAT,,,,,,,,,
2105,CINDYSHER-2105,Cindy Sherman,Untitled,Confirmed,CindySherTL25,1300,EUR,Confirmed,,817700,629,Confirmed,850,,TL,Timed,Limited,Digital print,,7 days,07B. Frames at WHSE,,,,2025-11-11,2025-11-11T17:00:00.000Z,2025-10-30,,2025-11-18,Date confirmed (fully confirmed with artist),2025-Q4,true,Digital C-print on Fujicolor Crystal Archive Type DPII paper.,Confirmed,"Each print= 40.64 x 23.81 cm, three prints per set",signed on reverse of middle print. each print hand numbered / labelled on reverse,Signed with sticker,,Framed on order,Tier 1,,REPEAT,,,,,,,,,
2270,AIWEIWEI-2270,Ai Weiwei,Forever Bicycle (Blue & Silver),Confirmed,AiWeiweiLE25,2000,EUR,Confirmed,,200000,100,Confirmed,,,PE,Draw,Limited,Silkscreen print,,,09. Fully completed,,,,2025-11-17,2025-07-01T13:00:00.000Z,,,,Date confirmed (fully confirmed with artist),2025-Q4,true,3 layer silkscreen print on Somerset 410gsm Somerset Tub Sized Radiant White paper with silver metal leaf embellishment,Confirmed,75 x 75cm,Signed in silver pen bottom right; numbered bottom left,Signed by Artist,,Framed on order,Tier 1,,REPEAT,,,,,,,,,
2271,AIWEIWEI-2271,Ai Weiwei,Forever Bicycle (Red & Gold),Confirmed,AiWeiweiLE25,2000,EUR,Confirmed,,200000,100,Confirmed,,,PE,Draw,Limited,Silkscreen print,,,09. Fully completed,,,,2025-11-17,2025-07-01T13:00:00.000Z,2025-10-22,,,Date confirmed (fully confirmed with artist),2025-Q4,true,3 layer silkscreen print on Somerset 410gsm Somerset Tub Sized Radiant White paper with gold metal leaf embellishment,Confirmed,75 x 75cm,Signed in gold pen bottom right; numbered bottom left,Signed by Artist,,Framed on order,Tier 1,,REPEAT,,,,,,,,,
2670,AIWEIWEI-2670,Ai Weiwei,Forever Bicycle (Red & Gold) & Forever Bicycle (Blue & Silver),Pending,AiWeiweiLE25,4000,EUR,Confirmed,,0,0,Confirmed,,,PE,Draw,Limited,Silkscreen print,,,07. QCd,,,,2025-11-17,2025-07-01T13:00:00.000Z,,,,Date confirmed (fully confirmed with artist),2025-Q4,true,3 layer silkscreen print on Somerset 410gsm Somerset Tub Sized Radiant White paper with gold metal leaf embellishment 3 layer silkscreen print on Somerset 410gsm Somerset Tub Sized Radiant White paper with silver metal leaf embellishment,Confirmed,75 x 75cm,Signed bottom right; numbered bottom left,Signed by Artist,,Framed on order,Tier 1,,REPEAT,,,,,,,,,
1823,JUDYCHICA-1823,Judy Chicago,Reincarnation Triptych,Confirmed,JudyTriptych25,2500,EUR,Confirmed,,125000,50,Confirmed,,,PE,Draw,Timed,Silkscreen print,,n/a,09. Fully completed,,,,2025-11-25,2025-11-25T17:00:00.000Z,2025-10-27,,,Date confirmed (fully confirmed with artist),2025-Q4,,"24-colour silkscreen print with matte, satin and sparkle gloss spot varnishes on Somerset 410gsm Somerset Tub Sized Radiant White paper, finished with deckled edges",Confirmed,44 x 105cm,Signed bottom right; numbered bottom left,Signed by Artist,,Framed on order,Tier 2,,REPEAT,,,,,,,,,
2441,KEITAMORI-2441,Keita Morimoto,Evening Embers,Confirmed,KeitaMorTL25,675,EUR,Confirmed,,292275,433,TL expected units pending,250,,TL,Timed,Limited,Hybrid print,,48 hours,09. Fully completed,,,,2025-12-09,2025-12-09T10:00:00.000Z,,,2025-12-11,Date confirmed (fully confirmed with artist),2025-Q4,true,Archival pigment print with silkscreen printed gold shimmer details and a matte varnish seal on Somerset TS White 410gsm paper,Confirmed,65 x 53.3 cm,"Signed and dated, bottom right, numbered bottom left",Signed by Artist,,Framed on order,Tier 2,,REPEAT,,,,,,,,,
2456,KEITAMORI-2456,Keita Morimoto,Jewel Box,Confirmed,KeitaMorTL25,625,EUR,Confirmed,,103750,166,TL expected units pending,250,,TL,Timed,Limited,Hybrid print,,48 hours,09. Fully completed,,,,2025-12-09,2025-12-09T10:00:00.000Z,,,2025-12-11,Date confirmed (fully confirmed with artist),2025-Q4,true,Archival pigment print with silkscreen printed gold shimmer details and a matte varnish seal on Somerset TS White 410gsm paper,Confirmed,52 x 42.1 cm,"Signed and dated, bottom right, numbered bottom left",Signed by Artist,,Framed on order,Tier 2,,REPEAT,,,,,,,,,
2754,KEITAMORI-2754,Keita Morimoto,Jewel Box & Evening Embers,Confirmed,KeitaMorTL25,1170,EUR,Confirmed,,0,0,TL expected units pending,250,,TL,Timed,Limited,Hybrid print,,48 hours,09. Fully completed,,,,2025-12-09,2025-12-09T10:00:00.000Z,,,2025-12-11,Date confirmed (fully confirmed with artist),2025-Q4,true,Archival pigment print with silkscreen printed gold shimmer details and a matte varnish seal on Somerset TS Radiant White 410gsm paper,Confirmed,"65 x 53.3 cm , 52 x 42.1 cm","Signed and dated, bottom right, numbered bottom left",Signed by Artist,,Framed on order,Tier 2,,REPEAT,,,,,,,,,
2360,WILLIAMBL-2360,William Blake,Night the First,Confirmed,WilliamBlLE25,350,EUR,Confirmed,,2100,6,Confirmed,,,PE,Draw,Limited,Digital print,,,09. Fully completed,,,,2025-12-12,2025-12-02T14:00:00.000Z,,,,Date confirmed (fully confirmed with artist),2025-Q4,true,Archival pigment print on Hahnemühle Photo Rag Bright White 310gsm paper,Confirmed,48.9cm x 40.8cm,"Stamped, bottom right hand corner",Signed with stamp,,Framed on order,Tier 3,,REPEAT,,,,,,,,,
2779,WILLIAMBL-2779,William Blake,"Night the First, Night the Second, Night the Third",Confirmed,WilliamBlLE25,945,EUR,Confirmed,,0,0,Confirmed,,,PE,Draw,Limited,Digital print,,,09. Fully completed,,,,2025-12-12,2025-12-02T14:00:00.000Z,,,,Date confirmed (fully confirmed with artist),2025-Q4,true,Archival pigment print on Hahnemühle Photo Rag Bright White 310gsm paper,Confirmed,"48.9cm x 39.7cm, 48.9cm x 40.5cm, 48.9cm x 39.7cm","Stamped, bottom right hand corner",Signed with stamp,,Framed on order,Tier 3,,REPEAT,,,,,,,,,
2524,WILLIAMBL-2524,William Blake,Night the Second,Confirmed,WilliamBlLE25,350,EUR,Confirmed,,2800,8,Confirmed,,,PE,Draw,Limited,Digital print,,,09. Fully completed,,,,2025-12-12,2025-12-02T14:00:00.000Z,2025-11-17,,,Date confirmed (fully confirmed with artist),2025-Q4,true,Archival pigment print on Hahnemühle Photo Rag Bright White 310gsm paper,Confirmed,48.9cm x 40.5cm,"Stamped, bottom right hand corner",Signed with stamp,,Framed on order,Tier 3,,REPEAT,,,,,,,,,
2525,WILLIAMBL-2525,William Blake,Night the Third,Confirmed,WilliamBlLE25,350,EUR,Confirmed,,3500,10,Confirmed,,,PE,Draw,Limited,Digital print,,,09. Fully completed,,,,2025-12-12,2025-12-02T14:00:00.000Z,,,,Date confirmed (fully confirmed with artist),2025-Q4,true,Archival pigment print on Hahnemühle Photo Rag Bright White 310gsm paper,Confirmed,48.9cm x 39.7cm,"Stamped, bottom right hand corner",Signed with stamp,,Framed on order,Tier 3,,REPEAT,,,,,,,,,
2566,JOAKIMOJA-2566,Joakim Ojanen,The dance we dance when we are together,Confirmed,JoakimOjaLE25,500,EUR,Confirmed,,50000,100,Confirmed,,,PE,Draw,Limited,Digital print,,,09. Fully completed,,,,2026-01-22,2025-12-10T17:00:00.000Z,2025-12-16,,,Date confirmed (fully confirmed with artist),2026-Q1,true,Archival pigment print with a matte varnish seal on 410gsm Somerset Tub Sized Radiant White paper.,Confirmed,70 x 54.1cm,"Signed and dated, bottom right, numbered bottom left.",Signed by Artist,,Framed on order,Tier 3,,REPEAT,,,,,,,,,
1905,JOHNSONTS-1905,Johnson Tsang,Work in Progress,Confirmed,JohnsonTsSE25,900,EUR,Confirmed,,135000,150,Confirmed,,,SE,Draw,Limited,Low cost 3D edition,,,07. QCd,,,,2026-01-23,2026-01-23T13:00:00.000Z,2025-12-18,,,Date confirmed (fully confirmed with artist),2026-Q1,true,Resin cast sculpture with matte spray paint finish,Confirmed,28.4 x 22 x 8cm,Artist's signature engraved on the back of the sculpture. Not numbered.,Engraved signature,,No framing option,Tier 2,,REPEAT,,,,,,,,,
2424,TOMÁSSÁNC-2424,Tomás Sánchez,Autorretrato en tarde rosa,Confirmed,TomasSanchezTL26,500,EUR,Confirmed,,235000,470,TL expected units confirmed,400,,TL,Timed,Limited,Digital print,,48 hours,09. Fully completed,,,,2026-01-27,2026-01-27T17:00:00.000Z,,,2026-01-29,Date confirmed (fully confirmed with artist),2026-Q1,true,Archival pigment print on Somerset Tub Sized Radiant White 410gsm paper,Confirmed,52.8 x 70cm,"Signed & dated bottom right-hand corner by artist, numbered bottom left (by whse)",Signed by Artist,,Framed on order,Tier 2,,REPEAT,,,,,,,,,
2501,TOMÁSSÁNC-2501,Tomás Sánchez,Pensamiento-nube,Confirmed,TomasSanchezTL26,500,EUR,Confirmed,,183500,367,TL expected units confirmed,400,,TL,Timed,Limited,Digital print,,48 hours,09. Fully completed,,,,2026-01-27,2026-01-27T17:00:00.000Z,2026-01-07,,2026-01-29,Date confirmed (fully confirmed with artist),2026-Q1,true,Archival pigment print on Somerset Tub Sized Radiant White 410gsm paper,Confirmed,65 x 50.7cm,"Signed & dated bottom right-hand corner by artist, numbered bottom left (by whse)",Signed by Artist,,Framed on order,Tier 2,,REPEAT,,,,,,,,,
2848,TOMÁSSÁNC-2848,Tomás Sánchez,Pensamiento-nube & Autorretrato en tarde rosa,Confirmed,TomasSanchezTL26,,,Confirmed,,0,,TL expected units confirmed,,,TL,Timed,Limited,Digital print,,48 hours,09. Fully completed,,,,2026-01-27,2026-01-27T17:00:00.000Z,,,2026-01-29,Date confirmed (fully confirmed with artist),2026-Q1,true,Archival pigment print on Somerset Tub Sized Radiant White 410gsm paper,Confirmed,65 x 50.7cm,"Signed & dated bottom right-hand corner by artist, numbered bottom left (by whse)",Signed by Artist,,Framed on order,Tier 2,,REPEAT,,,,,,,,,
2262,AIWEIWEI-2262,Ai Weiwei,Self-Portrait Embroidery (Blue & Pink),Confirmed,AiWeiweiSelfPortrait26,1500,EUR,Confirmed,,63000,42,Confirmed,125,,TL,Timed,Limited,Mixed media edition,,7 days,09. Fully completed,,,,2026-01-28,2026-01-28T14:00:00.000Z,,,2026-02-04,Date confirmed (fully confirmed with artist),2026-Q1,,"Textile artwork with approximately 420,000 stitches, embroidered in 5 colours on 230gsm cotton and mounted in a bespoke, unglazed frame",Confirmed,40 x 40 x 3.7cm,"Signed, dated & numbered via signature stickers on reverse of frame",Signed with sticker,,Full Edition Framed,Tier 1,,REPEAT,,,,,,,,,
2332,AIWEIWEI-2332,Ai Weiwei,Self-Portrait Embroidery (Green & Blue),Confirmed,AiWeiweiSelfPortrait26,1500,EUR,Confirmed,,69000,46,Confirmed,125,,TL,Timed,Limited,Mixed media edition,,7 days,09. Fully completed,,,,2026-01-28,2026-01-28T14:00:00.000Z,,,2026-02-04,Date confirmed (fully confirmed with artist),2026-Q1,,"Textile artwork with approximately 420,000 stitches, embroidered in 5 colours on 230gsm cotton and mounted in a bespoke, unglazed frame",Confirmed,40 x 40 x 3.7cm,"Signed, dated & numbered via signature stickers on reverse of frame",Signed with sticker,,Full Edition Framed,Tier 1,,REPEAT,,,,,,,,,
2825,AIWEIWEI-2825,Ai Weiwei,"Self-Portrait Embroidery (Green & Blue), Self-Portrait Embroidery (Red & Green))",Confirmed,AiWeiweiSelfPortrait26,3000,EUR,Confirmed,,0,,Confirmed,,,TL,Timed,Limited,Mixed media edition,,7 days,04. In production,,,,2026-01-28,,,,2026-02-04,Date confirmed (fully confirmed with artist),2026-Q1,true,"Textile artwork with approximately 420,000 stitches, embroidered in 5 colours on 230gsm cotton and mounted in a bespoke, unglazed frameunglazed frame",Confirmed,40 x 40 x 3.7cm,"Signed, dated & numbered via signature stickers on reverse of frame",,,Full Edition Framed,Tier 1,,REPEAT,,,,,,,,,
2261,AIWEIWEI-2261,Ai Weiwei,Self-Portrait Embroidery (Purple & Yellow),Confirmed,AiWeiweiSelfPortrait26,1500,EUR,Confirmed,,73500,49,Confirmed,125,,TL,Timed,Limited,Mixed media edition,,7 days,09. Fully completed,,,,2026-01-28,2026-01-28T14:00:00.000Z,,,2026-02-04,Date confirmed (fully confirmed with artist),2026-Q1,,"Textile artwork with approximately 420,000 stitches, embroidered in 5 colours on 230gsm cotton and mounted in a bespoke, unglazed frame",Confirmed,40 x 40 x 3.7cm,"Signed, dated & numbered via signature stickers on reverse of frame",Signed with sticker,,Full Edition Framed,Tier 1,,REPEAT,,,,,,,,,
2824,AIWEIWEI-2824,Ai Weiwei,"Self-Portrait Embroidery (Purple & Yellow), Self-Portrait Embroidery (Blue & Pink)",Confirmed,AiWeiweiSelfPortrait26,3000,EUR,Confirmed,,0,,Confirmed,,,TL,Timed,Limited,Mixed media edition,,7 days,04. In production,,,,2026-01-28,,,,2026-02-04,Date confirmed (fully confirmed with artist),2026-Q1,true,"Textile artwork with approximately 420,000 stitches, embroidered in 5 colours on 230gsm cotton and mounted in a bespoke, unglazed frame.",Confirmed,40 x 40 x 3.7cm,"Signed, dated & numbered via signature stickers on reverse of frame",,,Full Edition Framed,Tier 1,,REPEAT,,,,,,,,,
2823,AIWEIWEI-2823,Ai Weiwei,"Self-Portrait Embroidery (Purple & Yellow), Self-Portrait Embroidery (Blue & Pink), Self-Portrait Embroidery (Green & Blue), Self-Portrait Embroidery (Red & Green)",Confirmed,AiWeiweiSelfPortrait26,6000,EUR,Confirmed,,0,0,Confirmed,,,TL,Timed,Limited,Mixed media edition,,7 days,09. Fully completed,,,,2026-01-28,,,,2026-02-04,Date confirmed (fully confirmed with artist),2026-Q1,true,"Textile artwork with approximately 420,000 stitches, embroidered in 5 colours on 230gsm cotton and mounted in a bespoke, unglazed frameunglazed frame",Confirmed,40 x 40 x 3.7cm,"Signed, dated & numbered via signature stickers on reverse of frame",,,Full Edition Framed,Tier 1,,REPEAT,,,,,,,,,
2415,AIWEIWEI-2415,Ai Weiwei,Self-Portrait Embroidery (Red & Green),Confirmed,AiWeiweiSelfPortrait26,1500,EUR,Confirmed,,99000,66,Confirmed,125,,TL,Timed,Limited,Mixed media edition,,7 days,09. Fully completed,,,,2026-01-28,2026-01-28T14:00:00.000Z,2026-01-06,,2026-02-04,Date confirmed (fully confirmed with artist),2026-Q1,true,"Textile artwork with approximately 420,000 stitches, embroidered in 5 colours on 230gsm cotton and mounted in a bespoke, unglazed frameunglazed frame",Confirmed,40 x 40 x 3.7cm,"Signed, dated & numbered via signature stickers on reverse of frame",Signed with sticker,,Full Edition Framed,Tier 1,,REPEAT,,,,,,,,,
2421,FERRARISH-2421,Ferrari Sheppard,Put Some Red On It,Confirmed,FerrariShLE26,1250,EUR,Confirmed,,125000,100,Confirmed,,,PE,Draw,Limited,Hybrid print,,n/a,09. Fully completed,,,,2026-01-29,,2026-01-08,,,Date confirmed (fully confirmed with artist),2026-Q1,true,Archival pigment print with silkscreen printed gold shimmer details and a matte varnish seal on Somerset TS Radiant White 410gsm paper,Confirmed,75 x 58.4 cm,"Signed and dated, bottom right, numbered bottom left",Signed by Artist,,Framed on order,Tier 3,,REPEAT,,,,,,,,,
2314,LEEUFAN-2314,Lee Ufan,Dialogue,Confirmed,LeeUfanLE26,8500,EUR,Confirmed,,1275000,150,Confirmed,,,PE,Draw,Limited,Silkscreen print,,n/a,07. QCd,,,,2026-01-30,2026-01-30T14:00:00.000Z,2026-01-08,,,Date confirmed (fully confirmed with artist),2026-Q1,true,21 colour silkscreen with airbrushing and hand drawn silkscreen details on Somerset Tub Sized White 600gsm paper,Confirmed,75 x 60 cm,Signed/numbered/dated on front,Signed by Artist,,Framed on order,Tier 1,,REPEAT,,,,,,,,,
2696,PEJAC-2696,Pejac,SELF-DEFENCE 10am,Confirmed,PejacRepeat26,3000,EUR,Confirmed,,63000,21,TL expected units pending,,,PE,Draw,Limited,Silkscreen print,,n/a,09. Fully completed,,,,2026-02-03,2026-02-03T12:00:00.000Z,2026-01-23,,,Date confirmed (fully confirmed with artist),2026-Q1,,28 colour silkscreen on Somerset Tub Sized Radiant White 410gsm with spray painted acrylic details,Confirmed,80 x 57 cm,"Signed and dated, bottom right, numbered bottom left",Signed by Artist,,Framed on order,Tier 1,,REPEAT,,,,,,,,,
2732,PEJAC-2732,Pejac,SELF-DEFENCE 10am (Special Edition),Confirmed,PejacRepeat26,6000,EUR,Confirmed,,6000,1,Confirmed,,,HFPE,Public,Timed,Silkscreen print,,n/a,09. Fully completed,,,,2026-02-03,2026-02-03T12:00:00.000Z,2026-01-23,,,Date confirmed (fully confirmed with artist),2026-Q1,,"28 colour silkscreen on Somerset Tub Sized Radiant White 410gsm, with luminescent and acrylic hand-painted details",Confirmed,80 x 57 cm,"Signed and dated, bottom right, numbered bottom left",Signed by Artist,true,Framed on order,Tier 1,,REPEAT,,,,,,,,,
2695,PEJAC-2695,Pejac,SELF-DEFENCE 11am,Confirmed,PejacRepeat26,3000,EUR,Confirmed,,63000,21,TL expected units pending,,,PE,Draw,Limited,Silkscreen print,,n/a,09. Fully completed,,,,2026-02-03,2026-02-03T12:00:00.000Z,2026-01-23,,,Date confirmed (fully confirmed with artist),2026-Q1,,28 colour silkscreen on Somerset Tub Sized Radiant White 410gsm with spray painted acrylic details,Confirmed,80 x 57 cm,"Signed and dated, bottom right, numbered bottom left",Signed by Artist,,Framed on order,Tier 1,,REPEAT,,,,,,,,,
2731,PEJAC-2731,Pejac,SELF-DEFENCE 11am (Special Edition),Confirmed,PejacRepeat26,6000,EUR,Confirmed,,6000,1,Confirmed,,,HFPE,Public,Timed,Silkscreen print,,n/a,09. Fully completed,,,,2026-02-03,2026-02-03T12:00:00.000Z,2026-01-23,,,Date confirmed (fully confirmed with artist),2026-Q1,,"28 colour silkscreen on Somerset Tub Sized Radiant White 410gsm, with luminescent and acrylic hand-painted details",Confirmed,80 x 57 cm,"Signed and dated, bottom right, numbered bottom left",Signed by Artist,true,Framed on order,Tier 1,,REPEAT,,,,,,,,,
2694,PEJAC-2694,Pejac,SELF-DEFENCE 12pm,Confirmed,PejacRepeat26,3000,EUR,Confirmed,,63000,21,TL expected units pending,,,PE,Draw,Limited,Silkscreen print,,n/a,09. Fully completed,,,,2026-02-03,2026-02-03T12:00:00.000Z,2026-01-23,,,Date confirmed (fully confirmed with artist),2026-Q1,,28 colour silkscreen on Somerset Tub Sized Radiant White 410gsm with spray painted acrylic details,Confirmed,80 x 57 cm,"Signed and dated, bottom right, numbered bottom left",Signed by Artist,,Framed on order,Tier 1,,REPEAT,,,,,,,,,
1852,PEJAC-1852,Pejac,SELF-DEFENCE 12pm (Special Edition),Confirmed,PejacRepeat26,6000,EUR,Confirmed,,6000,1,Confirmed,,,HFPE,Public,Timed,Silkscreen print,,n/a,09. Fully completed,,,,2026-02-03,2026-02-03T12:00:00.000Z,2026-01-23,,,Date confirmed (fully confirmed with artist),2026-Q1,,"28 colour silkscreen on Somerset Tub Sized Radiant White 410gsm, with luminescent and acrylic hand-painted details",Confirmed,80 x 57 cm,"Signed and dated, bottom right, numbered bottom left",Signed by Artist,true,Framed on order,Tier 1,,REPEAT,,,,,,,,,
2699,PEJAC-2699,Pejac,SELF-DEFENCE 7am,Confirmed,PejacRepeat26,3000,EUR,Confirmed,,63000,21,TL expected units pending,,,PE,Draw,Limited,Silkscreen print,,n/a,09. Fully completed,,,,2026-02-04,2026-02-04T12:00:00.000Z,2026-01-23,,,Date confirmed (fully confirmed with artist),2026-Q1,,28 colour silkscreen on Somerset Tub Sized Radiant White 410gsm with spray painted acrylic details,Confirmed,80 x 57 cm,"Signed and dated, bottom right, numbered bottom left",Signed by Artist,,Framed on order,Tier 1,,REPEAT,,,,,,,,,
2735,PEJAC-2735,Pejac,SELF-DEFENCE 7am (Special Edition),Confirmed,PejacRepeat26,6000,EUR,Confirmed,,6000,1,Confirmed,,,HFPE,Public,Timed,Silkscreen print,,n/a,09. Fully completed,,,,2026-02-04,2026-02-04T12:00:00.000Z,2026-01-23,,,Date confirmed (fully confirmed with artist),2026-Q1,,"28 colour silkscreen on Somerset Tub Sized Radiant White 410gsm, with luminescent and acrylic hand-painted details",Confirmed,80 x 57 cm,"Signed and dated, bottom right, numbered bottom left",Signed by Artist,true,Framed on order,Tier 1,,REPEAT,,,,,,,,,
2698,PEJAC-2698,Pejac,SELF-DEFENCE 8am,Confirmed,PejacRepeat26,3000,EUR,Confirmed,,63000,21,TL expected units pending,,,PE,Draw,Limited,Silkscreen print,,n/a,09. Fully completed,,,,2026-02-04,2026-02-04T12:00:00.000Z,2026-01-23,,,Date confirmed (fully confirmed with artist),2026-Q1,,28 colour silkscreen on Somerset Tub Sized Radiant White 410gsm with spray painted acrylic details,Confirmed,80 x 57 cm,"Signed and dated, bottom right, numbered bottom left",Signed by Artist,,Framed on order,Tier 1,,REPEAT,,,,,,,,,
2734,PEJAC-2734,Pejac,SELF-DEFENCE 8am (Special Edition),Confirmed,PejacRepeat26,6000,EUR,Confirmed,,6000,1,Confirmed,,,HFPE,Public,Timed,Silkscreen print,,n/a,09. Fully completed,,,,2026-02-04,2026-02-04T12:00:00.000Z,2026-01-23,,,Date confirmed (fully confirmed with artist),2026-Q1,,"28 colour silkscreen on Somerset Tub Sized Radiant White 410gsm, with luminescent and acrylic hand-painted details",Confirmed,80 x 57 cm,"Signed and dated, bottom right, numbered bottom left",Signed by Artist,true,Framed on order,Tier 1,,REPEAT,,,,,,,,,
2697,PEJAC-2697,Pejac,SELF-DEFENCE 9am,Confirmed,PejacRepeat26,3000,EUR,Confirmed,,63000,21,TL expected units pending,,,PE,Draw,Limited,Silkscreen print,,n/a,09. Fully completed,,,,2026-02-04,2026-02-04T12:00:00.000Z,2026-01-23,,,Date confirmed (fully confirmed with artist),2026-Q1,,28 colour silkscreen on Somerset Tub Sized Radiant White 410gsm with spray painted acrylic details,Confirmed,80 x 57 cm,"Signed and dated, bottom right, numbered bottom left",Signed by Artist,,Framed on order,Tier 1,,REPEAT,,,,,,,,,
2733,PEJAC-2733,Pejac,SELF-DEFENCE 9am (Special Edition),Confirmed,PejacRepeat26,6000,EUR,Confirmed,,6000,1,Confirmed,,,HFPE,Public,Timed,Silkscreen print,,n/a,09. Fully completed,,,,2026-02-04,2026-02-04T12:00:00.000Z,2026-01-23,,,Date confirmed (fully confirmed with artist),2026-Q1,,"28 colour silkscreen on Somerset Tub Sized Radiant White 410gsm, with luminescent and acrylic hand-painted details",Confirmed,80 x 57 cm,"Signed and dated, bottom right, numbered bottom left",Signed by Artist,true,Framed on order,Tier 1,,REPEAT,,,,,,,,,
2702,PEJAC-2702,Pejac,SELF-DEFENCE 4am,Confirmed,PejacRepeat26,3000,EUR,Confirmed,,63000,21,TL expected units pending,,,PE,Draw,Limited,Silkscreen print,,n/a,09. Fully completed,,,,2026-02-05,2026-02-05T12:00:00.000Z,2026-01-23,,,Date confirmed (fully confirmed with artist),2026-Q1,,28 colour silkscreen on Somerset Tub Sized Radiant White 410gsm with spray painted acrylic details,Confirmed,80 x 57 cm,"Signed and dated, bottom right, numbered bottom left",Signed by Artist,,Framed on order,Tier 1,,REPEAT,,,,,,,,,
2739,PEJAC-2739,Pejac,SELF-DEFENCE 4am (Special Edition),Confirmed,PejacRepeat26,6000,EUR,Confirmed,,6000,1,Confirmed,,,HFPE,Public,Timed,Silkscreen print,,n/a,09. Fully completed,,,,2026-02-05,2026-02-05T12:00:00.000Z,2026-01-23,,,Date confirmed (fully confirmed with artist),2026-Q1,,"28 colour silkscreen on Somerset Tub Sized Radiant White 410gsm, with luminescent and acrylic hand-painted details",Confirmed,80 x 57 cm,"Signed and dated, bottom right, numbered bottom left",Signed by Artist,true,Framed on order,Tier 1,,REPEAT,,,,,,,,,
2701,PEJAC-2701,Pejac,SELF-DEFENCE 5am,Confirmed,PejacRepeat26,3000,EUR,Confirmed,,63000,21,TL expected units pending,,,PE,Draw,Limited,Silkscreen print,,n/a,09. Fully completed,,,,2026-02-05,2026-02-05T12:00:00.000Z,2026-01-23,,,Date confirmed (fully confirmed with artist),2026-Q1,,28 colour silkscreen on Somerset Tub Sized Radiant White 410gsm with spray painted acrylic details,Confirmed,80 x 57 cm,"Signed and dated, bottom right, numbered bottom left",Signed by Artist,,Framed on order,Tier 1,,REPEAT,,,,,,,,,
2738,PEJAC-2738,Pejac,SELF-DEFENCE 5am (Special Edition),Confirmed,PejacRepeat26,6000,EUR,Confirmed,,6000,1,Confirmed,,,HFPE,Public,Timed,Silkscreen print,,n/a,09. Fully completed,,,,2026-02-05,2026-02-05T12:00:00.000Z,2026-01-23,,,Date confirmed (fully confirmed with artist),2026-Q1,,"28 colour silkscreen on Somerset Tub Sized Radiant White 410gsm, with luminescent and acrylic hand-painted details",Confirmed,80 x 57 cm,"Signed and dated, bottom right, numbered bottom left",Signed by Artist,true,Framed on order,Tier 1,,REPEAT,,,,,,,,,
2700,PEJAC-2700,Pejac,SELF-DEFENCE 6am,Confirmed,PejacRepeat26,3000,EUR,Confirmed,,63000,21,TL expected units pending,,,PE,Draw,Limited,Silkscreen print,,n/a,09. Fully completed,,,,2026-02-05,2026-02-05T12:00:00.000Z,2026-01-23,,,Date confirmed (fully confirmed with artist),2026-Q1,,28 colour silkscreen on Somerset Tub Sized Radiant White 410gsm with spray painted acrylic details,Confirmed,80 x 57 cm,"Signed and dated, bottom right, numbered bottom left",Signed by Artist,,Framed on order,Tier 1,,REPEAT,,,,,,,,,
2737,PEJAC-2737,Pejac,SELF-DEFENCE 6am (Special Edition),Confirmed,PejacRepeat26,6000,EUR,Confirmed,,6000,1,Confirmed,,,HFPE,Public,Timed,Silkscreen print,,n/a,09. Fully completed,,,,2026-02-05,2026-02-05T12:00:00.000Z,2026-01-23,,,Date confirmed (fully confirmed with artist),2026-Q1,,"28 colour silkscreen on Somerset Tub Sized Radiant White 410gsm, with luminescent and acrylic hand-painted details",Confirmed,80 x 57 cm,"Signed and dated, bottom right, numbered bottom left",Signed by Artist,true,Framed on order,Tier 1,,REPEAT,,,,,,,,,
2705,PEJAC-2705,Pejac,SELF-DEFENCE 1am,Confirmed,PejacRepeat26,3000,EUR,Confirmed,,63000,21,TL expected units pending,,,PE,Draw,Limited,Silkscreen print,,n/a,09. Fully completed,,,,2026-02-06,2026-02-06T12:00:00.000Z,2026-01-23,,,Date confirmed (fully confirmed with artist),2026-Q1,,28 colour silkscreen on Somerset Tub Sized Radiant White 410gsm with spray painted acrylic details,Confirmed,80 x 57 cm,"Signed and dated, bottom right, numbered bottom left",Signed by Artist,,Framed on order,Tier 1,,REPEAT,,,,,,,,,
2742,PEJAC-2742,Pejac,SELF-DEFENCE 1am (Special Edition),Confirmed,PejacRepeat26,6000,EUR,Confirmed,,6000,1,Confirmed,,,HFPE,Public,Timed,Silkscreen print,,n/a,09. Fully completed,,,,2026-02-06,2026-02-06T12:00:00.000Z,2026-01-23,,,Date confirmed (fully confirmed with artist),2026-Q1,,"28 colour silkscreen on Somerset Tub Sized Radiant White 410gsm, with luminescent and acrylic hand-painted details",Confirmed,80 x 57 cm,"Signed and dated, bottom right, numbered bottom left",Signed by Artist,true,Framed on order,Tier 1,,REPEAT,,,,,,,,,
2704,PEJAC-2704,Pejac,SELF-DEFENCE 2am,Confirmed,PejacRepeat26,3000,EUR,Confirmed,,63000,21,TL expected units pending,,,PE,Draw,Limited,Silkscreen print,,n/a,09. Fully completed,,,,2026-02-06,2026-02-06T12:00:00.000Z,2026-01-23,,,Date confirmed (fully confirmed with artist),2026-Q1,,28 colour silkscreen on Somerset Tub Sized Radiant White 410gsm with spray painted acrylic details,Confirmed,80 x 57 cm,"Signed and dated, bottom right, numbered bottom left",Signed by Artist,,Framed on order,Tier 1,,REPEAT,,,,,,,,,
2741,PEJAC-2741,Pejac,SELF-DEFENCE 2am (Special Edition),Confirmed,PejacRepeat26,6000,EUR,Confirmed,,6000,1,Confirmed,,,HFPE,Public,Timed,Silkscreen print,,n/a,09. Fully completed,,,,2026-02-06,2026-02-06T12:00:00.000Z,2026-01-23,,,Date confirmed (fully confirmed with artist),2026-Q1,,"28 colour silkscreen on Somerset Tub Sized Radiant White 410gsm, with luminescent and acrylic hand-painted details",Confirmed,80 x 57 cm,"Signed and dated, bottom right, numbered bottom left",Signed by Artist,true,Framed on order,Tier 1,,REPEAT,,,,,,,,,
2703,PEJAC-2703,Pejac,SELF-DEFENCE 3am,Confirmed,PejacRepeat26,3000,EUR,Confirmed,,63000,21,TL expected units pending,,,PE,Draw,Limited,Silkscreen print,,n/a,09. Fully completed,,,,2026-02-06,2026-02-06T12:00:00.000Z,2026-01-23,,,Date confirmed (fully confirmed with artist),2026-Q1,,28 colour silkscreen on Somerset Tub Sized Radiant White 410gsm with spray painted acrylic details,Confirmed,80 x 57 cm,"Signed and dated, bottom right, numbered bottom left",Signed by Artist,,Framed on order,Tier 1,,REPEAT,,,,,,,,,
2740,PEJAC-2740,Pejac,SELF-DEFENCE 3am (Special Edition),Confirmed,PejacRepeat26,6000,EUR,Confirmed,,6000,1,Confirmed,,,HFPE,Public,Timed,Silkscreen print,,n/a,09. Fully completed,,,,2026-02-06,2026-02-06T12:00:00.000Z,2026-01-23,,,Date confirmed (fully confirmed with artist),2026-Q1,,"28 colour silkscreen on Somerset Tub Sized Radiant White 410gsm, with luminescent and acrylic hand-painted details",Confirmed,80 x 57 cm,"Signed and dated, bottom right, numbered bottom left",Signed by Artist,true,Framed on order,Tier 1,,REPEAT,,,,,,,,,
2429,PEJAC-2429,Pejac,SELF-DEFENCE Set (Northern Lights),Confirmed,PejacRepeat26,12000,EUR,Confirmed,,288000,24,TL expected units pending,,,HFPE,Public,Timed,Silkscreen print,,n/a,09. Fully completed,,,,2026-02-06,2026-02-06T12:00:00.000Z,2026-01-23,,,Date confirmed (fully confirmed with artist),2026-Q1,,"1 x 28 colour silkscreen on Somerset Tub Sized Radiant White 410gsm, with luminescent and acrylic hand-painted details 2 x 28 colour silkscreen on Somerset Tub Sized Radiant White 410gsm with spray painted acrylic details",Confirmed,80 x 57 cm,"Signed and dated, bottom right, numbered bottom left",Signed by Artist,true,Framed on order,Tier 1,,REPEAT,,,,,,,,,
2876,PEJAC-2876,Pejac,SELF-DEFENCE Set (Standard Editions),Confirmed,,9000,EUR,Confirmed,,0,,TL expected units pending,,,PE,Public,Limited,Silkscreen print,,,09. Fully completed,,,,2026-02-06,2026-02-06T12:00:00.000Z,2026-01-23,,,Date confirmed (fully confirmed with artist),2026-Q1,true,2 x 28 colour silkscreen on Somerset Tub Sized Radiant White 410gsm with spray painted acrylic details,,80 x 57 cm,Signed by the artist. Individually numbered.,,,Framed on order,Tier 1,,REPEAT,,,,,,,,,
1502,MARINAABR-1502,Marina Abramović,Maria/Marina,Confirmed,MarinaAbr-1502,675,EUR,Confirmed,,724275,1073,Confirmed,1000,,TL,Timed,Limited,Hybrid print,,48 hours,09. Fully completed,,,,2026-02-10,2026-02-10T17:00:00.000Z,2026-01-13,,2026-02-12,Date confirmed (fully confirmed with artist),2026-Q1,,Archival pigment print on 410gsm Somerset Tub Sized Radiant White paper with a matte varnish seal,Confirmed,45.7 x 34.3cm,"Signed bottom right hand corner by artist, numbered bottom left (by warehouse)",Signed by Artist,,Framed on order,Tier 1,Standard contemporary,REPEAT,,,,,,,,,
2388,KATHARINA-2388,Katharina Grosse,Untitled,Confirmed,KatharinaTL25,1000,EUR,Confirmed,,247000,247,TL expected units pending,150,,TL,Timed,Limited,Silkscreen print,,7 days,09. Fully completed,,,,2026-02-13,2025-12-02T14:00:00.000Z,2026-01-22,,2026-02-20,Date confirmed (fully confirmed with artist),2026-Q1,,25 colour silkscreen on 410gsm Somerset Tub Sized Radiant White paper,Confirmed,70 x 49.4 cm,Signed with year. Individually numbered.,Signed by Artist,,Framed on order,Tier 2,,REPEAT,,,,,,,,,
2389,KATHARINA-2389,Katharina Grosse,Untitled,Confirmed,KatharinaTL25,1000,EUR,Confirmed,,208000,208,TL expected units pending,150,,TL,Timed,Limited,Silkscreen print,,7 days,09. Fully completed,,,,2026-02-13,2025-12-02T14:00:00.000Z,2026-01-22,,2026-02-20,Date confirmed (fully confirmed with artist),2026-Q1,,25 colour silkscreen on 410gsm Somerset Tub Sized Radiant White paper,Confirmed,70 x 50 cm,Signed with year. Individually numbered.,Signed by Artist,,Framed on order,Tier 2,,REPEAT,,,,,,,,,
2099,KATHARINA-2099,Katharina Grosse,Untitled,Confirmed,KatharinaTL25,1000,EUR,Confirmed,,216000,216,TL expected units pending,150,,TL,Timed,Limited,Silkscreen print,,7 days,09. Fully completed,,,,2026-02-13,2025-12-02T14:00:00.000Z,2026-01-22,,2026-02-20,Date confirmed (fully confirmed with artist),2026-Q1,,26 colour silkscreen on 410gsm Somerset Tub Sized Radiant White paper,Confirmed,70 x 50 cm,Signed with year. Individually numbered.,Signed by Artist,,Framed on order,Tier 2,,REPEAT,,,,,,,,,
2746,KATHARINA-2746,Katharina Grosse,Untitled Triptych,Confirmed,KatharinaTL25,2700,EUR,Confirmed,,0,,TL expected units pending,,,TL,Timed,Limited,Silkscreen print,,7 days,09. Fully completed,,,,2026-02-13,2025-12-02T14:00:00.000Z,2026-01-22,,2026-02-20,Date confirmed (fully confirmed with artist),2026-Q1,,25 colour silkscreen on 410gsm Somerset Tub Sized Radiant White paper,Confirmed,70 x 50 cm,Signed with year. Individually numbered.,Signed by Artist,,Framed on order,Tier 2,,REPEAT,,,,,,,,,
2521,MANRAY-2521,Man Ray,Diptych - 2468 & 2469,Confirmed,ManRayTL25,800,EUR,Confirmed,,0,,TL expected units confirmed,,,TL,Timed,Limited,Digital print,,48 hours,09. Fully completed,,,,2026-02-17,2026-02-17T16:00:00.000Z,2026-01-20,,2026-02-19,Date confirmed (fully confirmed with artist),2026-Q1,,Archival pigment print on 410gsm Somerset Tub Sized Radiant White paper with a matte varnish seal and a bespoke debossed archive stamp,Confirmed,"30.3 x 36.5cm , 29.7 x 36.5cm (Larmes de Verre)",,,,Framed on order,Tier 3,,REPEAT,,,,,,,,,
2468,MANRAY-2468,Man Ray,Larmes de Verre,Confirmed,ManRayTL25,400,EUR,Confirmed,,89600,224,Confirmed,250,,TL,Timed,Limited,Digital print,,48 hours,09. Fully completed,,,,2026-02-17,2026-02-17T16:00:00.000Z,2026-01-20,,2026-02-19,Date confirmed (fully confirmed with artist),2026-Q1,,Archival pigment print on 410gsm Somerset Tub Sized Radiant White paper with a matte varnish seal and a bespoke debossed archive stamp,Confirmed,29.7 x 36.5cm,"Authenticated bottom right hand corner with a bespoke debossed archive stamp, numbered bottom left",Signed with stamp,,Framed on order,Tier 3,,REPEAT,,,,,,,,,
2461,MANRAY-2461,Man Ray,Le Violon d’Ingres,Confirmed,ManRayTL25,600,EUR,Confirmed,,75600,126,Confirmed,250,,TL,Timed,Limited,Digital print,,48 hours,09. Fully completed,,,,2026-02-17,2026-02-17T16:00:00.000Z,2026-01-20,,2026-02-19,Date confirmed (fully confirmed with artist),2026-Q1,,Archival pigment print on 410gsm Somerset Tub Sized Radiant White paper with a matte varnish seal and a bespoke debossed archive stamp,Confirmed,60 x 48.2cm,"Authenticated bottom right hand corner with a bespoke debossed archive stamp, numbered bottom left",Signed with stamp,,Framed on order,Tier 3,,REPEAT,,,,,,,,,
2469,MANRAY-2469,Man Ray,Noire et Blanche,Confirmed,ManRayTL25,400,EUR,Confirmed,,54800,137,Confirmed,250,,TL,Timed,Limited,Digital print,,48 hours,09. Fully completed,,,,2026-02-17,2026-02-17T16:00:00.000Z,2026-01-20,,2026-02-19,Date confirmed (fully confirmed with artist),2026-Q1,,Archival pigment print on 410gsm Somerset Tub Sized Radiant White paper with a matte varnish seal and a bespoke debossed archive stamp,Confirmed,30.3 x 36.5cm,"Authenticated bottom right hand corner with a bespoke debossed archive stamp, numbered bottom left",Signed with stamp,,Framed on order,Tier 3,,REPEAT,,,,,,,,,
2520,MANRAY-2520,Man Ray,"Set of 3 - 2461, 2468 & 2469",Confirmed,ManRayTL25,1400,EUR,Confirmed,,0,,TL expected units confirmed,,,TL,Timed,Limited,Digital print,,48 hours,09. Fully completed,,,,2026-02-17,2026-02-17T16:00:00.000Z,2026-01-20,,2026-02-19,Date confirmed (fully confirmed with artist),2026-Q1,,Archival pigment print on 410gsm Somerset Tub Sized Radiant White paper with a matte varnish seal and a bespoke debossed archive stamp,Confirmed,,,,,Framed on order,Tier 3,,REPEAT,,,,,,,,,
2247,MAURIZIOC-2247,Maurizio Cattelan,Window,Confirmed,MaurizioCLE26,1500,EUR,Confirmed,,450000,300,Confirmed,,,PE,Draw,Limited,Hybrid print,,,09. Fully completed,,,,2026-02-20,2025-04-01T16:00:00.000Z,2026-01-26,,,Date confirmed (fully confirmed with artist),2026-Q1,true,"Archival pigment print on 410gsm Somerset Tub Sized Radiant White paper, with four silkscreen layers and matte varnish seal",Confirmed,63 x 51.6 cm,Signed lower right hand corner.,Signed by Artist,,Framed on order,Tier 1,,REPEAT,,,,,,,,,
2351,JEAN-MICHE-2351,Jean-Michel Othoniel,Kokoro (gold),Confirmed,JeanMichelLE25,3500,EUR,Confirmed,,210000,60,Confirmed,,,SE,Draw,Limited,Mid cost 3D edition,,n/a,04. In production,,,,2026-03-03,2026-03-03T12:00:00.000Z,2026-02-02,,,Date confirmed (fully confirmed with artist),2026-Q1,true,Gold-plated polished brass sculpture on a nickel-plated brass base,Confirmed,24.3 x 21.4 x 12.3cm,Signature & number engraved under the base of the sculpture,Engraved signature,,No framing option,Tier 2,,REPEAT,,,,,,,,,
1911,JEAN-MICHE-1911,Jean-Michel Othoniel,Kokoro (red),Confirmed,JeanMichelLE25,3500,EUR,Confirmed,,210000,60,Confirmed,,,SE,Draw,Limited,Mid cost 3D edition,,n/a,04. In production,,,,2026-03-03,2026-03-03T12:00:00.000Z,2026-02-02,,,Date confirmed (fully confirmed with artist),2026-Q1,true,Gold-plated polished brass sculpture with red tint on a nickel-plated brass base,Confirmed,24.3 x 21.4 x 12.3cm,Signature & number engraved under the base of the sculpture,Engraved signature,,No framing option,Tier 2,,REPEAT,,,,,,,,,
2711,EMCOOPER-2711,Em Cooper,Early in the Morning,Confirmed,EmCooperTL25,500,EUR,Confirmed,,17500,35,TL expected units confirmed,100,,TL,Timed,Limited,Digital print,,48 hours,09. Fully completed,,,,2026-03-04,2026-03-04T14:00:00.000Z,,,2026-03-06,Date confirmed (fully confirmed with artist),2026-Q1,,13-layer textured archival pigment print with matte varnish seal. Printed on Somerset TS White 410gsm paper,Confirmed,65 x 41cm,"Signed and numbered bottom left, stamped bottom right",Signed by Artist,,Framed on order,Tier 3,,REPEAT,,,,,,,,,
2869,EMCOOPER-2869,Em Cooper,Early in the Morning & In the Middle of a Dream,Confirmed,EmCooperTL25,1000,EUR,Confirmed,,0,,Confirmed,,,TL,Timed,Limited,Digital print,,48 hours,09. Fully completed,,,,2026-03-04,2026-03-04T14:00:00.000Z,,,2026-03-06,Date confirmed (fully confirmed with artist),2026-Q1,,13-layer textured archival pigment print with matte varnish seal. Printed on Somerset TS White 410gsm paper,Confirmed,65 x 41cm,"Signed and numbered bottom left, stamped bottom right",,,Framed on order,Tier 3,,REPEAT,,,,,,,,,
2366,EMCOOPER-2366,Em Cooper,In the Middle of a Dream,Confirmed,EmCooperTL25,500,EUR,Confirmed,,17500,35,TL expected units confirmed,100,,TL,Timed,Limited,Digital print,,48 hours,09. Fully completed,,,,2026-03-04,2026-03-04T14:00:00.000Z,,,2026-03-06,Date confirmed (fully confirmed with artist),2026-Q1,,13-layer textured archival pigment print with matte varnish seal. Printed on Somerset TS White 410gsm paper,Confirmed,65 x 41cm,"Signed and numbered bottom left, stamped bottom right",Signed by Artist,,Framed on order,Tier 3,,REPEAT,,,,,,,,,
2121,JEFFKOONS-2121,Jeff Koons,Split-Rocker (Wood) Pink/Blue,Confirmed,JeffKoonsLE25,3000,EUR,Confirmed,,999000,333,Confirmed,,,SE,Draw,Limited,Mid cost 3D edition,,,04. In production,,,,2026-03-17,,2026-02-18,,,Date confirmed (fully confirmed with artist),2026-Q1,true,Tinted beech wood sculpture,Confirmed,30 x 28.7 x 32.4cm,"Signature, edition number & date engraved on base of sculpture",Engraved signature,,No framing option,Tier 1,,REPEAT,,,,,,,,,
2336,JEFFKOONS-2336,Jeff Koons,Split-Rocker (Wood) Pink/Orange,Confirmed,JeffKoonsLE25,3000,EUR,Confirmed,,999000,333,Confirmed,,,SE,Draw,Limited,Mid cost 3D edition,,,04. In production,,,,2026-03-17,,2026-02-18,,,Date confirmed (fully confirmed with artist),2026-Q1,true,Tinted beech wood sculpture,Confirmed,30 x 28.7 x 32.4cm,"Signature, edition number & date engraved on base of sculpture",Engraved signature,,No framing option,Tier 1,,REPEAT,,,,,,,,,
2915,JEFFKOONS-2915,Jeff Koons,[Pair] Split-Rocker (Wood) Pink/Blue & Pink/Orange,Confirmed,JeffKoonsLE25,6000,EUR,Confirmed,,0,,Confirmed,,,SE,TBC (Pre-order),Limited,Mid cost 3D edition,,,04. In production,,,,2026-03-17,,2026-02-18,,,Date confirmed (fully confirmed with artist),2026-Q1,true,Tinted beech wood sculpture,Confirmed,30 x 28.7 x 32.4cm each,"Signature, edition number & date engraved on base of sculpture",Engraved signature,,No framing option,Tier 1,,REPEAT,,,,,,,,,
2531,MICKALENE-2531,Mickalene Thomas,A Moment’s Pleasure 2,Confirmed,MickaleneTTL26,795,EUR,Confirmed,,451560,568,TL expected units confirmed,400,,TL,Timed,Limited,Hybrid print,,48 hours,09. Fully completed,,,,2026-03-17,,2026-02-19,,2026-03-19,Date confirmed (fully confirmed with artist),2026-Q1,,"Archival pigment print on 410gsm Somerset Tub Sized Radiant White paper with 10 silkscreen layers, including metallic shimmer and glitter layers, gloss varnish and a matte varnish seal",Confirmed,53.1 x 60cm,"Signed & dated bottom right, numbered bottom left",Signed by Artist,,Framed on order,Tier 1,,REPEAT,,,,,,,,,
2396,MICKALENE-2396,Mickalene Thomas,Girlfriends & Lovers,Confirmed,MickaleneTTL26,795,EUR,Confirmed,,224985,283,TL expected units confirmed,400,,TL,Timed,Limited,Hybrid print,,48 hours,09. Fully completed,,,,2026-03-17,,2026-02-20,,2026-03-19,Date confirmed (fully confirmed with artist),2026-Q1,,"Archival pigment print on 410gsm Somerset Tub Sized Radiant White paper with 8 silkscreen layers, including metallic shimmer layers, gloss varnish and a matte varnish seal",Confirmed,53.9 x 70.0cm,"Signed & dated bottom right, numbered bottom left",Signed by Artist,,Framed on order,Tier 1,,REPEAT,,,,,,,,,
2532,MICKALENE-2532,Mickalene Thomas,La Maison de Monet,Confirmed,MickaleneTTL26,795,EUR,Confirmed,,163770,206,TL expected units confirmed,400,,TL,Timed,Limited,Hybrid print,,48 hours,09. Fully completed,,,,2026-03-17,,2026-02-19,,2026-03-19,Date confirmed (fully confirmed with artist),2026-Q1,,"Archival pigment print on 410gsm Somerset Tub Sized Radiant White paper with 10 silkscreen layers, including CMYK silkscreen panels, silkscreen metallic shimmer, gloss varnish and a matte varnish seal",Confirmed,41.8 x 70cm,"Signed & dated bottom right, numbered bottom leftright",Signed by Artist,,Framed on order,Tier 1,,REPEAT,,,,,,,,,
2530,MICKALENE-2530,Mickalene Thomas,Portrait of Qusuquzah 8,Confirmed,MickaleneTTL26,795,EUR,Confirmed,,78705,99,TL expected units confirmed,400,,TL,Timed,Limited,Hybrid print,,48 hours,09. Fully completed,,,,2026-03-17,,2026-02-19,,2026-03-19,Date confirmed (fully confirmed with artist),2026-Q1,,"Archival pigment print on 410gsm Somerset Tub Sized Radiant White paper with 6 silkscreen layers, including metallic shimmer layers, gloss varnish and a matte varnish seal.",Confirmed,65.0 x 53.2cm,"Signed & dated bottom right, numbered bottom left",Signed by Artist,,Framed on order,Tier 1,,REPEAT,,,,,,,,,
2866,MICKALENE-2866,Mickalene Thomas,[Set of 2] Girlfriends & Lovers and A Moments Pleasure 2,Confirmed,MickaleneTTL26,1590,EUR,Confirmed,,0,,Confirmed,,,TL,Timed,Limited,Hybrid print,,48 hours,09. Fully completed,,,,2026-03-17,,2026-02-19,,2026-03-19,Date confirmed (fully confirmed with artist),2026-Q1,,,Pending,53.9 x 70.0cm / 53.1 x 60cm,"Signed & dated bottom right, numbered bottom left",Signed by Artist,,Framed on order,Tier 1,,REPEAT,,,,,,,,,
2867,MICKALENE-2867,Mickalene Thomas,[Set of 2] La Maison de Monet and Portrait of Qusuquzah 8,Confirmed,MickaleneTTL26,1590,EUR,Confirmed,,0,,Confirmed,,,TL,Timed,Limited,Hybrid print,,48 hours,09. Fully completed,,,,2026-03-17,,2026-02-19,,2026-03-19,Date confirmed (fully confirmed with artist),2026-Q1,,,Pending,41.6 x 70cm / 65.0 x 53.2cm,"Signed & dated bottom right, numbered bottom left",Signed by Artist,,Framed on order,Tier 1,,REPEAT,,,,,,,,,
2865,MICKALENE-2865,Mickalene Thomas,"[Set of 4] Girlfriends & Lovers, Portrait of Qusuquzah 8, A Moment’s Pleasure 2, La Maison de Monet",Confirmed,MickaleneTTL26,3180,EUR,Confirmed,,0,,Confirmed,,,TL,Timed,Limited,Hybrid print,,48 hours,09. Fully completed,,,,2026-03-17,,2026-02-19,,2026-03-19,Date confirmed (fully confirmed with artist),2026-Q1,,,Pending,53.9 x 70.0cm / 53.1 x 60cm / 41.6 x 70cm / 65.0 x 53.2cm,"Signed & dated bottom right, numbered bottom left",Signed by Artist,,Framed on order,Tier 1,,REPEAT,,,,,,,,,
2371,DRIFT-2371,DRIFT,Proto Nature I,Confirmed,DriftLE25,6000,EUR,Confirmed,,300000,50,Confirmed,40,,SE,Draw,Limited,Mid cost 3D edition,,n/a,07. QCd,,,,2026-03-19,2026-03-19T14:00:00.000Z,,,,Date confirmed (fully confirmed with artist),2026-Q1,true,"Quartz, copper, electronics, LEDs, optical fiber & plexiglass",Confirmed,25.8 x 50.8 x 9.5 cm,Studio stamp on back of artwork,Engraved signature,,No framing option,Tier 2,,REPEAT,,,,,,,,,
2771,MAURIZIOC-2771,Maurizio Cattelan,We are the Revolution (Gold Rush),Confirmed,MaurizioCGolden26,15000,EUR,Confirmed,,210000,14,Confirmed,,,SE,Private,Limited,High cost 3D edition,,,07. QCd,,,,2026-03-19,,,,,Date confirmed (fully confirmed with artist),2026-Q1,,"Individually hand-painted resin sculpture, mounted on a single nail, with eyes hand-painted in red by the artist. Comes with a bespoke, coffin-like box featuring a material lining and gold-painted details.",Confirmed,Sculpture: 23 x 6 x 6cm / Coffin: 26.6 x 10.9 x 8.8cm,Hand-written edition number on reverse of sculpture.,No authentication,,No framing option,Tier 1,,REPEAT,,,,,,,,,
2448,LUCTUYMAN-2448,Luc Tuymans,Bell Boy,Confirmed,LucTuymansLE26,1500,EUR,Confirmed,,150000,100,Confirmed,,,PE,Draw,Limited,Silkscreen print,,n/a,09. Fully completed,,,,2026-03-31,2026-03-31T15:00:00.000Z,,,,Date confirmed (fully confirmed with artist),2026-Q1,true,26 colour silkscreen print with matte varnish seal on Somerset Tub Sized Radiant White 410gsm paper,Confirmed,70 x 41.2 cm,signed/numbered/dated on front,Signed by Artist,,Framed on order,Tier 3,,REPEAT,,,,,,,,,
2001,GRANTRIVE-2001,Grant Riven Yun,High Fly Over the Valley,Confirmed,GrantRivenLE26,3500,EUR,Confirmed,,140000,40,Confirmed,,,PE,Draw,Limited,Silkscreen print,,,09. Fully completed,,,,2026-04-09,2026-04-09T16:00:00.000Z,,,,Date confirmed (fully confirmed with artist),2026-Q2,true,"27 colour silkscreen print, printed in 48 layers on 410gsm Somerset Tub Sized paper",Confirmed,75 x 56.3cm,"Signed on the lower right hand corner, numbered bottom left.",Signed by Artist,,Framed on order,Tier 2,,REPEAT,,,,,,,,,
2512,GRANTRIVE-2512,Grant Riven Yun,Wildflowers,Confirmed,GrantRivenLE26,30000,EUR,Confirmed,,30000,1,Confirmed,,,PE,Private,Limited,Digital print,,,10. Hold/Wait,,,,2026-04-09,2026-04-09T16:00:00.000Z,,,,Date confirmed (fully confirmed with artist),2026-Q2,,Archival pigment print with a matte varnish seal on 410gsm Somerset Tub Sized White paper,Confirmed,TBC - Collectors can choose post purchase. Ranging from 70-100cm.,Signed lower right hand corner.,Signed by Artist,,Full Edition Framed,Tier 2,,REPEAT,,,,,,,,,
2507,LUCIANFRE-2507,Lucian Freud,"Double Portrait, 1988-90",Confirmed,LucianFreudTL26,500,EUR,Confirmed,,31500,63,Confirmed,120,,TL,Timed,Limited,Digital print,,48 hours,09. Fully completed,,,,2026-04-14,2026-04-14T13:00:00.000Z,2026-03-16,,2026-04-16,Date confirmed (fully confirmed with artist),2026-Q2,,Archival pigment print on 310gsm Hahnemühle German Etching paper,Confirmed,50 x 58.9 cm,Authenticated with a bespoke debossed Lucian Freud Archive stamp (lower right corner).,Signed with stamp,,Framed on order,Tier 3,,REPEAT,,,,,,,,,
2829,LUCIANFRE-2829,Lucian Freud,"Girl in Bed, 1953",Confirmed,LucianFreudTL26,500,EUR,Confirmed,,40000,80,Confirmed,120,,TL,Timed,Limited,Digital print,,48 hours,09. Fully completed,,,,2026-04-14,2026-04-14T13:00:00.000Z,2026-03-16,,2026-04-16,Date confirmed (fully confirmed with artist),2026-Q2,,Archival pigment print on 310gsm Hahnemühle German Etching paper,Confirmed,48.8 x 35.4 cm,Authenticated with a bespoke debossed Lucian Freud Archive stamp (lower right corner).,Signed with stamp,,Framed on order,Tier 3,,REPEAT,,,,,,,,,
2813,LUCIANFRE-2813,Lucian Freud,"Reflection with Two Children (Self-portrait), 1965",Confirmed,LucianFreudTL26,500,EUR,Confirmed,,27500,55,Confirmed,120,,TL,Timed,Limited,Digital print,,48 hours,09. Fully completed,,,,2026-04-14,2026-04-14T13:00:00.000Z,2026-03-16,,2026-04-16,Date confirmed (fully confirmed with artist),2026-Q2,,Archival pigment print on 310gsm Hahnemühle German Etching paper,Confirmed,49.5 x 50 cm,Authenticated with a bespoke debossed Lucian Freud Archive stamp (lower right corner).,Signed with stamp,,Framed on order,Tier 3,,REPEAT,,,,,,,,,
2830,LUCIANFRE-2830,Lucian Freud,"Self-portrait, Reflection, 2002",Confirmed,LucianFreudTL26,500,EUR,Confirmed,,24000,48,Confirmed,120,,TL,Timed,Limited,Digital print,,48 hours,09. Fully completed,,,,2026-04-14,2026-04-14T13:00:00.000Z,2026-03-16,,2026-04-16,Date confirmed (fully confirmed with artist),2026-Q2,,Archival pigment print on 310gsm Hahnemühle German Etching paper,Confirmed,48.8 x 39.4 cm,Authenticated with a bespoke debossed Lucian Freud Archive stamp (lower right corner).,Signed with stamp,,Framed on order,Tier 3,,REPEAT,,,,,,,,,
2875,LUCIANFRE-2875,Lucian Freud,"[Pair] Double Portrait, 1988-90, Self-portrait, Reflection, 2002",Confirmed,LucianFreudTL26,1000,EUR,Confirmed,,0,,Confirmed,,,TL,Timed,Limited,Digital print,,48 hours,09. Fully completed,,,,2026-04-14,2026-04-14T13:00:00.000Z,2026-03-16,,2026-04-16,Date confirmed (fully confirmed with artist),2026-Q2,,Archival pigment print on 310gsm Hahnemühle German Etching paper,,,,,,Framed on order,Tier 3,,REPEAT,,,,,,,,,
2874,LUCIANFRE-2874,Lucian Freud,"[Pair] Girl in Bed, 1953, Reflection with Two Children (Self-portrait), 1965",Confirmed,LucianFreudTL26,1000,EUR,Confirmed,,0,,Confirmed,,,TL,Timed,Limited,Digital print,,48 hours,09. Fully completed,,,,2026-04-14,2026-04-14T13:00:00.000Z,2026-03-16,,2026-04-16,Date confirmed (fully confirmed with artist),2026-Q2,,Archival pigment print on 310gsm Hahnemühle German Etching paper,,,,,,Framed on order,Tier 3,,REPEAT,,,,,,,,,
2873,LUCIANFRE-2873,Lucian Freud,"[Quartet] Double Portrait, 1988-90, Reflection with Two Children (Self-portrait), 1965, Girl in Bed, 1953, Self-portrait, Reflection, 2002",Confirmed,LucianFreudTL26,2000,EUR,Confirmed,,0,,Confirmed,,,TL,Timed,Limited,Digital print,,48 hours,09. Fully completed,,,,2026-04-14,2026-04-14T13:00:00.000Z,2026-03-16,,2026-04-16,Date confirmed (fully confirmed with artist),2026-Q2,,Archival pigment print on 310gsm Hahnemühle German Etching paper,,,,,,Framed on order,Tier 3,,REPEAT,,,,,,,,,
2408,AIWEIWEI-2408,Ai Weiwei,Blue Arm,Confirmed,AiWeiweiFingerSE25,1650,EUR,Confirmed,,165000,100,Confirmed,,,SE,Draw,Limited,Mid cost 3D edition,,,04. In production,,,,2026-04-22,2026-04-22T13:00:00.000Z,2026-03-31,,,Date confirmed (fully confirmed with artist),2026-Q2,,Painted aluminium sculpture with glow-in-the-dark paint details on tinted (MDF) wood backing,Confirmed,39.1 x 75.5 x 2.8cm,Signature & numbering engraved on the back of the sculptures,Engraved signature,,No framing option,Tier 1,,REPEAT,,,,,,,,,
2686,AIWEIWEI-2686,Ai Weiwei,Red Arm,Confirmed,AiWeiweiFingerSE25,1650,EUR,Confirmed,,165000,100,Confirmed,,,SE,Draw,Limited,Mid cost 3D edition,,,04. In production,,,,2026-04-22,2026-04-22T13:00:00.000Z,2026-03-31,,,Date confirmed (fully confirmed with artist),2026-Q2,,Painted aluminium sculpture with glow-in-the-dark paint details on tinted (MDF) wood backing,Confirmed,39.1 x 75.5 x 2.8cm,Signature & numbering engraved on the back of the sculptures,Engraved signature,,No framing option,Tier 1,,REPEAT,,,,,,,,,
2755,AIWEIWEI-2755,Ai Weiwei,Red Arm & Blue Arm [Pair],Confirmed,AiWeiweiFingerSE25,3300,EUR,Confirmed,,0,,Confirmed,,,SE,Draw,Limited,Mid cost 3D edition,,,04. In production,,,,2026-04-22,2026-04-22T13:00:00.000Z,2026-03-31,,,Date confirmed (fully confirmed with artist),2026-Q2,,Painted aluminium sculpture with glow-in-the-dark paint details on tinted (MDF) wood backing,Confirmed,39.1 x 75.5 x 2.8cm,Signature & numbering engraved on the back of the sculptures,Engraved signature,,No framing option,Tier 1,,REPEAT,,,,,,,,,
2748,MAURIZIOC-2748,Maurizio Cattelan,La Nona Ora,Confirmed,MaurizioNonaOra26,2200,EUR,Confirmed,,1465200,666,Confirmed,,,SE,Draw,Limited,Mid cost 3D edition,,,04. In production,,,,2026-04-23,2026-04-23T16:00:00.000Z,2026-04-02,,,Date confirmed (fully confirmed with artist),2026-Q2,true,"Individually hand-painted resin sculpture, with metal ferula",Confirmed,12.5 x 29.5 x 19cm,Hand-written edition number.,No authentication,,No framing option,Tier 1,,REPEAT,,,,,,,,,
2859,SHIRINNES-2859,Shirin Neshat,"Fervor, 2000",Confirmed,ShirinNeshatTL26,500,EUR,Confirmed,,21000,42,Confirmed,130,,TL,Timed,Limited,Digital print,,48 hours,09. Fully completed,,,,2026-04-28,2026-04-28T16:00:00.000Z,2026-04-07,,2026-04-30,Date confirmed (fully confirmed with artist),2026-Q2,true,Archival pigment print on Hahnemühle Photo Rag Bright White 310gsm paper.,Confirmed,22.8 x 42 cm,Signed/numbered/dated on front,Signed by Artist,,Framed on order,Tier 2,,REPEAT,,,,,,,,,
2860,SHIRINNES-2860,Shirin Neshat,"Untitled (Chest), from Unveiling series, 1993",Confirmed,ShirinNeshatTL26,800,EUR,Confirmed,,76800,96,Confirmed,130,,TL,Timed,Limited,Hybrid print,,48 hours,09. Fully completed,,,,2026-04-28,2026-04-28T16:00:00.000Z,2026-04-07,,2026-04-30,Date confirmed (fully confirmed with artist),2026-Q2,true,UV pigment print with matte varnish seal and silkscreen calligraphy layer on Somerset Tub Sized Radiant White 410gsm paper.,Confirmed,42 x 33.2 cm,Signed/numbered/dated on front,Signed by Artist,,Framed on order,Tier 2,,REPEAT,,,,,,,,,
2858,SHIRINNES-2858,Shirin Neshat,"Untitled, from Unveiling series, 1993",Confirmed,ShirinNeshatTL26,800,EUR,Confirmed,,52000,65,Confirmed,130,,TL,Timed,Limited,Hybrid print,,48 hours,09. Fully completed,,,,2026-04-28,2026-04-28T16:00:00.000Z,2026-04-07,,2026-04-30,Date confirmed (fully confirmed with artist),2026-Q2,true,UV pigment print with matte varnish seal and silkscreen calligraphy layer on Somerset Tub Sized Radiant White 410gsm paper.,Confirmed,42 x 32.7 cm,Signed/numbered/dated on front,Signed by Artist,,Framed on order,Tier 2,,REPEAT,,,,,,,,,
2387,SHIRINNES-2387,Shirin Neshat,"Untitled, from Women of Allah series, 1994",Confirmed,ShirinNeshatTL26,800,EUR,Confirmed,,111200,139,Confirmed,130,,TL,Timed,Limited,Hybrid print,,48 hours,09. Fully completed,,,,2026-04-28,2026-04-28T16:00:00.000Z,2026-04-07,,2026-04-30,Date confirmed (fully confirmed with artist),2026-Q2,true,UV pigment print with matte varnish seal and silkscreen calligraphy layer on Somerset Tub Sized Radiant White 410gsm paper.,Confirmed,42 x 36.7 cm,Signed/numbered/dated on front,Signed by Artist,,Framed on order,Tier 2,,REPEAT,,,,,,,,,
2317,GRAYSONPE-2317,Grayson Perry,The Changeling,Confirmed,GraysonPerryTL25,1000,EUR,Confirmed,,463000,463,Confirmed,600,,TL,Timed,Limited,Silkscreen print,,7 days,09. Fully completed,,,,2026-04-30,2026-04-30T13:00:00.000Z,2026-04-08,,2026-05-07,Date confirmed (fully confirmed with artist),2026-Q2,true,9 colour silkscreen on bespoke 410gsm Somerset Tub Sized Radiant White Rough Textured M-R 100% cotton paper,Confirmed,75 x 60.2 cm,Signed by the artist. Individually numbered.,Signed by Artist,,Framed on order,Tier 1,,REPEAT,,,,,,,,,
2341,PAULINSEC-2341,Paul Insect,Prismatic Visions,Confirmed,PaulnsectRepeat25,2000,EUR,Confirmed,,102000,51,Confirmed,100,,PE,Draw,Limited,Hybrid print,,n/a,09. Fully completed,,,,2026-04-30,2026-04-30T16:00:00.000Z,,,,Date confirmed (fully confirmed with artist),2026-Q2,true,"18-colour silkscreen printed in 32 layers, including bespoke metallic and fluorescent inks, printed on 410gsm Somerset Tub Sized Radiant White paper. Finished with raised texture created using UV-cured ink, with additional collage elements cut and applied by hand.",Confirmed,78 x 60 cm,Signed by the artist. Individually numbered.,Signed by Artist,,Framed on order,Tier 3,,REPEAT,,,,,,,,,
2750,MAURIZIOC-2750,Maurizio Cattelan,THERAPY,Confirmed,MaurizioTherapy26,800,EUR,Confirmed,,261600,327,Confirmed,,,PE,Draw,Limited,Hybrid print,,,09. Fully completed,,,,2026-05-05,2026-05-05T16:00:00.000Z,2026-04-13,,,Date confirmed (fully confirmed with artist),2026-Q2,true,"Silkscreen print with hand applied 22ct gold leaf, on Somerset Tub Sized White 310gsm paper with perforation and deckled edges",Confirmed,65 x 51 cm,Signed by the artist. Individually numbered.,Signed by Artist,,Framed on order,Tier 1,,REPEAT,,,,,,,,,
3001,JOELMESLE-3001,Joel Mesler,I Love You (Blue),Confirmed,JoelMeslerTL26,625,EUR,Confirmed,,18125,29,Confirmed,110,,TL,Timed,Limited,Hybrid print,,48 hours,05. Post production,,,,2026-05-20,2026-05-20T16:00:00.000Z,2026-04-21,,2026-05-22,Date confirmed (fully confirmed with artist),2026-Q2,true,"9 colour split fountain silkscreen with archival pigment print overlay and silkscreen printed metallic shimmer and high gloss varnish details, printed on Somerset Tub Sized Radiant White 410gsm paper",Confirmed,70 x 53.8 cm,signed/numbered/dated on front,Signed by Artist,,Framed on order,Tier 3,,REPEAT,,,,,,,,,
2715,JOELMESLE-2715,Joel Mesler,I Love You (Pink),Confirmed,JoelMeslerTL26,625,EUR,Confirmed,,20000,32,Confirmed,110,,TL,Timed,Limited,Hybrid print,,48 hours,05. Post production,,,,2026-05-20,2026-05-20T16:00:00.000Z,2026-04-21,,2026-05-22,Date confirmed (fully confirmed with artist),2026-Q2,true,"9 colour split fountain silkscreen with archival pigment print overlay and silkscreen printed metallic shimmer and high gloss varnish details, printed on Somerset Tub Sized Radiant White 410gsm paper",Confirmed,70 x 53.8 cm,signed/numbered/dated on front,Signed by Artist,,Framed on order,Tier 3,,REPEAT,,,,,,,,,
3002,JOELMESLE-3002,Joel Mesler,I Love You (Purple),Confirmed,JoelMeslerTL26,625,EUR,Confirmed,,15000,24,Confirmed,110,,TL,Timed,Limited,Hybrid print,,48 hours,05. Post production,,,,2026-05-20,2026-05-20T16:00:00.000Z,2026-04-21,,2026-05-22,Date confirmed (fully confirmed with artist),2026-Q2,true,"9 colour split fountain silkscreen with archival pigment print overlay and silkscreen printed metallic shimmer and high gloss varnish details, printed on Somerset Tub Sized Radiant White 410gsm paper",Confirmed,70 x 53.8 cm,signed/numbered/dated on front,Signed by Artist,,Framed on order,Tier 3,,REPEAT,,,,,,,,,
3003,JOELMESLE-3003,Joel Mesler,I Love You (Yellow),Confirmed,JoelMeslerTL26,625,EUR,Confirmed,,3750,6,Confirmed,110,,TL,Timed,Limited,Hybrid print,,48 hours,05. Post production,,,,2026-05-20,2026-05-20T16:00:00.000Z,2026-04-21,,2026-05-22,Date confirmed (fully confirmed with artist),2026-Q2,true,"9 colour split fountain silkscreen with archival pigment print overlay and silkscreen printed metallic shimmer and high gloss varnish details, printed on Somerset Tub Sized Radiant White 410gsm paper",Confirmed,70 x 53.8 cm,signed/numbered/dated on front,Signed by Artist,,Framed on order,Tier 3,,REPEAT,,,,,,,,,
2293,EDDIEMART-2293,Eddie Martinez,Olive Garden,Confirmed,EddieMartLE25,1250,EUR,Confirmed,,250000,200,Confirmed,,,PE,Draw,Limited,Hybrid print,,n/a,09. Fully completed,,,,2026-05-22,2026-05-22T16:00:00.000Z,2026-04-24,,,Date confirmed (fully confirmed with artist),2026-Q2,true,UV pigment print with matte varnish seal and 3 silkscreen layers on Somerset Tub Sized Radiant White 410gsm paper.,Confirmed,70 x 59.3 cm,signed/numbered/dated on front,Signed by Artist,,Framed on order,Tier 3,,REPEAT,,,,,,,,,
1822,TAKASHIMU-1822,Takashi Murakami,"Flowers of Heaven, 2018",Confirmed,TakashiMuLE26,700,EUR,Confirmed,,210000,300,Confirmed,,,PE,Draw,Timed,Hybrid print,,,07. QCd,,,,2026-05-27,2026-05-27T16:00:00.000Z,2026-05-01,,,Date confirmed (fully confirmed with artist),2026-Q2,,Archival pigment print with silkscreen high gloss details on Hahnemühle Photo Rag 308gsm paper.,Confirmed,66 x 66 cm,signed/numbered/dated on front,Signed by Artist,,Framed on order,Tier 1,,REPEAT,,,,,,,,,
2472,TAKASHIMU-2472,Takashi Murakami,Lollipop Flowers Rainbow,Confirmed,TakashiMuLE26,700,EUR,Confirmed,,210000,300,Confirmed,,,PE,Draw,Limited,Hybrid print,,,07. QCd,,,,2026-05-27,2026-05-27T16:00:00.000Z,2026-04-29,,,Date confirmed (fully confirmed with artist),2026-Q2,true,Archival pigment print with silkscreen high gloss details on Hahnemühle Photo Rag 308gsm paper.,Confirmed,66 x 66 cm,signed/numbered/dated on front,Signed by Artist,,Framed on order,Tier 1,,REPEAT,,,,,,,,,
2473,TAKASHIMU-2473,Takashi Murakami,"Mid-summer Pandas Golden Sky, 2021",Confirmed,TakashiMuLE26,700,EUR,Confirmed,,210000,300,Confirmed,,,PE,Draw,Limited,Hybrid print,,,07. QCd,,,,2026-05-27,2026-05-27T16:00:00.000Z,2026-04-29,,,Date confirmed (fully confirmed with artist),2026-Q2,true,Archival pigment print with silkscreen sparkle and high gloss details on Hahnemühle Photo Rag 308gsm paper.,Confirmed,66 x 66 cm,signed/numbered/dated on front,Signed by Artist,,Framed on order,Tier 1,,REPEAT,,,,,,,,,
2474,TAKASHIMU-2474,Takashi Murakami,"Tan Tan Bo Communicating with Someone, Somewhere in the Universe, 2014",Confirmed,TakashiMuLE26,700,EUR,Confirmed,,210000,300,Confirmed,,,PE,Draw,Limited,Hybrid print,,,07. QCd,,,,2026-05-27,2026-05-27T16:00:00.000Z,2026-04-29,,,Date confirmed (fully confirmed with artist),2026-Q2,true,Archival pigment print with silkscreen high gloss details on Hahnemühle Photo Rag 308gsm paper.,Confirmed,66 x 66 cm,signed/numbered/dated on front,Signed by Artist,,Framed on order,Tier 1,,REPEAT,,,,,,,,,
2998,TAKASHIMU-2998,Takashi Murakami,"[Set of 4] Flowers of Heaven, 2018, Lollipop Flowers Rainbow, Mid-summer Pandas Golden Sky, 2021, Tan Tan Bo Communicating with Someone, Somewhere in the Universe, 2014",Confirmed,TakashiMuLE26,2800,EUR,Confirmed,,0,,Confirmed,,,PE,Draw,Limited,Hybrid print,,,07. QCd,,,,2026-05-27,2026-05-27T16:00:00.000Z,2026-04-29,,,Date confirmed (fully confirmed with artist),2026-Q2,true,,,,,,,,Tier 1,,REPEAT,,,,,,,,,
2727,ANNIALBER-2727,Anni Albers,"Study for A, 1968",Confirmed,AlbersLE26,400,EUR,Confirmed,,88000,220,Confirmed,,,PE,Draw,Limited,Silkscreen print,,,07. QCd,,,,2026-05-28,,2026-04-30,,,Date confirmed (fully confirmed with artist),2026-Q2,true,5 colour silkscreen print on 410gsm Somerset Tub Sized Satin White paper.,Confirmed,44.1 x 37cm,Authenticated with a bespoke embossed Josef & Anni Albers Foundation stamp.,Signed with stamp,,Framed on order,Tier 3,,REPEAT,,,,,,,,,
2726,ANNIALBER-2726,Anni Albers,"Study for TR I, ca. 1969",Confirmed,AlbersLE26,400,EUR,Confirmed,,77200,193,Confirmed,,,PE,Draw,Limited,Silkscreen print,,,07. QCd,,,,2026-05-28,,2026-04-27,,,Date confirmed (fully confirmed with artist),2026-Q2,true,6 colour silkscreen print on 410gsm Somerset Tub Sized Satin White paper.,Confirmed,44.1 x 54.5cm,Authenticated with a bespoke embossed Josef & Anni Albers Foundation stamp.,Signed with stamp,,Framed on order,Tier 3,,REPEAT,,,,,,,,,
2994,ANNIALBER-2994,Anni Albers,"Study for TR I, ca. 1969 & Study for A, 1968",Confirmed,AlbersLE26,800,EUR,,,0,,,,,PE,Draw,Limited,Silkscreen print,,,07. QCd,,,,2026-05-28,,2026-04-30,,,Date confirmed (fully confirmed with artist),2026-Q2,true,Silkscreen,,,,,,Framed on order,Tier 3,,REPEAT,,,,,,,,,
2729,JOSEFALBE-2729,Josef Albers,Homage to the Square (Red),Confirmed,AlbersLE26,600,EUR,Confirmed,,150000,250,Confirmed,,,PE,Draw,Limited,Silkscreen print,,,04. In production,,,,2026-05-28,,2026-04-30,,,Date confirmed (fully confirmed with artist),2026-Q2,true,4 colour silkscreen print on 410gsm Somerset Tub Sized Satin White paper.,Confirmed,60 x 60cm,Authenticated with a bespoke embossed Josef & Anni Albers Foundation stamp.,Signed with stamp,,Framed on order,Tier 2,,REPEAT,,,,,,,,,
2728,JOSEFALBE-2728,Josef Albers,Homage to the Square (Yellow),Confirmed,AlbersLE26,600,EUR,Confirmed,,150000,250,Confirmed,,,PE,Draw,Limited,Silkscreen print,,,04. In production,,,,2026-05-28,,2026-04-30,,,Date confirmed (fully confirmed with artist),2026-Q2,true,3 colour silkscreen print on 410gsm Somerset Tub Sized Satin White paper.,Confirmed,60 x 60cm,Authenticated with a bespoke embossed Josef & Anni Albers Foundation stamp.,Signed with stamp,,Framed on order,Tier 2,,REPEAT,,,,,,,,,
2995,JOSEFALBE-2995,Josef Albers,Homage to the Square (Yellow) & Study for Homage to the Square,Confirmed,AlbersLE26,1200,EUR,,,0,,,,,PE,Draw,Limited,Silkscreen print,,,04. In production,,,,2026-05-28,,2026-04-30,,,Date confirmed (fully confirmed with artist),2026-Q2,true,Silkscreen,,,,,,,Tier 2,,REPEAT,,,,,,,,,
2730,JOSEFALBE-2730,Josef Albers,Homage to the Square: Tap Root,Confirmed,AlbersLE26,600,EUR,Confirmed,,150000,250,Confirmed,,,PE,Draw,Limited,Silkscreen print,,,04. In production,,,,2026-05-28,,2026-04-30,,,Date confirmed (fully confirmed with artist),2026-Q2,true,3 colour silkscreen print on 410gsm Somerset Tub Sized Satin White paper.,Confirmed,60 x 60cm,Authenticated with a bespoke embossed Josef & Anni Albers Foundation stamp.,Signed with stamp,,Framed on order,Tier 2,,REPEAT,,,,,,,,,
2996,JOSEFALBE-2996,Josef Albers,Set of 4,Confirmed,AlbersLE26,2400,EUR,,,0,,,,,PE,Draw,Limited,Silkscreen print,,,04. In production,,,,2026-05-28,,2026-04-30,,,Date confirmed (fully confirmed with artist),2026-Q2,true,,,,,,,,Tier 2,,REPEAT,,,,,,,,,
2892,JOSEFALBE-2892,Josef Albers,Study for Homage to the Square,Confirmed,AlbersLE26,600,EUR,Confirmed,,150000,250,Confirmed,,,PE,Draw,Limited,Silkscreen print,,,04. In production,,,,2026-05-28,,2026-04-30,,,Date confirmed (fully confirmed with artist),2026-Q2,true,4 colour silkscreen print on 410gsm Somerset Tub Sized Satin White paper.,Confirmed,60 x 60cm,Authenticated with a bespoke embossed Josef & Anni Albers Foundation stamp.,Signed with stamp,,Framed on order,Tier 2,,REPEAT,,,,,,,,,
2614,ANTONYMIC-2614,Antony Micallef,Self Portrait with Blue Slash,Confirmed,AntonyMicLE26,1750,EUR,Confirmed,,113750,65,Confirmed,,,PE,Draw,Limited,Digital print,,n/a,07. QCd,,,,2026-05-29,2026-05-29T13:00:00.000Z,,,,Date confirmed (fully confirmed with artist),2026-Q2,true,"57-layer archival pigment print with 3 layers of gloss varnish, printed on 600gsm Somerset Tub Sized Radiant White paper and mounted on 1650 micron heritage conservation board.",Confirmed,70 x 60.4 cm,signed/numbered/dated on front,Signed by Artist,,Framed on order,Tier 3,,REPEAT,,,,,,,,,
2481,AIWEIWEI-2481,Ai Weiwei,Guardian (Blue),Confirmed,AiWeiweiGuardian226,850,EUR,Confirmed,,232900,274,Confirmed,220,,TL,Timed,Limited,Silkscreen print,,,07. QCd,,,,2026-06-02,2026-06-02T13:00:00.000Z,2026-05-12,,,Date confirmed (fully confirmed with artist),2026-Q2,true,2 colour silkscreen with metallic glitter base layer on Somerset Tub Sized Radiant White 410gsm paper,Confirmed,60 x 60cm,signed/numbered/dated on front of print,Signed by Artist,,Framed on order,Tier 1,,REPEAT,,,,,,,,,
2213,AIWEIWEI-2213,Ai Weiwei,Guardian (Green),Confirmed,AiWeiweiGuardian226,850,EUR,Confirmed,,237150,279,Confirmed,220,,TL,Timed,Limited,Silkscreen print,,,07. QCd,,,,2026-06-02,2026-06-02T13:00:00.000Z,2026-05-12,,,Date confirmed (fully confirmed with artist),2026-Q2,true,2 colour silkscreen with metallic glitter base layer on Somerset Tub Sized Radiant White 410gsm paper,Confirmed,60 x 60cm,signed/numbered/dated on front of print,Signed by Artist,,Framed on order,Tier 1,,REPEAT,,,,,,,,,
2833,AIWEIWEI-2833,Ai Weiwei,Guardian (Purple),Confirmed,AiWeiweiGuardian226,850,EUR,Confirmed,,473450,557,Confirmed,220,,TL,Timed,Limited,Silkscreen print,,,07. QCd,,,,2026-06-02,2026-06-02T13:00:00.000Z,2026-05-12,,,Date confirmed (fully confirmed with artist),2026-Q2,true,2 colour silkscreen with metallic glitter base layer on Somerset Tub Sized Radiant White 410gsm paper,Confirmed,60 x 60cm,signed/numbered/dated on front of print,Signed by Artist,,Framed on order,Tier 1,,REPEAT,,,,,,,,,
2624,CINDYSHER-2624,Cindy Sherman,Untitled,Confirmed,CindySherLE26,1275,EUR,Confirmed,,637500,500,Confirmed,,,PE,Draw,Limited,Digital print,,,09. Fully completed,,,,2026-06-10,,2026-05-14,,,Date confirmed (fully confirmed with artist),2026-Q2,true,Archival pigment print on Hahnemühle Photo Rag Bright White 310gsm paper,Confirmed,50.8 x 39.5 cm,"Signed by artist on reverse, numbered",Signed by Artist,,Framed on order,Tier 1,,REPEAT,,,,,,,,,
2423,MIWAKOMAT-2423,Miwa Komatsu,Three Guardians: Gatekeeping the Heat and Cold,Confirmed,MiwaKomatLE26,2000,EUR,Confirmed,,100000,50,Confirmed,50,,PE,Draw,Limited,Hybrid print,,,09. Fully completed,,,,2026-06-23,,2026-05-27,,,Date confirmed (fully confirmed with artist),2026-Q2,true,"Archival pigment print with matte varnish seal and 2 silkscreen shimmer layers, on 410gsm Somerset Tub Sized Radiant White paper with deckled edges.",Confirmed,52.7 x 70cm,Signed by the artist. Individually numbered.,Signed by Artist,,Framed on order,Tier 2,,REPEAT,,,,,,,,,
2543,URSFISCHE-2543,Urs Fischer,Problem Painting,Confirmed,UrsFischerLE26,1250,EUR,Confirmed,,125000,100,Confirmed,100,,PE,Draw,Limited,Hybrid print,,,3.5. Pre-Launch,,,,2026-06-25,2026-06-25T16:00:00.000Z,2026-06-03,,,Date confirmed (fully confirmed with artist),2026-Q2,true,"Archival pigment print with matte varnish seal and 6 silkscreen layers, on 410gsm Somerset Tub Sized Radiant White paper.",Confirmed,75.0 x 57.6cm,Signed by the artist. Individually numbered.,Signed by Artist,,Framed on order,Tier 3,,REPEAT,,,,,,,,,
2880,URSFISCHE-2880,Urs Fischer,Problem Painting,Confirmed,UrsFischerLE26,1250,EUR,Confirmed,,125000,100,Confirmed,100,,PE,Draw,Limited,Hybrid print,,,3.5. Pre-Launch,,,,2026-06-25,2026-06-25T16:00:00.000Z,2026-06-03,,,Date confirmed (fully confirmed with artist),2026-Q2,true,"Archival pigment print with matte varnish seal and 4 silkscreen layers, on 410gsm Somerset Tub Sized Radiant White paper.",Confirmed,75.0 x 57.9cm,Signed by the artist. Individually numbered.,Signed by Artist,,Framed on order,Tier 3,,REPEAT,,,,,,,,,
2607,JOHNSONTS-2607,Johnson Tsang,Alliance,Confirmed,JohnsonTsAlliance26,950,EUR,Confirmed,,190000,200,Confirmed,100,,SE,Draw,Limited,Mid cost 3D edition,,,04. In production,,,,2026-06-26,2026-06-11T12:00:00.000Z,2026-06-04,,,Date confirmed (fully confirmed with artist),2026-Q2,true,Resin cast sculpture with hand-finished detailing and matte spray finish,Confirmed,49.2 x 15.1 x 6.7 cm,Artist's signature engraved on the base.,Engraved signature,,No framing option,Tier 2,,REPEAT,,,,,,,,,
2498,FELIPEPAN-2498,Felipe Pantone,Subtractive Variability Dimensional 13 AA,Confirmed,FelipePantoneLE26,2000,EUR,Confirmed,,400000,200,Confirmed,200,,SE,Draw,Limited,Mid cost 3D edition,,n/a,04. In production,,,,2026-06-29,2026-06-19T16:00:00.000Z,2026-05-22,,,Date confirmed (fully confirmed with artist),2026-Q2,true,"UV paint, UHS lacquer, PMMA, nylon cable",Confirmed,30 x 30 x 30 cm,Edition number & artist's signature engraved on the PMMA.,Engraved signature,,,Tier 3,,REPEAT,,,,,,,,,
2993,GREGORYCR-2993,Gregory Crewdson,Untitled [Dream House - Pre-order set of 6],Confirmed,GregoryCrewdTL26,,,,,0,,TL expected units pending,,,TL,Timed,Limited,Digital print,,48 hours,,,,,2026-06-30,2026-06-30T16:00:00.000Z,2026-06-10,,2026-07-02,,2026-Q2,true,Archival pigment print on Hahnemühle Photo Rag Bright White 310gsm paper,,,,Signed by Artist,,,Tier 2,,REPEAT,,,,,,,,,
2948,GREGORYCR-2948,Gregory Crewdson,Untitled [Dream House 1],Confirmed,GregoryCrewdTL26,525,EUR,Confirmed,,274575,523,Confirmed,250,,TL,Timed,Limited,Digital print,,48 hours,04. In production,,,,2026-06-30,2026-06-30T16:00:00.000Z,2026-06-10,,2026-07-02,Date confirmed (fully confirmed with artist),2026-Q2,true,Archival pigment print on Hahnemühle Photo Rag Bright White 310gsm paper,Confirmed,50 x 35 cm,signed/numbered/dated on front,Signed by Artist,,Framed on order,Tier 2,,REPEAT,,,,,,,,,
2893,GREGORYCR-2893,Gregory Crewdson,Untitled [Dream House 2],Confirmed,GregoryCrewdTL26,525,EUR,Confirmed,,200550,382,Confirmed,250,,TL,Timed,Limited,Digital print,,48 hours,04. In production,,,,2026-06-30,2026-06-30T16:00:00.000Z,2026-06-10,,2026-07-02,Date confirmed (fully confirmed with artist),2026-Q2,true,Archival pigment print on Hahnemühle Photo Rag Bright White 310gsm paper,Confirmed,50 x 35 cm,signed/numbered/dated on front,Signed by Artist,,Framed on order,Tier 2,,REPEAT,,,,,,,,,
2950,GREGORYCR-2950,Gregory Crewdson,Untitled [Dream House 3],Confirmed,GregoryCrewdTL26,525,EUR,Confirmed,,193200,368,Confirmed,250,,TL,Timed,Limited,Digital print,,48 hours,04. In production,,,,2026-06-30,2026-06-30T16:00:00.000Z,2026-06-10,,2026-07-02,Date confirmed (fully confirmed with artist),2026-Q2,true,Archival pigment print on Hahnemühle Photo Rag Bright White 310gsm paper,Confirmed,50 x 35 cm,signed/numbered/dated on front,Signed by Artist,,Framed on order,Tier 2,,REPEAT,,,,,,,,,
2949,GREGORYCR-2949,Gregory Crewdson,Untitled [Dream House 4],Confirmed,GregoryCrewdTL26,525,EUR,Confirmed,,180075,343,Confirmed,250,,TL,Timed,Limited,Digital print,,48 hours,04. In production,,,,2026-06-30,2026-06-30T16:00:00.000Z,2026-06-10,,2026-07-02,Date confirmed (fully confirmed with artist),2026-Q2,true,Archival pigment print on Hahnemühle Photo Rag Bright White 310gsm paper,Confirmed,50 x 35 cm,signed/numbered/dated on front,Signed by Artist,,Framed on order,Tier 2,,REPEAT,,,,,,,,,
2894,GREGORYCR-2894,Gregory Crewdson,Untitled [Dream House 5],Confirmed,GregoryCrewdTL26,525,EUR,Confirmed,,496125,945,Confirmed,250,,TL,Timed,Limited,Digital print,,48 hours,04. In production,,,,2026-06-30,2026-06-30T16:00:00.000Z,2026-06-10,,2026-07-02,Date confirmed (fully confirmed with artist),2026-Q2,true,Archival pigment print on Hahnemühle Photo Rag Bright White 310gsm paper,Confirmed,50 x 35 cm,signed/numbered/dated on front,Signed by Artist,,Framed on order,Tier 2,,REPEAT,,,,,,,,,
2190,GREGORYCR-2190,Gregory Crewdson,Untitled [Dream House 6],Confirmed,GregoryCrewdTL26,525,EUR,Confirmed,,262500,500,Confirmed,250,,TL,Timed,Limited,Digital print,,48 hours,04. In production,,,,2026-06-30,2026-06-30T16:00:00.000Z,2026-06-10,,2026-07-02,Date confirmed (fully confirmed with artist),2026-Q2,true,Archival pigment print on Hahnemühle Photo Rag Bright White 310gsm paper,Confirmed,50 x 35 cm,signed/numbered/dated on front,Signed by Artist,,Framed on order,Tier 2,,REPEAT,,,,,,,,,
2458,HANKWILLI-2458,Hank Willis Thomas,“Success is no accident.”,Confirmed,HankWillisTLE26,600,EUR,Confirmed,,240000,400,Confirmed,,,PE,Draw,Limited,Hybrid print,,,07. QCd,,,,2026-06-30,,2026-06-08,,,Date confirmed (fully confirmed with artist),2026-Q2,true,10 layer textured archival pigment print with matte varnish seal on 410gsm Somerset Tub Sized Radiant White paper.,Confirmed,56.8 x 75cm,Signed by the artist. Individually numbered.,Signed by Artist,,Framed on order,Tier 2,,REPEAT,,,,,,,,,
2454,LY-2454,LY,LUV New Beginnings,Confirmed,LYLE26,2300,EUR,Confirmed,,92000,40,Confirmed,,,PE,Draw,Limited,Silkscreen print,,,09. Fully completed,,,,2026-07-07,2026-07-07T09:00:00.000Z,2026-06-16,,,Date confirmed (fully confirmed with artist),2026-Q3,true,22 colour silkscreen printed in 48 layers on 410gsm Somerset Tub Sized Radiant White paper.,Confirmed,75 x 58cm,Signed by the artist. Individually numbered.,Signed by Artist,,,Tier 3,,REPEAT,,,,,,,,,
2307,TSCHABALAL-2307,Tschabalala Self,Yellow Sapphire,Confirmed,TschabalalLE25,2000,EUR,Confirmed,,180000,90,Confirmed,50,,N/A,Draw,Limited,Mixed media edition,,,04. In production,,,,2026-07-09,,,,,Date confirmed (fully confirmed with artist),2026-Q3,true,"This collaboration with Tschabalala is an embroidered piece comprising of nearly 208,076 stitches on a mustard-colored suede fabric. It features over 35 colours and is presented as a stretched and framed canvas.",Confirmed,66.2 x 48 x 3 cm,Signed & numbered on a sticker attached to the back of the piece.,Signed with sticker,,Framed on order,Tier 2,,REPEAT,,,,,,,,,
2774,GIUSEPPEP-2774,Giuseppe Penone,Il mio vedere futuro - My Future Vision I,Confirmed,GiuseppePenLE26,2200,EUR,Confirmed,,8800,4,Confirmed,50,,PE,Draw,Limited,Hybrid print,,n/a,3.5. Pre-Launch,,,,2026-07-16,2026-07-16T13:00:00.000Z,2026-06-17,,,Date confirmed (fully confirmed with artist),2026-Q3,true,Archival pigment print with matte varnish seal on Somerset Tub Sized Radiant White 410gsm paper,Confirmed,50 x 42.6 cm,Signed by the artist. Individually numbered.,Signed by Artist,,Framed on order,Tier 3,,REPEAT,,,,,,,,,
3005,GIUSEPPEP-3005,Giuseppe Penone,Il mio vedere futuro - My Future Vision I & II,Confirmed,GiuseppePenLE26,,,Confirmed,,0,,Confirmed,,,PE,Draw,Limited,Hybrid print,,n/a,3.5. Pre-Launch,,,,2026-07-16,2026-07-16T13:00:00.000Z,2026-06-17,,,Date confirmed (fully confirmed with artist),2026-Q3,true,,,50 x 42.6 cm,,,,Framed on order,Tier 3,,REPEAT,,,,,,,,,
2937,GIUSEPPEP-2937,Giuseppe Penone,Il mio vedere futuro - My Future Vision II,Confirmed,GiuseppePenLE26,2200,EUR,Confirmed,,41800,19,Confirmed,50,,PE,Draw,Limited,Hybrid print,,n/a,3.5. Pre-Launch,,,,2026-07-16,2026-07-16T13:00:00.000Z,2026-06-17,,,Date confirmed (fully confirmed with artist),2026-Q3,true,Archival pigment print with matte varnish seal on Somerset Tub Sized Radiant White 410gsm paper,Confirmed,50 x 39.6 cm,Signed by the artist. Individually numbered.,Signed by Artist,,Framed on order,Tier 3,,REPEAT,,,,,,,,,
1507,ZENGFANZH-1507,Zeng Fanzhi,Rainbow (Mask Series 1997 no.8),Confirmed,ZengFanzhiTL26,1025,EUR,Confirmed,,307500,300,Confirmed,300,,PE,Draw,Limited,Silkscreen print,,,3.5. Pre-Launch,,,,2026-07-22,,2026-06-26,,,Date confirmed (fully confirmed with artist),2026-Q3,,22 colour silkscreen print on 600gsm Somerset Tub Sized paper.,Confirmed,71 x 78.8 cm,Signed by the artist. Individually numbered.,Signed by Artist,,Framed on order,Tier 1,Standard contemporary,REPEAT,,,,,,,,,
2467,YOONHYUP-2467,Yoon Hyup,Ambre Roulette,Confirmed,YoonHyupLE26,850,EUR,Confirmed,,170000,200,Confirmed,200,,PE,Draw,Limited,Hybrid print,,,3.5. Pre-Launch,,,,2026-07-23,,2026-06-25,,,Date confirmed (fully confirmed with artist),2026-Q3,true,"Low texture archival pigment print on 410gsm Somerset Tub Sized Radiant White paper, with silkscreen matte varnish seal.",Confirmed,70 x 52.8 cm,Signed by the artist. Individually numbered.,Signed by Artist,,Framed on order,Tier 3,,REPEAT,,,,,,,,,
2619,AHMEDMATE-2619,Ahmed Mater,Hurriya,Confirmed,AhmedMSalam26,4000,EUR,Confirmed,,100000,25,Confirmed,25,,PE,Draw,Limited,Digital print,,,06. At warehouse,,,,2026-07-28,,2026-07-03,,,Date confirmed (fully confirmed with artist),2026-Q3,true,37 layers archival pigment print on Somerset Tub Sized White 410 gsm paper,Confirmed,90 x 90 cm,Signed by the artist. Individually numbered.,Signed by Artist,,Framed on order,Tier 2,,REPEAT,,,,,,,,,
2773,AHMEDMATE-2773,Ahmed Mater,Ray,Confirmed,AhmedMSalam26,4000,EUR,Confirmed,,100000,25,Confirmed,25,,PE,Draw,Limited,Digital print,,,06. At warehouse,,,,2026-07-28,,2026-07-01,,,Date confirmed (fully confirmed with artist),2026-Q3,true,37 layers archival pigment print on Somerset Tub Sized White 410 gsm paper,Confirmed,90 x 90 cm,Signed by the artist. Individually numbered.,Signed by Artist,,Framed on order,Tier 2,,REPEAT,,,,,,,,,
2791,AHMEDMATE-2791,Ahmed Mater,Salam,Confirmed,AhmedMSalam26,4000,EUR,Confirmed,,100000,25,Confirmed,25,,PE,Draw,Limited,Digital print,,,06. At warehouse,,,,2026-07-28,,2026-07-01,,,Date confirmed (fully confirmed with artist),2026-Q3,true,37 layers archival pigment print on Somerset Tub Sized White 410 gsm paper,Confirmed,90 x 90 cm,Signed by the artist. Individually numbered.,Signed by Artist,,Framed on order,Tier 2,,REPEAT,,,,,,,,,
2551,JAUMEPLEN-2551,Jaume Plensa,UTOPIA,Confirmed,JaumePlenLE26,1500,EUR,Confirmed,,450000,300,Confirmed,300,,PE,Draw,Limited,Silkscreen print,,,3.5. Pre-Launch,,,,2026-07-29,,2026-07-07,,,Date confirmed (fully confirmed with artist),2026-Q3,true,11 colour silkscreen print with a satin varnish and highlights printed from hand-drawn film on Somerset Satin White 410gsm paper with a deckled edge.,Confirmed,75 x 54.8 cm,Signed by the artist. Individually numbered.,Signed by Artist,,Framed on order,Tier 2,,REPEAT,,,,,,,,,
2071,BACKSIDEW-2071,Backside works.,Princess,Confirmed,BacksideLE26,1700,EUR,Confirmed,,85000,50,Confirmed,,,PE,Draw,Limited,Silkscreen print,,,04. In production,,,,2026-07-30,,2026-07-02,,,Date confirmed (fully confirmed with artist),2026-Q3,,"25 colour silkscreen printed in 31 layers, with CMYK Amplitude Modulated Halftone background and fluorescent overprints on Somerset Tub Sized Radiant White 410gsm paper",Confirmed,80 x 54.5 cm,signed/numbered/dated on front,Signed by Artist,,Framed on order,Tier 3,,REPEAT,,,,,,,,,
2914,BACKSIDEW-2914,Backside works.,Queen,Confirmed,BacksideLE26,1700,EUR,Confirmed,,85000,50,Confirmed,,,PE,Draw,Limited,Silkscreen print,,,04. In production,,,,2026-07-30,,2026-07-02,,,Date confirmed (fully confirmed with artist),2026-Q3,true,"30 colour silkscreen printed in 40 layers, with CMYK Amplitude Modulated Halftone background and fluorescent, iridescent and metallic overprints on Somerset Tub Sized Radiant White 410gsm paper",Confirmed,80 x 51.3 cm,signed/numbered/dated on front,Signed by Artist,,Framed on order,Tier 3,,REPEAT,,,,,,,,,
2961,PIETMONDR-2961,Piet Mondrian,"Composition with Large Red Plane, Yellow, Black, Gray, and Blue",Confirmed,PietMondrianLE26,500,EUR,Confirmed,,150000,300,Confirmed,,,PE,Draw,Limited,Digital print,,n/a,04. In production,,,,2026-08-18,,2026-07-24,,,Date confirmed (fully confirmed with artist),2026-Q3,true,Archival pigment print on 330gsm Somerset Enhanced Radiant White paper.,Confirmed,50 x 50.1 cm,Authenticated with a bespoke debossed archive stamp. Individually numbered.,Signed with stamp,,Framed on order,Tier 3,,REPEAT,,,,,,,,,
2962,PIETMONDR-2962,Piet Mondrian,"Composition with Red, Yellow, Black, Blue, and Gray",Confirmed,PietMondrianLE26,500,EUR,Confirmed,,150000,300,Confirmed,,,PE,Draw,Limited,Digital print,,n/a,04. In production,,,,2026-08-18,,2026-07-24,,,Date confirmed (fully confirmed with artist),2026-Q3,true,Archival pigment print on 330gsm Somerset Enhanced Radiant White paper.,Confirmed,55 x 45.1 cm,Authenticated with a bespoke debossed archive stamp. Individually numbered.,Signed with stamp,,Framed on order,Tier 3,,REPEAT,,,,,,,,,
2792,PIETMONDR-2792,Piet Mondrian,"Tableau No.1 with Red, Blue, Yellow, Black, and Gray",Confirmed,PietMondrianLE26,500,EUR,Confirmed,,150000,300,Confirmed,,,PE,Draw,Limited,Digital print,,n/a,04. In production,,,,2026-08-18,,2026-07-24,,,Date confirmed (fully confirmed with artist),2026-Q3,true,Archival pigment print on 330gsm Somerset Enhanced Radiant White paper.,Confirmed,55 x 47.8 cm,Authenticated with a bespoke debossed archive stamp. Individually numbered.,Signed with stamp,,Framed on order,Tier 3,,REPEAT,,,,,,,,,
2854,JAMESJEAN-2854,James Jean,Blossom Kannyu,Confirmed,JamesJeanBlossom26,350,EUR,Confirmed,,105000,300,Confirmed,300,,PE,Draw,Limited,Hybrid print,,,04. In production,,,,2026-08-20,2026-08-20T16:00:00.000Z,2026-07-30,,,Date confirmed (fully confirmed with artist),2026-Q3,true,Archival pigment print with silver foil blocking and silkscreen spot gloss varnish on Hahnemuhle Photo Rag Bright White 310gsm paper.,Confirmed,30.3 x 42.3cm,Signed by the artist. Individually numbered.,Signed by Artist,,Framed on order,Tier 1,,REPEAT,,,,,,,,,
2805,JAMESJEAN-2805,James Jean,Blossom Vessel,Confirmed,JamesJeanBlossom26,1050,EUR,Confirmed,,315000,300,Confirmed,200,,SE,Draw,Limited,Mid cost 3D edition,,,3.5. Pre-Launch,,,,2026-08-20,2026-08-20T16:00:00.000Z,2026-07-30,,,Date confirmed (fully confirmed with artist),2026-Q3,true,"Slip-cast earthenware vase with a blue-black engobe base coat and a two-layer glazed finish, consisting of a pink glaze beneath a white snakeskin-effect glaze.",Confirmed,22 x 16cm,Edition number and artist signature engraved on base,Engraved signature,,No framing option,Tier 1,,REPEAT,,,,,,,,,
2568,PARRA-2568,Parra,il senso di colpa,Confirmed,ParraLE26,650,EUR,Confirmed,,97500,150,Confirmed,,,PE,Draw,Limited,Silkscreen print,,n/a,07. QCd,,,,2026-08-21,2026-08-21T14:00:00.000Z,2026-07-31,,,Date confirmed (fully confirmed with artist),2026-Q3,true,4 colour silkscreen printed in 9 layers on Somerset Tub Sized Radiant White 410gsm paper,Confirmed,60 x 60 cm,Signed/numbered/dated on front,Signed by Artist,,Framed on order,Tier 3,,REPEAT,,,,,,,,,
2913,PARRA-2913,Parra,in your detached world,Confirmed,ParraLE26,650,EUR,Confirmed,,97500,150,Confirmed,,,PE,Draw,Limited,Silkscreen print,,n/a,07. QCd,,,,2026-08-21,2026-08-21T14:00:00.000Z,2026-07-31,,,Date confirmed (fully confirmed with artist),2026-Q3,true,6 colour silkscreen printed in 13 layers on Somerset Tub Sized Radiant White 410gsm paper,Confirmed,60 x 60 cm,Signed/numbered/dated on front,Signed by Artist,,Framed on order,Tier 3,,REPEAT,,,,,,,,,
2718,ABDULNASSE-2718,Abdulnasser Gharem,Hemisphere,Confirmed,AbdulnasserLE26,4000,EUR,Confirmed,,160000,40,Confirmed,,,PE,Draw,Limited,Silkscreen print,,n/a,3.5. Pre-Launch,,,,2026-08-25,2026-08-25T13:00:00.000Z,2026-07-27,,,Date confirmed (fully confirmed with artist),2026-Q3,true,24 layer silkscreen print with diamond dust embellishments and two tones of hand applied precious metal leaf. Printed onto 410gsm Somerset Tub Sized Radiant White paper.,Confirmed,66.6 x 100cm,Signed by the artist. Individually numbered.,Signed by Artist,,Framed on order,Tier 3,,REPEAT,,,,,,,,,
2046,ZENGFANZH-2046,Zeng Fanzhi,Ephemerality (13),Confirmed,ZengFanzhiLE26,2500,EUR,Confirmed,,125000,50,Confirmed,50,,PE,Draw,Limited,Digital print,,,3.5. Pre-Launch,,,,2026-08-26,,2026-07-29,,,Date confirmed (fully confirmed with artist),2026-Q3,,37-layer archival pigment print with matte varnish on 1650 micron Heritage conservation board,Confirmed,96 x 96 cm,Signed by the artist. Individually numbered.,Signed by Artist,,Framed on order,Tier 1,Standard contemporary,REPEAT,,,,,,,,,
2047,ZENGFANZH-2047,Zeng Fanzhi,Ephemerality (15),Confirmed,ZengFanzhiLE26,2500,EUR,Confirmed,,125000,50,Confirmed,50,,PE,Draw,Limited,Digital print,,,3.5. Pre-Launch,,,,2026-08-26,,2026-07-29,,,Date confirmed (fully confirmed with artist),2026-Q3,,37-layer archival pigment print with matte varnish on 1650 micron Heritage conservation board,Confirmed,96 x 96 cm,Signed by the artist. Individually numbered.,Signed by Artist,,Framed on order,Tier 1,Standard contemporary,REPEAT,,,,,,,,,
3044,TSCHABALAL-3044,Tschabalala Self,Yellow Sapphire [Public],Confirmed,TschabalalLE25,2000,EUR,Confirmed,,20000,10,Confirmed,50,,N/A,Draw,Limited,Mixed media edition,,,04. In production,,,,2026-09-01,,2026-08-05,,,Date confirmed (fully confirmed with artist),2026-Q3,true,"This collaboration with Tschabalala is an embroidered piece comprising of nearly 208,076 stitches on a mustard-colored suede fabric. It features over 35 colours and is presented as a stretched and framed canvas.",Confirmed,64 x 46 cm (framed),"Each edition will have a sticker on the reverse, signed by Tschabalala Self.",Signed with sticker,,Full Edition Framed,Tier 2,,REPEAT,,,,,,,,,
3253,MAURIZIOC-3253,Maurizio Cattelan,La Nona Ora Plinth,Confirmed,MaurizioNonaOraPlinth26,300,EUR,Confirmed,,66600,222,Confirmed,,,SE,Draw,Limited,Mid cost 3D edition,,,1.5. Agreed to edition,,,,2026-09-09,2026-04-23T16:00:00.000Z,2026-04-02,,,Date confirmed (fully confirmed with artist),2026-Q3,true,Bespoke wooden display plinth with cushioned red textile inlay.,Confirmed,7 x 29.7 x 29.7cm,,No authentication,,No framing option,Tier 1,,REPEAT,,,,,,,,,
2821,SALVADORD-2821,Salvador Dali Estate,Millet's Architectonic Angelus,Confirmed,SalvadorDaliLE26,500,EUR,Confirmed,,200000,400,Confirmed,,,PE,Draw,Limited,Digital print,,n/a,3.5. Pre-Launch,,,,2026-09-11,2026-09-11T13:00:00.000Z,2026-08-21,,,Date confirmed (fully confirmed with artist),2026-Q3,true,Archival pigment print on 330gsm Somerset Enhanced Radiant White paper.,Confirmed,50 x 41.5 cm,Authenticated with a bespoke debossed Gala-Salvador Dalí Foundation stamp. Individually numbered.,Signed with stamp,,Framed on order,Tier 2,,REPEAT,,,,,,,,,
3047,SALVADORD-3047,Salvador Dali Estate,The Phantom Cart,Confirmed,SalvadorDaliLE26,500,EUR,Confirmed,,200000,400,Confirmed,,,PE,Draw,Limited,Digital print,,n/a,3.5. Pre-Launch,,,,2026-09-11,2026-09-11T13:00:00.000Z,2026-08-21,,,Date confirmed (fully confirmed with artist),2026-Q3,true,Archival pigment print on 330gsm Somerset Enhanced Radiant White paper.,Confirmed,47.5 x 60 cm,Authenticated with a bespoke debossed Gala-Salvador Dalí Foundation stamp. Individually numbered.,Signed with stamp,,Framed on order,Tier 2,,REPEAT,,,,,,,,,
3046,SALVADORD-3046,Salvador Dali Estate,The Spectre of Sex Appeal,Confirmed,SalvadorDaliLE26,500,EUR,Confirmed,,200000,400,Confirmed,,,PE,Draw,Limited,Digital print,,n/a,3.5. Pre-Launch,,,,2026-09-11,2026-09-11T13:00:00.000Z,2026-08-21,,,Date confirmed (fully confirmed with artist),2026-Q3,true,Archival pigment print on 330gsm Somerset Enhanced Radiant White paper.,Confirmed,60 x 48 cm,Authenticated with a bespoke debossed Gala-Salvador Dalí Foundation stamp. Individually numbered.,Signed with stamp,,Framed on order,Tier 2,,REPEAT,,,,,,,,,
2926,GLENNLIGO-2926,Glenn Ligon,Untitled (Black on Black),Confirmed,GlennLigonLE26,3000,EUR,Confirmed,,225000,75,Confirmed,,,PE,Draw,Limited,Silkscreen print,,,3.5. Pre-Launch,,,,2026-09-17,,2026-08-17,,,Date confirmed (fully confirmed with artist),2026-Q3,true,"5-colour silkscreen print, printed in 5 layers on Somerset Tub Sized Radiant White 410gsm paper and finished with a fine-grade dusted layer of real coal and matte varnish",Confirmed,70 x 53.9 cm,"Signed, numbered, dated on front",Signed by Artist,,Framed on order,Tier 2,,REPEAT,,,,,,,,,
2583,GLENNLIGO-2583,Glenn Ligon,Untitled (White on White),Confirmed,GlennLigonLE26,3000,EUR,Confirmed,,225000,75,Confirmed,,,PE,Draw,Limited,Silkscreen print,,,3.5. Pre-Launch,,,,2026-09-17,,2026-08-17,,,Date confirmed (fully confirmed with artist),2026-Q3,true,"26 layer silkscreen on Somerset Tub Sized Radiant White 410gsm paper, finished with hand-applied Sennelier Titanium White oil stick and matte varnish.",Confirmed,70 x 53.9 cm,"Signed, numbered, dated on front",Signed by Artist,,Framed on order,Tier 2,,REPEAT,,,,,,,,,
3262,AIWEIWEI-3262,Ai Weiwei,F.U.C.K. (Black & White),Confirmed,AiWeiweiButton26,8250,EUR,Confirmed,,41250,5,Confirmed,,,PE,Draw,Limited,Digital print,,,3.5. Pre-Launch,,,,2026-09-24,2026-09-24T13:00:00.000Z,,,,Date confirmed (fully confirmed with artist),2026-Q3,true,,Confirmed,120 x 70 cm,"Signed, numbered, dated on front",,,Full Edition Framed,Tier 1,,REPEAT,,,,,,,,,
3261,AIWEIWEI-3261,Ai Weiwei,F.U.C.K. (Blue),Confirmed,AiWeiweiButton26,8250,EUR,Confirmed,,41250,5,Confirmed,,,PE,Draw,Limited,Digital print,,,3.5. Pre-Launch,,,,2026-09-24,2026-09-24T13:00:00.000Z,,,,Date confirmed (fully confirmed with artist),2026-Q3,true,,Confirmed,120 x 70 cm,"Signed, numbered, dated on front",,,Full Edition Framed,Tier 1,,REPEAT,,,,,,,,,
2929,AIWEIWEI-2929,Ai Weiwei,F.U.C.K. (Yellow),Confirmed,AiWeiweiButton26,8250,EUR,Confirmed,,41250,5,Confirmed,,,PE,Draw,Limited,Digital print,,,3.5. Pre-Launch,,,,2026-09-24,2026-09-24T13:00:00.000Z,2026-08-28,,,Date confirmed (fully confirmed with artist),2026-Q3,true,"49-layer archival pigment print with high-gloss varnish, printed on French-sized fine linen and mounted on aluminium Dibond",Confirmed,120 x 70 cm,"Signed, numbered, dated on front",Signed by Artist,,Full Edition Framed,Tier 1,,REPEAT,,,,,,,,,
3260,AIWEIWEI-3260,Ai Weiwei,F.U.C.K.(Red),Confirmed,AiWeiweiButton26,8250,EUR,Confirmed,,41250,5,Confirmed,,,PE,Draw,Limited,Digital print,,,3.5. Pre-Launch,,,,2026-09-24,2026-09-24T13:00:00.000Z,,,,Date confirmed (fully confirmed with artist),2026-Q3,true,,Confirmed,120 x 70 cm,"Signed, numbered, dated on front",,,Full Edition Framed,Tier 1,,REPEAT,,,,,,,,,
2843,JULIANSCH-2843,Julian Schnabel,"Don’t Let It Bring You Down, It’s Only Castles Burning (For Neil Young) I",Confirmed,JulianSchnabelLE26,1500,EUR,Confirmed,,300000,200,Confirmed,,,PE,Draw,Limited,Silkscreen print,,,03. Proofing,,,,2026-09-25,,2026-09-01,,,Date confirmed (fully confirmed with artist),2026-Q3,true,24 layer silkscreen print with matte varnish seal and gloss varnish details on 410gsm Somerset Tub Sized Satin White paper.,Confirmed,70 x 66 cm,Signed by the artist. Individually numbered.,Signed by Artist,,Framed on order,Tier 2,,REPEAT,,,,,,,,,
2966,JULIANSCH-2966,Julian Schnabel,"Don’t Let It Bring You Down, It’s Only Castles Burning (For Neil Young) II",Confirmed,JulianSchnabelLE26,1500,EUR,Confirmed,,300000,200,Confirmed,,,PE,Draw,Limited,Silkscreen print,,,03. Proofing,,,,2026-09-25,,2026-08-31,,,Date confirmed (fully confirmed with artist),2026-Q3,true,24 layer silkscreen print with matte varnish seal and gloss varnish details on 410gsm Somerset Tub Sized Satin White paper.,Confirmed,70 x 66 cm,Signed by the artist. Individually numbered.,Signed by Artist,,Framed on order,Tier 2,,REPEAT,,,,,,,,,
2967,JULIANSCH-2967,Julian Schnabel,"Don’t Let It Bring You Down, It’s Only Castles Burning (For Neil Young) III",Confirmed,JulianSchnabelLE26,1500,EUR,Confirmed,,300000,200,Confirmed,,,PE,Draw,Limited,Silkscreen print,,,03. Proofing,,,,2026-09-25,,2026-08-31,,,Date confirmed (fully confirmed with artist),2026-Q3,true,25 layer silkscreen print with matte varnish seal and gloss varnish details on 410gsm Somerset Tub Sized Satin White paper.,Confirmed,70 x 66 cm,Signed by the artist. Individually numbered.,Signed by Artist,,Framed on order,Tier 2,,REPEAT,,,,,,,,,
2470,ROBERTLON-2470,Robert Longo,"Untitled (Sandy, from the series “Men in the Cities”)",Confirmed,RobertLongoLE26,5200,EUR,Confirmed,,1040000,200,Confirmed,,,PE,Draw,Limited,Silkscreen print,,,3.5. Pre-Launch,,,,2026-09-29,2026-09-29T16:00:00.000Z,2026-09-07,,,Date confirmed (fully confirmed with artist),2026-Q3,true,9 colour silkscreen with matte varnish seal on Somerset Tub Sized Radiant White 410gsm paper,Confirmed,70 x 43.7. cm,Signed/numbered/dated on front,Signed by Artist,,Framed on order,Tier 1,,REPEAT,,,,,,,,,
3066,THEANDYW-3066,The Andy Warhol Foundation,Brillo Box Collectable (Green Landscape),Confirmed,AndyWarholTL26,750,EUR,Confirmed,,750000,1000,Confirmed,325,,PE,Draw,Limited,Silkscreen print,,,3.5. Pre-Launch,,,,2026-09-30,2026-09-30T16:00:00.000Z,2026-09-02,,,Date confirmed (fully confirmed with artist),2026-Q3,true,"3 colour silkscreen on GF Smith Colourflute Bright White 175gsm (two-sided), mounted to 1.5 mm E-Flute, then die cut and creased.",Confirmed,550mm x 671mm,"AWF authentification logo on the front of the print, individually numbered.",Signed with stamp,,Framed on order,Tier 1,,REPEAT,,,,,,,,,
3063,THEANDYW-3063,The Andy Warhol Foundation,Brillo Box Collectable (Green Portrait),Confirmed,AndyWarholTL26,750,EUR,Confirmed,,750000,1000,Confirmed,325,,PE,Draw,Limited,Silkscreen print,,,3.5. Pre-Launch,,,,2026-09-30,2026-09-30T16:00:00.000Z,2026-09-02,,,Date confirmed (fully confirmed with artist),2026-Q3,true,"3 colour silkscreen on GF Smith Colourflute Bright White 175gsm (two-sided), mounted to 1.5 mm E-Flute, then die cut and creased.",Confirmed,699mm x 600mm,"AWF authentification logo on the front of the print, individually numbered.",Signed with stamp,,Framed on order,Tier 1,,REPEAT,,,,,,,,,
3232,THEANDYW-3232,The Andy Warhol Foundation,Brillo Box Collectable (Lifesize),Confirmed,AndyWarholTL26,2500,EUR,Confirmed,,250000,100,Confirmed,,,PE,Draw,Limited,Silkscreen print,,,03. Proofing,,,,2026-09-30,,,,,Date confirmed (fully confirmed with artist),2026-Q3,true,"3 colour silkscreen on corrugated Board EB Flute, 190Y/ 150D short flute 550g/m2 4000um, then die cut and creased.",Confirmed,1632 x 1340mm,"AWF authentification logo on the front of the print, individually numbered.",Signed with stamp,,No framing option,Tier 1,,REPEAT,,,,,,,,,
3064,THEANDYW-3064,The Andy Warhol Foundation,Brillo Box Collectable (White Landscape),Confirmed,AndyWarholTL26,750,EUR,Confirmed,,750000,1000,Confirmed,325,,PE,Draw,Limited,Silkscreen print,,,3.5. Pre-Launch,,,,2026-09-30,2026-09-30T16:00:00.000Z,2026-09-02,,,Date confirmed (fully confirmed with artist),2026-Q3,true,"3 colour silkscreen on GF Smith Colourflute Bright White 175gsm (two-sided), mounted to 1.5 mm E-Flute, then die cut and creased.",Confirmed,508mm x 657mm,"AWF authentification logo on the front of the print, individually numbered.",Signed with stamp,,Framed on order,Tier 1,,REPEAT,,,,,,,,,
2383,THEANDYW-2383,The Andy Warhol Foundation,Brillo Box Collectable (White Portrait),Confirmed,AndyWarholTL26,750,EUR,Confirmed,,750000,1000,Confirmed,325,,PE,Draw,Limited,Silkscreen print,,,3.5. Pre-Launch,,,,2026-09-30,2026-09-30T16:00:00.000Z,2026-09-02,,,Date confirmed (fully confirmed with artist),2026-Q3,true,"3 colour silkscreen on GF Smith Colourflute Bright White 175gsm (two-sided), mounted to 1.5 mm E-Flute, then die cut and creased.",Confirmed,697mm x 591mm,"AWF authentification logo on the front of the print, individually numbered.",Signed with stamp,,Framed on order,Tier 1,,REPEAT,,,,,,,,,
3065,THEANDYW-3065,The Andy Warhol Foundation,Brillo Box Collectable (Yellow Landscape),Confirmed,AndyWarholTL26,750,EUR,Confirmed,,750000,1000,Confirmed,325,,PE,Draw,Limited,Silkscreen print,,,3.5. Pre-Launch,,,,2026-09-30,2026-09-30T16:00:00.000Z,2026-09-02,,,Date confirmed (fully confirmed with artist),2026-Q3,true,"3 colour silkscreen on GF Smith Colourflute Bright White 175gsm (two-sided), mounted to 1.5 mm E-Flute, then die cut and creased.",Confirmed,550mm x 671mm,"AWF authentification logo on the front of the print, individually numbered.",Signed with stamp,,Framed on order,Tier 1,,REPEAT,,,,,,,,,
3062,THEANDYW-3062,The Andy Warhol Foundation,Brillo Box Collectable (Yellow Portrait),Confirmed,AndyWarholTL26,750,EUR,Confirmed,,750000,1000,Confirmed,325,,PE,Draw,Limited,Silkscreen print,,,3.5. Pre-Launch,,,,2026-09-30,2026-09-30T16:00:00.000Z,2026-09-02,,,Date confirmed (fully confirmed with artist),2026-Q3,true,"3 colour silkscreen on GF Smith Colourflute Bright White 175gsm (two-sided), mounted to 1.5 mm E-Flute, then die cut and creased.",Confirmed,699mm x 600mm,"AWF authentification logo on the front of the print, individually numbered.",Signed with stamp,,Framed on order,Tier 1,,REPEAT,,,,,,,,,
3191,THEANDYW-3191,The Andy Warhol Foundation,"Brillo Print - White, Yellow, Green [Set of 3 - orientation 1]",Pending,AndyWarholTL26,,,,,0,,,,,PE,Draw,Limited,Silkscreen print,,,,,,,2026-09-30,,,,,Date confirmed (fully confirmed with artist),2026-Q3,true,,,,,,,,Tier 1,,REPEAT,,,,,,,,,
3192,THEANDYW-3192,The Andy Warhol Foundation,"Brillo Print - White, Yellow, Green [Set of 3 - orientation 2]",Pending,AndyWarholTL26,,,,,0,,,,,PE,Draw,Limited,Silkscreen print,,,,,,,2026-09-30,,,,,Date confirmed (fully confirmed with artist),2026-Q3,true,,,,,,,,Tier 1,,REPEAT,,,,,,,,,
3190,THEANDYW-3190,The Andy Warhol Foundation,Brillo Print Green [Set of 2 - orientation 1 & 2],Pending,AndyWarholTL26,,,,,0,,,,,PE,Draw,Limited,Silkscreen print,,,,,,,2026-09-30,,,,,Date confirmed (fully confirmed with artist),2026-Q3,true,,,,,,,,Tier 1,,REPEAT,,,,,,,,,
3188,THEANDYW-3188,The Andy Warhol Foundation,Brillo Print White [Set of 2 - orientation 1 & 2],Pending,AndyWarholTL26,,,,,0,,,,,PE,Draw,Limited,Silkscreen print,,,,,,,2026-09-30,,,,,Date confirmed (fully confirmed with artist),2026-Q3,true,,,,,,,,Tier 1,,REPEAT,,,,,,,,,
3189,THEANDYW-3189,The Andy Warhol Foundation,Brillo Print Yellow [Set of 2 - orientation 1 & 2],Pending,AndyWarholTL26,,,,,0,,,,,PE,Draw,Limited,Silkscreen print,,,,,,,2026-09-30,,,,,Date confirmed (fully confirmed with artist),2026-Q3,true,,,,,,,,Tier 1,,REPEAT,,,,,,,,,
3187,THEANDYW-3187,The Andy Warhol Foundation,Brillo Print [Set of 6],Pending,AndyWarholTL26,,,,,0,,,,,PE,Draw,Limited,Silkscreen print,,,,,,,2026-09-30,,,,,Date confirmed (fully confirmed with artist),2026-Q3,true,,,,,,,,Tier 1,,REPEAT,,,,,,,,,
2896,DAVIDWOJN-2896,David Wojnarowicz Estate,History Keeps Me Awake at Night,Confirmed,DavidWojnLE26,600,EUR,Confirmed,,90000,150,Confirmed,,,PE,Draw,Limited,Hybrid print,,,03. Proofing,,,,2026-10-08,2026-09-29T16:00:00.000Z,2026-09-17,,,Date agreed internally (can be shared with Artist),2026-Q4,true,Archival pigment print on Hahnemühle Photo Rag Bright White 310 gsm paper,Confirmed,50 x 43.7 cm,"Deboss authentication stamp on front, numbered",Signed with stamp,,Framed on order,Tier 2,,NEW,,,,,,,,,
3069,DAVIDWOJN-3069,David Wojnarowicz Estate,Inside This House,Confirmed,DavidWojnLE26,600,EUR,Confirmed,,90000,150,Confirmed,,,PE,Draw,Limited,Hybrid print,,,03. Proofing,,,,2026-10-08,2026-09-29T16:00:00.000Z,2026-09-08,,,Date agreed internally (can be shared with Artist),2026-Q4,true,Archival pigment print with silkscreen gloss varnish on Hahnemühle Photo Rag Bright White 310 gsm paper,Confirmed,50 x 38.5 cm,"Deboss authentication stamp on front, numbered",Signed with stamp,,Framed on order,Tier 2,,NEW,,,,,,,,,
2187,BISABUTLE-2187,Bisa Butler,Be Mine,Confirmed,BisaButlerTL26,750,EUR,Confirmed,,225000,300,TL expected units pending,400,,TL,Timed,Limited,Hybrid print,,48 hours,3.5. Pre-Launch,,,,2026-10-13,,2026-09-15,,2026-10-15,Date confirmed (fully confirmed with artist),2026-Q4,true,"Archival pigment print with silkscreen gloss and sparkle overprints, on Hahnemühle Photo Rag Bright White 310 gsm paper",Confirmed,"55.2 x 55.2 cm, tondo",Signed/numbered/dated on front,Signed by Artist,,Framed on order,Tier 2,,REPEAT,,,,,,,,,
2977,BISABUTLE-2977,Bisa Butler,I Go To Prepare a Place For You,Confirmed,BisaButlerTL26,750,EUR,Confirmed,,225000,300,TL expected units pending,,,TL,Timed,Limited,Hybrid print,,48 hours,3.5. Pre-Launch,,,,2026-10-13,,2026-09-15,,2026-10-15,Date confirmed (fully confirmed with artist),2026-Q4,true,Archival pigment print with silkscreen gloss varnish details on Hahnemühle Photo Rag Bright White 310 gsm paper,Confirmed,60 x 43.3 cm,Signed/numbered/dated on front,Signed by Artist,,Framed on order,Tier 2,,REPEAT,,,,,,,,,
2672,MAURIZIOC-2672,Maurizio Cattelan,Not Afraid of Love,Confirmed,MaurizioCattHorseLE26,1500,EUR,Confirmed,,1500000,1000,Confirmed,,,SE,Draw,Limited,Mid cost 3D edition,,,3.5. Pre-Launch,,,,2026-10-15,2026-10-15T16:00:00.000Z,2026-09-21,,,Date confirmed (fully confirmed with artist),2026-Q4,true,Individually hand-painted resin sculpture.,Confirmed,18.8 x 26.7 x 11cm,"Hand-written edition number. Each edition is accompanied by a certificate of authenticity, signed by Maurizio Cattelan.",No authentication,,,Tier 1,,REPEAT,,,,,,,,,
2671,MAURIZIOC-2671,Maurizio Cattelan,Novecento,Confirmed,MaurizioCattHorseLE26,1500,EUR,Confirmed,,1500000,1000,Confirmed,,,SE,Draw,Limited,Mid cost 3D edition,,,3.5. Pre-Launch,,,,2026-10-15,2026-10-15T16:00:00.000Z,,,,Date confirmed (fully confirmed with artist),2026-Q4,true,"Individually hand-painted resin sculpture, with adjustable twine hanging attachment.",Confirmed,25 x 23.8 x 9.5cm,"Hand-written edition number. Each edition is accompanied by a certificate of authenticity, signed by Maurizio Cattelan.",No authentication,,,Tier 1,,REPEAT,,,,,,,,,
1910,LOIEHOLLO-1910,Loie Hollowell,Mother's Milk,Confirmed,LoieHollowellLE26,2500,EUR,Confirmed,,187500,75,Confirmed,,,PE,Draw,Limited,Silkscreen print,,n/a,3.5. Pre-Launch,,,,2026-10-26,2026-10-26T17:00:00.000Z,2026-10-05,,,Date confirmed (fully confirmed with artist),2026-Q4,,"39 layer silkscreen print with matte, gloss and iridescent varnish details on 410gsm Somerset Tub Sized Radiant White Paper.",Confirmed,70 x 53.8 cm,Signed by the artist. Individually numbered.,Signed by Artist,,Framed on order,Tier 3,,REPEAT,,,,,,,,,
2954,KUKWONWOO-2954,Kukwon Woo,The Princess (Belle),Confirmed,KukwonWooLE26,1500,EUR,Confirmed,,75000,50,Confirmed,,,PE,,Limited,Digital print,,,03. Proofing,,,,2026-10-29,,2026-10-01,,,Date agreed internally (can be shared with Artist),2026-Q4,true,"15 layer textured archival pigment print with 3 layers of spot gloss varnish, printed onto 1650 micron heritage conservation board.",Confirmed,52.1 x 40.6cm,Signed by the artist. Individually numbered.,Signed by Artist,,,Tier 2,,REPEAT,,,,,,,,,
2617,KUKWONWOO-2617,Kukwon Woo,The Princess (Cinderella),Confirmed,KukwonWooLE26,1500,EUR,Confirmed,,75000,50,Confirmed,,,PE,,Limited,Digital print,,,03. Proofing,,,,2026-10-29,,2026-10-01,,,Date agreed internally (can be shared with Artist),2026-Q4,true,"15 layer textured archival pigment print with 3 layers of spot gloss varnish, printed onto 1650 micron heritage conservation board.",Confirmed,52.1 x 40.6cm,Signed by the artist. Individually numbered.,Signed by Artist,,,Tier 2,,REPEAT,,,,,,,,,
3109,ROYLICHTE-3109,Roy Lichtenstein Estate,"In the Car, 1963",Confirmed,RoyLichteLE26,600,EUR,Confirmed,,300000,500,Confirmed,,,PE,Draw,Limited,Silkscreen print,,,3.5. Pre-Launch,,,,2026-10-29,,2026-09-30,,,Date confirmed (fully confirmed with artist),2026-Q4,true,7 colour silkscreen on Somerset Tub Sized Radiant White 410gsm paper,Confirmed,60 x 69.6 cm,"Deboss authentication stamp on front, numbered",Signed with stamp,,Framed on order,Tier 1,,REPEAT,,,,,,,,,
2502,ROYLICHTE-2502,Roy Lichtenstein Estate,"No Thank You!, 1964",Confirmed,RoyLichteLE26,600,EUR,Confirmed,,300000,500,Confirmed,,,PE,Draw,Limited,Silkscreen print,,,3.5. Pre-Launch,,,,2026-10-29,,2026-10-01,,,Date confirmed (fully confirmed with artist),2026-Q4,true,6 colour silkscreen on Somerset Tub Sized Radiant White 410gsm paper,Confirmed,60 x 56.2 cm,"Deboss authentication stamp on front, numbered",Signed with stamp,,Framed on order,Tier 1,,REPEAT,,,,,,,,,
3108,ROYLICHTE-3108,Roy Lichtenstein Estate,"Ohhh...Alright..., 1964",Confirmed,RoyLichteLE26,600,EUR,Confirmed,,300000,500,Confirmed,,,PE,Draw,Limited,Silkscreen print,,,3.5. Pre-Launch,,,,2026-10-29,,2026-09-30,,,Date confirmed (fully confirmed with artist),2026-Q4,true,6 colour silkscreen on Somerset Tub Sized Radiant White 410gsm paper,Confirmed,60 x 57 cm,"Deboss authentication stamp on front, numbered",Signed with stamp,,Framed on order,Tier 1,,REPEAT,,,,,,,,,
3110,ROYLICHTE-3110,Roy Lichtenstein Estate,"Varoom!, 1963",Confirmed,RoyLichteLE26,600,EUR,Confirmed,,300000,500,Confirmed,,,PE,Draw,Limited,Silkscreen print,,,3.5. Pre-Launch,,,,2026-10-29,,2026-09-30,,,Date confirmed (fully confirmed with artist),2026-Q4,true,5 colour silkscreen on Somerset Tub Sized Radiant White 410gsm paper,Confirmed,60 x 59.8 cm,"Deboss authentication stamp on front, numbered",Signed with stamp,,Framed on order,Tier 1,,REPEAT,,,,,,,,,
1832,CAIGUO-QI-1832,Cai Guo-Qiang,Blue Pegasus,Confirmed,CaiGuoQiangLE26,1500,EUR,Confirmed,,150000,100,Confirmed,,,PE,Draw,Timed,Hybrid print,,,03. Proofing,,,,2026-10-30,,2026-10-06,,,Date confirmed (fully confirmed with artist),2026-Q4,,Archival pigment print with matte varnish seal and silkscreen gloss varnish on Somerset Tub Sized Radiant White 410gsm paper,Pending,70 x 58.5 cm,,Signed by Artist,,Framed on order,Tier 2,,REPEAT,,,,,,,,,
3282,CAIGUO-QI-3282,Cai Guo-Qiang,Brown Pegasus,Confirmed,CaiGuoQiangLE26,1500,EUR,Confirmed,,150000,100,Confirmed,,,PE,Draw,Timed,Hybrid print,,,03. Proofing,,,,2026-10-30,,2026-09-25,,,Date confirmed (fully confirmed with artist),2026-Q4,true,Archival pigment print with matte varnish seal and silkscreen gloss varnish on Somerset Tub Sized Radiant White 410gsm paper,Pending,70 x 58.5 cm,,Signed by Artist,,Framed on order,Tier 2,,REPEAT,,,,,,,,,
3077,PEJAC-3077,Pejac,FOUR SEASONS [OG Sculpture - 4 units],,PejacLE26,16500,EUR,,,66000,4,,,,OG,,Limited,,,,1.5. Agreed to edition,,,,2026-11-13,,,,,Date confirmed (EVENT SPECIFIC),2026-Q4,true,Made with articulated wooden mannequins and natural elements (TBC),,TBC,,,,,Tier 1,,REPEAT,,,,,,,,,
3078,PEJAC-3078,Pejac,LARGE FORMAT PAINTINGS [OG painting - 1/5],,PejacLE26,65000,EUR,,,65000,1,,,,OG,,Limited,,,,1.5. Agreed to edition,,,,2026-11-13,,,,,Date confirmed (EVENT SPECIFIC),2026-Q4,true,Oil on canvas (TBC),,135 × 190 cm,,,,,Tier 1,,REPEAT,,,,,,,,,
3080,PEJAC-3080,Pejac,LARGE FORMAT PAINTINGS [OG painting - 2/5],,PejacLE26,65000,EUR,,,65000,1,,,,OG,,Limited,,,,1.5. Agreed to edition,,,,2026-11-13,,,,,Date confirmed (EVENT SPECIFIC),2026-Q4,true,Oil on canvas (TBC),,135 × 190 cm,,,,,Tier 1,,REPEAT,,,,,,,,,
3082,PEJAC-3082,Pejac,LARGE FORMAT PAINTINGS [OG painting - 3/5],,PejacLE26,65000,EUR,,,65000,1,,,,OG,,Limited,,,,1.5. Agreed to edition,,,,2026-11-13,,,,,Date confirmed (EVENT SPECIFIC),2026-Q4,true,Oil on canvas (TBC),,135 × 190 cm,,,,,Tier 1,,REPEAT,,,,,,,,,
3079,PEJAC-3079,Pejac,LARGE FORMAT PAINTINGS [OG painting - 4/5],,PejacLE26,65000,EUR,,,65000,1,,,,OG,,Limited,,,,1.5. Agreed to edition,,,,2026-11-13,,,,,Date confirmed (EVENT SPECIFIC),2026-Q4,true,Oil on canvas (TBC),,135 × 190 cm,,,,,Tier 1,,REPEAT,,,,,,,,,
3081,PEJAC-3081,Pejac,LARGE FORMAT PAINTINGS [OG painting - 5/5],,PejacLE26,65000,EUR,,,65000,1,,,,OG,,Limited,,,,1.5. Agreed to edition,,,,2026-11-13,,,,,Date confirmed (EVENT SPECIFIC),2026-Q4,true,Oil on canvas (TBC),,135 × 190 cm,,,,,Tier 1,,REPEAT,,,,,,,,,
3088,PEJAC-3088,Pejac,MID-FORMAT PAINTINGS [OG Painting 1/8],,PejacLE26,30000,EUR,,,30000,1,,,,OG,,Limited,,,,1.5. Agreed to edition,,,,2026-11-13,,,,,Date confirmed (EVENT SPECIFIC),2026-Q4,true,Oil on canvas (TBC),,95 × 125 cm,,,,,Tier 1,,REPEAT,,,,,,,,,
3087,PEJAC-3087,Pejac,MID-FORMAT PAINTINGS [OG Painting 2/8],,PejacLE26,30000,EUR,,,30000,1,,,,OG,,Limited,,,,1.5. Agreed to edition,,,,2026-11-13,,,,,Date confirmed (EVENT SPECIFIC),2026-Q4,true,Oil on canvas (TBC),,95 × 125 cm,,,,,Tier 1,,REPEAT,,,,,,,,,
3085,PEJAC-3085,Pejac,MID-FORMAT PAINTINGS [OG Painting 3/8],,PejacLE26,30000,EUR,,,30000,1,,,,OG,,Limited,,,,1.5. Agreed to edition,,,,2026-11-13,,,,,Date confirmed (EVENT SPECIFIC),2026-Q4,true,Oil on canvas (TBC),,95 × 125 cm,,,,,Tier 1,,REPEAT,,,,,,,,,
3084,PEJAC-3084,Pejac,MID-FORMAT PAINTINGS [OG Painting 4/8],,PejacLE26,30000,EUR,,,30000,1,,,,OG,,Limited,,,,1.5. Agreed to edition,,,,2026-11-13,,,,,Date confirmed (EVENT SPECIFIC),2026-Q4,true,Oil on canvas (TBC),,95 × 125 cm,,,,,Tier 1,,REPEAT,,,,,,,,,
3090,PEJAC-3090,Pejac,MID-FORMAT PAINTINGS [OG Painting 5/8],,PejacLE26,30000,EUR,,,30000,1,,,,OG,,Limited,,,,1.5. Agreed to edition,,,,2026-11-13,,,,,Date confirmed (EVENT SPECIFIC),2026-Q4,true,Oil on canvas (TBC),,95 × 125 cm,,,,,Tier 1,,REPEAT,,,,,,,,,
3083,PEJAC-3083,Pejac,MID-FORMAT PAINTINGS [OG Painting 6/8],,PejacLE26,30000,EUR,,,30000,1,,,,OG,,Limited,,,,1.5. Agreed to edition,,,,2026-11-13,,,,,Date confirmed (EVENT SPECIFIC),2026-Q4,true,Oil on canvas (TBC),,95 × 125 cm,,,,,Tier 1,,REPEAT,,,,,,,,,
3086,PEJAC-3086,Pejac,MID-FORMAT PAINTINGS [OG Painting 7/8],,PejacLE26,30000,EUR,,,30000,1,,,,OG,,Limited,,,,1.5. Agreed to edition,,,,2026-11-13,,,,,Date confirmed (EVENT SPECIFIC),2026-Q4,true,Oil on canvas (TBC),,95 × 125 cm,,,,,Tier 1,,REPEAT,,,,,,,,,
3089,PEJAC-3089,Pejac,MID-FORMAT PAINTINGS [OG Painting 8/8],,PejacLE26,30000,EUR,,,30000,1,,,,OG,,Limited,,,,1.5. Agreed to edition,,,,2026-11-13,,,,,Date confirmed (EVENT SPECIFIC),2026-Q4,true,Oil on canvas (TBC),,95 × 125 cm,,,,,Tier 1,,REPEAT,,,,,,,,,
3113,PEJAC-3113,Pejac,POSTCARDS [Details & Pricing TBC],,PejacLE26,0,EUR,,,0,500,,,,PE,,Limited,Digital print,,,1.5. Agreed to edition,,,,2026-11-13,,,,,Date agreed internally (can be shared with Artist),2026-Q4,true,Postcard (details TBC),,,,,,,Tier 1,,REPEAT,,,,,,,,,
3073,PEJAC-3073,Pejac,SELF DEFENCE [OG - Painting 1/6],,PejacLE26,25000,EUR,,,25000,1,,,,OG,,Limited,,,,1.5. Agreed to edition,,,,2026-11-13,,,,,Date confirmed (EVENT SPECIFIC),2026-Q4,true,Oil on canvas (TBC),,TBC,,,,,Tier 1,,REPEAT,,,,,,,,,
3071,PEJAC-3071,Pejac,SELF DEFENCE [OG - Painting 2/6],,PejacLE26,25000,EUR,,,25000,1,,,,OG,,Limited,,,,1.5. Agreed to edition,,,,2026-11-13,,,,,Date confirmed (EVENT SPECIFIC),2026-Q4,true,Oil on canvas (TBC),,TBC,,,,,Tier 1,,REPEAT,,,,,,,,,
3074,PEJAC-3074,Pejac,SELF DEFENCE [OG - Painting 3/6],,PejacLE26,25000,EUR,,,25000,1,,,,OG,,Limited,,,,1.5. Agreed to edition,,,,2026-11-13,,,,,Date confirmed (EVENT SPECIFIC),2026-Q4,true,Oil on canvas (TBC),,TBC,,,,,Tier 1,,REPEAT,,,,,,,,,
3072,PEJAC-3072,Pejac,SELF DEFENCE [OG - Painting 4/6],,PejacLE26,25000,EUR,,,25000,1,,,,OG,,Limited,,,,1.5. Agreed to edition,,,,2026-11-13,,,,,Date confirmed (EVENT SPECIFIC),2026-Q4,true,Oil on canvas (TBC),,TBC,,,,,Tier 1,,REPEAT,,,,,,,,,
3076,PEJAC-3076,Pejac,SELF DEFENCE [OG - Painting 5/6],,PejacLE26,25000,EUR,,,25000,1,,,,OG,,Limited,,,,1.5. Agreed to edition,,,,2026-11-13,,,,,Date confirmed (EVENT SPECIFIC),2026-Q4,true,Oil on canvas (TBC),,TBC,,,,,Tier 1,,REPEAT,,,,,,,,,
3075,PEJAC-3075,Pejac,SELF DEFENCE [OG - Painting 6/6],,PejacLE26,25000,EUR,,,25000,1,,,,OG,,Limited,,,,1.5. Agreed to edition,,,,2026-11-13,,,,,Date confirmed (EVENT SPECIFIC),2026-Q4,true,Oil on canvas (TBC),,TBC,,,,,Tier 1,,REPEAT,,,,,,,,,
3092,PEJAC-3092,Pejac,Sandbags with Sandcastle [Installation 1],,PejacLE26,0,EUR,,,0,1,,,,OG,,Limited,,,,1.5. Agreed to edition,,,,2026-11-13,,,,,Date confirmed (EVENT SPECIFIC),2026-Q4,true,,,TBC,,,,,Tier 1,,REPEAT,,,,,,,,,
3091,PEJAC-3091,Pejac,Starry Night with Cartridges [Installation 2],,PejacLE26,0,EUR,,,0,1,,,,OG,,Limited,,,,1.5. Agreed to edition,,,,2026-11-13,,,,,Date confirmed (EVENT SPECIFIC),2026-Q4,true,Materials: used shotgun cartridges and bullet casings (TBC),,,,,,,Tier 1,,REPEAT,,,,,,,,,
2504,CARRIEMAE-2504,Carrie Mae Weems,Black Love TL 1,Pending,CarrieMaeWTL26,750,EUR,Initial estimate,,225000,300,TL expected units confirmed,333,,TL,Timed,Limited,Digital print,,,3.5. Pre-Launch,,,,2026-11-18,,2026-10-26,,,Date agreed internally (can be shared with Artist),2026-Q4,true,Archival pigment print on Hahnemühle Photo Rag Bright White 310gsm paper,Confirmed,40 x 40 cm,Signed via sticker on reverse. Ed number + year on front,Signed with sticker,,Framed on order,Tier 1,,REPEAT,,,,,,,,,
3048,CARRIEMAE-3048,Carrie Mae Weems,Black Love TL 2,Pending,CarrieMaeWTL26,750,EUR,Initial estimate,,225000,300,TL expected units confirmed,333,,TL,Timed,Limited,Digital print,,,3.5. Pre-Launch,,,,2026-11-18,,2026-08-03,,,Date agreed internally (can be shared with Artist),2026-Q4,true,Archival pigment print on Hahnemühle Photo Rag Bright White 310gsm paper,Confirmed,40 x 40 cm,Signed via sticker on reverse. Ed number + year on front,Signed with sticker,,Framed on order,Tier 1,,REPEAT,,,,,,,,,
3049,CARRIEMAE-3049,Carrie Mae Weems,Black Love TL 3,Pending,CarrieMaeWTL26,750,EUR,Initial estimate,,225000,300,TL expected units confirmed,333,,TL,Timed,Limited,Digital print,,,3.5. Pre-Launch,,,,2026-11-18,,2026-08-03,,,Date agreed internally (can be shared with Artist),2026-Q4,true,Archival pigment print on Hahnemühle Photo Rag Bright White 310gsm paper,Confirmed,40 x 40 cm,Signed via sticker on reverse. Ed number + year on front,Signed with sticker,,Framed on order,Tier 1,,REPEAT,,,,,,,,,
3059,MATTDESLA-3059,Matt Deslauriers,V&A fundraiser [Digital only],Pending,MattDeslaH225,250,EUR,Pricing Target,,125000,500,TL expected units pending,,,NFT,,Limited,NFT,,,1.4. Pitching,,,,2026-11-24,,2026-09-23,,,Date agreed internally (can be shared with Artist),2026-Q4,true,,,,,,,,Tier 2,,REPEAT,,,,,,,,,
1818,MATTDESLA-1818,Matt Deslauriers,V&A fundraiser print,Pending,MattDeslaH225,650,EUR,Pricing Target,,97500,150,TL expected units pending,,,TL,,Timed,Digital print,,48 hours,03. Proofing,,,,2026-11-24,2026-11-24T17:00:00.000Z,2026-11-04,,2026-11-26,Review required,2026-Q4,,,Pending,60 x 42.4 cm,,,,,Tier 2,,REPEAT,,,,,,,,,
3058,WILLIAMMA-3058,William Mapan,V&A fundraiser [Digital only],Pending,WilliamMapanLE26,250,EUR,Pricing Target,,125000,500,TL expected units pending,,,NFT,,Limited,NFT,,,1.4. Pitching,,,,2026-11-24,,,,,Date agreed internally (can be shared with Artist),2026-Q4,true,,,,,,,,Tier 2,,REPEAT,,,,,,,,,
2194,WILLIAMMA-2194,William Mapan,V&A fundraiser print,Pending,WilliamMapanLE26,650,EUR,Pricing Target,,97500,150,TL expected units pending,,,TL,,Limited,Digital print,,48 hours,1.5. Agreed to edition,,,,2026-11-24,2025-07-22T00:00:00.000Z,2026-11-04,,2026-11-26,Date agreed internally (can be shared with Artist),2026-Q4,true,Archival pigment print with silkscreen gloss varnish details on Hahnemühle Photo Rag Bright White 310gsm paper,Pending,43.4 (H) x 60 (L) cm,,,,Framed on order,Tier 2,,REPEAT,,,,,,,,,
2743,ELMGREEN&-2743,Elmgreen & Dragset,2026 Sculpture Edition,,ElmgreenDragsetLE26,1500,EUR,Initial estimate,,450000,300,Estimate,,,SE,,Limited,Mid cost 3D edition,,,03. Proofing,,,,2026-11-26,,2026-11-06,,,Review required,2026-Q4,true,,,,,,,,Tier 2,,REPEAT,,,,,,,,,
2587,JENNIFERG-2587,Jennifer Guidi,Roar Beneath Mist,Confirmed,JenniferGuidiLE26,3000,EUR,Pricing Target,,150000,50,Estimate,,,PE,,Limited,Silkscreen print,,,03. Proofing,,,,2026-11-27,,2026-11-03,,,Date agreed internally (can be shared with Artist),2026-Q4,true,,,,,,,,Tier 3,,NEW,,,,,,,,,
2490,AIWEIWEI-2490,Ai Weiwei,Diptych 1 - Art is Life,Pending,AiWeiweiLego2026,2500,EUR,Confirmed,,250000,100,Confirmed,,,PE,,Limited,Digital print,,,3.5. Pre-Launch,,,,2026-11-30,,,,,Date confirmed (EVENT SPECIFIC),2026-Q4,true,"31 layer archival pigment print with high gloss spot varnish, printed on Somerset Tub Sized Radiant White 410gsm paper.",Confirmed,96.2 x 96.2 cm,signed/numbered/dated on front,Signed by Artist,,Framed on order,Tier 1,,REPEAT,,,,,,,,,
2491,AIWEIWEI-2491,Ai Weiwei,Diptych 1 - Life is Art,Pending,AiWeiweiLego2026,2500,EUR,Confirmed,,250000,100,Confirmed,,,PE,,Limited,Digital print,,,3.5. Pre-Launch,,,,2026-11-30,,,,,Date confirmed (EVENT SPECIFIC),2026-Q4,true,"31 layer archival pigment print with high gloss spot varnish, printed on Somerset Tub Sized Radiant White 410gsm paper.",Confirmed,96.2 x 96.2 cm,signed/numbered/dated on front,Signed by Artist,,Framed on order,Tier 1,,REPEAT,,,,,,,,,
2857,AIWEIWEI-2857,Ai Weiwei,Lego Middle Finger 1,Pending,AiWeiweiLegoMiddleFinger,500,EUR,,,375000,750,,,,SE,Timed,Limited,Mid cost 3D edition,,,1.5. Agreed to edition,,,,2026-11-30,,2026-10-29,,,Date confirmed (EVENT SPECIFIC),2026-Q4,true,,,,,,,,Tier 1,,REPEAT,,,,,,,,,
3193,AIWEIWEI-3193,Ai Weiwei,Lego Middle Finger 2,Pending,AiWeiweiLegoMiddleFinger,500,EUR,,,375000,750,,,,SE,Timed,Limited,Mid cost 3D edition,,,1.5. Agreed to edition,,,,2026-11-30,,,,,Date confirmed (EVENT SPECIFIC),2026-Q4,true,,,,,,,,Tier 1,,REPEAT,,,,,,,,,
3194,AIWEIWEI-3194,Ai Weiwei,Lego Middle Finger 3,Pending,AiWeiweiLegoMiddleFinger,500,EUR,,,375000,750,,,,SE,Timed,Limited,Mid cost 3D edition,,,1.5. Agreed to edition,,,,2026-11-30,,,,,Date confirmed (EVENT SPECIFIC),2026-Q4,true,,,,,,,,Tier 1,,REPEAT,,,,,,,,,
3195,AIWEIWEI-3195,Ai Weiwei,Lego Middle Finger 4,Pending,AiWeiweiLegoMiddleFinger,500,EUR,,,375000,750,,,,SE,Timed,Limited,Mid cost 3D edition,,,1.5. Agreed to edition,,,,2026-11-30,,,,,Date confirmed (EVENT SPECIFIC),2026-Q4,true,,,,,,,,Tier 1,,REPEAT,,,,,,,,,
2837,AIWEIWEI-2837,Ai Weiwei,Single - Liberty is about the Fight (Wave),Pending,AiWeiweiLego2026,2500,EUR,Confirmed,,250000,100,Confirmed,,,PE,,Limited,Digital print,,,3.5. Pre-Launch,,,,2026-11-30,,,,,Date confirmed (EVENT SPECIFIC),2026-Q4,true,"31 layer archival pigment print with high gloss spot varnish, printed on Somerset Tub Sized Radiant White 410gsm paper.",Confirmed,78.1 (H) x 94.9 (W) cm,signed/numbered/dated on front,Signed by Artist,,Framed on order,Tier 1,,REPEAT,,,,,,,,,
3144,HACHONG-H-3144,Ha Chong-Hyun,Conjunction 20-90 (white),Pending,HaChongLE26,5000,EUR,Pricing Target,,300000,60,Confirmed,,,HFPE,,Limited,Silkscreen print,,,03. Proofing,,,,2026-11-30,,2026-10-30,,,Review required,2026-Q4,true,,,,,,,,Tier 2,,NEW,,,,,,,,,
3145,HACHONG-H-3145,Ha Chong-Hyun,Conjunction 23-127 (blue and white),Pending,HaChongLE26,5000,EUR,Pricing Target,,300000,60,Confirmed,,,HFPE,,Limited,Silkscreen print,,,03. Proofing,,,,2026-11-30,,2026-10-30,,,Review required,2026-Q4,true,,,,,,,,Tier 2,,NEW,,,,,,,,,
2447,HACHONG-H-2447,Ha Chong-Hyun,Conjunction 24-45 (blue),Pending,HaChongLE26,5000,EUR,Pricing Target,,300000,60,Confirmed,,,HFPE,,Limited,Silkscreen print,,,03. Proofing,,,,2026-11-30,,2026-11-02,,,Review required,2026-Q4,true,,,,,,,,Tier 2,,NEW,,,,,,,,,
2794,JOHNSONTS-2794,Johnson Tsang,In Position (Title Tbc),,JohnsonTsLERepeat26,900,EUR,Confirmed,,180000,200,Confirmed,,,SE,,Limited,Low cost 3D edition,,,03. Proofing,,,,2026-12-01,,2026-11-09,,,Review required,2026-Q4,true,,,,,,,,Tier 2,,REPEAT,,,,,,,,,
2909,SETHARMST-2909,Seth Armstrong,Micheltorena,Confirmed,SethArmstrongLE26,900,EUR,Confirmed,,90000,100,Confirmed,,,PE,Draw,Limited,Digital print,,n/a,03. Proofing,,,,2026-12-03,,2026-11-11,,,Date confirmed (fully confirmed with artist),2026-Q4,true,,,,,,,,Tier 3,,NEW,,,,,,,,,
3118,FERRARISH-3118,Ferrari Sheppard,All Blues,Confirmed,FerrariShLERepeat26,1250,EUR,Confirmed,,125000,100,Confirmed,,,PE,,Limited,Hybrid print,,,03. Proofing,,,,2026-12-09,,2026-11-10,,,Date confirmed (fully confirmed with artist),2026-Q4,true,,,,,,,,Tier 3,,REPEAT,,,,,,,,,
3117,FERRARISH-3117,Ferrari Sheppard,Round Midnight,Confirmed,FerrariShLERepeat26,1250,EUR,Confirmed,,125000,100,Confirmed,,,PE,,Limited,Hybrid print,,,03. Proofing,,,,2026-12-09,,,,,Date confirmed (fully confirmed with artist),2026-Q4,true,,,,,,,,Tier 3,,REPEAT,,,,,,,,,
2943,MARINAABR-2943,Marina Abramović,Energy Hat (Red) - 2026,Pending,MarinaAbramTL26,700,EUR,Initial estimate,,560000,800,Estimate,,,TL,,Limited,Digital print,,,03. Proofing,,,,2026-12-10,,,,,Date agreed internally (can be shared with Artist),2026-Q4,true,,,,,,,,Tier 1,,REPEAT,,,,,,,,,
3239,MARINAABR-3239,Marina Abramović,Energy Hat (Yellow) - 2026,Pending,MarinaAbramTL26,700,EUR,Initial estimate,,560000,800,Estimate,,,TL,,Limited,Digital print,,,03. Proofing,,,,2026-12-10,,,,,Date agreed internally (can be shared with Artist),2026-Q4,true,,,,,,,,Tier 1,,REPEAT,,,,,,,,,
3052,MARKTANSE-3052,Mark Tansey,Mont Sainte-Victoire,Confirmed,MarkTanseyLE26,5000,EUR,,,250000,50,,,,PE,,Limited,Silkscreen print,,,03. Proofing,,,,2026-12-11,,2026-11-16,,,Review required,2026-Q4,true,,,,,,,,Tier 2,,NEW,,,,,,,,,
2758,MARKTANSE-2758,Mark Tansey,Xing,Confirmed,MarkTanseyLE26,5000,EUR,,,250000,50,,,,PE,,Limited,Silkscreen print,,,03. Proofing,,,,2026-12-11,,2026-11-16,,,Review required,2026-Q4,true,,,,,,,,Tier 2,,NEW,,,,,,,,,
2963,HARLANDMI-2963,Harland Miller,(RED),Confirmed,HarlandMillerLE26,6000,EUR,,,300000,50,,,,PE,,Limited,Silkscreen print,,,03. Proofing,,,,2026-12-16,,,,,Date agreed internally (can be shared with Artist),2026-Q4,true,,,,,,,,Tier 1,,REPEAT,,,,,,,,,
2572,HARLANDMI-2572,Harland Miller,STAR,Confirmed,HarlandMillerStarLE26,6000,EUR,,,300000,50,,,,PE,,Limited,Silkscreen print,,,03. Proofing,,,,2026-12-16,,2026-11-12,,,Date agreed internally (can be shared with Artist),2026-Q4,true,,,,,,,,Tier 1,,REPEAT,,,,,,,,,
2606,PEJAC-2606,Pejac,Barbed Wire [Special Print Edition],,PejacLE26,3500,EUR,,,70000,20,,,,PE,,Limited,Silkscreen print,,,1.5. Agreed to edition,,,,2026-12-18,,,,,Date agreed internally (can be shared with Artist),2026-Q4,true,,,,,,,,Tier 1,,REPEAT,,,,,,,,,
3094,PEJAC-3094,Pejac,Barbed Wire [Standard Print Edition],,PejacLE26,2800,EUR,,,224000,80,,,,PE,,Limited,Silkscreen print,,,1.5. Agreed to edition,,,,2026-12-18,,,,,Date agreed internally (can be shared with Artist),2026-Q4,true,,,,,,,,Tier 1,,REPEAT,,,,,,,,,
2807,PEJAC-2807,Pejac,Mind Trip [Special Print Edition],,PejacLE26,2500,EUR,,,50000,20,,,,PE,,Limited,Unique work,,,1.5. Agreed to edition,,,,2026-12-18,,2026-11-23,,,Date agreed internally (can be shared with Artist),2026-Q4,true,,,,,,,,Tier 1,,REPEAT,,,,,,,,,
3093,PEJAC-3093,Pejac,Mind Trip [Standard Print Edition],,PejacLE26,1800,EUR,,,144000,80,,,,PE,,Limited,Silkscreen print,,,1.5. Agreed to edition,,,,2026-12-18,,,,,Date agreed internally (can be shared with Artist),2026-Q4,true,,,,,,,,Tier 1,,REPEAT,,,,,,,,,
2616,CLEONPETE-2616,Cleon Peterson,Sculpture/Collectible 2026,,CleonPetLE26,750,EUR,Initial estimate,,150000,200,Estimate,,,CL,,Limited,Mid cost 3D edition,,,03. Proofing,,,,2027-01-19,,,,,Review required,2027-Q1,true,,,,,,,,Tier 3,,REPEAT,,,,,,,,,
