campaign_name,spend_date,impressions,reach,link_clicks,spend
Abdulnasser_LE_26 · Enter draw,2026-08-27,0,0,0,0
GlennLigon_LE_26 · Enter draw,2026-08-27,0,0,0,0
JamesJean_Blossom_26 · Enter draw,2026-08-27,0,0,0,0
JaumePlen_LE_26 · Enter draw,2026-08-27,0,0,0,0
Parra_LE_26 · Enter draw,2026-08-27,0,0,0,0
SalvadorDali_LE_26 · Enter draw,2026-08-27,72011.0,66385.0,1140.0,752.4
ZengFanzhi_LE_26 · Enter draw,2026-08-27,0,0,0,0
Abdulnasser_LE_26 · Enter draw,2026-08-26,0,0,0,0
GlennLigon_LE_26 · Enter draw,2026-08-26,10320.0,9362.0,174.0,241.04
JamesJean_Blossom_26 · Enter draw,2026-08-26,0,0,0,0
JaumePlen_LE_26 · Enter draw,2026-08-26,0,0,0,0
Parra_LE_26 · Enter draw,2026-08-26,0,0,0,0
PietMondrian_LE_26 · Enter draw,2026-08-26,0,0,0,0
SalvadorDali_LE_26 · Enter draw,2026-08-26,268654.0,237329.0,3550.0,2012.39
ZengFanzhi_LE_26 · Enter draw,2026-08-26,0,0,0,0
Abdulnasser_LE_26 · Enter draw,2026-08-25,0,0,0,0
GlennLigon_LE_26 · Enter draw,2026-08-25,20094.0,18209.0,293.0,488.97
Inventory_Test_26,2026-08-25,0,0,0,0
JamesJean_Blossom_26 · Enter draw,2026-08-25,0,0,0,0
JaumePlen_LE_26 · Enter draw,2026-08-25,0,0,0,0
Parra_LE_26 · Enter draw,2026-08-25,0,0,0,0
PietMondrian_LE_26 · Enter draw,2026-08-25,0,0,0,0
SalvadorDali_LE_26 · Enter draw,2026-08-25,103241.0,89786.0,1328.0,805.95
ZengFanzhi_LE_26 · Enter draw,2026-08-25,0,0,0,0
Abdulnasser_LE_26 · Enter draw,2026-08-24,0,0,0,0
GlennLigon_LE_26 · Enter draw,2026-08-24,31368.0,27953.0,559.0,690.4
JamesJean_Blossom_26 · Enter draw,2026-08-24,0,0,0,0
JaumePlen_LE_26 · Enter draw,2026-08-24,0,0,0,0
Parra_LE_26 · Enter draw,2026-08-24,0,0,0,0
PietMondrian_LE_26 · Enter draw,2026-08-24,0,0,0,0
SalvadorDali_LE_26 · Enter draw,2026-08-24,237102.0,211361.0,2930.0,1551.55
ZengFanzhi_LE_26 · Enter draw,2026-08-24,0,0,0,0
Abdulnasser_LE_26 · Enter draw,2026-08-23,0,0,0,0
GlennLigon_LE_26 · Enter draw,2026-08-23,41371.0,37112.0,665.0,836.16
Inventory_Test_26,2026-08-23,0,0,0,0
JamesJean_Blossom_26 · Enter draw,2026-08-23,0,0,0,0
JaumePlen_LE_26 · Enter draw,2026-08-23,0,0,0,0
Parra_LE_26 · Enter draw,2026-08-23,0,0,0,0
PietMondrian_LE_26 · Enter draw,2026-08-23,0,0,0,0
SalvadorDali_LE_26 · Enter draw,2026-08-23,41482.0,36291.0,710.0,356.81
ZengFanzhi_LE_26 · Enter draw,2026-08-23,0,0,0,0
Abdulnasser_LE_26 · Enter draw,2026-08-22,0,0,0,0
GlennLigon_LE_26 · Enter draw,2026-08-22,37686.0,33172.0,506.0,637.72
Inventory_Test_26,2026-08-22,0,0,0,0
JamesJean_Blossom_26 · Enter draw,2026-08-22,0,0,0,0
JaumePlen_LE_26 · Enter draw,2026-08-22,0,0,0,0
Parra_LE_26 · Enter draw,2026-08-22,0,0,0,0
PietMondrian_LE_26 · Enter draw,2026-08-22,0,0,0,0
SalvadorDali_LE_26 · Enter draw,2026-08-22,19051.0,17458.0,349.0,124.66
ZengFanzhi_LE_26 · Enter draw,2026-08-22,0,0,0,0
Abdulnasser_LE_26 · Enter draw,2026-08-21,0,0,0,0
AhmedM_Salam_26 · Enter draw,2026-08-21,0,0,0,0
GlennLigon_LE_26 · Enter draw,2026-08-21,38298.0,32259.0,395.0,508.99
Inventory_Test_26,2026-08-21,0,0,0,0
JamesJean_Blossom_26 · Enter draw,2026-08-21,0,0,0,0
JaumePlen_LE_26 · Enter draw,2026-08-21,0,0,0,0
Parra_LE_26 · Enter draw,2026-08-21,9870.0,9233.0,199.0,63.4
PietMondrian_LE_26 · Enter draw,2026-08-21,0,0,0,0
ZengFanzhi_LE_26 · Enter draw,2026-08-21,0,0,0,0
Abdulnasser_LE_26 · Enter draw,2026-08-20,29901.0,25698.0,384.0,151.91
AhmedM_Salam_26 · Enter draw,2026-08-20,0,0,0,0
GlennLigon_LE_26 · Enter draw,2026-08-20,20961.0,18042.0,245.0,318.13
Inventory_Test_26,2026-08-20,0,0,0,0
JamesJean_Blossom_26 · Enter draw,2026-08-20,313030.0,288631.0,3148.0,2629.05
JaumePlen_LE_26 · Enter draw,2026-08-20,0,0,0,0
Parra_LE_26 · Enter draw,2026-08-20,34594.0,30721.0,523.0,140.26
PietMondrian_LE_26 · Enter draw,2026-08-20,0,0,0,0
YoonHyup_LE_26 · Enter draw,2026-08-20,0,0,0,0
ZengFanzhi_LE_26 · Enter draw,2026-08-20,16421.0,14289.0,217.0,213.91
Abdulnasser_LE_26 · Enter draw,2026-08-19,43375.0,38150.0,512.0,266.72
AhmedM_Salam_26 · Enter draw,2026-08-19,0,0,0,0
GlennLigon_LE_26 · Enter draw,2026-08-19,30787.0,26873.0,365.0,275.51
JamesJean_Blossom_26 · Enter draw,2026-08-19,362357.0,338859.0,4058.0,3074.33
JaumePlen_LE_26 · Enter draw,2026-08-19,0,0,0,0
Parra_LE_26 · Enter draw,2026-08-19,6108.0,5778.0,152.0,36.97
PietMondrian_LE_26 · Enter draw,2026-08-19,0,0,0,0
YoonHyup_LE_26 · Enter draw,2026-08-19,0,0,0,0
ZengFanzhi_LE_26 · Enter draw,2026-08-19,28480.0,24448.0,459.0,363.24
Abdulnasser_LE_26 · Enter draw,2026-08-18,47668.0,41308.0,361.0,215.58
AhmedM_Salam_26 · Enter draw,2026-08-18,0,0,0,0
GlennLigon_LE_26 · Enter draw,2026-08-18,12860.0,11915.0,135.0,89.97
Inventory_Test_26,2026-08-18,0,0,0,0
JamesJean_Blossom_26 · Enter draw,2026-08-18,275459.0,252923.0,3198.0,2161.51
JaumePlen_LE_26 · Enter draw,2026-08-18,0,0,0,0
Parra_LE_26 · Enter draw,2026-08-18,20394.0,17997.0,408.0,100.87
PietMondrian_LE_26 · Enter draw,2026-08-18,0,0,0,0
YoonHyup_LE_26 · Enter draw,2026-08-18,0,0,0,0
ZengFanzhi_LE_26 · Enter draw,2026-08-18,30598.0,26593.0,404.0,301.6
ZengFanzhi_TL_26 · Enter draw,2026-08-18,0,0,0,0
Abdulnasser_LE_26 · Enter draw,2026-08-17,46907.0,41280.0,396.0,153.84
AhmedM_Salam_26 · Enter draw,2026-08-17,0,0,0,0
Inventory_Test_26,2026-08-17,0,0,0,0
JamesJean_Blossom_26 · Enter draw,2026-08-17,339780.0,306756.0,3841.0,2398.41
JaumePlen_LE_26 · Enter draw,2026-08-17,0,0,0,0
Parra_LE_26 · Enter draw,2026-08-17,9072.0,8394.0,201.0,40.91
PietMondrian_LE_26 · Enter draw,2026-08-17,0,0,0,0
YoonHyup_LE_26 · Enter draw,2026-08-17,0,0,0,0
ZengFanzhi_LE_26 · Enter draw,2026-08-17,18561.0,16655.0,190.0,115.58
ZengFanzhi_TL_26 · Enter draw,2026-08-17,0,0,0,0
Abdulnasser_LE_26 · Enter draw,2026-08-16,57743.0,51583.0,800.0,486.55
AhmedM_Salam_26 · Enter draw,2026-08-16,0,0,0,0
Inventory_Test_26,2026-08-16,0,0,0,0
JamesJean_Blossom_26 · Enter draw,2026-08-16,306413.0,276367.0,3789.0,2100.3
JaumePlen_LE_26 · Enter draw,2026-08-16,0,0,0,0
Parra_LE_26 · Enter draw,2026-08-16,22272.0,20509.0,577.0,97.64
PietMondrian_LE_26 · Enter draw,2026-08-16,0,0,0,0
YoonHyup_LE_26 · Enter draw,2026-08-16,0,0,0,0
ZengFanzhi_LE_26 · Enter draw,2026-08-16,0,0,0,0
ZengFanzhi_TL_26 · Enter draw,2026-08-16,0,0,0,0
Abdulnasser_LE_26 · Enter draw,2026-08-15,139683.0,125264.0,1380.0,830.72
AhmedM_Salam_26 · Enter draw,2026-08-15,0,0,0,0
Inventory_Test_26,2026-08-15,0,0,0,0
JamesJean_Blossom_26 · Enter draw,2026-08-15,281887.0,260784.0,3731.0,1991.97
JaumePlen_LE_26 · Enter draw,2026-08-15,0,0,0,0
Parra_LE_26 · Enter draw,2026-08-15,14313.0,13111.0,375.0,65.97
PietMondrian_LE_26 · Enter draw,2026-08-15,0,0,0,0
YoonHyup_LE_26 · Enter draw,2026-08-15,0,0,0,0
ZengFanzhi_LE_26 · Enter draw,2026-08-15,0,0,0,0
ZengFanzhi_TL_26 · Enter draw,2026-08-15,0,0,0,0
Abdulnasser_LE_26 · Enter draw,2026-08-14,0,0,0,0
AhmedM_Salam_26 · Enter draw,2026-08-14,0,0,0,0
Inventory_Test_26,2026-08-14,0,0,0,0
JamesJean_Blossom_26 · Enter draw,2026-08-14,208488.0,188348.0,2470.0,1594.83
JaumePlen_LE_26 · Enter draw,2026-08-14,0,0,0,0
Parra_LE_26 · Enter draw,2026-08-14,20186.0,18279.0,570.0,141.33
PietMondrian_LE_26 · Enter draw,2026-08-14,0,0,0,0
YoonHyup_LE_26 · Enter draw,2026-08-14,0,0,0,0
ZengFanzhi_LE_26 · Enter draw,2026-08-14,0,0,0,0
ZengFanzhi_TL_26 · Enter draw,2026-08-14,0,0,0,0
Abdulnasser_LE_26 · Enter draw,2026-08-13,53339.0,47786.0,421.0,456.45
AhmedM_Salam_26 · Enter draw,2026-08-13,0,0,0,0
Inventory_Test_26,2026-08-13,3736.0,3560.0,61.0,42.13
JamesJean_Blossom_26 · Enter draw,2026-08-13,211264.0,194923.0,2489.0,1466.23
JaumePlen_LE_26 · Enter draw,2026-08-13,0,0,0,0
Parra_LE_26 · Enter draw,2026-08-13,23497.0,20814.0,613.0,143.5
PietMondrian_LE_26 · Enter draw,2026-08-13,0,0,0,0
YoonHyup_LE_26 · Enter draw,2026-08-13,0,0,0,0
ZengFanzhi_LE_26 · Enter draw,2026-08-13,0,0,0,0
ZengFanzhi_TL_26 · Enter draw,2026-08-13,0,0,0,0
Abdulnasser_LE_26 · Enter draw,2026-08-12,144326.0,119911.0,1043.0,1247.16
AhmedM_Salam_26 · Enter draw,2026-08-12,0,0,0,0
Inventory_Test_26,2026-08-12,21261.0,18274.0,248.0,167.43
JamesJean_Blossom_26 · Enter draw,2026-08-12,124247.0,110784.0,1533.0,1111.65
JaumePlen_LE_26 · Enter draw,2026-08-12,0,0,0,0
Parra_LE_26 · Enter draw,2026-08-12,0,0,0,0
PietMondrian_LE_26 · Enter draw,2026-08-12,0,0,0,0
YoonHyup_LE_26 · Enter draw,2026-08-12,0,0,0,0
ZengFanzhi_LE_26 · Enter draw,2026-08-12,34643.0,30750.0,268.0,114.62
ZengFanzhi_TL_26 · Enter draw,2026-08-12,0,0,0,0
Abdulnasser_LE_26 · Enter draw,2026-08-11,89899.0,75796.0,910.0,1113.34
AhmedM_Salam_26 · Enter draw,2026-08-11,0,0,0,0
Inventory_Test_26,2026-08-11,46509.0,40909.0,435.0,349.04
JamesJean_Blossom_26 · Enter draw,2026-08-11,94934.0,83040.0,1226.0,735.09
JaumePlen_LE_26 · Enter draw,2026-08-11,0,0,0,0
Parra_LE_26 · Enter draw,2026-08-11,0,0,0,0
PietMondrian_LE_26 · Enter draw,2026-08-11,0,0,0,0
YoonHyup_LE_26 · Enter draw,2026-08-11,0,0,0,0
ZengFanzhi_LE_26 · Enter draw,2026-08-11,25384.0,22634.0,256.0,148.94
ZengFanzhi_TL_26 · Enter draw,2026-08-11,0,0,0,0
Abdulnasser_LE_26 · Enter draw,2026-08-10,48339.0,41212.0,561.0,721.42
AhmedM_Salam_26 · Enter draw,2026-08-10,0,0,0,0
Inventory_Test_26,2026-08-10,19566.0,15933.0,191.0,153.55
JamesJean_Blossom_26 · Enter draw,2026-08-10,78039.0,71644.0,1243.0,717.3
JaumePlen_LE_26 · Enter draw,2026-08-10,0,0,0,0
Parra_LE_26 · Enter draw,2026-08-10,0,0,0,0
PietMondrian_LE_26 · Enter draw,2026-08-10,0,0,0,0
YoonHyup_LE_26 · Enter draw,2026-08-10,0,0,0,0
ZengFanzhi_LE_26 · Enter draw,2026-08-10,28480.0,24519.0,362.0,217.74
ZengFanzhi_TL_26 · Enter draw,2026-08-10,0,0,0,0
Abdulnasser_LE_26 · Enter draw,2026-08-09,30527.0,25949.0,373.0,418.54
AhmedM_Salam_26 · Enter draw,2026-08-09,0,0,0,0
Inventory_Test_26,2026-08-09,2.0,2.0,0,0
JamesJean_Blossom_26 · Enter draw,2026-08-09,157317.0,142804.0,2437.0,1285.02
JaumePlen_LE_26 · Enter draw,2026-08-09,0,0,0,0
Parra_LE_26 · Enter draw,2026-08-09,0,0,0,0
PietMondrian_LE_26 · Enter draw,2026-08-09,0,0,0,0
YoonHyup_LE_26 · Enter draw,2026-08-09,0,0,0,0
ZengFanzhi_LE_26 · Enter draw,2026-08-09,30438.0,25476.0,432.0,332.58
ZengFanzhi_TL_26 · Enter draw,2026-08-09,0,0,0,0
Abdulnasser_LE_26 · Enter draw,2026-08-08,10320.0,7949.0,162.0,165.34
AhmedM_Salam_26 · Enter draw,2026-08-08,0,0,0,0
Backside_LE_26 · Enter draw,2026-08-08,0,0,0,0
JamesJean_Blossom_26 · Enter draw,2026-08-08,127553.0,117307.0,1781.0,1209.78
JaumePlen_LE_26 · Enter draw,2026-08-08,0,0,0,0
Parra_LE_26 · Enter draw,2026-08-08,0,0,0,0
PietMondrian_LE_26 · Enter draw,2026-08-08,0,0,0,0
YoonHyup_LE_26 · Enter draw,2026-08-08,0,0,0,0
ZengFanzhi_LE_26 · Enter draw,2026-08-08,23161.0,19117.0,448.0,285.03
ZengFanzhi_TL_26 · Enter draw,2026-08-08,0,0,0,0
Abdulnasser_LE_26 · Enter draw,2026-08-07,6804.0,5986.0,104.0,92.98
AhmedM_Salam_26 · Enter draw,2026-08-07,0,0,0,0
JamesJean_Blossom_26 · Enter draw,2026-08-07,108293.0,101004.0,1461.0,833.18
JaumePlen_LE_26 · Enter draw,2026-08-07,0,0,0,0
Parra_LE_26 · Enter draw,2026-08-07,54549.0,50903.0,1230.0,276.23
PietMondrian_LE_26 · Enter draw,2026-08-07,0,0,0,0
YoonHyup_LE_26 · Enter draw,2026-08-07,0,0,0,0
ZengFanzhi_LE_26 · Enter draw,2026-08-07,63831.0,54666.0,696.0,587.73
ZengFanzhi_TL_26 · Enter draw,2026-08-07,0,0,0,0
Abdulnasser_LE_26 · Enter draw,2026-08-06,0,0,0,0
AhmedM_Salam_26 · Enter draw,2026-08-06,0,0,0,0
Backside_LE_26 · Enter draw,2026-08-06,0,0,0,0
JamesJean_Blossom_26 · Enter draw,2026-08-06,83076.0,76735.0,1122.0,664.95
JaumePlen_LE_26 · Enter draw,2026-08-06,0,0,0,0
Parra_LE_26 · Enter draw,2026-08-06,117222.0,109012.0,2869.0,647.66
PietMondrian_LE_26 · Enter draw,2026-08-06,0,0,0,0
YoonHyup_LE_26 · Enter draw,2026-08-06,0,0,0,0
ZengFanzhi_LE_26 · Enter draw,2026-08-06,112706.0,98895.0,1120.0,843.27
ZengFanzhi_TL_26 · Enter draw,2026-08-06,0,0,0,0
Abdulnasser_LE_26 · Enter draw,2026-08-05,0,0,0,0
AhmedM_Salam_26 · Enter draw,2026-08-05,0,0,0,0
Backside_LE_26 · Enter draw,2026-08-05,0,0,0,0
JamesJean_Blossom_26 · Enter draw,2026-08-05,82633.0,75477.0,1288.0,604.52
JaumePlen_LE_26 · Enter draw,2026-08-05,210708.0,190835.0,1891.0,1918.18
Parra_LE_26 · Enter draw,2026-08-05,110762.0,98554.0,3187.0,611.76
PietMondrian_LE_26 · Enter draw,2026-08-05,0,0,0,0
YoonHyup_LE_26 · Enter draw,2026-08-05,0,0,0,0
ZengFanzhi_LE_26 · Enter draw,2026-08-05,84233.0,75367.0,942.0,718.57
ZengFanzhi_TL_26 · Enter draw,2026-08-05,0,0,0,0
Abdulnasser_LE_26 · Enter draw,2026-08-04,0,0,0,0
AhmedM_Salam_26 · Enter draw,2026-08-04,0,0,0,0
Backside_LE_26 · Enter draw,2026-08-04,0,0,0,0
JamesJean_Blossom_26 · Enter draw,2026-08-04,68155.0,61698.0,1152.0,462.51
JaumePlen_LE_26 · Enter draw,2026-08-04,597444.0,539050.0,4994.0,4661.71
Parra_LE_26 · Enter draw,2026-08-04,82869.0,72288.0,2570.0,446.18
PietMondrian_LE_26 · Enter draw,2026-08-04,44863.0,43230.0,717.0,268.61
YoonHyup_LE_26 · Enter draw,2026-08-04,0,0,0,0
ZengFanzhi_LE_26 · Enter draw,2026-08-04,68552.0,59603.0,932.0,523.98
ZengFanzhi_TL_26 · Enter draw,2026-08-04,0,0,0,0
Abdulnasser_LE_26 · Enter draw,2026-08-03,11371.0,9869.0,155.0,132.49
AhmedM_Salam_26 · Enter draw,2026-08-03,0,0,0,0
Backside_LE_26 · Enter draw,2026-08-03,0,0,0,0
JamesJean_Blossom_26 · Enter draw,2026-08-03,62598.0,53728.0,1263.0,402.5
JaumePlen_LE_26 · Enter draw,2026-08-03,456738.0,401672.0,4245.0,3775.93
LY_LE_26 · Enter draw,2026-08-03,0,0,0,0
Parra_LE_26 · Enter draw,2026-08-03,56470.0,44883.0,2102.0,382.48
PietMondrian_LE_26 · Enter draw,2026-08-03,106918.0,98970.0,1458.0,545.34
YoonHyup_LE_26 · Enter draw,2026-08-03,0,0,0,0
ZengFanzhi_LE_26 · Enter draw,2026-08-03,26741.0,23687.0,319.0,180.99
ZengFanzhi_TL_26 · Enter draw,2026-08-03,0,0,0,0
Abdulnasser_LE_26 · Enter draw,2026-08-02,59.0,57.0,0,0.42
AhmedM_Salam_26 · Enter draw,2026-08-02,0,0,0,0
Backside_LE_26 · Enter draw,2026-08-02,0,0,0,0
JamesJean_Blossom_26 · Enter draw,2026-08-02,33582.0,29198.0,765.0,238.35
JaumePlen_LE_26 · Enter draw,2026-08-02,391773.0,331909.0,3993.0,3858.37
LY_LE_26 · Enter draw,2026-08-02,0,0,0,0
Parra_LE_26 · Enter draw,2026-08-02,18904.0,17944.0,229.0,77.48
PietMondrian_LE_26 · Enter draw,2026-08-02,75176.0,67904.0,1195.0,437.54
YoonHyup_LE_26 · Enter draw,2026-08-02,0,0,0,0
ZengFanzhi_LE_26 · Enter draw,2026-08-02,22149.0,18805.0,320.0,176.7
ZengFanzhi_TL_26 · Enter draw,2026-08-02,0,0,0,0
Abdulnasser_LE_26 · Enter draw,2026-08-01,9519.0,8739.0,138.0,134.99
AhmedM_Salam_26 · Enter draw,2026-08-01,0,0,0,0
Backside_LE_26 · Enter draw,2026-08-01,0,0,0,0
JamesJean_Blossom_26 · Enter draw,2026-08-01,20757.0,16970.0,674.0,179.28
JaumePlen_LE_26 · Enter draw,2026-08-01,347817.0,291826.0,4029.0,4089.39
PietMondrian_LE_26 · Enter draw,2026-08-01,73939.0,66603.0,1281.0,475.17
YoonHyup_LE_26 · Enter draw,2026-08-01,0,0,0,0
ZengFanzhi_LE_26 · Enter draw,2026-08-01,23927.0,19332.0,475.0,200.72
ZengFanzhi_TL_26 · Enter draw,2026-08-01,0,0,0,0
Abdulnasser_LE_26 · Enter draw,2026-07-31,41503.0,36165.0,552.0,529.04
AhmedM_Salam_26 · Enter draw,2026-07-31,0,0,0,0
Backside_LE_26 · Enter draw,2026-07-31,0,0,0,0
JamesJean_Blossom_26 · Enter draw,2026-07-31,8359.0,7031.0,282.0,75.37
JaumePlen_LE_26 · Enter draw,2026-07-31,421468.0,379602.0,4104.0,5771.87
LY_LE_26 · Enter draw,2026-07-31,0,0,0,0
PietMondrian_LE_26 · Enter draw,2026-07-31,71277.0,63428.0,1245.0,428.53
YoonHyup_LE_26 · Enter draw,2026-07-31,0,0,0,0
ZengFanzhi_LE_26 · Enter draw,2026-07-31,7645.0,7140.0,124.0,61.78
ZengFanzhi_TL_26 · Enter draw,2026-07-31,0,0,0,0
Abdulnasser_LE_26 · Enter draw,2026-07-30,25280.0,21117.0,400.0,288.54
AhmedM_Salam_26 · Enter draw,2026-07-30,0,0,0,0
Backside_LE_26 · Enter draw,2026-07-30,0,0,0,0
GregoryCrewd_TL_26 · Purchases,2026-07-30,0,0,0,0
JaumePlen_LE_26 · Enter draw,2026-07-30,736076.0,633732.0,6648.0,8219.98
LY_LE_26 · Enter draw,2026-07-30,0,0,0,0
PietMondrian_LE_26 · Enter draw,2026-07-30,86176.0,76395.0,1596.0,556.47
YoonHyup_LE_26 · Enter draw,2026-07-30,0,0,0,0
ZengFanzhi_TL_26 · Enter draw,2026-07-30,0,0,0,0
Abdulnasser_LE_26 · Enter draw,2026-07-29,7194.0,6128.0,135.0,76.4
AhmedM_Salam_26 · Enter draw,2026-07-29,0,0,0,0
Backside_LE_26 · Enter draw,2026-07-29,0,0,0,0
GregoryCrewd_TL_26 · Purchases,2026-07-29,0,0,0,0
JaumePlen_LE_26 · Enter draw,2026-07-29,875498.0,777816.0,9353.0,9427.99
LY_LE_26 · Enter draw,2026-07-29,0,0,0,0
PietMondrian_LE_26 · Enter draw,2026-07-29,130361.0,119020.0,2835.0,841.23
YoonHyup_LE_26 · Enter draw,2026-07-29,0,0,0,0
ZengFanzhi_TL_26 · Enter draw,2026-07-29,0,0,0,0
AhmedM_Salam_26 · Enter draw,2026-07-28,0,0,0,0
Backside_LE_26 · Enter draw,2026-07-28,0,0,0,0
GregoryCrewd_TL_26 · Purchases,2026-07-28,0,0,0,0
GregoryCrewd_TL_26 · Sign-ups,2026-07-28,0,0,0,0
HankWillisT_LE_26 · Enter draw,2026-07-28,0,0,0,0
JaumePlen_LE_26 · Enter draw,2026-07-28,610020.0,493997.0,7100.0,7102.44
LY_LE_26 · Enter draw,2026-07-28,0,0,0,0
PietMondrian_LE_26 · Enter draw,2026-07-28,203280.0,177950.0,3604.0,1114.57
YoonHyup_LE_26 · Enter draw,2026-07-28,0,0,0,0
ZengFanzhi_TL_26 · Enter draw,2026-07-28,0,0,0,0
AhmedM_Salam_26 · Enter draw,2026-07-27,0,0,0,0
Backside_LE_26 · Enter draw,2026-07-27,0,0,0,0
FelipePantone_LE_26 · Enter draw,2026-07-27,0,0,0,0
GregoryCrewd_TL_26 · Purchases,2026-07-27,0,0,0,0
GregoryCrewd_TL_26 · Sign-ups,2026-07-27,0,0,0,0
HankWillisT_LE_26 · Enter draw,2026-07-27,0,0,0,0
JaumePlen_LE_26 · Enter draw,2026-07-27,224012.0,192657.0,2524.0,2575.99
LY_LE_26 · Enter draw,2026-07-27,0,0,0,0
PietMondrian_LE_26 · Enter draw,2026-07-27,144226.0,128755.0,2484.0,705.77
YoonHyup_LE_26 · Enter draw,2026-07-27,0,0,0,0
ZengFanzhi_TL_26 · Enter draw,2026-07-27,0,0,0,0
AhmedM_Salam_26 · Enter draw,2026-07-26,0,0,0,0
Backside_LE_26 · Enter draw,2026-07-26,0,0,0,0
FelipePantone_LE_26 · Enter draw,2026-07-26,0,0,0,0
GregoryCrewd_TL_26 · Purchases,2026-07-26,0,0,0,0
GregoryCrewd_TL_26 · Sign-ups,2026-07-26,0,0,0,0
HankWillisT_LE_26 · Enter draw,2026-07-26,0,0,0,0
JaumePlen_LE_26 · Enter draw,2026-07-26,65558.0,56264.0,819.0,604.78
LY_LE_26 · Enter draw,2026-07-26,0,0,0,0
PietMondrian_LE_26 · Enter draw,2026-07-26,29611.0,26040.0,846.0,182.07
YoonHyup_LE_26 · Enter draw,2026-07-26,0,0,0,0
ZengFanzhi_TL_26 · Enter draw,2026-07-26,0,0,0,0
AhmedM_Salam_26 · Enter draw,2026-07-25,0,0,0,0
Backside_LE_26 · Enter draw,2026-07-25,0,0,0,0
FelipePantone_LE_26 · Enter draw,2026-07-25,0,0,0,0
GiuseppePen_LE_26 · Enter draw,2026-07-25,0,0,0,0
GregoryCrewd_TL_26 · Purchases,2026-07-25,0,0,0,0
GregoryCrewd_TL_26 · Sign-ups,2026-07-25,0,0,0,0
HankWillisT_LE_26 · Enter draw,2026-07-25,0,0,0,0
JaumePlen_LE_26 · Enter draw,2026-07-25,61386.0,50970.0,702.0,558.45
LY_LE_26 · Enter draw,2026-07-25,0,0,0,0
PietMondrian_LE_26 · Enter draw,2026-07-25,10080.0,9389.0,293.0,62.25
YoonHyup_LE_26 · Enter draw,2026-07-25,0,0,0,0
ZengFanzhi_TL_26 · Enter draw,2026-07-25,0,0,0,0
AhmedM_Salam_26 · Enter draw,2026-07-24,12492.0,10838.0,191.0,198.8
Backside_LE_26 · Enter draw,2026-07-24,0,0,0,0
FelipePantone_LE_26 · Enter draw,2026-07-24,0,0,0,0
GiuseppePen_LE_26 · Enter draw,2026-07-24,0,0,0,0
GregoryCrewd_TL_26 · Purchases,2026-07-24,0,0,0,0
GregoryCrewd_TL_26 · Sign-ups,2026-07-24,0,0,0,0
HankWillisT_LE_26 · Enter draw,2026-07-24,0,0,0,0
JaumePlen_LE_26 · Enter draw,2026-07-24,46856.0,39657.0,691.0,477.94
LY_LE_26 · Enter draw,2026-07-24,0,0,0,0
YoonHyup_LE_26 · Enter draw,2026-07-24,0,0,0,0
ZengFanzhi_TL_26 · Enter draw,2026-07-24,0,0,0,0
AhmedM_Salam_26 · Enter draw,2026-07-23,31329.0,25107.0,488.0,450.38
Backside_LE_26 · Enter draw,2026-07-23,0,0,0,0
FelipePantone_LE_26 · Enter draw,2026-07-23,0,0,0,0
GiuseppePen_LE_26 · Enter draw,2026-07-23,0,0,0,0
GregoryCrewd_TL_26 · Purchases,2026-07-23,0,0,0,0
GregoryCrewd_TL_26 · Sign-ups,2026-07-23,0,0,0,0
HankWillisT_LE_26 · Enter draw,2026-07-23,0,0,0,0
JaumePlen_LE_26 · Enter draw,2026-07-23,34063.0,27037.0,720.0,352.19
LY_LE_26 · Enter draw,2026-07-23,0,0,0,0
UrsFischer_LE_26 · Enter draw,2026-07-23,0,0,0,0
YoonHyup_LE_26 · Enter draw,2026-07-23,97130.0,85905.0,831.0,1082.99
ZengFanzhi_TL_26 · Enter draw,2026-07-23,0,0,0,0
AhmedM_Salam_26 · Enter draw,2026-07-22,19888.0,17297.0,379.0,225.22
Backside_LE_26 · Enter draw,2026-07-22,0,0,0,0
FelipePantone_LE_26 · Enter draw,2026-07-22,0,0,0,0
GiuseppePen_LE_26 · Enter draw,2026-07-22,0,0,0,0
GregoryCrewd_TL_26 · Purchases,2026-07-22,0,0,0,0
GregoryCrewd_TL_26 · Sign-ups,2026-07-22,0,0,0,0
HankWillisT_LE_26 · Enter draw,2026-07-22,0,0,0,0
JaumePlen_LE_26 · Enter draw,2026-07-22,22643.0,21123.0,276.0,183.69
LY_LE_26 · Enter draw,2026-07-22,0,0,0,0
UrsFischer_LE_26 · Enter draw,2026-07-22,0,0,0,0
YoonHyup_LE_26 · Enter draw,2026-07-22,106387.0,91251.0,949.0,1353.15
ZengFanzhi_TL_26 · Enter draw,2026-07-22,59619.0,56080.0,602.0,702.04
AhmedM_Salam_26 · Enter draw,2026-07-21,7535.0,6757.0,107.0,95.63
Backside_LE_26 · Enter draw,2026-07-21,0,0,0,0
FelipePantone_LE_26 · Enter draw,2026-07-21,0,0,0,0
GiuseppePen_LE_26 · Enter draw,2026-07-21,0,0,0,0
GregoryCrewd_TL_26 · Purchases,2026-07-21,0,0,0,0
GregoryCrewd_TL_26 · Sign-ups,2026-07-21,0,0,0,0
HankWillisT_LE_26 · Enter draw,2026-07-21,0,0,0,0
JaumePlen_LE_26 · Enter draw,2026-07-21,0,0,0,0
LY_LE_26 · Enter draw,2026-07-21,0,0,0,0
UrsFischer_LE_26 · Enter draw,2026-07-21,0,0,0,0
YoonHyup_LE_26 · Enter draw,2026-07-21,88762.0,77072.0,920.0,991.77
ZengFanzhi_TL_26 · Enter draw,2026-07-21,159983.0,144029.0,1518.0,1571.34
AhmedM_Salam_26 · Enter draw,2026-07-20,10327.0,9067.0,114.0,94.57
Backside_LE_26 · Enter draw,2026-07-20,0,0,0,0
FelipePantone_LE_26 · Enter draw,2026-07-20,0,0,0,0
GregoryCrewd_TL_26 · Purchases,2026-07-20,0,0,0,0
GregoryCrewd_TL_26 · Sign-ups,2026-07-20,0,0,0,0
HankWillisT_LE_26 · Enter draw,2026-07-20,0,0,0,0
JaumePlen_LE_26 · Enter draw,2026-07-20,0,0,0,0
LY_LE_26 · Enter draw,2026-07-20,0,0,0,0
UrsFischer_LE_26 · Enter draw,2026-07-20,0,0,0,0
YoonHyup_LE_26 · Enter draw,2026-07-20,90016.0,79439.0,993.0,1005.5
ZengFanzhi_TL_26 · Enter draw,2026-07-20,60775.0,50263.0,817.0,769.71
AhmedM_Salam_26 · Enter draw,2026-07-19,0,0,0,0
Backside_LE_26 · Enter draw,2026-07-19,0,0,0,0
FelipePantone_LE_26 · Enter draw,2026-07-19,0,0,0,0
GiuseppePen_LE_26 · Enter draw,2026-07-19,0,0,0,0
GregoryCrewd_TL_26 · Purchases,2026-07-19,0,0,0,0
GregoryCrewd_TL_26 · Sign-ups,2026-07-19,0,0,0,0
HankWillisT_LE_26 · Enter draw,2026-07-19,0,0,0,0
JaumePlen_LE_26 · Enter draw,2026-07-19,0,0,0,0
LY_LE_26 · Enter draw,2026-07-19,0,0,0,0
UrsFischer_LE_26 · Enter draw,2026-07-19,0,0,0,0
YoonHyup_LE_26 · Enter draw,2026-07-19,101312.0,87882.0,1309.0,1148.25
ZengFanzhi_TL_26 · Enter draw,2026-07-19,31018.0,28060.0,437.0,340.15
AhmedM_Salam_26 · Enter draw,2026-07-18,0,0,0,0
Backside_LE_26 · Enter draw,2026-07-18,0,0,0,0
FelipePantone_LE_26 · Enter draw,2026-07-18,0,0,0,0
GiuseppePen_LE_26 · Enter draw,2026-07-18,0,0,0,0
GregoryCrewd_TL_26 · Purchases,2026-07-18,0,0,0,0
GregoryCrewd_TL_26 · Sign-ups,2026-07-18,0,0,0,0
HankWillisT_LE_26 · Enter draw,2026-07-18,0,0,0,0
JaumePlen_LE_26 · Enter draw,2026-07-18,0,0,0,0
LY_LE_26 · Enter draw,2026-07-18,0,0,0,0
YoonHyup_LE_26 · Enter draw,2026-07-18,95954.0,81616.0,1184.0,993.22
ZengFanzhi_TL_26 · Enter draw,2026-07-18,45918.0,38868.0,482.0,567.24
AhmedM_Salam_26 · Enter draw,2026-07-17,0,0,0,0
Backside_LE_26 · Enter draw,2026-07-17,0,0,0,0
FelipePantone_LE_26 · Enter draw,2026-07-17,0,0,0,0
GiuseppePen_LE_26 · Enter draw,2026-07-17,0,0,0,0
GregoryCrewd_TL_26 · Purchases,2026-07-17,0,0,0,0
GregoryCrewd_TL_26 · Sign-ups,2026-07-17,0,0,0,0
HankWillisT_LE_26 · Enter draw,2026-07-17,0,0,0,0
JaumePlen_LE_26 · Enter draw,2026-07-17,0,0,0,0
LY_LE_26 · Enter draw,2026-07-17,0,0,0,0
UrsFischer_LE_26 · Enter draw,2026-07-17,0,0,0,0
YoonHyup_LE_26 · Enter draw,2026-07-17,80951.0,69418.0,849.0,708.53
ZengFanzhi_TL_26 · Enter draw,2026-07-17,63957.0,57533.0,512.0,461.59
AhmedM_Salam_26 · Enter draw,2026-07-16,0,0,0,0
Backside_LE_26 · Enter draw,2026-07-16,0,0,0,0
FelipePantone_LE_26 · Enter draw,2026-07-16,0,0,0,0
GiuseppePen_LE_26 · Enter draw,2026-07-16,0,0,0,0
GregoryCrewd_TL_26 · Purchases,2026-07-16,0,0,0,0
GregoryCrewd_TL_26 · Sign-ups,2026-07-16,0,0,0,0
HankWillisT_LE_26 · Enter draw,2026-07-16,0,0,0,0
JaumePlen_LE_26 · Enter draw,2026-07-16,0,0,0,0
LY_LE_26 · Enter draw,2026-07-16,0,0,0,0
UrsFischer_LE_26 · Enter draw,2026-07-16,0,0,0,0
YoonHyup_LE_26 · Enter draw,2026-07-16,93164.0,79692.0,918.0,716.98
ZengFanzhi_TL_26 · Enter draw,2026-07-16,0,0,0,0
AhmedM_Salam_26 · Enter draw,2026-07-15,0,0,0,0
Backside_LE_26 · Enter draw,2026-07-15,0,0,0,0
FelipePantone_LE_26 · Enter draw,2026-07-15,0,0,0,0
GiuseppePen_LE_26 · Enter draw,2026-07-15,0,0,0,0
GregoryCrewd_TL_26 · Purchases,2026-07-15,0,0,0,0
GregoryCrewd_TL_26 · Sign-ups,2026-07-15,0,0,0,0
HankWillisT_LE_26 · Enter draw,2026-07-15,0,0,0,0
JaumePlen_LE_26 · Enter draw,2026-07-15,0,0,0,0
LY_LE_26 · Enter draw,2026-07-15,0,0,0,0
UrsFischer_LE_26 · Enter draw,2026-07-15,0,0,0,0
YoonHyup_LE_26 · Enter draw,2026-07-15,48801.0,40852.0,535.0,368.67
ZengFanzhi_TL_26 · Enter draw,2026-07-15,0,0,0,0
AhmedM_Salam_26 · Enter draw,2026-07-14,0,0,0,0
Backside_LE_26 · Enter draw,2026-07-14,14068.0,12238.0,241.0,130.25
FelipePantone_LE_26 · Enter draw,2026-07-14,0,0,0,0
GiuseppePen_LE_26 · Enter draw,2026-07-14,0,0,0,0
GregoryCrewd_TL_26 · Purchases,2026-07-14,0,0,0,0
GregoryCrewd_TL_26 · Sign-ups,2026-07-14,0,0,0,0
HankWillisT_LE_26 · Enter draw,2026-07-14,0,0,0,0
JaumePlen_LE_26 · Enter draw,2026-07-14,0,0,0,0
JohnsonTs_Alliance_26 · Enter draw,2026-07-14,0,0,0,0
LY_LE_26 · Enter draw,2026-07-14,0,0,0,0
UrsFischer_LE_26 · Enter draw,2026-07-14,0,0,0,0
YoonHyup_LE_26 · Enter draw,2026-07-14,26509.0,22352.0,416.0,244.7
ZengFanzhi_TL_26 · Enter draw,2026-07-14,0,0,0,0
AhmedM_Salam_26 · Enter draw,2026-07-13,10571.0,9469.0,178.0,160.82
Backside_LE_26 · Enter draw,2026-07-13,17123.0,14513.0,371.0,168.74
FelipePantone_LE_26 · Enter draw,2026-07-13,0,0,0,0
GiuseppePen_LE_26 · Enter draw,2026-07-13,0,0,0,0
GregoryCrewd_TL_26 · Purchases,2026-07-13,0,0,0,0
GregoryCrewd_TL_26 · Sign-ups,2026-07-13,0,0,0,0
HankWillisT_LE_26 · Enter draw,2026-07-13,0,0,0,0
JaumePlen_LE_26 · Enter draw,2026-07-13,6119.0,5678.0,88.0,57.17
JohnsonTs_Alliance_26 · Enter draw,2026-07-13,0,0,0,0
LY_LE_26 · Enter draw,2026-07-13,0,0,0,0
UrsFischer_LE_26 · Enter draw,2026-07-13,0,0,0,0
YoonHyup_LE_26 · Enter draw,2026-07-13,21892.0,17804.0,468.0,208.49
ZengFanzhi_TL_26 · Enter draw,2026-07-13,46872.0,43871.0,327.0,396.3
AhmedM_Salam_26 · Enter draw,2026-07-12,26363.0,22806.0,439.0,352.13
Backside_LE_26 · Enter draw,2026-07-12,21283.0,17671.0,405.0,223.18
FelipePantone_LE_26 · Enter draw,2026-07-12,0,0,0,0
GregoryCrewd_TL_26 · Purchases,2026-07-12,0,0,0,0
GregoryCrewd_TL_26 · Sign-ups,2026-07-12,0,0,0,0
HankWillisT_LE_26 · Enter draw,2026-07-12,0,0,0,0
JaumePlen_LE_26 · Enter draw,2026-07-12,15195.0,13118.0,202.0,127.96
JohnsonTs_Alliance_26 · Enter draw,2026-07-12,0,0,0,0
LY_LE_26 · Enter draw,2026-07-12,0,0,0,0
UrsFischer_LE_26 · Enter draw,2026-07-12,0,0,0,0
YoonHyup_LE_26 · Enter draw,2026-07-12,12679.0,10022.0,338.0,127.09
ZengFanzhi_TL_26 · Enter draw,2026-07-12,115721.0,103055.0,814.0,1079.73
AhmedM_Salam_26 · Enter draw,2026-07-11,29956.0,26371.0,544.0,380.0
Backside_LE_26 · Enter draw,2026-07-11,17545.0,14213.0,384.0,190.37
FelipePantone_LE_26 · Enter draw,2026-07-11,0,0,0,0
GiuseppePen_LE_26 · Enter draw,2026-07-11,0,0,0,0
GregoryCrewd_TL_26 · Purchases,2026-07-11,0,0,0,0
GregoryCrewd_TL_26 · Sign-ups,2026-07-11,0,0,0,0
HankWillisT_LE_26 · Enter draw,2026-07-11,0,0,0,0
JaumePlen_LE_26 · Enter draw,2026-07-11,13529.0,11708.0,225.0,128.71
JohnsonTs_Alliance_26 · Enter draw,2026-07-11,0,0,0,0
LY_LE_26 · Enter draw,2026-07-11,0,0,0,0
UrsFischer_LE_26 · Enter draw,2026-07-11,0,0,0,0
YoonHyup_LE_26 · Enter draw,2026-07-11,11781.0,9198.0,380.0,119.74
ZengFanzhi_TL_26 · Enter draw,2026-07-11,129460.0,116028.0,937.0,1173.15
AhmedM_Salam_26 · Enter draw,2026-07-10,29279.0,25027.0,652.0,341.83
Backside_LE_26 · Enter draw,2026-07-10,19711.0,15023.0,414.0,213.43
FelipePantone_LE_26 · Enter draw,2026-07-10,0,0,0,0
GiuseppePen_LE_26 · Enter draw,2026-07-10,0,0,0,0
GregoryCrewd_TL_26 · Purchases,2026-07-10,0,0,0,0
GregoryCrewd_TL_26 · Sign-ups,2026-07-10,0,0,0,0
HankWillisT_LE_26 · Enter draw,2026-07-10,0,0,0,0
JaumePlen_LE_26 · Enter draw,2026-07-10,9496.0,8598.0,118.0,79.38
JohnsonTs_Alliance_26 · Enter draw,2026-07-10,0,0,0,0
LY_LE_26 · Enter draw,2026-07-10,0,0,0,0
UrsFischer_LE_26 · Enter draw,2026-07-10,0,0,0,0
YoonHyup_LE_26 · Enter draw,2026-07-10,7838.0,6519.0,275.0,73.03
ZengFanzhi_TL_26 · Enter draw,2026-07-10,105709.0,93046.0,699.0,902.69
AhmedM_Salam_26 · Enter draw,2026-07-09,20669.0,18959.0,306.0,196.6
Backside_LE_26 · Enter draw,2026-07-09,5894.0,5114.0,101.0,59.66
FelipePantone_LE_26 · Enter draw,2026-07-09,0,0,0,0
GiuseppePen_LE_26 · Enter draw,2026-07-09,0,0,0,0
GregoryCrewd_TL_26 · Purchases,2026-07-09,0,0,0,0
GregoryCrewd_TL_26 · Sign-ups,2026-07-09,0,0,0,0
HankWillisT_LE_26 · Enter draw,2026-07-09,0,0,0,0
JohnsonTs_Alliance_26 · Enter draw,2026-07-09,0,0,0,0
LY_LE_26 · Enter draw,2026-07-09,0,0,0,0
UrsFischer_LE_26 · Enter draw,2026-07-09,0,0,0,0
ZengFanzhi_TL_26 · Enter draw,2026-07-09,125993.0,106036.0,908.0,949.4
AhmedM_Salam_26 · Enter draw,2026-07-08,9510.0,8153.0,197.0,83.22
CindySher_LE_26 · Enter draw,2026-07-08,0,0,0,0
FelipePantone_LE_26 · Enter draw,2026-07-08,0,0,0,0
GiuseppePen_LE_26 · Enter draw,2026-07-08,0,0,0,0
GregoryCrewd_TL_26 · Purchases,2026-07-08,0,0,0,0
GregoryCrewd_TL_26 · Sign-ups,2026-07-08,0,0,0,0
HankWillisT_LE_26 · Enter draw,2026-07-08,0,0,0,0
JohnsonTs_Alliance_26 · Enter draw,2026-07-08,0,0,0,0
LY_LE_26 · Enter draw,2026-07-08,0,0,0,0
UrsFischer_LE_26 · Enter draw,2026-07-08,0,0,0,0
ZengFanzhi_TL_26 · Enter draw,2026-07-08,79298.0,70047.0,591.0,616.07
AhmedM_Salam_26 · Enter draw,2026-07-07,15220.0,13054.0,389.0,160.61
AiWeiwei_Guardian2_26 · Purchases,2026-07-07,0,0,0,0
CindySher_LE_26 · Enter draw,2026-07-07,0,0,0,0
FelipePantone_LE_26 · Enter draw,2026-07-07,0,0,0,0
GiuseppePen_LE_26 · Enter draw,2026-07-07,0,0,0,0
GregoryCrewd_TL_26 · Purchases,2026-07-07,0,0,0,0
GregoryCrewd_TL_26 · Sign-ups,2026-07-07,0,0,0,0
HankWillisT_LE_26 · Enter draw,2026-07-07,0,0,0,0
JohnsonTs_Alliance_26 · Enter draw,2026-07-07,0,0,0,0
LY_LE_26 · Enter draw,2026-07-07,1593.0,1506.0,36.0,7.85
UrsFischer_LE_26 · Enter draw,2026-07-07,0,0,0,0
ZengFanzhi_TL_26 · Enter draw,2026-07-07,62402.0,54183.0,619.0,592.07
AhmedM_Salam_26 · Enter draw,2026-07-06,20741.0,17528.0,463.0,188.78
AiWeiwei_Guardian2_26 · Purchases,2026-07-06,0,0,0,0
CindySher_LE_26 · Enter draw,2026-07-06,0,0,0,0
FelipePantone_LE_26 · Enter draw,2026-07-06,0,0,0,0
GiuseppePen_LE_26 · Enter draw,2026-07-06,0,0,0,0
GregoryCrewd_TL_26 · Purchases,2026-07-06,0,0,0,0
GregoryCrewd_TL_26 · Sign-ups,2026-07-06,0,0,0,0
HankWillisT_LE_26 · Enter draw,2026-07-06,0,0,0,0
JohnsonTs_Alliance_26 · Enter draw,2026-07-06,0,0,0,0
LY_LE_26 · Enter draw,2026-07-06,73496.0,63744.0,877.0,506.25
UrsFischer_LE_26 · Enter draw,2026-07-06,0,0,0,0
ZengFanzhi_TL_26 · Enter draw,2026-07-06,62621.0,55839.0,611.0,466.87
AiWeiwei_Guardian2_26 · Purchases,2026-07-05,0,0,0,0
CindySher_LE_26 · Enter draw,2026-07-05,0,0,0,0
FelipePantone_LE_26 · Enter draw,2026-07-05,0,0,0,0
GiuseppePen_LE_26 · Enter draw,2026-07-05,0,0,0,0
GregoryCrewd_TL_26 · Purchases,2026-07-05,0,0,0,0
GregoryCrewd_TL_26 · Sign-ups,2026-07-05,0,0,0,0
HankWillisT_LE_26 · Enter draw,2026-07-05,0,0,0,0
JohnsonTs_Alliance_26 · Enter draw,2026-07-05,0,0,0,0
LY_LE_26 · Enter draw,2026-07-05,22841.0,20375.0,307.0,179.31
UrsFischer_LE_26 · Enter draw,2026-07-05,0,0,0,0
ZengFanzhi_TL_26 · Enter draw,2026-07-05,21497.0,19122.0,214.0,174.08
AiWeiwei_Guardian2_26 · Purchases,2026-07-04,0,0,0,0
CindySher_LE_26 · Enter draw,2026-07-04,0,0,0,0
FelipePantone_LE_26 · Enter draw,2026-07-04,0,0,0,0
GiuseppePen_LE_26 · Enter draw,2026-07-04,0,0,0,0
GregoryCrewd_TL_26 · Purchases,2026-07-04,0,0,0,0
GregoryCrewd_TL_26 · Sign-ups,2026-07-04,0,0,0,0
HankWillisT_LE_26 · Enter draw,2026-07-04,0,0,0,0
JohnsonTs_Alliance_26 · Enter draw,2026-07-04,0,0,0,0
UrsFischer_LE_26 · Enter draw,2026-07-04,0,0,0,0
ZengFanzhi_TL_26 · Enter draw,2026-07-04,23016.0,20735.0,264.0,172.69
AiWeiwei_Guardian2_26 · Purchases,2026-07-03,0,0,0,0
CindySher_LE_26 · Enter draw,2026-07-03,0,0,0,0
FelipePantone_LE_26 · Enter draw,2026-07-03,0,0,0,0
GiuseppePen_LE_26 · Enter draw,2026-07-03,0,0,0,0
GregoryCrewd_TL_26 · Purchases,2026-07-03,0,0,0,0
GregoryCrewd_TL_26 · Sign-ups,2026-07-03,0,0,0,0
HankWillisT_LE_26 · Enter draw,2026-07-03,0,0,0,0
JohnsonTs_Alliance_26 · Enter draw,2026-07-03,0,0,0,0
UrsFischer_LE_26 · Enter draw,2026-07-03,0,0,0,0
ZengFanzhi_TL_26 · Enter draw,2026-07-03,17872.0,15936.0,184.0,125.67
AiWeiwei_Guardian2_26 · Purchases,2026-07-02,0,0,0,0
CindySher_LE_26 · Enter draw,2026-07-02,0,0,0,0
FelipePantone_LE_26 · Enter draw,2026-07-02,0,0,0,0
GiuseppePen_LE_26 · Enter draw,2026-07-02,0,0,0,0
GregoryCrewd_TL_26 · Purchases,2026-07-02,360804.0,330868.0,5925.0,4800.52
GregoryCrewd_TL_26 · Sign-ups,2026-07-02,0,0,0,0
HankWillisT_LE_26 · Enter draw,2026-07-02,0,0,0,0
JohnsonTs_Alliance_26 · Enter draw,2026-07-02,0,0,0,0
UrsFischer_LE_26 · Enter draw,2026-07-02,0,0,0,0
ZengFanzhi_TL_26 · Enter draw,2026-07-02,15758.0,13616.0,292.0,128.48
AiWeiwei_Guardian2_26 · Purchases,2026-07-01,0,0,0,0
CindySher_LE_26 · Enter draw,2026-07-01,0,0,0,0
FelipePantone_LE_26 · Enter draw,2026-07-01,0,0,0,0
GiuseppePen_LE_26 · Enter draw,2026-07-01,0,0,0,0
GregoryCrewd_TL_26 · Purchases,2026-07-01,419345.0,372849.0,6337.0,4738.49
GregoryCrewd_TL_26 · Sign-ups,2026-07-01,0,0,0,0
HankWillisT_LE_26 · Enter draw,2026-07-01,0,0,0,0
JohnsonTs_Alliance_26 · Enter draw,2026-07-01,0,0,0,0
UrsFischer_LE_26 · Enter draw,2026-07-01,0,0,0,0
ZengFanzhi_TL_26 · Enter draw,2026-07-01,8544.0,8093.0,122.0,63.69
AiWeiwei_Guardian2_26 · Purchases,2026-06-30,0,0,0,0
CindySher_LE_26 · Enter draw,2026-06-30,0,0,0,0
FelipePantone_LE_26 · Enter draw,2026-06-30,0,0,0,0
GiuseppePen_LE_26 · Enter draw,2026-06-30,0,0,0,0
GregoryCrewd_TL_26 · Purchases,2026-06-30,66216.0,57418.0,1315.0,820.49
GregoryCrewd_TL_26 · Sign-ups,2026-06-30,154735.0,141012.0,2132.0,1677.13
HankWillisT_LE_26 · Enter draw,2026-06-30,35696.0,33612.0,661.0,522.42
JohnsonTs_Alliance_26 · Enter draw,2026-06-30,0,0,0,0
UrsFischer_LE_26 · Enter draw,2026-06-30,0,0,0,0
AiWeiwei_Guardian2_26 · Purchases,2026-06-29,0,0,0,0
CindySher_LE_26 · Enter draw,2026-06-29,0,0,0,0
FelipePantone_LE_26 · Enter draw,2026-06-29,62693.0,57615.0,750.0,1221.24
GiuseppePen_LE_26 · Enter draw,2026-06-29,0,0,0,0
GregoryCrewd_TL_26 · Sign-ups,2026-06-29,336836.0,304095.0,3980.0,3071.19
HankWillisT_LE_26 · Enter draw,2026-06-29,78615.0,72327.0,1432.0,1052.12
JohnsonTs_Alliance_26 · Enter draw,2026-06-29,0,0,0,0
UrsFischer_LE_26 · Enter draw,2026-06-29,0,0,0,0
AiWeiwei_Guardian2_26 · Purchases,2026-06-28,0,0,0,0
AliceB_AIB_25 · Purchases,2026-06-28,0,0,0,0
CindySher_LE_26 · Enter draw,2026-06-28,0,0,0,0
FelipePantone_LE_26 · Enter draw,2026-06-28,79221.0,72827.0,1040.0,1228.01
GiuseppePen_LE_26 · Enter draw,2026-06-28,0,0,0,0
GregoryCrewd_TL_26 · Sign-ups,2026-06-28,364143.0,343425.0,4452.0,3376.68
HankWillisT_LE_26 · Enter draw,2026-06-28,49406.0,44784.0,850.0,773.46
JohnsonTs_Alliance_26 · Enter draw,2026-06-28,0,0,0,0
UrsFischer_LE_26 · Enter draw,2026-06-28,0,0,0,0
AiWeiwei_Guardian2_26 · Purchases,2026-06-27,0,0,0,0
AiWeiwei_Guardian2_26 · Sign-ups,2026-06-27,0,0,0,0
AliceB_AIB_25 · Purchases,2026-06-27,0,0,0,0
CindySher_LE_26 · Enter draw,2026-06-27,0,0,0,0
FelipePantone_LE_26 · Enter draw,2026-06-27,70056.0,61670.0,930.0,984.55
GiuseppePen_LE_26 · Enter draw,2026-06-27,13156.0,12050.0,469.0,89.07
GregoryCrewd_TL_26 · Sign-ups,2026-06-27,428762.0,397497.0,5455.0,3697.9
HankWillisT_LE_26 · Enter draw,2026-06-27,53468.0,48888.0,998.0,871.97
JohnsonTs_Alliance_26 · Enter draw,2026-06-27,0,0,0,0
UrsFischer_LE_26 · Enter draw,2026-06-27,0,0,0,0
AiWeiwei_Guardian2_26 · Purchases,2026-06-26,0,0,0,0
AiWeiwei_Guardian2_26 · Sign-ups,2026-06-26,0,0,0,0
AliceB_AIB_25 · Purchases,2026-06-26,0,0,0,0
CindySher_LE_26 · Enter draw,2026-06-26,0,0,0,0
FelipePantone_LE_26 · Enter draw,2026-06-26,69406.0,61622.0,976.0,1017.08
GiuseppePen_LE_26 · Enter draw,2026-06-26,33588.0,30137.0,1090.0,215.26
GregoryCrewd_TL_26 · Sign-ups,2026-06-26,286848.0,233001.0,2779.0,2495.34
HankWillisT_LE_26 · Enter draw,2026-06-26,69313.0,61099.0,860.0,1109.19
JohnsonTs_Alliance_26 · Enter draw,2026-06-26,0,0,0,0
UrsFischer_LE_26 · Enter draw,2026-06-26,0,0,0,0
AiWeiwei_Guardian2_26 · Purchases,2026-06-25,0,0,0,0
AiWeiwei_Guardian2_26 · Sign-ups,2026-06-25,0,0,0,0
Albers_LE_26 · Enter draw,2026-06-25,0,0,0,0
AliceB_AIB_25 · Purchases,2026-06-25,0,0,0,0
CindySher_LE_26 · Enter draw,2026-06-25,0,0,0,0
FelipePantone_LE_26 · Enter draw,2026-06-25,52874.0,47108.0,911.0,960.71
GiuseppePen_LE_26 · Enter draw,2026-06-25,46513.0,39939.0,1407.0,334.21
GregoryCrewd_TL_26 · Sign-ups,2026-06-25,334297.0,312909.0,4624.0,3128.35
HankWillisT_LE_26 · Enter draw,2026-06-25,58295.0,52643.0,955.0,1010.63
JohnsonTs_Alliance_26 · Enter draw,2026-06-25,0,0,0,0
UrsFischer_LE_26 · Enter draw,2026-06-25,20256.0,19017.0,320.0,413.17
AiWeiwei_Guardian2_26 · Purchases,2026-06-24,0,0,0,0
AiWeiwei_Guardian2_26 · Sign-ups,2026-06-24,0,0,0,0
Albers_LE_26 · Enter draw,2026-06-24,0,0,0,0
AliceB_AIB_25 · Purchases,2026-06-24,0,0,0,0
CindySher_LE_26 · Enter draw,2026-06-24,0,0,0,0
FelipePantone_LE_26 · Enter draw,2026-06-24,102931.0,94857.0,1500.0,1652.98
GiuseppePen_LE_26 · Enter draw,2026-06-24,45475.0,39672.0,880.0,307.7
GregoryCrewd_TL_26 · Sign-ups,2026-06-24,323907.0,302913.0,4908.0,2795.67
HankWillisT_LE_26 · Enter draw,2026-06-24,52545.0,47751.0,818.0,888.29
JohnsonTs_Alliance_26 · Enter draw,2026-06-24,0,0,0,0
UrsFischer_LE_26 · Enter draw,2026-06-24,45446.0,41762.0,584.0,800.2
AiWeiwei_Guardian2_26 · Purchases,2026-06-23,0,0,0,0
AiWeiwei_Guardian2_26 · Sign-ups,2026-06-23,0,0,0,0
Albers_LE_26 · Enter draw,2026-06-23,0,0,0,0
AliceB_AIB_25 · Purchases,2026-06-23,0,0,0,0
CindySher_LE_26 · Enter draw,2026-06-23,0,0,0,0
FelipePantone_LE_26 · Enter draw,2026-06-23,161286.0,146180.0,2061.0,2246.91
GiuseppePen_LE_26 · Enter draw,2026-06-23,20802.0,18719.0,243.0,134.59
GregoryCrewd_TL_26 · Sign-ups,2026-06-23,317644.0,288571.0,5021.0,2528.61
HankWillisT_LE_26 · Enter draw,2026-06-23,61779.0,55162.0,879.0,997.05
JohnsonTs_Alliance_26 · Enter draw,2026-06-23,0,0,0,0
UrsFischer_LE_26 · Enter draw,2026-06-23,48954.0,43371.0,585.0,847.14
AiWeiwei_Guardian2_26 · Purchases,2026-06-22,0,0,0,0
AiWeiwei_Guardian2_26 · Sign-ups,2026-06-22,0,0,0,0
Albers_LE_26 · Enter draw,2026-06-22,0,0,0,0
AliceB_AIB_25 · Purchases,2026-06-22,0,0,0,0
CindySher_LE_26 · Enter draw,2026-06-22,0,0,0,0
FelipePantone_LE_26 · Enter draw,2026-06-22,212235.0,187368.0,2693.0,2304.89
GiuseppePen_LE_26 · Enter draw,2026-06-22,22014.0,19311.0,249.0,113.46
GregoryCrewd_TL_26 · Sign-ups,2026-06-22,317527.0,289605.0,5335.0,2457.38
HankWillisT_LE_26 · Enter draw,2026-06-22,60822.0,55709.0,839.0,884.58
JohnsonTs_Alliance_26 · Enter draw,2026-06-22,0,0,0,0
UrsFischer_LE_26 · Enter draw,2026-06-22,30363.0,26965.0,430.0,524.54
AiWeiwei_Guardian2_26 · Purchases,2026-06-21,0,0,0,0
AiWeiwei_Guardian2_26 · Sign-ups,2026-06-21,0,0,0,0
Albers_LE_26 · Enter draw,2026-06-21,0,0,0,0
AliceB_AIB_25 · Purchases,2026-06-21,0,0,0,0
CindySher_LE_26 · Enter draw,2026-06-21,0,0,0,0
FelipePantone_LE_26 · Enter draw,2026-06-21,135067.0,125407.0,2279.0,1732.44
GiuseppePen_LE_26 · Enter draw,2026-06-21,26002.0,22095.0,386.0,113.5
GregoryCrewd_TL_26 · Sign-ups,2026-06-21,326671.0,297873.0,5506.0,2522.04
HankWillisT_LE_26 · Enter draw,2026-06-21,35378.0,31887.0,584.0,726.56
JR: Boost - Impressions,2026-06-21,528988.0,457859.0,443.0,13.07
JohnsonTs_Alliance_26 · Enter draw,2026-06-21,0,0,0,0
UrsFischer_LE_26 · Enter draw,2026-06-21,19080.0,16692.0,316.0,289.15
AiWeiwei_Guardian2_26 · Purchases,2026-06-20,0,0,0,0
AiWeiwei_Guardian2_26 · Sign-ups,2026-06-20,0,0,0,0
Albers_LE_26 · Enter draw,2026-06-20,0,0,0,0
AliceB_AIB_25 · Purchases,2026-06-20,0,0,0,0
CindySher_LE_26 · Enter draw,2026-06-20,0,0,0,0
FelipePantone_LE_26 · Enter draw,2026-06-20,149500.0,135783.0,3143.0,1771.72
GiuseppePen_LE_26 · Enter draw,2026-06-20,16625.0,13933.0,301.0,106.25
GregoryCrewd_TL_26 · Sign-ups,2026-06-20,297012.0,274364.0,5584.0,2324.89
HankWillisT_LE_26 · Enter draw,2026-06-20,41630.0,36159.0,602.0,839.34
JR: Boost - Impressions,2026-06-20,749647.0,719210.0,735.0,21.6
JohnsonTs_Alliance_26 · Enter draw,2026-06-20,0,0,0,0
UrsFischer_LE_26 · Enter draw,2026-06-20,18221.0,16431.0,318.0,248.45
AiWeiwei_Guardian2_26 · Purchases,2026-06-19,0,0,0,0
AiWeiwei_Guardian2_26 · Sign-ups,2026-06-19,0,0,0,0
Albers_LE_26 · Enter draw,2026-06-19,0,0,0,0
AliceB_AIB_25 · Purchases,2026-06-19,0,0,0,0
CindySher_LE_26 · Enter draw,2026-06-19,0,0,0,0
FelipePantone_LE_26 · Enter draw,2026-06-19,103723.0,89166.0,2691.0,1131.88
GregoryCrewd_TL_26 · Sign-ups,2026-06-19,280026.0,251003.0,5482.0,2159.96
HankWillisT_LE_26 · Enter draw,2026-06-19,42743.0,39164.0,664.0,699.6
JohnsonTs_Alliance_26 · Enter draw,2026-06-19,0,0,0,0
UrsFischer_LE_26 · Enter draw,2026-06-19,21251.0,18381.0,325.0,301.65
AiWeiwei_Guardian2_26 · Purchases,2026-06-18,0,0,0,0
AiWeiwei_Guardian2_26 · Sign-ups,2026-06-18,0,0,0,0
Albers_LE_26 · Enter draw,2026-06-18,0,0,0,0
AliceB_AIB_25 · Purchases,2026-06-18,0,0,0,0
CindySher_LE_26 · Enter draw,2026-06-18,0,0,0,0
FelipePantone_LE_26 · Enter draw,2026-06-18,62207.0,56741.0,1576.0,497.35
GregoryCrewd_TL_26 · Sign-ups,2026-06-18,319842.0,287433.0,5947.0,2175.77
HankWillisT_LE_26 · Enter draw,2026-06-18,40937.0,36205.0,734.0,744.23
JohnsonTs_Alliance_26 · Enter draw,2026-06-18,0,0,0,0
UrsFischer_LE_26 · Enter draw,2026-06-18,9669.0,8714.0,114.0,118.72
AiWeiwei_Guardian2_26 · Purchases,2026-06-17,0,0,0,0
AiWeiwei_Guardian2_26 · Sign-ups,2026-06-17,0,0,0,0
Albers_LE_26 · Enter draw,2026-06-17,0,0,0,0
AliceB_AIB_25 · Purchases,2026-06-17,0,0,0,0
CindySher_LE_26 · Enter draw,2026-06-17,0,0,0,0
GregoryCrewd_TL_26 · Sign-ups,2026-06-17,244200.0,219608.0,4391.0,1778.46
HankWillisT_LE_26 · Enter draw,2026-06-17,52625.0,46430.0,805.0,712.26
JohnsonTs_Alliance_26 · Enter draw,2026-06-17,24275.0,22519.0,341.0,212.37
UrsFischer_LE_26 · Enter draw,2026-06-17,0,0,0,0
AiWeiwei_Guardian2_26 · Purchases,2026-06-16,0,0,0,0
AiWeiwei_Guardian2_26 · Sign-ups,2026-06-16,0,0,0,0
Albers_LE_26 · Enter draw,2026-06-16,0,0,0,0
AliceB_AIB_25 · Purchases,2026-06-16,0,0,0,0
AntonyMic_LE_26 · Enter draw,2026-06-16,0,0,0,0
CindySher_LE_26 · Enter draw,2026-06-16,0,0,0,0
GregoryCrewd_TL_26 · Sign-ups,2026-06-16,226316.0,204088.0,4758.0,1641.79
HankWillisT_LE_26 · Enter draw,2026-06-16,38813.0,35241.0,534.0,475.88
JohnsonTs_Alliance_26 · Enter draw,2026-06-16,45916.0,42584.0,599.0,384.29
UrsFischer_LE_26 · Enter draw,2026-06-16,14303.0,13239.0,118.0,153.85
AiWeiwei_Guardian2_26 · Purchases,2026-06-15,0,0,0,0
AiWeiwei_Guardian2_26 · Sign-ups,2026-06-15,0,0,0,0
Albers_LE_26 · Enter draw,2026-06-15,0,0,0,0
AliceB_AIB_25 · Purchases,2026-06-15,0,0,0,0
CindySher_LE_26 · Enter draw,2026-06-15,0,0,0,0
GregoryCrewd_TL_26 · Sign-ups,2026-06-15,225298.0,202750.0,5246.0,1498.41
HankWillisT_LE_26 · Enter draw,2026-06-15,37806.0,33191.0,559.0,428.83
JohnsonTs_Alliance_26 · Enter draw,2026-06-15,52628.0,48952.0,954.0,395.8
UrsFischer_LE_26 · Enter draw,2026-06-15,22437.0,20328.0,178.0,249.1
AiWeiwei_Guardian2_26 · Purchases,2026-06-14,0,0,0,0
AiWeiwei_Guardian2_26 · Sign-ups,2026-06-14,0,0,0,0
Albers_LE_26 · Enter draw,2026-06-14,0,0,0,0
AliceB_AIB_25 · Purchases,2026-06-14,0,0,0,0
AntonyMic_LE_26 · Enter draw,2026-06-14,0,0,0,0
CindySher_LE_26 · Enter draw,2026-06-14,0,0,0,0
GregoryCrewd_TL_26 · Sign-ups,2026-06-14,215473.0,187708.0,6760.0,1496.86
HankWillisT_LE_26 · Enter draw,2026-06-14,33880.0,29912.0,533.0,412.73
JohnsonTs_Alliance_26 · Enter draw,2026-06-14,50264.0,45750.0,769.0,435.76
UrsFischer_LE_26 · Enter draw,2026-06-14,24240.0,20878.0,255.0,258.42
AiWeiwei_Guardian2_26 · Purchases,2026-06-13,0,0,0,0
AiWeiwei_Guardian2_26 · Sign-ups,2026-06-13,0,0,0,0
Albers_LE_26 · Enter draw,2026-06-13,0,0,0,0
AliceB_AIB_25 · Purchases,2026-06-13,0,0,0,0
CindySher_LE_26 · Enter draw,2026-06-13,0,0,0,0
GregoryCrewd_TL_26 · Sign-ups,2026-06-13,192661.0,170259.0,4933.0,1281.61
HankWillisT_LE_26 · Enter draw,2026-06-13,46022.0,42798.0,555.0,501.11
JohnsonTs_Alliance_26 · Enter draw,2026-06-13,49506.0,44430.0,750.0,474.71
UrsFischer_LE_26 · Enter draw,2026-06-13,31576.0,26006.0,280.0,298.08
AiWeiwei_Guardian2_26 · Purchases,2026-06-12,0,0,0,0
AiWeiwei_Guardian2_26 · Sign-ups,2026-06-12,0,0,0,0
Albers_LE_26 · Enter draw,2026-06-12,0,0,0,0
AliceB_AIB_25 · Purchases,2026-06-12,0,0,0,0
AntonyMic_LE_26 · Enter draw,2026-06-12,0,0,0,0
CindySher_LE_26 · Enter draw,2026-06-12,0,0,0,0
GregoryCrewd_TL_26 · Sign-ups,2026-06-12,157894.0,130829.0,6198.0,1254.85
HankWillisT_LE_26 · Enter draw,2026-06-12,16044.0,14490.0,211.0,230.31
JohnsonTs_Alliance_26 · Enter draw,2026-06-12,39410.0,35436.0,689.0,381.8
UrsFischer_LE_26 · Enter draw,2026-06-12,21737.0,18447.0,224.0,203.92
AiWeiwei_Guardian2_26 · Purchases,2026-06-11,0,0,0,0
AiWeiwei_Guardian2_26 · Sign-ups,2026-06-11,0,0,0,0
Albers_LE_26 · Enter draw,2026-06-11,0,0,0,0
AliceB_AIB_25 · Purchases,2026-06-11,0,0,0,0
AntonyMic_LE_26 · Enter draw,2026-06-11,0,0,0,0
CindySher_LE_26 · Enter draw,2026-06-11,0,0,0,0
GregoryCrewd_TL_26 · Sign-ups,2026-06-11,48380.0,44880.0,1195.0,298.16
HankWillisT_LE_26 · Enter draw,2026-06-11,18454.0,16356.0,406.0,244.74
JohnsonTs_Alliance_26 · Enter draw,2026-06-11,32833.0,28921.0,564.0,341.86
UrsFischer_LE_26 · Enter draw,2026-06-11,27255.0,23647.0,302.0,241.46
AiWeiwei_Guardian2_26 · Purchases,2026-06-10,0,0,0,0
AiWeiwei_Guardian2_26 · Sign-ups,2026-06-10,0,0,0,0
Albers_LE_26 · Enter draw,2026-06-10,0,0,0,0
AliceB_AIB_25 · Purchases,2026-06-10,0,0,0,0
AntonyMic_LE_26 · Enter draw,2026-06-10,0,0,0,0
CindySher_LE_26 · Enter draw,2026-06-10,128080.0,122879.0,5480.0,1406.68
HankWillisT_LE_26 · Enter draw,2026-06-10,10794.0,9492.0,291.0,135.63
JohnsonTs_Alliance_26 · Enter draw,2026-06-10,13566.0,12533.0,362.0,134.82
UrsFischer_LE_26 · Enter draw,2026-06-10,15060.0,13102.0,199.0,144.08
AiWeiwei_Guardian2_26 · Purchases,2026-06-09,259041.0,244350.0,4821.0,4093.44
AiWeiwei_Guardian2_26 · Sign-ups,2026-06-09,0,0,0,0
Albers_LE_26 · Enter draw,2026-06-09,0,0,0,0
AliceB_AIB_25 · Purchases,2026-06-09,0,0,0,0
AntonyMic_LE_26 · Enter draw,2026-06-09,0,0,0,0
CindySher_LE_26 · Enter draw,2026-06-09,132678.0,124187.0,4977.0,1339.77
EddieMart_LE_25 · Enter draw,2026-06-09,0,0,0,0
HankWillisT_LE_26 · Enter draw,2026-06-09,2125.0,1996.0,46.0,19.91
JoelMesler_TL_26 · Sign-ups,2026-06-09,0,0,0,0
JohnsonTs_Alliance_26 · Enter draw,2026-06-09,10157.0,9035.0,325.0,89.01
UrsFischer_LE_26 · Enter draw,2026-06-09,12252.0,10690.0,221.0,130.97
AiWeiwei_Guardian2_26 · Purchases,2026-06-08,341650.0,318856.0,5680.0,4353.85
AiWeiwei_Guardian2_26 · Sign-ups,2026-06-08,0,0,0,0
Albers_LE_26 · Enter draw,2026-06-08,0,0,0,0
AliceB_AIB_25 · Purchases,2026-06-08,0,0,0,0
AntonyMic_LE_26 · Enter draw,2026-06-08,0,0,0,0
CindySher_LE_26 · Enter draw,2026-06-08,38101.0,34813.0,1908.0,361.97
EddieMart_LE_25 · Enter draw,2026-06-08,0,0,0,0
UrsFischer_LE_26 · Enter draw,2026-06-08,10248.0,9883.0,126.0,70.16
AiWeiwei_Guardian2_26 · Purchases,2026-06-07,172564.0,163009.0,2937.0,2531.84
AiWeiwei_Guardian2_26 · Sign-ups,2026-06-07,0,0,0,0
Albers_LE_26 · Enter draw,2026-06-07,0,0,0,0
AliceB_AIB_25 · Purchases,2026-06-07,0,0,0,0
CindySher_LE_26 · Enter draw,2026-06-07,17219.0,13867.0,187.0,295.48
AiWeiwei_Guardian2_26 · Purchases,2026-06-06,152681.0,141567.0,2897.0,2199.2
AiWeiwei_Guardian2_26 · Sign-ups,2026-06-06,0,0,0,0
Albers_LE_26 · Enter draw,2026-06-06,0,0,0,0
AliceB_AIB_25 · Purchases,2026-06-06,0,0,0,0
AntonyMic_LE_26 · Enter draw,2026-06-06,0,0,0,0
CindySher_LE_26 · Enter draw,2026-06-06,28909.0,21649.0,355.0,505.5
EddieMart_LE_25 · Enter draw,2026-06-06,0,0,0,0
JoelMesler_TL_26 · Sign-ups,2026-06-06,0,0,0,0
AiWeiwei_Guardian2_26 · Purchases,2026-06-05,126328.0,115036.0,2701.0,1506.81
AiWeiwei_Guardian2_26 · Sign-ups,2026-06-05,0,0,0,0
Albers_LE_26 · Enter draw,2026-06-05,0,0,0,0
AliceB_AIB_25 · Purchases,2026-06-05,0,0,0,0
AntonyMic_LE_26 · Enter draw,2026-06-05,0,0,0,0
CindySher_LE_26 · Enter draw,2026-06-05,2616.0,1668.0,41.0,36.94
EddieMart_LE_25 · Enter draw,2026-06-05,0,0,0,0
JoelMesler_TL_26 · Sign-ups,2026-06-05,0,0,0,0
AiWeiwei_Guardian2_26 · Purchases,2026-06-04,98009.0,92878.0,1444.0,992.61
AiWeiwei_Guardian2_26 · Sign-ups,2026-06-04,0,0,0,0
Albers_LE_26 · Enter draw,2026-06-04,0,0,0,0
AliceB_AIB_25 · Purchases,2026-06-04,0,0,0,0
AntonyMic_LE_26 · Enter draw,2026-06-04,0,0,0,0
CindySher_LE_26 · Enter draw,2026-06-04,0,0,0,0
EddieMart_LE_25 · Enter draw,2026-06-04,0,0,0,0
AiWeiwei_Guardian2_26 · Purchases,2026-06-03,54912.0,51003.0,1051.0,535.1
AiWeiwei_Guardian2_26 · Sign-ups,2026-06-03,0,0,0,0
Albers_LE_26 · Enter draw,2026-06-03,0,0,0,0
AliceB_AIB_25 · Purchases,2026-06-03,3855.0,3134.0,65.0,42.03
AntonyMic_LE_26 · Enter draw,2026-06-03,0,0,0,0
CindySher_LE_26 · Enter draw,2026-06-03,0,0,0,0
EddieMart_LE_25 · Enter draw,2026-06-03,0,0,0,0
GraysonPerry_TL_25 · Purchases,2026-06-03,0,0,0,0
JoelMesler_TL_26 · Sign-ups,2026-06-03,0,0,0,0
AiWeiwei_Guardian2_26 · Purchases,2026-06-02,61084.0,57333.0,1387.0,534.86
AiWeiwei_Guardian2_26 · Sign-ups,2026-06-02,126327.0,117690.0,2453.0,1428.01
Albers_LE_26 · Enter draw,2026-06-02,0,0,0,0
AliceB_AIB_25 · Purchases,2026-06-02,9658.0,8777.0,104.0,76.95
AntonyMic_LE_26 · Enter draw,2026-06-02,0,0,0,0
CindySher_LE_26 · Enter draw,2026-06-02,0,0,0,0
EddieMart_LE_25 · Enter draw,2026-06-02,0,0,0,0
GraysonPerry_TL_25 · Purchases,2026-06-02,0,0,0,0
JoelMesler_TL_26 · Sign-ups,2026-06-02,0,0,0,0
Maurizio_Therapy_26 · Enter draw,2026-06-02,0,0,0,0
AiWeiwei_Guardian2_26 · Sign-ups,2026-06-01,313501.0,292231.0,5206.0,3110.42
Albers_LE_26 · Enter draw,2026-06-01,0,0,0,0
AntonyMic_LE_26 · Enter draw,2026-06-01,0,0,0,0
CindySher_LE_26 · Enter draw,2026-06-01,0,0,0,0
EddieMart_LE_25 · Enter draw,2026-06-01,0,0,0,0
GraysonPerry_TL_25 · Purchases,2026-06-01,0,0,0,0
JoelMesler_TL_26 · Sign-ups,2026-06-01,0,0,0,0
AiWeiwei_Guardian2_26 · Sign-ups,2026-05-31,348487.0,320336.0,5634.0,3201.92
Albers_LE_26 · Enter draw,2026-05-31,0,0,0,0
AntonyMic_LE_26 · Enter draw,2026-05-31,0,0,0,0
CindySher_LE_26 · Enter draw,2026-05-31,0,0,0,0
EddieMart_LE_25 · Enter draw,2026-05-31,0,0,0,0
JoelMesler_TL_26 · Sign-ups,2026-05-31,0,0,0,0
Maurizio_Therapy_26 · Enter draw,2026-05-31,0,0,0,0
AiWeiwei_Guardian2_26 · Sign-ups,2026-05-30,288971.0,268694.0,4593.0,2792.16
Albers_LE_26 · Enter draw,2026-05-30,0,0,0,0
AntonyMic_LE_26 · Enter draw,2026-05-30,0,0,0,0
CindySher_LE_26 · Enter draw,2026-05-30,34956.0,17947.0,229.0,1337.3
EddieMart_LE_25 · Enter draw,2026-05-30,0,0,0,0
JoelMesler_TL_26 · Sign-ups,2026-05-30,0,0,0,0
AiWeiwei_Guardian2_26 · Sign-ups,2026-05-29,283820.0,255288.0,4762.0,2749.13
Albers_LE_26 · Enter draw,2026-05-29,0,0,0,0
AntonyMic_LE_26 · Enter draw,2026-05-29,0,0,0,0
CindySher_LE_26 · Enter draw,2026-05-29,23624.0,16244.0,178.0,679.69
EddieMart_LE_25 · Enter draw,2026-05-29,0,0,0,0
JoelMesler_TL_26 · Sign-ups,2026-05-29,0,0,0,0
Maurizio_Therapy_26 · Enter draw,2026-05-29,0,0,0,0
AiWeiwei_Guardian2_26 · Sign-ups,2026-05-28,268537.0,251320.0,4542.0,2523.82
Albers_LE_26 · Enter draw,2026-05-28,130996.0,119594.0,1692.0,1825.58
AntonyMic_LE_26 · Enter draw,2026-05-28,0,0,0,0
CindySher_LE_26 · Enter draw,2026-05-28,26019.0,14951.0,166.0,581.65
EddieMart_LE_25 · Enter draw,2026-05-28,0,0,0,0
GraysonPerry_TL_25 · Purchases,2026-05-28,0,0,0,0
JoelMesler_TL_26 · Sign-ups,2026-05-28,0,0,0,0
Maurizio_Therapy_26 · Enter draw,2026-05-28,0,0,0,0
ShirinNeshat_TL_26 · Purchases,2026-05-28,0,0,0,0
AiWeiwei_Guardian2_26 · Sign-ups,2026-05-27,254323.0,238017.0,4033.0,2459.83
Albers_LE_26 · Enter draw,2026-05-27,188849.0,178105.0,2452.0,2748.66
AntonyMic_LE_26 · Enter draw,2026-05-27,0,0,0,0
CindySher_LE_26 · Enter draw,2026-05-27,26275.0,14276.0,216.0,574.73
EddieMart_LE_25 · Enter draw,2026-05-27,0,0,0,0
GraysonPerry_TL_25 · Purchases,2026-05-27,0,0,0,0
GraysonPerry_TL_25 · Sign-ups,2026-05-27,0,0,0,0
JoelMesler_TL_26 · Sign-ups,2026-05-27,0,0,0,0
Maurizio_Therapy_26 · Enter draw,2026-05-27,0,0,0,0
ShirinNeshat_TL_26 · Purchases,2026-05-27,0,0,0,0
AiWeiwei_Guardian2_26 · Sign-ups,2026-05-26,229042.0,214530.0,3724.0,2076.75
Albers_LE_26 · Enter draw,2026-05-26,207134.0,193565.0,2121.0,2397.14
AntonyMic_LE_26 · Enter draw,2026-05-26,0,0,0,0
CindySher_LE_26 · Enter draw,2026-05-26,25426.0,14375.0,247.0,550.78
EddieMart_LE_25 · Enter draw,2026-05-26,0,0,0,0
GraysonPerry_TL_25 · Purchases,2026-05-26,0,0,0,0
GraysonPerry_TL_25 · Sign-ups,2026-05-26,0,0,0,0
JoelMesler_TL_26 · Sign-ups,2026-05-26,0,0,0,0
Maurizio_Therapy_26 · Enter draw,2026-05-26,0,0,0,0
ShirinNeshat_TL_26 · Purchases,2026-05-26,0,0,0,0
ShirinNeshat_TL_26 · Sign-ups,2026-05-26,0,0,0,0
AiWeiwei_Guardian2_26 · Sign-ups,2026-05-25,243514.0,231765.0,4721.0,2217.01
Albers_LE_26 · Enter draw,2026-05-25,237167.0,223478.0,3107.0,2984.84
AntonyMic_LE_26 · Enter draw,2026-05-25,0,0,0,0
CindySher_LE_26 · Enter draw,2026-05-25,9224.0,6425.0,127.0,157.71
EddieMart_LE_25 · Enter draw,2026-05-25,0,0,0,0
GraysonPerry_TL_25 · Purchases,2026-05-25,0,0,0,0
GraysonPerry_TL_25 · Sign-ups,2026-05-25,0,0,0,0
JoelMesler_TL_26 · Sign-ups,2026-05-25,0,0,0,0
Maurizio_Therapy_26 · Enter draw,2026-05-25,0,0,0,0
ShirinNeshat_TL_26 · Purchases,2026-05-25,0,0,0,0
AiWeiwei_Guardian2_26 · Sign-ups,2026-05-24,280240.0,251672.0,5465.0,2468.2
Albers_LE_26 · Enter draw,2026-05-24,321658.0,282945.0,4613.0,4167.29
AntonyMic_LE_26 · Enter draw,2026-05-24,0,0,0,0
CindySher_LE_26 · Enter draw,2026-05-24,7749.0,5138.0,129.0,146.43
EddieMart_LE_25 · Enter draw,2026-05-24,0,0,0,0
GraysonPerry_TL_25 · Purchases,2026-05-24,0,0,0,0
GraysonPerry_TL_25 · Sign-ups,2026-05-24,0,0,0,0
JoelMesler_TL_26 · Sign-ups,2026-05-24,0,0,0,0
Maurizio_Therapy_26 · Enter draw,2026-05-24,0,0,0,0
AiWeiwei_Guardian2_26 · Sign-ups,2026-05-23,226540.0,211371.0,4421.0,2221.43
Albers_LE_26 · Enter draw,2026-05-23,276657.0,246453.0,4206.0,3691.56
AntonyMic_LE_26 · Enter draw,2026-05-23,0,0,0,0
CindySher_LE_26 · Enter draw,2026-05-23,3277.0,1936.0,64.0,66.15
EddieMart_LE_25 · Enter draw,2026-05-23,0,0,0,0
GraysonPerry_TL_25 · Purchases,2026-05-23,0,0,0,0
GraysonPerry_TL_25 · Sign-ups,2026-05-23,0,0,0,0
JoelMesler_TL_26 · Sign-ups,2026-05-23,0,0,0,0
Maurizio_Therapy_26 · Enter draw,2026-05-23,0,0,0,0
ShirinNeshat_TL_26 · Sign-ups,2026-05-23,0,0,0,0
AiWeiwei_Guardian2_26 · Sign-ups,2026-05-22,194465.0,181773.0,3696.0,1598.47
Albers_LE_26 · Enter draw,2026-05-22,287504.0,253047.0,4396.0,3407.25
AntonyMic_LE_26 · Enter draw,2026-05-22,0,0,0,0
CindySher_LE_26 · Enter draw,2026-05-22,0,0,0,0
EddieMart_LE_25 · Enter draw,2026-05-22,0,0,0,0
GraysonPerry_TL_25 · Purchases,2026-05-22,0,0,0,0
JoelMesler_TL_26 · Sign-ups,2026-05-22,0,0,0,0
Maurizio_Therapy_26 · Enter draw,2026-05-22,0,0,0,0
ShirinNeshat_TL_26 · Purchases,2026-05-22,0,0,0,0
ShirinNeshat_TL_26 · Sign-ups,2026-05-22,0,0,0,0
AiWeiwei_Guardian2_26 · Sign-ups,2026-05-21,170794.0,158218.0,3407.0,1266.46
Albers_LE_26 · Enter draw,2026-05-21,219439.0,202666.0,2928.0,2252.73
AntonyMic_LE_26 · Enter draw,2026-05-21,13446.0,12248.0,156.0,127.4
EddieMart_LE_25 · Enter draw,2026-05-21,0,0,0,0
GraysonPerry_TL_25 · Purchases,2026-05-21,0,0,0,0
GraysonPerry_TL_25 · Sign-ups,2026-05-21,0,0,0,0
JoelMesler_TL_26 · Sign-ups,2026-05-21,0,0,0,0
Maurizio_NonaOra_26 · Enter draw,2026-05-21,0,0,0,0
Maurizio_Therapy_26 · Enter draw,2026-05-21,0,0,0,0
ShirinNeshat_TL_26 · Purchases,2026-05-21,0,0,0,0
ShirinNeshat_TL_26 · Sign-ups,2026-05-21,0,0,0,0
AiWeiwei_Guardian2_26 · Sign-ups,2026-05-20,184077.0,173685.0,3262.0,1300.45
Albers_LE_26 · Enter draw,2026-05-20,184512.0,171775.0,3553.0,2164.33
AntonyMic_LE_26 · Enter draw,2026-05-20,30000.0,26354.0,440.0,265.0
CindySher_LE_26 · Enter draw,2026-05-20,0,0,0,0
EddieMart_LE_25 · Enter draw,2026-05-20,0,0,0,0
GraysonPerry_TL_25 · Purchases,2026-05-20,0,0,0,0
GraysonPerry_TL_25 · Sign-ups,2026-05-20,0,0,0,0
JoelMesler_TL_26 · Sign-ups,2026-05-20,0,0,0,0
Maurizio_NonaOra_26 · Enter draw,2026-05-20,0,0,0,0
Maurizio_Therapy_26 · Enter draw,2026-05-20,0,0,0,0
ShirinNeshat_TL_26 · Purchases,2026-05-20,0,0,0,0
ShirinNeshat_TL_26 · Sign-ups,2026-05-20,0,0,0,0
AiWeiwei_Guardian2_26 · Sign-ups,2026-05-19,177487.0,162561.0,3628.0,1564.6
Albers_LE_26 · Enter draw,2026-05-19,93078.0,87909.0,1172.0,782.8
AntonyMic_LE_26 · Enter draw,2026-05-19,26654.0,22728.0,468.0,281.6
CindySher_LE_26 · Enter draw,2026-05-19,0,0,0,0
EddieMart_LE_25 · Enter draw,2026-05-19,0,0,0,0
GraysonPerry_TL_25 · Purchases,2026-05-19,0,0,0,0
GraysonPerry_TL_25 · Sign-ups,2026-05-19,0,0,0,0
JoelMesler_TL_26 · Sign-ups,2026-05-19,0,0,0,0
Maurizio_NonaOra_26 · Enter draw,2026-05-19,0,0,0,0
Maurizio_Therapy_26 · Enter draw,2026-05-19,0,0,0,0
ShirinNeshat_TL_26 · Purchases,2026-05-19,0,0,0,0
ShirinNeshat_TL_26 · Sign-ups,2026-05-19,0,0,0,0
AiWeiwei_Guardian2_26 · Sign-ups,2026-05-18,158867.0,149624.0,3040.0,1361.87
Albers_LE_26 · Enter draw,2026-05-18,226916.0,213816.0,2801.0,2855.04
AntonyMic_LE_26 · Enter draw,2026-05-18,37135.0,33328.0,556.0,363.16
CindySher_LE_26 · Enter draw,2026-05-18,0,0,0,0
EddieMart_LE_25 · Enter draw,2026-05-18,0,0,0,0
GraysonPerry_TL_25 · Purchases,2026-05-18,0,0,0,0
GraysonPerry_TL_25 · Sign-ups,2026-05-18,0,0,0,0
Inventory_Test_26,2026-05-18,0,0,0,0
JoelMesler_TL_26 · Sign-ups,2026-05-18,0,0,0,0
Maurizio_NonaOra_26 · Enter draw,2026-05-18,0,0,0,0
Maurizio_Therapy_26 · Enter draw,2026-05-18,0,0,0,0
ShirinNeshat_TL_26 · Purchases,2026-05-18,0,0,0,0
ShirinNeshat_TL_26 · Sign-ups,2026-05-18,0,0,0,0
AiWeiwei_Guardian2_26 · Sign-ups,2026-05-17,142597.0,136037.0,2685.0,1179.47
Albers_LE_26 · Enter draw,2026-05-17,283152.0,265697.0,3872.0,3884.91
AntonyMic_LE_26 · Enter draw,2026-05-17,28556.0,24874.0,473.0,319.0
CindySher_LE_26 · Enter draw,2026-05-17,17593.0,8113.0,243.0,443.92
EddieMart_LE_25 · Enter draw,2026-05-17,0,0,0,0
GraysonPerry_TL_25 · Purchases,2026-05-17,0,0,0,0
GraysonPerry_TL_25 · Sign-ups,2026-05-17,0,0,0,0
Inventory_Test_26,2026-05-17,0,0,0,0
JoelMesler_TL_26 · Sign-ups,2026-05-17,0,0,0,0
Maurizio_NonaOra_26 · Enter draw,2026-05-17,0,0,0,0
Maurizio_Therapy_26 · Enter draw,2026-05-17,0,0,0,0
ShirinNeshat_TL_26 · Purchases,2026-05-17,0,0,0,0
ShirinNeshat_TL_26 · Sign-ups,2026-05-17,0,0,0,0
AiWeiwei_Guardian2_26 · Sign-ups,2026-05-16,79647.0,76055.0,1673.0,746.94
Albers_LE_26 · Enter draw,2026-05-16,251121.0,234393.0,3577.0,3428.24
AntonyMic_LE_26 · Enter draw,2026-05-16,24825.0,20975.0,419.0,291.25
CindySher_LE_26 · Enter draw,2026-05-16,7646.0,2811.0,144.0,355.47
EddieMart_LE_25 · Enter draw,2026-05-16,0,0,0,0
GraysonPerry_TL_25 · Purchases,2026-05-16,0,0,0,0
GraysonPerry_TL_25 · Sign-ups,2026-05-16,0,0,0,0
JoelMesler_TL_26 · Sign-ups,2026-05-16,0,0,0,0
Maurizio_NonaOra_26 · Enter draw,2026-05-16,0,0,0,0
Maurizio_Therapy_26 · Enter draw,2026-05-16,0,0,0,0
ShirinNeshat_TL_26 · Purchases,2026-05-16,0,0,0,0
ShirinNeshat_TL_26 · Sign-ups,2026-05-16,0,0,0,0
AiWeiwei_FingerSE_25 · Enter draw,2026-05-15,0,0,0,0
AiWeiwei_Guardian2_26 · Sign-ups,2026-05-15,85498.0,79996.0,1999.0,732.25
Albers_LE_26 · Enter draw,2026-05-15,277184.0,252706.0,6210.0,4279.04
AntonyMic_LE_26 · Enter draw,2026-05-15,27020.0,25414.0,342.0,220.04
CindySher_LE_26 · Enter draw,2026-05-15,873.0,583.0,24.0,31.93
EddieMart_LE_25 · Enter draw,2026-05-15,0,0,0,0
GraysonPerry_TL_25 · Purchases,2026-05-15,0,0,0,0
GraysonPerry_TL_25 · Sign-ups,2026-05-15,0,0,0,0
JoelMesler_TL_26 · Sign-ups,2026-05-15,4342.0,4134.0,43.0,58.68
Maurizio_NonaOra_26 · Enter draw,2026-05-15,0,0,0,0
Maurizio_Therapy_26 · Enter draw,2026-05-15,0,0,0,0
Paulnsect_Repeat_25 · Enter draw,2026-05-15,0,0,0,0
ShirinNeshat_TL_26 · Purchases,2026-05-15,0,0,0,0
ShirinNeshat_TL_26 · Sign-ups,2026-05-15,0,0,0,0
AiWeiwei_FingerSE_25 · Enter draw,2026-05-14,0,0,0,0
AiWeiwei_Guardian2_26 · Sign-ups,2026-05-14,145764.0,134615.0,3219.0,1216.91
Albers_LE_26 · Enter draw,2026-05-14,322986.0,302736.0,4896.0,3728.36
EddieMart_LE_25 · Enter draw,2026-05-14,0,0,0,0
GraysonPerry_TL_25 · Purchases,2026-05-14,0,0,0,0
GraysonPerry_TL_25 · Sign-ups,2026-05-14,0,0,0,0
JoelMesler_TL_26 · Sign-ups,2026-05-14,13198.0,12416.0,135.0,210.86
Maurizio_NonaOra_26 · Enter draw,2026-05-14,0,0,0,0
Maurizio_Therapy_26 · Enter draw,2026-05-14,0,0,0,0
Paulnsect_Repeat_25 · Enter draw,2026-05-14,0,0,0,0
ShirinNeshat_TL_26 · Purchases,2026-05-14,0,0,0,0
ShirinNeshat_TL_26 · Sign-ups,2026-05-14,0,0,0,0
AiWeiwei_FingerSE_25 · Enter draw,2026-05-13,0,0,0,0
AiWeiwei_Guardian2_26 · Sign-ups,2026-05-13,68311.0,62473.0,1514.0,581.02
Albers_LE_26 · Enter draw,2026-05-13,214423.0,199907.0,2656.0,2263.38
EddieMart_LE_25 · Enter draw,2026-05-13,0,0,0,0
GraysonPerry_TL_25 · Purchases,2026-05-13,0,0,0,0
GraysonPerry_TL_25 · Sign-ups,2026-05-13,0,0,0,0
JoelMesler_TL_26 · Sign-ups,2026-05-13,10425.0,9780.0,55.0,119.98
Maurizio_NonaOra_26 · Enter draw,2026-05-13,0,0,0,0
Maurizio_Therapy_26 · Enter draw,2026-05-13,0,0,0,0
Paulnsect_Repeat_25 · Enter draw,2026-05-13,0,0,0,0
ShirinNeshat_TL_26 · Purchases,2026-05-13,0,0,0,0
ShirinNeshat_TL_26 · Sign-ups,2026-05-13,0,0,0,0
AiWeiwei_FingerSE_25 · Enter draw,2026-05-12,0,0,0,0
Albers_LE_26 · Enter draw,2026-05-12,113328.0,106072.0,1744.0,1411.11
EddieMart_LE_25 · Enter draw,2026-05-12,17720.0,15799.0,115.0,148.73
GraysonPerry_TL_25 · Purchases,2026-05-12,0,0,0,0
GraysonPerry_TL_25 · Sign-ups,2026-05-12,0,0,0,0
Inventory_Test_26,2026-05-12,0,0,0,0
JoelMesler_TL_26 · Sign-ups,2026-05-12,0,0,0,0
LucianFreud_TL_26 · Purchases,2026-05-12,0,0,0,0
Maurizio_NonaOra_26 · Enter draw,2026-05-12,0,0,0,0
Maurizio_Therapy_26 · Enter draw,2026-05-12,0,0,0,0
Paulnsect_Repeat_25 · Enter draw,2026-05-12,0,0,0,0
ShirinNeshat_TL_26 · Purchases,2026-05-12,0,0,0,0
ShirinNeshat_TL_26 · Sign-ups,2026-05-12,0,0,0,0
Albers_LE_26 · Enter draw,2026-05-11,115755.0,107426.0,1816.0,1208.93
EddieMart_LE_25 · Enter draw,2026-05-11,58510.0,53137.0,402.0,508.67
GraysonPerry_TL_25 · Purchases,2026-05-11,0,0,0,0
GraysonPerry_TL_25 · Sign-ups,2026-05-11,0,0,0,0
Inventory_Test_26,2026-05-11,0,0,0,0
JoelMesler_TL_26 · Sign-ups,2026-05-11,0,0,0,0
Maurizio_NonaOra_26 · Enter draw,2026-05-11,0,0,0,0
Maurizio_Therapy_26 · Enter draw,2026-05-11,0,0,0,0
Paulnsect_Repeat_25 · Enter draw,2026-05-11,0,0,0,0
ShirinNeshat_TL_26 · Purchases,2026-05-11,0,0,0,0
ShirinNeshat_TL_26 · Sign-ups,2026-05-11,0,0,0,0
AiWeiwei_FingerSE_25 · Enter draw,2026-05-10,0,0,0,0
Albers_LE_26 · Enter draw,2026-05-10,83395.0,74782.0,1616.0,994.02
EddieMart_LE_25 · Enter draw,2026-05-10,39289.0,35516.0,314.0,397.43
GraysonPerry_TL_25 · Purchases,2026-05-10,0,0,0,0
GraysonPerry_TL_25 · Sign-ups,2026-05-10,0,0,0,0
JoelMesler_TL_26 · Sign-ups,2026-05-10,0,0,0,0
Maurizio_NonaOra_26 · Enter draw,2026-05-10,0,0,0,0
Maurizio_Therapy_26 · Enter draw,2026-05-10,0,0,0,0
ShirinNeshat_TL_26 · Purchases,2026-05-10,0,0,0,0
ShirinNeshat_TL_26 · Sign-ups,2026-05-10,0,0,0,0
AiWeiwei_FingerSE_25 · Enter draw,2026-05-09,0,0,0,0
Albers_LE_26 · Enter draw,2026-05-09,108742.0,100867.0,2838.0,1175.5
EddieMart_LE_25 · Enter draw,2026-05-09,10189.0,8086.0,143.0,157.71
GraysonPerry_TL_25 · Purchases,2026-05-09,0,0,0,0
GraysonPerry_TL_25 · Sign-ups,2026-05-09,0,0,0,0
Inventory_Test_26,2026-05-09,0,0,0,0
JoelMesler_TL_26 · Sign-ups,2026-05-09,0,0,0,0
LucianFreud_TL_26 · Purchases,2026-05-09,0,0,0,0
Maurizio_NonaOra_26 · Enter draw,2026-05-09,0,0,0,0
Maurizio_Therapy_26 · Enter draw,2026-05-09,0,0,0,0
Paulnsect_Repeat_25 · Enter draw,2026-05-09,0,0,0,0
ShirinNeshat_TL_26 · Purchases,2026-05-09,0,0,0,0
ShirinNeshat_TL_26 · Sign-ups,2026-05-09,0,0,0,0
AiWeiwei_FingerSE_25 · Enter draw,2026-05-08,0,0,0,0
Albers_LE_26 · Enter draw,2026-05-08,57390.0,45875.0,1611.0,570.92
EddieMart_LE_25 · Enter draw,2026-05-08,17645.0,15850.0,174.0,242.01
GraysonPerry_TL_25 · Purchases,2026-05-08,0,0,0,0
GraysonPerry_TL_25 · Sign-ups,2026-05-08,0,0,0,0
JoelMesler_TL_26 · Sign-ups,2026-05-08,0,0,0,0
LucianFreud_TL_26 · Purchases,2026-05-08,0,0,0,0
Maurizio_NonaOra_26 · Enter draw,2026-05-08,0,0,0,0
Maurizio_Therapy_26 · Enter draw,2026-05-08,0,0,0,0
Paulnsect_Repeat_25 · Enter draw,2026-05-08,0,0,0,0
ShirinNeshat_TL_26 · Purchases,2026-05-08,0,0,0,0
ShirinNeshat_TL_26 · Sign-ups,2026-05-08,0,0,0,0
AiWeiwei_FingerSE_25 · Enter draw,2026-05-07,0,0,0,0
Albers_LE_26 · Enter draw,2026-05-07,28706.0,26307.0,890.0,258.13
EddieMart_LE_25 · Enter draw,2026-05-07,20609.0,17003.0,204.0,287.48
GraysonPerry_TL_25 · Purchases,2026-05-07,13101.0,12581.0,265.0,159.16
GraysonPerry_TL_25 · Sign-ups,2026-05-07,0,0,0,0
Inventory_Test_26,2026-05-07,0,0,0,0
JoelMesler_TL_26 · Sign-ups,2026-05-07,0,0,0,0
Maurizio_NonaOra_26 · Enter draw,2026-05-07,0,0,0,0
Maurizio_Therapy_26 · Enter draw,2026-05-07,0,0,0,0
Paulnsect_Repeat_25 · Enter draw,2026-05-07,0,0,0,0
ShirinNeshat_TL_26 · Purchases,2026-05-07,0,0,0,0
ShirinNeshat_TL_26 · Sign-ups,2026-05-07,0,0,0,0
AiWeiwei_FingerSE_25 · Enter draw,2026-05-06,0,0,0,0
Albers_LE_26 · Enter draw,2026-05-06,26841.0,24778.0,690.0,233.98
EddieMart_LE_25 · Enter draw,2026-05-06,30457.0,27681.0,332.0,414.31
GraysonPerry_TL_25 · Purchases,2026-05-06,12391.0,11731.0,286.0,135.61
GraysonPerry_TL_25 · Sign-ups,2026-05-06,0,0,0,0
Inventory_Test_26,2026-05-06,0,0,0,0
JoelMesler_TL_26 · Sign-ups,2026-05-06,0,0,0,0
LucianFreud_TL_26 · Purchases,2026-05-06,0,0,0,0
LucianFreud_TL_26 · Sign-ups,2026-05-06,0,0,0,0
Maurizio_NonaOra_26 · Enter draw,2026-05-06,0,0,0,0
Maurizio_Therapy_26 · Enter draw,2026-05-06,0,0,0,0
Paulnsect_Repeat_25 · Enter draw,2026-05-06,0,0,0,0
ShirinNeshat_TL_26 · Purchases,2026-05-06,0,0,0,0
ShirinNeshat_TL_26 · Sign-ups,2026-05-06,0,0,0,0
AiWeiwei_FingerSE_25 · Enter draw,2026-05-05,0,0,0,0
Albers_LE_26 · Enter draw,2026-05-05,31944.0,29454.0,676.0,246.5
EddieMart_LE_25 · Enter draw,2026-05-05,20827.0,18833.0,178.0,264.14
GraysonPerry_TL_25 · Purchases,2026-05-05,0,0,0,0
GraysonPerry_TL_25 · Sign-ups,2026-05-05,0,0,0,0
Inventory_Test_26,2026-05-05,0,0,0,0
JoelMesler_TL_26 · Sign-ups,2026-05-05,4636.0,4092.0,46.0,88.87
LucianFreud_TL_26 · Sign-ups,2026-05-05,0,0,0,0
Maurizio_NonaOra_26 · Enter draw,2026-05-05,0,0,0,0
Maurizio_Therapy_26 · Enter draw,2026-05-05,46215.0,40916.0,458.0,314.07
Paulnsect_Repeat_25 · Enter draw,2026-05-05,0,0,0,0
ShirinNeshat_TL_26 · Purchases,2026-05-05,0,0,0,0
ShirinNeshat_TL_26 · Sign-ups,2026-05-05,0,0,0,0
AiWeiwei_FingerSE_25 · Enter draw,2026-05-04,0,0,0,0
Albers_LE_26 · Enter draw,2026-05-04,29384.0,27001.0,622.0,251.56
EddieMart_LE_25 · Enter draw,2026-05-04,14521.0,13182.0,151.0,183.27
GraysonPerry_TL_25 · Purchases,2026-05-04,0,0,0,0
GraysonPerry_TL_25 · Sign-ups,2026-05-04,0,0,0,0
Inventory_Test_26,2026-05-04,0,0,0,0
JoelMesler_TL_26 · Sign-ups,2026-05-04,10656.0,9451.0,146.0,193.11
LucianFreud_TL_26 · Sign-ups,2026-05-04,0,0,0,0
Maurizio_NonaOra_26 · Enter draw,2026-05-04,0,0,0,0
Maurizio_Therapy_26 · Enter draw,2026-05-04,82280.0,70497.0,709.0,483.71
Paulnsect_Repeat_25 · Enter draw,2026-05-04,0,0,0,0
ShirinNeshat_TL_26 · Purchases,2026-05-04,0,0,0,0
ShirinNeshat_TL_26 · Sign-ups,2026-05-04,0,0,0,0
AiWeiwei_FingerSE_25 · Enter draw,2026-05-03,0,0,0,0
Albers_LE_26 · Enter draw,2026-05-03,11389.0,10546.0,159.0,94.38
EddieMart_LE_25 · Enter draw,2026-05-03,20824.0,19082.0,189.0,214.75
GraysonPerry_TL_25 · Purchases,2026-05-03,0,0,0,0
GraysonPerry_TL_25 · Sign-ups,2026-05-03,0,0,0,0
Inventory_Test_26,2026-05-03,0,0,0,0
JoelMesler_TL_26 · Sign-ups,2026-05-03,16184.0,13892.0,221.0,218.49
LucianFreud_TL_26 · Sign-ups,2026-05-03,0,0,0,0
Maurizio_NonaOra_26 · Enter draw,2026-05-03,0,0,0,0
Maurizio_Therapy_26 · Enter draw,2026-05-03,81980.0,64011.0,739.0,417.77
ShirinNeshat_TL_26 · Purchases,2026-05-03,0,0,0,0
ShirinNeshat_TL_26 · Sign-ups,2026-05-03,0,0,0,0
AiWeiwei_FingerSE_25 · Enter draw,2026-05-02,0,0,0,0
EddieMart_LE_25 · Enter draw,2026-05-02,20876.0,18416.0,200.0,231.15
GraysonPerry_TL_25 · Purchases,2026-05-02,0,0,0,0
GraysonPerry_TL_25 · Sign-ups,2026-05-02,0,0,0,0
JoelMesler_TL_26 · Sign-ups,2026-05-02,12411.0,11508.0,111.0,176.62
LucianFreud_TL_26 · Sign-ups,2026-05-02,0,0,0,0
Maurizio_NonaOra_26 · Enter draw,2026-05-02,0,0,0,0
Maurizio_Therapy_26 · Enter draw,2026-05-02,56558.0,49888.0,528.0,234.12
Paulnsect_Repeat_25 · Enter draw,2026-05-02,0,0,0,0
ShirinNeshat_TL_26 · Purchases,2026-05-02,0,0,0,0
ShirinNeshat_TL_26 · Sign-ups,2026-05-02,0,0,0,0
AiWeiwei_FingerSE_25 · Enter draw,2026-05-01,0,0,0,0
EddieMart_LE_25 · Enter draw,2026-05-01,23454.0,20763.0,245.0,254.04
GraysonPerry_TL_25 · Purchases,2026-05-01,57722.0,53044.0,869.0,882.37
GraysonPerry_TL_25 · Sign-ups,2026-05-01,0,0,0,0
Inventory_Test_26,2026-05-01,0,0,0,0
JoelMesler_TL_26 · Sign-ups,2026-05-01,10152.0,8766.0,123.0,188.58
LucianFreud_TL_26 · Sign-ups,2026-05-01,0,0,0,0
Maurizio_NonaOra_26 · Enter draw,2026-05-01,0,0,0,0
Maurizio_Therapy_26 · Enter draw,2026-05-01,44989.0,35803.0,516.0,214.32
Paulnsect_Repeat_25 · Enter draw,2026-05-01,0,0,0,0
ShirinNeshat_TL_26 · Purchases,2026-05-01,0,0,0,0
ShirinNeshat_TL_26 · Sign-ups,2026-05-01,0,0,0,0
AiWeiwei_FingerSE_25 · Enter draw,2026-04-30,0,0,0,0
EddieMart_LE_25 · Enter draw,2026-04-30,18850.0,17409.0,200.0,222.56
GraysonPerry_TL_25 · Purchases,2026-04-30,71139.0,66723.0,1058.0,1016.37
GraysonPerry_TL_25 · Sign-ups,2026-04-30,65276.0,59643.0,1222.0,697.09
Inventory_Test_26,2026-04-30,0,0,0,0
JoelMesler_TL_26 · Sign-ups,2026-04-30,16654.0,15795.0,122.0,280.81
LucianFreud_TL_26 · Purchases,2026-04-30,0,0,0,0
LucianFreud_TL_26 · Sign-ups,2026-04-30,0,0,0,0
Maurizio_NonaOra_26 · Enter draw,2026-04-30,0,0,0,0
Maurizio_Therapy_26 · Enter draw,2026-04-30,37113.0,31963.0,338.0,196.3
Paulnsect_Repeat_25 · Enter draw,2026-04-30,0,0,0,0
ShirinNeshat_TL_26 · Purchases,2026-04-30,8371.0,7983.0,106.0,167.15
ShirinNeshat_TL_26 · Sign-ups,2026-04-30,0,0,0,0
AiWeiwei_FingerSE_25 · Enter draw,2026-04-29,0,0,0,0
EddieMart_LE_25 · Enter draw,2026-04-29,14071.0,12752.0,145.0,167.01
GraysonPerry_TL_25 · Sign-ups,2026-04-29,149732.0,140719.0,2672.0,1661.86
Inventory_Test_26,2026-04-29,0,0,0,0
JoelMesler_TL_26 · Sign-ups,2026-04-29,5631.0,5123.0,87.0,121.2
LucianFreud_TL_26 · Purchases,2026-04-29,0,0,0,0
LucianFreud_TL_26 · Sign-ups,2026-04-29,0,0,0,0
Maurizio_NonaOra_26 · Enter draw,2026-04-29,0,0,0,0
Maurizio_Therapy_26 · Enter draw,2026-04-29,35281.0,30051.0,321.0,201.66
Paulnsect_Repeat_25 · Enter draw,2026-04-29,0,0,0,0
ShirinNeshat_TL_26 · Purchases,2026-04-29,50197.0,47501.0,652.0,829.78
ShirinNeshat_TL_26 · Sign-ups,2026-04-29,0,0,0,0
AiWeiwei_FingerSE_25 · Enter draw,2026-04-28,0,0,0,0
EddieMart_LE_25 · Enter draw,2026-04-28,15749.0,13864.0,131.0,157.14
GraysonPerry_TL_25 · Sign-ups,2026-04-28,182134.0,168621.0,2893.0,1795.62
Inventory_Test_26,2026-04-28,0,0,0,0
JoelMesler_TL_26 · Sign-ups,2026-04-28,11382.0,10501.0,178.0,213.5
LucianFreud_TL_26 · Purchases,2026-04-28,0,0,0,0
LucianFreud_TL_26 · Sign-ups,2026-04-28,0,0,0,0
Maurizio_NonaOra_26 · Enter draw,2026-04-28,0,0,0,0
Maurizio_Therapy_26 · Enter draw,2026-04-28,25530.0,21192.0,232.0,155.31
ShirinNeshat_TL_26 · Purchases,2026-04-28,22780.0,21240.0,302.0,316.34
ShirinNeshat_TL_26 · Sign-ups,2026-04-28,48940.0,45112.0,554.0,579.3
AiWeiwei_FingerSE_25 · Enter draw,2026-04-27,0,0,0,0
EddieMart_LE_25 · Enter draw,2026-04-27,17407.0,14831.0,174.0,164.39
GraysonPerry_TL_25 · Sign-ups,2026-04-27,150237.0,140191.0,2376.0,1574.15
Inventory_Test_26,2026-04-27,0,0,0,0
JoelMesler_TL_26 · Sign-ups,2026-04-27,19573.0,18119.0,240.0,324.41
LucianFreud_TL_26 · Sign-ups,2026-04-27,0,0,0,0
Maurizio_NonaOra_26 · Enter draw,2026-04-27,0,0,0,0
Maurizio_Therapy_26 · Enter draw,2026-04-27,33136.0,25246.0,300.0,221.16
Paulnsect_Repeat_25 · Enter draw,2026-04-27,0,0,0,0
ShirinNeshat_TL_26 · Sign-ups,2026-04-27,33242.0,29590.0,497.0,394.09
AiWeiwei_FingerSE_25 · Enter draw,2026-04-26,0,0,0,0
EddieMart_LE_25 · Enter draw,2026-04-26,2607.0,2406.0,22.0,19.75
GraysonPerry_TL_25 · Sign-ups,2026-04-26,120269.0,109504.0,2517.0,1572.53
Inventory_Test_26,2026-04-26,0,0,0,0
JoelMesler_TL_26 · Sign-ups,2026-04-26,17861.0,15783.0,338.0,330.87
LucianFreud_TL_26 · Purchases,2026-04-26,0,0,0,0
LucianFreud_TL_26 · Sign-ups,2026-04-26,0,0,0,0
Maurizio_NonaOra_26 · Enter draw,2026-04-26,0,0,0,0
Maurizio_Therapy_26 · Enter draw,2026-04-26,10138.0,9185.0,77.0,62.84
Paulnsect_Repeat_25 · Enter draw,2026-04-26,0,0,0,0
ShirinNeshat_TL_26 · Sign-ups,2026-04-26,89017.0,80861.0,1318.0,1002.19
AiWeiwei_FingerSE_25 · Enter draw,2026-04-25,0,0,0,0
GrantRiven_LE_26 · Enter draw,2026-04-25,0,0,0,0
GraysonPerry_TL_25 · Sign-ups,2026-04-25,115559.0,101869.0,2173.0,1682.3
Inventory_Test_26,2026-04-25,0,0,0,0
JoelMesler_TL_26 · Sign-ups,2026-04-25,14803.0,14272.0,224.0,267.64
LucianFreud_TL_26 · Purchases,2026-04-25,0,0,0,0
LucianFreud_TL_26 · Sign-ups,2026-04-25,0,0,0,0
Maurizio_NonaOra_26 · Enter draw,2026-04-25,0,0,0,0
Maurizio_Therapy_26 · Enter draw,2026-04-25,0,0,0,0
Paulnsect_Repeat_25 · Enter draw,2026-04-25,0,0,0,0
ShirinNeshat_TL_26 · Sign-ups,2026-04-25,37780.0,32983.0,632.0,547.76
AiWeiwei_FingerSE_25 · Enter draw,2026-04-24,0,0,0,0
GrantRiven_LE_26 · Enter draw,2026-04-24,0,0,0,0
GraysonPerry_TL_25 · Sign-ups,2026-04-24,118501.0,109569.0,2013.0,1349.1
Inventory_Test_26,2026-04-24,0,0,0,0
JoelMesler_TL_26 · Sign-ups,2026-04-24,26301.0,24050.0,399.0,459.8
LucianFreud_TL_26 · Sign-ups,2026-04-24,0,0,0,0
Maurizio_NonaOra_26 · Enter draw,2026-04-24,0,0,0,0
Maurizio_Therapy_26 · Enter draw,2026-04-24,0,0,0,0
Paulnsect_Repeat_25 · Enter draw,2026-04-24,0,0,0,0
ShirinNeshat_TL_26 · Sign-ups,2026-04-24,69027.0,57091.0,986.0,890.57
AiWeiwei_FingerSE_25 · Enter draw,2026-04-23,0,0,0,0
GrantRiven_LE_26 · Enter draw,2026-04-23,0,0,0,0
GraysonPerry_TL_25 · Sign-ups,2026-04-23,168151.0,158298.0,2545.0,1661.76
Inventory_Test_26,2026-04-23,0,0,0,0
JoelMesler_TL_26 · Sign-ups,2026-04-23,91158.0,82004.0,1069.0,1406.32
LucianFreud_TL_26 · Purchases,2026-04-23,0,0,0,0
LucianFreud_TL_26 · Sign-ups,2026-04-23,0,0,0,0
Maurizio_NonaOra_26 · Enter draw,2026-04-23,700577.0,628168.0,8568.0,7076.86
Maurizio_Therapy_26 · Enter draw,2026-04-23,0,0,0,0
Paulnsect_Repeat_25 · Enter draw,2026-04-23,0,0,0,0
ShirinNeshat_TL_26 · Sign-ups,2026-04-23,73836.0,67495.0,1129.0,973.31
AiWeiwei_FingerSE_25 · Enter draw,2026-04-22,0,0,0,0
GrantRiven_LE_26 · Enter draw,2026-04-22,0,0,0,0
GraysonPerry_TL_25 · Sign-ups,2026-04-22,178754.0,166701.0,3050.0,1653.1
Inventory_Test_26,2026-04-22,0,0,0,0
JoelMesler_TL_26 · Sign-ups,2026-04-22,69921.0,64231.0,379.0,615.38
LucianFreud_TL_26 · Purchases,2026-04-22,0,0,0,0
LucianFreud_TL_26 · Sign-ups,2026-04-22,0,0,0,0
Maurizio_NonaOra_26 · Enter draw,2026-04-22,863966.0,759835.0,9595.0,8224.71
Maurizio_Therapy_26 · Enter draw,2026-04-22,44800.0,37632.0,392.0,387.95
Paulnsect_Repeat_25 · Enter draw,2026-04-22,0,0,0,0
ShirinNeshat_TL_26 · Sign-ups,2026-04-22,76273.0,67705.0,1157.0,855.47
AiWeiwei_FingerSE_25 · Enter draw,2026-04-21,0,0,0,0
GrantRiven_LE_26 · Enter draw,2026-04-21,0,0,0,0
GraysonPerry_TL_25 · Sign-ups,2026-04-21,170593.0,152481.0,2979.0,1570.39
Inventory_Test_26,2026-04-21,3820.0,3619.0,53.0,37.36
LucianFreud_TL_26 · Purchases,2026-04-21,0,0,0,0
LucianFreud_TL_26 · Sign-ups,2026-04-21,0,0,0,0
Maurizio_NonaOra_26 · Enter draw,2026-04-21,1273942.0,1124993.0,11857.0,11872.14
Maurizio_Therapy_26 · Enter draw,2026-04-21,84616.0,69110.0,688.0,755.66
Paulnsect_Repeat_25 · Enter draw,2026-04-21,0,0,0,0
ShirinNeshat_TL_26 · Sign-ups,2026-04-21,128881.0,116289.0,1882.0,1194.38
AiWeiwei_FingerSE_25 · Enter draw,2026-04-20,0,0,0,0
GrantRiven_LE_26 · Enter draw,2026-04-20,0,0,0,0
GraysonPerry_TL_25 · Sign-ups,2026-04-20,176992.0,167260.0,3219.0,1664.43
Inventory_Test_26,2026-04-20,3446.0,2991.0,72.0,41.45
LucianFreud_TL_26 · Purchases,2026-04-20,0,0,0,0
LucianFreud_TL_26 · Sign-ups,2026-04-20,0,0,0,0
Maurizio_NonaOra_26 · Enter draw,2026-04-20,1208546.0,1098465.0,17845.0,10987.51
Maurizio_Therapy_26 · Enter draw,2026-04-20,121012.0,91322.0,1164.0,938.72
Paulnsect_Repeat_25 · Enter draw,2026-04-20,0,0,0,0
ShirinNeshat_TL_26 · Sign-ups,2026-04-20,114198.0,100169.0,1487.0,1112.52
AiWeiwei_FingerSE_25 · Enter draw,2026-04-19,0,0,0,0
GraysonPerry_TL_25 · Sign-ups,2026-04-19,151508.0,139057.0,2894.0,1460.83
Inventory_Test_26,2026-04-19,4044.0,3544.0,74.0,48.41
LucianFreud_TL_26 · Purchases,2026-04-19,0,0,0,0
LucianFreud_TL_26 · Sign-ups,2026-04-19,0,0,0,0
Maurizio_NonaOra_26 · Enter draw,2026-04-19,850254.0,750678.0,10156.0,9095.91
Maurizio_Therapy_26 · Enter draw,2026-04-19,46687.0,39127.0,613.0,398.36
Paulnsect_Repeat_25 · Enter draw,2026-04-19,13897.0,12313.0,195.0,183.16
ShirinNeshat_TL_26 · Sign-ups,2026-04-19,95800.0,86814.0,1194.0,991.29
AiWeiwei_FingerSE_25 · Enter draw,2026-04-18,0,0,0,0
GraysonPerry_TL_25 · Sign-ups,2026-04-18,127918.0,115793.0,3046.0,1255.61
Inventory_Test_26,2026-04-18,4221.0,4062.0,68.0,47.54
LucianFreud_TL_26 · Purchases,2026-04-18,0,0,0,0
LucianFreud_TL_26 · Sign-ups,2026-04-18,0,0,0,0
Maurizio_NonaOra_26 · Enter draw,2026-04-18,560819.0,499453.0,7852.0,6182.25
Maurizio_Therapy_26 · Enter draw,2026-04-18,37691.0,31193.0,573.0,363.96
Paulnsect_Repeat_25 · Enter draw,2026-04-18,11817.0,10905.0,166.0,134.86
ShirinNeshat_TL_26 · Sign-ups,2026-04-18,91750.0,83919.0,1546.0,1030.26
AiWeiwei_FingerSE_25 · Enter draw,2026-04-17,24527.0,21906.0,561.0,288.72
GrantRiven_LE_26 · Enter draw,2026-04-17,0,0,0,0
GraysonPerry_TL_25 · Sign-ups,2026-04-17,119281.0,107147.0,2943.0,1387.13
Inventory_Test_26,2026-04-17,3510.0,3272.0,37.0,38.87
LucianFreud_TL_26 · Purchases,2026-04-17,0,0,0,0
LucianFreud_TL_26 · Sign-ups,2026-04-17,0,0,0,0
Maurizio_NonaOra_26 · Enter draw,2026-04-17,503291.0,458352.0,6282.0,6604.89
Maurizio_Therapy_26 · Enter draw,2026-04-17,52298.0,39926.0,827.0,540.13
Paulnsect_Repeat_25 · Enter draw,2026-04-17,14299.0,11871.0,206.0,176.67
ShirinNeshat_TL_26 · Sign-ups,2026-04-17,77196.0,70603.0,1278.0,1001.11
AiWeiwei_FingerSE_25 · Enter draw,2026-04-16,45221.0,41563.0,883.0,401.88
GrantRiven_LE_26 · Enter draw,2026-04-16,0,0,0,0
GraysonPerry_TL_25 · Sign-ups,2026-04-16,128502.0,120530.0,2816.0,1526.98
Inventory_Test_26,2026-04-16,3762.0,3204.0,49.0,40.89
LucianFreud_TL_26 · Purchases,2026-04-16,39822.0,37740.0,490.0,460.25
LucianFreud_TL_26 · Sign-ups,2026-04-16,0,0,0,0
Maurizio_NonaOra_26 · Enter draw,2026-04-16,600768.0,512136.0,5364.0,5659.28
Maurizio_Therapy_26 · Enter draw,2026-04-16,35731.0,30107.0,556.0,344.57
Paulnsect_Repeat_25 · Enter draw,2026-04-16,9827.0,8551.0,133.0,124.9
ShirinNeshat_TL_26 · Sign-ups,2026-04-16,117879.0,104481.0,1482.0,1147.29
AiWeiwei_FingerSE_25 · Enter draw,2026-04-15,70827.0,64820.0,1288.0,665.2
GrantRiven_LE_26 · Enter draw,2026-04-15,0,0,0,0
GraysonPerry_TL_25 · Sign-ups,2026-04-15,193349.0,173484.0,3521.0,2221.64
Inventory_Test_26,2026-04-15,3971.0,3515.0,43.0,40.0
LucianFreud_TL_26 · Purchases,2026-04-15,33005.0,32143.0,452.0,359.55
LucianFreud_TL_26 · Sign-ups,2026-04-15,0,0,0,0
Maurizio_NonaOra_26 · Enter draw,2026-04-15,871634.0,698940.0,7072.0,6758.73
Paulnsect_Repeat_25 · Enter draw,2026-04-15,16456.0,14662.0,210.0,251.69
ShirinNeshat_TL_26 · Sign-ups,2026-04-15,121304.0,107524.0,1421.0,1225.08
AiWeiwei_FingerSE_25 · Enter draw,2026-04-14,90768.0,82741.0,1764.0,737.68
Collector_Report_26 · Form Submissions,2026-04-14,0,0,0,0
GrantRiven_LE_26 · Enter draw,2026-04-14,0,0,0,0
GraysonPerry_TL_25 · Sign-ups,2026-04-14,148779.0,131874.0,3188.0,1284.45
Inventory_Test_26,2026-04-14,4911.0,4166.0,68.0,40.08
JeffKoons_LE_25 · Enter draw,2026-04-14,0,0,0,0
LucianFreud_TL_26 · Purchases,2026-04-14,28453.0,27332.0,382.0,246.69
LucianFreud_TL_26 · Sign-ups,2026-04-14,0,0,0,0
Maurizio_NonaOra_26 · Enter draw,2026-04-14,739711.0,628949.0,6501.0,5411.61
MickaleneT_TL_26 · Purchases,2026-04-14,0,0,0,0
Paulnsect_Repeat_25 · Enter draw,2026-04-14,15890.0,14767.0,132.0,179.49
ShirinNeshat_TL_26 · Sign-ups,2026-04-14,101013.0,90482.0,1467.0,930.31
AiWeiwei_FingerSE_25 · Enter draw,2026-04-13,37361.0,35252.0,508.0,423.82
Collector_Report_26 · Form Submissions,2026-04-13,0,0,0,0
GraysonPerry_TL_25 · Sign-ups,2026-04-13,148643.0,132827.0,3936.0,1431.15
Inventory_Test_26,2026-04-13,49.0,48.0,0,0.65
JeffKoons_LE_25 · Enter draw,2026-04-13,0,0,0,0
LucianFreud_TL_26 · Sign-ups,2026-04-13,0,0,0,0
Maurizio_NonaOra_26 · Enter draw,2026-04-13,787835.0,613806.0,8027.0,4766.75
MickaleneT_TL_26 · Purchases,2026-04-13,0,0,0,0
MickaleneT_TL_26 · Sign-ups,2026-04-13,0,0,0,0
ShirinNeshat_TL_26 · Sign-ups,2026-04-13,141151.0,129052.0,2302.0,1068.47
AiWeiwei_FingerSE_25 · Enter draw,2026-04-12,48140.0,44760.0,1187.0,460.67
GrantRiven_LE_26 · Enter draw,2026-04-12,0,0,0,0
GraysonPerry_TL_25 · Sign-ups,2026-04-12,133672.0,118345.0,3959.0,1284.77
Inventory_Test_26,2026-04-12,0,0,0,0
JeffKoons_LE_25 · Enter draw,2026-04-12,0,0,0,0
LucianFreud_TL_26 · Sign-ups,2026-04-12,45612.0,42653.0,758.0,291.89
Maurizio_NonaOra_26 · Enter draw,2026-04-12,815055.0,615251.0,10182.0,4855.83
MickaleneT_TL_26 · Purchases,2026-04-12,0,0,0,0
MickaleneT_TL_26 · Sign-ups,2026-04-12,0,0,0,0
ShirinNeshat_TL_26 · Sign-ups,2026-04-12,190466.0,163178.0,2939.0,1207.16
AiWeiwei_FingerSE_25 · Enter draw,2026-04-11,68025.0,62763.0,1354.0,642.62
Collector_Report_26 · Form Submissions,2026-04-11,0,0,0,0
GrantRiven_LE_26 · Enter draw,2026-04-11,0,0,0,0
GraysonPerry_TL_25 · Sign-ups,2026-04-11,93844.0,81979.0,3146.0,1003.7
Inventory_Test_26,2026-04-11,0,0,0,0
JeffKoons_LE_25 · Enter draw,2026-04-11,0,0,0,0
LucianFreud_TL_26 · Sign-ups,2026-04-11,60400.0,57794.0,898.0,380.88
Maurizio_NonaOra_26 · Enter draw,2026-04-11,719521.0,561289.0,10643.0,5051.48
ShirinNeshat_TL_26 · Sign-ups,2026-04-11,165693.0,140651.0,2648.0,1198.93
AiWeiwei_FingerSE_25 · Enter draw,2026-04-10,65034.0,60182.0,1185.0,600.37
Collector_Report_26 · Form Submissions,2026-04-10,0,0,0,0
GrantRiven_LE_26 · Enter draw,2026-04-10,0,0,0,0
GraysonPerry_TL_25 · Sign-ups,2026-04-10,79639.0,71494.0,2549.0,777.65
Inventory_Test_26,2026-04-10,0,0,0,0
JeffKoons_LE_25 · Enter draw,2026-04-10,0,0,0,0
LucianFreud_TL_26 · Sign-ups,2026-04-10,38140.0,35965.0,603.0,277.58
Maurizio_NonaOra_26 · Enter draw,2026-04-10,463134.0,398286.0,6004.0,3748.72
MickaleneT_TL_26 · Purchases,2026-04-10,0,0,0,0
MickaleneT_TL_26 · Sign-ups,2026-04-10,0,0,0,0
ShirinNeshat_TL_26 · Sign-ups,2026-04-10,92791.0,82951.0,1851.0,721.95
AiWeiwei_FingerSE_25 · Enter draw,2026-04-09,71812.0,63293.0,1506.0,644.2
Collector_Report_26 · Form Submissions,2026-04-09,0,0,0,0
GrantRiven_LE_26 · Enter draw,2026-04-09,0,0,0,0
GraysonPerry_TL_25 · Sign-ups,2026-04-09,61114.0,58524.0,1334.0,494.66
Inventory_Test_26,2026-04-09,0,0,0,0
JeffKoons_LE_25 · Enter draw,2026-04-09,0,0,0,0
LucianFreud_TL_26 · Sign-ups,2026-04-09,54364.0,52361.0,795.0,356.79
Maurizio_NonaOra_26 · Enter draw,2026-04-09,412372.0,360560.0,5569.0,3453.17
MickaleneT_TL_26 · Purchases,2026-04-09,0,0,0,0
MickaleneT_TL_26 · Sign-ups,2026-04-09,0,0,0,0
ShirinNeshat_TL_26 · Sign-ups,2026-04-09,134588.0,121244.0,2990.0,1115.21
AiWeiwei_FingerSE_25 · Enter draw,2026-04-08,68290.0,60267.0,1471.0,526.73
Collector_Report_26 · Form Submissions,2026-04-08,0,0,0,0
GrantRiven_LE_26 · Enter draw,2026-04-08,0,0,0,0
Inventory_Test_26,2026-04-08,0,0,0,0
JeffKoons_LE_25 · Enter draw,2026-04-08,0,0,0,0
LucianFreud_TL_26 · Sign-ups,2026-04-08,59749.0,57938.0,752.0,366.82
Maurizio_NonaOra_26 · Enter draw,2026-04-08,424527.0,371576.0,5371.0,2955.62
MickaleneT_TL_26 · Purchases,2026-04-08,0,0,0,0
MickaleneT_TL_26 · Sign-ups,2026-04-08,0,0,0,0
ShirinNeshat_TL_26 · Sign-ups,2026-04-08,75846.0,75301.0,561.0,689.71
AiWeiwei_FingerSE_25 · Enter draw,2026-04-07,37800.0,33999.0,925.0,304.4
Collector_Report_26 · Form Submissions,2026-04-07,0,0,0,0
GrantRiven_LE_26 · Enter draw,2026-04-07,0,0,0,0
Inventory_Test_26,2026-04-07,0,0,0,0
JeffKoons_LE_25 · Enter draw,2026-04-07,0,0,0,0
LucianFreud_TL_26 · Sign-ups,2026-04-07,0,0,0,0
Maurizio_NonaOra_26 · Enter draw,2026-04-07,329609.0,284456.0,4253.0,1804.94
MickaleneT_TL_26 · Purchases,2026-04-07,0,0,0,0
MickaleneT_TL_26 · Sign-ups,2026-04-07,0,0,0,0
AiWeiwei_FingerSE_25 · Enter draw,2026-04-06,20831.0,18733.0,508.0,176.0
GrantRiven_LE_26 · Enter draw,2026-04-06,0,0,0,0
Inventory_Test_26,2026-04-06,0,0,0,0
JeffKoons_LE_25 · Enter draw,2026-04-06,0,0,0,0
LucianFreud_TL_26 · Sign-ups,2026-04-06,0,0,0,0
Maurizio_NonaOra_26 · Enter draw,2026-04-06,204723.0,178024.0,3202.0,1286.82
MickaleneT_TL_26 · Purchases,2026-04-06,0,0,0,0
MickaleneT_TL_26 · Sign-ups,2026-04-06,0,0,0,0
AiWeiwei_FingerSE_25 · Enter draw,2026-04-05,20967.0,18796.0,544.0,190.49
Collector_Report_26 · Form Submissions,2026-04-05,0,0,0,0
GrantRiven_LE_26 · Enter draw,2026-04-05,0,0,0,0
Inventory_Test_26,2026-04-05,1394.0,1321.0,21.0,12.41
JeffKoons_LE_25 · Enter draw,2026-04-05,0,0,0,0
LucianFreud_TL_26 · Sign-ups,2026-04-05,32759.0,32160.0,538.0,186.65
Maurizio_NonaOra_26 · Enter draw,2026-04-05,280622.0,238681.0,5029.0,1741.04
MickaleneT_TL_26 · Purchases,2026-04-05,0,0,0,0
MickaleneT_TL_26 · Sign-ups,2026-04-05,0,0,0,0
AiWeiwei_FingerSE_25 · Enter draw,2026-04-04,19047.0,16492.0,497.0,171.23
Collector_Report_26 · Form Submissions,2026-04-04,0,0,0,0
GrantRiven_LE_26 · Enter draw,2026-04-04,0,0,0,0
Inventory_Test_26,2026-04-04,3254.0,3036.0,40.0,23.94
JeffKoons_LE_25 · Enter draw,2026-04-04,0,0,0,0
LucianFreud_TL_26 · Sign-ups,2026-04-04,25440.0,24304.0,331.0,125.24
Maurizio_NonaOra_26 · Enter draw,2026-04-04,237436.0,201823.0,5288.0,1687.41
MickaleneT_TL_26 · Purchases,2026-04-04,0,0,0,0
MickaleneT_TL_26 · Sign-ups,2026-04-04,0,0,0,0
AiWeiwei_FingerSE_25 · Enter draw,2026-04-03,12724.0,10884.0,410.0,131.04
Collector_Report_26 · Form Submissions,2026-04-03,0,0,0,0
Drift_LE_25 · Enter draw,2026-04-03,0,0,0,0
EmCooper_TL_25 · Purchases,2026-04-03,0,0,0,0
GrantRiven_LE_26 · Enter draw,2026-04-03,0,0,0,0
Inventory_Test_26,2026-04-03,2807.0,2534.0,45.0,21.78
JeffKoons_LE_25 · Enter draw,2026-04-03,0,0,0,0
LucianFreud_TL_26 · Sign-ups,2026-04-03,44834.0,42956.0,728.0,285.74
Maurizio_NonaOra_26 · Enter draw,2026-04-03,98522.0,87095.0,2609.0,820.52
MickaleneT_TL_26 · Purchases,2026-04-03,0,0,0,0
MickaleneT_TL_26 · Sign-ups,2026-04-03,0,0,0,0
AiWeiwei_FingerSE_25 · Enter draw,2026-04-02,22165.0,20491.0,653.0,211.3
Collector_Report_26 · Form Submissions,2026-04-02,0,0,0,0
Drift_LE_25 · Enter draw,2026-04-02,0,0,0,0
EmCooper_TL_25 · Purchases,2026-04-02,0,0,0,0
GrantRiven_LE_26 · Enter draw,2026-04-02,0,0,0,0
Inventory_Test_26,2026-04-02,3305.0,3047.0,40.0,18.77
JeffKoons_LE_25 · Enter draw,2026-04-02,0,0,0,0
LucianFreud_TL_26 · Sign-ups,2026-04-02,91819.0,88325.0,1246.0,541.03
MickaleneT_TL_26 · Purchases,2026-04-02,0,0,0,0
MickaleneT_TL_26 · Sign-ups,2026-04-02,0,0,0,0
Collector_Report_26 · Form Submissions,2026-04-01,0,0,0,0
EmCooper_TL_25 · Purchases,2026-04-01,0,0,0,0
GrantRiven_LE_26 · Enter draw,2026-04-01,0,0,0,0
Inventory_Test_26,2026-04-01,4519.0,4079.0,60.0,24.43
JeffKoons_LE_25 · Enter draw,2026-04-01,0,0,0,0
LucTuymans_LE_26 · Enter draw,2026-04-01,0,0,0,0
LucianFreud_TL_26 · Sign-ups,2026-04-01,62125.0,59724.0,942.0,319.49
MickaleneT_TL_26 · Purchases,2026-04-01,0,0,0,0
MickaleneT_TL_26 · Sign-ups,2026-04-01,0,0,0,0
Collector_Report_26 · Form Submissions,2026-03-31,0,0,0,0
EmCooper_TL_25 · Purchases,2026-03-31,0,0,0,0
GrantRiven_LE_26 · Enter draw,2026-03-31,0,0,0,0
Inventory_Test_26,2026-03-31,7330.0,6703.0,79.0,29.61
JeffKoons_LE_25 · Enter draw,2026-03-31,0,0,0,0
LucTuymans_LE_26 · Enter draw,2026-03-31,0,0,0,0
LucianFreud_TL_26 · Sign-ups,2026-03-31,63536.0,60432.0,926.0,325.8
MickaleneT_TL_26 · Purchases,2026-03-31,0,0,0,0
MickaleneT_TL_26 · Sign-ups,2026-03-31,0,0,0,0
Collector_Report_26 · Form Submissions,2026-03-30,0,0,0,0
Drift_LE_25 · Enter draw,2026-03-30,0,0,0,0
EmCooper_TL_25 · Purchases,2026-03-30,0,0,0,0
GrantRiven_LE_26 · Enter draw,2026-03-30,32961.0,30384.0,487.0,99.79
Inventory_Test_26,2026-03-30,4013.0,3778.0,28.0,21.39
JeffKoons_LE_25 · Enter draw,2026-03-30,0,0,0,0
LucTuymans_LE_26 · Enter draw,2026-03-30,0,0,0,0
LucianFreud_TL_26 · Sign-ups,2026-03-30,82335.0,78437.0,1148.0,391.56
MickaleneT_TL_26 · Purchases,2026-03-30,0,0,0,0
MickaleneT_TL_26 · Sign-ups,2026-03-30,0,0,0,0
EmCooper_TL_25 · Purchases,2026-03-29,0,0,0,0
GrantRiven_LE_26 · Enter draw,2026-03-29,71326.0,56868.0,1081.0,274.42
Inventory_Test_26,2026-03-29,0,0,0,0
JeffKoons_LE_25 · Enter draw,2026-03-29,0,0,0,0
LucianFreud_TL_26 · Sign-ups,2026-03-29,66236.0,62178.0,998.0,375.14
MickaleneT_TL_26 · Purchases,2026-03-29,0,0,0,0
MickaleneT_TL_26 · Sign-ups,2026-03-29,0,0,0,0
Collector_Report_26 · Form Submissions,2026-03-28,0,0,0,0
Drift_LE_25 · Enter draw,2026-03-28,0,0,0,0
GrantRiven_LE_26 · Enter draw,2026-03-28,49564.0,40964.0,659.0,287.84
Inventory_Test_26,2026-03-28,0,0,0,0
JeffKoons_LE_25 · Enter draw,2026-03-28,0,0,0,0
LucianFreud_TL_26 · Sign-ups,2026-03-28,71223.0,67227.0,1048.0,384.73
MickaleneT_TL_26 · Purchases,2026-03-28,0,0,0,0
MickaleneT_TL_26 · Sign-ups,2026-03-28,0,0,0,0
Collector_Report_26 · Form Submissions,2026-03-27,0,0,0,0
Drift_LE_25 · Enter draw,2026-03-27,0,0,0,0
EmCooper_TL_25 · Purchases,2026-03-27,0,0,0,0
GrantRiven_LE_26 · Enter draw,2026-03-27,18096.0,16789.0,158.0,144.15
Inventory_Test_26,2026-03-27,1576.0,1468.0,17.0,10.65
JeffKoons_LE_25 · Enter draw,2026-03-27,0,0,0,0
LucianFreud_TL_26 · Sign-ups,2026-03-27,60654.0,57742.0,1053.0,345.72
MickaleneT_TL_26 · Purchases,2026-03-27,0,0,0,0
MickaleneT_TL_26 · Sign-ups,2026-03-27,0,0,0,0
Collector_Report_26 · Form Submissions,2026-03-26,0,0,0,0
Drift_LE_25 · Enter draw,2026-03-26,0,0,0,0
EmCooper_TL_25 · Purchases,2026-03-26,0,0,0,0
Inventory_Test_26,2026-03-26,2862.0,2620.0,48.0,18.65
JeffKoons_LE_25 · Enter draw,2026-03-26,0,0,0,0
LucTuymans_LE_26 · Enter draw,2026-03-26,0,0,0,0
LucianFreud_TL_26 · Sign-ups,2026-03-26,59686.0,55067.0,1001.0,345.86
MickaleneT_TL_26 · Purchases,2026-03-26,0,0,0,0
MickaleneT_TL_26 · Sign-ups,2026-03-26,0,0,0,0
Collector_Report_26 · Form Submissions,2026-03-25,0,0,0,0
Drift_LE_25 · Enter draw,2026-03-25,0,0,0,0
EmCooper_TL_25 · Purchases,2026-03-25,0,0,0,0
Inventory_Test_26,2026-03-25,3113.0,2740.0,40.0,21.58
JeffKoons_LE_25 · Enter draw,2026-03-25,0,0,0,0
LucTuymans_LE_26 · Enter draw,2026-03-25,0,0,0,0
LucianFreud_TL_26 · Sign-ups,2026-03-25,91243.0,85613.0,1082.0,430.66
MickaleneT_TL_26 · Purchases,2026-03-25,0,0,0,0
MickaleneT_TL_26 · Sign-ups,2026-03-25,0,0,0,0
Drift_LE_25 · Enter draw,2026-03-24,0,0,0,0
EmCooper_TL_25 · Purchases,2026-03-24,0,0,0,0
Inventory_Test_26,2026-03-24,2552.0,2240.0,30.0,18.32
JeanMichel_LE_25 · Enter draw,2026-03-24,0,0,0,0
JeffKoons_LE_25 · Enter draw,2026-03-24,0,0,0,0
LucTuymans_LE_26 · Enter draw,2026-03-24,0,0,0,0
LucianFreud_TL_26 · Sign-ups,2026-03-24,65531.0,61001.0,679.0,382.62
MickaleneT_TL_26 · Purchases,2026-03-24,0,0,0,0
MickaleneT_TL_26 · Sign-ups,2026-03-24,0,0,0,0
Collector_Report_26 · Form Submissions,2026-03-23,0,0,0,0
Drift_LE_25 · Enter draw,2026-03-23,0,0,0,0
EmCooper_TL_25 · Purchases,2026-03-23,0,0,0,0
Inventory_Test_26,2026-03-23,2927.0,2571.0,29.0,20.51
JeffKoons_LE_25 · Enter draw,2026-03-23,0,0,0,0
LucTuymans_LE_26 · Enter draw,2026-03-23,0,0,0,0
LucianFreud_TL_26 · Sign-ups,2026-03-23,71330.0,67193.0,839.0,403.29
MickaleneT_TL_26 · Purchases,2026-03-23,0,0,0,0
MickaleneT_TL_26 · Sign-ups,2026-03-23,0,0,0,0
Collector_Report_26 · Form Submissions,2026-03-22,0,0,0,0
Drift_LE_25 · Enter draw,2026-03-22,0,0,0,0
Inventory_Test_26,2026-03-22,2908.0,2490.0,49.0,22.79
JeffKoons_LE_25 · Enter draw,2026-03-22,0,0,0,0
LucianFreud_TL_26 · Sign-ups,2026-03-22,113497.0,101817.0,1205.0,549.5
MickaleneT_TL_26 · Purchases,2026-03-22,0,0,0,0
MickaleneT_TL_26 · Sign-ups,2026-03-22,0,0,0,0
Collector_Report_26 · Form Submissions,2026-03-21,0,0,0,0
Drift_LE_25 · Enter draw,2026-03-21,0,0,0,0
EmCooper_TL_25 · Purchases,2026-03-21,0,0,0,0
Inventory_Test_26,2026-03-21,2332.0,2187.0,26.0,20.19
JeffKoons_LE_25 · Enter draw,2026-03-21,0,0,0,0
LucTuymans_LE_26 · Enter draw,2026-03-21,0,0,0,0
LucianFreud_TL_26 · Sign-ups,2026-03-21,77287.0,69843.0,968.0,422.43
MickaleneT_TL_26 · Purchases,2026-03-21,0,0,0,0
MickaleneT_TL_26 · Sign-ups,2026-03-21,0,0,0,0
Collector_Report_26 · Form Submissions,2026-03-20,0,0,0,0
Drift_LE_25 · Enter draw,2026-03-20,0,0,0,0
EmCooper_TL_25 · Purchases,2026-03-20,0,0,0,0
EmCooper_TL_25 · Sign-ups,2026-03-20,0,0,0,0
Inventory_Test_26,2026-03-20,1633.0,1507.0,28.0,17.34
JeffKoons_LE_25 · Enter draw,2026-03-20,0,0,0,0
LucTuymans_LE_26 · Enter draw,2026-03-20,0,0,0,0
LucianFreud_TL_26 · Sign-ups,2026-03-20,70013.0,63999.0,873.0,422.48
MickaleneT_TL_26 · Purchases,2026-03-20,0,0,0,0
MickaleneT_TL_26 · Sign-ups,2026-03-20,0,0,0,0
Collector_Report_26 · Form Submissions,2026-03-19,0,0,0,0
Drift_LE_25 · Enter draw,2026-03-19,0,0,0,0
EmCooper_TL_25 · Purchases,2026-03-19,0,0,0,0
Inventory_Test_26,2026-03-19,1184.0,1054.0,24.0,15.86
JeffKoons_LE_25 · Enter draw,2026-03-19,0,0,0,0
Katharina_TL_25 · Purchases,2026-03-19,0,0,0,0
LucTuymans_LE_26 · Enter draw,2026-03-19,0,0,0,0
LucianFreud_TL_26 · Sign-ups,2026-03-19,74889.0,69448.0,1052.0,528.04
MickaleneT_TL_26 · Purchases,2026-03-19,78678.0,69874.0,1252.0,1845.72
MickaleneT_TL_26 · Sign-ups,2026-03-19,0,0,0,0
Collector_Report_26 · Form Submissions,2026-03-18,29488.0,27657.0,538.0,149.92
Drift_LE_25 · Enter draw,2026-03-18,0,0,0,0
EmCooper_TL_25 · Purchases,2026-03-18,0,0,0,0
Inventory_Test_26,2026-03-18,1396.0,1219.0,30.0,15.64
JeffKoons_LE_25 · Enter draw,2026-03-18,0,0,0,0
LucTuymans_LE_26 · Enter draw,2026-03-18,0,0,0,0
LucianFreud_TL_26 · Sign-ups,2026-03-18,100028.0,86663.0,1569.0,765.49
ManRay_TL_25 · Purchases,2026-03-18,0,0,0,0
MickaleneT_TL_26 · Purchases,2026-03-18,137816.0,114017.0,2255.0,3022.16
MickaleneT_TL_26 · Sign-ups,2026-03-18,0,0,0,0
Collector_Report_26 · Form Submissions,2026-03-17,64728.0,58977.0,1262.0,296.3
Drift_LE_25 · Enter draw,2026-03-17,0,0,0,0
EmCooper_TL_25 · Purchases,2026-03-17,0,0,0,0
Inventory_Test_26,2026-03-17,2585.0,2364.0,38.0,24.78
JeanMichel_LE_25 · Enter draw,2026-03-17,0,0,0,0
JeffKoons_LE_25 · Enter draw,2026-03-17,236467.0,222103.0,3795.0,2601.05
Katharina_TL_25 · Purchases,2026-03-17,0,0,0,0
LucTuymans_LE_26 · Enter draw,2026-03-17,0,0,0,0
LucianFreud_TL_26 · Sign-ups,2026-03-17,76923.0,68661.0,1310.0,501.87
ManRay_TL_25 · Purchases,2026-03-17,0,0,0,0
MickaleneT_TL_26 · Purchases,2026-03-17,53361.0,47876.0,985.0,878.09
MickaleneT_TL_26 · Sign-ups,2026-03-17,68175.0,63612.0,1111.0,962.3
Collector_Report_26 · Form Submissions,2026-03-16,40394.0,35773.0,826.0,173.22
Drift_LE_25 · Enter draw,2026-03-16,0,0,0,0
EmCooper_TL_25 · Purchases,2026-03-16,0,0,0,0
EmCooper_TL_25 · Sign-ups,2026-03-16,0,0,0,0
Inventory_Test_26,2026-03-16,3102.0,2800.0,33.0,27.46
JeanMichel_LE_25 · Enter draw,2026-03-16,0,0,0,0
JeffKoons_LE_25 · Enter draw,2026-03-16,374809.0,343894.0,6188.0,3221.77
Katharina_TL_25 · Purchases,2026-03-16,0,0,0,0
LucTuymans_LE_26 · Enter draw,2026-03-16,0,0,0,0
ManRay_TL_25 · Purchases,2026-03-16,0,0,0,0
ManRay_TL_25 · Sign-ups,2026-03-16,0,0,0,0
MickaleneT_TL_26 · Sign-ups,2026-03-16,135315.0,126124.0,1596.0,1611.75
Collector_Report_26 · Form Submissions,2026-03-15,12899.0,11528.0,336.0,54.27
Drift_LE_25 · Enter draw,2026-03-15,0,0,0,0
EmCooper_TL_25 · Purchases,2026-03-15,0,0,0,0
EmCooper_TL_25 · Sign-ups,2026-03-15,0,0,0,0
JeanMichel_LE_25 · Enter draw,2026-03-15,0,0,0,0
JeffKoons_LE_25 · Enter draw,2026-03-15,214585.0,195858.0,3997.0,2068.03
Katharina_TL_25 · Purchases,2026-03-15,0,0,0,0
LucTuymans_LE_26 · Enter draw,2026-03-15,0,0,0,0
ManRay_TL_25 · Purchases,2026-03-15,0,0,0,0
ManRay_TL_25 · Sign-ups,2026-03-15,0,0,0,0
MickaleneT_TL_26 · Sign-ups,2026-03-15,89111.0,75679.0,1306.0,1277.93
Collector_Report_26 · Form Submissions,2026-03-14,10295.0,9350.0,214.0,42.64
Drift_LE_25 · Enter draw,2026-03-14,0,0,0,0
EmCooper_TL_25 · Purchases,2026-03-14,0,0,0,0
EmCooper_TL_25 · Sign-ups,2026-03-14,0,0,0,0
JeanMichel_LE_25 · Enter draw,2026-03-14,0,0,0,0
JeffKoons_LE_25 · Enter draw,2026-03-14,193266.0,180432.0,3694.0,2090.76
JoanaB_AIB_26 · Purchases,2026-03-14,0,0,0,0
Katharina_TL_25 · Purchases,2026-03-14,0,0,0,0
LucTuymans_LE_26 · Enter draw,2026-03-14,0,0,0,0
ManRay_TL_25 · Purchases,2026-03-14,0,0,0,0
ManRay_TL_25 · Sign-ups,2026-03-14,0,0,0,0
MickaleneT_TL_26 · Sign-ups,2026-03-14,77181.0,67497.0,1280.0,1260.9
Collector_Report_26 · Form Submissions,2026-03-13,8996.0,8081.0,254.0,38.26
Drift_LE_25 · Enter draw,2026-03-13,0,0,0,0
EmCooper_TL_25 · Purchases,2026-03-13,0,0,0,0
EmCooper_TL_25 · Sign-ups,2026-03-13,0,0,0,0
JeanMichel_LE_25 · Enter draw,2026-03-13,0,0,0,0
JeffKoons_LE_25 · Enter draw,2026-03-13,264006.0,245533.0,5425.0,3347.53
JoanaB_AIB_26 · Purchases,2026-03-13,0,0,0,0
Katharina_TL_25 · Purchases,2026-03-13,0,0,0,0
Katharina_TL_25 · Sign-ups,2026-03-13,0,0,0,0
LucTuymans_LE_26 · Enter draw,2026-03-13,0,0,0,0
ManRay_TL_25 · Purchases,2026-03-13,0,0,0,0
ManRay_TL_25 · Sign-ups,2026-03-13,0,0,0,0
MickaleneT_TL_26 · Sign-ups,2026-03-13,88841.0,82809.0,1158.0,1240.36
Collector_Report_26 · Form Submissions,2026-03-12,11355.0,10350.0,344.0,55.97
Drift_LE_25 · Enter draw,2026-03-12,0,0,0,0
EmCooper_TL_25 · Purchases,2026-03-12,0,0,0,0
EmCooper_TL_25 · Sign-ups,2026-03-12,0,0,0,0
JeanMichel_LE_25 · Enter draw,2026-03-12,0,0,0,0
JeffKoons_LE_25 · Enter draw,2026-03-12,391889.0,363224.0,8382.0,5556.2
JoanaB_AIB_26 · Purchases,2026-03-12,0,0,0,0
Katharina_TL_25 · Purchases,2026-03-12,0,0,0,0
LucTuymans_LE_26 · Enter draw,2026-03-12,0,0,0,0
ManRay_TL_25 · Purchases,2026-03-12,0,0,0,0
ManRay_TL_25 · Sign-ups,2026-03-12,0,0,0,0
MickaleneT_TL_26 · Sign-ups,2026-03-12,97283.0,89930.0,1236.0,1390.6
Collector_Report_26 · Form Submissions,2026-03-11,9219.0,8221.0,200.0,58.4
Drift_LE_25 · Enter draw,2026-03-11,0,0,0,0
EmCooper_TL_25 · Purchases,2026-03-11,0,0,0,0
EmCooper_TL_25 · Sign-ups,2026-03-11,0,0,0,0
JeanMichel_LE_25 · Enter draw,2026-03-11,0,0,0,0
JeffKoons_LE_25 · Enter draw,2026-03-11,647739.0,595841.0,11763.0,7779.23
JoanaB_AIB_26 · Purchases,2026-03-11,0,0,0,0
Katharina_TL_25 · Purchases,2026-03-11,0,0,0,0
Katharina_TL_25 · Sign-ups,2026-03-11,0,0,0,0
LucTuymans_LE_26 · Enter draw,2026-03-11,0,0,0,0
ManRay_TL_25 · Purchases,2026-03-11,0,0,0,0
ManRay_TL_25 · Sign-ups,2026-03-11,0,0,0,0
MarinaAbr-1502 · Purchases,2026-03-11,0,0,0,0
MaurizioC_LE_26 · Enter draw,2026-03-11,0,0,0,0
MickaleneT_TL_26 · Sign-ups,2026-03-11,96812.0,93416.0,1100.0,1281.35
NiceAunties_AIB_25 · Purchases,2026-03-11,0,0,0,0
Collector_Report_26 · Form Submissions,2026-03-10,2156.0,2052.0,21.0,17.98
Drift_LE_25 · Enter draw,2026-03-10,0,0,0,0
EmCooper_TL_25 · Purchases,2026-03-10,0,0,0,0
EmCooper_TL_25 · Sign-ups,2026-03-10,0,0,0,0
JeanMichel_LE_25 · Enter draw,2026-03-10,0,0,0,0
JeffKoons_LE_25 · Enter draw,2026-03-10,547673.0,517261.0,9910.0,5954.93
JoanaB_AIB_26 · Purchases,2026-03-10,0,0,0,0
Katharina_TL_25 · Purchases,2026-03-10,0,0,0,0
Katharina_TL_25 · Sign-ups,2026-03-10,0,0,0,0
LucTuymans_LE_26 · Enter draw,2026-03-10,0,0,0,0
ManRay_TL_25 · Purchases,2026-03-10,0,0,0,0
ManRay_TL_25 · Sign-ups,2026-03-10,0,0,0,0
MarinaAbr-1502 · Purchases,2026-03-10,0,0,0,0
MickaleneT_TL_26 · Sign-ups,2026-03-10,120410.0,113521.0,1667.0,1722.15
Collector_Report_26 · Form Submissions,2026-03-09,0,0,0,0
Drift_LE_25 · Enter draw,2026-03-09,4165.0,3935.0,101.0,57.94
EmCooper_TL_25 · Purchases,2026-03-09,0,0,0,0
EmCooper_TL_25 · Sign-ups,2026-03-09,0,0,0,0
JeanMichel_LE_25 · Enter draw,2026-03-09,0,0,0,0
JeffKoons_LE_25 · Enter draw,2026-03-09,610820.0,572280.0,9793.0,5578.94
JoanaB_AIB_26 · Purchases,2026-03-09,0,0,0,0
Katharina_TL_25 · Purchases,2026-03-09,0,0,0,0
Katharina_TL_25 · Sign-ups,2026-03-09,0,0,0,0
LucTuymans_LE_26 · Enter draw,2026-03-09,0,0,0,0
ManRay_TL_25 · Purchases,2026-03-09,0,0,0,0
ManRay_TL_25 · Sign-ups,2026-03-09,0,0,0,0
MarinaAbr-1502 · Purchases,2026-03-09,0,0,0,0
MarinaAbr-1502 · Sign-ups,2026-03-09,0,0,0,0
MaurizioC_LE_26 · Enter draw,2026-03-09,0,0,0,0
MickaleneT_TL_26 · Sign-ups,2026-03-09,144357.0,132689.0,2087.0,2002.44
NiceAunties_AIB_25 · Purchases,2026-03-09,0,0,0,0
Collector_Report_26 · Form Submissions,2026-03-08,0,0,0,0
Drift_LE_25 · Enter draw,2026-03-08,21330.0,19454.0,427.0,221.12
EmCooper_TL_25 · Purchases,2026-03-08,0,0,0,0
EmCooper_TL_25 · Sign-ups,2026-03-08,0,0,0,0
JeanMichel_LE_25 · Enter draw,2026-03-08,0,0,0,0
JeffKoons_LE_25 · Enter draw,2026-03-08,316850.0,293389.0,5688.0,3193.93
JoanaB_AIB_26 · Purchases,2026-03-08,0,0,0,0
Katharina_TL_25 · Purchases,2026-03-08,0,0,0,0
Katharina_TL_25 · Sign-ups,2026-03-08,0,0,0,0
LucTuymans_LE_26 · Enter draw,2026-03-08,0,0,0,0
ManRay_TL_25 · Purchases,2026-03-08,0,0,0,0
ManRay_TL_25 · Sign-ups,2026-03-08,0,0,0,0
MickaleneT_TL_26 · Sign-ups,2026-03-08,173350.0,166067.0,2496.0,2151.2
NiceAunties_AIB_25 · Purchases,2026-03-08,0,0,0,0
Collector_Report_26 · Form Submissions,2026-03-07,3602.0,3476.0,103.0,12.82
Drift_LE_25 · Enter draw,2026-03-07,47716.0,40665.0,1088.0,500.81
EmCooper_TL_25 · Purchases,2026-03-07,0,0,0,0
EmCooper_TL_25 · Sign-ups,2026-03-07,0,0,0,0
JeanMichel_LE_25 · Enter draw,2026-03-07,0,0,0,0
JeffKoons_LE_25 · Enter draw,2026-03-07,303554.0,283426.0,5366.0,3125.56
JoanaB_AIB_26 · Purchases,2026-03-07,0,0,0,0
Katharina_TL_25 · Purchases,2026-03-07,0,0,0,0
LucTuymans_LE_26 · Enter draw,2026-03-07,0,0,0,0
ManRay_TL_25 · Purchases,2026-03-07,0,0,0,0
ManRay_TL_25 · Sign-ups,2026-03-07,0,0,0,0
MarinaAbr-1502 · Purchases,2026-03-07,0,0,0,0
MarinaAbr-1502 · Sign-ups,2026-03-07,0,0,0,0
MaurizioC_LE_26 · Enter draw,2026-03-07,0,0,0,0
MickaleneT_TL_26 · Sign-ups,2026-03-07,163161.0,151637.0,2335.0,2093.56
NiceAunties_AIB_25 · Purchases,2026-03-07,0,0,0,0
Collector_Report_26 · Form Submissions,2026-03-06,13877.0,12562.0,342.0,50.4
Drift_LE_25 · Enter draw,2026-03-06,50905.0,43921.0,864.0,415.08
EmCooper_TL_25 · Purchases,2026-03-06,14973.0,13551.0,246.0,63.75
EmCooper_TL_25 · Sign-ups,2026-03-06,0,0,0,0
JeanMichel_LE_25 · Enter draw,2026-03-06,0,0,0,0
JeffKoons_LE_25 · Enter draw,2026-03-06,337567.0,311729.0,5607.0,3487.04
JoanaB_AIB_26 · Purchases,2026-03-06,0,0,0,0
Katharina_TL_25 · Purchases,2026-03-06,0,0,0,0
Katharina_TL_25 · Sign-ups,2026-03-06,0,0,0,0
LucTuymans_LE_26 · Enter draw,2026-03-06,0,0,0,0
ManRay_TL_25 · Purchases,2026-03-06,0,0,0,0
ManRay_TL_25 · Sign-ups,2026-03-06,0,0,0,0
MarinaAbr-1502 · Purchases,2026-03-06,0,0,0,0
MarinaAbr-1502 · Sign-ups,2026-03-06,0,0,0,0
MaurizioC_LE_26 · Enter draw,2026-03-06,0,0,0,0
MickaleneT_TL_26 · Sign-ups,2026-03-06,159287.0,149706.0,2412.0,1981.03
NiceAunties_AIB_25 · Purchases,2026-03-06,0,0,0,0
Collector_Report_26 · Form Submissions,2026-03-05,24456.0,20789.0,575.0,84.88
Drift_LE_25 · Enter draw,2026-03-05,0,0,0,0
EmCooper_TL_25 · Purchases,2026-03-05,49632.0,41372.0,731.0,187.26
EmCooper_TL_25 · Sign-ups,2026-03-05,0,0,0,0
JeanMichel_LE_25 · Enter draw,2026-03-05,0,0,0,0
JeffKoons_LE_25 · Enter draw,2026-03-05,239207.0,224592.0,4372.0,2951.06
JoanaB_AIB_26 · Purchases,2026-03-05,0,0,0,0
Katharina_TL_25 · Purchases,2026-03-05,0,0,0,0
Katharina_TL_25 · Sign-ups,2026-03-05,0,0,0,0
LucTuymans_LE_26 · Enter draw,2026-03-05,26034.0,22751.0,860.0,196.12
ManRay_TL_25 · Purchases,2026-03-05,0,0,0,0
ManRay_TL_25 · Sign-ups,2026-03-05,0,0,0,0
MarinaAbr-1502 · Purchases,2026-03-05,0,0,0,0
MarinaAbr-1502 · Sign-ups,2026-03-05,0,0,0,0
MickaleneT_TL_26 · Sign-ups,2026-03-05,151611.0,140002.0,2373.0,1946.07
NiceAunties_AIB_25 · Purchases,2026-03-05,0,0,0,0
Collector_Report_26 · Form Submissions,2026-03-04,15681.0,15081.0,95.0,87.35
DenitzaZ_AIB_26 · Purchases,2026-03-04,0,0,0,0
Drift_LE_25 · Enter draw,2026-03-04,9543.0,8951.0,170.0,86.48
EmCooper_TL_25 · Purchases,2026-03-04,30848.0,25145.0,446.0,130.06
EmCooper_TL_25 · Sign-ups,2026-03-04,0,0,0,0
JeanMichel_LE_25 · Enter draw,2026-03-04,0,0,0,0
JeffKoons_LE_25 · Enter draw,2026-03-04,267998.0,250877.0,5037.0,3073.62
JoanaB_AIB_26 · Purchases,2026-03-04,0,0,0,0
Katharina_TL_25 · Purchases,2026-03-04,0,0,0,0
Katharina_TL_25 · Sign-ups,2026-03-04,0,0,0,0
LucTuymans_LE_26 · Enter draw,2026-03-04,16041.0,13764.0,452.0,114.95
ManRay_TL_25 · Purchases,2026-03-04,0,0,0,0
ManRay_TL_25 · Sign-ups,2026-03-04,0,0,0,0
MarinaAbr-1502 · Purchases,2026-03-04,0,0,0,0
MarinaAbr-1502 · Sign-ups,2026-03-04,0,0,0,0
MaurizioC_LE_26 · Enter draw,2026-03-04,0,0,0,0
MickaleneT_TL_26 · Sign-ups,2026-03-04,171627.0,162646.0,2500.0,1979.6
NiceAunties_AIB_25 · Purchases,2026-03-04,0,0,0,0
DenitzaZ_AIB_26 · Purchases,2026-03-03,0,0,0,0
EmCooper_TL_25 · Sign-ups,2026-03-03,0,0,0,0
JeanMichel_LE_25 · Enter draw,2026-03-03,0,0,0,0
JeffKoons_LE_25 · Enter draw,2026-03-03,177550.0,166933.0,3794.0,2129.42
JoanaB_AIB_26 · Purchases,2026-03-03,0,0,0,0
Katharina_TL_25 · Purchases,2026-03-03,0,0,0,0
Katharina_TL_25 · Sign-ups,2026-03-03,0,0,0,0
ManRay_TL_25 · Purchases,2026-03-03,0,0,0,0
ManRay_TL_25 · Sign-ups,2026-03-03,0,0,0,0
MarinaAbr-1502 · Purchases,2026-03-03,0,0,0,0
MarinaAbr-1502 · Sign-ups,2026-03-03,0,0,0,0
MaurizioC_LE_26 · Enter draw,2026-03-03,0,0,0,0
MickaleneT_TL_26 · Sign-ups,2026-03-03,171388.0,153847.0,2640.0,1989.45
NiceAunties_AIB_25 · Purchases,2026-03-03,0,0,0,0
DenitzaZ_AIB_26 · Purchases,2026-03-02,0,0,0,0
EmCooper_TL_25 · Sign-ups,2026-03-02,0,0,0,0
JeanMichel_LE_25 · Enter draw,2026-03-02,0,0,0,0
JeffKoons_LE_25 · Enter draw,2026-03-02,183064.0,171593.0,4093.0,2007.61
JoanaB_AIB_26 · Purchases,2026-03-02,0,0,0,0
Katharina_TL_25 · Purchases,2026-03-02,0,0,0,0
Katharina_TL_25 · Sign-ups,2026-03-02,0,0,0,0
ManRay_TL_25 · Purchases,2026-03-02,0,0,0,0
ManRay_TL_25 · Sign-ups,2026-03-02,0,0,0,0
MarinaAbr-1502 · Purchases,2026-03-02,0,0,0,0
MarinaAbr-1502 · Sign-ups,2026-03-02,0,0,0,0
MaurizioC_LE_26 · Enter draw,2026-03-02,0,0,0,0
MickaleneT_TL_26 · Sign-ups,2026-03-02,181542.0,166343.0,2966.0,1904.81
NiceAunties_AIB_25 · Purchases,2026-03-02,0,0,0,0
DenitzaZ_AIB_26 · Purchases,2026-03-01,0,0,0,0
EmCooper_TL_25 · Sign-ups,2026-03-01,0,0,0,0
JeanMichel_LE_25 · Enter draw,2026-03-01,0,0,0,0
JeffKoons_LE_25 · Enter draw,2026-03-01,203348.0,188469.0,5071.0,2293.39
JoanaB_AIB_26 · Purchases,2026-03-01,0,0,0,0
Katharina_TL_25 · Purchases,2026-03-01,0,0,0,0
ManRay_TL_25 · Purchases,2026-03-01,0,0,0,0
ManRay_TL_25 · Sign-ups,2026-03-01,0,0,0,0
MarinaAbr-1502 · Purchases,2026-03-01,0,0,0,0
MarinaAbr-1502 · Sign-ups,2026-03-01,0,0,0,0
MaurizioC_LE_26 · Enter draw,2026-03-01,0,0,0,0
MickaleneT_TL_26 · Sign-ups,2026-03-01,196539.0,181160.0,3473.0,2077.28
NiceAunties_AIB_25 · Purchases,2026-03-01,0,0,0,0
Pejac_Repeat_26 · Sign-ups,2026-03-01,0,0,0,0
Vladsng_AIB_26 · Purchases,2026-03-01,0,0,0,0
DenitzaZ_AIB_26 · Purchases,2026-02-28,0,0,0,0
EmCooper_TL_25 · Sign-ups,2026-02-28,0,0,0,0
JeanMichel_LE_25 · Enter draw,2026-02-28,0,0,0,0
JeffKoons_LE_25 · Enter draw,2026-02-28,196029.0,183727.0,4817.0,2309.23
JoanaB_AIB_26 · Purchases,2026-02-28,0,0,0,0
Katharina_TL_25 · Purchases,2026-02-28,0,0,0,0
Katharina_TL_25 · Sign-ups,2026-02-28,0,0,0,0
ManRay_TL_25 · Purchases,2026-02-28,0,0,0,0
ManRay_TL_25 · Sign-ups,2026-02-28,0,0,0,0
MarinaAbr-1502 · Purchases,2026-02-28,0,0,0,0
MarinaAbr-1502 · Sign-ups,2026-02-28,0,0,0,0
MaurizioC_LE_26 · Enter draw,2026-02-28,0,0,0,0
MickaleneT_TL_26 · Sign-ups,2026-02-28,184703.0,172278.0,2869.0,1844.68
NiceAunties_AIB_25 · Purchases,2026-02-28,0,0,0,0
Pejac_Repeat_26 · Sign-ups,2026-02-28,0,0,0,0
Vladsng_AIB_26 · Purchases,2026-02-28,0,0,0,0
DenitzaZ_AIB_26 · Purchases,2026-02-27,0,0,0,0
EmCooper_TL_25 · Sign-ups,2026-02-27,0,0,0,0
JeanMichel_LE_25 · Enter draw,2026-02-27,7981.0,7782.0,156.0,69.38
JeffKoons_LE_25 · Enter draw,2026-02-27,165821.0,154890.0,3678.0,1886.22
JoanaB_AIB_26 · Purchases,2026-02-27,0,0,0,0
Katharina_TL_25 · Purchases,2026-02-27,0,0,0,0
Katharina_TL_25 · Sign-ups,2026-02-27,0,0,0,0
ManRay_TL_25 · Purchases,2026-02-27,0,0,0,0
ManRay_TL_25 · Sign-ups,2026-02-27,0,0,0,0
MarinaAbr-1502 · Purchases,2026-02-27,0,0,0,0
MarinaAbr-1502 · Sign-ups,2026-02-27,0,0,0,0
MaurizioC_LE_26 · Enter draw,2026-02-27,0,0,0,0
MickaleneT_TL_26 · Sign-ups,2026-02-27,173850.0,160250.0,3330.0,2094.45
NiceAunties_AIB_25 · Purchases,2026-02-27,0,0,0,0
Pejac_Repeat_26 · Sign-ups,2026-02-27,0,0,0,0
Vladsng_AIB_26 · Purchases,2026-02-27,0,0,0,0
DenitzaZ_AIB_26 · Purchases,2026-02-26,0,0,0,0
EmCooper_TL_25 · Sign-ups,2026-02-26,0,0,0,0
JeanMichel_LE_25 · Enter draw,2026-02-26,22342.0,20961.0,481.0,210.76
JeffKoons_LE_25 · Enter draw,2026-02-26,200878.0,183687.0,4158.0,1970.49
JoanaB_AIB_26 · Purchases,2026-02-26,0,0,0,0
Katharina_TL_25 · Purchases,2026-02-26,0,0,0,0
Katharina_TL_25 · Sign-ups,2026-02-26,0,0,0,0
ManRay_TL_25 · Purchases,2026-02-26,0,0,0,0
ManRay_TL_25 · Sign-ups,2026-02-26,0,0,0,0
MarinaAbr-1502 · Purchases,2026-02-26,0,0,0,0
MarinaAbr-1502 · Sign-ups,2026-02-26,0,0,0,0
MaurizioC_LE_26 · Enter draw,2026-02-26,0,0,0,0
MickaleneT_TL_26 · Sign-ups,2026-02-26,169486.0,154998.0,3697.0,1927.77
NiceAunties_AIB_25 · Purchases,2026-02-26,0,0,0,0
Pejac_Repeat_26 · Sign-ups,2026-02-26,0,0,0,0
Solienne_AIB_26 · Purchases,2026-02-26,0,0,0,0
Vladsng_AIB_26 · Purchases,2026-02-26,0,0,0,0
AiWeiwei_SelfPortrait_26 · Purchases,2026-02-25,0,0,0,0
DenitzaZ_AIB_26 · Purchases,2026-02-25,0,0,0,0
EmCooper_TL_25 · Sign-ups,2026-02-25,18482.0,16800.0,347.0,146.41
FerrariSh_LE_26 · Enter draw,2026-02-25,0,0,0,0
JeanMichel_LE_25 · Enter draw,2026-02-25,19005.0,17665.0,378.0,175.45
JeffKoons_LE_25 · Enter draw,2026-02-25,171512.0,156407.0,3672.0,1574.58
JoanaB_AIB_26 · Purchases,2026-02-25,0,0,0,0
Katharina_TL_25 · Purchases,2026-02-25,0,0,0,0
Katharina_TL_25 · Sign-ups,2026-02-25,0,0,0,0
ManRay_TL_25 · Purchases,2026-02-25,0,0,0,0
ManRay_TL_25 · Sign-ups,2026-02-25,0,0,0,0
MarinaAbr-1502 · Purchases,2026-02-25,0,0,0,0
MarinaAbr-1502 · Sign-ups,2026-02-25,0,0,0,0
MaurizioC_LE_26 · Enter draw,2026-02-25,0,0,0,0
MickaleneT_TL_26 · Sign-ups,2026-02-25,178942.0,161330.0,3950.0,1687.6
NiceAunties_AIB_25 · Purchases,2026-02-25,0,0,0,0
Pejac_Repeat_26 · Sign-ups,2026-02-25,0,0,0,0
Solienne_AIB_26 · Purchases,2026-02-25,0,0,0,0
TomasSanchez_TL_26 · Purchases,2026-02-25,0,0,0,0
Vladsng_AIB_26 · Purchases,2026-02-25,0,0,0,0
AiWeiwei_SelfPortrait_26 · Purchases,2026-02-24,0,0,0,0
AiWeiwei_SelfPortrait_26 · Sign-ups,2026-02-24,0,0,0,0
DenitzaZ_AIB_26 · Purchases,2026-02-24,0,0,0,0
EmCooper_TL_25 · Sign-ups,2026-02-24,37609.0,32042.0,666.0,274.73
JeanMichel_LE_25 · Enter draw,2026-02-24,19932.0,18223.0,373.0,185.99
JeffKoons_LE_25 · Enter draw,2026-02-24,179325.0,164173.0,4152.0,1529.84
JoanaB_AIB_26 · Purchases,2026-02-24,0,0,0,0
Katharina_TL_25 · Purchases,2026-02-24,0,0,0,0
Katharina_TL_25 · Sign-ups,2026-02-24,0,0,0,0
LeeUfan_LE_26 · Enter draw,2026-02-24,0,0,0,0
ManRay_TL_25 · Purchases,2026-02-24,0,0,0,0
ManRay_TL_25 · Sign-ups,2026-02-24,0,0,0,0
MarinaAbr-1502 · Purchases,2026-02-24,0,0,0,0
MarinaAbr-1502 · Sign-ups,2026-02-24,0,0,0,0
MaurizioC_LE_26 · Enter draw,2026-02-24,0,0,0,0
MickaleneT_TL_26 · Sign-ups,2026-02-24,208553.0,187171.0,4814.0,1784.82
NiceAunties_AIB_25 · Purchases,2026-02-24,0,0,0,0
Pejac_Repeat_26 · Sign-ups,2026-02-24,0,0,0,0
Solienne_AIB_26 · Purchases,2026-02-24,0,0,0,0
TomasSanchez_TL_26 · Purchases,2026-02-24,0,0,0,0
Vladsng_AIB_26 · Purchases,2026-02-24,0,0,0,0
AiWeiwei_SelfPortrait_26 · Purchases,2026-02-23,0,0,0,0
AiWeiwei_SelfPortrait_26 · Sign-ups,2026-02-23,0,0,0,0
DenitzaZ_AIB_26 · Purchases,2026-02-23,0,0,0,0
EmCooper_TL_25 · Sign-ups,2026-02-23,46896.0,40656.0,705.0,290.95
FerrariSh_LE_26 · Enter draw,2026-02-23,0,0,0,0
JeanMichel_LE_25 · Enter draw,2026-02-23,42855.0,38869.0,754.0,311.66
JeffKoons_LE_25 · Enter draw,2026-02-23,70913.0,64607.0,1800.0,575.84
JoanaB_AIB_26 · Purchases,2026-02-23,0,0,0,0
Katharina_TL_25 · Purchases,2026-02-23,0,0,0,0
Katharina_TL_25 · Sign-ups,2026-02-23,0,0,0,0
LeeUfan_LE_26 · Enter draw,2026-02-23,0,0,0,0
ManRay_TL_25 · Purchases,2026-02-23,0,0,0,0
ManRay_TL_25 · Sign-ups,2026-02-23,0,0,0,0
MarinaAbr-1502 · Purchases,2026-02-23,0,0,0,0
MarinaAbr-1502 · Sign-ups,2026-02-23,0,0,0,0
MaurizioC_LE_26 · Enter draw,2026-02-23,0,0,0,0
MickaleneT_TL_26 · Sign-ups,2026-02-23,205762.0,177354.0,5408.0,2015.15
NiceAunties_AIB_25 · Purchases,2026-02-23,0,0,0,0
Pejac_Repeat_26 · Sign-ups,2026-02-23,0,0,0,0
Solienne_AIB_26 · Purchases,2026-02-23,0,0,0,0
TomasSanchez_TL_26 · Purchases,2026-02-23,0,0,0,0
TomasSanchez_TL_26 · Sign-ups,2026-02-23,0,0,0,0
Vladsng_AIB_26 · Purchases,2026-02-23,0,0,0,0
AiWeiwei_SelfPortrait_26 · Purchases,2026-02-22,0,0,0,0
AiWeiwei_SelfPortrait_26 · Sign-ups,2026-02-22,0,0,0,0
DenitzaZ_AIB_26 · Purchases,2026-02-22,0,0,0,0
EmCooper_TL_25 · Sign-ups,2026-02-22,44023.0,37802.0,867.0,326.27
FerrariSh_LE_26 · Enter draw,2026-02-22,0,0,0,0
JeanMichel_LE_25 · Enter draw,2026-02-22,19623.0,17836.0,318.0,127.26
JeffKoons_LE_25 · Enter draw,2026-02-22,36491.0,33929.0,1293.0,316.73
JoanaB_AIB_26 · Purchases,2026-02-22,0,0,0,0
Katharina_TL_25 · Purchases,2026-02-22,0,0,0,0
Katharina_TL_25 · Sign-ups,2026-02-22,0,0,0,0
LeeUfan_LE_26 · Enter draw,2026-02-22,0,0,0,0
ManRay_TL_25 · Purchases,2026-02-22,0,0,0,0
ManRay_TL_25 · Sign-ups,2026-02-22,0,0,0,0
MarinaAbr-1502 · Purchases,2026-02-22,0,0,0,0
MarinaAbr-1502 · Sign-ups,2026-02-22,0,0,0,0
MaurizioC_LE_26 · Enter draw,2026-02-22,0,0,0,0
MickaleneT_TL_26 · Sign-ups,2026-02-22,84359.0,68919.0,3528.0,960.5
NiceAunties_AIB_25 · Purchases,2026-02-22,0,0,0,0
Pejac_Repeat_26 · Sign-ups,2026-02-22,0,0,0,0
Solienne_AIB_26 · Purchases,2026-02-22,0,0,0,0
TomasSanchez_TL_26 · Purchases,2026-02-22,0,0,0,0
TomasSanchez_TL_26 · Sign-ups,2026-02-22,0,0,0,0
Vladsng_AIB_26 · Purchases,2026-02-22,0,0,0,0
AiWeiwei_SelfPortrait_26 · Purchases,2026-02-21,0,0,0,0
AiWeiwei_SelfPortrait_26 · Sign-ups,2026-02-21,0,0,0,0
DenitzaZ_AIB_26 · Purchases,2026-02-21,0,0,0,0
EmCooper_TL_25 · Sign-ups,2026-02-21,52698.0,45096.0,644.0,279.12
FerrariSh_LE_26 · Enter draw,2026-02-21,0,0,0,0
JeanMichel_LE_25 · Enter draw,2026-02-21,0,0,0,0
JeffKoons_LE_25 · Enter draw,2026-02-21,36889.0,34267.0,1432.0,282.46
JoanaB_AIB_26 · Purchases,2026-02-21,0,0,0,0
Katharina_TL_25 · Purchases,2026-02-21,0,0,0,0
Katharina_TL_25 · Sign-ups,2026-02-21,0,0,0,0
LeeUfan_LE_26 · Enter draw,2026-02-21,0,0,0,0
ManRay_TL_25 · Purchases,2026-02-21,0,0,0,0
ManRay_TL_25 · Sign-ups,2026-02-21,0,0,0,0
MarinaAbr-1502 · Purchases,2026-02-21,0,0,0,0
MarinaAbr-1502 · Sign-ups,2026-02-21,0,0,0,0
MaurizioC_LE_26 · Enter draw,2026-02-21,0,0,0,0
MickaleneT_TL_26 · Sign-ups,2026-02-21,22927.0,20578.0,950.0,232.05
NiceAunties_AIB_25 · Purchases,2026-02-21,0,0,0,0
Pejac_Repeat_26 · Sign-ups,2026-02-21,0,0,0,0
Solienne_AIB_26 · Purchases,2026-02-21,0,0,0,0
TomasSanchez_TL_26 · Purchases,2026-02-21,0,0,0,0
TomasSanchez_TL_26 · Sign-ups,2026-02-21,0,0,0,0
Vladsng_AIB_26 · Purchases,2026-02-21,0,0,0,0
AiWeiwei_SelfPortrait_26 · Purchases,2026-02-20,0,0,0,0
AiWeiwei_SelfPortrait_26 · Sign-ups,2026-02-20,0,0,0,0
DenitzaZ_AIB_26 · Purchases,2026-02-20,0,0,0,0
EmCooper_TL_25 · Sign-ups,2026-02-20,39591.0,33158.0,593.0,294.05
FerrariSh_LE_26 · Enter draw,2026-02-20,0,0,0,0
JeanMichel_LE_25 · Enter draw,2026-02-20,0,0,0,0
JeffKoons_LE_25 · Enter draw,2026-02-20,25768.0,23967.0,1036.0,184.37
JoanaB_AIB_26 · Purchases,2026-02-20,0,0,0,0
Katharina_TL_25 · Purchases,2026-02-20,0,0,0,0
Katharina_TL_25 · Sign-ups,2026-02-20,0,0,0,0
LeeUfan_LE_26 · Enter draw,2026-02-20,0,0,0,0
ManRay_TL_25 · Purchases,2026-02-20,0,0,0,0
ManRay_TL_25 · Sign-ups,2026-02-20,0,0,0,0
MarinaAbr-1502 · Purchases,2026-02-20,0,0,0,0
MarinaAbr-1502 · Sign-ups,2026-02-20,0,0,0,0
MaurizioC_LE_26 · Enter draw,2026-02-20,0,0,0,0
NiceAunties_AIB_25 · Purchases,2026-02-20,0,0,0,0
Pejac_Repeat_26 · Sign-ups,2026-02-20,0,0,0,0
Solienne_AIB_26 · Purchases,2026-02-20,0,0,0,0
TomasSanchez_TL_26 · Purchases,2026-02-20,0,0,0,0
TomasSanchez_TL_26 · Sign-ups,2026-02-20,0,0,0,0
Vladsng_AIB_26 · Purchases,2026-02-20,0,0,0,0
AiWeiwei_SelfPortrait_26 · Purchases,2026-02-19,0,0,0,0
AiWeiwei_SelfPortrait_26 · Sign-ups,2026-02-19,0,0,0,0
DenitzaZ_AIB_26 · Purchases,2026-02-19,0,0,0,0
EmCooper_TL_25 · Sign-ups,2026-02-19,39234.0,33943.0,562.0,285.15
FerrariSh_LE_26 · Enter draw,2026-02-19,0,0,0,0
JeanMichel_LE_25 · Enter draw,2026-02-19,0,0,0,0
JoanaB_AIB_26 · Purchases,2026-02-19,0,0,0,0
Katharina_TL_25 · Purchases,2026-02-19,9486.0,8578.0,126.0,107.0
Katharina_TL_25 · Sign-ups,2026-02-19,0,0,0,0
LeeUfan_LE_26 · Enter draw,2026-02-19,0,0,0,0
ManRay_TL_25 · Purchases,2026-02-19,43542.0,40545.0,450.0,453.13
ManRay_TL_25 · Sign-ups,2026-02-19,0,0,0,0
MarinaAbr-1502 · Purchases,2026-02-19,0,0,0,0
MarinaAbr-1502 · Sign-ups,2026-02-19,0,0,0,0
MaurizioC_LE_26 · Enter draw,2026-02-19,0,0,0,0
NiceAunties_AIB_25 · Purchases,2026-02-19,0,0,0,0
Pejac_Repeat_26 · Sign-ups,2026-02-19,0,0,0,0
Solienne_AIB_26 · Purchases,2026-02-19,0,0,0,0
TomasSanchez_TL_26 · Purchases,2026-02-19,0,0,0,0
TomasSanchez_TL_26 · Sign-ups,2026-02-19,0,0,0,0
Vladsng_AIB_26 · Purchases,2026-02-19,0,0,0,0
AiWeiwei_SelfPortrait_26 · Purchases,2026-02-18,0,0,0,0
AiWeiwei_SelfPortrait_26 · Sign-ups,2026-02-18,0,0,0,0
DenitzaZ_AIB_26 · Purchases,2026-02-18,0,0,0,0
EmCooper_TL_25 · Sign-ups,2026-02-18,41866.0,34216.0,602.0,300.52
FerrariSh_LE_26 · Enter draw,2026-02-18,0,0,0,0
JeanMichel_LE_25 · Enter draw,2026-02-18,0,0,0,0
JoanaB_AIB_26 · Purchases,2026-02-18,0,0,0,0
Katharina_TL_25 · Purchases,2026-02-18,0,0,0,0
Katharina_TL_25 · Sign-ups,2026-02-18,0,0,0,0
LeeUfan_LE_26 · Enter draw,2026-02-18,0,0,0,0
ManRay_TL_25 · Purchases,2026-02-18,86746.0,76544.0,885.0,671.46
ManRay_TL_25 · Sign-ups,2026-02-18,0,0,0,0
MarinaAbr-1502 · Purchases,2026-02-18,0,0,0,0
MarinaAbr-1502 · Sign-ups,2026-02-18,0,0,0,0
MaurizioC_LE_26 · Enter draw,2026-02-18,0,0,0,0
NiceAunties_AIB_25 · Purchases,2026-02-18,0,0,0,0
Pejac_Repeat_26 · Sign-ups,2026-02-18,0,0,0,0
Solienne_AIB_26 · Purchases,2026-02-18,0,0,0,0
TomasSanchez_TL_26 · Purchases,2026-02-18,0,0,0,0
TomasSanchez_TL_26 · Sign-ups,2026-02-18,0,0,0,0
Vladsng_AIB_26 · Purchases,2026-02-18,0,0,0,0
AiWeiwei_SelfPortrait_26 · Purchases,2026-02-17,0,0,0,0
AiWeiwei_SelfPortrait_26 · Sign-ups,2026-02-17,0,0,0,0
DenitzaZ_AIB_26 · Purchases,2026-02-17,0,0,0,0
EmCooper_TL_25 · Sign-ups,2026-02-17,39992.0,33827.0,626.0,301.8
FerrariSh_LE_26 · Enter draw,2026-02-17,0,0,0,0
JeanMichel_LE_25 · Enter draw,2026-02-17,20925.0,19630.0,497.0,178.31
JoanaB_AIB_26 · Purchases,2026-02-17,0,0,0,0
Katharina_TL_25 · Purchases,2026-02-17,12979.0,12023.0,171.0,119.58
Katharina_TL_25 · Sign-ups,2026-02-17,0,0,0,0
LeeUfan_LE_26 · Enter draw,2026-02-17,0,0,0,0
ManRay_TL_25 · Purchases,2026-02-17,23373.0,21153.0,290.0,170.19
ManRay_TL_25 · Sign-ups,2026-02-17,55804.0,54004.0,653.0,372.55
MarinaAbr-1502 · Purchases,2026-02-17,0,0,0,0
MarinaAbr-1502 · Sign-ups,2026-02-17,0,0,0,0
MaurizioC_LE_26 · Enter draw,2026-02-17,0,0,0,0
NiceAunties_AIB_25 · Purchases,2026-02-17,0,0,0,0
Pejac_Repeat_26 · Sign-ups,2026-02-17,0,0,0,0
Solienne_AIB_26 · Purchases,2026-02-17,0,0,0,0
TomasSanchez_TL_26 · Purchases,2026-02-17,0,0,0,0
TomasSanchez_TL_26 · Sign-ups,2026-02-17,0,0,0,0
Vladsng_AIB_26 · Purchases,2026-02-17,0,0,0,0
AiWeiwei_SelfPortrait_26 · Purchases,2026-02-16,0,0,0,0
AiWeiwei_SelfPortrait_26 · Sign-ups,2026-02-16,0,0,0,0
DenitzaZ_AIB_26 · Purchases,2026-02-16,0,0,0,0
EmCooper_TL_25 · Sign-ups,2026-02-16,37048.0,31565.0,636.0,296.32
FerrariSh_LE_26 · Enter draw,2026-02-16,0,0,0,0
JeanMichel_LE_25 · Enter draw,2026-02-16,24005.0,22291.0,501.0,205.13
JoanaB_AIB_26 · Purchases,2026-02-16,0,0,0,0
Katharina_TL_25 · Purchases,2026-02-16,16010.0,14768.0,203.0,141.6
Katharina_TL_25 · Sign-ups,2026-02-16,0,0,0,0
LeeUfan_LE_26 · Enter draw,2026-02-16,0,0,0,0
ManRay_TL_25 · Sign-ups,2026-02-16,115488.0,106978.0,1165.0,733.98
MarinaAbr-1502 · Purchases,2026-02-16,0,0,0,0
MarinaAbr-1502 · Sign-ups,2026-02-16,0,0,0,0
MaurizioC_LE_26 · Enter draw,2026-02-16,34957.0,31532.0,260.0,145.36
NiceAunties_AIB_25 · Purchases,2026-02-16,0,0,0,0
Pejac_Repeat_26 · Sign-ups,2026-02-16,0,0,0,0
Solienne_AIB_26 · Purchases,2026-02-16,0,0,0,0
TomasSanchez_TL_26 · Purchases,2026-02-16,0,0,0,0
TomasSanchez_TL_26 · Sign-ups,2026-02-16,0,0,0,0
Vladsng_AIB_26 · Purchases,2026-02-16,0,0,0,0
AiWeiwei_SelfPortrait_26 · Sign-ups,2026-02-15,0,0,0,0
DenitzaZ_AIB_26 · Purchases,2026-02-15,0,0,0,0
EmCooper_TL_25 · Sign-ups,2026-02-15,42075.0,33437.0,655.0,342.04
FerrariSh_LE_26 · Enter draw,2026-02-15,0,0,0,0
JeanMichel_LE_25 · Enter draw,2026-02-15,17981.0,16463.0,402.0,174.9
JoakimOja_LE_25 · Enter draw,2026-02-15,0,0,0,0
JoanaB_AIB_26 · Purchases,2026-02-15,4004.0,3409.0,27.0,14.75
Katharina_TL_25 · Purchases,2026-02-15,1163.0,1130.0,5.0,10.37
Katharina_TL_25 · Sign-ups,2026-02-15,0,0,0,0
LeeUfan_LE_26 · Enter draw,2026-02-15,0,0,0,0
ManRay_TL_25 · Sign-ups,2026-02-15,134375.0,124834.0,1240.0,803.09
MarinaAbr-1502 · Purchases,2026-02-15,0,0,0,0
MarinaAbr-1502 · Sign-ups,2026-02-15,0,0,0,0
MaurizioC_LE_26 · Enter draw,2026-02-15,0,0,0,0
NiceAunties_AIB_25 · Purchases,2026-02-15,1422.0,1290.0,53.0,14.64
Pejac_Repeat_26 · Sign-ups,2026-02-15,0,0,0,0
TomasSanchez_TL_26 · Purchases,2026-02-15,0,0,0,0
TomasSanchez_TL_26 · Sign-ups,2026-02-15,0,0,0,0
Vladsng_AIB_26 · Purchases,2026-02-15,0,0,0,0
AiWeiwei_SelfPortrait_26 · Sign-ups,2026-02-14,0,0,0,0
DenitzaZ_AIB_26 · Purchases,2026-02-14,0,0,0,0
EmCooper_TL_25 · Sign-ups,2026-02-14,40887.0,33902.0,512.0,249.16
FerrariSh_LE_26 · Enter draw,2026-02-14,0,0,0,0
JeanMichel_LE_25 · Enter draw,2026-02-14,22149.0,20828.0,568.0,199.2
JoanaB_AIB_26 · Purchases,2026-02-14,4445.0,3959.0,45.0,16.68
Katharina_TL_25 · Purchases,2026-02-14,59267.0,51520.0,663.0,745.82
Katharina_TL_25 · Sign-ups,2026-02-14,0,0,0,0
LeeUfan_LE_26 · Enter draw,2026-02-14,0,0,0,0
ManRay_TL_25 · Sign-ups,2026-02-14,72791.0,67609.0,664.0,523.77
MarinaAbr-1502 · Purchases,2026-02-14,0,0,0,0
MarinaAbr-1502 · Sign-ups,2026-02-14,0,0,0,0
MaurizioC_LE_26 · Enter draw,2026-02-14,0,0,0,0
NiceAunties_AIB_25 · Purchases,2026-02-14,1637.0,1547.0,37.0,17.76
Pejac_Repeat_26 · Sign-ups,2026-02-14,0,0,0,0
Solienne_AIB_26 · Purchases,2026-02-14,0,0,0,0
TomasSanchez_TL_26 · Purchases,2026-02-14,0,0,0,0
TomasSanchez_TL_26 · Sign-ups,2026-02-14,0,0,0,0
Vladsng_AIB_26 · Purchases,2026-02-14,0,0,0,0
AiWeiwei_SelfPortrait_26 · Purchases,2026-02-13,0,0,0,0
AiWeiwei_SelfPortrait_26 · Sign-ups,2026-02-13,0,0,0,0
DenitzaZ_AIB_26 · Purchases,2026-02-13,0,0,0,0
EmCooper_TL_25 · Sign-ups,2026-02-13,52778.0,41700.0,594.0,314.21
FerrariSh_LE_26 · Enter draw,2026-02-13,0,0,0,0
JeanMichel_LE_25 · Enter draw,2026-02-13,20971.0,19487.0,607.0,219.33
JoanaB_AIB_26 · Purchases,2026-02-13,3265.0,2704.0,39.0,18.27
Katharina_TL_25 · Purchases,2026-02-13,47522.0,42962.0,450.0,476.52
Katharina_TL_25 · Sign-ups,2026-02-13,51555.0,48425.0,522.0,568.47
LeeUfan_LE_26 · Enter draw,2026-02-13,0,0,0,0
ManRay_TL_25 · Sign-ups,2026-02-13,134284.0,128128.0,1223.0,1046.34
MarinaAbr-1502 · Purchases,2026-02-13,0,0,0,0
MarinaAbr-1502 · Sign-ups,2026-02-13,0,0,0,0
MaurizioC_LE_26 · Enter draw,2026-02-13,0,0,0,0
NiceAunties_AIB_25 · Purchases,2026-02-13,1397.0,1197.0,42.0,18.74
Pejac_Repeat_26 · Sign-ups,2026-02-13,0,0,0,0
TomasSanchez_TL_26 · Purchases,2026-02-13,0,0,0,0
TomasSanchez_TL_26 · Sign-ups,2026-02-13,0,0,0,0
Vladsng_AIB_26 · Purchases,2026-02-13,0,0,0,0
AiWeiwei_SelfPortrait_26 · Purchases,2026-02-12,0,0,0,0
AiWeiwei_SelfPortrait_26 · Sign-ups,2026-02-12,0,0,0,0
DenitzaZ_AIB_26 · Purchases,2026-02-12,0,0,0,0
EmCooper_TL_25 · Sign-ups,2026-02-12,48595.0,34943.0,571.0,298.69
FerrariSh_LE_26 · Enter draw,2026-02-12,0,0,0,0
JeanMichel_LE_25 · Enter draw,2026-02-12,17981.0,17017.0,467.0,218.96
JoakimOja_LE_25 · Enter draw,2026-02-12,0,0,0,0
JoanaB_AIB_26 · Purchases,2026-02-12,3324.0,2965.0,43.0,13.09
Katharina_TL_25 · Sign-ups,2026-02-12,88824.0,78081.0,817.0,971.76
LeeUfan_LE_26 · Enter draw,2026-02-12,0,0,0,0
ManRay_TL_25 · Sign-ups,2026-02-12,104434.0,96827.0,1073.0,867.4
MarinaAbr-1502 · Purchases,2026-02-12,191941.0,161260.0,1778.0,1271.43
MarinaAbr-1502 · Sign-ups,2026-02-12,0,0,0,0
MaurizioC_LE_26 · Enter draw,2026-02-12,0,0,0,0
NiceAunties_AIB_25 · Purchases,2026-02-12,2001.0,1754.0,54.0,20.0
Pejac_Repeat_26 · Sign-ups,2026-02-12,0,0,0,0
TomasSanchez_TL_26 · Purchases,2026-02-12,0,0,0,0
TomasSanchez_TL_26 · Sign-ups,2026-02-12,0,0,0,0
Vladsng_AIB_26 · Purchases,2026-02-12,0,0,0,0
AiWeiwei_SelfPortrait_26 · Purchases,2026-02-11,0,0,0,0
AiWeiwei_SelfPortrait_26 · Sign-ups,2026-02-11,0,0,0,0
DenitzaZ_AIB_26 · Purchases,2026-02-11,0,0,0,0
EmCooper_TL_25 · Sign-ups,2026-02-11,62347.0,47893.0,822.0,304.3
FerrariSh_LE_26 · Enter draw,2026-02-11,0,0,0,0
JeanMichel_LE_25 · Enter draw,2026-02-11,19156.0,18136.0,589.0,245.3
JoakimOja_LE_25 · Enter draw,2026-02-11,0,0,0,0
JoanaB_AIB_26 · Purchases,2026-02-11,0,0,0,0
Katharina_TL_25 · Sign-ups,2026-02-11,109534.0,103564.0,1051.0,1014.72
LeeUfan_LE_26 · Enter draw,2026-02-11,0,0,0,0
ManRay_TL_25 · Sign-ups,2026-02-11,150667.0,143762.0,1480.0,1080.52
MarinaAbr-1502 · Purchases,2026-02-11,328792.0,255491.0,3622.0,2135.57
MarinaAbr-1502 · Sign-ups,2026-02-11,0,0,0,0
MaurizioC_LE_26 · Enter draw,2026-02-11,0,0,0,0
NiceAunties_AIB_25 · Purchases,2026-02-11,2038.0,1692.0,50.0,21.22
Pejac_Repeat_26 · Sign-ups,2026-02-11,0,0,0,0
Solienne_AIB_26 · Purchases,2026-02-11,0,0,0,0
TomasSanchez_TL_26 · Purchases,2026-02-11,0,0,0,0
TomasSanchez_TL_26 · Sign-ups,2026-02-11,0,0,0,0
Vladsng_AIB_26 · Purchases,2026-02-11,0,0,0,0
AiWeiwei_SelfPortrait_26 · Purchases,2026-02-10,0,0,0,0
AiWeiwei_SelfPortrait_26 · Sign-ups,2026-02-10,0,0,0,0
DenitzaZ_AIB_26 · Purchases,2026-02-10,0,0,0,0
EmCooper_TL_25 · Sign-ups,2026-02-10,59107.0,47542.0,834.0,313.45
FerrariSh_LE_26 · Enter draw,2026-02-10,0,0,0,0
JeanMichel_LE_25 · Enter draw,2026-02-10,23564.0,22683.0,479.0,241.69
JoanaB_AIB_26 · Purchases,2026-02-10,0,0,0,0
Katharina_TL_25 · Sign-ups,2026-02-10,99572.0,90522.0,935.0,910.92
LeeUfan_LE_26 · Enter draw,2026-02-10,0,0,0,0
ManRay_TL_25 · Sign-ups,2026-02-10,164559.0,156959.0,1644.0,1086.36
MarinaAbr-1502 · Purchases,2026-02-10,115727.0,102781.0,1292.0,664.14
MarinaAbr-1502 · Sign-ups,2026-02-10,170978.0,159470.0,2032.0,1387.06
MaurizioC_LE_26 · Enter draw,2026-02-10,16924.0,15671.0,157.0,89.44
NiceAunties_AIB_25 · Purchases,2026-02-10,2094.0,1878.0,51.0,21.08
Pejac_Repeat_26 · Sign-ups,2026-02-10,0,0,0,0
Solienne_AIB_26 · Purchases,2026-02-10,0,0,0,0
TomasSanchez_TL_26 · Purchases,2026-02-10,0,0,0,0
TomasSanchez_TL_26 · Sign-ups,2026-02-10,0,0,0,0
Vladsng_AIB_26 · Purchases,2026-02-10,0,0,0,0
AiWeiwei_SelfPortrait_26 · Purchases,2026-02-09,0,0,0,0
AiWeiwei_SelfPortrait_26 · Sign-ups,2026-02-09,0,0,0,0
DenitzaZ_AIB_26 · Purchases,2026-02-09,0,0,0,0
EmCooper_TL_25 · Sign-ups,2026-02-09,42051.0,34858.0,727.0,257.98
FerrariSh_LE_26 · Enter draw,2026-02-09,0,0,0,0
JeanMichel_LE_25 · Enter draw,2026-02-09,4262.0,4063.0,111.0,55.03
JoakimOja_LE_25 · Enter draw,2026-02-09,0,0,0,0
JoanaB_AIB_26 · Purchases,2026-02-09,0,0,0,0
Katharina_TL_25 · Sign-ups,2026-02-09,92376.0,85090.0,786.0,834.01
LeeUfan_LE_26 · Enter draw,2026-02-09,0,0,0,0
ManRay_TL_25 · Sign-ups,2026-02-09,152426.0,140865.0,1517.0,925.47
MarinaAbr-1502 · Sign-ups,2026-02-09,391582.0,355145.0,3605.0,2636.79
MaurizioC_LE_26 · Enter draw,2026-02-09,60762.0,53037.0,645.0,241.81
NiceAunties_AIB_25 · Purchases,2026-02-09,5246.0,4754.0,142.0,52.46
Pejac_Repeat_26 · Sign-ups,2026-02-09,0,0,0,0
Solienne_AIB_26 · Purchases,2026-02-09,0,0,0,0
TomasSanchez_TL_26 · Purchases,2026-02-09,0,0,0,0
TomasSanchez_TL_26 · Sign-ups,2026-02-09,0,0,0,0
Vladsng_AIB_26 · Purchases,2026-02-09,0,0,0,0
AiWeiwei_SelfPortrait_26 · Purchases,2026-02-08,0,0,0,0
AiWeiwei_SelfPortrait_26 · Sign-ups,2026-02-08,0,0,0,0
DenitzaZ_AIB_26 · Purchases,2026-02-08,0,0,0,0
EmCooper_TL_25 · Sign-ups,2026-02-08,49704.0,37953.0,964.0,317.64
FerrariSh_LE_26 · Enter draw,2026-02-08,0,0,0,0
JeanMichel_LE_25 · Enter draw,2026-02-08,16699.0,15387.0,501.0,211.84
JoakimOja_LE_25 · Enter draw,2026-02-08,0,0,0,0
JoanaB_AIB_26 · Purchases,2026-02-08,3209.0,2980.0,32.0,16.03
Katharina_TL_25 · Sign-ups,2026-02-08,84588.0,78358.0,908.0,872.76
LeeUfan_LE_26 · Enter draw,2026-02-08,0,0,0,0
ManRay_TL_25 · Sign-ups,2026-02-08,140634.0,134221.0,1587.0,992.8
MarinaAbr-1502 · Sign-ups,2026-02-08,362648.0,332049.0,3477.0,2612.45
MaurizioC_LE_26 · Enter draw,2026-02-08,0,0,0,0
NiceAunties_AIB_25 · Purchases,2026-02-08,6941.0,6375.0,248.0,65.38
Pejac_Repeat_26 · Sign-ups,2026-02-08,0,0,0,0
Solienne_AIB_26 · Purchases,2026-02-08,0,0,0,0
TomasSanchez_TL_26 · Purchases,2026-02-08,0,0,0,0
TomasSanchez_TL_26 · Sign-ups,2026-02-08,0,0,0,0
Vladsng_AIB_26 · Purchases,2026-02-08,0,0,0,0
AiWeiwei_SelfPortrait_26 · Sign-ups,2026-02-07,0,0,0,0
DenitzaZ_AIB_26 · Purchases,2026-02-07,0,0,0,0
EmCooper_TL_25 · Sign-ups,2026-02-07,25091.0,20940.0,474.0,122.02
FerrariSh_LE_26 · Enter draw,2026-02-07,0,0,0,0
JeanMichel_LE_25 · Enter draw,2026-02-07,16457.0,15164.0,487.0,199.71
JoanaB_AIB_26 · Purchases,2026-02-07,9600.0,8547.0,86.0,40.29
Katharina_TL_25 · Sign-ups,2026-02-07,67840.0,64481.0,812.0,807.39
LeeUfan_LE_26 · Enter draw,2026-02-07,0,0,0,0
ManRay_TL_25 · Sign-ups,2026-02-07,105642.0,99099.0,1193.0,712.27
MarinaAbr-1502 · Sign-ups,2026-02-07,255348.0,237997.0,2859.0,2224.36
MaurizioC_LE_26 · Enter draw,2026-02-07,0,0,0,0
NiceAunties_AIB_25 · Purchases,2026-02-07,6590.0,6119.0,229.0,58.78
Pejac_Repeat_26 · Sign-ups,2026-02-07,0,0,0,0
TomasSanchez_TL_26 · Purchases,2026-02-07,0,0,0,0
TomasSanchez_TL_26 · Sign-ups,2026-02-07,0,0,0,0
Vladsng_AIB_26 · Purchases,2026-02-07,0,0,0,0
AiWeiwei_SelfPortrait_26 · Purchases,2026-02-06,0,0,0,0
AiWeiwei_SelfPortrait_26 · Sign-ups,2026-02-06,0,0,0,0
DenitzaZ_AIB_26 · Purchases,2026-02-06,0,0,0,0
FerrariSh_LE_26 · Enter draw,2026-02-06,0,0,0,0
JeanMichel_LE_25 · Enter draw,2026-02-06,37085.0,33778.0,922.0,501.92
JoanaB_AIB_26 · Purchases,2026-02-06,7240.0,6178.0,84.0,38.27
Katharina_TL_25 · Sign-ups,2026-02-06,71470.0,64962.0,778.0,771.12
LeeUfan_LE_26 · Enter draw,2026-02-06,0,0,0,0
ManRay_TL_25 · Sign-ups,2026-02-06,161507.0,151785.0,1512.0,895.82
MarinaAbr-1502 · Sign-ups,2026-02-06,299849.0,275416.0,3247.0,2428.17
MaurizioC_LE_26 · Enter draw,2026-02-06,0,0,0,0
NiceAunties_AIB_25 · Purchases,2026-02-06,5501.0,5021.0,171.0,58.33
Pejac_Repeat_26 · Sign-ups,2026-02-06,0,0,0,0
Solienne_AIB_26 · Purchases,2026-02-06,0,0,0,0
TomasSanchez_TL_26 · Purchases,2026-02-06,0,0,0,0
TomasSanchez_TL_26 · Sign-ups,2026-02-06,0,0,0,0
Vladsng_AIB_26 · Purchases,2026-02-06,0,0,0,0
AiWeiwei_SelfPortrait_26 · Purchases,2026-02-05,0,0,0,0
AiWeiwei_SelfPortrait_26 · Sign-ups,2026-02-05,0,0,0,0
DenitzaZ_AIB_26 · Purchases,2026-02-05,0,0,0,0
FerrariSh_LE_26 · Enter draw,2026-02-05,0,0,0,0
JeanMichel_LE_25 · Enter draw,2026-02-05,74159.0,65177.0,2111.0,1013.15
JoakimOja_LE_25 · Enter draw,2026-02-05,0,0,0,0
JoanaB_AIB_26 · Purchases,2026-02-05,5827.0,5154.0,63.0,36.71
Katharina_TL_25 · Sign-ups,2026-02-05,70745.0,65636.0,808.0,759.32
LeeUfan_LE_26 · Enter draw,2026-02-05,0,0,0,0
ManRay_TL_25 · Sign-ups,2026-02-05,129089.0,123511.0,1440.0,909.34
MarinaAbr-1502 · Sign-ups,2026-02-05,446404.0,423031.0,4214.0,3413.91
MaurizioC_LE_26 · Enter draw,2026-02-05,30624.0,28440.0,415.0,213.31
NiceAunties_AIB_25 · Purchases,2026-02-05,5050.0,4571.0,172.0,58.34
Pejac_Repeat_26 · Sign-ups,2026-02-05,0,0,0,0
Solienne_AIB_26 · Purchases,2026-02-05,0,0,0,0
TomasSanchez_TL_26 · Purchases,2026-02-05,0,0,0,0
TomasSanchez_TL_26 · Sign-ups,2026-02-05,0,0,0,0
Vladsng_AIB_26 · Purchases,2026-02-05,0,0,0,0
AiWeiwei_SelfPortrait_26 · Purchases,2026-02-04,0,0,0,0
AiWeiwei_SelfPortrait_26 · Sign-ups,2026-02-04,0,0,0,0
DenitzaZ_AIB_26 · Purchases,2026-02-04,1604.0,1510.0,27.0,18.22
FerrariSh_LE_26 · Enter draw,2026-02-04,0,0,0,0
JeanMichel_LE_25 · Enter draw,2026-02-04,71566.0,61108.0,2214.0,723.98
JoakimOja_LE_25 · Enter draw,2026-02-04,0,0,0,0
JoanaB_AIB_26 · Purchases,2026-02-04,6253.0,5576.0,73.0,36.89
Katharina_TL_25 · Sign-ups,2026-02-04,73731.0,68275.0,925.0,795.68
LeeUfan_LE_26 · Enter draw,2026-02-04,0,0,0,0
ManRay_TL_25 · Sign-ups,2026-02-04,116175.0,108908.0,1298.0,814.56
MarinaAbr-1502 · Sign-ups,2026-02-04,356509.0,333356.0,3382.0,2455.81
MaurizioC_LE_26 · Enter draw,2026-02-04,107436.0,97875.0,1298.0,544.82
NiceAunties_AIB_25 · Purchases,2026-02-04,4369.0,3921.0,153.0,54.14
Pejac_Repeat_26 · Sign-ups,2026-02-04,0,0,0,0
Solienne_AIB_26 · Purchases,2026-02-04,0,0,0,0
TomasSanchez_TL_26 · Purchases,2026-02-04,0,0,0,0
TomasSanchez_TL_26 · Sign-ups,2026-02-04,0,0,0,0
Vladsng_AIB_26 · Purchases,2026-02-04,0,0,0,0
AiWeiwei_SelfPortrait_26 · Purchases,2026-02-03,0,0,0,0
AiWeiwei_SelfPortrait_26 · Sign-ups,2026-02-03,0,0,0,0
DenitzaZ_AIB_26 · Purchases,2026-02-03,5352.0,4864.0,87.0,48.03
FerrariSh_LE_26 · Enter draw,2026-02-03,0,0,0,0
JeanMichel_LE_25 · Enter draw,2026-02-03,30497.0,26433.0,1369.0,303.81
JoakimOja_LE_25 · Enter draw,2026-02-03,0,0,0,0
JoanaB_AIB_26 · Purchases,2026-02-03,7412.0,6652.0,97.0,41.43
Katharina_TL_25 · Sign-ups,2026-02-03,72940.0,68448.0,861.0,769.92
LeeUfan_LE_26 · Enter draw,2026-02-03,0,0,0,0
ManRay_TL_25 · Sign-ups,2026-02-03,117205.0,111327.0,1330.0,833.58
MarinaAbr-1502 · Sign-ups,2026-02-03,364207.0,332593.0,3330.0,2565.98
MaurizioC_LE_26 · Enter draw,2026-02-03,50002.0,46078.0,662.0,261.94
NiceAunties_AIB_25 · Purchases,2026-02-03,5393.0,4940.0,193.0,60.04
Pejac_Repeat_26 · Sign-ups,2026-02-03,0,0,0,0
Solienne_AIB_26 · Purchases,2026-02-03,0,0,0,0
TomasSanchez_TL_26 · Purchases,2026-02-03,0,0,0,0
TomasSanchez_TL_26 · Sign-ups,2026-02-03,0,0,0,0
Vladsng_AIB_26 · Purchases,2026-02-03,0,0,0,0
AiWeiwei_SelfPortrait_26 · Purchases,2026-02-02,0,0,0,0
AiWeiwei_SelfPortrait_26 · Sign-ups,2026-02-02,0,0,0,0
FerrariSh_LE_26 · Enter draw,2026-02-02,0,0,0,0
JoakimOja_LE_25 · Enter draw,2026-02-02,0,0,0,0
JoanaB_AIB_26 · Purchases,2026-02-02,7225.0,6466.0,98.0,40.45
Katharina_TL_25 · Sign-ups,2026-02-02,59602.0,56753.0,774.0,685.86
LeeUfan_LE_26 · Enter draw,2026-02-02,0,0,0,0
ManRay_TL_25 · Sign-ups,2026-02-02,117072.0,109302.0,1367.0,850.15
MarinaAbr-1502 · Sign-ups,2026-02-02,326700.0,298263.0,3359.0,2263.18
MaurizioC_LE_26 · Enter draw,2026-02-02,99318.0,86900.0,1314.0,501.15
NiceAunties_AIB_25 · Purchases,2026-02-02,5332.0,4819.0,201.0,63.31
Pejac_Repeat_26 · Sign-ups,2026-02-02,68121.0,65183.0,688.0,615.94
Solienne_AIB_26 · Purchases,2026-02-02,0,0,0,0
TomasSanchez_TL_26 · Purchases,2026-02-02,0,0,0,0
TomasSanchez_TL_26 · Sign-ups,2026-02-02,0,0,0,0
Vladsng_AIB_26 · Purchases,2026-02-02,0,0,0,0
AiWeiwei_SelfPortrait_26 · Purchases,2026-02-01,0,0,0,0
AiWeiwei_SelfPortrait_26 · Sign-ups,2026-02-01,0,0,0,0
FerrariSh_LE_26 · Enter draw,2026-02-01,0,0,0,0
JoakimOja_LE_25 · Enter draw,2026-02-01,0,0,0,0
JoanaB_AIB_26 · Purchases,2026-02-01,8714.0,7973.0,142.0,45.4
Katharina_TL_25 · Sign-ups,2026-02-01,61883.0,57928.0,879.0,739.72
LeeUfan_LE_26 · Enter draw,2026-02-01,0,0,0,0
ManRay_TL_25 · Sign-ups,2026-02-01,140123.0,129291.0,1735.0,985.73
MarinaAbr-1502 · Sign-ups,2026-02-01,373247.0,337329.0,3774.0,2496.31
MaurizioC_LE_26 · Enter draw,2026-02-01,113866.0,99920.0,1639.0,570.62
NiceAunties_AIB_25 · Purchases,2026-02-01,4899.0,4371.0,214.0,66.5
Pejac_Repeat_26 · Sign-ups,2026-02-01,182790.0,167899.0,1767.0,1627.3
TomasSanchez_TL_26 · Purchases,2026-02-01,0,0,0,0
TomasSanchez_TL_26 · Sign-ups,2026-02-01,0,0,0,0
Vladsng_AIB_26 · Purchases,2026-02-01,3301.0,2500.0,34.0,31.02
AiWeiwei_SelfPortrait_26 · Purchases,2026-01-31,0,0,0,0
AiWeiwei_SelfPortrait_26 · Sign-ups,2026-01-31,0,0,0,0
FerrariSh_LE_26 · Enter draw,2026-01-31,0,0,0,0
JoakimOja_LE_25 · Enter draw,2026-01-31,0,0,0,0
JoanaB_AIB_26 · Purchases,2026-01-31,9984.0,8914.0,142.0,67.93
Katharina_TL_25 · Sign-ups,2026-01-31,55328.0,51966.0,705.0,645.86
LeeUfan_LE_26 · Enter draw,2026-01-31,0,0,0,0
ManRay_TL_25 · Sign-ups,2026-01-31,98255.0,91223.0,1191.0,750.15
MarinaAbr-1502 · Sign-ups,2026-01-31,267403.0,248304.0,2943.0,2060.25
MaurizioC_LE_26 · Enter draw,2026-01-31,84704.0,73873.0,1341.0,474.51
NiceAunties_AIB_25 · Purchases,2026-01-31,4177.0,3894.0,190.0,55.69
Pejac_Repeat_26 · Sign-ups,2026-01-31,143259.0,127278.0,1244.0,1454.47
Solienne_AIB_26 · Purchases,2026-01-31,0,0,0,0
TomasSanchez_TL_26 · Purchases,2026-01-31,0,0,0,0
TomasSanchez_TL_26 · Sign-ups,2026-01-31,0,0,0,0
Vladsng_AIB_26 · Purchases,2026-01-31,7020.0,5608.0,45.0,58.7
AiWeiwei_SelfPortrait_26 · Purchases,2026-01-30,0,0,0,0
AiWeiwei_SelfPortrait_26 · Sign-ups,2026-01-30,0,0,0,0
FerrariSh_LE_26 · Enter draw,2026-01-30,0,0,0,0
JoakimOja_LE_25 · Enter draw,2026-01-30,0,0,0,0
JoanaB_AIB_26 · Purchases,2026-01-30,11256.0,9900.0,149.0,68.4
Katharina_TL_25 · Sign-ups,2026-01-30,52864.0,47734.0,646.0,639.52
LeeUfan_LE_26 · Enter draw,2026-01-30,0,0,0,0
ManRay_TL_25 · Sign-ups,2026-01-30,99449.0,92836.0,1238.0,865.68
MarinaAbr-1502 · Sign-ups,2026-01-30,301493.0,282917.0,3277.0,2269.76
MaurizioC_LE_26 · Enter draw,2026-01-30,81547.0,72501.0,1506.0,469.89
NiceAunties_AIB_25 · Purchases,2026-01-30,3944.0,3469.0,173.0,64.95
Pejac_Repeat_26 · Sign-ups,2026-01-30,125800.0,107731.0,1002.0,1133.93
Solienne_AIB_26 · Purchases,2026-01-30,0,0,0,0
TomasSanchez_TL_26 · Purchases,2026-01-30,0,0,0,0
TomasSanchez_TL_26 · Sign-ups,2026-01-30,0,0,0,0
Vladsng_AIB_26 · Purchases,2026-01-30,5751.0,4252.0,65.0,58.94
AiWeiwei_SelfPortrait_26 · Purchases,2026-01-29,0,0,0,0
AiWeiwei_SelfPortrait_26 · Sign-ups,2026-01-29,0,0,0,0
FerrariSh_LE_26 · Enter draw,2026-01-29,7690.0,6990.0,81.0,117.01
JoakimOja_LE_25 · Enter draw,2026-01-29,0,0,0,0
JoanaB_AIB_26 · Purchases,2026-01-29,9952.0,9011.0,138.0,68.25
Katharina_TL_25 · Sign-ups,2026-01-29,50908.0,46867.0,672.0,579.03
LeeUfan_LE_26 · Enter draw,2026-01-29,0,0,0,0
ManRay_TL_25 · Sign-ups,2026-01-29,101155.0,94556.0,1339.0,842.34
MarinaAbr-1502 · Sign-ups,2026-01-29,321601.0,302988.0,3509.0,2371.59
MaurizioC_LE_26 · Enter draw,2026-01-29,87774.0,77181.0,2057.0,504.16
NiceAunties_AIB_25 · Purchases,2026-01-29,3700.0,3416.0,128.0,51.71
Pejac_Repeat_26 · Sign-ups,2026-01-29,78948.0,69575.0,770.0,711.14
Solienne_AIB_26 · Purchases,2026-01-29,3349.0,3174.0,42.0,28.57
TomasSanchez_TL_26 · Purchases,2026-01-29,60535.0,52593.0,820.0,798.31
TomasSanchez_TL_26 · Sign-ups,2026-01-29,0,0,0,0
Vladsng_AIB_26 · Purchases,2026-01-29,5339.0,4067.0,59.0,52.33
AiWeiwei_SelfPortrait_26 · Purchases,2026-01-28,28840.0,27041.0,581.0,320.62
AiWeiwei_SelfPortrait_26 · Sign-ups,2026-01-28,27397.0,26423.0,671.0,385.21
FerrariSh_LE_26 · Enter draw,2026-01-28,28263.0,24643.0,315.0,399.39
JoakimOja_LE_25 · Enter draw,2026-01-28,0,0,0,0
JoanaB_AIB_26 · Purchases,2026-01-28,0,0,0,0
Katharina_TL_25 · Sign-ups,2026-01-28,65706.0,61123.0,886.0,650.72
LeeUfan_LE_26 · Enter draw,2026-01-28,75732.0,68072.0,1385.0,774.73
ManRay_TL_25 · Sign-ups,2026-01-28,114016.0,106519.0,1524.0,924.99
MarinaAbr-1502 · Sign-ups,2026-01-28,364086.0,335784.0,3996.0,2485.1
MaurizioC_LE_26 · Enter draw,2026-01-28,99548.0,80130.0,2589.0,644.84
Pejac_Repeat_26 · Sign-ups,2026-01-28,138920.0,124299.0,1329.0,1007.64
TomasSanchez_TL_26 · Purchases,2026-01-28,56674.0,43802.0,921.0,707.6
TomasSanchez_TL_26 · Sign-ups,2026-01-28,0,0,0,0
Vladsng_AIB_26 · Purchases,2026-01-28,3452.0,3119.0,45.0,27.86
AiWeiwei_SelfPortrait_26 · Sign-ups,2026-01-27,52885.0,49562.0,1160.0,802.88
FerrariSh_LE_26 · Enter draw,2026-01-27,44319.0,37167.0,575.0,527.28
JoakimOja_LE_25 · Enter draw,2026-01-27,0,0,0,0
JoanaB_AIB_26 · Purchases,2026-01-27,0,0,0,0
Katharina_TL_25 · Sign-ups,2026-01-27,71412.0,64706.0,1012.0,674.88
LeeUfan_LE_26 · Enter draw,2026-01-27,132927.0,119721.0,2509.0,1489.22
ManRay_TL_25 · Sign-ups,2026-01-27,131989.0,126115.0,1718.0,1004.0
MarinaAbr-1502 · Sign-ups,2026-01-27,369568.0,349483.0,3970.0,2609.51
MaurizioC_LE_26 · Enter draw,2026-01-27,26896.0,25032.0,455.0,158.53
Pejac_Repeat_26 · Sign-ups,2026-01-27,125053.0,110473.0,1278.0,1006.03
TomasSanchez_TL_26 · Purchases,2026-01-27,37397.0,31492.0,737.0,415.9
TomasSanchez_TL_26 · Sign-ups,2026-01-27,60427.0,57434.0,895.0,648.49
AiWeiwei_SelfPortrait_26 · Sign-ups,2026-01-26,58708.0,55678.0,1308.0,798.19
FerrariSh_LE_26 · Enter draw,2026-01-26,46194.0,40355.0,391.0,472.14
JoakimOja_LE_25 · Enter draw,2026-01-26,0,0,0,0
JoanaB_AIB_26 · Purchases,2026-01-26,0,0,0,0
Katharina_TL_25 · Sign-ups,2026-01-26,74010.0,66743.0,1184.0,661.14
LeeUfan_LE_26 · Enter draw,2026-01-26,159133.0,147343.0,2608.0,1404.17
ManRay_TL_25 · Sign-ups,2026-01-26,136926.0,127936.0,1861.0,952.07
MarinaAbr-1502 · Sign-ups,2026-01-26,417254.0,389140.0,4511.0,2683.46
Pejac_Repeat_26 · Sign-ups,2026-01-26,74319.0,67347.0,753.0,604.72
TomasSanchez_TL_26 · Sign-ups,2026-01-26,127308.0,114651.0,1698.0,1187.94
AiWeiwei_SelfPortrait_26 · Sign-ups,2026-01-25,69089.0,65321.0,1384.0,877.35
FerrariSh_LE_26 · Enter draw,2026-01-25,0,0,0,0
JoakimOja_LE_25 · Enter draw,2026-01-25,0,0,0,0
JoanaB_AIB_26 · Purchases,2026-01-25,0,0,0,0
Katharina_TL_25 · Sign-ups,2026-01-25,57639.0,52001.0,1168.0,595.76
LeeUfan_LE_26 · Enter draw,2026-01-25,0,0,0,0
ManRay_TL_25 · Sign-ups,2026-01-25,132352.0,122069.0,2125.0,960.06
MarinaAbr-1502 · Sign-ups,2026-01-25,412900.0,380849.0,4669.0,2649.19
Pejac_Repeat_26 · Sign-ups,2026-01-25,66793.0,56557.0,892.0,537.69
TomasSanchez_TL_26 · Sign-ups,2026-01-25,118794.0,109836.0,1585.0,1192.56
AiWeiwei_SelfPortrait_26 · Sign-ups,2026-01-24,63438.0,59863.0,1237.0,820.55
FerrariSh_LE_26 · Enter draw,2026-01-24,0,0,0,0
JoakimOja_LE_25 · Enter draw,2026-01-24,0,0,0,0
JoanaB_AIB_26 · Purchases,2026-01-24,0,0,0,0
Katharina_TL_25 · Sign-ups,2026-01-24,61216.0,54593.0,1551.0,628.67
LeeUfan_LE_26 · Enter draw,2026-01-24,90815.0,84377.0,1443.0,610.68
ManRay_TL_25 · Sign-ups,2026-01-24,145940.0,131022.0,2110.0,873.41
MarinaAbr-1502 · Sign-ups,2026-01-24,421883.0,382236.0,4743.0,2570.28
Pejac_Repeat_26 · Sign-ups,2026-01-24,31866.0,27738.0,597.0,250.0
TomasSanchez_TL_26 · Sign-ups,2026-01-24,117900.0,110161.0,1672.0,1161.25
AiWeiwei_SelfPortrait_26 · Sign-ups,2026-01-23,63564.0,59071.0,1264.0,803.67
FerrariSh_LE_26 · Enter draw,2026-01-23,18698.0,17149.0,227.0,284.96
JoakimOja_LE_25 · Enter draw,2026-01-23,0,0,0,0
JoanaB_AIB_26 · Purchases,2026-01-23,0,0,0,0
Katharina_TL_25 · Sign-ups,2026-01-23,36258.0,32139.0,989.0,298.76
LeeUfan_LE_26 · Enter draw,2026-01-23,124390.0,115597.0,2466.0,1032.82
ManRay_TL_25 · Sign-ups,2026-01-23,135111.0,121489.0,2180.0,839.39
MarinaAbr-1502 · Sign-ups,2026-01-23,439046.0,393611.0,5053.0,2548.11
TomasSanchez_TL_26 · Sign-ups,2026-01-23,123116.0,114551.0,1535.0,1120.76
AiWeiwei_SelfPortrait_26 · Sign-ups,2026-01-22,69298.0,64670.0,1394.0,816.3
FerrariSh_LE_26 · Enter draw,2026-01-22,38033.0,34142.0,377.0,500.11
JoakimOja_LE_25 · Enter draw,2026-01-22,18030.0,16543.0,139.0,121.74
JoanaB_AIB_26 · Purchases,2026-01-22,0,0,0,0
LeeUfan_LE_26 · Enter draw,2026-01-22,137068.0,124654.0,2661.0,1191.2
ManRay_TL_25 · Sign-ups,2026-01-22,134432.0,122584.0,2583.0,854.53
MarinaAbr-1502 · Sign-ups,2026-01-22,487068.0,441342.0,5604.0,2388.28
TomasSanchez_TL_26 · Sign-ups,2026-01-22,137550.0,127238.0,1742.0,1176.26
AiWeiwei_SelfPortrait_26 · Sign-ups,2026-01-21,71087.0,68164.0,1349.0,805.11
FerrariSh_LE_26 · Enter draw,2026-01-21,42555.0,39140.0,484.0,473.16
JoakimOja_LE_25 · Enter draw,2026-01-21,26805.0,23163.0,196.0,167.7
JoanaB_AIB_26 · Purchases,2026-01-21,0,0,0,0
LeeUfan_LE_26 · Enter draw,2026-01-21,123853.0,110410.0,2380.0,1142.59
ManRay_TL_25 · Sign-ups,2026-01-21,79386.0,73279.0,1330.0,388.1
MarinaAbr-1502 · Sign-ups,2026-01-21,549023.0,477681.0,6650.0,2752.72
TomasSanchez_TL_26 · Sign-ups,2026-01-21,153978.0,142459.0,1877.0,1207.54
AiWeiwei_SelfPortrait_26 · Sign-ups,2026-01-20,84900.0,82594.0,1704.0,869.65
FerrariSh_LE_26 · Enter draw,2026-01-20,44076.0,40197.0,360.0,481.56
JoakimOja_LE_25 · Enter draw,2026-01-20,0,0,0,0
JoanaB_AIB_26 · Purchases,2026-01-20,0,0,0,0
LeeUfan_LE_26 · Enter draw,2026-01-20,124640.0,109809.0,2359.0,1105.46
MarinaAbr-1502 · Sign-ups,2026-01-20,411344.0,384075.0,4499.0,2207.69
TomasSanchez_TL_26 · Sign-ups,2026-01-20,150539.0,140163.0,1851.0,1227.74
AiWeiwei_SelfPortrait_26 · Sign-ups,2026-01-19,69169.0,66636.0,1718.0,853.99
FerrariSh_LE_26 · Enter draw,2026-01-19,39858.0,35828.0,384.0,502.61
JoakimOja_LE_25 · Enter draw,2026-01-19,0,0,0,0
JoanaB_AIB_26 · Purchases,2026-01-19,0,0,0,0
LeeUfan_LE_26 · Enter draw,2026-01-19,115437.0,100871.0,2398.0,1000.86
MarinaAbr-1502 · Sign-ups,2026-01-19,443185.0,417042.0,5317.0,2033.54
TomasSanchez_TL_26 · Sign-ups,2026-01-19,169402.0,161003.0,2095.0,1225.91
AiWeiwei_SelfPortrait_26 · Sign-ups,2026-01-18,95589.0,89955.0,2183.0,939.88
FerrariSh_LE_26 · Enter draw,2026-01-18,52027.0,45767.0,559.0,646.72
JoakimOja_LE_25 · Enter draw,2026-01-18,0,0,0,0
JoanaB_AIB_26 · Purchases,2026-01-18,0,0,0,0
LeeUfan_LE_26 · Enter draw,2026-01-18,108997.0,95788.0,2571.0,920.18
MarinaAbr-1502 · Sign-ups,2026-01-18,437543.0,390738.0,6548.0,2164.08
NiceAunties_AIB_25 · Purchases,2026-01-18,0,0,0,0
TomasSanchez_TL_26 · Sign-ups,2026-01-18,187135.0,174657.0,2307.0,1318.49
AiWeiwei_SelfPortrait_26 · Sign-ups,2026-01-17,74666.0,68185.0,1779.0,799.03
FerrariSh_LE_26 · Enter draw,2026-01-17,44951.0,41197.0,517.0,710.42
JoakimOja_LE_25 · Enter draw,2026-01-17,0,0,0,0
JoanaB_AIB_26 · Purchases,2026-01-17,0,0,0,0
LeeUfan_LE_26 · Enter draw,2026-01-17,100334.0,87049.0,2778.0,860.41
MarinaAbr-1502 · Sign-ups,2026-01-17,314398.0,277090.0,5114.0,1589.7
NiceAunties_AIB_25 · Purchases,2026-01-17,0,0,0,0
TomasSanchez_TL_26 · Sign-ups,2026-01-17,132159.0,123067.0,1830.0,1057.21
AiWeiwei_SelfPortrait_26 · Sign-ups,2026-01-16,69123.0,66670.0,1478.0,793.32
FerrariSh_LE_26 · Enter draw,2026-01-16,55191.0,49082.0,549.0,700.42
JoakimOja_LE_25 · Enter draw,2026-01-16,0,0,0,0
JoanaB_AIB_26 · Purchases,2026-01-16,0,0,0,0
LeeUfan_LE_26 · Enter draw,2026-01-16,69513.0,61174.0,2032.0,621.27
MarinaAbr-1502 · Sign-ups,2026-01-16,374963.0,342722.0,5969.0,2113.54
NiceAunties_AIB_25 · Purchases,2026-01-16,0,0,0,0
TomasSanchez_TL_26 · Sign-ups,2026-01-16,139848.0,129935.0,1855.0,1104.21
AiWeiwei_SelfPortrait_26 · Sign-ups,2026-01-15,81527.0,76497.0,1588.0,845.67
FerrariSh_LE_26 · Enter draw,2026-01-15,60132.0,53419.0,593.0,705.63
JoakimOja_LE_25 · Enter draw,2026-01-15,0,0,0,0
JoanaB_AIB_26 · Purchases,2026-01-15,771.0,703.0,19.0,8.73
LeeUfan_LE_26 · Enter draw,2026-01-15,62772.0,52870.0,1669.0,545.18
MarinaAbr-1502 · Sign-ups,2026-01-15,318960.0,278101.0,5393.0,1896.15
NiceAunties_AIB_25 · Purchases,2026-01-15,0,0,0,0
TomasSanchez_TL_26 · Sign-ups,2026-01-15,144263.0,135683.0,2049.0,1163.62
AiWeiwei_SelfPortrait_26 · Sign-ups,2026-01-14,105924.0,100611.0,2193.0,944.96
FerrariSh_LE_26 · Enter draw,2026-01-14,64880.0,58192.0,600.0,663.18
JoakimOja_LE_25 · Enter draw,2026-01-14,0,0,0,0
JoanaB_AIB_26 · Purchases,2026-01-14,4358.0,3749.0,93.0,35.33
LeeUfan_LE_26 · Enter draw,2026-01-14,66583.0,57775.0,1961.0,541.44
MarinaAbr-1502 · Sign-ups,2026-01-14,174716.0,158507.0,3118.0,1038.45
NiceAunties_AIB_25 · Purchases,2026-01-14,0,0,0,0
TomasSanchez_TL_26 · Sign-ups,2026-01-14,175010.0,161342.0,2345.0,1374.17
AiWeiwei_SelfPortrait_26 · Sign-ups,2026-01-13,97239.0,93069.0,2097.0,877.08
FerrariSh_LE_26 · Enter draw,2026-01-13,59160.0,50835.0,577.0,567.2
JoakimOja_LE_25 · Enter draw,2026-01-13,0,0,0,0
JoanaB_AIB_26 · Purchases,2026-01-13,3363.0,3033.0,62.0,23.74
LeeUfan_LE_26 · Enter draw,2026-01-13,35482.0,30973.0,902.0,239.6
NiceAunties_AIB_25 · Purchases,2026-01-13,0,0,0,0
TomasSanchez_TL_26 · Sign-ups,2026-01-13,146806.0,136995.0,2166.0,1181.72
AiWeiwei_SelfPortrait_26 · Sign-ups,2026-01-12,139114.0,130088.0,2947.0,937.6
FerrariSh_LE_26 · Enter draw,2026-01-12,32807.0,29524.0,490.0,310.91
JoakimOja_LE_25 · Enter draw,2026-01-12,0,0,0,0
NiceAunties_AIB_25 · Purchases,2026-01-12,0,0,0,0
TomasSanchez_TL_26 · Sign-ups,2026-01-12,183057.0,166512.0,2501.0,1179.36
AiWeiwei_SelfPortrait_26 · Sign-ups,2026-01-11,158193.0,150847.0,3699.0,993.93
FerrariSh_LE_26 · Enter draw,2026-01-11,19114.0,15627.0,386.0,216.06
JoakimOja_LE_25 · Enter draw,2026-01-11,0,0,0,0
NiceAunties_AIB_25 · Purchases,2026-01-11,0,0,0,0
TomasSanchez_TL_26 · Sign-ups,2026-01-11,204863.0,178788.0,2928.0,1224.23
AiWeiwei_SelfPortrait_26 · Sign-ups,2026-01-10,116652.0,108749.0,2618.0,706.61
FerrariSh_LE_26 · Enter draw,2026-01-10,7635.0,7253.0,83.0,57.01
JoakimOja_LE_25 · Enter draw,2026-01-10,0,0,0,0
NiceAunties_AIB_25 · Purchases,2026-01-10,0,0,0,0
TomasSanchez_TL_26 · Sign-ups,2026-01-10,156123.0,137976.0,2298.0,1020.55
AiWeiwei_SelfPortrait_26 · Sign-ups,2026-01-09,65197.0,61151.0,1864.0,465.1
JoakimOja_LE_25 · Enter draw,2026-01-09,0,0,0,0
NiceAunties_AIB_25 · Purchases,2026-01-09,0,0,0,0
TomasSanchez_TL_26 · Sign-ups,2026-01-09,144391.0,118335.0,2729.0,989.27
AiWeiwei_SelfPortrait_26 · Sign-ups,2026-01-08,209769.0,190653.0,4481.0,1439.56
JoakimOja_LE_25 · Enter draw,2026-01-08,3385.0,3158.0,33.0,32.3
KeitaMor_TL_25 · Purchases,2026-01-08,0,0,0,0
NiceAunties_AIB_25 · Purchases,2026-01-08,0,0,0,0
TomasSanchez_TL_26 · Sign-ups,2026-01-08,69388.0,61867.0,1085.0,430.45
AiWeiwei_SelfPortrait_26 · Sign-ups,2026-01-07,82273.0,76249.0,1695.0,460.33
JoakimOja_LE_25 · Enter draw,2026-01-07,15966.0,14241.0,139.0,108.38
KeitaMor_TL_25 · Purchases,2026-01-07,0,0,0,0
NiceAunties_AIB_25 · Purchases,2026-01-07,0,0,0,0
JoakimOja_LE_25 · Enter draw,2026-01-06,24547.0,21388.0,183.0,137.74
KeitaMor_TL_25 · Purchases,2026-01-06,0,0,0,0
NiceAunties_AIB_25 · Purchases,2026-01-06,0,0,0,0
JoakimOja_LE_25 · Enter draw,2026-01-05,21039.0,18503.0,172.0,125.66
KeitaMor_TL_25 · Purchases,2026-01-05,0,0,0,0
KeitaMor_TL_25 · Sign-ups,2026-01-05,0,0,0,0
NiceAunties_AIB_25 · Purchases,2026-01-05,0,0,0,0
Saype_AIB_25 · Purchases,2026-01-05,0,0,0,0
JoakimOja_LE_25 · Enter draw,2026-01-04,0,0,0,0
KeitaMor_TL_25 · Purchases,2026-01-04,0,0,0,0
KeitaMor_TL_25 · Sign-ups,2026-01-04,0,0,0,0
NiceAunties_AIB_25 · Purchases,2026-01-04,0,0,0,0
JoakimOja_LE_25 · Enter draw,2026-01-03,0,0,0,0
KeitaMor_TL_25 · Purchases,2026-01-03,0,0,0,0
KeitaMor_TL_25 · Sign-ups,2026-01-03,0,0,0,0
NiceAunties_AIB_25 · Purchases,2026-01-03,0,0,0,0
JoakimOja_LE_25 · Enter draw,2026-01-02,0,0,0,0
KeitaMor_TL_25 · Purchases,2026-01-02,0,0,0,0
KeitaMor_TL_25 · Sign-ups,2026-01-02,0,0,0,0
NiceAunties_AIB_25 · Purchases,2026-01-02,0,0,0,0
Saype_AIB_25 · Purchases,2026-01-02,0,0,0,0
JoakimOja_LE_25 · Enter draw,2026-01-01,0,0,0,0
KeitaMor_TL_25 · Purchases,2026-01-01,0,0,0,0
KeitaMor_TL_25 · Sign-ups,2026-01-01,0,0,0,0
NiceAunties_AIB_25 · Purchases,2026-01-01,0,0,0,0
JoakimOja_LE_25 · Enter draw,2025-12-31,7060.0,6507.0,83.0,79.66
KeitaMor_TL_25 · Purchases,2025-12-31,0,0,0,0
KeitaMor_TL_25 · Sign-ups,2025-12-31,0,0,0,0
NiceAunties_AIB_25 · Purchases,2025-12-31,0,0,0,0
JoakimOja_LE_25 · Enter draw,2025-12-30,10252.0,9315.0,135.0,105.91
KeitaMor_TL_25 · Purchases,2025-12-30,0,0,0,0
KeitaMor_TL_25 · Sign-ups,2025-12-30,0,0,0,0
NiceAunties_AIB_25 · Purchases,2025-12-30,0,0,0,0
JoakimOja_LE_25 · Enter draw,2025-12-29,10282.0,9193.0,123.0,107.65
KeitaMor_TL_25 · Purchases,2025-12-29,0,0,0,0
KeitaMor_TL_25 · Sign-ups,2025-12-29,0,0,0,0
NiceAunties_AIB_25 · Purchases,2025-12-29,0,0,0,0
Saype_AIB_25 · Purchases,2025-12-29,0,0,0,0
JoakimOja_LE_25 · Enter draw,2025-12-28,18730.0,16967.0,163.0,165.91
KeitaMor_TL_25 · Purchases,2025-12-28,0,0,0,0
KeitaMor_TL_25 · Sign-ups,2025-12-28,0,0,0,0
NiceAunties_AIB_25 · Purchases,2025-12-28,0,0,0,0
Saype_AIB_25 · Purchases,2025-12-28,0,0,0,0
JoakimOja_LE_25 · Enter draw,2025-12-27,13935.0,12595.0,114.0,127.83
KeitaMor_TL_25 · Purchases,2025-12-27,0,0,0,0
KeitaMor_TL_25 · Sign-ups,2025-12-27,0,0,0,0
NiceAunties_AIB_25 · Purchases,2025-12-27,0,0,0,0
JoakimOja_LE_25 · Enter draw,2025-12-26,21484.0,19168.0,185.0,169.48
KeitaMor_TL_25 · Purchases,2025-12-26,0,0,0,0
KeitaMor_TL_25 · Sign-ups,2025-12-26,0,0,0,0
NiceAunties_AIB_25 · Purchases,2025-12-26,0,0,0,0
JoakimOja_LE_25 · Enter draw,2025-12-25,23352.0,21120.0,193.0,201.05
KeitaMor_TL_25 · Purchases,2025-12-25,0,0,0,0
KeitaMor_TL_25 · Sign-ups,2025-12-25,0,0,0,0
NiceAunties_AIB_25 · Purchases,2025-12-25,0,0,0,0
JoakimOja_LE_25 · Enter draw,2025-12-24,24382.0,21924.0,193.0,198.22
KeitaMor_TL_25 · Purchases,2025-12-24,0,0,0,0
KeitaMor_TL_25 · Sign-ups,2025-12-24,0,0,0,0
NiceAunties_AIB_25 · Purchases,2025-12-24,0,0,0,0
Saype_AIB_25 · Purchases,2025-12-24,0,0,0,0
JoakimOja_LE_25 · Enter draw,2025-12-23,27716.0,24639.0,262.0,193.57
KeitaMor_TL_25 · Purchases,2025-12-23,0,0,0,0
KeitaMor_TL_25 · Sign-ups,2025-12-23,0,0,0,0
NiceAunties_AIB_25 · Purchases,2025-12-23,1149.0,1032.0,57.0,19.03
JoakimOja_LE_25 · Enter draw,2025-12-22,21989.0,20074.0,185.0,160.16
KeitaMor_TL_25 · Purchases,2025-12-22,0,0,0,0
KeitaMor_TL_25 · Sign-ups,2025-12-22,0,0,0,0
NiceAunties_AIB_25 · Purchases,2025-12-22,2283.0,2068.0,75.0,32.05
JoakimOja_LE_25 · Enter draw,2025-12-21,17993.0,15949.0,212.0,145.52
KeitaMor_TL_25 · Purchases,2025-12-21,0,0,0,0
KeitaMor_TL_25 · Sign-ups,2025-12-21,0,0,0,0
KenN_AIB_25 · Purchases,2025-12-21,0,0,0,0
NiceAunties_AIB_25 · Purchases,2025-12-21,1926.0,1761.0,64.0,34.47
Saype_AIB_25 · Purchases,2025-12-21,0,0,0,0
JoakimOja_LE_25 · Enter draw,2025-12-20,21001.0,18031.0,216.0,161.57
KeitaMor_TL_25 · Purchases,2025-12-20,0,0,0,0
KeitaMor_TL_25 · Sign-ups,2025-12-20,0,0,0,0
KenN_AIB_25 · Purchases,2025-12-20,0,0,0,0
NiceAunties_AIB_25 · Purchases,2025-12-20,1236.0,1145.0,51.0,23.33
Saype_AIB_25 · Purchases,2025-12-20,0,0,0,0
JoakimOja_LE_25 · Enter draw,2025-12-19,15589.0,13328.0,182.0,137.89
KeitaMor_TL_25 · Purchases,2025-12-19,0,0,0,0
KeitaMor_TL_25 · Sign-ups,2025-12-19,0,0,0,0
KenN_AIB_25 · Purchases,2025-12-19,0,0,0,0
NiceAunties_AIB_25 · Purchases,2025-12-19,1693.0,1517.0,70.0,39.5
Saype_AIB_25 · Purchases,2025-12-19,0,0,0,0
JoakimOja_LE_25 · Enter draw,2025-12-18,15857.0,13441.0,302.0,141.82
KeitaMor_TL_25 · Purchases,2025-12-18,0,0,0,0
KeitaMor_TL_25 · Sign-ups,2025-12-18,0,0,0,0
KenN_AIB_25 · Purchases,2025-12-18,0,0,0,0
NiceAunties_AIB_25 · Purchases,2025-12-18,2454.0,2197.0,115.0,40.57
Saype_AIB_25 · Purchases,2025-12-18,0,0,0,0
WilliamBl_LE_25 · Enter draw,2025-12-18,0,0,0,0
JoakimOja_LE_25 · Enter draw,2025-12-17,6314.0,5266.0,132.0,52.47
KeitaMor_TL_25 · Purchases,2025-12-17,0,0,0,0
KeitaMor_TL_25 · Sign-ups,2025-12-17,0,0,0,0
KenN_AIB_25 · Purchases,2025-12-17,0,0,0,0
NiceAunties_AIB_25 · Purchases,2025-12-17,4531.0,4069.0,210.0,57.52
Saype_AIB_25 · Purchases,2025-12-17,0,0,0,0
WilliamBl_LE_25 · Enter draw,2025-12-17,0,0,0,0
CindySher_TL_25 · Purchases,2025-12-16,0,0,0,0
KeitaMor_TL_25 · Purchases,2025-12-16,0,0,0,0
KeitaMor_TL_25 · Sign-ups,2025-12-16,0,0,0,0
KenN_AIB_25 · Purchases,2025-12-16,0,0,0,0
LSeyah_AIB_25 · Purchases,2025-12-16,0,0,0,0
NiceAunties_AIB_25 · Purchases,2025-12-16,4111.0,3627.0,205.0,59.57
Saype_AIB_25 · Purchases,2025-12-16,0,0,0,0
WilliamBl_LE_25 · Enter draw,2025-12-16,0,0,0,0
CindySher_TL_25 · Purchases,2025-12-15,0,0,0,0
KeitaMor_TL_25 · Purchases,2025-12-15,0,0,0,0
KeitaMor_TL_25 · Sign-ups,2025-12-15,0,0,0,0
KenN_AIB_25 · Purchases,2025-12-15,0,0,0,0
LSeyah_AIB_25 · Purchases,2025-12-15,0,0,0,0
NiceAunties_AIB_25 · Purchases,2025-12-15,4506.0,4076.0,196.0,65.75
Saype_AIB_25 · Purchases,2025-12-15,4036.0,3237.0,26.0,40.28
WilliamBl_LE_25 · Enter draw,2025-12-15,0,0,0,0
CindySher_TL_25 · Purchases,2025-12-14,0,0,0,0
KeitaMor_TL_25 · Purchases,2025-12-14,0,0,0,0
KeitaMor_TL_25 · Sign-ups,2025-12-14,0,0,0,0
KenN_AIB_25 · Purchases,2025-12-14,0,0,0,0
LSeyah_AIB_25 · Purchases,2025-12-14,0,0,0,0
NiceAunties_AIB_25 · Purchases,2025-12-14,4259.0,3776.0,213.0,62.7
Saype_AIB_25 · Purchases,2025-12-14,1703.0,1561.0,21.0,17.77
WilliamBl_LE_25 · Enter draw,2025-12-14,0,0,0,0
CindySher_TL_25 · Purchases,2025-12-13,0,0,0,0
KeitaMor_TL_25 · Purchases,2025-12-13,0,0,0,0
KeitaMor_TL_25 · Sign-ups,2025-12-13,0,0,0,0
KenN_AIB_25 · Purchases,2025-12-13,0,0,0,0
LSeyah_AIB_25 · Purchases,2025-12-13,0,0,0,0
MaurizioC_Rev_25 · Enter draw,2025-12-13,0,0,0,0
NiceAunties_AIB_25 · Purchases,2025-12-13,4214.0,3748.0,202.0,60.62
Saype_AIB_25 · Purchases,2025-12-13,197.0,194.0,4.0,1.82
WilliamBl_LE_25 · Enter draw,2025-12-13,0,0,0,0
CindySher_TL_25 · Purchases,2025-12-12,0,0,0,0
KeitaMor_TL_25 · Purchases,2025-12-12,0,0,0,0
KeitaMor_TL_25 · Sign-ups,2025-12-12,0,0,0,0
KenN_AIB_25 · Purchases,2025-12-12,0,0,0,0
LSeyah_AIB_25 · Purchases,2025-12-12,0,0,0,0
NiceAunties_AIB_25 · Purchases,2025-12-12,3710.0,3150.0,160.0,53.68
Saype_AIB_25 · Purchases,2025-12-12,15329.0,11930.0,170.0,149.22
WilliamBl_LE_25 · Enter draw,2025-12-12,0,0,0,0
WyneV_AIB_25 · Purchases,2025-12-12,0,0,0,0
AiWeiwei_LE_25 · Enter draw,2025-12-11,0,0,0,0
CindySher_TL_25 · Purchases,2025-12-11,0,0,0,0
Judy_Triptych_25 · Enter draw,2025-12-11,0,0,0,0
KeitaMor_TL_25 · Purchases,2025-12-11,40223.0,36524.0,652.0,537.84
KeitaMor_TL_25 · Sign-ups,2025-12-11,0,0,0,0
KenN_AIB_25 · Purchases,2025-12-11,0,0,0,0
LSeyah_AIB_25 · Purchases,2025-12-11,0,0,0,0
MaurizioC_Rev_25 · Enter draw,2025-12-11,0,0,0,0
NiceAunties_AIB_25 · Purchases,2025-12-11,2543.0,2045.0,147.0,51.17
Saype_AIB_25 · Purchases,2025-12-11,38172.0,32790.0,487.0,430.97
WilliamBl_LE_25 · Enter draw,2025-12-11,0,0,0,0
WyneV_AIB_25 · Purchases,2025-12-11,0,0,0,0
AiWeiwei_LE_25 · Enter draw,2025-12-10,0,0,0,0
CindySher_TL_25 · Purchases,2025-12-10,0,0,0,0
Judy_Triptych_25 · Enter draw,2025-12-10,0,0,0,0
KeitaMor_TL_25 · Purchases,2025-12-10,68455.0,59984.0,1321.0,870.28
KeitaMor_TL_25 · Sign-ups,2025-12-10,0,0,0,0
KenN_AIB_25 · Purchases,2025-12-10,0,0,0,0
LSeyah_AIB_25 · Purchases,2025-12-10,0,0,0,0
NiceAunties_AIB_25 · Purchases,2025-12-10,1886.0,1633.0,93.0,34.52
Saype_AIB_25 · Purchases,2025-12-10,18068.0,14490.0,397.0,234.92
WyneV_AIB_25 · Purchases,2025-12-10,0,0,0,0
AiWeiwei_LE_25 · Enter draw,2025-12-09,0,0,0,0
CindySher_TL_25 · Purchases,2025-12-09,0,0,0,0
CindySher_TL_25· Sign-ups,2025-12-09,0,0,0,0
Judy_Triptych_25 · Enter draw,2025-12-09,0,0,0,0
KeitaMor_TL_25 · Purchases,2025-12-09,42060.0,35930.0,1009.0,485.96
KeitaMor_TL_25 · Sign-ups,2025-12-09,8189.0,7849.0,229.0,73.03
KenN_AIB_25 · Purchases,2025-12-09,0,0,0,0
LSeyah_AIB_25 · Purchases,2025-12-09,0,0,0,0
Saype_AIB_25 · Purchases,2025-12-09,10629.0,8465.0,287.0,114.24
WilliamBl_LE_25 · Enter draw,2025-12-09,0,0,0,0
WyneV_AIB_25 · Purchases,2025-12-09,0,0,0,0
AiWeiwei_LE_25 · Enter draw,2025-12-08,0,0,0,0
CindySher_TL_25 · Purchases,2025-12-08,0,0,0,0
CindySher_TL_25· Sign-ups,2025-12-08,0,0,0,0
Judy_Triptych_25 · Enter draw,2025-12-08,0,0,0,0
KeitaMor_TL_25 · Sign-ups,2025-12-08,27178.0,25356.0,763.0,229.85
KenN_AIB_25 · Purchases,2025-12-08,0,0,0,0
LSeyah_AIB_25 · Purchases,2025-12-08,0,0,0,0
Saype_AIB_25 · Purchases,2025-12-08,172.0,164.0,1.0,1.1
WilliamBl_LE_25 · Enter draw,2025-12-08,0,0,0,0
WyneV_AIB_25 · Purchases,2025-12-08,0,0,0,0
AiWeiwei_LE_25 · Enter draw,2025-12-07,0,0,0,0
CindySher_TL_25 · Purchases,2025-12-07,0,0,0,0
CindySher_TL_25· Sign-ups,2025-12-07,0,0,0,0
Judy_Triptych_25 · Enter draw,2025-12-07,0,0,0,0
KeitaMor_TL_25 · Sign-ups,2025-12-07,26302.0,24398.0,776.0,218.45
KenN_AIB_25 · Purchases,2025-12-07,0,0,0,0
LSeyah_AIB_25 · Purchases,2025-12-07,0,0,0,0
WilliamBl_LE_25 · Enter draw,2025-12-07,0,0,0,0
AiWeiwei_LE_25 · Enter draw,2025-12-06,0,0,0,0
CindySher_TL_25 · Purchases,2025-12-06,0,0,0,0
CindySher_TL_25· Sign-ups,2025-12-06,0,0,0,0
Judy_Triptych_25 · Enter draw,2025-12-06,0,0,0,0
KeitaMor_TL_25 · Sign-ups,2025-12-06,20929.0,19528.0,561.0,177.73
KenN_AIB_25 · Purchases,2025-12-06,0,0,0,0
LSeyah_AIB_25 · Purchases,2025-12-06,0,0,0,0
MaurizioC_Rev_25 · Enter draw,2025-12-06,0,0,0,0
WilliamBl_LE_25 · Enter draw,2025-12-06,0,0,0,0
WyneV_AIB_25 · Purchases,2025-12-06,0,0,0,0
AiWeiwei_LE_25 · Enter draw,2025-12-05,0,0,0,0
CindySher_TL_25 · Purchases,2025-12-05,0,0,0,0
CindySher_TL_25· Sign-ups,2025-12-05,0,0,0,0
Judy_Triptych_25 · Enter draw,2025-12-05,0,0,0,0
KeitaMor_TL_25 · Sign-ups,2025-12-05,25451.0,23515.0,604.0,190.7
KenN_AIB_25 · Purchases,2025-12-05,0,0,0,0
LSeyah_AIB_25 · Purchases,2025-12-05,0,0,0,0
WilliamBl_LE_25 · Enter draw,2025-12-05,0,0,0,0
WyneV_AIB_25 · Purchases,2025-12-05,0,0,0,0
AiWeiwei_LE_25 · Enter draw,2025-12-04,0,0,0,0
CindySher_TL_25 · Purchases,2025-12-04,0,0,0,0
CindySher_TL_25· Sign-ups,2025-12-04,0,0,0,0
Judy_Triptych_25 · Enter draw,2025-12-04,0,0,0,0
KeitaMor_TL_25 · Sign-ups,2025-12-04,21509.0,20312.0,538.0,168.92
KenN_AIB_25 · Purchases,2025-12-04,0,0,0,0
LSeyah_AIB_25 · Purchases,2025-12-04,0,0,0,0
WilliamBl_LE_25 · Enter draw,2025-12-04,0,0,0,0
WyneV_AIB_25 · Purchases,2025-12-04,0,0,0,0
AiWeiwei_LE_25 · Enter draw,2025-12-03,0,0,0,0
CindySher_TL_25 · Purchases,2025-12-03,0,0,0,0
CindySher_TL_25· Sign-ups,2025-12-03,0,0,0,0
Judy_Triptych_25 · Enter draw,2025-12-03,0,0,0,0
KeitaMor_TL_25 · Sign-ups,2025-12-03,22195.0,20703.0,524.0,181.95
KenN_AIB_25 · Purchases,2025-12-03,0,0,0,0
LSeyah_AIB_25 · Purchases,2025-12-03,0,0,0,0
WilliamBl_LE_25 · Enter draw,2025-12-03,0,0,0,0
WyneV_AIB_25 · Purchases,2025-12-03,0,0,0,0
AiWeiwei_LE_25 · Enter draw,2025-12-02,0,0,0,0
CindySher_TL_25 · Purchases,2025-12-02,0,0,0,0
CindySher_TL_25· Sign-ups,2025-12-02,0,0,0,0
Judy_Triptych_25 · Enter draw,2025-12-02,0,0,0,0
KeitaMor_TL_25 · Sign-ups,2025-12-02,19096.0,18147.0,465.0,178.15
KenN_AIB_25 · Purchases,2025-12-02,0,0,0,0
LSeyah_AIB_25 · Purchases,2025-12-02,0,0,0,0
WilliamBl_LE_25 · Enter draw,2025-12-02,0,0,0,0
WyneV_AIB_25 · Purchases,2025-12-02,0,0,0,0
AiWeiwei_LE_25 · Enter draw,2025-12-01,0,0,0,0
CindySher_TL_25 · Purchases,2025-12-01,0,0,0,0
CindySher_TL_25· Sign-ups,2025-12-01,0,0,0,0
Judy_Triptych_25 · Enter draw,2025-12-01,0,0,0,0
KeitaMor_TL_25 · Sign-ups,2025-12-01,21889.0,20663.0,484.0,196.86
KenN_AIB_25 · Purchases,2025-12-01,0,0,0,0
LSeyah_AIB_25 · Purchases,2025-12-01,0,0,0,0
WilliamBl_LE_25 · Enter draw,2025-12-01,0,0,0,0
WyneV_AIB_25 · Purchases,2025-12-01,0,0,0,0
AiWeiwei_LE_25 · Enter draw,2025-11-30,0,0,0,0
CindySher_TL_25 · Purchases,2025-11-30,0,0,0,0
CindySher_TL_25· Sign-ups,2025-11-30,0,0,0,0
JamesJean_Sun_25 · Purchases,2025-11-30,0,0,0,0
Judy_Triptych_25 · Enter draw,2025-11-30,0,0,0,0
KeitaMor_TL_25 · Sign-ups,2025-11-30,19525.0,18257.0,518.0,203.78
KenN_AIB_25 · Purchases,2025-11-30,0,0,0,0
LSeyah_AIB_25 · Purchases,2025-11-30,0,0,0,0
WilliamBl_LE_25 · Enter draw,2025-11-30,0,0,0,0
WyneV_AIB_25 · Purchases,2025-11-30,0,0,0,0
AiWeiwei_LE_25 · Enter draw,2025-11-29,0,0,0,0
CindySher_TL_25 · Purchases,2025-11-29,0,0,0,0
CindySher_TL_25· Sign-ups,2025-11-29,0,0,0,0
JamesJean_Sun_25 · Purchases,2025-11-29,0,0,0,0
Judy_Triptych_25 · Enter draw,2025-11-29,0,0,0,0
KeitaMor_TL_25 · Sign-ups,2025-11-29,17765.0,16730.0,436.0,180.62
KenN_AIB_25 · Purchases,2025-11-29,0,0,0,0
LSeyah_AIB_25 · Purchases,2025-11-29,0,0,0,0
WilliamBl_LE_25 · Enter draw,2025-11-29,0,0,0,0
WyneV_AIB_25 · Purchases,2025-11-29,0,0,0,0
AiWeiwei_LE_25 · Enter draw,2025-11-28,0,0,0,0
CindySher_TL_25 · Purchases,2025-11-28,0,0,0,0
CindySher_TL_25· Sign-ups,2025-11-28,0,0,0,0
JamesJean_Sun_25 · Purchases,2025-11-28,0,0,0,0
Judy_Triptych_25 · Enter draw,2025-11-28,0,0,0,0
KeitaMor_TL_25 · Sign-ups,2025-11-28,17647.0,16491.0,390.0,171.69
KenN_AIB_25 · Purchases,2025-11-28,0,0,0,0
LSeyah_AIB_25 · Purchases,2025-11-28,0,0,0,0
WilliamBl_LE_25 · Enter draw,2025-11-28,0,0,0,0
WyneV_AIB_25 · Purchases,2025-11-28,0,0,0,0
AiWeiwei_LE_25 · Enter draw,2025-11-27,0,0,0,0
CindySher_TL_25 · Purchases,2025-11-27,0,0,0,0
CindySher_TL_25· Sign-ups,2025-11-27,0,0,0,0
HarmoniaR_Two_25 · Purchases,2025-11-27,0,0,0,0
JamesJean_Sun_25 · Purchases,2025-11-27,0,0,0,0
JamesJean_Sun_25 · Sign-ups,2025-11-27,0,0,0,0
Judy_Triptych_25 · Enter draw,2025-11-27,0,0,0,0
KeitaMor_TL_25 · Sign-ups,2025-11-27,21611.0,19918.0,468.0,186.73
KenN_AIB_25 · Purchases,2025-11-27,0,0,0,0
LSeyah_AIB_25 · Purchases,2025-11-27,0,0,0,0
MaurizioC_Rev_25 · Enter draw,2025-11-27,0,0,0,0
WilliamBl_LE_25 · Enter draw,2025-11-27,0,0,0,0
WyneV_AIB_25 · Purchases,2025-11-27,0,0,0,0
AiWeiwei_LE_25 · Enter draw,2025-11-26,0,0,0,0
CindySher_TL_25 · Purchases,2025-11-26,0,0,0,0
CindySher_TL_25· Sign-ups,2025-11-26,0,0,0,0
HarmoniaR_Two_25 · Purchases,2025-11-26,0,0,0,0
JamesJean_Sun_25 · Purchases,2025-11-26,0,0,0,0
JamesJean_Sun_25 · Sign-ups,2025-11-26,0,0,0,0
Judy_Triptych_25 · Enter draw,2025-11-26,0,0,0,0
KeitaMor_TL_25 · Sign-ups,2025-11-26,28472.0,25974.0,659.0,233.83
KenN_AIB_25 · Purchases,2025-11-26,0,0,0,0
LSeyah_AIB_25 · Purchases,2025-11-26,0,0,0,0
WilliamBl_LE_25 · Enter draw,2025-11-26,0,0,0,0
WyneV_AIB_25 · Purchases,2025-11-26,0,0,0,0
AiWeiwei_LE_25 · Enter draw,2025-11-25,0,0,0,0
AlexKatz_H2_25 · Enter draw,2025-11-25,0,0,0,0
CindySher_TL_25 · Purchases,2025-11-25,0,0,0,0
CindySher_TL_25· Sign-ups,2025-11-25,0,0,0,0
HarmoniaR_Two_25 · Purchases,2025-11-25,0,0,0,0
JamesJean_Sun_25 · Purchases,2025-11-25,0,0,0,0
JamesJean_Sun_25 · Sign-ups,2025-11-25,0,0,0,0
Judy_Triptych_25 · Enter draw,2025-11-25,0,0,0,0
KeitaMor_TL_25 · Sign-ups,2025-11-25,24515.0,22645.0,599.0,215.53
KenN_AIB_25 · Purchases,2025-11-25,0,0,0,0
LSeyah_AIB_25 · Purchases,2025-11-25,0,0,0,0
WilliamBl_LE_25 · Enter draw,2025-11-25,0,0,0,0
WyneV_AIB_25 · Purchases,2025-11-25,0,0,0,0
AiWeiwei_LE_25 · Enter draw,2025-11-24,0,0,0,0
AlexKatz_H2_25 · Enter draw,2025-11-24,0,0,0,0
CindySher_TL_25 · Purchases,2025-11-24,0,0,0,0
CindySher_TL_25· Sign-ups,2025-11-24,0,0,0,0
HarmoniaR_Two_25 · Purchases,2025-11-24,0,0,0,0
HarmoniaR_Two_25 · Sign-ups,2025-11-24,0,0,0,0
JamesJean_Sun_25 · Purchases,2025-11-24,0,0,0,0
JamesJean_Sun_25 · Sign-ups,2025-11-24,0,0,0,0
Judy_Triptych_25 · Enter draw,2025-11-24,0,0,0,0
KeitaMor_TL_25 · Sign-ups,2025-11-24,35894.0,32905.0,961.0,284.3
KenN_AIB_25 · Purchases,2025-11-24,0,0,0,0
LSeyah_AIB_25 · Purchases,2025-11-24,0,0,0,0
WilliamBl_LE_25 · Enter draw,2025-11-24,0,0,0,0
WyneV_AIB_25 · Purchases,2025-11-24,0,0,0,0
AiWeiwei_LE_25 · Enter draw,2025-11-23,0,0,0,0
AlexKatz_H2_25 · Enter draw,2025-11-23,0,0,0,0
CindySher_TL_25 · Purchases,2025-11-23,0,0,0,0
CindySher_TL_25· Sign-ups,2025-11-23,0,0,0,0
HarmoniaR_Two_25 · Purchases,2025-11-23,0,0,0,0
HarmoniaR_Two_25 · Sign-ups,2025-11-23,0,0,0,0
JamesJean_Sun_25 · Purchases,2025-11-23,0,0,0,0
JamesJean_Sun_25 · Sign-ups,2025-11-23,0,0,0,0
Judy_Triptych_25 · Enter draw,2025-11-23,0,0,0,0
KeitaMor_TL_25 · Sign-ups,2025-11-23,38980.0,34827.0,1080.0,312.69
KenN_AIB_25 · Purchases,2025-11-23,3309.0,2915.0,102.0,37.7
LSeyah_AIB_25 · Purchases,2025-11-23,0,0,0,0
WilliamBl_LE_25 · Enter draw,2025-11-23,0,0,0,0
WyneV_AIB_25 · Purchases,2025-11-23,0,0,0,0
AiWeiwei_LE_25 · Enter draw,2025-11-22,0,0,0,0
AlexKatz_H2_25 · Enter draw,2025-11-22,0,0,0,0
CindySher_TL_25 · Purchases,2025-11-22,0,0,0,0
CindySher_TL_25· Sign-ups,2025-11-22,0,0,0,0
HarmoniaR_Two_25 · Purchases,2025-11-22,0,0,0,0
HarmoniaR_Two_25 · Sign-ups,2025-11-22,0,0,0,0
JamesJean_Sun_25 · Purchases,2025-11-22,0,0,0,0
JamesJean_Sun_25 · Sign-ups,2025-11-22,0,0,0,0
Judy_Triptych_25 · Enter draw,2025-11-22,0,0,0,0
KeitaMor_TL_25 · Sign-ups,2025-11-22,46469.0,42092.0,1126.0,364.54
KenN_AIB_25 · Purchases,2025-11-22,5139.0,4431.0,129.0,61.45
LSeyah_AIB_25 · Purchases,2025-11-22,0,0,0,0
WilliamBl_LE_25 · Enter draw,2025-11-22,0,0,0,0
WyneV_AIB_25 · Purchases,2025-11-22,0,0,0,0
AiWeiwei_LE_25 · Enter draw,2025-11-21,0,0,0,0
AlexKatz_H2_25 · Enter draw,2025-11-21,0,0,0,0
CindySher_TL_25 · Purchases,2025-11-21,0,0,0,0
CindySher_TL_25· Sign-ups,2025-11-21,0,0,0,0
HarmoniaR_Two_25 · Purchases,2025-11-21,0,0,0,0
HarmoniaR_Two_25 · Sign-ups,2025-11-21,0,0,0,0
JamesJean_Sun_25 · Purchases,2025-11-21,0,0,0,0
JamesJean_Sun_25 · Sign-ups,2025-11-21,0,0,0,0
Judy_Triptych_25 · Enter draw,2025-11-21,0,0,0,0
KeitaMor_TL_25 · Sign-ups,2025-11-21,39401.0,35063.0,1028.0,310.53
KenN_AIB_25 · Purchases,2025-11-21,4206.0,3658.0,151.0,49.58
LSeyah_AIB_25 · Purchases,2025-11-21,0,0,0,0
MaurizioC_Rev_25 · Enter draw,2025-11-21,0,0,0,0
WilliamBl_LE_25 · Enter draw,2025-11-21,0,0,0,0
WyneV_AIB_25 · Purchases,2025-11-21,0,0,0,0
AiWeiwei_LE_25 · Enter draw,2025-11-20,0,0,0,0
AlexKatz_H2_25 · Enter draw,2025-11-20,0,0,0,0
CindySher_TL_25 · Purchases,2025-11-20,0,0,0,0
CindySher_TL_25· Sign-ups,2025-11-20,0,0,0,0
HarmoniaR_Two_25 · Purchases,2025-11-20,0,0,0,0
HarmoniaR_Two_25 · Sign-ups,2025-11-20,0,0,0,0
JamesJean_Sun_25 · Purchases,2025-11-20,0,0,0,0
JamesJean_Sun_25 · Sign-ups,2025-11-20,0,0,0,0
Judy_Triptych_25 · Enter draw,2025-11-20,0,0,0,0
KeitaMor_TL_25 · Sign-ups,2025-11-20,45156.0,40446.0,1289.0,372.26
KenN_AIB_25 · Purchases,2025-11-20,2096.0,1808.0,78.0,26.45
LSeyah_AIB_25 · Purchases,2025-11-20,0,0,0,0
MaurizioC_Rev_25 · Enter draw,2025-11-20,0,0,0,0
SirJoanC_TL_25 · Purchases,2025-11-20,0,0,0,0
SirJoanC_TL_25 · Sign-ups,2025-11-20,0,0,0,0
WilliamBl_LE_25 · Enter draw,2025-11-20,4479.0,4264.0,97.0,49.73
WyneV_AIB_25 · Purchases,2025-11-20,0,0,0,0
AiWeiwei_LE_25 · Enter draw,2025-11-19,0,0,0,0
AlexKatz_H2_25 · Enter draw,2025-11-19,0,0,0,0
CindySher_TL_25 · Purchases,2025-11-19,0,0,0,0
CindySher_TL_25· Sign-ups,2025-11-19,0,0,0,0
HarmoniaR_Two_25 · Purchases,2025-11-19,0,0,0,0
HarmoniaR_Two_25 · Sign-ups,2025-11-19,0,0,0,0
JamesJean_Sun_25 · Purchases,2025-11-19,0,0,0,0
JamesJean_Sun_25 · Sign-ups,2025-11-19,0,0,0,0
Judy_Triptych_25 · Enter draw,2025-11-19,0,0,0,0
KeitaMor_TL_25 · Sign-ups,2025-11-19,52119.0,47093.0,1245.0,357.79
LSeyah_AIB_25 · Purchases,2025-11-19,672.0,596.0,10.0,13.81
MaurizioC_Rev_25 · Enter draw,2025-11-19,0,0,0,0
SirJoanC_TL_25 · Purchases,2025-11-19,0,0,0,0
SirJoanC_TL_25 · Sign-ups,2025-11-19,0,0,0,0
WilliamBl_LE_25 · Enter draw,2025-11-19,14312.0,12606.0,287.0,147.13
WyneV_AIB_25 · Purchases,2025-11-19,0,0,0,0
AiWeiwei_LE_25 · Enter draw,2025-11-18,0,0,0,0
AlexKatz_H2_25 · Enter draw,2025-11-18,0,0,0,0
CindySher_TL_25 · Purchases,2025-11-18,30059.0,26799.0,382.0,513.46
CindySher_TL_25· Sign-ups,2025-11-18,0,0,0,0
HarmoniaR_Two_25 · Purchases,2025-11-18,0,0,0,0
HarmoniaR_Two_25 · Sign-ups,2025-11-18,0,0,0,0
JamesJean_Sun_25 · Purchases,2025-11-18,0,0,0,0
JamesJean_Sun_25 · Sign-ups,2025-11-18,0,0,0,0
Judy_Triptych_25 · Enter draw,2025-11-18,0,0,0,0
LSeyah_AIB_25 · Purchases,2025-11-18,2266.0,1783.0,47.0,43.12
MadeleineG_AIB_25 · Purchases,2025-11-18,0,0,0,0
MaurizioC_Rev_25 · Enter draw,2025-11-18,45.0,42.0,1.0,0.16
SirJoanC_TL_25 · Purchases,2025-11-18,0,0,0,0
SirJoanC_TL_25 · Sign-ups,2025-11-18,0,0,0,0
WilliamBl_LE_25 · Enter draw,2025-11-18,6723.0,6155.0,119.0,78.22
WyneV_AIB_25 · Purchases,2025-11-18,0,0,0,0
AiWeiwei_LE_25 · Enter draw,2025-11-17,0,0,0,0
AlexKatz_H2_25 · Enter draw,2025-11-17,0,0,0,0
CindySher_TL_25 · Purchases,2025-11-17,45522.0,41450.0,573.0,736.05
CindySher_TL_25· Sign-ups,2025-11-17,0,0,0,0
HarmoniaR_Two_25 · Purchases,2025-11-17,0,0,0,0
HarmoniaR_Two_25 · Sign-ups,2025-11-17,0,0,0,0
JamesJean_Sun_25 · Purchases,2025-11-17,0,0,0,0
JamesJean_Sun_25 · Sign-ups,2025-11-17,0,0,0,0
Judy_Triptych_25 · Enter draw,2025-11-17,0,0,0,0
LSeyah_AIB_25 · Purchases,2025-11-17,3306.0,2869.0,32.0,38.51
MadeleineG_AIB_25 · Purchases,2025-11-17,0,0,0,0
MaurizioC_Rev_25 · Enter draw,2025-11-17,0,0,0,0
SirJoanC_TL_25 · Purchases,2025-11-17,0,0,0,0
SirJoanC_TL_25 · Sign-ups,2025-11-17,0,0,0,0
WyneV_AIB_25 · Purchases,2025-11-17,0,0,0,0
AiWeiwei_LE_25 · Enter draw,2025-11-16,0,0,0,0
AlexKatz_H2_25 · Enter draw,2025-11-16,0,0,0,0
CindySher_TL_25 · Purchases,2025-11-16,43399.0,40383.0,689.0,1021.13
CindySher_TL_25· Sign-ups,2025-11-16,0,0,0,0
HarmoniaR_Two_25 · Purchases,2025-11-16,0,0,0,0
HarmoniaR_Two_25 · Sign-ups,2025-11-16,0,0,0,0
JamesJean_Sun_25 · Purchases,2025-11-16,0,0,0,0
JamesJean_Sun_25 · Sign-ups,2025-11-16,0,0,0,0
Judy_Triptych_25 · Enter draw,2025-11-16,0,0,0,0
MadeleineG_AIB_25 · Purchases,2025-11-16,0,0,0,0
MaurizioC_Rev_25 · Enter draw,2025-11-16,0,0,0,0
SirJoanC_TL_25 · Purchases,2025-11-16,0,0,0,0
SirJoanC_TL_25 · Sign-ups,2025-11-16,0,0,0,0
WyneV_AIB_25 · Purchases,2025-11-16,0,0,0,0
AiWeiwei_LE_25 · Enter draw,2025-11-15,0,0,0,0
AlexKatz_H2_25 · Enter draw,2025-11-15,0,0,0,0
CindySher_TL_25 · Purchases,2025-11-15,35293.0,31615.0,498.0,815.27
CindySher_TL_25· Sign-ups,2025-11-15,0,0,0,0
HarmoniaR_Two_25 · Purchases,2025-11-15,0,0,0,0
HarmoniaR_Two_25 · Sign-ups,2025-11-15,0,0,0,0
JamesJean_Sun_25 · Purchases,2025-11-15,0,0,0,0
JamesJean_Sun_25 · Sign-ups,2025-11-15,0,0,0,0
Judy_Triptych_25 · Enter draw,2025-11-15,0,0,0,0
MadeleineG_AIB_25 · Purchases,2025-11-15,0,0,0,0
MaurizioC_Rev_25 · Enter draw,2025-11-15,0,0,0,0
SirJoanC_TL_25 · Purchases,2025-11-15,0,0,0,0
SirJoanC_TL_25 · Sign-ups,2025-11-15,0,0,0,0
WyneV_AIB_25 · Purchases,2025-11-15,0,0,0,0
AiWeiwei_LE_25 · Enter draw,2025-11-14,0,0,0,0
AlexKatz_H2_25 · Enter draw,2025-11-14,0,0,0,0
CindySher_TL_25 · Purchases,2025-11-14,42286.0,39492.0,664.0,835.19
CindySher_TL_25· Sign-ups,2025-11-14,0,0,0,0
HarmoniaR_Two_25 · Purchases,2025-11-14,0,0,0,0
HarmoniaR_Two_25 · Sign-ups,2025-11-14,0,0,0,0
JamesJean_Sun_25 · Purchases,2025-11-14,0,0,0,0
JamesJean_Sun_25 · Sign-ups,2025-11-14,0,0,0,0
Judy_Triptych_25 · Enter draw,2025-11-14,6346.0,5834.0,108.0,90.94
MadeleineG_AIB_25 · Purchases,2025-11-14,0,0,0,0
MaurizioC_Rev_25 · Enter draw,2025-11-14,0,0,0,0
SirJoanC_TL_25 · Purchases,2025-11-14,0,0,0,0
SirJoanC_TL_25 · Sign-ups,2025-11-14,0,0,0,0
WyneV_AIB_25 · Purchases,2025-11-14,1030.0,890.0,14.0,14.07
AiWeiwei_LE_25 · Enter draw,2025-11-13,5064.0,4676.0,96.0,59.91
AlexKatz_H2_25 · Enter draw,2025-11-13,0,0,0,0
CindySher_TL_25 · Purchases,2025-11-13,35111.0,31204.0,535.0,608.95
CindySher_TL_25· Sign-ups,2025-11-13,0,0,0,0
HarmoniaR_Two_25 · Purchases,2025-11-13,0,0,0,0
HarmoniaR_Two_25 · Sign-ups,2025-11-13,0,0,0,0
JamesJean_Sun_25 · Purchases,2025-11-13,0,0,0,0
JamesJean_Sun_25 · Sign-ups,2025-11-13,0,0,0,0
Judy_Triptych_25 · Enter draw,2025-11-13,22149.0,19462.0,452.0,330.3
MadeleineG_AIB_25 · Purchases,2025-11-13,0,0,0,0
MaurizioC_Rev_25 · Enter draw,2025-11-13,0,0,0,0
SirJoanC_TL_25 · Purchases,2025-11-13,0,0,0,0
SirJoanC_TL_25 · Sign-ups,2025-11-13,0,0,0,0
WyneV_AIB_25 · Purchases,2025-11-13,3976.0,3008.0,77.0,54.01
AiWeiwei_LE_25 · Enter draw,2025-11-12,22088.0,20041.0,389.0,210.26
AlexKatz_H2_25 · Enter draw,2025-11-12,0,0,0,0
CindySher_TL_25 · Purchases,2025-11-12,59236.0,54848.0,1024.0,1093.77
CindySher_TL_25· Sign-ups,2025-11-12,0,0,0,0
HarmoniaR_Two_25 · Purchases,2025-11-12,0,0,0,0
HarmoniaR_Two_25 · Sign-ups,2025-11-12,0,0,0,0
JamesJean_Sun_25 · Purchases,2025-11-12,0,0,0,0
JamesJean_Sun_25 · Sign-ups,2025-11-12,0,0,0,0
Judy_Triptych_25 · Enter draw,2025-11-12,21344.0,19730.0,344.0,321.74
MadeleineG_AIB_25 · Purchases,2025-11-12,0,0,0,0
MaurizioC_Rev_25 · Enter draw,2025-11-12,0,0,0,0
SirJoanC_TL_25 · Purchases,2025-11-12,0,0,0,0
SirJoanC_TL_25 · Sign-ups,2025-11-12,0,0,0,0
WyneV_AIB_25 · Purchases,2025-11-12,2127.0,1877.0,35.0,24.65
Ai Weiwei - TEST,2025-11-11,483.0,430.0,11.0,4.41
AiWeiwei_LE_25 · Enter draw,2025-11-11,28898.0,25736.0,472.0,273.49
AlexKatz_H2_25 · Enter draw,2025-11-11,0,0,0,0
CindySher_TL_25 · Purchases,2025-11-11,28477.0,27083.0,428.0,375.43
CindySher_TL_25· Sign-ups,2025-11-11,150588.0,144607.0,2643.0,1554.98
HarmoniaR_Two_25 · Purchases,2025-11-11,0,0,0,0
HarmoniaR_Two_25 · Sign-ups,2025-11-11,0,0,0,0
JamesJean_Sun_25 · Purchases,2025-11-11,0,0,0,0
JamesJean_Sun_25 · Sign-ups,2025-11-11,0,0,0,0
Judy_Triptych_25 · Enter draw,2025-11-11,35392.0,32791.0,421.0,451.65
MadeleineG_AIB_25 · Purchases,2025-11-11,0,0,0,0
MaurizioC_Rev_25 · Enter draw,2025-11-11,0,0,0,0
SirJoanC_TL_25 · Purchases,2025-11-11,0,0,0,0
SirJoanC_TL_25 · Sign-ups,2025-11-11,0,0,0,0
AhmedMat_Magnet_25 · Enter draw,2025-11-10,0,0,0,0
AiWeiwei_LE_25 · Enter draw,2025-11-10,24215.0,21932.0,388.0,250.16
AlexKatz_H2_25 · Enter draw,2025-11-10,0,0,0,0
CindySher_TL_25· Sign-ups,2025-11-10,230740.0,216675.0,4168.0,2244.81
HarmoniaR_Two_25 · Purchases,2025-11-10,0,0,0,0
HarmoniaR_Two_25 · Sign-ups,2025-11-10,0,0,0,0
JamesJean_Sun_25 · Purchases,2025-11-10,0,0,0,0
JamesJean_Sun_25 · Sign-ups,2025-11-10,0,0,0,0
Judy_Triptych_25 · Enter draw,2025-11-10,28334.0,26819.0,382.0,413.24
MadeleineG_AIB_25 · Purchases,2025-11-10,0,0,0,0
MaurizioC_Rev_25 · Enter draw,2025-11-10,0,0,0,0
SirJoanC_TL_25 · Purchases,2025-11-10,0,0,0,0
SirJoanC_TL_25 · Sign-ups,2025-11-10,0,0,0,0
AhmedMat_Magnet_25 · Enter draw,2025-11-09,0,0,0,0
AiWeiwei_LE_25 · Enter draw,2025-11-09,0,0,0,0
AlexKatz_H2_25 · Enter draw,2025-11-09,0,0,0,0
CindySher_TL_25· Sign-ups,2025-11-09,208715.0,193603.0,3823.0,2179.18
HarmoniaR_Two_25 · Purchases,2025-11-09,0,0,0,0
HarmoniaR_Two_25 · Sign-ups,2025-11-09,0,0,0,0
JamesJean_Sun_25 · Purchases,2025-11-09,0,0,0,0
JamesJean_Sun_25 · Sign-ups,2025-11-09,0,0,0,0
Judy_Triptych_25 · Enter draw,2025-11-09,0,0,0,0
MadeleineG_AIB_25 · Purchases,2025-11-09,0,0,0,0
MaurizioC_Rev_25 · Enter draw,2025-11-09,0,0,0,0
SirJoanC_TL_25 · Purchases,2025-11-09,0,0,0,0
SirJoanC_TL_25 · Sign-ups,2025-11-09,0,0,0,0
AhmedMat_Magnet_25 · Enter draw,2025-11-08,0,0,0,0
AiWeiwei_LE_25 · Enter draw,2025-11-08,0,0,0,0
AlexKatz_H2_25 · Enter draw,2025-11-08,0,0,0,0
CindySher_TL_25· Sign-ups,2025-11-08,192569.0,178615.0,3734.0,1870.28
HarmoniaR_Two_25 · Purchases,2025-11-08,0,0,0,0
HarmoniaR_Two_25 · Sign-ups,2025-11-08,0,0,0,0
JamesJean_Sun_25 · Purchases,2025-11-08,0,0,0,0
JamesJean_Sun_25 · Sign-ups,2025-11-08,0,0,0,0
Judy_Triptych_25 · Enter draw,2025-11-08,0,0,0,0
MadeleineG_AIB_25 · Purchases,2025-11-08,0,0,0,0
MaurizioC_Rev_25 · Enter draw,2025-11-08,0,0,0,0
RTanchum_AIB_25 · Purchases,2025-11-08,0,0,0,0
SirJoanC_TL_25 · Purchases,2025-11-08,0,0,0,0
SirJoanC_TL_25 · Sign-ups,2025-11-08,0,0,0,0
AhmedMat_Magnet_25 · Enter draw,2025-11-07,0,0,0,0
AiWeiwei_LE_25 · Enter draw,2025-11-07,0,0,0,0
AlexKatz_H2_25 · Enter draw,2025-11-07,0,0,0,0
CindySher_TL_25· Sign-ups,2025-11-07,176570.0,164315.0,3327.0,1661.32
HarmoniaR_Two_25 · Purchases,2025-11-07,0,0,0,0
HarmoniaR_Two_25 · Sign-ups,2025-11-07,0,0,0,0
JamesJean_Sun_25 · Purchases,2025-11-07,0,0,0,0
JamesJean_Sun_25 · Sign-ups,2025-11-07,0,0,0,0
Judy_Triptych_25 · Enter draw,2025-11-07,11794.0,10717.0,143.0,155.39
MadeleineG_AIB_25 · Purchases,2025-11-07,0,0,0,0
MaurizioC_Rev_25 · Enter draw,2025-11-07,0,0,0,0
RTanchum_AIB_25 · Purchases,2025-11-07,0,0,0,0
SirJoanC_TL_25 · Purchases,2025-11-07,0,0,0,0
SirJoanC_TL_25 · Sign-ups,2025-11-07,0,0,0,0
AhmedMat_Magnet_25 · Enter draw,2025-11-06,0,0,0,0
AiWeiwei_LE_25 · Enter draw,2025-11-06,0,0,0,0
AlexKatz_H2_25 · Enter draw,2025-11-06,0,0,0,0
CindySher_TL_25· Sign-ups,2025-11-06,144557.0,134830.0,2822.0,1311.34
HarmoniaR_Two_25 · Purchases,2025-11-06,0,0,0,0
HarmoniaR_Two_25 · Sign-ups,2025-11-06,0,0,0,0
Inventory_Test_25,2025-11-06,0,0,0,0
JamesJean_Sun_25 · Purchases,2025-11-06,0,0,0,0
JamesJean_Sun_25 · Sign-ups,2025-11-06,0,0,0,0
Judy_Triptych_25 · Enter draw,2025-11-06,22407.0,21023.0,280.0,287.85
MadeleineG_AIB_25 · Purchases,2025-11-06,0,0,0,0
MaurizioC_Rev_25 · Enter draw,2025-11-06,0,0,0,0
RTanchum_AIB_25 · Purchases,2025-11-06,0,0,0,0
SirJoanC_TL_25 · Purchases,2025-11-06,0,0,0,0
SirJoanC_TL_25 · Sign-ups,2025-11-06,0,0,0,0
AhmedMat_Magnet_25 · Enter draw,2025-11-05,0,0,0,0
AiWeiwei_LE_25 · Enter draw,2025-11-05,0,0,0,0
AlexKatz_H2_25 · Enter draw,2025-11-05,0,0,0,0
CindySher_TL_25· Sign-ups,2025-11-05,131427.0,122146.0,2765.0,1144.67
HarmoniaR_Two_25 · Purchases,2025-11-05,0,0,0,0
HarmoniaR_Two_25 · Sign-ups,2025-11-05,0,0,0,0
Inventory_Test_25,2025-11-05,0,0,0,0
JamesJean_Sun_25 · Purchases,2025-11-05,0,0,0,0
JamesJean_Sun_25 · Sign-ups,2025-11-05,0,0,0,0
Judy_Triptych_25 · Enter draw,2025-11-05,25986.0,24124.0,368.0,300.12
MadeleineG_AIB_25 · Purchases,2025-11-05,0,0,0,0
MaurizioC_Rev_25 · Enter draw,2025-11-05,0,0,0,0
RTanchum_AIB_25 · Purchases,2025-11-05,0,0,0,0
SirJoanC_TL_25 · Purchases,2025-11-05,0,0,0,0
SirJoanC_TL_25 · Sign-ups,2025-11-05,0,0,0,0
AhmedMat_Magnet_25 · Enter draw,2025-11-04,0,0,0,0
AiWeiwei_LE_25 · Enter draw,2025-11-04,0,0,0,0
AlexKatz_H2_25 · Enter draw,2025-11-04,0,0,0,0
CindySher_TL_25· Sign-ups,2025-11-04,111321.0,101117.0,2742.0,910.58
HarmoniaR_Two_25 · Purchases,2025-11-04,0,0,0,0
HarmoniaR_Two_25 · Sign-ups,2025-11-04,0,0,0,0
Inventory_Test_25,2025-11-04,0,0,0,0
JamesJean_Sun_25 · Purchases,2025-11-04,0,0,0,0
JamesJean_Sun_25 · Sign-ups,2025-11-04,0,0,0,0
Judy_Triptych_25 · Enter draw,2025-11-04,33235.0,30748.0,458.0,330.55
MadeleineG_AIB_25 · Purchases,2025-11-04,0,0,0,0
MaurizioC_Rev_25 · Enter draw,2025-11-04,0,0,0,0
RTanchum_AIB_25 · Purchases,2025-11-04,0,0,0,0
SirJoanC_TL_25 · Purchases,2025-11-04,0,0,0,0
SirJoanC_TL_25 · Sign-ups,2025-11-04,0,0,0,0
AhmedMat_Magnet_25 · Enter draw,2025-11-03,0,0,0,0
AiWeiwei_LE_25 · Enter draw,2025-11-03,4787.0,4495.0,82.0,58.29
AlexKatz_H2_25 · Enter draw,2025-11-03,0,0,0,0
CindySher_TL_25· Sign-ups,2025-11-03,115225.0,106735.0,2736.0,920.16
HarmoniaR_Two_25 · Purchases,2025-11-03,0,0,0,0
HarmoniaR_Two_25 · Sign-ups,2025-11-03,0,0,0,0
Inventory_Test_25,2025-11-03,0,0,0,0
JamesJean_Sun_25 · Purchases,2025-11-03,0,0,0,0
JamesJean_Sun_25 · Sign-ups,2025-11-03,0,0,0,0
Judy_Triptych_25 · Enter draw,2025-11-03,29785.0,27783.0,390.0,310.67
MadeleineG_AIB_25 · Purchases,2025-11-03,0,0,0,0
MaurizioC_Rev_25 · Enter draw,2025-11-03,0,0,0,0
RTanchum_AIB_25 · Purchases,2025-11-03,0,0,0,0
SirJoanC_TL_25 · Purchases,2025-11-03,0,0,0,0
SirJoanC_TL_25 · Sign-ups,2025-11-03,0,0,0,0
AhmedMat_Magnet_25 · Enter draw,2025-11-02,0,0,0,0
AiWeiwei_LE_25 · Enter draw,2025-11-02,17616.0,15880.0,307.0,215.31
AlexKatz_H2_25 · Enter draw,2025-11-02,0,0,0,0
CindySher_TL_25· Sign-ups,2025-11-02,104372.0,93639.0,2459.0,811.1
HarmoniaR_Two_25 · Purchases,2025-11-02,0,0,0,0
HarmoniaR_Two_25 · Sign-ups,2025-11-02,0,0,0,0
Inventory_Test_25,2025-11-02,0,0,0,0
JamesJean_Sun_25 · Purchases,2025-11-02,45550.0,40280.0,877.0,388.32
JamesJean_Sun_25 · Sign-ups,2025-11-02,0,0,0,0
Judy_Triptych_25 · Enter draw,2025-11-02,27380.0,25991.0,375.0,302.29
MGross_AIB_25 · Purchases,2025-11-02,0,0,0,0
MadeleineG_AIB_25 · Purchases,2025-11-02,0,0,0,0
MaurizioC_Rev_25 · Enter draw,2025-11-02,0,0,0,0
RTanchum_AIB_25 · Purchases,2025-11-02,0,0,0,0
SirJoanC_TL_25 · Purchases,2025-11-02,0,0,0,0
SirJoanC_TL_25 · Sign-ups,2025-11-02,0,0,0,0
AhmedMat_Magnet_25 · Enter draw,2025-11-01,0,0,0,0
AiWeiwei_LE_25 · Enter draw,2025-11-01,15575.0,14080.0,322.0,187.29
AlexKatz_H2_25 · Enter draw,2025-11-01,0,0,0,0
CindySher_TL_25· Sign-ups,2025-11-01,72360.0,65601.0,1790.0,480.79
HarmoniaR_Two_25 · Purchases,2025-11-01,0,0,0,0
HarmoniaR_Two_25 · Sign-ups,2025-11-01,0,0,0,0
Inventory_Test_25,2025-11-01,0,0,0,0
JamesJean_Sun_25 · Purchases,2025-11-01,43044.0,37366.0,952.0,369.58
JamesJean_Sun_25 · Sign-ups,2025-11-01,0,0,0,0
Judy_Triptych_25 · Enter draw,2025-11-01,15884.0,14464.0,291.0,213.52
MGross_AIB_25 · Purchases,2025-11-01,0,0,0,0
MadeleineG_AIB_25 · Purchases,2025-11-01,0,0,0,0
MaurizioC_Rev_25 · Enter draw,2025-11-01,0,0,0,0
RTanchum_AIB_25 · Purchases,2025-11-01,0,0,0,0
SirJoanC_TL_25 · Purchases,2025-11-01,0,0,0,0
SirJoanC_TL_25 · Sign-ups,2025-11-01,0,0,0,0
AhmedMat_Magnet_25 · Enter draw,2025-10-31,0,0,0,0
AiWeiwei_LE_25 · Enter draw,2025-10-31,56263.0,50801.0,953.0,616.88
AlexKatz_H2_25 · Enter draw,2025-10-31,0,0,0,0
CindySher_TL_25· Sign-ups,2025-10-31,16283.0,15402.0,355.0,143.03
HarmoniaR_Two_25 · Purchases,2025-10-31,44624.0,39111.0,635.0,630.34
HarmoniaR_Two_25 · Sign-ups,2025-10-31,0,0,0,0
Inventory_Test_25,2025-10-31,0,0,0,0
JamesJean_Sun_25 · Purchases,2025-10-31,13295.0,12756.0,246.0,135.31
JamesJean_Sun_25 · Sign-ups,2025-10-31,0,0,0,0
Judy_Triptych_25 · Enter draw,2025-10-31,14145.0,12963.0,225.0,194.53
MGross_AIB_25 · Purchases,2025-10-31,0,0,0,0
MadeleineG_AIB_25 · Purchases,2025-10-31,0,0,0,0
MaurizioC_Rev_25 · Enter draw,2025-10-31,0,0,0,0
RTanchum_AIB_25 · Purchases,2025-10-31,0,0,0,0
SirJoanC_TL_25 · Purchases,2025-10-31,0,0,0,0
SirJoanC_TL_25 · Sign-ups,2025-10-31,0,0,0,0
AhmedMat_Magnet_25 · Enter draw,2025-10-30,0,0,0,0
AiWeiwei_LE_25 · Enter draw,2025-10-30,85988.0,79501.0,1476.0,857.48
AlexKatz_H2_25 · Enter draw,2025-10-30,0,0,0,0
HarmoniaR_Two_25 · Purchases,2025-10-30,81737.0,71549.0,1294.0,1015.66
HarmoniaR_Two_25 · Sign-ups,2025-10-30,0,0,0,0
Inventory_Test_25,2025-10-30,0,0,0,0
JamesJean_Sun_25 · Sign-ups,2025-10-30,27587.0,23964.0,415.0,179.23
Judy_Triptych_25 · Enter draw,2025-10-30,16334.0,14870.0,249.0,171.99
MGross_AIB_25 · Purchases,2025-10-30,0,0,0,0
MadeleineG_AIB_25 · Purchases,2025-10-30,0,0,0,0
MaurizioC_Rev_25 · Enter draw,2025-10-30,0,0,0,0
RTanchum_AIB_25 · Purchases,2025-10-30,0,0,0,0
SirJoanC_TL_25 · Purchases,2025-10-30,0,0,0,0
SirJoanC_TL_25 · Sign-ups,2025-10-30,0,0,0,0
AhmedMat_Magnet_25 · Enter draw,2025-10-29,0,0,0,0
AiWeiwei_LE_25 · Enter draw,2025-10-29,99132.0,92885.0,1787.0,875.58
AlexKatz_H2_25 · Enter draw,2025-10-29,80084.0,74174.0,933.0,1058.34
HarmoniaR_Two_25 · Purchases,2025-10-29,24463.0,22966.0,420.0,297.77
HarmoniaR_Two_25 · Sign-ups,2025-10-29,10637.0,9998.0,213.0,89.46
Inventory_Test_25,2025-10-29,0,0,0,0
JamesJean_Sun_25 · Sign-ups,2025-10-29,36927.0,32801.0,506.0,234.2
Judy_Triptych_25 · Enter draw,2025-10-29,17044.0,15369.0,328.0,183.57
MGross_AIB_25 · Purchases,2025-10-29,0,0,0,0
MadeleineG_AIB_25 · Purchases,2025-10-29,0,0,0,0
MaurizioC_Rev_25 · Enter draw,2025-10-29,0,0,0,0
RTanchum_AIB_25 · Purchases,2025-10-29,0,0,0,0
SirJoanC_TL_25 · Purchases,2025-10-29,0,0,0,0
SirJoanC_TL_25 · Sign-ups,2025-10-29,0,0,0,0
AhmedMat_Magnet_25 · Enter draw,2025-10-28,0,0,0,0
AiWeiwei_LE_25 · Enter draw,2025-10-28,109316.0,98866.0,2073.0,805.2
AlexKatz_H2_25 · Enter draw,2025-10-28,130223.0,117764.0,1406.0,1464.72
HarmoniaR_Two_25 · Sign-ups,2025-10-28,20759.0,19156.0,373.0,155.26
Inventory_Test_25,2025-10-28,0,0,0,0
JamesJean_Sun_25 · Sign-ups,2025-10-28,0,0,0,0
Judy_Triptych_25 · Enter draw,2025-10-28,8850.0,8189.0,164.0,90.02
MGross_AIB_25 · Purchases,2025-10-28,0,0,0,0
MadeleineG_AIB_25 · Purchases,2025-10-28,0,0,0,0
MaurizioC_Rev_25 · Enter draw,2025-10-28,0,0,0,0
RTanchum_AIB_25 · Purchases,2025-10-28,0,0,0,0
SirJoanC_TL_25 · Purchases,2025-10-28,0,0,0,0
SirJoanC_TL_25 · Sign-ups,2025-10-28,0,0,0,0
AhmedMat_Magnet_25 · Enter draw,2025-10-27,0,0,0,0
AiWeiwei_LE_25 · Enter draw,2025-10-27,79113.0,71982.0,1622.0,653.73
AlexKatz_H2_25 · Enter draw,2025-10-27,136893.0,124716.0,1439.0,1591.91
HarmoniaR_Two_25 · Sign-ups,2025-10-27,18997.0,17786.0,296.0,147.25
Inventory_Test_25,2025-10-27,0,0,0,0
JamesJean_Sun_25 · Sign-ups,2025-10-27,10750.0,10272.0,244.0,54.01
MGross_AIB_25 · Purchases,2025-10-27,0,0,0,0
MadeleineG_AIB_25 · Purchases,2025-10-27,0,0,0,0
MaurizioC_Rev_25 · Enter draw,2025-10-27,0,0,0,0
RTanchum_AIB_25 · Purchases,2025-10-27,0,0,0,0
SirJoanC_TL_25 · Purchases,2025-10-27,0,0,0,0
SirJoanC_TL_25 · Sign-ups,2025-10-27,0,0,0,0
AhmedMat_Magnet_25 · Enter draw,2025-10-26,0,0,0,0
AiWeiwei_LE_25 · Enter draw,2025-10-26,55603.0,49763.0,1216.0,467.88
AlexKatz_H2_25 · Enter draw,2025-10-26,121829.0,110758.0,1413.0,1541.57
HarmoniaR_Two_25 · Sign-ups,2025-10-26,19017.0,17385.0,316.0,156.61
Inventory_Test_25,2025-10-26,0,0,0,0
JamesJean_Sun_25 · Sign-ups,2025-10-26,26733.0,24269.0,548.0,149.44
MGross_AIB_25 · Purchases,2025-10-26,0,0,0,0
MadeleineG_AIB_25 · Purchases,2025-10-26,0,0,0,0
MaurizioC_Rev_25 · Enter draw,2025-10-26,0,0,0,0
RTanchum_AIB_25 · Purchases,2025-10-26,0,0,0,0
SirJoanC_TL_25 · Purchases,2025-10-26,0,0,0,0
SirJoanC_TL_25 · Sign-ups,2025-10-26,0,0,0,0
AhmedMat_Magnet_25 · Enter draw,2025-10-25,0,0,0,0
AiWeiwei_LE_25 · Enter draw,2025-10-25,30219.0,26887.0,893.0,307.76
AlexKatz_H2_25 · Enter draw,2025-10-25,114947.0,105327.0,1339.0,1519.07
Art_Museums_Survey_25 · Form Submissions,2025-10-25,0,0,0,0
HarmoniaR_Two_25 · Sign-ups,2025-10-25,14339.0,13500.0,234.0,126.88
Inventory_Test_25,2025-10-25,0,0,0,0
JamesJean_Sun_25 · Sign-ups,2025-10-25,34447.0,31343.0,713.0,209.16
MGross_AIB_25 · Purchases,2025-10-25,0,0,0,0
MadeleineG_AIB_25 · Purchases,2025-10-25,0,0,0,0
MaurizioC_Rev_25 · Enter draw,2025-10-25,0,0,0,0
RTanchum_AIB_25 · Purchases,2025-10-25,0,0,0,0
SirJoanC_TL_25 · Purchases,2025-10-25,0,0,0,0
SirJoanC_TL_25 · Sign-ups,2025-10-25,0,0,0,0
AhmedMat_Magnet_25 · Enter draw,2025-10-24,0,0,0,0
AiWeiwei_LE_25 · Enter draw,2025-10-24,35237.0,31843.0,850.0,337.99
AlexKatz_H2_25 · Enter draw,2025-10-24,133429.0,119862.0,1400.0,1502.1
Art_Museums_Survey_25 · Form Submissions,2025-10-24,0,0,0,0
HarmoniaR_Two_25 · Sign-ups,2025-10-24,18129.0,17175.0,259.0,148.47
Inventory_Test_25,2025-10-24,0,0,0,0
JamesJean_Sun_25 · Sign-ups,2025-10-24,45705.0,40819.0,878.0,287.4
MGross_AIB_25 · Purchases,2025-10-24,0,0,0,0
MadeleineG_AIB_25 · Purchases,2025-10-24,0,0,0,0
MaurizioC_Rev_25 · Enter draw,2025-10-24,69982.0,62522.0,1038.0,455.15
RTanchum_AIB_25 · Purchases,2025-10-24,0,0,0,0
SirJoanC_TL_25 · Purchases,2025-10-24,55637.0,51257.0,778.0,468.72
SirJoanC_TL_25 · Sign-ups,2025-10-24,0,0,0,0
AhmedMat_Magnet_25 · Enter draw,2025-10-23,0,0,0,0
AiWeiwei_LE_25 · Enter draw,2025-10-23,14452.0,13482.0,369.0,128.89
AlexKatz_H2_25 · Enter draw,2025-10-23,124429.0,110555.0,1300.0,1454.52
Art_Museums_Survey_25 · Form Submissions,2025-10-23,0,0,0,0
HarmoniaR_Two_25 · Sign-ups,2025-10-23,25141.0,23569.0,338.0,200.54
Inventory_Test_25,2025-10-23,0,0,0,0
JamesJean_Sun_25 · Sign-ups,2025-10-23,75022.0,69489.0,1565.0,512.33
MGross_AIB_25 · Purchases,2025-10-23,0,0,0,0
MadeleineG_AIB_25 · Purchases,2025-10-23,0,0,0,0
MaurizioC_Rev_25 · Enter draw,2025-10-23,151352.0,140618.0,2260.0,1106.2
RTanchum_AIB_25 · Purchases,2025-10-23,0,0,0,0
SirJoanC_TL_25 · Purchases,2025-10-23,78626.0,70884.0,1053.0,602.37
SirJoanC_TL_25 · Sign-ups,2025-10-23,94088.0,89228.0,1415.0,482.64
AhmedMat_Magnet_25 · Enter draw,2025-10-22,0,0,0,0
AlexKatz_H2_25 · Enter draw,2025-10-22,135284.0,123118.0,1540.0,1534.44
Art_Museums_Survey_25 · Form Submissions,2025-10-22,0,0,0,0
HarmoniaR_Two_25 · Sign-ups,2025-10-22,28055.0,26433.0,460.0,216.49
Inventory_Test_25,2025-10-22,0,0,0,0
JamesJean_Sun_25 · Sign-ups,2025-10-22,122060.0,107666.0,2612.0,834.13
MGross_AIB_25 · Purchases,2025-10-22,0,0,0,0
MadeleineG_AIB_25 · Purchases,2025-10-22,3662.0,3178.0,61.0,37.58
MaurizioC_Rev_25 · Enter draw,2025-10-22,167083.0,159265.0,2429.0,1119.66
RTanchum_AIB_25 · Purchases,2025-10-22,0,0,0,0
SirJoanC_TL_25 · Sign-ups,2025-10-22,271766.0,254739.0,3207.0,1215.65
AhmedMat_Magnet_25 · Enter draw,2025-10-21,0,0,0,0
AlexKatz_H2_25 · Enter draw,2025-10-21,86304.0,79303.0,978.0,955.45
Art_Museums_Survey_25 · Form Submissions,2025-10-21,0,0,0,0
HarmoniaR_Two_25 · Sign-ups,2025-10-21,29009.0,27078.0,389.0,225.44
Inventory_Test_25,2025-10-21,0,0,0,0
JamesJean_Sun_25 · Sign-ups,2025-10-21,57875.0,52714.0,1039.0,374.66
MGross_AIB_25 · Purchases,2025-10-21,0,0,0,0
MadeleineG_AIB_25 · Purchases,2025-10-21,4100.0,3963.0,48.0,29.88
MaurizioC_Rev_25 · Enter draw,2025-10-21,148479.0,140636.0,2017.0,1076.03
RTanchum_AIB_25 · Purchases,2025-10-21,0,0,0,0
SirJoanC_TL_25 · Sign-ups,2025-10-21,310160.0,287766.0,3416.0,1195.22
AhmedMat_Magnet_25 · Enter draw,2025-10-20,0,0,0,0
AlexKatz_H2_25 · Enter draw,2025-10-20,91093.0,82993.0,1012.0,984.21
Art_Museums_Survey_25 · Form Submissions,2025-10-20,0,0,0,0
HarmoniaR_Two_25 · Sign-ups,2025-10-20,36324.0,33980.0,520.0,299.58
Inventory_Test_25,2025-10-20,0,0,0,0
MGross_AIB_25 · Purchases,2025-10-20,0,0,0,0
MaurizioC_Rev_25 · Enter draw,2025-10-20,164147.0,154294.0,2409.0,1127.13
RTanchum_AIB_25 · Purchases,2025-10-20,0,0,0,0
SirJoanC_TL_25 · Sign-ups,2025-10-20,292007.0,265912.0,3358.0,1156.97
AhmedMat_Magnet_25 · Enter draw,2025-10-19,0,0,0,0
AlexKatz_H2_25 · Enter draw,2025-10-19,95652.0,87032.0,1104.0,1072.66
Art_Museums_Survey_25 · Form Submissions,2025-10-19,0,0,0,0
HarmoniaR_Two_25 · Sign-ups,2025-10-19,52045.0,48344.0,763.0,387.34
Inventory_Test_25,2025-10-19,0,0,0,0
MGross_AIB_25 · Purchases,2025-10-19,0,0,0,0
MaurizioC_Rev_25 · Enter draw,2025-10-19,166063.0,156322.0,2614.0,1188.94
RTanchum_AIB_25 · Purchases,2025-10-19,0,0,0,0
SirJoanC_TL_25 · Sign-ups,2025-10-19,302355.0,265557.0,3743.0,1209.17
AhmedMat_Magnet_25 · Enter draw,2025-10-18,0,0,0,0
AlexKatz_H2_25 · Enter draw,2025-10-18,69735.0,63089.0,829.0,951.24
Art_Museums_Survey_25 · Form Submissions,2025-10-18,0,0,0,0
HarmoniaR_Two_25 · Sign-ups,2025-10-18,46772.0,42698.0,705.0,387.17
Inventory_Test_25,2025-10-18,0,0,0,0
MGross_AIB_25 · Purchases,2025-10-18,0,0,0,0
MaurizioC_Rev_25 · Enter draw,2025-10-18,111327.0,103989.0,1781.0,985.37
RTanchum_AIB_25 · Purchases,2025-10-18,0,0,0,0
SirJoanC_TL_25 · Sign-ups,2025-10-18,260514.0,232388.0,3095.0,1061.61
AhmedMat_Magnet_25 · Enter draw,2025-10-17,0,0,0,0
AlexKatz_H2_25 · Enter draw,2025-10-17,74704.0,67649.0,868.0,963.53
Art_Museums_Survey_25 · Form Submissions,2025-10-17,0,0,0,0
HarmoniaR_Two_25 · Sign-ups,2025-10-17,64255.0,58336.0,906.0,508.67
Inventory_Test_25,2025-10-17,0,0,0,0
MGross_AIB_25 · Purchases,2025-10-17,0,0,0,0
MaurizioC_Rev_25 · Enter draw,2025-10-17,129310.0,122933.0,2033.0,1018.99
RTanchum_AIB_25 · Purchases,2025-10-17,0,0,0,0
SirJoanC_TL_25 · Sign-ups,2025-10-17,290760.0,262067.0,3555.0,1079.58
AhmedMat_Magnet_25 · Enter draw,2025-10-16,0,0,0,0
AlexKatz_H2_25 · Enter draw,2025-10-16,74754.0,70089.0,931.0,963.85
Art_Museums_Survey_25 · Form Submissions,2025-10-16,0,0,0,0
CleonPeter_Timed_25 · Purchases,2025-10-16,0,0,0,0
HarmoniaR_Two_25 · Sign-ups,2025-10-16,57342.0,52665.0,1070.0,440.58
Inventory_Test_25,2025-10-16,0,0,0,0
MGross_AIB_25 · Purchases,2025-10-16,0,0,0,0
MaurizioC_Rev_25 · Enter draw,2025-10-16,156955.0,149102.0,2774.0,1282.77
RTanchum_AIB_25 · Purchases,2025-10-16,0,0,0,0
SirJoanC_TL_25 · Sign-ups,2025-10-16,276910.0,243159.0,3954.0,1002.24
AhmedMat_Magnet_25 · Enter draw,2025-10-15,0,0,0,0
AlexKatz_H2_25 · Enter draw,2025-10-15,85502.0,78972.0,940.0,962.03
Art_Museums_Survey_25 · Form Submissions,2025-10-15,0,0,0,0
CleonPeter_Timed_25 · Purchases,2025-10-15,0,0,0,0
HarmoniaR_Two_25 · Sign-ups,2025-10-15,64649.0,58002.0,1417.0,517.16
Inventory_Test_25,2025-10-15,0,0,0,0
MGross_AIB_25 · Purchases,2025-10-15,0,0,0,0
MaurizioC_Rev_25 · Enter draw,2025-10-15,194992.0,183802.0,3248.0,1427.09
RTanchum_AIB_25 · Purchases,2025-10-15,0,0,0,0
SirJoanC_TL_25 · Sign-ups,2025-10-15,262893.0,232696.0,4429.0,1221.54
AhmedMat_Magnet_25 · Enter draw,2025-10-14,20148.0,17346.0,125.0,226.56
AlexKatz_H2_25 · Enter draw,2025-10-14,144735.0,126076.0,1328.0,1259.72
Art_Museums_Survey_25 · Form Submissions,2025-10-14,0,0,0,0
CleonPeter_Timed_25 · Purchases,2025-10-14,0,0,0,0
CleonPeter_Timed_25 · Sign-ups,2025-10-14,0,0,0,0
HarmoniaR_Two_25 · Sign-ups,2025-10-14,76419.0,67694.0,1784.0,612.12
Inventory_Test_25,2025-10-14,0,0,0,0
MGross_AIB_25 · Purchases,2025-10-14,0,0,0,0
MaurizioC_Rev_25 · Enter draw,2025-10-14,213746.0,196463.0,3101.0,1460.05
RTanchum_AIB_25 · Purchases,2025-10-14,0,0,0,0
SirJoanC_TL_25 · Sign-ups,2025-10-14,258442.0,222535.0,4195.0,1170.7
AhmedMat_Magnet_25 · Enter draw,2025-10-13,25905.0,23713.0,181.0,361.84
AlexKatz_H2_25 · Enter draw,2025-10-13,120140.0,109070.0,1306.0,1237.04
Art_Museums_Survey_25 · Form Submissions,2025-10-13,0,0,0,0
CleonPeter_Timed_25 · Purchases,2025-10-13,0,0,0,0
CleonPeter_Timed_25 · Sign-ups,2025-10-13,0,0,0,0
HarmoniaR_Two_25 · Sign-ups,2025-10-13,56208.0,49878.0,1428.0,546.99
Inventory_Test_25,2025-10-13,0,0,0,0
MGross_AIB_25 · Purchases,2025-10-13,0,0,0,0
MaurizioC_Rev_25 · Enter draw,2025-10-13,259407.0,238978.0,3805.0,1474.43
RTanchum_AIB_25 · Purchases,2025-10-13,0,0,0,0
SirJoanC_TL_25 · Sign-ups,2025-10-13,169564.0,144438.0,3644.0,947.89
AhmedMat_Magnet_25 · Enter draw,2025-10-12,21821.0,19716.0,193.0,372.72
AlexKatz_H2_25 · Enter draw,2025-10-12,111017.0,99931.0,1453.0,1513.76
Art_Museums_Survey_25 · Form Submissions,2025-10-12,0,0,0,0
CleonPeter_Timed_25 · Purchases,2025-10-12,0,0,0,0
CleonPeter_Timed_25 · Sign-ups,2025-10-12,0,0,0,0
HarmoniaR_Two_25 · Sign-ups,2025-10-12,40415.0,34741.0,1129.0,418.83
Inventory_Test_25,2025-10-12,0,0,0,0
MGross_AIB_25 · Purchases,2025-10-12,0,0,0,0
MaurizioC_Rev_25 · Enter draw,2025-10-12,255424.0,236827.0,4290.0,1544.7
RTanchum_AIB_25 · Purchases,2025-10-12,0,0,0,0
SirJoanC_TL_25 · Sign-ups,2025-10-12,59882.0,56514.0,673.0,305.11
AhmedMat_Magnet_25 · Enter draw,2025-10-11,19110.0,17187.0,168.0,351.49
AlexKatz_H2_25 · Enter draw,2025-10-11,108060.0,95312.0,1635.0,1482.32
Art_Museums_Survey_25 · Form Submissions,2025-10-11,0,0,0,0
CleonPeter_Timed_25 · Purchases,2025-10-11,0,0,0,0
CleonPeter_Timed_25 · Sign-ups,2025-10-11,0,0,0,0
HarmoniaR_Two_25 · Sign-ups,2025-10-11,33510.0,28885.0,1093.0,383.73
Inventory_Test_25,2025-10-11,0,0,0,0
MGross_AIB_25 · Purchases,2025-10-11,0,0,0,0
MaurizioC_Rev_25 · Enter draw,2025-10-11,179736.0,165906.0,3620.0,1366.5
RTanchum_AIB_25 · Purchases,2025-10-11,2241.0,1794.0,26.0,35.15
SirJoanC_TL_25 · Sign-ups,2025-10-11,64315.0,53731.0,549.0,293.35
AhmedMat_Magnet_25 · Enter draw,2025-10-10,19225.0,17771.0,211.0,360.29
AlexKatz_H2_25 · Enter draw,2025-10-10,94757.0,83508.0,1732.0,1472.13
Art_Museums_Survey_25 · Form Submissions,2025-10-10,0,0,0,0
CleonPeter_Timed_25 · Purchases,2025-10-10,0,0,0,0
CleonPeter_Timed_25 · Sign-ups,2025-10-10,0,0,0,0
HarmoniaR_Two_25 · Sign-ups,2025-10-10,12537.0,11629.0,424.0,132.93
Inventory_Test_25,2025-10-10,1765.0,1576.0,23.0,23.1
JTsang_AIB_25 · Purchases,2025-10-10,0,0,0,0
MGross_AIB_25 · Purchases,2025-10-10,0,0,0,0
MaurizioC_Rev_25 · Enter draw,2025-10-10,135394.0,127400.0,2534.0,879.81
RTanchum_AIB_25 · Purchases,2025-10-10,2576.0,1945.0,53.0,45.14
AhmedMat_Magnet_25 · Enter draw,2025-10-09,33462.0,30746.0,314.0,414.17
AlexKatz_H2_25 · Enter draw,2025-10-09,135527.0,115814.0,1856.0,1464.77
Art_Museums_Survey_25 · Form Submissions,2025-10-09,0,0,0,0
CleonPeter_Timed_25 · Purchases,2025-10-09,0,0,0,0
CleonPeter_Timed_25 · Sign-ups,2025-10-09,0,0,0,0
Inventory_Test_25,2025-10-09,9290.0,7873.0,115.0,67.79
JTsang_AIB_25 · Purchases,2025-10-09,0,0,0,0
MGross_AIB_25 · Purchases,2025-10-09,0,0,0,0
MaurizioC_Rev_25 · Enter draw,2025-10-09,89135.0,82686.0,1409.0,542.66
RTanchum_AIB_25 · Purchases,2025-10-09,2717.0,2429.0,41.0,26.19
AhmedMat_Magnet_25 · Enter draw,2025-10-08,37415.0,33531.0,326.0,482.28
AlexKatz_H2_25 · Enter draw,2025-10-08,109366.0,95764.0,1310.0,934.02
Art_Museums_Survey_25 · Form Submissions,2025-10-08,0,0,0,0
CleonPeter_Timed_25 · Purchases,2025-10-08,0,0,0,0
CleonPeter_Timed_25 · Sign-ups,2025-10-08,0,0,0,0
Inventory_Test_25,2025-10-08,5488.0,5029.0,24.0,25.62
JTsang_AIB_25 · Purchases,2025-10-08,0,0,0,0
MGross_AIB_25 · Purchases,2025-10-08,0,0,0,0
MaurizioC_Rev_25 · Enter draw,2025-10-08,89293.0,81269.0,1196.0,524.76
AhmedMat_Magnet_25 · Enter draw,2025-10-07,36388.0,32049.0,411.0,515.43
AlexKatz_H2_25 · Enter draw,2025-10-07,46622.0,43637.0,713.0,425.81
Art_Museums_Survey_25 · Form Submissions,2025-10-07,0,0,0,0
CleonPeter_Timed_25 · Purchases,2025-10-07,0,0,0,0
CleonPeter_Timed_25 · Sign-ups,2025-10-07,0,0,0,0
Inventory_Test_25,2025-10-07,6780.0,5569.0,60.0,40.64
JTsang_AIB_25 · Purchases,2025-10-07,0,0,0,0
MGross_AIB_25 · Purchases,2025-10-07,0,0,0,0
MaurizioC_Rev_25 · Enter draw,2025-10-07,73497.0,68246.0,1390.0,552.67
AhmedMat_Magnet_25 · Enter draw,2025-10-06,30096.0,28186.0,379.0,433.05
AlexKatz_H2_25 · Enter draw,2025-10-06,34939.0,33108.0,672.0,356.04
Art_Museums_Survey_25 · Form Submissions,2025-10-06,0,0,0,0
CleonPeter_Timed_25 · Purchases,2025-10-06,0,0,0,0
CleonPeter_Timed_25 · Sign-ups,2025-10-06,0,0,0,0
GlennBrow_Two_25 · Sign-ups,2025-10-06,0,0,0,0
Inventory_Test_25,2025-10-06,4785.0,4495.0,24.0,22.44
JTsang_AIB_25 · Purchases,2025-10-06,0,0,0,0
MGross_AIB_25 · Purchases,2025-10-06,0,0,0,0
MaurizioC_Rev_25 · Enter draw,2025-10-06,71158.0,68056.0,1488.0,524.03
AhmedMat_Magnet_25 · Enter draw,2025-10-05,31008.0,27686.0,374.0,527.0
AlexKatz_H2_25 · Enter draw,2025-10-05,53684.0,47180.0,1076.0,520.44
Art_Museums_Survey_25 · Form Submissions,2025-10-05,0,0,0,0
CleonPeter_Timed_25 · Purchases,2025-10-05,0,0,0,0
CleonPeter_Timed_25 · Sign-ups,2025-10-05,0,0,0,0
GlennBrow_Two_25 · Sign-ups,2025-10-05,0,0,0,0
Inventory_Test_25,2025-10-05,0,0,0,0
JTsang_AIB_25 · Purchases,2025-10-05,0,0,0,0
MGross_AIB_25 · Purchases,2025-10-05,4106.0,3584.0,50.0,41.97
MaurizioC_Rev_25 · Enter draw,2025-10-05,71152.0,67581.0,1852.0,584.27
AhmedMat_Magnet_25 · Enter draw,2025-10-04,24971.0,22174.0,379.0,480.89
AlexKatz_H2_25 · Enter draw,2025-10-04,53615.0,47545.0,989.0,440.0
Art_Museums_Survey_25 · Form Submissions,2025-10-04,0,0,0,0
CleonPeter_Timed_25 · Purchases,2025-10-04,0,0,0,0
CleonPeter_Timed_25 · Sign-ups,2025-10-04,0,0,0,0
GlennBrow_Two_25 · Sign-ups,2025-10-04,0,0,0,0
Inventory_Test_25,2025-10-04,0,0,0,0
JTsang_AIB_25 · Purchases,2025-10-04,0,0,0,0
MGross_AIB_25 · Purchases,2025-10-04,3609.0,3201.0,35.0,24.63
MaurizioC_Rev_25 · Enter draw,2025-10-04,126072.0,115294.0,3267.0,990.83
AhmedMat_Magnet_25 · Enter draw,2025-10-03,22272.0,19591.0,350.0,466.05
AlexKatz_H2_25 · Enter draw,2025-10-03,49815.0,44628.0,935.0,381.91
Art_Museums_Survey_25 · Form Submissions,2025-10-03,0,0,0,0
CleonPeter_Timed_25 · Purchases,2025-10-03,0,0,0,0
CleonPeter_Timed_25 · Sign-ups,2025-10-03,0,0,0,0
GlennBrow_Two_25 · Sign-ups,2025-10-03,0,0,0,0
Inventory_Test_25,2025-10-03,0,0,0,0
JTsang_AIB_25 · Purchases,2025-10-03,0,0,0,0
MaurizioC_Rev_25 · Enter draw,2025-10-03,231636.0,208918.0,5583.0,1683.84
AhmedMat_Magnet_25 · Enter draw,2025-10-02,26744.0,24287.0,485.0,482.78
AiWeiwei_NVase_25 · Purchases,2025-10-02,0,0,0,0
Art_Museums_Survey_25 · Form Submissions,2025-10-02,0,0,0,0
CleonPeter_Timed_25 · Purchases,2025-10-02,0,0,0,0
CleonPeter_Timed_25 · Sign-ups,2025-10-02,0,0,0,0
GlennBrow_Two_25 · Sign-ups,2025-10-02,0,0,0,0
Inventory_Test_25,2025-10-02,0,0,0,0
JTsang_AIB_25 · Purchases,2025-10-02,0,0,0,0
LSeyah_AIB_25 · Purchases,2025-10-02,0,0,0,0
MaurizioC_Rev_25 · Enter draw,2025-10-02,343433.0,306622.0,8250.0,2023.18
YSodeaoka_AIB_25 · Purchases,2025-10-02,0,0,0,0
AhmedMat_Magnet_25 · Enter draw,2025-10-01,35917.0,32141.0,683.0,552.73
AiWeiwei_NVase_25 · Purchases,2025-10-01,0,0,0,0
Art_Museums_Survey_25 · Form Submissions,2025-10-01,0,0,0,0
CleonPeter_Timed_25 · Purchases,2025-10-01,0,0,0,0
CleonPeter_Timed_25 · Sign-ups,2025-10-01,0,0,0,0
GlennBrow_Two_25 · Sign-ups,2025-10-01,0,0,0,0
Inventory_Test_25,2025-10-01,2473.0,2121.0,28.0,20.2
JTsang_AIB_25 · Purchases,2025-10-01,0,0,0,0
LSeyah_AIB_25 · Purchases,2025-10-01,0,0,0,0
MaurizioC_Rev_25 · Enter draw,2025-10-01,222959.0,196141.0,7379.0,1636.53
YSodeaoka_AIB_25 · Purchases,2025-10-01,0,0,0,0
AhmedMat_Magnet_25 · Enter draw,2025-09-30,21242.0,18574.0,367.0,316.36
AiWeiwei_NVase_25 · Purchases,2025-09-30,0,0,0,0
Art_Museums_Survey_25 · Form Submissions,2025-09-30,0,0,0,0
CleonPeter_Timed_25 · Purchases,2025-09-30,0,0,0,0
CleonPeter_Timed_25 · Sign-ups,2025-09-30,0,0,0,0
GlennBrow_Two_25 · Sign-ups,2025-09-30,0,0,0,0
Inventory_Test_25,2025-09-30,4796.0,3934.0,56.0,48.56
JTsang_AIB_25 · Purchases,2025-09-30,0,0,0,0
LSeyah_AIB_25 · Purchases,2025-09-30,0,0,0,0
MaurizioC_Rev_25 · Enter draw,2025-09-30,78976.0,69165.0,3871.0,616.09
YSodeaoka_AIB_25 · Purchases,2025-09-30,0,0,0,0
AhmedMat_Magnet_25 · Enter draw,2025-09-29,16699.0,14846.0,220.0,200.18
AiWeiwei_NVase_25 · Purchases,2025-09-29,0,0,0,0
Art_Museums_Survey_25 · Form Submissions,2025-09-29,13765.0,13036.0,114.0,69.47
CleonPeter_Timed_25 · Purchases,2025-09-29,0,0,0,0
CleonPeter_Timed_25 · Sign-ups,2025-09-29,0,0,0,0
GlennBrow_Two_25 · Sign-ups,2025-09-29,0,0,0,0
Inventory_Test_25,2025-09-29,5616.0,4562.0,59.0,51.05
JTsang_AIB_25 · Purchases,2025-09-29,0,0,0,0
LSeyah_AIB_25 · Purchases,2025-09-29,0,0,0,0
MaurizioC_Rev_25 · Enter draw,2025-09-29,4958.0,4810.0,116.0,41.66
YSodeaoka_AIB_25 · Purchases,2025-09-29,0,0,0,0
AhmedMat_Magnet_25 · Enter draw,2025-09-28,15319.0,13652.0,275.0,182.6
AiWeiwei_NVase_25 · Purchases,2025-09-28,0,0,0,0
Art_Museums_Survey_25 · Form Submissions,2025-09-28,5658.0,5135.0,39.0,49.08
CleonPeter_Timed_25 · Purchases,2025-09-28,0,0,0,0
CleonPeter_Timed_25 · Sign-ups,2025-09-28,0,0,0,0
GlennBrow_Two_25 · Sign-ups,2025-09-28,0,0,0,0
Inventory_Test_25,2025-09-28,1816.0,1515.0,22.0,41.1
JTsang_AIB_25 · Purchases,2025-09-28,0,0,0,0
LSeyah_AIB_25 · Purchases,2025-09-28,0,0,0,0
YSodeaoka_AIB_25 · Purchases,2025-09-28,0,0,0,0
AhmedMat_Magnet_25 · Enter draw,2025-09-27,18547.0,15962.0,390.0,243.77
AiWeiwei_NVase_25 · Purchases,2025-09-27,0,0,0,0
Art_Museums_Survey_25 · Form Submissions,2025-09-27,6287.0,5579.0,26.0,48.83
CleonPeter_Timed_25 · Purchases,2025-09-27,0,0,0,0
CleonPeter_Timed_25 · Sign-ups,2025-09-27,0,0,0,0
GlennBrow_Two_25 · Sign-ups,2025-09-27,0,0,0,0
Inventory_Test_25,2025-09-27,905.0,759.0,11.0,27.03
JTsang_AIB_25 · Purchases,2025-09-27,0,0,0,0
LSeyah_AIB_25 · Purchases,2025-09-27,0,0,0,0
YSodeaoka_AIB_25 · Purchases,2025-09-27,0,0,0,0
AhmedMat_Magnet_25 · Enter draw,2025-09-26,20706.0,17161.0,503.0,333.39
AiWeiwei_NVase_25 · Purchases,2025-09-26,0,0,0,0
Art_Museums_Survey_25 · Form Submissions,2025-09-26,5126.0,4194.0,19.0,34.0
CleonPeter_Timed_25 · Purchases,2025-09-26,0,0,0,0
CleonPeter_Timed_25 · Sign-ups,2025-09-26,0,0,0,0
GlennBrow_Two_25 · Sign-ups,2025-09-26,0,0,0,0
Inventory_Test_25,2025-09-26,3337.0,2663.0,37.0,56.57
JTsang_AIB_25 · Purchases,2025-09-26,0,0,0,0
LSeyah_AIB_25 · Purchases,2025-09-26,0,0,0,0
YSodeaoka_AIB_25 · Purchases,2025-09-26,0,0,0,0
AhmedMat_Magnet_25 · Enter draw,2025-09-25,43378.0,37137.0,307.0,334.37
AiWeiwei_NVase_25 · Purchases,2025-09-25,0,0,0,0
Art_Museums_Survey_25 · Form Submissions,2025-09-25,3342.0,3162.0,58.0,15.2
CleonPeter_Timed_25 · Purchases,2025-09-25,0,0,0,0
CleonPeter_Timed_25 · Sign-ups,2025-09-25,0,0,0,0
GlennBrow_Two_25 · Sign-ups,2025-09-25,0,0,0,0
Inventory_Test_25,2025-09-25,4684.0,3627.0,41.0,45.32
JTsang_AIB_25 · Purchases,2025-09-25,0,0,0,0
LSeyah_AIB_25 · Purchases,2025-09-25,0,0,0,0
YSodeaoka_AIB_25 · Purchases,2025-09-25,0,0,0,0
AiWeiwei_NVase_25 · Purchases,2025-09-24,0,0,0,0
AiWeiwei_NVase_25 · Sign-ups,2025-09-24,0,0,0,0
Art_Museums_Survey_25 · Form Submissions,2025-09-24,3677.0,3471.0,90.0,18.65
CleonPeter_Timed_25 · Purchases,2025-09-24,0,0,0,0
CleonPeter_Timed_25 · Sign-ups,2025-09-24,0,0,0,0
Eniwamura_Neojomon_25 · Enter draw,2025-09-24,0,0,0,0
GlennBrow_Two_25 · Sign-ups,2025-09-24,0,0,0,0
Inventory_Test_25,2025-09-24,4295.0,3350.0,40.0,42.37
JTsang_AIB_25 · Purchases,2025-09-24,0,0,0,0
LSeyah_AIB_25 · Purchases,2025-09-24,0,0,0,0
MaurizioC_Rev_25 · Enter draw,2025-09-24,417.0,379.0,5.0,5.18
YSodeaoka_AIB_25 · Purchases,2025-09-24,0,0,0,0
AiWeiwei_NVase_25 · Purchases,2025-09-23,0,0,0,0
AiWeiwei_NVase_25 · Sign-ups,2025-09-23,0,0,0,0
Art_Museums_Survey_25 · Form Submissions,2025-09-23,4224.0,3950.0,80.0,20.23
CleonPeter_Timed_25 · Purchases,2025-09-23,0,0,0,0
CleonPeter_Timed_25 · Sign-ups,2025-09-23,0,0,0,0
Eniwamura_Neojomon_25 · Enter draw,2025-09-23,0,0,0,0
GlennBrow_Two_25 · Sign-ups,2025-09-23,0,0,0,0
Inventory_Test_25,2025-09-23,4659.0,3725.0,49.0,45.92
JTsang_AIB_25 · Purchases,2025-09-23,0,0,0,0
LSeyah_AIB_25 · Purchases,2025-09-23,0,0,0,0
YSodeaoka_AIB_25 · Purchases,2025-09-23,0,0,0,0
AiWeiwei_NVase_25 · Purchases,2025-09-22,0,0,0,0
AiWeiwei_NVase_25 · Sign-ups,2025-09-22,0,0,0,0
Art_Museums_Survey_25 · Form Submissions,2025-09-22,3421.0,3267.0,64.0,19.92
CleonPeter_Timed_25 · Purchases,2025-09-22,0,0,0,0
CleonPeter_Timed_25 · Sign-ups,2025-09-22,0,0,0,0
Eniwamura_Neojomon_25 · Enter draw,2025-09-22,0,0,0,0
GlennBrow_Two_25 · Sign-ups,2025-09-22,0,0,0,0
Inventory_Test_25,2025-09-22,4759.0,4035.0,53.0,43.01
JTsang_AIB_25 · Purchases,2025-09-22,0,0,0,0
LSeyah_AIB_25 · Purchases,2025-09-22,0,0,0,0
YSodeaoka_AIB_25 · Purchases,2025-09-22,0,0,0,0
AiWeiwei_NVase_25 · Purchases,2025-09-21,0,0,0,0
AiWeiwei_NVase_25 · Sign-ups,2025-09-21,0,0,0,0
Art_Museums_Survey_25 · Form Submissions,2025-09-21,4402.0,4228.0,64.0,23.73
CleonPeter_Timed_25 · Purchases,2025-09-21,0,0,0,0
CleonPeter_Timed_25 · Sign-ups,2025-09-21,0,0,0,0
Eniwamura_Neojomon_25 · Enter draw,2025-09-21,0,0,0,0
GlennBrow_Two_25 · Sign-ups,2025-09-21,0,0,0,0
Inventory_Test_25,2025-09-21,4359.0,3796.0,57.0,53.55
JTsang_AIB_25 · Purchases,2025-09-21,0,0,0,0
LSeyah_AIB_25 · Purchases,2025-09-21,0,0,0,0
YSodeaoka_AIB_25 · Purchases,2025-09-21,0,0,0,0
AiWeiwei_NVase_25 · Purchases,2025-09-20,0,0,0,0
AiWeiwei_NVase_25 · Sign-ups,2025-09-20,0,0,0,0
Art_Museums_Survey_25 · Form Submissions,2025-09-20,3541.0,3384.0,46.0,19.78
CleonPeter_Timed_25 · Purchases,2025-09-20,0,0,0,0
CleonPeter_Timed_25 · Sign-ups,2025-09-20,0,0,0,0
Eniwamura_Neojomon_25 · Enter draw,2025-09-20,0,0,0,0
GlennBrow_Two_25 · Sign-ups,2025-09-20,0,0,0,0
Inventory_Test_25,2025-09-20,6642.0,5766.0,103.0,76.92
JTsang_AIB_25 · Purchases,2025-09-20,0,0,0,0
LSeyah_AIB_25 · Purchases,2025-09-20,0,0,0,0
YSodeaoka_AIB_25 · Purchases,2025-09-20,0,0,0,0
AiWeiwei_NVase_25 · Purchases,2025-09-19,0,0,0,0
AiWeiwei_NVase_25 · Sign-ups,2025-09-19,0,0,0,0
Art_Museums_Survey_25 · Form Submissions,2025-09-19,6380.0,6019.0,96.0,34.38
CleonPeter_Timed_25 · Purchases,2025-09-19,29714.0,28475.0,434.0,358.35
CleonPeter_Timed_25 · Sign-ups,2025-09-19,0,0,0,0
Eniwamura_Neojomon_25 · Enter draw,2025-09-19,0,0,0,0
GlennBrow_Two_25 · Sign-ups,2025-09-19,0,0,0,0
Inventory_Test_25,2025-09-19,5378.0,4336.0,68.0,76.02
JTsang_AIB_25 · Purchases,2025-09-19,0,0,0,0
LSeyah_AIB_25 · Purchases,2025-09-19,0,0,0,0
YSodeaoka_AIB_25 · Purchases,2025-09-19,0,0,0,0
AiWeiwei_NVase_25 · Purchases,2025-09-18,0,0,0,0
AiWeiwei_NVase_25 · Sign-ups,2025-09-18,0,0,0,0
Art_Museums_Survey_25 · Form Submissions,2025-09-18,7714.0,7176.0,99.0,42.88
CleonPeter_Timed_25 · Purchases,2025-09-18,158380.0,139380.0,1692.0,1471.49
CleonPeter_Timed_25 · Sign-ups,2025-09-18,0,0,0,0
Eniwamura_Neojomon_25 · Enter draw,2025-09-18,0,0,0,0
GlennBrow_Two_25 · Sign-ups,2025-09-18,0,0,0,0
Inventory_Test_25,2025-09-18,7137.0,5695.0,96.0,76.59
JTsang_AIB_25 · Purchases,2025-09-18,0,0,0,0
LSeyah_AIB_25 · Purchases,2025-09-18,0,0,0,0
YSodeaoka_AIB_25 · Purchases,2025-09-18,0,0,0,0
AiWeiwei_NVase_25 · Purchases,2025-09-17,0,0,0,0
AiWeiwei_NVase_25 · Sign-ups,2025-09-17,0,0,0,0
Art_Museums_Survey_25 · Form Submissions,2025-09-17,10038.0,9262.0,144.0,51.68
CleonPeter_Timed_25 · Purchases,2025-09-17,59768.0,54128.0,656.0,515.23
CleonPeter_Timed_25 · Sign-ups,2025-09-17,10944.0,10531.0,192.0,89.89
Eniwamura_Neojomon_25 · Enter draw,2025-09-17,0,0,0,0
GlennBrow_Two_25 · Sign-ups,2025-09-17,0,0,0,0
Inventory_Test_25,2025-09-17,13072.0,11321.0,105.0,77.28
JTsang_AIB_25 · Purchases,2025-09-17,0,0,0,0
LSeyah_AIB_25 · Purchases,2025-09-17,0,0,0,0
YSodeaoka_AIB_25 · Purchases,2025-09-17,0,0,0,0
AiWeiwei_NVase_25 · Purchases,2025-09-16,0,0,0,0
AiWeiwei_NVase_25 · Sign-ups,2025-09-16,0,0,0,0
Art_Museums_Survey_25 · Form Submissions,2025-09-16,9036.0,8441.0,91.0,47.7
CleonPeter_Timed_25 · Sign-ups,2025-09-16,31585.0,29343.0,522.0,237.1
Eniwamura_Neojomon_25 · Enter draw,2025-09-16,0,0,0,0
GlennBrow_Two_25 · Sign-ups,2025-09-16,0,0,0,0
Inventory_Test_25,2025-09-16,0,0,0,0
JTsang_AIB_25 · Purchases,2025-09-16,0,0,0,0
LSeyah_AIB_25 · Purchases,2025-09-16,0,0,0,0
YSodeaoka_AIB_25 · Purchases,2025-09-16,0,0,0,0
AiWeiwei_NVase_25 · Purchases,2025-09-15,0,0,0,0
AiWeiwei_NVase_25 · Sign-ups,2025-09-15,0,0,0,0
Art_Museums_Survey_25 · Form Submissions,2025-09-15,15937.0,14370.0,168.0,59.64
CleonPeter_Timed_25 · Sign-ups,2025-09-15,22144.0,20734.0,404.0,182.88
Eniwamura_Neojomon_25 · Enter draw,2025-09-15,0,0,0,0
GlennBrow_Two_25 · Sign-ups,2025-09-15,0,0,0,0
Inventory_Test_25,2025-09-15,0,0,0,0
JTsang_AIB_25 · Purchases,2025-09-15,0,0,0,0
LSeyah_AIB_25 · Purchases,2025-09-15,0,0,0,0
YSodeaoka_AIB_25 · Purchases,2025-09-15,0,0,0,0
AiWeiwei_NVase_25 · Purchases,2025-09-14,0,0,0,0
AiWeiwei_NVase_25 · Sign-ups,2025-09-14,0,0,0,0
Art_Museums_Survey_25 · Form Submissions,2025-09-14,14158.0,12742.0,168.0,53.23
CleonPeter_Timed_25 · Sign-ups,2025-09-14,30007.0,28785.0,466.0,195.76
Eniwamura_Neojomon_25 · Enter draw,2025-09-14,0,0,0,0
GlennBrow_Two_25 · Sign-ups,2025-09-14,0,0,0,0
Inventory_Test_25,2025-09-14,0,0,0,0
JTsang_AIB_25 · Purchases,2025-09-14,0,0,0,0
LSeyah_AIB_25 · Purchases,2025-09-14,0,0,0,0
YSodeaoka_AIB_25 · Purchases,2025-09-14,0,0,0,0
AiWeiwei_NVase_25 · Purchases,2025-09-13,0,0,0,0
AiWeiwei_NVase_25 · Sign-ups,2025-09-13,0,0,0,0
Art_Museums_Survey_25 · Form Submissions,2025-09-13,11483.0,10134.0,155.0,49.64
CleonPeter_Timed_25 · Sign-ups,2025-09-13,21098.0,20282.0,332.0,142.12
Eniwamura_Neojomon_25 · Enter draw,2025-09-13,0,0,0,0
GlennBrow_Two_25 · Sign-ups,2025-09-13,0,0,0,0
Inventory_Test_25,2025-09-13,0,0,0,0
JTsang_AIB_25 · Purchases,2025-09-13,0,0,0,0
LSeyah_AIB_25 · Purchases,2025-09-13,0,0,0,0
YSodeaoka_AIB_25 · Purchases,2025-09-13,0,0,0,0
AiWeiwei_NVase_25 · Purchases,2025-09-12,0,0,0,0
AiWeiwei_NVase_25 · Sign-ups,2025-09-12,0,0,0,0
Art_Museums_Survey_25 · Form Submissions,2025-09-12,14546.0,13170.0,162.0,60.6
CleonPeter_Timed_25 · Sign-ups,2025-09-12,18733.0,17540.0,302.0,130.31
Eniwamura_Neojomon_25 · Enter draw,2025-09-12,0,0,0,0
GlennBrow_Two_25 · Sign-ups,2025-09-12,0,0,0,0
Inventory_Test_25,2025-09-12,0,0,0,0
JTsang_AIB_25 · Purchases,2025-09-12,864.0,837.0,14.0,8.61
LSeyah_AIB_25 · Purchases,2025-09-12,0,0,0,0
YSodeaoka_AIB_25 · Purchases,2025-09-12,0,0,0,0
AiWeiwei_NVase_25 · Purchases,2025-09-11,0,0,0,0
AiWeiwei_NVase_25 · Sign-ups,2025-09-11,0,0,0,0
Art_Museums_Survey_25 · Form Submissions,2025-09-11,7273.0,6749.0,90.0,28.43
CleonPeter_Timed_25 · Sign-ups,2025-09-11,21292.0,20357.0,286.0,134.84
Eniwamura_Neojomon_25 · Enter draw,2025-09-11,0,0,0,0
GlennBrow_Two_25 · Sign-ups,2025-09-11,0,0,0,0
Inventory_Test_25,2025-09-11,0,0,0,0
JTsang_AIB_25 · Purchases,2025-09-11,5060.0,4603.0,93.0,41.06
LSeyah_AIB_25 · Purchases,2025-09-11,0,0,0,0
YSodeaoka_AIB_25 · Purchases,2025-09-11,0,0,0,0
AiWeiwei_NVase_25 · Purchases,2025-09-10,0,0,0,0
AiWeiwei_NVase_25 · Sign-ups,2025-09-10,0,0,0,0
Art_Museums_Survey_25 · Form Submissions,2025-09-10,9053.0,7663.0,162.0,45.79
CleonPeter_Timed_25 · Sign-ups,2025-09-10,19812.0,18985.0,278.0,110.27
Eniwamura_Neojomon_25 · Enter draw,2025-09-10,0,0,0,0
GlennBrow_Two_25 · Sign-ups,2025-09-10,7487.0,6902.0,120.0,55.32
Inventory_Test_25,2025-09-10,0,0,0,0
JTsang_AIB_25 · Purchases,2025-09-10,6388.0,5985.0,135.0,64.39
LSeyah_AIB_25 · Purchases,2025-09-10,0,0,0,0
YSodeaoka_AIB_25 · Purchases,2025-09-10,0,0,0,0
AiWeiwei_NVase_25 · Purchases,2025-09-09,0,0,0,0
AiWeiwei_NVase_25 · Sign-ups,2025-09-09,0,0,0,0
Art_Museums_Survey_25 · Form Submissions,2025-09-09,10008.0,9006.0,138.0,37.7
CleonPeter_Timed_25 · Sign-ups,2025-09-09,18184.0,17683.0,261.0,104.94
Eniwamura_Neojomon_25 · Enter draw,2025-09-09,0,0,0,0
GlennBrow_Two_25 · Sign-ups,2025-09-09,10465.0,9654.0,190.0,81.48
Inventory_Test_25,2025-09-09,3743.0,2948.0,30.0,24.69
Inventory_Test_Q4_24,2025-09-09,0,0,0,0
JTsang_AIB_25 · Purchases,2025-09-09,6076.0,5788.0,144.0,59.27
LSeyah_AIB_25 · Purchases,2025-09-09,0,0,0,0
YSodeaoka_AIB_25 · Purchases,2025-09-09,0,0,0,0
AiWeiwei_NVase_25 · Purchases,2025-09-08,0,0,0,0
AiWeiwei_NVase_25 · Sign-ups,2025-09-08,0,0,0,0
CleonPeter_Timed_25 · Sign-ups,2025-09-08,18262.0,17772.0,276.0,106.88
Eniwamura_Neojomon_25 · Enter draw,2025-09-08,0,0,0,0
GlennBrow_Two_25 · Sign-ups,2025-09-08,12315.0,10952.0,213.0,86.51
Inventory_Test_25,2025-09-08,16103.0,11517.0,111.0,94.41
JTsang_AIB_25 · Purchases,2025-09-08,6705.0,6059.0,183.0,61.29
LSeyah_AIB_25 · Purchases,2025-09-08,0,0,0,0
YSodeaoka_AIB_25 · Purchases,2025-09-08,0,0,0,0
AiWeiwei_NVase_25 · Purchases,2025-09-07,0,0,0,0
AiWeiwei_NVase_25 · Sign-ups,2025-09-07,0,0,0,0
CleonPeter_Timed_25 · Sign-ups,2025-09-07,20081.0,19217.0,326.0,117.55
Eniwamura_Neojomon_25 · Enter draw,2025-09-07,0,0,0,0
GlennBrow_Two_25 · Sign-ups,2025-09-07,16262.0,14110.0,331.0,113.03
Inventory_Test_25,2025-09-07,17447.0,13518.0,210.0,132.63
Inventory_Test_Q4_24,2025-09-07,0,0,0,0
JTsang_AIB_25 · Purchases,2025-09-07,6925.0,6203.0,151.0,65.47
JohnsonTs_Rememb_25 · Enter draw,2025-09-07,0,0,0,0
LSeyah_AIB_25 · Purchases,2025-09-07,0,0,0,0
YSodeaoka_AIB_25 · Purchases,2025-09-07,0,0,0,0
AiWeiwei_NVase_25 · Purchases,2025-09-06,0,0,0,0
AiWeiwei_NVase_25 · Sign-ups,2025-09-06,0,0,0,0
CleonPeter_Timed_25 · Sign-ups,2025-09-06,16265.0,15737.0,217.0,96.9
Eniwamura_Neojomon_25 · Enter draw,2025-09-06,0,0,0,0
GlennBrow_Two_25 · Sign-ups,2025-09-06,11610.0,10984.0,288.0,104.31
Inventory_Test_25,2025-09-06,11546.0,9394.0,181.0,111.77
Inventory_Test_Q4_24,2025-09-06,0,0,0,0
JTsang_AIB_25 · Purchases,2025-09-06,5360.0,4707.0,142.0,60.48
JohnsonTs_Rememb_25 · Enter draw,2025-09-06,0,0,0,0
LSeyah_AIB_25 · Purchases,2025-09-06,0,0,0,0
YSodeaoka_AIB_25 · Purchases,2025-09-06,0,0,0,0
AiWeiwei_NVase_25 · Purchases,2025-09-05,0,0,0,0
AiWeiwei_NVase_25 · Sign-ups,2025-09-05,0,0,0,0
CleonPeter_Timed_25 · Sign-ups,2025-09-05,15608.0,14683.0,223.0,99.64
Eniwamura_Neojomon_25 · Enter draw,2025-09-05,0,0,0,0
GlennBrow_Two_25 · Sign-ups,2025-09-05,56215.0,49530.0,1011.0,426.39
Inventory_Test_25,2025-09-05,13243.0,10407.0,186.0,136.08
Inventory_Test_Q4_24,2025-09-05,0,0,0,0
JTsang_AIB_25 · Purchases,2025-09-05,5161.0,4274.0,150.0,58.77
LSeyah_AIB_25 · Purchases,2025-09-05,657.0,543.0,13.0,10.29
YSodeaoka_AIB_25 · Purchases,2025-09-05,0,0,0,0
AiWeiwei_NVase_25 · Purchases,2025-09-04,18949.0,17770.0,335.0,246.8
AiWeiwei_NVase_25 · Sign-ups,2025-09-04,0,0,0,0
CleonPeter_Timed_25 · Sign-ups,2025-09-04,11767.0,11084.0,195.0,80.96
Eniwamura_Neojomon_25 · Enter draw,2025-09-04,0,0,0,0
GlennBrow_Two_25 · Sign-ups,2025-09-04,31284.0,28788.0,381.0,208.11
Inventory_Test_25,2025-09-04,14937.0,11399.0,161.0,142.55
Inventory_Test_Q4_24,2025-09-04,0,0,0,0
JTsang_AIB_25 · Purchases,2025-09-04,1677.0,1512.0,60.0,15.98
JohnsonTs_Rememb_25 · Enter draw,2025-09-04,0,0,0,0
LSeyah_AIB_25 · Purchases,2025-09-04,1487.0,1274.0,29.0,19.8
YSodeaoka_AIB_25 · Purchases,2025-09-04,1184.0,1066.0,15.0,10.83
AiWeiwei_NVase_25 · Purchases,2025-09-03,96085.0,88164.0,1415.0,935.06
AiWeiwei_NVase_25 · Sign-ups,2025-09-03,0,0,0,0
CleonPeter_Timed_25 · Sign-ups,2025-09-03,12765.0,12002.0,214.0,81.98
Eniwamura_Neojomon_25 · Enter draw,2025-09-03,0,0,0,0
Inventory_Test_25,2025-09-03,16961.0,13259.0,155.0,133.14
Inventory_Test_Q4_24,2025-09-03,0,0,0,0
JohnsonTs_Rememb_25 · Enter draw,2025-09-03,0,0,0,0
LSeyah_AIB_25 · Purchases,2025-09-03,3.0,3.0,0,0
YSodeaoka_AIB_25 · Purchases,2025-09-03,3702.0,3248.0,40.0,31.43
AiWeiwei_NVase_25 · Purchases,2025-09-02,37383.0,33910.0,580.0,436.45
AiWeiwei_NVase_25 · Sign-ups,2025-09-02,0,0,0,0
CleonPeter_Timed_25 · Sign-ups,2025-09-02,13363.0,12755.0,202.0,90.2
Eniwamura_Neojomon_25 · Enter draw,2025-09-02,0,0,0,0
Inventory_Test_25,2025-09-02,19751.0,14166.0,183.0,124.41
Inventory_Test_Q4_24,2025-09-02,0,0,0,0
JohnsonTs_Rememb_25 · Enter draw,2025-09-02,0,0,0,0
LSeyah_AIB_25 · Purchases,2025-09-02,15269.0,14352.0,90.0,101.03
YSodeaoka_AIB_25 · Purchases,2025-09-02,6560.0,5533.0,60.0,56.14
AiWeiwei_NVase_25 · Purchases,2025-09-01,70053.0,65458.0,1107.0,773.63
AiWeiwei_NVase_25 · Sign-ups,2025-09-01,0,0,0,0
CleonPeter_Timed_25 · Sign-ups,2025-09-01,13672.0,12900.0,203.0,90.19
Eniwamura_Neojomon_25 · Enter draw,2025-09-01,0,0,0,0
Inventory_Test_25,2025-09-01,21124.0,15719.0,184.0,128.32
Inventory_Test_Q4_24,2025-09-01,0,0,0,0
JohnsonTs_Rememb_25 · Enter draw,2025-09-01,0,0,0,0
YSodeaoka_AIB_25 · Purchases,2025-09-01,9193.0,8278.0,120.0,61.79
AiWeiwei_NVase_25 · Purchases,2025-08-31,64631.0,59669.0,1006.0,721.39
AiWeiwei_NVase_25 · Sign-ups,2025-08-31,0,0,0,0
CleonPeter_Timed_25 · Sign-ups,2025-08-31,13804.0,13021.0,217.0,92.91
Eniwamura_Neojomon_25 · Enter draw,2025-08-31,0,0,0,0
Inventory_Test_25,2025-08-31,16508.0,12990.0,178.0,132.54
Inventory_Test_Q4_24,2025-08-31,0,0,0,0
JohnsonTs_Rememb_25 · Enter draw,2025-08-31,0,0,0,0
JustinO_AIB_25 · Purchases,2025-08-31,0,0,0,0
YSodeaoka_AIB_25 · Purchases,2025-08-31,6200.0,5439.0,103.0,60.81
AiWeiwei_NVase_25 · Purchases,2025-08-30,51148.0,46176.0,868.0,596.77
AiWeiwei_NVase_25 · Sign-ups,2025-08-30,0,0,0,0
CleonPeter_Timed_25 · Sign-ups,2025-08-30,11515.0,10765.0,195.0,97.84
Eniwamura_Neojomon_25 · Enter draw,2025-08-30,0,0,0,0
Inventory_Test_25,2025-08-30,14680.0,11552.0,158.0,128.57
Inventory_Test_Q4_24,2025-08-30,0,0,0,0
JohnsonTs_Rememb_25 · Enter draw,2025-08-30,0,0,0,0
TObata_AIB_25 · Purchases,2025-08-30,0,0,0,0
YSodeaoka_AIB_25 · Purchases,2025-08-30,6274.0,5174.0,101.0,56.14
AiWeiwei_NVase_25 · Purchases,2025-08-29,53555.0,50688.0,812.0,590.75
AiWeiwei_NVase_25 · Sign-ups,2025-08-29,0,0,0,0
CleonPeter_Timed_25 · Sign-ups,2025-08-29,17745.0,17412.0,247.0,122.13
Eniwamura_Neojomon_25 · Enter draw,2025-08-29,0,0,0,0
Inventory_Test_25,2025-08-29,10908.0,8975.0,139.0,111.71
Inventory_Test_Q4_24,2025-08-29,0,0,0,0
JohnsonTs_Rememb_25 · Enter draw,2025-08-29,0,0,0,0
JustinO_AIB_25 · Purchases,2025-08-29,0,0,0,0
TObata_AIB_25 · Purchases,2025-08-29,0,0,0,0
YSodeaoka_AIB_25 · Purchases,2025-08-29,5660.0,4636.0,109.0,52.42
AiWeiwei_NVase_25 · Purchases,2025-08-28,55885.0,53531.0,737.0,504.14
AiWeiwei_NVase_25 · Sign-ups,2025-08-28,56776.0,54936.0,1171.0,554.0
CleonPeter_Timed_25 · Sign-ups,2025-08-28,27974.0,26503.0,363.0,169.64
Eniwamura_Neojomon_25 · Enter draw,2025-08-28,0,0,0,0
Inventory_Test_25,2025-08-28,16434.0,13034.0,192.0,130.45
Inventory_Test_Q4_24,2025-08-28,0,0,0,0
JohnsonTs_Rememb_25 · Enter draw,2025-08-28,0,0,0,0
JustinO_AIB_25 · Purchases,2025-08-28,0,0,0,0
PietParra_Dip_25 · Purchases,2025-08-28,0,0,0,0
TObata_AIB_25 · Purchases,2025-08-28,0,0,0,0
YSodeaoka_AIB_25 · Purchases,2025-08-28,4098.0,3795.0,37.0,27.02
AiWeiwei_NVase_25 · Sign-ups,2025-08-27,276147.0,265907.0,4657.0,1980.25
CleonPeter_Timed_25 · Sign-ups,2025-08-27,30906.0,29615.0,400.0,202.84
Eniwamura_Neojomon_25 · Enter draw,2025-08-27,43815.0,41596.0,550.0,270.06
Inventory_Test_25,2025-08-27,24062.0,18577.0,218.0,141.15
Inventory_Test_Q4_24,2025-08-27,0,0,0,0
JohnsonTs_Rememb_25 · Enter draw,2025-08-27,0,0,0,0
JustinO_AIB_25 · Purchases,2025-08-27,0,0,0,0
PietParra_Dip_25 · Purchases,2025-08-27,0,0,0,0
TObata_AIB_25 · Purchases,2025-08-27,0,0,0,0
AiWeiwei_NVase_25 · Sign-ups,2025-08-26,265430.0,254565.0,4565.0,1938.19
CleonPeter_Timed_25 · Sign-ups,2025-08-26,44809.0,41215.0,648.0,283.88
DavidC_AIB_25 · Purchases,2025-08-26,0,0,0,0
Eniwamura_Neojomon_25 · Enter draw,2025-08-26,144553.0,134155.0,1767.0,814.39
Inventory_Test_25,2025-08-26,22971.0,17984.0,219.0,131.63
Inventory_Test_Q4_24,2025-08-26,0,0,0,0
JohnsonTs_Rememb_25 · Enter draw,2025-08-26,0,0,0,0
JustinO_AIB_25 · Purchases,2025-08-26,0,0,0,0
PietParra_Dip_25 · Purchases,2025-08-26,0,0,0,0
SHong_AIB_25 · Purchases,2025-08-26,0,0,0,0
TObata_AIB_25 · Purchases,2025-08-26,0,0,0,0
AiWeiwei_NVase_25 · Sign-ups,2025-08-25,233206.0,221969.0,4411.0,1936.47
CleonPeter_Timed_25 · Sign-ups,2025-08-25,56527.0,52986.0,822.0,358.07
DavidC_AIB_25 · Purchases,2025-08-25,0,0,0,0
Eniwamura_Neojomon_25 · Enter draw,2025-08-25,120037.0,110809.0,1490.0,773.42
Inventory_Test_25,2025-08-25,15990.0,13175.0,179.0,102.25
Inventory_Test_Q4_24,2025-08-25,0,0,0,0
JamesJarv_HangInThe_25 · Enter draw,2025-08-25,0,0,0,0
JohnsonTs_Rememb_25 · Enter draw,2025-08-25,0,0,0,0
JustinO_AIB_25 · Purchases,2025-08-25,0,0,0,0
PietParra_Dip_25 · Purchases,2025-08-25,0,0,0,0
PietParra_Dip_25 · Sign-ups,2025-08-25,0,0,0,0
SHong_AIB_25 · Purchases,2025-08-25,0,0,0,0
TObata_AIB_25 · Purchases,2025-08-25,0,0,0,0
AiWeiwei_NVase_25 · Sign-ups,2025-08-24,338455.0,324668.0,6857.0,2984.48
CleonPeter_Timed_25 · Sign-ups,2025-08-24,70586.0,65062.0,1107.0,462.88
DavidC_AIB_25 · Purchases,2025-08-24,0,0,0,0
Eniwamura_Neojomon_25 · Enter draw,2025-08-24,81994.0,75288.0,1295.0,618.0
Inventory_Test_25,2025-08-24,13509.0,11291.0,178.0,115.08
Inventory_Test_Q4_24,2025-08-24,0,0,0,0
JamesJarv_HangInThe_25 · Enter draw,2025-08-24,0,0,0,0
JohnsonTs_Rememb_25 · Enter draw,2025-08-24,0,0,0,0
JustinO_AIB_25 · Purchases,2025-08-24,0,0,0,0
PietParra_Dip_25 · Purchases,2025-08-24,0,0,0,0
SHong_AIB_25 · Purchases,2025-08-24,0,0,0,0
TObata_AIB_25 · Purchases,2025-08-24,0,0,0,0
AiWeiwei_NVase_25 · Sign-ups,2025-08-23,318790.0,301357.0,6175.0,2850.22
CleonPeter_Timed_25 · Sign-ups,2025-08-23,36524.0,34674.0,564.0,248.42
DavidC_AIB_25 · Purchases,2025-08-23,0,0,0,0
Eniwamura_Neojomon_25 · Enter draw,2025-08-23,50108.0,45565.0,895.0,430.11
Inventory_Test_25,2025-08-23,12583.0,10686.0,201.0,105.72
Inventory_Test_Q4_24,2025-08-23,0,0,0,0
JamesJarv_HangInThe_25 · Enter draw,2025-08-23,0,0,0,0
JohnsonTs_Rememb_25 · Enter draw,2025-08-23,0,0,0,0
JustinO_AIB_25 · Purchases,2025-08-23,0,0,0,0
PietParra_Dip_25 · Purchases,2025-08-23,0,0,0,0
PietParra_Dip_25 · Sign-ups,2025-08-23,0,0,0,0
SHong_AIB_25 · Purchases,2025-08-23,0,0,0,0
TObata_AIB_25 · Purchases,2025-08-23,0,0,0,0
AiWeiwei_NVase_25 · Sign-ups,2025-08-22,331697.0,311363.0,6631.0,2826.46
CarrieMae_TL_25 · Purchases,2025-08-22,0,0,0,0
CleonPeter_Timed_25 · Sign-ups,2025-08-22,83142.0,74550.0,1275.0,586.81
DavidC_AIB_25 · Purchases,2025-08-22,0,0,0,0
Eniwamura_Neojomon_25 · Enter draw,2025-08-22,50801.0,46265.0,800.0,400.05
Inventory_Test_25,2025-08-22,16698.0,13076.0,164.0,103.01
Inventory_Test_Q4_24,2025-08-22,0,0,0,0
JamesJarv_HangInThe_25 · Enter draw,2025-08-22,0,0,0,0
JohnsonTs_Rememb_25 · Enter draw,2025-08-22,0,0,0,0
JustinO_AIB_25 · Purchases,2025-08-22,0,0,0,0
PietParra_Dip_25 · Purchases,2025-08-22,0,0,0,0
PietParra_Dip_25 · Sign-ups,2025-08-22,0,0,0,0
SHong_AIB_25 · Purchases,2025-08-22,0,0,0,0
TObata_AIB_25 · Purchases,2025-08-22,0,0,0,0
AiWeiwei_NVase_25 · Sign-ups,2025-08-21,338350.0,319573.0,7049.0,2538.52
CarrieMae_TL_25 · Purchases,2025-08-21,0,0,0,0
CleonPeter_Timed_25 · Sign-ups,2025-08-21,95288.0,84000.0,1347.0,532.06
DavidC_AIB_25 · Purchases,2025-08-21,0,0,0,0
Eniwamura_Neojomon_25 · Enter draw,2025-08-21,60096.0,53882.0,962.0,462.87
Inventory_Test_25,2025-08-21,15571.0,12507.0,216.0,105.32
Inventory_Test_Q4_24,2025-08-21,0,0,0,0
JamesJarv_HangInThe_25 · Enter draw,2025-08-21,0,0,0,0
JohnsonTs_Rememb_25 · Enter draw,2025-08-21,0,0,0,0
JustinO_AIB_25 · Purchases,2025-08-21,0,0,0,0
PietParra_Dip_25 · Purchases,2025-08-21,0,0,0,0
PietParra_Dip_25 · Sign-ups,2025-08-21,0,0,0,0
SHong_AIB_25 · Purchases,2025-08-21,0,0,0,0
TObata_AIB_25 · Purchases,2025-08-21,0,0,0,0
AiWeiwei_NVase_25 · Sign-ups,2025-08-20,361492.0,335438.0,7753.0,2322.99
CarrieMae_TL_25 · Purchases,2025-08-20,0,0,0,0
CarrieMae_TL_25 · Sign-ups,2025-08-20,0,0,0,0
CleonPeter_Timed_25 · Sign-ups,2025-08-20,19179.0,17879.0,239.0,93.65
DavidC_AIB_25 · Purchases,2025-08-20,0,0,0,0
Eniwamura_Neojomon_25 · Enter draw,2025-08-20,90737.0,79914.0,1399.0,618.6
Inventory_Test_25,2025-08-20,17396.0,14369.0,250.0,118.69
Inventory_Test_Q4_24,2025-08-20,0,0,0,0
JamesJarv_HangInThe_25 · Enter draw,2025-08-20,0,0,0,0
JohnsonTs_Rememb_25 · Enter draw,2025-08-20,0,0,0,0
JustinO_AIB_25 · Purchases,2025-08-20,0,0,0,0
PietParra_Dip_25 · Purchases,2025-08-20,0,0,0,0
PietParra_Dip_25 · Sign-ups,2025-08-20,0,0,0,0
SHong_AIB_25 · Purchases,2025-08-20,0,0,0,0
TObata_AIB_25 · Purchases,2025-08-20,0,0,0,0
AiWeiwei_NVase_25 · Sign-ups,2025-08-19,144547.0,136653.0,2193.0,842.22
CarrieMae_TL_25 · Purchases,2025-08-19,0,0,0,0
CarrieMae_TL_25 · Sign-ups,2025-08-19,0,0,0,0
DavidC_AIB_25 · Purchases,2025-08-19,0,0,0,0
Eniwamura_Neojomon_25 · Enter draw,2025-08-19,57870.0,53499.0,476.0,282.85
Inventory_Test_25,2025-08-19,17681.0,16503.0,99.0,65.71
Inventory_Test_Q4_24,2025-08-19,0,0,0,0
JamesJarv_HangInThe_25 · Enter draw,2025-08-19,0,0,0,0
JohnsonTs_Rememb_25 · Enter draw,2025-08-19,0,0,0,0
JustinO_AIB_25 · Purchases,2025-08-19,0,0,0,0
PietParra_Dip_25 · Purchases,2025-08-19,0,0,0,0
PietParra_Dip_25 · Sign-ups,2025-08-19,0,0,0,0
SHong_AIB_25 · Purchases,2025-08-19,0,0,0,0
TObata_AIB_25 · Purchases,2025-08-19,0,0,0,0
AiWeiwei_NVase_25 · Sign-ups,2025-08-18,182954.0,170841.0,4194.0,1336.31
CarrieMae_TL_25 · Purchases,2025-08-18,0,0,0,0
CarrieMae_TL_25 · Sign-ups,2025-08-18,0,0,0,0
DavidC_AIB_25 · Purchases,2025-08-18,0,0,0,0
Eniwamura_Neojomon_25 · Enter draw,2025-08-18,14278.0,12380.0,210.0,108.43
Inventory_Test_25,2025-08-18,4987.0,4258.0,73.0,39.97
Inventory_Test_Q4_24,2025-08-18,0,0,0,0
JamesJarv_HangInThe_25 · Enter draw,2025-08-18,0,0,0,0
JohnsonTs_Rememb_25 · Enter draw,2025-08-18,0,0,0,0
JustinO_AIB_25 · Purchases,2025-08-18,0,0,0,0
PietParra_Dip_25 · Purchases,2025-08-18,0,0,0,0
PietParra_Dip_25 · Sign-ups,2025-08-18,0,0,0,0
SHong_AIB_25 · Purchases,2025-08-18,0,0,0,0
TObata_AIB_25 · Purchases,2025-08-18,0,0,0,0
AiWeiwei_NVase_25 · Sign-ups,2025-08-17,288176.0,268016.0,7746.0,2171.57
CarrieMae_TL_25 · Purchases,2025-08-17,0,0,0,0
CarrieMae_TL_25 · Sign-ups,2025-08-17,0,0,0,0
DavidC_AIB_25 · Purchases,2025-08-17,0,0,0,0
Eniwamura_Neojomon_25 · Enter draw,2025-08-17,24221.0,21442.0,401.0,207.83
Inventory_Test_25,2025-08-17,7894.0,6696.0,126.0,75.84
Inventory_Test_Q4_24,2025-08-17,0,0,0,0
JamesJarv_HangInThe_25 · Enter draw,2025-08-17,0,0,0,0
JohnsonTs_Rememb_25 · Enter draw,2025-08-17,0,0,0,0
JustinO_AIB_25 · Purchases,2025-08-17,0,0,0,0
PietParra_Dip_25 · Purchases,2025-08-17,0,0,0,0
PietParra_Dip_25 · Sign-ups,2025-08-17,0,0,0,0
SHong_AIB_25 · Purchases,2025-08-17,0,0,0,0
TObata_AIB_25 · Purchases,2025-08-17,0,0,0,0
AiWeiwei_NVase_25 · Sign-ups,2025-08-16,123217.0,118150.0,3379.0,833.32
CarrieMae_TL_25 · Purchases,2025-08-16,0,0,0,0
CarrieMae_TL_25 · Sign-ups,2025-08-16,0,0,0,0
DavidC_AIB_25 · Purchases,2025-08-16,0,0,0,0
Eniwamura_Neojomon_25 · Enter draw,2025-08-16,22546.0,19054.0,456.0,195.98
Inventory_Test_25,2025-08-16,10612.0,8834.0,162.0,86.92
Inventory_Test_Q4_24,2025-08-16,0,0,0,0
JamesJarv_HangInThe_25 · Enter draw,2025-08-16,0,0,0,0
JohnsonTs_Rememb_25 · Enter draw,2025-08-16,0,0,0,0
JustinO_AIB_25 · Purchases,2025-08-16,0,0,0,0
LucianFre_TL_25 · Purchases,2025-08-16,0,0,0,0
PietParra_Dip_25 · Purchases,2025-08-16,0,0,0,0
PietParra_Dip_25 · Sign-ups,2025-08-16,0,0,0,0
SHong_AIB_25 · Purchases,2025-08-16,0,0,0,0
TObata_AIB_25 · Purchases,2025-08-16,0,0,0,0
CarrieMae_TL_25 · Purchases,2025-08-15,0,0,0,0
CarrieMae_TL_25 · Sign-ups,2025-08-15,0,0,0,0
DavidC_AIB_25 · Purchases,2025-08-15,0,0,0,0
Eniwamura_Neojomon_25 · Enter draw,2025-08-15,27420.0,22697.0,346.0,165.68
Inventory_Test_25,2025-08-15,11370.0,9736.0,110.0,73.49
Inventory_Test_Q4_24,2025-08-15,10258.0,8557.0,42.0,33.37
JamesJarv_HangInThe_25 · Enter draw,2025-08-15,0,0,0,0
JohnsonTs_Rememb_25 · Enter draw,2025-08-15,0,0,0,0
JustinO_AIB_25 · Purchases,2025-08-15,0,0,0,0
LucianFre_TL_25 · Purchases,2025-08-15,0,0,0,0
PietParra_Dip_25 · Purchases,2025-08-15,0,0,0,0
PietParra_Dip_25 · Sign-ups,2025-08-15,0,0,0,0
SHong_AIB_25 · Purchases,2025-08-15,0,0,0,0
TObata_AIB_25 · Purchases,2025-08-15,0,0,0,0
CarrieMae_TL_25 · Purchases,2025-08-14,0,0,0,0
CarrieMae_TL_25 · Sign-ups,2025-08-14,0,0,0,0
DavidC_AIB_25 · Purchases,2025-08-14,0,0,0,0
Eniwamura_Neojomon_25 · Enter draw,2025-08-14,14354.0,12113.0,326.0,102.78
Inventory_Test_25,2025-08-14,10447.0,9559.0,84.0,58.23
Inventory_Test_Q4_24,2025-08-14,0,0,0,0
JamesJarv_HangInThe_25 · Enter draw,2025-08-14,0,0,0,0
JohnsonTs_Rememb_25 · Enter draw,2025-08-14,0,0,0,0
JustinO_AIB_25 · Purchases,2025-08-14,0,0,0,0
LucianFre_TL_25 · Purchases,2025-08-14,0,0,0,0
LucianFre_TL_25 · Sign-ups,2025-08-14,0,0,0,0
PietParra_Dip_25 · Purchases,2025-08-14,0,0,0,0
PietParra_Dip_25 · Sign-ups,2025-08-14,0,0,0,0
SHong_AIB_25 · Purchases,2025-08-14,0,0,0,0
TObata_AIB_25 · Purchases,2025-08-14,0,0,0,0
CarrieMae_TL_25 · Purchases,2025-08-13,0,0,0,0
CarrieMae_TL_25 · Sign-ups,2025-08-13,0,0,0,0
DavidC_AIB_25 · Purchases,2025-08-13,0,0,0,0
Eniwamura_Neojomon_25 · Enter draw,2025-08-13,29485.0,25262.0,833.0,252.93
GabrielleG_AIB_25 · Purchases,2025-08-13,0,0,0,0
Inventory_Test_Q4_24,2025-08-13,0,0,0,0
JamesJarv_HangInThe_25 · Enter draw,2025-08-13,0,0,0,0
JohnsonTs_Rememb_25 · Enter draw,2025-08-13,0,0,0,0
JustinO_AIB_25 · Purchases,2025-08-13,0,0,0,0
LucianFre_TL_25 · Purchases,2025-08-13,0,0,0,0
LucianFre_TL_25 · Sign-ups,2025-08-13,0,0,0,0
PietParra_Dip_25 · Purchases,2025-08-13,0,0,0,0
PietParra_Dip_25 · Sign-ups,2025-08-13,0,0,0,0
SHong_AIB_25 · Purchases,2025-08-13,0,0,0,0
TObata_AIB_25 · Purchases,2025-08-13,0,0,0,0
CarrieMae_TL_25 · Purchases,2025-08-12,0,0,0,0
CarrieMae_TL_25 · Sign-ups,2025-08-12,0,0,0,0
DavidC_AIB_25 · Purchases,2025-08-12,0,0,0,0
Eniwamura_Neojomon_25 · Enter draw,2025-08-12,23296.0,20190.0,523.0,192.93
GabrielleG_AIB_25 · Purchases,2025-08-12,0,0,0,0
Inventory_Test_Q4_24,2025-08-12,0,0,0,0
JamesJarv_HangInThe_25 · Enter draw,2025-08-12,0,0,0,0
JohnsonTs_Rememb_25 · Enter draw,2025-08-12,7844.0,7260.0,50.0,53.41
JustinO_AIB_25 · Purchases,2025-08-12,0,0,0,0
LucianFre_TL_25 · Purchases,2025-08-12,0,0,0,0
LucianFre_TL_25 · Sign-ups,2025-08-12,0,0,0,0
PietParra_Dip_25 · Purchases,2025-08-12,0,0,0,0
PietParra_Dip_25 · Sign-ups,2025-08-12,0,0,0,0
SHong_AIB_25 · Purchases,2025-08-12,0,0,0,0
TObata_AIB_25 · Purchases,2025-08-12,0,0,0,0
CarrieMae_TL_25 · Purchases,2025-08-11,0,0,0,0
CarrieMae_TL_25 · Sign-ups,2025-08-11,0,0,0,0
DavidC_AIB_25 · Purchases,2025-08-11,0,0,0,0
GabrielleG_AIB_25 · Purchases,2025-08-11,0,0,0,0
Inventory_Test_Q4_24,2025-08-11,666.0,543.0,14.0,7.92
JamesJarv_HangInThe_25 · Enter draw,2025-08-11,0,0,0,0
JohnsonTs_Rememb_25 · Enter draw,2025-08-11,24529.0,21826.0,224.0,157.67
JustinO_AIB_25 · Purchases,2025-08-11,0,0,0,0
LucianFre_TL_25 · Purchases,2025-08-11,0,0,0,0
LucianFre_TL_25 · Sign-ups,2025-08-11,0,0,0,0
PietParra_Dip_25 · Purchases,2025-08-11,0,0,0,0
PietParra_Dip_25 · Sign-ups,2025-08-11,0,0,0,0
SHong_AIB_25 · Purchases,2025-08-11,0,0,0,0
TObata_AIB_25 · Purchases,2025-08-11,0,0,0,0
CarrieMae_TL_25 · Purchases,2025-08-10,0,0,0,0
CarrieMae_TL_25 · Sign-ups,2025-08-10,0,0,0,0
DavidC_AIB_25 · Purchases,2025-08-10,0,0,0,0
GabrielleG_AIB_25 · Purchases,2025-08-10,0,0,0,0
Inventory_Test_Q4_24,2025-08-10,6184.0,4675.0,57.0,45.36
JamesJarv_HangInThe_25 · Enter draw,2025-08-10,0,0,0,0
JohnsonTs_Rememb_25 · Enter draw,2025-08-10,21411.0,19340.0,212.0,157.83
JustinO_AIB_25 · Purchases,2025-08-10,0,0,0,0
LucianFre_TL_25 · Purchases,2025-08-10,0,0,0,0
LucianFre_TL_25 · Sign-ups,2025-08-10,0,0,0,0
PietParra_Dip_25 · Purchases,2025-08-10,0,0,0,0
PietParra_Dip_25 · Sign-ups,2025-08-10,0,0,0,0
SHong_AIB_25 · Purchases,2025-08-10,0,0,0,0
TObata_AIB_25 · Purchases,2025-08-10,0,0,0,0
CarrieMae_TL_25 · Purchases,2025-08-09,0,0,0,0
CarrieMae_TL_25 · Sign-ups,2025-08-09,0,0,0,0
DavidC_AIB_25 · Purchases,2025-08-09,0,0,0,0
GabrielleG_AIB_25 · Purchases,2025-08-09,0,0,0,0
Inventory_Test_Q4_24,2025-08-09,10372.0,8549.0,117.0,67.57
JamesJarv_HangInThe_25 · Enter draw,2025-08-09,0,0,0,0
JohnsonTs_Rememb_25 · Enter draw,2025-08-09,17793.0,16172.0,181.0,140.98
JustinO_AIB_25 · Purchases,2025-08-09,0,0,0,0
LucianFre_TL_25 · Purchases,2025-08-09,0,0,0,0
LucianFre_TL_25 · Sign-ups,2025-08-09,0,0,0,0
PietParra_Dip_25 · Purchases,2025-08-09,0,0,0,0
PietParra_Dip_25 · Sign-ups,2025-08-09,0,0,0,0
SHong_AIB_25 · Purchases,2025-08-09,0,0,0,0
TObata_AIB_25 · Purchases,2025-08-09,0,0,0,0
CarrieMae_TL_25 · Purchases,2025-08-08,0,0,0,0
CarrieMae_TL_25 · Sign-ups,2025-08-08,0,0,0,0
DavidC_AIB_25 · Purchases,2025-08-08,0,0,0,0
GabrielleG_AIB_25 · Purchases,2025-08-08,0,0,0,0
Inventory_Test_Q4_24,2025-08-08,16519.0,14305.0,88.0,69.36
JamesJarv_HangInThe_25 · Enter draw,2025-08-08,0,0,0,0
JohnsonTs_Rememb_25 · Enter draw,2025-08-08,32906.0,26529.0,217.0,161.02
JustinO_AIB_25 · Purchases,2025-08-08,0,0,0,0
LucianFre_TL_25 · Purchases,2025-08-08,0,0,0,0
LucianFre_TL_25 · Sign-ups,2025-08-08,0,0,0,0
PietParra_Dip_25 · Purchases,2025-08-08,0,0,0,0
PietParra_Dip_25 · Sign-ups,2025-08-08,0,0,0,0
SHong_AIB_25 · Purchases,2025-08-08,0,0,0,0
TObata_AIB_25 · Purchases,2025-08-08,0,0,0,0
CarrieMae_TL_25 · Purchases,2025-08-07,0,0,0,0
CarrieMae_TL_25 · Sign-ups,2025-08-07,0,0,0,0
DavidC_AIB_25 · Purchases,2025-08-07,0,0,0,0
GabrielleG_AIB_25 · Purchases,2025-08-07,0,0,0,0
JamesJarv_HangInThe_25 · Enter draw,2025-08-07,0,0,0,0
JohnsonTs_Rememb_25 · Enter draw,2025-08-07,35869.0,30605.0,273.0,202.3
JustinO_AIB_25 · Purchases,2025-08-07,0,0,0,0
LucianFre_TL_25 · Purchases,2025-08-07,0,0,0,0
LucianFre_TL_25 · Sign-ups,2025-08-07,0,0,0,0
PietParra_Dip_25 · Purchases,2025-08-07,0,0,0,0
PietParra_Dip_25 · Sign-ups,2025-08-07,0,0,0,0
SHong_AIB_25 · Purchases,2025-08-07,0,0,0,0
TObata_AIB_25 · Purchases,2025-08-07,0,0,0,0
CarrieMae_TL_25 · Purchases,2025-08-06,0,0,0,0
CarrieMae_TL_25 · Sign-ups,2025-08-06,0,0,0,0
DavidC_AIB_25 · Purchases,2025-08-06,0,0,0,0
GabrielleG_AIB_25 · Purchases,2025-08-06,0,0,0,0
JamesJarv_HangInThe_25 · Enter draw,2025-08-06,0,0,0,0
JohnsonTs_Rememb_25 · Enter draw,2025-08-06,40025.0,33500.0,304.0,208.99
JustinO_AIB_25 · Purchases,2025-08-06,0,0,0,0
LucianFre_TL_25 · Purchases,2025-08-06,0,0,0,0
LucianFre_TL_25 · Sign-ups,2025-08-06,0,0,0,0
PietParra_Dip_25 · Purchases,2025-08-06,0,0,0,0
PietParra_Dip_25 · Sign-ups,2025-08-06,0,0,0,0
SHong_AIB_25 · Purchases,2025-08-06,0,0,0,0
TObata_AIB_25 · Purchases,2025-08-06,0,0,0,0
CarrieMae_TL_25 · Purchases,2025-08-05,0,0,0,0
CarrieMae_TL_25 · Sign-ups,2025-08-05,0,0,0,0
DavidC_AIB_25 · Purchases,2025-08-05,0,0,0,0
GabrielleG_AIB_25 · Purchases,2025-08-05,0,0,0,0
JamesJarv_HangInThe_25 · Enter draw,2025-08-05,0,0,0,0
JohnsonTs_Rememb_25 · Enter draw,2025-08-05,29933.0,26028.0,295.0,187.57
JustinO_AIB_25 · Purchases,2025-08-05,0,0,0,0
LucianFre_TL_25 · Purchases,2025-08-05,0,0,0,0
LucianFre_TL_25 · Sign-ups,2025-08-05,0,0,0,0
PietParra_Dip_25 · Purchases,2025-08-05,0,0,0,0
PietParra_Dip_25 · Sign-ups,2025-08-05,0,0,0,0
SHong_AIB_25 · Purchases,2025-08-05,0,0,0,0
TObata_AIB_25 · Purchases,2025-08-05,0,0,0,0
CarrieMae_TL_25 · Purchases,2025-08-04,0,0,0,0
CarrieMae_TL_25 · Sign-ups,2025-08-04,0,0,0,0
DavidC_AIB_25 · Purchases,2025-08-04,0,0,0,0
GabrielleG_AIB_25 · Purchases,2025-08-04,0,0,0,0
JamesJarv_HangInThe_25 · Enter draw,2025-08-04,0,0,0,0
JohnsonTs_Rememb_25 · Enter draw,2025-08-04,37692.0,32659.0,355.0,205.92
JustinO_AIB_25 · Purchases,2025-08-04,0,0,0,0
LucianFre_TL_25 · Purchases,2025-08-04,0,0,0,0
LucianFre_TL_25 · Sign-ups,2025-08-04,0,0,0,0
PietParra_Dip_25 · Purchases,2025-08-04,0,0,0,0
PietParra_Dip_25 · Sign-ups,2025-08-04,0,0,0,0
SHong_AIB_25 · Purchases,2025-08-04,0,0,0,0
TObata_AIB_25 · Purchases,2025-08-04,0,0,0,0
CarrieMae_TL_25 · Purchases,2025-08-03,0,0,0,0
CarrieMae_TL_25 · Sign-ups,2025-08-03,0,0,0,0
DavidC_AIB_25 · Purchases,2025-08-03,0,0,0,0
GabrielleG_AIB_25 · Purchases,2025-08-03,0,0,0,0
JamesJarv_HangInThe_25 · Enter draw,2025-08-03,0,0,0,0
JohnsonTs_Rememb_25 · Enter draw,2025-08-03,27090.0,25119.0,375.0,194.48
JustinO_AIB_25 · Purchases,2025-08-03,568.0,547.0,11.0,5.69
LucianFre_TL_25 · Purchases,2025-08-03,0,0,0,0
LucianFre_TL_25 · Sign-ups,2025-08-03,0,0,0,0
PietParra_Dip_25 · Purchases,2025-08-03,0,0,0,0
PietParra_Dip_25 · Sign-ups,2025-08-03,0,0,0,0
SHong_AIB_25 · Purchases,2025-08-03,0,0,0,0
TObata_AIB_25 · Purchases,2025-08-03,0,0,0,0
CarrieMae_TL_25 · Purchases,2025-08-02,0,0,0,0
CarrieMae_TL_25 · Sign-ups,2025-08-02,0,0,0,0
DavidC_AIB_25 · Purchases,2025-08-02,0,0,0,0
GabrielleG_AIB_25 · Purchases,2025-08-02,0,0,0,0
JamesJarv_HangInThe_25 · Enter draw,2025-08-02,0,0,0,0
JohnsonTs_Rememb_25 · Enter draw,2025-08-02,29743.0,26975.0,462.0,212.38
JustinO_AIB_25 · Purchases,2025-08-02,2313.0,2153.0,46.0,17.33
LucianFre_TL_25 · Purchases,2025-08-02,0,0,0,0
LucianFre_TL_25 · Sign-ups,2025-08-02,0,0,0,0
PietParra_Dip_25 · Purchases,2025-08-02,0,0,0,0
PietParra_Dip_25 · Sign-ups,2025-08-02,0,0,0,0
SHong_AIB_25 · Purchases,2025-08-02,0,0,0,0
TObata_AIB_25 · Purchases,2025-08-02,3193.0,2656.0,61.0,22.31
CarrieMae_TL_25 · Purchases,2025-08-01,0,0,0,0
CarrieMae_TL_25 · Sign-ups,2025-08-01,0,0,0,0
DavidC_AIB_25 · Purchases,2025-08-01,0,0,0,0
FelipePan_TL_25 · Purchases,2025-08-01,0,0,0,0
GabrielleG_AIB_25 · Purchases,2025-08-01,0,0,0,0
JamesJarv_HangInThe_25 · Enter draw,2025-08-01,0,0,0,0
JohnsonTs_Rememb_25 · Enter draw,2025-08-01,20216.0,18129.0,383.0,160.48
JustinO_AIB_25 · Purchases,2025-08-01,3853.0,3579.0,62.0,24.53
LucianFre_TL_25 · Purchases,2025-08-01,0,0,0,0
LucianFre_TL_25 · Sign-ups,2025-08-01,0,0,0,0
PietParra_Dip_25 · Purchases,2025-08-01,0,0,0,0
PietParra_Dip_25 · Sign-ups,2025-08-01,0,0,0,0
SHong_AIB_25 · Purchases,2025-08-01,0,0,0,0
TObata_AIB_25 · Purchases,2025-08-01,4613.0,3466.0,135.0,34.16
CarrieMae_TL_25 · Purchases,2025-07-31,0,0,0,0
CarrieMae_TL_25 · Sign-ups,2025-07-31,0,0,0,0
DavidC_AIB_25 · Purchases,2025-07-31,0,0,0,0
FelipePan_TL_25 · Purchases,2025-07-31,0,0,0,0
GabrielleG_AIB_25 · Purchases,2025-07-31,0,0,0,0
JamesJarv_HangInThe_25 · Enter draw,2025-07-31,0,0,0,0
JohnsonTs_Rememb_25 · Enter draw,2025-07-31,20827.0,18546.0,449.0,169.78
JustinO_AIB_25 · Purchases,2025-07-31,6172.0,5823.0,121.0,38.87
LucianFre_TL_25 · Purchases,2025-07-31,0,0,0,0
LucianFre_TL_25 · Sign-ups,2025-07-31,0,0,0,0
PietParra_Dip_25 · Purchases,2025-07-31,0,0,0,0
PietParra_Dip_25 · Sign-ups,2025-07-31,0,0,0,0
SHong_AIB_25 · Purchases,2025-07-31,0,0,0,0
TObata_AIB_25 · Purchases,2025-07-31,6173.0,4970.0,193.0,46.05
CarrieMae_TL_25 · Purchases,2025-07-30,0,0,0,0
CarrieMae_TL_25 · Sign-ups,2025-07-30,0,0,0,0
DavidC_AIB_25 · Purchases,2025-07-30,0,0,0,0
FelipePan_TL_25 · Purchases,2025-07-30,0,0,0,0
GabrielleG_AIB_25 · Purchases,2025-07-30,0,0,0,0
JamesJarv_HangInThe_25 · Enter draw,2025-07-30,0,0,0,0
JohnsonTs_Rememb_25 · Enter draw,2025-07-30,23893.0,21154.0,458.0,192.0
JustinO_AIB_25 · Purchases,2025-07-30,5791.0,5304.0,106.0,36.78
LucianFre_TL_25 · Purchases,2025-07-30,0,0,0,0
LucianFre_TL_25 · Sign-ups,2025-07-30,0,0,0,0
PietParra_Dip_25 · Purchases,2025-07-30,213713.0,186346.0,2745.0,906.15
PietParra_Dip_25 · Sign-ups,2025-07-30,0,0,0,0
SHong_AIB_25 · Purchases,2025-07-30,0,0,0,0
CarrieMae_TL_25 · Purchases,2025-07-29,0,0,0,0
CarrieMae_TL_25 · Sign-ups,2025-07-29,0,0,0,0
DavidC_AIB_25 · Purchases,2025-07-29,2210.0,1852.0,28.0,22.08
FelipePan_TL_25 · Purchases,2025-07-29,0,0,0,0
GabrielleG_AIB_25 · Purchases,2025-07-29,0,0,0,0
JamesJarv_HangInThe_25 · Enter draw,2025-07-29,0,0,0,0
JohnsonTs_Rememb_25 · Enter draw,2025-07-29,24671.0,20256.0,522.0,211.53
JustinO_AIB_25 · Purchases,2025-07-29,5112.0,4703.0,124.0,40.22
LucianFre_TL_25 · Purchases,2025-07-29,0,0,0,0
LucianFre_TL_25 · Sign-ups,2025-07-29,0,0,0,0
PietParra_Dip_25 · Sign-ups,2025-07-29,0,0,0,0
SHong_AIB_25 · Purchases,2025-07-29,4598.0,3882.0,95.0,42.83
CarrieMae_TL_25 · Purchases,2025-07-28,0,0,0,0
CarrieMae_TL_25 · Sign-ups,2025-07-28,0,0,0,0
DavidC_AIB_25 · Purchases,2025-07-28,3353.0,2907.0,47.0,29.47
FelipePan_TL_25 · Purchases,2025-07-28,0,0,0,0
GabrielleG_AIB_25 · Purchases,2025-07-28,0,0,0,0
JamesJarv_HangInThe_25 · Enter draw,2025-07-28,13777.0,12906.0,252.0,129.27
JohnsonTs_Rememb_25 · Enter draw,2025-07-28,14984.0,13526.0,269.0,129.13
JustinO_AIB_25 · Purchases,2025-07-28,6816.0,6460.0,143.0,45.09
LucianFre_TL_25 · Purchases,2025-07-28,0,0,0,0
LucianFre_TL_25 · Sign-ups,2025-07-28,0,0,0,0
PietParra_Dip_25 · Sign-ups,2025-07-28,15524.0,14789.0,179.0,90.97
SHong_AIB_25 · Purchases,2025-07-28,6027.0,5189.0,133.0,59.05
CarrieMae_TL_25 · Purchases,2025-07-27,0,0,0,0
CarrieMae_TL_25 · Sign-ups,2025-07-27,0,0,0,0
DavidC_AIB_25 · Purchases,2025-07-27,2472.0,2181.0,32.0,25.98
FelipePan_TL_25 · Purchases,2025-07-27,0,0,0,0
GabrielleG_AIB_25 · Purchases,2025-07-27,0,0,0,0
JamesJarv_HangInThe_25 · Enter draw,2025-07-27,65283.0,56596.0,1170.0,600.5
JustinO_AIB_25 · Purchases,2025-07-27,5958.0,5396.0,121.0,42.06
LucianFre_TL_25 · Sign-ups,2025-07-27,0,0,0,0
PietParra_Dip_25 · Sign-ups,2025-07-27,69689.0,64669.0,860.0,322.98
SHong_AIB_25 · Purchases,2025-07-27,7278.0,6467.0,168.0,66.04
CarrieMae_TL_25 · Purchases,2025-07-26,0,0,0,0
CarrieMae_TL_25 · Sign-ups,2025-07-26,0,0,0,0
DavidC_AIB_25 · Purchases,2025-07-26,2380.0,2055.0,40.0,27.95
FelipePan_TL_25 · Purchases,2025-07-26,0,0,0,0
GabrielleG_AIB_25 · Purchases,2025-07-26,0,0,0,0
JamesJarv_HangInThe_25 · Enter draw,2025-07-26,52044.0,45266.0,975.0,540.16
JustinO_AIB_25 · Purchases,2025-07-26,5053.0,4566.0,109.0,40.5
LucianFre_TL_25 · Purchases,2025-07-26,0,0,0,0
LucianFre_TL_25 · Sign-ups,2025-07-26,0,0,0,0
PietParra_Dip_25 · Sign-ups,2025-07-26,51922.0,47247.0,582.0,271.38
SHong_AIB_25 · Purchases,2025-07-26,7183.0,6063.0,147.0,57.04
CarrieMae_TL_25 · Purchases,2025-07-25,118092.0,108165.0,1601.0,1931.03
CarrieMae_TL_25 · Sign-ups,2025-07-25,0,0,0,0
DavidC_AIB_25 · Purchases,2025-07-25,2916.0,2372.0,49.0,29.64
FelipePan_TL_25 · Purchases,2025-07-25,0,0,0,0
GabrielleG_AIB_25 · Purchases,2025-07-25,0,0,0,0
JamesJarv_HangInThe_25 · Enter draw,2025-07-25,63274.0,55952.0,1039.0,576.24
JustinO_AIB_25 · Purchases,2025-07-25,6021.0,5550.0,100.0,57.68
LucianFre_TL_25 · Purchases,2025-07-25,0,0,0,0
LucianFre_TL_25 · Sign-ups,2025-07-25,0,0,0,0
PietParra_Dip_25 · Sign-ups,2025-07-25,72037.0,66329.0,846.0,366.32
SHong_AIB_25 · Purchases,2025-07-25,6301.0,5502.0,122.0,58.6
CarrieMae_TL_25 · Purchases,2025-07-24,187457.0,159176.0,2690.0,3291.08
CarrieMae_TL_25 · Sign-ups,2025-07-24,0,0,0,0
DavidC_AIB_25 · Purchases,2025-07-24,2333.0,1958.0,34.0,27.15
FelipePan_TL_25 - sign ups,2025-07-24,0,0,0,0
FelipePan_TL_25 · Purchases,2025-07-24,0,0,0,0
GabrielleG_AIB_25 · Purchases,2025-07-24,0,0,0,0
JamesJarv_HangInThe_25 · Enter draw,2025-07-24,51467.0,45641.0,884.0,481.9
JustinO_AIB_25 · Purchases,2025-07-24,6784.0,6167.0,117.0,59.91
LeeUfan_From_25 · Enter draw,2025-07-24,0,0,0,0
LucianFre_TL_25 · Purchases,2025-07-24,0,0,0,0
LucianFre_TL_25 · Sign-ups,2025-07-24,0,0,0,0
PietParra_Dip_25 · Sign-ups,2025-07-24,180454.0,166077.0,1995.0,892.11
SHong_AIB_25 · Purchases,2025-07-24,5347.0,4761.0,122.0,57.1
CarrieMae_TL_25 · Purchases,2025-07-23,78852.0,71326.0,1356.0,1163.53
CarrieMae_TL_25 · Sign-ups,2025-07-23,174418.0,163531.0,2295.0,2166.83
DavidC_AIB_25 · Purchases,2025-07-23,3055.0,2585.0,41.0,30.38
FelipePan_TL_25 · Purchases,2025-07-23,0,0,0,0
GabrielleG_AIB_25 · Purchases,2025-07-23,0,0,0,0
GraysonPe_Large_25 · Pre-order,2025-07-23,0,0,0,0
JamesJarv_HangInThe_25 · Enter draw,2025-07-23,54553.0,46753.0,902.0,515.87
JustinO_AIB_25 · Purchases,2025-07-23,5465.0,4786.0,113.0,59.54
LeeUfan_From_25 · Enter draw,2025-07-23,0,0,0,0
LucianFre_TL_25 · Purchases,2025-07-23,0,0,0,0
LucianFre_TL_25 · Sign-ups,2025-07-23,0,0,0,0
PietParra_Dip_25 · Sign-ups,2025-07-23,313310.0,264024.0,2402.0,1512.65
SHong_AIB_25 · Purchases,2025-07-23,5667.0,5195.0,149.0,58.92
CarrieMae_TL_25 · Sign-ups,2025-07-22,399083.0,361595.0,4112.0,4511.52
DavidC_AIB_25 · Purchases,2025-07-22,2829.0,2382.0,42.0,28.87
FelipePan_TL_25 - sign ups,2025-07-22,0,0,0,0
FelipePan_TL_25 · Purchases,2025-07-22,0,0,0,0
GabrielleG_AIB_25 · Purchases,2025-07-22,0,0,0,0
JamesJarv_HangInThe_25 · Enter draw,2025-07-22,33431.0,30683.0,587.0,307.46
JustinO_AIB_25 · Purchases,2025-07-22,5330.0,4615.0,86.0,53.12
LeeUfan_From_25 · Enter draw,2025-07-22,0,0,0,0
LucianFre_TL_25 · Purchases,2025-07-22,0,0,0,0
LucianFre_TL_25 · Sign-ups,2025-07-22,0,0,0,0
PietParra_Dip_25 · Sign-ups,2025-07-22,308138.0,254703.0,2179.0,1312.26
SHong_AIB_25 · Purchases,2025-07-22,5925.0,5467.0,172.0,58.98
CarrieMae_TL_25 · Sign-ups,2025-07-21,460305.0,420033.0,4323.0,4703.71
DavidC_AIB_25 · Purchases,2025-07-21,3538.0,2957.0,59.0,31.86
FelipePan_TL_25 - sign ups,2025-07-21,0,0,0,0
FelipePan_TL_25 · Purchases,2025-07-21,0,0,0,0
GabrielleG_AIB_25 · Purchases,2025-07-21,0,0,0,0
GraysonPe_Large_25 · Pre-order,2025-07-21,0,0,0,0
JamesJarv_HangInThe_25 · Enter draw,2025-07-21,28161.0,26011.0,451.0,205.0
JustinO_AIB_25 · Purchases,2025-07-21,7549.0,6920.0,194.0,66.14
LeeUfan_From_25 · Enter draw,2025-07-21,0,0,0,0
LucianFre_TL_25 · Purchases,2025-07-21,0,0,0,0
LucianFre_TL_25 · Sign-ups,2025-07-21,0,0,0,0
PietParra_Dip_25 · Sign-ups,2025-07-21,333371.0,278455.0,2736.0,1296.42
SHong_AIB_25 · Purchases,2025-07-21,6127.0,5667.0,174.0,57.78
CarrieMae_TL_25 · Sign-ups,2025-07-20,392251.0,362123.0,4773.0,4498.64
DavidC_AIB_25 · Purchases,2025-07-20,3471.0,2997.0,61.0,33.37
FelipePan_TL_25 - sign ups,2025-07-20,0,0,0,0
FelipePan_TL_25 · Purchases,2025-07-20,0,0,0,0
GabrielleG_AIB_25 · Purchases,2025-07-20,0,0,0,0
JamesJarv_HangInThe_25 · Enter draw,2025-07-20,28900.0,25505.0,583.0,221.58
JustinO_AIB_25 · Purchases,2025-07-20,6720.0,6117.0,140.0,66.08
LeeUfan_From_25 · Enter draw,2025-07-20,0,0,0,0
LucianFre_TL_25 · Purchases,2025-07-20,0,0,0,0
LucianFre_TL_25 · Sign-ups,2025-07-20,0,0,0,0
PietParra_Dip_25 · Sign-ups,2025-07-20,307178.0,258808.0,2788.0,1311.07
SHong_AIB_25 · Purchases,2025-07-20,8006.0,7266.0,213.0,70.37
CarrieMae_TL_25 · Sign-ups,2025-07-19,297922.0,274585.0,3546.0,3536.12
DavidC_AIB_25 · Purchases,2025-07-19,2627.0,2265.0,36.0,28.7
FelipePan_TL_25 - sign ups,2025-07-19,0,0,0,0
FelipePan_TL_25 · Purchases,2025-07-19,0,0,0,0
GabrielleG_AIB_25 · Purchases,2025-07-19,0,0,0,0
JamesJarv_HangInThe_25 · Enter draw,2025-07-19,16517.0,14869.0,329.0,131.62
JustinO_AIB_25 · Purchases,2025-07-19,4538.0,3993.0,108.0,61.58
LeeUfan_From_25 · Enter draw,2025-07-19,0,0,0,0
LucianFre_TL_25 · Purchases,2025-07-19,0,0,0,0
LucianFre_TL_25 · Sign-ups,2025-07-19,0,0,0,0
PietParra_Dip_25 · Sign-ups,2025-07-19,259161.0,224426.0,2583.0,1207.46
SHong_AIB_25 · Purchases,2025-07-19,4235.0,3843.0,105.0,48.86
CarrieMae_TL_25 · Sign-ups,2025-07-18,270781.0,240176.0,3283.0,3793.15
DavidC_AIB_25 · Purchases,2025-07-18,5243.0,4555.0,83.0,54.49
FelipePan_TL_25 - sign ups,2025-07-18,0,0,0,0
FelipePan_TL_25 · Purchases,2025-07-18,0,0,0,0
GabrielleG_AIB_25 · Purchases,2025-07-18,0,0,0,0
JamesJarv_HangInThe_25 · Enter draw,2025-07-18,26959.0,24183.0,597.0,234.9
JustinO_AIB_25 · Purchases,2025-07-18,5509.0,4849.0,134.0,62.31
LeeUfan_From_25 · Enter draw,2025-07-18,0,0,0,0
LucianFre_TL_25 · Purchases,2025-07-18,56525.0,53650.0,758.0,543.62
LucianFre_TL_25 · Sign-ups,2025-07-18,0,0,0,0
PietParra_Dip_25 · Sign-ups,2025-07-18,169997.0,149518.0,1762.0,1120.29
SHong_AIB_25 · Purchases,2025-07-18,6885.0,6327.0,221.0,61.48
CarrieMae_TL_25 · Sign-ups,2025-07-17,260569.0,239033.0,3079.0,2808.24
DavidC_AIB_25 · Purchases,2025-07-17,4418.0,3831.0,58.0,54.56
FelipePan_TL_25 - sign ups,2025-07-17,0,0,0,0
FelipePan_TL_25 · Purchases,2025-07-17,0,0,0,0
GabrielleG_AIB_25 · Purchases,2025-07-17,2652.0,2416.0,48.0,29.37
GraysonPe_Large_25 · Pre-order,2025-07-17,0,0,0,0
JamesJarv_HangInThe_25 · Enter draw,2025-07-17,23184.0,20983.0,189.0,112.08
JustinO_AIB_25 · Purchases,2025-07-17,5211.0,4574.0,106.0,57.46
LeeUfan_From_25 · Enter draw,2025-07-17,0,0,0,0
LucianFre_TL_25 · Purchases,2025-07-17,58909.0,55740.0,735.0,463.21
LucianFre_TL_25 · Sign-ups,2025-07-17,74839.0,72803.0,1231.0,475.36
PietParra_Dip_25 · Sign-ups,2025-07-17,234565.0,209003.0,2387.0,1155.81
SHong_AIB_25 · Purchases,2025-07-17,5345.0,4972.0,95.0,27.5
AliceN_AIB_25 · Purchases,2025-07-16,0,0,0,0
CarrieMae_TL_25 · Sign-ups,2025-07-16,266627.0,238616.0,3107.0,2753.22
DavidC_AIB_25 · Purchases,2025-07-16,5782.0,5278.0,114.0,57.64
FelipePan_TL_25 - sign ups,2025-07-16,0,0,0,0
FelipePan_TL_25 · Purchases,2025-07-16,0,0,0,0
GabrielleG_AIB_25 · Purchases,2025-07-16,4911.0,4244.0,114.0,59.58
GraysonPe_Large_25 · Pre-order,2025-07-16,0,0,0,0
JustinO_AIB_25 · Purchases,2025-07-16,4966.0,4471.0,103.0,51.38
LeeUfan_From_25 · Enter draw,2025-07-16,0,0,0,0
LucianFre_TL_25 · Sign-ups,2025-07-16,198405.0,185160.0,2982.0,1191.33
PietParra_Dip_25 · Sign-ups,2025-07-16,242275.0,212575.0,2481.0,1098.38
CarrieMae_TL_25 · Sign-ups,2025-07-15,211803.0,192861.0,2412.0,2142.35
DavidC_AIB_25 · Purchases,2025-07-15,6429.0,5899.0,104.0,61.08
FelipePan_TL_25 - sign ups,2025-07-15,0,0,0,0
FelipePan_TL_25 · Purchases,2025-07-15,0,0,0,0
GabrielleG_AIB_25 · Purchases,2025-07-15,17598.0,17130.0,118.0,104.45
GraysonPe_Large_25 · Pre-order,2025-07-15,0,0,0,0
JustinO_AIB_25 · Purchases,2025-07-15,5263.0,4651.0,110.0,60.55
LeeUfan_From_25 · Enter draw,2025-07-15,0,0,0,0
LucianFre_TL_25 · Sign-ups,2025-07-15,194353.0,185496.0,2869.0,1008.64
PietParra_Dip_25 · Sign-ups,2025-07-15,241936.0,221793.0,3131.0,985.65
CarrieMae_TL_25 · Sign-ups,2025-07-14,158806.0,140944.0,1976.0,1603.8
DavidC_AIB_25 · Purchases,2025-07-14,6859.0,6210.0,121.0,62.61
FelipePan_TL_25 - sign ups,2025-07-14,0,0,0,0
FelipePan_TL_25 · Purchases,2025-07-14,0,0,0,0
GabrielleG_AIB_25 · Purchases,2025-07-14,10732.0,9706.0,47.0,71.46
GraysonPe_Large_25 · Pre-order,2025-07-14,0,0,0,0
JustinO_AIB_25 · Purchases,2025-07-14,5941.0,5229.0,128.0,61.49
LeeUfan_From_25 · Enter draw,2025-07-14,0,0,0,0
LucianFre_TL_25 · Sign-ups,2025-07-14,174647.0,166691.0,2303.0,828.32
PietParra_Dip_25 · Sign-ups,2025-07-14,205402.0,188333.0,2490.0,831.91
CarrieMae_TL_25 · Sign-ups,2025-07-13,142198.0,126711.0,1940.0,1284.29
DavidC_AIB_25 · Purchases,2025-07-13,6529.0,5750.0,110.0,64.8
FelipePan_TL_25 - sign ups,2025-07-13,0,0,0,0
FelipePan_TL_25 · Purchases,2025-07-13,0,0,0,0
GraysonPe_Large_25 · Pre-order,2025-07-13,0,0,0,0
JustinO_AIB_25 · Purchases,2025-07-13,6656.0,5670.0,141.0,64.82
LeeUfan_From_25 · Enter draw,2025-07-13,0,0,0,0
LucianFre_TL_25 · Sign-ups,2025-07-13,201804.0,192077.0,2725.0,1119.69
PietParra_Dip_25 · Sign-ups,2025-07-13,170335.0,157927.0,2346.0,694.99
CarrieMae_TL_25 · Sign-ups,2025-07-12,110328.0,98857.0,1724.0,1175.74
DavidC_AIB_25 · Purchases,2025-07-12,4015.0,3545.0,70.0,55.36
FelipePan_TL_25 - sign ups,2025-07-12,0,0,0,0
FelipePan_TL_25 · Purchases,2025-07-12,0,0,0,0
GraysonPe_Large_25 · Pre-order,2025-07-12,0,0,0,0
JustinO_AIB_25 · Purchases,2025-07-12,5783.0,4932.0,140.0,62.07
LeeUfan_From_25 · Enter draw,2025-07-12,0,0,0,0
LucianFre_TL_25 · Sign-ups,2025-07-12,172976.0,163802.0,2458.0,998.24
PietParra_Dip_25 · Sign-ups,2025-07-12,147375.0,138032.0,2525.0,569.83
CarrieMae_TL_25 · Sign-ups,2025-07-11,106566.0,96463.0,1543.0,1039.44
DavidC_AIB_25 · Purchases,2025-07-11,5834.0,5309.0,91.0,58.48
FelipePan_TL_25 - sign ups,2025-07-11,0,0,0,0
FelipePan_TL_25 · Purchases,2025-07-11,0,0,0,0
GraysonPe_Large_25 · Pre-order,2025-07-11,0,0,0,0
JustinO_AIB_25 · Purchases,2025-07-11,4776.0,4017.0,162.0,54.0
LeeUfan_From_25 · Enter draw,2025-07-11,0,0,0,0
LucianFre_TL_25 · Sign-ups,2025-07-11,155213.0,148909.0,2434.0,913.53
PietParra_Dip_25 · Sign-ups,2025-07-11,132051.0,122607.0,2692.0,554.5
CarrieMae_TL_25 · Sign-ups,2025-07-10,64290.0,59669.0,992.0,692.82
DavidC_AIB_25 · Purchases,2025-07-10,4991.0,4446.0,85.0,55.82
FelipePan_TL_25 - sign ups,2025-07-10,0,0,0,0
FelipePan_TL_25 · Purchases,2025-07-10,0,0,0,0
GraysonPe_Large_25 · Pre-order,2025-07-10,0,0,0,0
JustinO_AIB_25 · Purchases,2025-07-10,2455.0,2114.0,61.0,23.06
LeeUfan_From_25 · Enter draw,2025-07-10,0,0,0,0
LucianFre_TL_25 · Sign-ups,2025-07-10,131098.0,123886.0,2044.0,862.1
PietParra_Dip_25 · Sign-ups,2025-07-10,137456.0,120643.0,3501.0,670.84
CarrieMae_TL_25 · Sign-ups,2025-07-09,86996.0,77723.0,1592.0,1093.96
DavidC_AIB_25 · Purchases,2025-07-09,4945.0,4490.0,88.0,58.71
FelipePan_TL_25 - sign ups,2025-07-09,0,0,0,0
FelipePan_TL_25 · Purchases,2025-07-09,0,0,0,0
GraysonPe_Large_25 · Pre-order,2025-07-09,0,0,0,0
LeeUfan_From_25 · Enter draw,2025-07-09,0,0,0,0
LucianFre_TL_25 · Sign-ups,2025-07-09,117270.0,109346.0,2079.0,778.84
PietParra_Dip_25 · Sign-ups,2025-07-09,69876.0,60826.0,2031.0,422.08
AIB_Waitlist_25 · Sign-ups,2025-07-08,0,0,0,0
CarrieMae_TL_25 · Sign-ups,2025-07-08,81129.0,74652.0,1263.0,758.24
DavidC_AIB_25 · Purchases,2025-07-08,6526.0,5776.0,110.0,64.56
FelipePan_TL_25 - sign ups,2025-07-08,0,0,0,0
FelipePan_TL_25 · Purchases,2025-07-08,0,0,0,0
GraysonPe_Large_25 · Pre-order,2025-07-08,0,0,0,0
JenStark_TL_25 · Purchases,2025-07-08,0,0,0,0
LeeUfan_From_25 · Enter draw,2025-07-08,0,0,0,0
LucianFre_TL_25 · Sign-ups,2025-07-08,151562.0,142226.0,2595.0,885.44
ThomasL_AIB_25 · Purchases,2025-07-08,0,0,0,0
AIB_Waitlist_25 · Sign-ups,2025-07-07,0,0,0,0
CarrieMae_TL_25 · Sign-ups,2025-07-07,107986.0,97804.0,1151.0,673.64
DavidC_AIB_25 · Purchases,2025-07-07,7901.0,6868.0,122.0,60.97
FelipePan_TL_25 - sign ups,2025-07-07,0,0,0,0
FelipePan_TL_25 · Purchases,2025-07-07,83371.0,69928.0,220.0,204.02
GraysonPe_Large_25 · Pre-order,2025-07-07,0,0,0,0
JenStark_TL_25 · Purchases,2025-07-07,0,0,0,0
LeeUfan_From_25 · Enter draw,2025-07-07,0,0,0,0
LucianFre_TL_25 · Sign-ups,2025-07-07,183745.0,174681.0,2570.0,783.87
ThomasL_AIB_25 · Purchases,2025-07-07,0,0,0,0
AIB_Waitlist_25 · Sign-ups,2025-07-06,0,0,0,0
CarrieMae_TL_25 · Sign-ups,2025-07-06,87797.0,77060.0,1132.0,657.58
DavidC_AIB_25 · Purchases,2025-07-06,10408.0,8837.0,128.0,65.64
FelipePan_TL_25 - sign ups,2025-07-06,0,0,0,0
FelipePan_TL_25 · Purchases,2025-07-06,470266.0,307563.0,910.0,807.44
GraysonPe_Large_25 · Pre-order,2025-07-06,0,0,0,0
JenStark_TL_25 · Purchases,2025-07-06,0,0,0,0
LeeUfan_From_25 · Enter draw,2025-07-06,0,0,0,0
LucianFre_TL_25 · Sign-ups,2025-07-06,124780.0,117432.0,2139.0,624.09
ThomasL_AIB_25 · Purchases,2025-07-06,0,0,0,0
AIB_Waitlist_25 · Sign-ups,2025-07-05,0,0,0,0
CarrieMae_TL_25 · Sign-ups,2025-07-05,137557.0,123140.0,1956.0,973.47
DavidC_AIB_25 · Purchases,2025-07-05,6077.0,5148.0,110.0,65.73
FelipePan_TL_25 - sign ups,2025-07-05,0,0,0,0
FelipePan_TL_25 · Purchases,2025-07-05,360768.0,246725.0,936.0,786.9
GraysonPe_Large_25 · Pre-order,2025-07-05,0,0,0,0
JenStark_TL_25 · Purchases,2025-07-05,0,0,0,0
LeeUfan_From_25 · Enter draw,2025-07-05,0,0,0,0
LucianFre_TL_25 · Sign-ups,2025-07-05,99015.0,95391.0,2130.0,553.38
ThomasL_AIB_25 · Purchases,2025-07-05,0,0,0,0
AIB_Waitlist_25 · Sign-ups,2025-07-04,0,0,0,0
CarrieMae_TL_25 · Sign-ups,2025-07-04,124419.0,112537.0,2474.0,1007.84
DavidC_AIB_25 · Purchases,2025-07-04,9543.0,7851.0,220.0,86.9
FelipePan_TL_25 - sign ups,2025-07-04,0,0,0,0
FelipePan_TL_25 · Purchases,2025-07-04,196739.0,138900.0,1011.0,525.28
GraysonPe_Large_25 · Pre-order,2025-07-04,0,0,0,0
JenStark_TL_25 · Purchases,2025-07-04,0,0,0,0
LeeUfan_From_25 · Enter draw,2025-07-04,0,0,0,0
LucianFre_TL_25 · Sign-ups,2025-07-04,90035.0,82929.0,1734.0,450.43
ThomasL_AIB_25 · Purchases,2025-07-04,0,0,0,0
AIB_Waitlist_25 · Sign-ups,2025-07-03,0,0,0,0
CarrieMae_TL_25 · Sign-ups,2025-07-03,280082.0,238574.0,8167.0,2435.55
DavidC_AIB_25 · Purchases,2025-07-03,10592.0,8223.0,233.0,82.49
FelipePan_TL_25 - sign ups,2025-07-03,0,0,0,0
FelipePan_TL_25 · Purchases,2025-07-03,1477.0,1337.0,54.0,6.48
GraysonPe_Large_25 · Pre-order,2025-07-03,0,0,0,0
JenStark_TL_25 · Purchases,2025-07-03,0,0,0,0
LeeUfan_From_25 · Enter draw,2025-07-03,0,0,0,0
LucianFre_TL_25 · Sign-ups,2025-07-03,92882.0,88095.0,1638.0,489.76
ThomasL_AIB_25 · Purchases,2025-07-03,0,0,0,0
AIB_Waitlist_25 · Sign-ups,2025-07-02,0,0,0,0
CarrieMae_TL_25 · Sign-ups,2025-07-02,14981.0,14842.0,291.0,139.5
DavidC_AIB_25 · Purchases,2025-07-02,14.0,14.0,0,0.18
FelipePan_TL_25 - sign ups,2025-07-02,0,0,0,0
GraysonPe_Large_25 · Pre-order,2025-07-02,0,0,0,0
JenStark_TL_25 · Purchases,2025-07-02,0,0,0,0
JudyChica_TL_25 · Purchase,2025-07-02,0,0,0,0
LeeUfan_From_25 · Enter draw,2025-07-02,0,0,0,0
ThomasL_AIB_25 · Purchases,2025-07-02,0,0,0,0
AIB_Waitlist_25 · Sign-ups,2025-07-01,0,0,0,0
CarrieMae_TL_25 · Sign-ups,2025-07-01,142607.0,130888.0,2250.0,900.25
DavidC_AIB_25 · Purchases,2025-07-01,7202.0,5956.0,156.0,58.65
FelipePan_TL_25 - sign ups,2025-07-01,0,0,0,0
GraysonPe_Large_25 · Pre-order,2025-07-01,0,0,0,0
JenStark_TL_25 · Purchases,2025-07-01,0,0,0,0
JudyChica_TL_25 · Purchase,2025-07-01,0,0,0,0
LeeUfan_From_25 · Enter draw,2025-07-01,0,0,0,0
MarkBradf_Broad_25 · Purchases,2025-07-01,0,0,0,0
ThomasL_AIB_25 · Purchases,2025-07-01,0,0,0,0
AIB_Waitlist_25 · Sign-ups,2025-06-30,0,0,0,0
DavidC_AIB_25 · Purchases,2025-06-30,6859.0,5720.0,142.0,61.77
FelipePan_TL_25 - sign ups,2025-06-30,0,0,0,0
GraysonPe_Large_25 · Pre-order,2025-06-30,0,0,0,0
JenStark_TL_25 · Purchases,2025-06-30,0,0,0,0
JudyChica_TL_25 · Purchase,2025-06-30,0,0,0,0
LeeUfan_From_25 · Enter draw,2025-06-30,0,0,0,0
MarkBradf_Broad_25 · Purchases,2025-06-30,0,0,0,0
ThomasL_AIB_25 · Purchases,2025-06-30,0,0,0,0
AIB_Waitlist_25 · Sign-ups,2025-06-29,0,0,0,0
DavidC_AIB_25 · Purchases,2025-06-29,7375.0,5997.0,182.0,63.58
FelipePan_TL_25 - sign ups,2025-06-29,0,0,0,0
GraysonPe_Large_25 · Pre-order,2025-06-29,0,0,0,0
JenStark_TL_25 · Purchases,2025-06-29,0,0,0,0
JudyChica_TL_25 · Purchase,2025-06-29,0,0,0,0
LeeUfan_From_25 · Enter draw,2025-06-29,0,0,0,0
MarkBradf_Broad_25 · Purchases,2025-06-29,0,0,0,0
ThomasL_AIB_25 · Purchases,2025-06-29,0,0,0,0
AIB_Waitlist_25 · Sign-ups,2025-06-28,0,0,0,0
DavidC_AIB_25 · Purchases,2025-06-28,2445.0,2089.0,59.0,19.9
FelipePan_TL_25 - sign ups,2025-06-28,0,0,0,0
GraysonPe_Large_25 · Pre-order,2025-06-28,0,0,0,0
JenStark_TL_25 · Purchases,2025-06-28,0,0,0,0
JudyChica_TL_25 · Purchase,2025-06-28,0,0,0,0
LeeUfan_From_25 · Enter draw,2025-06-28,0,0,0,0
MarkBradf_Broad_25 · Purchases,2025-06-28,0,0,0,0
ThomasL_AIB_25 · Purchases,2025-06-28,0,0,0,0
AIB_Waitlist_25 · Sign-ups,2025-06-27,0,0,0,0
FelipePan_TL_25 - sign ups,2025-06-27,15322.0,14424.0,139.0,76.93
GraysonPe_Large_25 · Pre-order,2025-06-27,0,0,0,0
JenStark_TL_25 · Purchases,2025-06-27,0,0,0,0
JenStark_TL_25 · Sign-ups,2025-06-27,0,0,0,0
JudyChica_TL_25 · Purchase,2025-06-27,0,0,0,0
LeeUfan_From_25 · Enter draw,2025-06-27,0,0,0,0
MarkBradf_Broad_25 · Purchases,2025-06-27,0,0,0,0
ThomasL_AIB_25 · Purchases,2025-06-27,0,0,0,0
AIB_Waitlist_25 · Sign-ups,2025-06-26,0,0,0,0
FelipePan_TL_25 - sign ups,2025-06-26,60096.0,55289.0,530.0,289.18
GraysonPe_Large_25 · Pre-order,2025-06-26,15372.0,12224.0,80.0,44.39
JenStark_TL_25 · Purchases,2025-06-26,0,0,0,0
JenStark_TL_25 · Sign-ups,2025-06-26,0,0,0,0
JudyChica_TL_25 · Purchase,2025-06-26,0,0,0,0
LeeUfan_From_25 · Enter draw,2025-06-26,57655.0,55253.0,835.0,403.95
MarkBradf_Broad_25 · Purchases,2025-06-26,0,0,0,0
ThomasL_AIB_25 · Purchases,2025-06-26,0,0,0,0
AIB_Waitlist_25 · Sign-ups,2025-06-25,0,0,0,0
AliceN_AIB_25 · Purchases,2025-06-25,127.0,122.0,1.0,1.72
FelipePan_TL_25 - sign ups,2025-06-25,69170.0,61514.0,735.0,385.66
GraysonPe_Large_25 · Pre-order,2025-06-25,19126.0,15510.0,142.0,62.64
JenStark_TL_25 · Purchases,2025-06-25,0,0,0,0
JenStark_TL_25 · Sign-ups,2025-06-25,0,0,0,0
JudyChica_TL_25 · Purchase,2025-06-25,0,0,0,0
LeeUfan_From_25 · Enter draw,2025-06-25,132344.0,124488.0,1870.0,928.7
MarkBradf_Broad_25 · Purchases,2025-06-25,0,0,0,0
ThomasL_AIB_25 · Purchases,2025-06-25,0,0,0,0
AIB_Waitlist_25 · Sign-ups,2025-06-24,0,0,0,0
FelipePan_TL_25 - sign ups,2025-06-24,78215.0,71457.0,722.0,404.24
GraysonPe_Large_25 · Pre-order,2025-06-24,22581.0,16709.0,105.0,59.32
JenStark_TL_25 · Purchases,2025-06-24,0,0,0,0
JenStark_TL_25 · Sign-ups,2025-06-24,0,0,0,0
JudyChica_TL_25 · Purchase,2025-06-24,0,0,0,0
JudyChica_TL_25 · Sign-ups,2025-06-24,0,0,0,0
LeeUfan_From_25 · Enter draw,2025-06-24,173725.0,164168.0,2963.0,1179.18
MarkBradf_Broad_25 · Purchases,2025-06-24,0,0,0,0
ThomasL_AIB_25 · Purchases,2025-06-24,0,0,0,0
AIB_Waitlist_25 · Sign-ups,2025-06-23,0,0,0,0
FelipePan_TL_25 - sign ups,2025-06-23,84599.0,77698.0,865.0,404.29
GraysonPe_Large_25 · Pre-order,2025-06-23,21445.0,16629.0,135.0,59.16
JenStark_TL_25 · Purchases,2025-06-23,0,0,0,0
JenStark_TL_25 · Sign-ups,2025-06-23,0,0,0,0
JudyChica_TL_25 · Purchase,2025-06-23,0,0,0,0
JudyChica_TL_25 · Sign-ups,2025-06-23,0,0,0,0
LeeUfan_From_25 · Enter draw,2025-06-23,182988.0,171651.0,2419.0,1119.71
MarkBradf_Broad_25 · Purchases,2025-06-23,0,0,0,0
MarkBradf_Broad_25 · Sign-ups,2025-06-23,0,0,0,0
ThomasL_AIB_25 · Purchases,2025-06-23,0,0,0,0
AIB_Waitlist_25 · Sign-ups,2025-06-22,0,0,0,0
FelipePan_TL_25 - sign ups,2025-06-22,103805.0,91720.0,900.0,444.08
GraysonPe_Large_25 · Pre-order,2025-06-22,27118.0,20056.0,130.0,59.48
JenStark_TL_25 · Purchases,2025-06-22,0,0,0,0
JenStark_TL_25 · Sign-ups,2025-06-22,0,0,0,0
JudyChica_TL_25 · Purchase,2025-06-22,0,0,0,0
JudyChica_TL_25 · Sign-ups,2025-06-22,0,0,0,0
LeeUfan_From_25 · Enter draw,2025-06-22,109481.0,101938.0,1456.0,790.98
MarkBradf_Broad_25 · Purchases,2025-06-22,0,0,0,0
MarkBradf_Broad_25 · Sign-ups,2025-06-22,0,0,0,0
ThomasL_AIB_25 · Purchases,2025-06-22,0,0,0,0
AIB_Waitlist_25 · Sign-ups,2025-06-21,0,0,0,0
FelipePan_TL_25 - sign ups,2025-06-21,93624.0,82019.0,795.0,391.57
GabrielleG_AIB_25 · Purchases,2025-06-21,0,0,0,0
GraysonPe_Large_25 · Pre-order,2025-06-21,27526.0,21712.0,150.0,59.48
JenStark_TL_25 · Purchases,2025-06-21,0,0,0,0
JenStark_TL_25 · Sign-ups,2025-06-21,0,0,0,0
JudyChica_TL_25 · Purchase,2025-06-21,0,0,0,0
JudyChica_TL_25 · Sign-ups,2025-06-21,0,0,0,0
LeeUfan_From_25 · Enter draw,2025-06-21,100085.0,93163.0,1585.0,770.43
MarkBradf_Broad_25 · Purchases,2025-06-21,0,0,0,0
MarkBradf_Broad_25 · Sign-ups,2025-06-21,0,0,0,0
ThomasL_AIB_25 · Purchases,2025-06-21,0,0,0,0
AIB_Waitlist_25 · Sign-ups,2025-06-20,0,0,0,0
FelipePan_TL_25 - sign ups,2025-06-20,103199.0,90072.0,691.0,369.8
GabrielleG_AIB_25 · Purchases,2025-06-20,0,0,0,0
GraysonPe_Large_25 · Pre-order,2025-06-20,7961.0,7168.0,164.0,46.05
JenStark_TL_25 · Purchases,2025-06-20,0,0,0,0
JenStark_TL_25 · Sign-ups,2025-06-20,0,0,0,0
JudyChica_TL_25 · Purchase,2025-06-20,0,0,0,0
JudyChica_TL_25 · Sign-ups,2025-06-20,0,0,0,0
LeeUfan_From_25 · Enter draw,2025-06-20,115741.0,108202.0,1975.0,880.29
MarkBradf_Broad_25 · Purchases,2025-06-20,0,0,0,0
MarkBradf_Broad_25 · Sign-ups,2025-06-20,0,0,0,0
ThomasL_AIB_25 · Purchases,2025-06-20,0,0,0,0
AIB_Waitlist_25 · Sign-ups,2025-06-19,0,0,0,0
FelipePan_TL_25 - sign ups,2025-06-19,72543.0,65299.0,793.0,385.5
GabrielleG_AIB_25 · Purchases,2025-06-19,0,0,0,0
GraysonPe_Large_25 · Pre-order,2025-06-19,11086.0,9109.0,192.0,48.54
JenStark_TL_25 · Purchases,2025-06-19,0,0,0,0
JenStark_TL_25 · Sign-ups,2025-06-19,0,0,0,0
JudyChica_TL_25 · Purchase,2025-06-19,0,0,0,0
JudyChica_TL_25 · Sign-ups,2025-06-19,0,0,0,0
LeeUfan_From_25 · Enter draw,2025-06-19,80412.0,76335.0,911.0,686.43
MarkBradf_Broad_25 · Purchases,2025-06-19,0,0,0,0
MarkBradf_Broad_25 · Sign-ups,2025-06-19,0,0,0,0
ThomasL_AIB_25 · Purchases,2025-06-19,0,0,0,0
AIB_Waitlist_25 · Sign-ups,2025-06-18,0,0,0,0
FelipePan_TL_25 - sign ups,2025-06-18,77655.0,69712.0,960.0,416.05
GabrielleG_AIB_25 · Purchases,2025-06-18,0,0,0,0
GraysonPe_Large_25 · Pre-order,2025-06-18,5812.0,5239.0,205.0,33.47
JenStark_TL_25 · Purchases,2025-06-18,0,0,0,0
JenStark_TL_25 · Sign-ups,2025-06-18,0,0,0,0
JudyChica_TL_25 · Purchase,2025-06-18,0,0,0,0
JudyChica_TL_25 · Sign-ups,2025-06-18,0,0,0,0
LeeUfan_From_25 · Enter draw,2025-06-18,54538.0,50261.0,625.0,428.45
MarkBradf_Broad_25 · Purchases,2025-06-18,0,0,0,0
MarkBradf_Broad_25 · Sign-ups,2025-06-18,0,0,0,0
ThomasL_AIB_25 · Purchases,2025-06-18,0,0,0,0
AIB_Waitlist_25 · Sign-ups,2025-06-17,0,0,0,0
FelipePan_TL_25 - sign ups,2025-06-17,75335.0,67763.0,1027.0,388.88
GabrielleG_AIB_25 · Purchases,2025-06-17,0,0,0,0
GraysonPe_Large_25 · Pre-order,2025-06-17,21876.0,20366.0,367.0,102.62
JenStark_TL_25 · Purchases,2025-06-17,0,0,0,0
JenStark_TL_25 · Sign-ups,2025-06-17,0,0,0,0
JudyChica_TL_25 · Purchase,2025-06-17,0,0,0,0
JudyChica_TL_25 · Sign-ups,2025-06-17,0,0,0,0
LeeUfan_From_25 · Enter draw,2025-06-17,39100.0,36689.0,639.0,389.0
MarkBradf_Broad_25 · Purchases,2025-06-17,0,0,0,0
MarkBradf_Broad_25 · Sign-ups,2025-06-17,0,0,0,0
ThomasL_AIB_25 · Purchases,2025-06-17,0,0,0,0
AIB_Waitlist_25 · Sign-ups,2025-06-16,0,0,0,0
FelipePan_TL_25 - sign ups,2025-06-16,85999.0,75624.0,1010.0,407.84
Friedrich_Storm_25 · Purchases,2025-06-16,0,0,0,0
GabrielleG_AIB_25 · Purchases,2025-06-16,0,0,0,0
GraysonPe_Large_25 · Pre-order,2025-06-16,4858.0,4752.0,51.0,21.2
JenStark_TL_25 · Purchases,2025-06-16,0,0,0,0
JenStark_TL_25 · Sign-ups,2025-06-16,0,0,0,0
JudyChica_TL_25 · Purchase,2025-06-16,0,0,0,0
JudyChica_TL_25 · Sign-ups,2025-06-16,0,0,0,0
LeeUfan_From_25 · Enter draw,2025-06-16,66272.0,61603.0,831.0,567.27
MarkBradf_Broad_25 · Purchases,2025-06-16,0,0,0,0
MarkBradf_Broad_25 · Sign-ups,2025-06-16,0,0,0,0
ThomasL_AIB_25 · Purchases,2025-06-16,0,0,0,0
AIB_Waitlist_25 · Sign-ups,2025-06-15,0,0,0,0
FelipePan_TL_25 - sign ups,2025-06-15,88006.0,76675.0,1209.0,440.36
Friedrich_Storm_25 · Purchases,2025-06-15,0,0,0,0
GabrielleG_AIB_25 · Purchases,2025-06-15,0,0,0,0
JenStark_TL_25 · Purchases,2025-06-15,0,0,0,0
JenStark_TL_25 · Sign-ups,2025-06-15,0,0,0,0
JudyChica_TL_25 · Purchase,2025-06-15,0,0,0,0
JudyChica_TL_25 · Sign-ups,2025-06-15,0,0,0,0
LeeUfan_From_25 · Enter draw,2025-06-15,67996.0,62667.0,737.0,511.43
MarkBradf_Broad_25 · Purchases,2025-06-15,0,0,0,0
MarkBradf_Broad_25 · Sign-ups,2025-06-15,0,0,0,0
ThomasL_AIB_25 · Purchases,2025-06-15,0,0,0,0
AIB_Waitlist_25 · Sign-ups,2025-06-14,0,0,0,0
FelipePan_TL_25 - sign ups,2025-06-14,75915.0,64917.0,1234.0,400.57
Friedrich_Storm_25 · Purchases,2025-06-14,0,0,0,0
GabrielleG_AIB_25 · Purchases,2025-06-14,0,0,0,0
JenStark_TL_25 · Purchases,2025-06-14,0,0,0,0
JenStark_TL_25 · Sign-ups,2025-06-14,0,0,0,0
JudyChica_TL_25 · Purchase,2025-06-14,0,0,0,0
JudyChica_TL_25 · Sign-ups,2025-06-14,0,0,0,0
LeeUfan_From_25 · Enter draw,2025-06-14,110644.0,104808.0,1443.0,716.81
MarkBradf_Broad_25 · Purchases,2025-06-14,0,0,0,0
MarkBradf_Broad_25 · Sign-ups,2025-06-14,0,0,0,0
ThomasL_AIB_25 · Purchases,2025-06-14,0,0,0,0
AIB_Waitlist_25 · Sign-ups,2025-06-13,0,0,0,0
FelipePan_TL_25 - sign ups,2025-06-13,69105.0,59631.0,1300.0,381.35
Friedrich_Storm_25 · Purchases,2025-06-13,0,0,0,0
GabrielleG_AIB_25 · Purchases,2025-06-13,0,0,0,0
JenStark_TL_25 · Purchases,2025-06-13,0,0,0,0
JenStark_TL_25 · Sign-ups,2025-06-13,0,0,0,0
JudyChica_TL_25 · Purchase,2025-06-13,0,0,0,0
JudyChica_TL_25 · Sign-ups,2025-06-13,0,0,0,0
LeeUfan_From_25 · Enter draw,2025-06-13,135264.0,127804.0,1656.0,797.56
MarkBradf_Broad_25 · Purchases,2025-06-13,0,0,0,0
MarkBradf_Broad_25 · Sign-ups,2025-06-13,0,0,0,0
ThomasL_AIB_25 · Purchases,2025-06-13,0,0,0,0
AIB_Waitlist_25 · Sign-ups,2025-06-12,0,0,0,0
FelipePan_TL_25 - sign ups,2025-06-12,77832.0,65964.0,1376.0,406.51
Friedrich_Storm_25 · Purchases,2025-06-12,0,0,0,0
GabrielleG_AIB_25 · Purchases,2025-06-12,0,0,0,0
JenStark_TL_25 · Purchases,2025-06-12,0,0,0,0
JenStark_TL_25 · Sign-ups,2025-06-12,0,0,0,0
JudyChica_TL_25 · Purchase,2025-06-12,0,0,0,0
JudyChica_TL_25 · Sign-ups,2025-06-12,0,0,0,0
LeeUfan_From_25 · Enter draw,2025-06-12,141064.0,133779.0,1618.0,816.13
MarkBradf_Broad_25 · Purchases,2025-06-12,0,0,0,0
MarkBradf_Broad_25 · Sign-ups,2025-06-12,0,0,0,0
ThomasL_AIB_25 · Purchases,2025-06-12,0,0,0,0
AIB_Waitlist_25 · Sign-ups,2025-06-11,0,0,0,0
FelipePan_TL_25 - sign ups,2025-06-11,86870.0,74823.0,1156.0,451.78
Friedrich_Storm_25 · Purchases,2025-06-11,0,0,0,0
Friedrich_Storm_25 · Sign-ups,2025-06-11,0,0,0,0
GabrielleG_AIB_25 · Purchases,2025-06-11,0,0,0,0
Inventory_Test_25,2025-06-11,0,0,0,0
JenStark_TL_25 · Purchases,2025-06-11,8691.0,7896.0,75.0,84.21
JenStark_TL_25 · Sign-ups,2025-06-11,0,0,0,0
JudyChica_TL_25 · Purchase,2025-06-11,0,0,0,0
JudyChica_TL_25 · Sign-ups,2025-06-11,0,0,0,0
LeeUfan_From_25 · Enter draw,2025-06-11,108816.0,102561.0,1590.0,717.81
MarkBradf_Broad_25 · Purchases,2025-06-11,0,0,0,0
MarkBradf_Broad_25 · Sign-ups,2025-06-11,0,0,0,0
ThomasL_AIB_25 · Purchases,2025-06-11,0,0,0,0
AIB_Waitlist_25 · Sign-ups,2025-06-10,3266.0,3055.0,63.0,26.13
FelipePan_TL_25 - sign ups,2025-06-10,71430.0,56452.0,692.0,295.91
Friedrich_Storm_25 · Purchases,2025-06-10,0,0,0,0
Friedrich_Storm_25 · Sign-ups,2025-06-10,0,0,0,0
GabrielleG_AIB_25 · Purchases,2025-06-10,0,0,0,0
Inventory_Test_25,2025-06-10,0,0,0,0
JenStark_TL_25 · Purchases,2025-06-10,12906.0,11459.0,102.0,135.64
JenStark_TL_25 · Sign-ups,2025-06-10,0,0,0,0
JudyChica_TL_25 · Purchase,2025-06-10,0,0,0,0
JudyChica_TL_25 · Sign-ups,2025-06-10,0,0,0,0
LeeUfan_From_25 · Enter draw,2025-06-10,86316.0,80712.0,1117.0,484.11
MarkBradf_Broad_25 · Purchases,2025-06-10,0,0,0,0
MarkBradf_Broad_25 · Sign-ups,2025-06-10,0,0,0,0
ThomasL_AIB_25 · Purchases,2025-06-10,5148.0,4773.0,87.0,58.9
AIB_Waitlist_25 · Sign-ups,2025-06-09,7468.0,6732.0,143.0,59.88
AliceB_AIB_25 · Purchases,2025-06-09,0,0,0,0
FelipePan_TL_25 - sign ups,2025-06-09,61025.0,48485.0,560.0,259.7
Friedrich_Storm_25 · Purchases,2025-06-09,0,0,0,0
Friedrich_Storm_25 · Sign-ups,2025-06-09,0,0,0,0
GabrielleG_AIB_25 · Purchases,2025-06-09,0,0,0,0
Inventory_Test_25,2025-06-09,0,0,0,0
JenStark_TL_25 · Purchases,2025-06-09,12638.0,11533.0,105.0,97.41
JenStark_TL_25 · Sign-ups,2025-06-09,0,0,0,0
JudyChica_TL_25 · Purchase,2025-06-09,0,0,0,0
JudyChica_TL_25 · Sign-ups,2025-06-09,0,0,0,0
LeeUfan_From_25 · Enter draw,2025-06-09,86355.0,81873.0,1025.0,492.19
MarkBradf_Broad_25 · Purchases,2025-06-09,0,0,0,0
MarkBradf_Broad_25 · Sign-ups,2025-06-09,0,0,0,0
ThomasL_AIB_25 · Purchases,2025-06-09,6057.0,5653.0,117.0,59.26
AIB_Waitlist_25 · Sign-ups,2025-06-08,6505.0,5687.0,131.0,60.45
AliceB_AIB_25 · Purchases,2025-06-08,0,0,0,0
FelipePan_TL_25 - sign ups,2025-06-08,56724.0,43082.0,648.0,246.49
Friedrich_Storm_25 · Purchases,2025-06-08,0,0,0,0
GabrielleG_AIB_25 · Purchases,2025-06-08,0,0,0,0
Inventory_Test_25,2025-06-08,0,0,0,0
JenStark_TL_25 · Purchases,2025-06-08,4273.0,3837.0,45.0,53.45
JenStark_TL_25 · Sign-ups,2025-06-08,0,0,0,0
JudyChica_TL_25 · Purchase,2025-06-08,0,0,0,0
JudyChica_TL_25 · Sign-ups,2025-06-08,0,0,0,0
LeeUfan_From_25 · Enter draw,2025-06-08,92675.0,88434.0,1200.0,534.23
MarkBradf_Broad_25 · Purchases,2025-06-08,0,0,0,0
MarkBradf_Broad_25 · Sign-ups,2025-06-08,0,0,0,0
ThomasL_AIB_25 · Purchases,2025-06-08,6806.0,6244.0,144.0,67.69
ThomasL_AIB_25 · Sign-ups,2025-06-08,0,0,0,0
AIB_Waitlist_25 · Sign-ups,2025-06-07,5463.0,5057.0,69.0,50.58
AliceB_AIB_25 · Purchases,2025-06-07,0,0,0,0
FelipePan_TL_25 - sign ups,2025-06-07,25732.0,18821.0,602.0,155.97
Friedrich_Storm_25 · Purchases,2025-06-07,0,0,0,0
Friedrich_Storm_25 · Sign-ups,2025-06-07,0,0,0,0
GabrielleG_AIB_25 · Purchases,2025-06-07,0,0,0,0
Inventory_Test_25,2025-06-07,0,0,0,0
JenStark_TL_25 · Purchases,2025-06-07,4406.0,3689.0,53.0,73.26
JenStark_TL_25 · Sign-ups,2025-06-07,0,0,0,0
JudyChica_TL_25 · Purchase,2025-06-07,0,0,0,0
JudyChica_TL_25 · Sign-ups,2025-06-07,0,0,0,0
LeeUfan_From_25 · Enter draw,2025-06-07,84470.0,80436.0,1306.0,527.99
MarkBradf_Broad_25 · Purchases,2025-06-07,0,0,0,0
MarkBradf_Broad_25 · Sign-ups,2025-06-07,0,0,0,0
ThomasL_AIB_25 · Purchases,2025-06-07,5266.0,4840.0,96.0,58.25
ThomasL_AIB_25 · Sign-ups,2025-06-07,0,0,0,0
AIB_Waitlist_25 · Sign-ups,2025-06-06,6237.0,6050.0,98.0,46.15
AliceB_AIB_25 · Purchases,2025-06-06,0,0,0,0
Boosting for Views,2025-06-06,618683.0,610495.0,0,12.2
FelipePan_TL_25 - sign ups,2025-06-06,16345.0,14017.0,315.0,100.5
Friedrich_Storm_25 · Purchases,2025-06-06,0,0,0,0
Friedrich_Storm_25 · Sign-ups,2025-06-06,0,0,0,0
GabrielleG_AIB_25 · Purchases,2025-06-06,0,0,0,0
Inventory_Test_25,2025-06-06,0,0,0,0
JenStark_TL_25 · Purchases,2025-06-06,4742.0,4138.0,82.0,77.79
JenStark_TL_25 · Sign-ups,2025-06-06,0,0,0,0
JonnyNies_2TL_25 · Purchases,2025-06-06,0,0,0,0
JudyChica_TL_25 · Purchase,2025-06-06,0,0,0,0
JudyChica_TL_25 · Sign-ups,2025-06-06,0,0,0,0
LeeUfan_From_25 · Enter draw,2025-06-06,80544.0,77125.0,1280.0,503.53
MarkBradf_Broad_25 · Purchases,2025-06-06,0,0,0,0
MarkBradf_Broad_25 · Sign-ups,2025-06-06,0,0,0,0
ThomasL_AIB_25 · Purchases,2025-06-06,5630.0,5208.0,91.0,57.55
ThomasL_AIB_25 · Sign-ups,2025-06-06,0,0,0,0
AIB_Waitlist_25 · Sign-ups,2025-06-05,10731.0,9973.0,241.0,56.3
AliceB_AIB_25 · Purchases,2025-06-05,0,0,0,0
Friedrich_Storm_25 · Purchases,2025-06-05,0,0,0,0
Friedrich_Storm_25 · Sign-ups,2025-06-05,0,0,0,0
GabrielleG_AIB_25 · Purchases,2025-06-05,0,0,0,0
Inventory_Test_25,2025-06-05,0,0,0,0
JenStark_TL_25 · Sign-ups,2025-06-05,0,0,0,0
JonnyNies_2TL_25 · Purchases,2025-06-05,0,0,0,0
JudyChica_TL_25 · Purchase,2025-06-05,0,0,0,0
JudyChica_TL_25 · Sign-ups,2025-06-05,0,0,0,0
LeeUfan_From_25 · Enter draw,2025-06-05,86053.0,83190.0,1103.0,460.54
MarkBradf_Broad_25 · Purchases,2025-06-05,0,0,0,0
MarkBradf_Broad_25 · Sign-ups,2025-06-05,0,0,0,0
ThomasL_AIB_25 · Purchases,2025-06-05,5722.0,5262.0,91.0,56.93
ThomasL_AIB_25 · Sign-ups,2025-06-05,0,0,0,0
AIB_Waitlist_25 · Sign-ups,2025-06-04,8504.0,7819.0,219.0,56.85
AliceB_AIB_25 · Purchases,2025-06-04,0,0,0,0
Friedrich_Storm_25 · Purchases,2025-06-04,0,0,0,0
Friedrich_Storm_25 · Sign-ups,2025-06-04,0,0,0,0
GabrielleG_AIB_25 · Purchases,2025-06-04,0,0,0,0
Inventory_Test_25,2025-06-04,0,0,0,0
JenStark_TL_25 · Sign-ups,2025-06-04,0,0,0,0
JonnyNies_2TL_25 · Purchases,2025-06-04,0,0,0,0
JudyChica_TL_25 · Purchase,2025-06-04,19066.0,17950.0,219.0,302.6
JudyChica_TL_25 · Sign-ups,2025-06-04,0,0,0,0
LeeUfan_From_25 · Enter draw,2025-06-04,46214.0,44338.0,811.0,263.35
MarkBradf_Broad_25 · Purchases,2025-06-04,0,0,0,0
MarkBradf_Broad_25 · Sign-ups,2025-06-04,0,0,0,0
ThomasL_AIB_25 · Purchases,2025-06-04,5843.0,5278.0,119.0,58.92
ThomasL_AIB_25 · Sign-ups,2025-06-04,0,0,0,0
AIB_Waitlist_25 · Sign-ups,2025-06-03,9884.0,8982.0,235.0,55.55
AliceB_AIB_25 · Purchases,2025-06-03,0,0,0,0
Friedrich_Storm_25 · Purchases,2025-06-03,0,0,0,0
Friedrich_Storm_25 · Sign-ups,2025-06-03,0,0,0,0
GabrielleG_AIB_25 · Purchases,2025-06-03,0,0,0,0
Inventory_Test_25,2025-06-03,0,0,0,0
JenStark_TL_25 · Sign-ups,2025-06-03,0,0,0,0
JonnyNies_2TL_25 · Purchases,2025-06-03,0,0,0,0
JudyChica_TL_25 · Purchase,2025-06-03,31802.0,29105.0,340.0,501.56
JudyChica_TL_25 · Sign-ups,2025-06-03,0,0,0,0
LeeUfan_From_25 · Enter draw,2025-06-03,123810.0,118471.0,1792.0,660.46
MarkBradf_Broad_25 · Purchases,2025-06-03,53184.0,48156.0,352.0,643.23
MarkBradf_Broad_25 · Sign-ups,2025-06-03,0,0,0,0
ThomasL_AIB_25 · Purchases,2025-06-03,5782.0,5271.0,105.0,59.97
ThomasL_AIB_25 · Sign-ups,2025-06-03,0,0,0,0
AIB_Waitlist_25 · Sign-ups,2025-06-02,11538.0,10496.0,270.0,64.53
AliceB_AIB_25 · Purchases,2025-06-02,0,0,0,0
AliceB_AIB_25 · Sign-ups,2025-06-02,0,0,0,0
Friedrich_Storm_25 · Purchases,2025-06-02,0,0,0,0
Friedrich_Storm_25 · Sign-ups,2025-06-02,0,0,0,0
GabrielleG_AIB_25 · Purchases,2025-06-02,0,0,0,0
Inventory_Test_25,2025-06-02,0,0,0,0
JenStark_TL_25 · Sign-ups,2025-06-02,0,0,0,0
JonnyNies_2TL_25 · Purchases,2025-06-02,0,0,0,0
JudyChica_TL_25 · Purchase,2025-06-02,33345.0,30464.0,308.0,546.79
JudyChica_TL_25 · Sign-ups,2025-06-02,0,0,0,0
LeeUfan_From_25 · Enter draw,2025-06-02,83103.0,78992.0,1234.0,485.39
MarkBradf_Broad_25 · Purchases,2025-06-02,73667.0,64844.0,464.0,919.87
MarkBradf_Broad_25 · Sign-ups,2025-06-02,0,0,0,0
ThomasL_AIB_25 · Purchases,2025-06-02,7293.0,6692.0,95.0,63.94
ThomasL_AIB_25 · Sign-ups,2025-06-02,0,0,0,0
AIB_Waitlist_25 · Sign-ups,2025-06-01,10471.0,9641.0,226.0,68.88
AliceB_AIB_25 · Purchases,2025-06-01,0,0,0,0
Friedrich_Storm_25 · Purchases,2025-06-01,0,0,0,0
Friedrich_Storm_25 · Sign-ups,2025-06-01,0,0,0,0
GabrielleG_AIB_25 · Purchases,2025-06-01,0,0,0,0
Inventory_Test_25,2025-06-01,0,0,0,0
JenStark_TL_25 · Sign-ups,2025-06-01,0,0,0,0
JonnyNies_2TL_25 · Purchases,2025-06-01,0,0,0,0
JudyChica_TL_25 · Purchase,2025-06-01,49569.0,45485.0,588.0,901.82
JudyChica_TL_25 · Sign-ups,2025-06-01,0,0,0,0
LeeUfan_From_25 · Enter draw,2025-06-01,95318.0,90851.0,1393.0,570.38
MarkBradf_Broad_25 · Purchases,2025-06-01,70578.0,64307.0,545.0,1142.06
MarkBradf_Broad_25 · Sign-ups,2025-06-01,0,0,0,0
ThomasL_AIB_25 · Purchases,2025-06-01,6121.0,5689.0,116.0,63.56
ThomasL_AIB_25 · Sign-ups,2025-06-01,0,0,0,0
AIB_Waitlist_25 · Sign-ups,2025-05-31,8665.0,7934.0,206.0,61.45
AliceB_AIB_25 · Purchases,2025-05-31,0,0,0,0
AliceB_AIB_25 · Sign-ups,2025-05-31,0,0,0,0
Friedrich_Storm_25 · Purchases,2025-05-31,0,0,0,0
Friedrich_Storm_25 · Sign-ups,2025-05-31,0,0,0,0
GabrielleG_AIB_25 · Purchases,2025-05-31,0,0,0,0
Inventory_Test_25,2025-05-31,0,0,0,0
JenStark_TL_25 · Sign-ups,2025-05-31,6005.0,5705.0,116.0,76.77
JonnyNies_2TL_25 · Purchases,2025-05-31,0,0,0,0
JudyChica_TL_25 · Purchase,2025-05-31,52374.0,47048.0,618.0,967.97
JudyChica_TL_25 · Sign-ups,2025-05-31,0,0,0,0
LeeUfan_From_25 · Enter draw,2025-05-31,83477.0,80439.0,1266.0,522.18
MarkBradf_Broad_25 · Purchases,2025-05-31,58521.0,52524.0,473.0,1044.68
MarkBradf_Broad_25 · Sign-ups,2025-05-31,0,0,0,0
ThomasL_AIB_25 · Purchases,2025-05-31,5325.0,4869.0,91.0,59.46
ThomasL_AIB_25 · Sign-ups,2025-05-31,0,0,0,0
AIB_Waitlist_25 · Sign-ups,2025-05-30,7229.0,6541.0,179.0,56.75
AliceB_AIB_25 · Purchases,2025-05-30,0,0,0,0
AliceB_AIB_25 · Sign-ups,2025-05-30,0,0,0,0
Friedrich_Storm_25 · Purchases,2025-05-30,0,0,0,0
Friedrich_Storm_25 · Sign-ups,2025-05-30,0,0,0,0
GabrielleG_AIB_25 · Purchases,2025-05-30,0,0,0,0
Inventory_Test_25,2025-05-30,0,0,0,0
JenStark_TL_25 · Sign-ups,2025-05-30,17521.0,15949.0,258.0,199.75
JonnyNies_2TL_25 · Purchases,2025-05-30,0,0,0,0
JudyChica_TL_25 · Purchase,2025-05-30,44543.0,42255.0,416.0,632.69
JudyChica_TL_25 · Sign-ups,2025-05-30,0,0,0,0
LeeUfan_From_25 · Enter draw,2025-05-30,84544.0,80408.0,1305.0,535.78
MarkBradf_Broad_25 · Purchases,2025-05-30,91710.0,81049.0,522.0,1070.56
MarkBradf_Broad_25 · Sign-ups,2025-05-30,0,0,0,0
RobertLon_MenIn_25 · Purchases,2025-05-30,0,0,0,0
ThomasL_AIB_25 · Purchases,2025-05-30,5920.0,5358.0,103.0,58.77
ThomasL_AIB_25 · Sign-ups,2025-05-30,0,0,0,0
AIB_Waitlist_25 · Sign-ups,2025-05-29,8088.0,7123.0,181.0,57.34
AliceB_AIB_25 · Purchases,2025-05-29,0,0,0,0
AliceB_AIB_25 · Sign-ups,2025-05-29,0,0,0,0
Friedrich_Storm_25 · Purchases,2025-05-29,0,0,0,0
Friedrich_Storm_25 · Sign-ups,2025-05-29,0,0,0,0
GabrielleG_AIB_25 · Purchases,2025-05-29,0,0,0,0
Inventory_Test_25,2025-05-29,0,0,0,0
JenStark_TL_25 · Sign-ups,2025-05-29,14199.0,12719.0,283.0,197.45
JonnyNies_2TL_25 · Purchases,2025-05-29,0,0,0,0
JudyChica_TL_25 · Purchase,2025-05-29,52358.0,47883.0,604.0,933.58
JudyChica_TL_25 · Sign-ups,2025-05-29,0,0,0,0
LeeUfan_From_25 · Enter draw,2025-05-29,241513.0,224702.0,3719.0,1319.84
MarkBradf_Broad_25 · Purchases,2025-05-29,61334.0,55056.0,430.0,951.79
MarkBradf_Broad_25 · Sign-ups,2025-05-29,0,0,0,0
RobertLon_MenIn_25 · Purchases,2025-05-29,0,0,0,0
ThomasL_AIB_25 · Purchases,2025-05-29,5586.0,5176.0,102.0,57.81
ThomasL_AIB_25 · Sign-ups,2025-05-29,0,0,0,0
AIB_Waitlist_25 · Sign-ups,2025-05-28,6458.0,5821.0,166.0,54.34
AliceB_AIB_25 · Purchases,2025-05-28,0,0,0,0
AliceB_AIB_25 · Sign-ups,2025-05-28,0,0,0,0
Friedrich_Storm_25 · Purchases,2025-05-28,0,0,0,0
Friedrich_Storm_25 · Sign-ups,2025-05-28,0,0,0,0
GabrielleG_AIB_25 · Purchases,2025-05-28,0,0,0,0
GabrielleG_AIB_25 · Sign ups,2025-05-28,0,0,0,0
Inventory_Test_25,2025-05-28,0,0,0,0
JenStark_TL_25 · Sign-ups,2025-05-28,15241.0,14187.0,320.0,220.62
JonnyNies_2TL_25 · Purchases,2025-05-28,0,0,0,0
JudyChica_TL_25 · Purchase,2025-05-28,21578.0,20275.0,252.0,364.36
JudyChica_TL_25 · Sign-ups,2025-05-28,22264.0,21939.0,363.0,261.04
LeeUfan_From_25 · Enter draw,2025-05-28,185617.0,176425.0,4421.0,1208.14
MarkBradf_Broad_25 · Purchases,2025-05-28,51217.0,45458.0,466.0,927.25
MarkBradf_Broad_25 · Sign-ups,2025-05-28,0,0,0,0
RobertLon_MenIn_25 · Purchases,2025-05-28,0,0,0,0
RobertLon_MenIn_25 · Sign-ups,2025-05-28,0,0,0,0
ThomasL_AIB_25 · Purchases,2025-05-28,5700.0,5283.0,112.0,55.75
ThomasL_AIB_25 · Sign-ups,2025-05-28,0,0,0,0
AIB_Waitlist_25 · Sign-ups,2025-05-27,7835.0,6886.0,193.0,59.21
AliceB_AIB_25 · Purchases,2025-05-27,0,0,0,0
AliceB_AIB_25 · Sign-ups,2025-05-27,0,0,0,0
Friedrich_Storm_25 · Purchases,2025-05-27,0,0,0,0
Friedrich_Storm_25 · Sign-ups,2025-05-27,0,0,0,0
GabrielleG_AIB_25 · Purchases,2025-05-27,0,0,0,0
GabrielleG_AIB_25 · Sign ups,2025-05-27,0,0,0,0
Inventory_Test_25,2025-05-27,0,0,0,0
JenStark_TL_25 · Sign-ups,2025-05-27,29892.0,27541.0,551.0,371.83
JonnyNies_2TL_25 · Purchases,2025-05-27,0,0,0,0
JudyChica_TL_25 · Sign-ups,2025-05-27,52091.0,48373.0,813.0,603.88
LeeUfan_From_25 · Enter draw,2025-05-27,213806.0,200113.0,4349.0,1528.55
MarkBradf_Broad_25 · Purchases,2025-05-27,19450.0,17827.0,184.0,296.59
MarkBradf_Broad_25 · Sign-ups,2025-05-27,41278.0,39360.0,482.0,605.38
RobertLon_MenIn_25 · Purchases,2025-05-27,0,0,0,0
RobertLon_MenIn_25 · Sign-ups,2025-05-27,0,0,0,0
ThomasL_AIB_25 · Purchases,2025-05-27,7619.0,7000.0,127.0,65.97
ThomasL_AIB_25 · Sign-ups,2025-05-27,0,0,0,0
AIB_Waitlist_25 · Sign-ups,2025-05-26,7827.0,6721.0,201.0,61.97
AliceB_AIB_25 · Purchases,2025-05-26,0,0,0,0
AliceB_AIB_25 · Sign-ups,2025-05-26,0,0,0,0
Friedrich_Storm_25 · Purchases,2025-05-26,0,0,0,0
Friedrich_Storm_25 · Sign-ups,2025-05-26,0,0,0,0
GabrielleG_AIB_25 · Purchases,2025-05-26,0,0,0,0
GabrielleG_AIB_25 · Sign ups,2025-05-26,0,0,0,0
Inventory_Test_25,2025-05-26,0,0,0,0
JenStark_TL_25 · Sign-ups,2025-05-26,41861.0,37927.0,710.0,527.81
JonnyNies_2TL_25 · Purchases,2025-05-26,0,0,0,0
JudyChica_TL_25 · Sign-ups,2025-05-26,49213.0,46790.0,820.0,624.13
LeeUfan_From_25 · Enter draw,2025-05-26,216104.0,199959.0,5353.0,1417.96
MarkBradf_Broad_25 · Sign-ups,2025-05-26,113512.0,104036.0,1229.0,1517.86
RobertLon_MenIn_25 · Purchases,2025-05-26,0,0,0,0
RobertLon_MenIn_25 · Sign-ups,2025-05-26,0,0,0,0
ThomasL_AIB_25 · Purchases,2025-05-26,6744.0,6093.0,105.0,61.85
ThomasL_AIB_25 · Sign-ups,2025-05-26,0,0,0,0
AIB_Waitlist_25 · Sign-ups,2025-05-25,8000.0,6693.0,217.0,68.79
AliceB_AIB_25 · Purchases,2025-05-25,0,0,0,0
AliceB_AIB_25 · Sign-ups,2025-05-25,0,0,0,0
Friedrich_Storm_25 · Purchases,2025-05-25,0,0,0,0
Friedrich_Storm_25 · Sign-ups,2025-05-25,0,0,0,0
GabrielleG_AIB_25 · Purchases,2025-05-25,3314.0,3063.0,36.0,43.59
GabrielleG_AIB_25 · Sign ups,2025-05-25,0,0,0,0
Inventory_Test_25,2025-05-25,0,0,0,0
JenStark_TL_25 · Sign-ups,2025-05-25,42902.0,37248.0,826.0,536.68
JudyChica_TL_25 · Sign-ups,2025-05-25,51094.0,48625.0,789.0,660.91
LeeUfan_From_25 · Enter draw,2025-05-25,192287.0,177669.0,6148.0,1482.54
MarkBradf_Broad_25 · Sign-ups,2025-05-25,107532.0,98425.0,1261.0,1410.01
RobertLon_MenIn_25 · Purchases,2025-05-25,0,0,0,0
RobertLon_MenIn_25 · Sign-ups,2025-05-25,0,0,0,0
ThomasL_AIB_25 · Purchases,2025-05-25,5794.0,5302.0,105.0,59.95
ThomasL_AIB_25 · Sign-ups,2025-05-25,0,0,0,0
AIB_Waitlist_25 · Sign-ups,2025-05-24,4335.0,3762.0,115.0,41.14
AliceB_AIB_25 · Purchases,2025-05-24,0,0,0,0
AliceB_AIB_25 · Sign-ups,2025-05-24,0,0,0,0
Friedrich_Storm_25 · Purchases,2025-05-24,0,0,0,0
Friedrich_Storm_25 · Sign-ups,2025-05-24,0,0,0,0
GabrielleG_AIB_25 · Purchases,2025-05-24,4155.0,3676.0,62.0,58.5
GabrielleG_AIB_25 · Sign ups,2025-05-24,0,0,0,0
Inventory_Test_25,2025-05-24,0,0,0,0
JenStark_TL_25 · Sign-ups,2025-05-24,25924.0,22112.0,599.0,355.59
JonnyNies_2TL_25 · Purchases,2025-05-24,0,0,0,0
JonnyNies_2TL_25 · Sign-ups,2025-05-24,0,0,0,0
JudyChica_TL_25 · Sign-ups,2025-05-24,44381.0,42868.0,754.0,616.34
LeeUfan_From_25 · Enter draw,2025-05-24,188660.0,169832.0,7515.0,1592.3
MarkBradf_Broad_25 · Sign-ups,2025-05-24,82777.0,76791.0,1087.0,1296.12
RobertLon_MenIn_25 · Purchases,2025-05-24,0,0,0,0
ThomasL_AIB_25 · Purchases,2025-05-24,4858.0,4512.0,115.0,59.34
ThomasL_AIB_25 · Sign-ups,2025-05-24,0,0,0,0
AIB_Waitlist_25 · Sign-ups,2025-05-23,7723.0,6298.0,184.0,73.43
AliceB_AIB_25 · Purchases,2025-05-23,0,0,0,0
AliceB_AIB_25 · Sign-ups,2025-05-23,0,0,0,0
Friedrich_Storm_25 · Purchases,2025-05-23,0,0,0,0
Friedrich_Storm_25 · Sign-ups,2025-05-23,0,0,0,0
GabrielleG_AIB_25 · Purchases,2025-05-23,3483.0,3155.0,42.0,53.43
GabrielleG_AIB_25 · Sign ups,2025-05-23,0,0,0,0
Inventory_Test_25,2025-05-23,0,0,0,0
JenStark_TL_25 · Sign-ups,2025-05-23,20444.0,17250.0,596.0,304.38
JonnyNies_2TL_25 · Purchases,2025-05-23,0,0,0,0
JonnyNies_2TL_25 · Sign-ups,2025-05-23,0,0,0,0
JudyChica_TL_25 · Sign-ups,2025-05-23,38227.0,36572.0,671.0,557.46
LeeUfan_From_25 · Enter draw,2025-05-23,45971.0,43347.0,1375.0,349.44
MarkBradf_Broad_25 · Sign-ups,2025-05-23,67283.0,63462.0,736.0,990.49
RobertLon_MenIn_25 · Purchases,2025-05-23,0,0,0,0
RobertLon_MenIn_25 · Sign-ups,2025-05-23,0,0,0,0
ThomasL_AIB_25 · Purchases,2025-05-23,4800.0,4408.0,94.0,55.37
ThomasL_AIB_25 · Sign-ups,2025-05-23,0,0,0,0
AIB_Waitlist_25 · Sign-ups,2025-05-22,6134.0,5234.0,144.0,54.45
AliceB_AIB_25 · Purchases,2025-05-22,0,0,0,0
AliceB_AIB_25 · Sign-ups,2025-05-22,0,0,0,0
Friedrich_Storm_25 · Purchases,2025-05-22,0,0,0,0
Friedrich_Storm_25 · Sign-ups,2025-05-22,0,0,0,0
GabrielleG_AIB_25 · Purchases,2025-05-22,4472.0,4017.0,65.0,59.95
GabrielleG_AIB_25 · Sign ups,2025-05-22,0,0,0,0
Inventory_Test_25,2025-05-22,0,0,0,0
JenStark_TL_25 · Sign-ups,2025-05-22,28716.0,25307.0,536.0,379.49
JonnyNies_2TL_25 · Purchases,2025-05-22,0,0,0,0
JonnyNies_2TL_25 · Sign-ups,2025-05-22,0,0,0,0
JudyChica_TL_25 · Sign-ups,2025-05-22,44505.0,42901.0,701.0,595.03
MarkBradf_Broad_25 · Sign-ups,2025-05-22,67980.0,62550.0,823.0,1067.29
RobertLon_MenIn_25 · Purchases,2025-05-22,0,0,0,0
RobertLon_MenIn_25 · Sign-ups,2025-05-22,0,0,0,0
ThomasL_AIB_25 · Purchases,2025-05-22,5695.0,5191.0,83.0,60.08
ThomasL_AIB_25 · Sign-ups,2025-05-22,0,0,0,0
AIB_Waitlist_25 · Sign-ups,2025-05-21,3819.0,3523.0,63.0,28.34
AliceB_AIB_25 · Purchases,2025-05-21,0,0,0,0
AliceB_AIB_25 · Sign-ups,2025-05-21,0,0,0,0
Friedrich_Storm_25 · Purchases,2025-05-21,0,0,0,0
Friedrich_Storm_25 · Sign-ups,2025-05-21,0,0,0,0
GabrielleG_AIB_25 · Purchases,2025-05-21,4184.0,3667.0,50.0,54.19
GabrielleG_AIB_25 · Sign ups,2025-05-21,0,0,0,0
Inventory_Test_25,2025-05-21,0,0,0,0
JonnyNies_2TL_25 · Purchases,2025-05-21,0,0,0,0
JonnyNies_2TL_25 · Sign-ups,2025-05-21,0,0,0,0
JudyChica_TL_25 · Sign-ups,2025-05-21,58217.0,56203.0,869.0,692.91
MarkBradf_Broad_25 · Sign-ups,2025-05-21,65118.0,59272.0,862.0,1038.15
RobertLon_MenIn_25 · Purchases,2025-05-21,0,0,0,0
RobertLon_MenIn_25 · Sign-ups,2025-05-21,0,0,0,0
SayreGome_America_25 · Draw,2025-05-21,0,0,0,0
ThomasL_AIB_25 · Purchases,2025-05-21,4288.0,3907.0,108.0,47.49
ThomasL_AIB_25 · Sign-ups,2025-05-21,0,0,0,0
AliceB_AIB_25 · Purchases,2025-05-20,0,0,0,0
AliceB_AIB_25 · Sign-ups,2025-05-20,0,0,0,0
Friedrich_Storm_25 · Purchases,2025-05-20,21950.0,20688.0,303.0,440.82
Friedrich_Storm_25 · Sign-ups,2025-05-20,0,0,0,0
GabrielleG_AIB_25 · Purchases,2025-05-20,4940.0,4201.0,48.0,59.29
GabrielleG_AIB_25 · Sign ups,2025-05-20,0,0,0,0
Inventory_Test_25,2025-05-20,0,0,0,0
JonnyNies_2TL_25 · Purchases,2025-05-20,0,0,0,0
JonnyNies_2TL_25 · Sign-ups,2025-05-20,0,0,0,0
JudyChica_TL_25 · Sign-ups,2025-05-20,83564.0,78619.0,1001.0,816.04
MarkBradf_Broad_25 · Sign-ups,2025-05-20,92263.0,83492.0,1024.0,1238.02
RobertLon_MenIn_25 · Purchases,2025-05-20,0,0,0,0
RobertLon_MenIn_25 · Sign-ups,2025-05-20,0,0,0,0
SayreGome_America_25 · Draw,2025-05-20,0,0,0,0
ThomasL_AIB_25 · Purchases,2025-05-20,7552.0,6782.0,141.0,65.66
ThomasL_AIB_25 · Sign-ups,2025-05-20,0,0,0,0
AliceB_AIB_25 · Purchases,2025-05-19,0,0,0,0
AliceB_AIB_25 · Sign-ups,2025-05-19,0,0,0,0
Friedrich_Storm_25 · Purchases,2025-05-19,53830.0,48531.0,740.0,1068.65
Friedrich_Storm_25 · Sign-ups,2025-05-19,0,0,0,0
GabrielleG_AIB_25 · Purchases,2025-05-19,4417.0,3773.0,32.0,61.28
GabrielleG_AIB_25 · Sign ups,2025-05-19,0,0,0,0
Inventory_Test_25,2025-05-19,0,0,0,0
JonnyNies_2TL_25 · Purchases,2025-05-19,0,0,0,0
JonnyNies_2TL_25 · Sign-ups,2025-05-19,0,0,0,0
JudyChica_TL_25 · Sign-ups,2025-05-19,70421.0,66646.0,1056.0,777.28
MarkBradf_Broad_25 · Sign-ups,2025-05-19,75337.0,68082.0,986.0,1028.64
RobertLon_MenIn_25 · Purchases,2025-05-19,0,0,0,0
RobertLon_MenIn_25 · Sign-ups,2025-05-19,0,0,0,0
SayreGome_America_25 · Draw,2025-05-19,0,0,0,0
ThomasL_AIB_25 · Purchases,2025-05-19,6599.0,5955.0,137.0,60.87
ThomasL_AIB_25 · Sign-ups,2025-05-19,0,0,0,0
AliceB_AIB_25 · Purchases,2025-05-18,0,0,0,0
AliceB_AIB_25 · Sign-ups,2025-05-18,0,0,0,0
Friedrich_Storm_25 · Purchases,2025-05-18,47486.0,42596.0,701.0,1051.89
Friedrich_Storm_25 · Sign-ups,2025-05-18,0,0,0,0
GabrielleG_AIB_25 · Purchases,2025-05-18,5644.0,4774.0,65.0,73.35
GabrielleG_AIB_25 · Sign ups,2025-05-18,0,0,0,0
Inventory_Test_25,2025-05-18,0,0,0,0
JonnyNies_2TL_25 · Purchases,2025-05-18,0,0,0,0
JonnyNies_2TL_25 · Sign-ups,2025-05-18,0,0,0,0
JudyChica_TL_25 · Sign-ups,2025-05-18,66008.0,61884.0,1041.0,768.12
MarkBradf_Broad_25 · Sign-ups,2025-05-18,71134.0,65450.0,1053.0,959.8
RobertLon_MenIn_25 · Purchases,2025-05-18,0,0,0,0
RobertLon_MenIn_25 · Sign-ups,2025-05-18,0,0,0,0
SayreGome_America_25 · Draw,2025-05-18,0,0,0,0
ThomasL_AIB_25 · Purchases,2025-05-18,7097.0,6386.0,147.0,71.14
ThomasL_AIB_25 · Sign-ups,2025-05-18,0,0,0,0
AliceB_AIB_25 · Purchases,2025-05-17,0,0,0,0
AliceB_AIB_25 · Sign-ups,2025-05-17,0,0,0,0
Friedrich_Storm_25 · Purchases,2025-05-17,46353.0,41006.0,821.0,1043.98
Friedrich_Storm_25 · Sign-ups,2025-05-17,0,0,0,0
GabrielleG_AIB_25 · Purchases,2025-05-17,4146.0,3589.0,55.0,58.94
GabrielleG_AIB_25 · Sign ups,2025-05-17,0,0,0,0
Inventory_Test_25,2025-05-17,0,0,0,0
JonnyNies_2TL_25 · Purchases,2025-05-17,0,0,0,0
JonnyNies_2TL_25 · Sign-ups,2025-05-17,0,0,0,0
JudyChica_TL_25 · Sign-ups,2025-05-17,54824.0,51045.0,891.0,618.66
MarkBradf_Broad_25 · Sign-ups,2025-05-17,67104.0,61506.0,851.0,832.41
RobertLon_MenIn_25 · Purchases,2025-05-17,0,0,0,0
RobertLon_MenIn_25 · Sign-ups,2025-05-17,0,0,0,0
SayreGome_America_25 · Draw,2025-05-17,0,0,0,0
ThomasL_AIB_25 · Purchases,2025-05-17,5782.0,5204.0,122.0,61.1
ThomasL_AIB_25 · Sign-ups,2025-05-17,0,0,0,0
AliceB_AIB_25 · Purchases,2025-05-16,0,0,0,0
AliceB_AIB_25 · Sign-ups,2025-05-16,0,0,0,0
Friedrich_Storm_25 · Purchases,2025-05-16,36956.0,31618.0,679.0,922.72
Friedrich_Storm_25 · Sign-ups,2025-05-16,0,0,0,0
GabrielleG_AIB_25 · Purchases,2025-05-16,4699.0,4288.0,58.0,62.64
GabrielleG_AIB_25 · Sign ups,2025-05-16,0,0,0,0
Inventory_Test_25,2025-05-16,0,0,0,0
JonnyNies_2TL_25 · Purchases,2025-05-16,0,0,0,0
JonnyNies_2TL_25 · Sign-ups,2025-05-16,0,0,0,0
JudyChica_TL_25 · Sign-ups,2025-05-16,48229.0,44733.0,771.0,567.52
MarkBradf_Broad_25 · Sign-ups,2025-05-16,50423.0,45741.0,819.0,613.72
RobertLon_MenIn_25 · Purchases,2025-05-16,0,0,0,0
RobertLon_MenIn_25 · Sign-ups,2025-05-16,0,0,0,0
SayreGome_America_25 · Draw,2025-05-16,0,0,0,0
ThomasL_AIB_25 · Purchases,2025-05-16,5363.0,4865.0,133.0,55.03
ThomasL_AIB_25 · Sign-ups,2025-05-16,0,0,0,0
AliceB_AIB_25 · Purchases,2025-05-15,0,0,0,0
AliceB_AIB_25 · Sign-ups,2025-05-15,0,0,0,0
Boosting for Views,2025-05-15,161349.0,158303.0,0,2.16
Friedrich_Storm_25 · Purchases,2025-05-15,17027.0,15865.0,249.0,324.96
Friedrich_Storm_25 · Sign-ups,2025-05-15,35354.0,33393.0,866.0,672.36
GabrielleG_AIB_25 · Purchases,2025-05-15,4014.0,3636.0,48.0,57.69
GabrielleG_AIB_25 · Sign ups,2025-05-15,0,0,0,0
Inventory_Test_25,2025-05-15,0,0,0,0
JonnyNies_2TL_25 · Purchases,2025-05-15,0,0,0,0
JonnyNies_2TL_25 · Sign-ups,2025-05-15,0,0,0,0
JudyChica_TL_25 · Sign-ups,2025-05-15,34634.0,32079.0,770.0,421.17
MarkBradf_Broad_25 · Sign-ups,2025-05-15,53281.0,46071.0,1226.0,690.19
RobertLon_MenIn_25 · Purchases,2025-05-15,0,0,0,0
RobertLon_MenIn_25 · Sign-ups,2025-05-15,0,0,0,0
SayreGome_America_25 · Draw,2025-05-15,0,0,0,0
ThomasL_AIB_25 · Purchases,2025-05-15,6231.0,5703.0,143.0,55.6
ThomasL_AIB_25 · Sign-ups,2025-05-15,0,0,0,0
AliceB_AIB_25 · Purchases,2025-05-14,0,0,0,0
AliceB_AIB_25 · Sign-ups,2025-05-14,0,0,0,0
Boosting for Views,2025-05-14,304500.0,304500.0,0,5.18
Friedrich_Storm_25 · Sign-ups,2025-05-14,83695.0,78807.0,1872.0,1442.99
GabrielleG_AIB_25 · Purchases,2025-05-14,4321.0,4029.0,70.0,57.18
GabrielleG_AIB_25 · Sign ups,2025-05-14,0,0,0,0
Inventory_Test_25,2025-05-14,933.0,856.0,10.0,12.39
JonnyNies_2TL_25 · Purchases,2025-05-14,0,0,0,0
JonnyNies_2TL_25 · Sign-ups,2025-05-14,0,0,0,0
JudyChica_TL_25 · Sign-ups,2025-05-14,63588.0,57319.0,1311.0,720.64
MarkBradf_Broad_25 · Sign-ups,2025-05-14,25614.0,23949.0,430.0,246.1
RobertLon_MenIn_25 · Purchases,2025-05-14,0,0,0,0
RobertLon_MenIn_25 · Sign-ups,2025-05-14,0,0,0,0
SayreGome_America_25 · Draw,2025-05-14,0,0,0,0
ThomasL_AIB_25 · Purchases,2025-05-14,2378.0,2164.0,73.0,23.73
ThomasL_AIB_25 · Sign-ups,2025-05-14,0,0,0,0
AliceB_AIB_25 · Purchases,2025-05-13,1398.0,1289.0,25.0,25.31
AliceB_AIB_25 · Sign-ups,2025-05-13,0,0,0,0
Friedrich_Storm_25 · Sign-ups,2025-05-13,86708.0,82863.0,1764.0,1423.34
GabrielleG_AIB_25 · Purchases,2025-05-13,4927.0,4583.0,62.0,62.68
GabrielleG_AIB_25 · Sign ups,2025-05-13,0,0,0,0
Inventory_Test_25,2025-05-13,2623.0,2318.0,23.0,25.26
JonnyNies_2TL_25 · Purchases,2025-05-13,0,0,0,0
JonnyNies_2TL_25 · Sign-ups,2025-05-13,0,0,0,0
JudyChica_TL_25 · Sign-ups,2025-05-13,27607.0,26162.0,432.0,277.46
RobertLon_MenIn_25 · Purchases,2025-05-13,0,0,0,0
RobertLon_MenIn_25 · Sign-ups,2025-05-13,0,0,0,0
SayreGome_America_25 · Draw,2025-05-13,0,0,0,0
ThomasL_AIB_25 · Purchases,2025-05-13,7384.0,6652.0,205.0,89.25
ThomasL_AIB_25 · Sign-ups,2025-05-13,0,0,0,0
AliceB_AIB_25 · Purchases,2025-05-12,4507.0,4136.0,74.0,58.38
AliceB_AIB_25 · Sign-ups,2025-05-12,0,0,0,0
Friedrich_Storm_25 · Sign-ups,2025-05-12,95669.0,92222.0,1903.0,1596.37
GabrielleG_AIB_25 · Purchases,2025-05-12,5244.0,4935.0,65.0,58.19
GabrielleG_AIB_25 · Sign ups,2025-05-12,0,0,0,0
Inventory_Test_25,2025-05-12,3575.0,3212.0,20.0,25.73
JonnyNies_2TL_25 · Purchases,2025-05-12,0,0,0,0
JonnyNies_2TL_25 · Sign-ups,2025-05-12,0,0,0,0
RobertLon_MenIn_25 · Purchases,2025-05-12,0,0,0,0
RobertLon_MenIn_25 · Sign-ups,2025-05-12,0,0,0,0
SayreGome_America_25 · Draw,2025-05-12,0,0,0,0
ThomasL_AIB_25 · Purchases,2025-05-12,3823.0,3615.0,101.0,35.26
ThomasL_AIB_25 · Sign-ups,2025-05-12,2357.0,2335.0,58.0,13.17
AliceB_AIB_25 · Purchases,2025-05-11,3506.0,3146.0,59.0,60.05
AliceB_AIB_25 · Sign-ups,2025-05-11,0,0,0,0
Friedrich_Storm_25 · Sign-ups,2025-05-11,97999.0,93394.0,2350.0,1737.37
GabrielleG_AIB_25 · Purchases,2025-05-11,5977.0,5648.0,87.0,62.67
Inventory_Test_25,2025-05-11,2719.0,2354.0,17.0,26.76
JonnyNies_2TL_25 · Purchases,2025-05-11,0,0,0,0
JonnyNies_2TL_25 · Sign-ups,2025-05-11,0,0,0,0
RobertLon_MenIn_25 · Purchases,2025-05-11,0,0,0,0
RobertLon_MenIn_25 · Sign-ups,2025-05-11,0,0,0,0
SayreGome_America_25 · Draw,2025-05-11,0,0,0,0
ThomasL_AIB_25 · Sign-ups,2025-05-11,13290.0,13197.0,325.0,62.67
AliceB_AIB_25 · Purchases,2025-05-10,3327.0,2958.0,76.0,57.09
AliceB_AIB_25 · Sign-ups,2025-05-10,0,0,0,0
Friedrich_Storm_25 · Sign-ups,2025-05-10,74450.0,69765.0,1726.0,1435.24
GabrielleG_AIB_25 · Purchases,2025-05-10,4675.0,4335.0,71.0,55.74
Inventory_Test_25,2025-05-10,2397.0,2103.0,22.0,24.99
JonnyNies_2TL_25 · Purchases,2025-05-10,0,0,0,0
JonnyNies_2TL_25 · Sign-ups,2025-05-10,0,0,0,0
RobertLon_MenIn_25 · Purchases,2025-05-10,0,0,0,0
RobertLon_MenIn_25 · Sign-ups,2025-05-10,0,0,0,0
SayreGome_America_25 · Draw,2025-05-10,0,0,0,0
ThomasL_AIB_25 · Sign-ups,2025-05-10,10609.0,10145.0,229.0,60.34
AliceB_AIB_25 · Purchases,2025-05-09,2487.0,2196.0,69.0,44.93
AliceB_AIB_25 · Sign-ups,2025-05-09,0,0,0,0
Friedrich_Storm_25 · Sign-ups,2025-05-09,59338.0,56727.0,1549.0,1280.06
GabrielleG_AIB_25 · Purchases,2025-05-09,4135.0,3812.0,73.0,54.89
GabrielleG_AIB_25 · Sign ups,2025-05-09,0,0,0,0
Inventory_Test_25,2025-05-09,1698.0,1488.0,18.0,21.43
JonnyNies_2TL_25 · Purchases,2025-05-09,28576.0,26024.0,471.0,533.87
JonnyNies_2TL_25 · Sign-ups,2025-05-09,0,0,0,0
RobertLon_MenIn_25 · Purchases,2025-05-09,0,0,0,0
RobertLon_MenIn_25 · Sign-ups,2025-05-09,0,0,0,0
SayreGome_America_25 · Draw,2025-05-09,0,0,0,0
ThomasL_AIB_25 · Sign-ups,2025-05-09,9283.0,9033.0,222.0,58.88
AliceB_AIB_25 · Purchases,2025-05-08,4583.0,3744.0,97.0,66.54
AliceB_AIB_25 · Sign-ups,2025-05-08,0,0,0,0
Friedrich_Storm_25 · Sign-ups,2025-05-08,100228.0,95696.0,2340.0,1937.14
GabrielleG_AIB_25 · Purchases,2025-05-08,5173.0,4741.0,63.0,62.76
GabrielleG_AIB_25 · Sign ups,2025-05-08,0,0,0,0
Inventory_Test_25,2025-05-08,2322.0,2038.0,22.0,25.82
JonnyNies_2TL_25 · Purchases,2025-05-08,25427.0,23359.0,310.0,357.31
JonnyNies_2TL_25 · Sign-ups,2025-05-08,0,0,0,0
RobertLon_MenIn_25 · Purchases,2025-05-08,0,0,0,0
RobertLon_MenIn_25 · Sign-ups,2025-05-08,0,0,0,0
SayreGome_America_25 · Draw,2025-05-08,0,0,0,0
ThomasL_AIB_25 · Sign-ups,2025-05-08,12323.0,11911.0,238.0,56.94
AliceB_AIB_25 · Purchases,2025-05-07,2246.0,2108.0,26.0,28.86
AliceB_AIB_25 · Sign-ups,2025-05-07,2169.0,2140.0,31.0,16.1
Friedrich_Storm_25 · Sign-ups,2025-05-07,95266.0,89635.0,2133.0,1747.07
GabrielleG_AIB_25 · Purchases,2025-05-07,4630.0,4221.0,63.0,58.57
GabrielleG_AIB_25 · Sign ups,2025-05-07,0,0,0,0
Inventory_Test_25,2025-05-07,2047.0,1799.0,17.0,25.51
JonnyNies_2TL_25 · Sign-ups,2025-05-07,0,0,0,0
Oscaryi_Cool_25 · Draw,2025-05-07,0,0,0,0
RobertLon_MenIn_25 · Purchases,2025-05-07,0,0,0,0
RobertLon_MenIn_25 · Sign-ups,2025-05-07,0,0,0,0
SayreGome_America_25 · Draw,2025-05-07,0,0,0,0
ThomasL_AIB_25 · Sign-ups,2025-05-07,14038.0,13912.0,281.0,58.76
AliceB_AIB_25 · Sign-ups,2025-05-06,10900.0,10461.0,149.0,58.73
Friedrich_Storm_25 · Sign-ups,2025-05-06,93054.0,85490.0,1871.0,1413.71
GabrielleG_AIB_25 · Purchases,2025-05-06,4634.0,4189.0,77.0,60.11
GabrielleG_AIB_25 · Sign ups,2025-05-06,0,0,0,0
Inventory_Test_25,2025-05-06,2412.0,2139.0,23.0,25.35
JonnyNies_2TL_25 · Sign-ups,2025-05-06,0,0,0,0
Oscaryi_Cool_25 · Draw,2025-05-06,0,0,0,0
RobertLon_MenIn_25 · Purchases,2025-05-06,0,0,0,0
RobertLon_MenIn_25 · Sign-ups,2025-05-06,0,0,0,0
SayreGome_America_25 · Draw,2025-05-06,0,0,0,0
ThomasL_AIB_25 · Sign-ups,2025-05-06,14528.0,13699.0,278.0,58.17
AliceB_AIB_25 · Sign-ups,2025-05-05,11028.0,10712.0,168.0,61.91
Friedrich_Storm_25 · Sign-ups,2025-05-05,75799.0,71123.0,1459.0,1185.86
GabrielleG_AIB_25 · Purchases,2025-05-05,5516.0,4874.0,75.0,62.81
GabrielleG_AIB_25 · Sign ups,2025-05-05,0,0,0,0
Inventory_Test_25,2025-05-05,2508.0,2207.0,23.0,24.93
JonnyNies_2TL_25 · Sign-ups,2025-05-05,0,0,0,0
Oscaryi_Cool_25 · Draw,2025-05-05,0,0,0,0
RobertLon_MenIn_25 · Purchases,2025-05-05,0,0,0,0
RobertLon_MenIn_25 · Sign-ups,2025-05-05,0,0,0,0
SayreGome_America_25 · Draw,2025-05-05,0,0,0,0
ThomasL_AIB_25 · Sign-ups,2025-05-05,13087.0,12153.0,278.0,59.46
AliceB_AIB_25 · Sign-ups,2025-05-04,11784.0,11132.0,179.0,63.15
Friedrich_Storm_25 · Sign-ups,2025-05-04,69607.0,65442.0,1460.0,1004.94
GabrielleG_AIB_25 · Purchases,2025-05-04,4870.0,4268.0,79.0,64.94
GabrielleG_AIB_25 · Sign ups,2025-05-04,0,0,0,0
HajimeSor_Untitled_25 · Draw,2025-05-04,0,0,0,0
Inventory_Test_25,2025-05-04,2240.0,1987.0,14.0,26.51
JonnyNies_2TL_25 · Sign-ups,2025-05-04,0,0,0,0
Oscaryi_Cool_25 · Draw,2025-05-04,0,0,0,0
RobertLon_MenIn_25 · Purchases,2025-05-04,0,0,0,0
RobertLon_MenIn_25 · Sign-ups,2025-05-04,0,0,0,0
SayreGome_America_25 · Draw,2025-05-04,0,0,0,0
ThomasL_AIB_25 · Sign-ups,2025-05-04,13839.0,12583.0,316.0,67.43
AliceB_AIB_25 · Sign-ups,2025-05-03,10430.0,10037.0,177.0,58.69
Friedrich_Storm_25 · Sign-ups,2025-05-03,54251.0,50986.0,1277.0,858.81
GabrielleG_AIB_25 · Purchases,2025-05-03,3920.0,3434.0,62.0,56.45
GabrielleG_AIB_25 · Sign ups,2025-05-03,0,0,0,0
HajimeSor_Untitled_25 · Draw,2025-05-03,0,0,0,0
Inventory_Test_25,2025-05-03,1386.0,1209.0,12.0,22.8
JonnyNies_2TL_25 · Sign-ups,2025-05-03,0,0,0,0
Oscaryi_Cool_25 · Draw,2025-05-03,0,0,0,0
RobertLon_MenIn_25 · Purchases,2025-05-03,0,0,0,0
RobertLon_MenIn_25 · Sign-ups,2025-05-03,0,0,0,0
SayreGome_America_25 · Draw,2025-05-03,0,0,0,0
ThomasL_AIB_25 · Sign-ups,2025-05-03,9057.0,8309.0,277.0,57.81
AliceB_AIB_25 · Sign-ups,2025-05-02,9466.0,8885.0,134.0,57.71
Friedrich_Storm_25 · Sign-ups,2025-05-02,51579.0,48321.0,1164.0,861.05
GabrielleG_AIB_25 · Purchases,2025-05-02,3286.0,2752.0,52.0,66.63
GabrielleG_AIB_25 · Sign ups,2025-05-02,0,0,0,0
HajimeSor_Untitled_25 · Draw,2025-05-02,0,0,0,0
Inventory_Test_25,2025-05-02,1180.0,993.0,14.0,25.23
JonnyNies_2TL_25 · Sign-ups,2025-05-02,0,0,0,0
Oscaryi_Cool_25 · Draw,2025-05-02,0,0,0,0
RobertLon_MenIn_25 · Purchases,2025-05-02,212404.0,195597.0,2332.0,4924.26
RobertLon_MenIn_25 · Sign-ups,2025-05-02,0,0,0,0
SayreGome_America_25 · Draw,2025-05-02,0,0,0,0
ThomasL_AIB_25 · Sign-ups,2025-05-02,6447.0,6101.0,193.0,54.93
AliceB_AIB_25 · Sign-ups,2025-05-01,10009.0,9336.0,135.0,56.46
Friedrich_Storm_25 · Sign-ups,2025-05-01,61358.0,57456.0,1128.0,789.98
GabrielleG_AIB_25 · Purchases,2025-05-01,3039.0,2494.0,59.0,53.06
GabrielleG_AIB_25 · Sign ups,2025-05-01,0,0,0,0
HajimeSor_Untitled_25 · Draw,2025-05-01,0,0,0,0
Inventory_Test_25,2025-05-01,1102.0,973.0,19.0,20.62
JonnyNies_2TL_25 · Sign-ups,2025-05-01,0,0,0,0
Oscaryi_Cool_25 · Draw,2025-05-01,0,0,0,0
RobertLon_MenIn_25 · Purchases,2025-05-01,297633.0,265885.0,3361.0,6436.6
RobertLon_MenIn_25 · Sign-ups,2025-05-01,0,0,0,0
SayreGome_America_25 · Draw,2025-05-01,0,0,0,0
ThomasL_AIB_25 · Sign-ups,2025-05-01,8193.0,7364.0,218.0,64.52
AliceB_AIB_25 · Sign-ups,2025-04-30,8842.0,8472.0,151.0,51.16
Friedrich_Storm_25 · Sign-ups,2025-04-30,46800.0,44066.0,1085.0,748.58
GabrielleG_AIB_25 · Purchases,2025-04-30,1393.0,1260.0,26.0,20.43
GabrielleG_AIB_25 · Sign ups,2025-04-30,2182.0,2128.0,52.0,16.72
HajimeSor_Untitled_25 · Draw,2025-04-30,0,0,0,0
Inventory_Test_25,2025-04-30,1786.0,1602.0,22.0,25.74
JonnyNies_2TL_25 · Sign-ups,2025-04-30,0,0,0,0
Oscaryi_Cool_25 · Draw,2025-04-30,0,0,0,0
RobertLon_MenIn_25 · Purchases,2025-04-30,158742.0,145707.0,1783.0,2739.44
RobertLon_MenIn_25 · Sign-ups,2025-04-30,6434.0,6250.0,56.0,71.37
SayreGome_America_25 · Draw,2025-04-30,0,0,0,0
ThomasL_AIB_25 · Sign-ups,2025-04-30,2539.0,2405.0,48.0,19.27
TomasSanc_Pair_25 · Purchases,2025-04-30,0,0,0,0
AliceB_AIB_25 · Sign-ups,2025-04-29,8273.0,7851.0,150.0,49.7
Friedrich_Storm_25 · Sign-ups,2025-04-29,46739.0,43038.0,950.0,723.71
GabrielleG_AIB_25 · Sign ups,2025-04-29,8002.0,7598.0,136.0,54.9
HajimeSor_Untitled_25 · Draw,2025-04-29,0,0,0,0
Inventory_Test_25,2025-04-29,2209.0,1990.0,25.0,26.64
JonnyNies_2TL_25 · Sign-ups,2025-04-29,0,0,0,0
Oscaryi_Cool_25 · Draw,2025-04-29,0,0,0,0
RobertLon_MenIn_25 · Sign-ups,2025-04-29,0,0,0,0
SayreGome_America_25 · Draw,2025-04-29,0,0,0,0
TomasSanc_Pair_25 · Purchases,2025-04-29,0,0,0,0
AliceB_AIB_25 · Sign-ups,2025-04-28,10094.0,9487.0,204.0,66.51
Friedrich_Storm_25 · Sign-ups,2025-04-28,37429.0,33462.0,715.0,546.15
GabrielleG_AIB_25 · Sign ups,2025-04-28,9121.0,8632.0,135.0,63.72
HajimeSor_Untitled_25 · Draw,2025-04-28,0,0,0,0
Inventory_Test_25,2025-04-28,1894.0,1721.0,25.0,27.17
JonnyNies_2TL_25 · Sign-ups,2025-04-28,0,0,0,0
Oscaryi_Cool_25 · Draw,2025-04-28,0,0,0,0
RobertLon_MenIn_25 · Sign-ups,2025-04-28,0,0,0,0
SayreGome_America_25 · Draw,2025-04-28,0,0,0,0
TomasSanc_Pair_25 · Purchases,2025-04-28,0,0,0,0
AliceB_AIB_25 · Sign-ups,2025-04-27,10328.0,9458.0,202.0,79.68
Friedrich_Storm_25 · Sign-ups,2025-04-27,52021.0,45593.0,832.0,656.76
GabrielleG_AIB_25 · Sign ups,2025-04-27,9794.0,9169.0,117.0,64.6
HajimeSor_Untitled_25 · Draw,2025-04-27,0,0,0,0
Inventory_Test_25,2025-04-27,2077.0,1890.0,24.0,26.21
JonnyNies_2TL_25 · Sign-ups,2025-04-27,19171.0,18200.0,302.0,209.43
Oscaryi_Cool_25 · Draw,2025-04-27,0,0,0,0
RobertLon_MenIn_25 · Sign-ups,2025-04-27,10252.0,9926.0,145.0,112.91
SayreGome_America_25 · Draw,2025-04-27,0,0,0,0
TomasSanc_Pair_25 · Purchases,2025-04-27,0,0,0,0
AliceB_AIB_25 · Sign-ups,2025-04-26,5781.0,5160.0,110.0,58.33
Friedrich_Storm_25 · Sign-ups,2025-04-26,41972.0,36097.0,650.0,442.37
GabrielleG_AIB_25 · Sign ups,2025-04-26,6928.0,6249.0,99.0,56.25
HajimeSor_Untitled_25 · Draw,2025-04-26,0,0,0,0
Inventory_Test_25,2025-04-26,1810.0,1607.0,28.0,23.48
JonnyNies_2TL_25 · Sign-ups,2025-04-26,33507.0,31094.0,443.0,377.72
Oscaryi_Cool_25 · Draw,2025-04-26,0,0,0,0
RobertLon_MenIn_25 · Sign-ups,2025-04-26,20520.0,20006.0,245.0,250.93
SayreGome_America_25 · Draw,2025-04-26,0,0,0,0
TomasSanc_Pair_25 · Purchases,2025-04-26,0,0,0,0
AliceB_AIB_25 · Sign-ups,2025-04-25,2316.0,2162.0,51.0,22.71
Friedrich_Storm_25 · Sign-ups,2025-04-25,18683.0,16941.0,289.0,190.51
GabrielleG_AIB_25 · Sign ups,2025-04-25,5618.0,5102.0,95.0,54.14
HajimeSor_Untitled_25 · Draw,2025-04-25,0,0,0,0
Inventory_Test_25,2025-04-25,3632.0,3251.0,30.0,31.03
JonnyNies_2TL_25 · Sign-ups,2025-04-25,29876.0,27427.0,401.0,300.32
Oscaryi_Cool_25 · Draw,2025-04-25,0,0,0,0
RobertLon_MenIn_25 · Sign-ups,2025-04-25,35922.0,34261.0,385.0,400.32
SayreGome_America_25 · Draw,2025-04-25,0,0,0,0
TomasSanc_Pair_25 · Purchases,2025-04-25,0,0,0,0
GabrielleG_AIB_25 · Sign ups,2025-04-24,2668.0,2527.0,39.0,22.82
HajimeSor_Untitled_25 · Draw,2025-04-24,0,0,0,0
Inventory_Test_25,2025-04-24,5580.0,4559.0,23.0,48.74
JonnyNies_2TL_25 · Sign-ups,2025-04-24,53079.0,46447.0,699.0,580.24
Oscaryi_Cool_25 · Draw,2025-04-24,0,0,0,0
RobertLon_MenIn_25 · Sign-ups,2025-04-24,57039.0,53305.0,576.0,688.71
SayreGome_America_25 · Draw,2025-04-24,0,0,0,0
TomasSanc_Pair_25 · Purchases,2025-04-24,0,0,0,0
HajimeSor_Untitled_25 · Draw,2025-04-23,0,0,0,0
Inventory_Test_25,2025-04-23,7502.0,6876.0,58.0,50.62
JonnyNies_2TL_25 · Sign-ups,2025-04-23,23659.0,21823.0,188.0,214.74
Oscaryi_Cool_25 · Draw,2025-04-23,0,0,0,0
RobertLon_MenIn_25 · Sign-ups,2025-04-23,105001.0,101172.0,1084.0,1266.19
SayreGome_America_25 · Draw,2025-04-23,17320.0,14604.0,118.0,134.66
TomasSanc_Pair_25 · Purchases,2025-04-23,0,0,0,0
HajimeSor_Untitled_25 · Draw,2025-04-22,0,0,0,0
Inventory_Test_25,2025-04-22,8232.0,7499.0,64.0,48.16
Oscaryi_Cool_25 · Draw,2025-04-22,0,0,0,0
RobertLon_MenIn_25 · Sign-ups,2025-04-22,186424.0,179005.0,1709.0,1763.06
SayreGome_America_25 · Draw,2025-04-22,40865.0,35858.0,202.0,413.6
TomasSanc_Pair_25 · Purchases,2025-04-22,0,0,0,0
HajimeSor_Untitled_25 · Draw,2025-04-21,0,0,0,0
Inventory_Test_25,2025-04-21,8513.0,7823.0,68.0,49.76
Oscaryi_Cool_25 · Draw,2025-04-21,0,0,0,0
RobertLon_MenIn_25 · Sign-ups,2025-04-21,187929.0,179679.0,1965.0,1880.73
SayreGome_America_25 · Draw,2025-04-21,44642.0,37735.0,196.0,498.93
TomasSanc_Pair_25 · Purchases,2025-04-21,0,0,0,0
HajimeSor_Untitled_25 · Draw,2025-04-20,0,0,0,0
Inventory_Test_25,2025-04-20,7225.0,6497.0,68.0,53.65
Oscaryi_Cool_25 · Draw,2025-04-20,0,0,0,0
RobertLon_MenIn_25 · Sign-ups,2025-04-20,129687.0,121721.0,1689.0,1523.08
SayreGome_America_25 · Draw,2025-04-20,28715.0,23913.0,146.0,353.4
TomasSanc_Pair_25 · Purchases,2025-04-20,0,0,0,0
HajimeSor_Untitled_25 · Draw,2025-04-19,0,0,0,0
Inventory_Test_25,2025-04-19,5406.0,4905.0,51.0,51.39
Oscaryi_Cool_25 · Draw,2025-04-19,0,0,0,0
RobertLon_MenIn_25 · Sign-ups,2025-04-19,123065.0,117085.0,1714.0,1392.29
SayreGome_America_25 · Draw,2025-04-19,26357.0,19945.0,219.0,320.06
TomasSanc_Pair_25 · Purchases,2025-04-19,0,0,0,0
HajimeSor_Untitled_25 · Draw,2025-04-18,0,0,0,0
Inventory_Test_25,2025-04-18,9622.0,8722.0,77.0,47.83
Oscaryi_Cool_25 · Draw,2025-04-18,0,0,0,0
RobertLon_MenIn_25 · Sign-ups,2025-04-18,110603.0,105042.0,1677.0,1317.69
SayreGome_America_25 · Draw,2025-04-18,22645.0,19407.0,202.0,272.65
TomasSanc_Pair_25 · Purchases,2025-04-18,0,0,0,0
HajimeSor_Untitled_25 · Draw,2025-04-17,0,0,0,0
Inventory_Test_25,2025-04-17,7752.0,7104.0,76.0,47.77
Mickalene_MultiTL_25 · Purchases,2025-04-17,0,0,0,0
Oscaryi_Cool_25 · Draw,2025-04-17,0,0,0,0
RobertLon_MenIn_25 · Sign-ups,2025-04-17,85967.0,82068.0,1435.0,1163.85
TomasSanc_Pair_25 · Purchases,2025-04-17,0,0,0,0
TomasSanc_Pair_25 · Sign-ups,2025-04-17,0,0,0,0
HajimeSor_Untitled_25 · Draw,2025-04-16,0,0,0,0
Inventory_Test_25,2025-04-16,9013.0,7941.0,86.0,50.84
Mickalene_MultiTL_25 · Purchases,2025-04-16,0,0,0,0
Oscaryi_Cool_25 · Draw,2025-04-16,0,0,0,0
RobertLon_MenIn_25 · Sign-ups,2025-04-16,77673.0,74563.0,1353.0,1049.56
TomasSanc_Pair_25 · Purchases,2025-04-16,0,0,0,0
TomasSanc_Pair_25 · Sign-ups,2025-04-16,0,0,0,0
HajimeSor_Untitled_25 · Draw,2025-04-15,0,0,0,0
Inventory_Test_25,2025-04-15,4971.0,4315.0,59.0,48.45
Mickalene_MultiTL_25 · Purchases,2025-04-15,0,0,0,0
Mickalene_MultiTL_25 · Sign-ups,2025-04-15,0,0,0,0
Oscaryi_Cool_25 · Draw,2025-04-15,0,0,0,0
RobertLon_MenIn_25 · Sign-ups,2025-04-15,88225.0,83594.0,1595.0,984.53
TomasSanc_Pair_25 · Purchases,2025-04-15,0,0,0,0
TomasSanc_Pair_25 · Sign-ups,2025-04-15,0,0,0,0
HajimeSor_Untitled_25 · Draw,2025-04-14,0,0,0,0
Inventory_Test_25,2025-04-14,11504.0,10463.0,96.0,48.64
Mickalene_MultiTL_25 · Purchases,2025-04-14,0,0,0,0
Mickalene_MultiTL_25 · Sign-ups,2025-04-14,0,0,0,0
Oscaryi_Cool_25 · Draw,2025-04-14,0,0,0,0
RobertLon_MenIn_25 · Sign-ups,2025-04-14,69947.0,64975.0,1260.0,610.93
TomasSanc_Pair_25 · Purchases,2025-04-14,0,0,0,0
TomasSanc_Pair_25 · Sign-ups,2025-04-14,0,0,0,0
HajimeSor_Untitled_25 · Draw,2025-04-13,0,0,0,0
Inventory_Test_25,2025-04-13,11815.0,10565.0,73.0,54.75
Mickalene_MultiTL_25 · Purchases,2025-04-13,0,0,0,0
Mickalene_MultiTL_25 · Sign-ups,2025-04-13,0,0,0,0
Oscaryi_Cool_25 · Draw,2025-04-13,0,0,0,0
RobertLon_MenIn_25 · Sign-ups,2025-04-13,43148.0,40341.0,1094.0,485.42
TomasSanc_Pair_25 · Purchases,2025-04-13,0,0,0,0
TomasSanc_Pair_25 · Sign-ups,2025-04-13,0,0,0,0
HajimeSor_Untitled_25 · Draw,2025-04-12,0,0,0,0
Inventory_Test_25,2025-04-12,5881.0,5279.0,76.0,48.94
Mickalene_MultiTL_25 · Purchases,2025-04-12,0,0,0,0
Mickalene_MultiTL_25 · Sign-ups,2025-04-12,0,0,0,0
Oscaryi_Cool_25 · Draw,2025-04-12,0,0,0,0
RobertLon_MenIn_25 · Sign-ups,2025-04-12,32722.0,30146.0,889.0,392.38
TomasSanc_Pair_25 · Purchases,2025-04-12,0,0,0,0
TomasSanc_Pair_25 · Sign-ups,2025-04-12,0,0,0,0
HajimeSor_Untitled_25 · Draw,2025-04-11,0,0,0,0
Inventory_Test_25,2025-04-11,4763.0,4226.0,56.0,49.67
Mickalene_MultiTL_25 · Purchases,2025-04-11,0,0,0,0
Mickalene_MultiTL_25 · Sign-ups,2025-04-11,0,0,0,0
Oscaryi_Cool_25 · Draw,2025-04-11,0,0,0,0
RobertLon_MenIn_25 · Sign-ups,2025-04-11,31976.0,28933.0,950.0,365.84
TomasSanc_Pair_25 · Purchases,2025-04-11,0,0,0,0
TomasSanc_Pair_25 · Sign-ups,2025-04-11,0,0,0,0
HajimeSor_Untitled_25 · Draw,2025-04-10,0,0,0,0
Inventory_Test_25,2025-04-10,4721.0,4220.0,47.0,50.82
Mickalene_MultiTL_25 · Purchases,2025-04-10,0,0,0,0
Mickalene_MultiTL_25 · Sign-ups,2025-04-10,0,0,0,0
Oscaryi_Cool_25 · Draw,2025-04-10,0,0,0,0
RobertLon_MenIn_25 · Sign-ups,2025-04-10,19044.0,17374.0,564.0,188.23
TomasSanc_Pair_25 · Purchases,2025-04-10,0,0,0,0
TomasSanc_Pair_25 · Sign-ups,2025-04-10,0,0,0,0
HajimeSor_Untitled_25 · Draw,2025-04-09,0,0,0,0
Inventory_Test_25,2025-04-09,6217.0,5445.0,58.0,50.19
Mickalene_MultiTL_25 · Purchases,2025-04-09,0,0,0,0
Mickalene_MultiTL_25 · Sign-ups,2025-04-09,0,0,0,0
Oscaryi_Cool_25 · Draw,2025-04-09,33879.0,31005.0,453.0,304.22
TomasSanc_Pair_25 · Purchases,2025-04-09,0,0,0,0
TomasSanc_Pair_25 · Sign-ups,2025-04-09,0,0,0,0
HajimeSor_Untitled_25 · Draw,2025-04-08,0,0,0,0
Inventory_Test_25,2025-04-08,6292.0,5521.0,66.0,47.42
Mickalene_MultiTL_25 · Purchases,2025-04-08,0,0,0,0
Mickalene_MultiTL_25 · Sign-ups,2025-04-08,0,0,0,0
Oscaryi_Cool_25 · Draw,2025-04-08,37733.0,33758.0,545.0,294.15
TomasSanc_Pair_25 · Purchases,2025-04-08,0,0,0,0
TomasSanc_Pair_25 · Sign-ups,2025-04-08,0,0,0,0
HajimeSor_Untitled_25 · Draw,2025-04-07,0,0,0,0
Inventory_Test_25,2025-04-07,6735.0,6043.0,72.0,49.97
Mickalene_MultiTL_25 · Purchases,2025-04-07,0,0,0,0
Mickalene_MultiTL_25 · Sign-ups,2025-04-07,0,0,0,0
Oscaryi_Cool_25 · Draw,2025-04-07,36360.0,33119.0,540.0,367.15
TomasSanc_Pair_25 · Purchases,2025-04-07,0,0,0,0
TomasSanc_Pair_25 · Sign-ups,2025-04-07,0,0,0,0
HajimeSor_Untitled_25 · Draw,2025-04-06,0,0,0,0
Inventory_Test_25,2025-04-06,5072.0,4572.0,55.0,52.74
Mickalene_MultiTL_25 · Purchases,2025-04-06,0,0,0,0
Mickalene_MultiTL_25 · Sign-ups,2025-04-06,0,0,0,0
Oscaryi_Cool_25 · Draw,2025-04-06,49077.0,44566.0,633.0,409.61
TomasSanc_Pair_25 · Purchases,2025-04-06,0,0,0,0
TomasSanc_Pair_25 · Sign-ups,2025-04-06,0,0,0,0
HajimeSor_Untitled_25 · Draw,2025-04-05,145098.0,134936.0,1176.0,1077.65
Inventory_Test_25,2025-04-05,4803.0,4340.0,78.0,52.41
Mickalene_MultiTL_25 · Purchases,2025-04-05,0,0,0,0
Mickalene_MultiTL_25 · Sign-ups,2025-04-05,0,0,0,0
Oscaryi_Cool_25 · Draw,2025-04-05,27431.0,24455.0,337.0,318.38
TomasSanc_Pair_25 · Purchases,2025-04-05,0,0,0,0
TomasSanc_Pair_25 · Sign-ups,2025-04-05,0,0,0,0
HajimeSor_Untitled_25 · Draw,2025-04-04,137562.0,127167.0,1280.0,961.68
Inventory_Test_25,2025-04-04,4269.0,3811.0,75.0,46.7
Mickalene_MultiTL_25 · Purchases,2025-04-04,0,0,0,0
Mickalene_MultiTL_25 · Sign-ups,2025-04-04,0,0,0,0
Oscaryi_Cool_25 · Draw,2025-04-04,43034.0,38736.0,499.0,497.49
TomasSanc_Pair_25 · Purchases,2025-04-04,0,0,0,0
TomasSanc_Pair_25 · Sign-ups,2025-04-04,0,0,0,0
HajimeSor_Untitled_25 · Draw,2025-04-03,142812.0,129189.0,1266.0,948.68
Inventory_Test_25,2025-04-03,3739.0,3292.0,61.0,46.83
Mickalene_MultiTL_25 · Purchases,2025-04-03,0,0,0,0
Mickalene_MultiTL_25 · Sign-ups,2025-04-03,0,0,0,0
Oscaryi_Cool_25 · Draw,2025-04-03,34248.0,30497.0,531.0,477.76
TomasSanc_Pair_25 · Purchases,2025-04-03,0,0,0,0
TomasSanc_Pair_25 · Sign-ups,2025-04-03,0,0,0,0
HajimeSor_Untitled_25 · Draw,2025-04-02,139290.0,126015.0,1340.0,1000.86
Inventory_Test_25,2025-04-02,4097.0,3667.0,106.0,53.38
Mickalene_MultiTL_25 · Purchases,2025-04-02,0,0,0,0
Mickalene_MultiTL_25 · Sign-ups,2025-04-02,0,0,0,0
Oscaryi_Cool_25 · Draw,2025-04-02,26009.0,22335.0,561.0,320.64
TomasSanc_Pair_25 · Purchases,2025-04-02,213682.0,194460.0,2803.0,3160.45
TomasSanc_Pair_25 · Sign-ups,2025-04-02,0,0,0,0
HajimeSor_Untitled_25 · Draw,2025-04-01,129678.0,117273.0,1223.0,975.45
Inventory_Test_25,2025-04-01,3965.0,3436.0,92.0,49.21
Mickalene_MultiTL_25 · Purchases,2025-04-01,0,0,0,0
Mickalene_MultiTL_25 · Sign-ups,2025-04-01,0,0,0,0
Oscaryi_Cool_25 · Draw,2025-04-01,1045.0,951.0,24.0,9.51
TomasSanc_Pair_25 · Purchases,2025-04-01,324377.0,284005.0,4687.0,5246.19
TomasSanc_Pair_25 · Sign-ups,2025-04-01,0,0,0,0
HajimeSor_Untitled_25 · Draw,2025-03-31,145968.0,134496.0,1129.0,985.54
Inventory_Test_25,2025-03-31,4587.0,4055.0,86.0,47.96
Mickalene_MultiTL_25 · Purchases,2025-03-31,0,0,0,0
Mickalene_MultiTL_25 · Sign-ups,2025-03-31,0,0,0,0
TomasSanc_Pair_25 · Purchases,2025-03-31,199351.0,181428.0,2556.0,2628.28
TomasSanc_Pair_25 · Sign-ups,2025-03-31,0,0,0,0
HajimeSor_Untitled_25 · Draw,2025-03-30,154012.0,143640.0,1306.0,1049.01
Inventory_Test_25,2025-03-30,5055.0,4453.0,143.0,53.19
Mickalene_MultiTL_25 · Purchases,2025-03-30,0,0,0,0
Mickalene_MultiTL_25 · Sign-ups,2025-03-30,0,0,0,0
TomasSanc_Pair_25 · Sign-ups,2025-03-30,0,0,0,0
HajimeSor_Untitled_25 · Draw,2025-03-29,130535.0,120711.0,1031.0,943.6
Inventory_Test_25,2025-03-29,4687.0,3981.0,144.0,47.52
Mickalene_MultiTL_25 · Purchases,2025-03-29,0,0,0,0
Mickalene_MultiTL_25 · Sign-ups,2025-03-29,0,0,0,0
TomasSanc_Pair_25 · Sign-ups,2025-03-29,0,0,0,0
HajimeSor_Untitled_25 · Draw,2025-03-28,132837.0,121884.0,1207.0,923.45
Inventory_Test_25,2025-03-28,2223.0,1992.0,72.0,23.77
Mickalene_MultiTL_25 · Purchases,2025-03-28,0,0,0,0
Mickalene_MultiTL_25 · Sign-ups,2025-03-28,0,0,0,0
ShirinNes_TL_25 · Purchases,2025-03-28,0,0,0,0
TomasSanc_Pair_25 · Sign-ups,2025-03-28,0,0,0,0
HajimeSor_Untitled_25 · Draw,2025-03-27,135188.0,122460.0,1239.0,913.3
Mickalene_MultiTL_25 · Purchases,2025-03-27,0,0,0,0
Mickalene_MultiTL_25 · Sign-ups,2025-03-27,0,0,0,0
ShirinNes_TL_25 · Purchases,2025-03-27,0,0,0,0
TomasSanc_Pair_25 · Sign-ups,2025-03-27,0,0,0,0
HajimeSor_Untitled_25 · Draw,2025-03-26,141117.0,128728.0,1381.0,927.11
Mickalene_MultiTL_25 · Purchases,2025-03-26,0,0,0,0
Mickalene_MultiTL_25 · Sign-ups,2025-03-26,0,0,0,0
ShirinNes_TL_25 · Purchases,2025-03-26,0,0,0,0
TomasSanc_Pair_25 · Sign-ups,2025-03-26,0,0,0,0
HajimeSor_Untitled_25 · Draw,2025-03-25,172804.0,154369.0,2183.0,1240.68
Mickalene_MultiTL_25 · Purchases,2025-03-25,0,0,0,0
Mickalene_MultiTL_25 · Sign-ups,2025-03-25,0,0,0,0
ShirinNes_TL_25 · Purchases,2025-03-25,0,0,0,0
TomasSanc_Pair_25 · Sign-ups,2025-03-25,0,0,0,0
HajimeSor_Untitled_25 · Draw,2025-03-24,112172.0,102270.0,1238.0,860.6
Mickalene_MultiTL_25 · Purchases,2025-03-24,0,0,0,0
Mickalene_MultiTL_25 · Sign-ups,2025-03-24,0,0,0,0
ShirinNes_TL_25 · Purchases,2025-03-24,0,0,0,0
TomasSanc_Pair_25 · Sign-ups,2025-03-24,0,0,0,0
HajimeSor_Untitled_25 · Draw,2025-03-23,97711.0,88747.0,1214.0,789.35
Mickalene_MultiTL_25 · Purchases,2025-03-23,0,0,0,0
Mickalene_MultiTL_25 · Sign-ups,2025-03-23,0,0,0,0
ShirinNes_TL_25 · Purchases,2025-03-23,0,0,0,0
TomasSanc_Pair_25 · Sign-ups,2025-03-23,0,0,0,0
HajimeSor_Untitled_25 · Draw,2025-03-22,79299.0,71324.0,1066.0,552.35
Mickalene_MultiTL_25 · Purchases,2025-03-22,0,0,0,0
Mickalene_MultiTL_25 · Sign-ups,2025-03-22,0,0,0,0
ShirinNes_TL_25 · Purchases,2025-03-22,0,0,0,0
TomasSanc_Pair_25 · Sign-ups,2025-03-22,0,0,0,0
HajimeSor_Untitled_25 · Draw,2025-03-21,143027.0,122041.0,1898.0,1127.54
JamesJean_Maze_25 · Purchases,2025-03-21,0,0,0,0
Mickalene_MultiTL_25 · Purchases,2025-03-21,0,0,0,0
Mickalene_MultiTL_25 · Sign-ups,2025-03-21,0,0,0,0
ShirinNes_TL_25 · Purchases,2025-03-21,0,0,0,0
TomasSanc_Pair_25 · Sign-ups,2025-03-21,0,0,0,0
HajimeSor_Untitled_25 · Draw,2025-03-20,96235.0,77281.0,1756.0,879.91
JamesJean_Maze_25 · Purchases,2025-03-20,0,0,0,0
Mickalene_MultiTL_25 · Purchases,2025-03-20,22434.0,20563.0,587.0,705.29
Mickalene_MultiTL_25 · Sign-ups,2025-03-20,0,0,0,0
ShirinNes_TL_25 · Purchases,2025-03-20,0,0,0,0
TomasSanc_Pair_25 · Sign-ups,2025-03-20,31611.0,29260.0,360.0,288.15
HajimeSor_Untitled_25 · Draw,2025-03-19,18748.0,16542.0,411.0,209.71
JamesJean_Maze_25 · Purchases,2025-03-19,0,0,0,0
Mickalene_MultiTL_25 · Purchases,2025-03-19,176331.0,157273.0,3785.0,5066.49
Mickalene_MultiTL_25 · Sign-ups,2025-03-19,0,0,0,0
ShirinNes_TL_25 · Purchases,2025-03-19,0,0,0,0
TomasSanc_Pair_25 · Sign-ups,2025-03-19,87037.0,78443.0,767.0,674.75
JamesJean_Maze_25 · Purchases,2025-03-18,0,0,0,0
JamesJean_Maze_25 · Sign-ups,2025-03-18,0,0,0,0
Mickalene_MultiTL_25 · Purchases,2025-03-18,151432.0,141489.0,2632.0,3011.88
Mickalene_MultiTL_25 · Sign-ups,2025-03-18,44018.0,42965.0,1020.0,1084.64
ShirinNes_TL_25 · Purchases,2025-03-18,0,0,0,0
TomasSanc_Pair_25 · Sign-ups,2025-03-18,184479.0,168037.0,1609.0,1283.88
JamesJean_Maze_25 · Purchases,2025-03-17,0,0,0,0
JamesJean_Maze_25 · Sign-ups,2025-03-17,0,0,0,0
Mickalene_MultiTL_25 · Sign-ups,2025-03-17,240146.0,230630.0,4651.0,5208.71
ShirinNes_TL_25 · Purchases,2025-03-17,0,0,0,0
TomasSanc_Pair_25 · Sign-ups,2025-03-17,223729.0,197676.0,1897.0,1354.23
JamesJean_Maze_25 · Purchases,2025-03-16,0,0,0,0
JamesJean_Maze_25 · Sign-ups,2025-03-16,0,0,0,0
Mickalene_MultiTL_25 · Sign-ups,2025-03-16,228251.0,220737.0,5120.0,5165.89
ShirinNes_TL_25 · Purchases,2025-03-16,0,0,0,0
TomasSanc_Pair_25 · Sign-ups,2025-03-16,202195.0,184124.0,2240.0,1440.46
JamesJean_Maze_25 · Purchases,2025-03-15,0,0,0,0
JamesJean_Maze_25 · Sign-ups,2025-03-15,0,0,0,0
Mickalene_MultiTL_25 · Sign-ups,2025-03-15,204307.0,197328.0,4673.0,4792.09
ShirinNes_TL_25 · Purchases,2025-03-15,0,0,0,0
TomasSanc_Pair_25 · Sign-ups,2025-03-15,171620.0,156286.0,1991.0,1324.34
JamesJean_Maze_25 · Purchases,2025-03-14,0,0,0,0
JamesJean_Maze_25 · Sign-ups,2025-03-14,0,0,0,0
Mickalene_MultiTL_25 · Sign-ups,2025-03-14,194184.0,188081.0,4409.0,4486.89
ShirinNes_TL_25 · Purchases,2025-03-14,0,0,0,0
ShirinNes_TL_25 · Sign-ups,2025-03-14,0,0,0,0
TomasSanc_Pair_25 · Sign-ups,2025-03-14,159785.0,146367.0,1922.0,1197.82
WillCotto_Unicorn_25 ‧ Draw,2025-03-14,0,0,0,0
JamesJean_Maze_25 · Purchases,2025-03-13,0,0,0,0
JamesJean_Maze_25 · Sign-ups,2025-03-13,0,0,0,0
Mickalene_MultiTL_25 · Sign-ups,2025-03-13,203072.0,195961.0,4824.0,4128.29
ShirinNes_TL_25 · Purchases,2025-03-13,0,0,0,0
ShirinNes_TL_25 · Sign-ups,2025-03-13,0,0,0,0
TomasSanc_Pair_25 · Sign-ups,2025-03-13,160215.0,148584.0,1937.0,1122.55
WillCotto_Unicorn_25 ‧ Draw,2025-03-13,0,0,0,0
JamesJean_Maze_25 · Purchases,2025-03-12,0,0,0,0
JamesJean_Maze_25 · Sign-ups,2025-03-12,0,0,0,0
Mickalene_MultiTL_25 · Sign-ups,2025-03-12,210941.0,203995.0,4766.0,3923.4
ShirinNes_TL_25 · Purchases,2025-03-12,0,0,0,0
ShirinNes_TL_25 · Sign-ups,2025-03-12,0,0,0,0
TomasSanc_Pair_25 · Sign-ups,2025-03-12,147070.0,133830.0,1801.0,1059.31
WillCotto_Unicorn_25 ‧ Draw,2025-03-12,0,0,0,0
JamesJean_Maze_25 · Purchases,2025-03-11,0,0,0,0
JamesJean_Maze_25 · Sign-ups,2025-03-11,0,0,0,0
Mickalene_MultiTL_25 · Sign-ups,2025-03-11,186356.0,179099.0,4664.0,3380.03
ShirinNes_TL_25 · Purchases,2025-03-11,0,0,0,0
ShirinNes_TL_25 · Sign-ups,2025-03-11,0,0,0,0
TomasSanc_Pair_25 · Sign-ups,2025-03-11,137538.0,126240.0,2030.0,978.94
WillCotto_Unicorn_25 ‧ Draw,2025-03-11,0,0,0,0
JamesJean_Maze_25 · Purchases,2025-03-10,0,0,0,0
JamesJean_Maze_25 · Sign-ups,2025-03-10,0,0,0,0
Mickalene_MultiTL_25 · Sign-ups,2025-03-10,161962.0,156175.0,3776.0,2751.06
ShirinNes_TL_25 · Purchases,2025-03-10,0,0,0,0
ShirinNes_TL_25 · Sign-ups,2025-03-10,0,0,0,0
TomasSanc_Pair_25 · Sign-ups,2025-03-10,141111.0,129303.0,1888.0,814.63
WillCotto_Unicorn_25 ‧ Draw,2025-03-10,0,0,0,0
JamesJean_Maze_25 · Purchases,2025-03-09,0,0,0,0
JamesJean_Maze_25 · Sign-ups,2025-03-09,0,0,0,0
Mickalene_MultiTL_25 · Sign-ups,2025-03-09,159221.0,150921.0,3753.0,2515.42
ShirinNes_TL_25 · Purchases,2025-03-09,0,0,0,0
ShirinNes_TL_25 · Sign-ups,2025-03-09,0,0,0,0
TomasSanc_Pair_25 · Sign-ups,2025-03-09,125682.0,114385.0,1649.0,751.9
WillCotto_Unicorn_25 ‧ Draw,2025-03-09,0,0,0,0
JamesJean_Maze_25 · Purchases,2025-03-08,0,0,0,0
JamesJean_Maze_25 · Sign-ups,2025-03-08,0,0,0,0
Mickalene_MultiTL_25 · Sign-ups,2025-03-08,101982.0,95902.0,2519.0,1735.67
ShirinNes_TL_25 · Purchases,2025-03-08,0,0,0,0
ShirinNes_TL_25 · Sign-ups,2025-03-08,0,0,0,0
TomasSanc_Pair_25 · Sign-ups,2025-03-08,104603.0,95033.0,1459.0,619.22
WillCotto_Unicorn_25 ‧ Draw,2025-03-08,0,0,0,0
BarryMcge_TL2_25 · Purchases,2025-03-07,0,0,0,0
JamesJean_Maze_25 · Purchases,2025-03-07,0,0,0,0
JamesJean_Maze_25 · Sign-ups,2025-03-07,0,0,0,0
Mickalene_MultiTL_25 · Sign-ups,2025-03-07,120491.0,114682.0,2493.0,1746.49
ShirinNes_TL_25 · Purchases,2025-03-07,0,0,0,0
ShirinNes_TL_25 · Sign-ups,2025-03-07,0,0,0,0
TomasSanc_Pair_25 · Sign-ups,2025-03-07,102309.0,90124.0,1591.0,539.33
WillCotto_Unicorn_25 ‧ Draw,2025-03-07,0,0,0,0
BarryMcge_TL2_25 · Purchases,2025-03-06,0,0,0,0
JamesJean_Maze_25 · Purchases,2025-03-06,0,0,0,0
JamesJean_Maze_25 · Sign-ups,2025-03-06,0,0,0,0
Mickalene_MultiTL_25 · Sign-ups,2025-03-06,119911.0,115051.0,2461.0,1484.73
ShirinNes_TL_25 · Purchases,2025-03-06,0,0,0,0
ShirinNes_TL_25 · Sign-ups,2025-03-06,0,0,0,0
TomasSanc_Pair_25 · Sign-ups,2025-03-06,62317.0,55818.0,1133.0,358.34
WillCotto_Unicorn_25 ‧ Draw,2025-03-06,0,0,0,0
BarryMcge_TL2_25 · Purchases,2025-03-05,0,0,0,0
BarryMcge_TL2_25 · Sign-ups,2025-03-05,0,0,0,0
JamesJean_Maze_25 · Purchases,2025-03-05,0,0,0,0
JamesJean_Maze_25 · Sign-ups,2025-03-05,0,0,0,0
Mickalene_MultiTL_25 · Sign-ups,2025-03-05,101465.0,96611.0,2468.0,1248.43
ShirinNes_TL_25 · Purchases,2025-03-05,0,0,0,0
ShirinNes_TL_25 · Sign-ups,2025-03-05,0,0,0,0
TomasSanc_Pair_25 · Sign-ups,2025-03-05,159751.0,130015.0,3380.0,1119.37
WillCotto_Unicorn_25 ‧ Draw,2025-03-05,0,0,0,0
BarryMcge_TL2_25 · Purchases,2025-03-04,0,0,0,0
BarryMcge_TL2_25 · Sign-ups,2025-03-04,0,0,0,0
JamesJean_Maze_25 · Purchases,2025-03-04,0,0,0,0
JamesJean_Maze_25 · Sign-ups,2025-03-04,0,0,0,0
Mickalene_MultiTL_25 · Sign-ups,2025-03-04,97795.0,92475.0,2813.0,1277.52
ShirinNes_TL_25 · Purchases,2025-03-04,0,0,0,0
ShirinNes_TL_25 · Sign-ups,2025-03-04,0,0,0,0
TomasSanc_Pair_25 · Sign-ups,2025-03-04,13553.0,13294.0,152.0,125.13
WillCotto_Unicorn_25 ‧ Draw,2025-03-04,0,0,0,0
BarryMcge_TL2_25 · Purchases,2025-03-03,0,0,0,0
BarryMcge_TL2_25 · Sign-ups,2025-03-03,0,0,0,0
JamesJean_Maze_25 · Purchases,2025-03-03,0,0,0,0
JamesJean_Maze_25 · Sign-ups,2025-03-03,0,0,0,0
Mickalene_MultiTL_25 · Sign-ups,2025-03-03,82335.0,76829.0,2565.0,986.08
ShirinNes_TL_25 · Purchases,2025-03-03,0,0,0,0
ShirinNes_TL_25 · Sign-ups,2025-03-03,0,0,0,0
WillCotto_Unicorn_25 ‧ Draw,2025-03-03,0,0,0,0
BarryMcge_TL2_25 · Purchases,2025-03-02,0,0,0,0
BarryMcge_TL2_25 · Sign-ups,2025-03-02,0,0,0,0
Boosting for Views,2025-03-02,992391.0,989140.0,35.0,15.66
JamesJean_Maze_25 · Purchases,2025-03-02,0,0,0,0
JamesJean_Maze_25 · Sign-ups,2025-03-02,0,0,0,0
Mickalene_MultiTL_25 · Sign-ups,2025-03-02,91709.0,82847.0,3140.0,1061.12
ShirinNes_TL_25 · Purchases,2025-03-02,0,0,0,0
ShirinNes_TL_25 · Sign-ups,2025-03-02,0,0,0,0
WillCotto_Unicorn_25 ‧ Draw,2025-03-02,0,0,0,0
BarryMcge_TL2_25 · Purchases,2025-03-01,0,0,0,0
BarryMcge_TL2_25 · Sign-ups,2025-03-01,0,0,0,0
JamesJean_Maze_25 · Purchases,2025-03-01,0,0,0,0
JamesJean_Maze_25 · Sign-ups,2025-03-01,0,0,0,0
Mickalene_MultiTL_25 · Sign-ups,2025-03-01,25761.0,23930.0,913.0,291.64
ShirinNes_TL_25 · Purchases,2025-03-01,0,0,0,0
ShirinNes_TL_25 · Sign-ups,2025-03-01,0,0,0,0
WillCotto_Unicorn_25 ‧ Draw,2025-03-01,0,0,0,0
BarryMcge_TL2_25 · Purchases,2025-02-28,0,0,0,0
BarryMcge_TL2_25 · Sign-ups,2025-02-28,0,0,0,0
JamesJean_Maze_25 · Purchases,2025-02-28,0,0,0,0
JamesJean_Maze_25 · Sign-ups,2025-02-28,0,0,0,0
ShirinNes_TL_25 · Purchases,2025-02-28,93060.0,84909.0,1262.0,1999.51
ShirinNes_TL_25 · Sign-ups,2025-02-28,0,0,0,0
WillCotto_Unicorn_25 ‧ Draw,2025-02-28,0,0,0,0
BarryMcge_TL2_25 · Purchases,2025-02-27,0,0,0,0
BarryMcge_TL2_25 · Sign-ups,2025-02-27,0,0,0,0
JamesJean_Maze_25 · Purchases,2025-02-27,0,0,0,0
JamesJean_Maze_25 · Sign-ups,2025-02-27,0,0,0,0
ShirinNes_TL_25 · Purchases,2025-02-27,129153.0,107370.0,1851.0,2986.58
ShirinNes_TL_25 · Sign-ups,2025-02-27,0,0,0,0
WillCotto_Unicorn_25 ‧ Draw,2025-02-27,0,0,0,0
BarryMcge_TL2_25 · Purchases,2025-02-26,0,0,0,0
BarryMcge_TL2_25 · Sign-ups,2025-02-26,0,0,0,0
JamesJean_Maze_25 · Purchases,2025-02-26,0,0,0,0
JamesJean_Maze_25 · Sign-ups,2025-02-26,0,0,0,0
ShirinNes_TL_25 · Purchases,2025-02-26,65370.0,56806.0,1107.0,1212.77
ShirinNes_TL_25 · Sign-ups,2025-02-26,0,0,0,0
WillCotto_Unicorn_25 ‧ Draw,2025-02-26,0,0,0,0
BarryMcge_TL2_25 · Purchases,2025-02-25,0,0,0,0
BarryMcge_TL2_25 · Sign-ups,2025-02-25,0,0,0,0
JamesJean_Maze_25 · Purchases,2025-02-25,0,0,0,0
JamesJean_Maze_25 · Sign-ups,2025-02-25,0,0,0,0
ShirinNes_TL_25 · Sign-ups,2025-02-25,0,0,0,0
WillCotto_Unicorn_25 ‧ Draw,2025-02-25,0,0,0,0
AiWeiwei_Snake_25 - Sign-ups,2025-02-24,0,0,0,0
BarryMcge_TL2_25 · Purchases,2025-02-24,0,0,0,0
BarryMcge_TL2_25 · Sign-ups,2025-02-24,0,0,0,0
JamesJean_Maze_25 · Purchases,2025-02-24,0,0,0,0
JamesJean_Maze_25 · Sign-ups,2025-02-24,0,0,0,0
ShirinNes_TL_25 · Sign-ups,2025-02-24,0,0,0,0
WillCotto_Unicorn_25 ‧ Draw,2025-02-24,0,0,0,0
AiWeiwei_Snake_25 - Sign-ups,2025-02-23,0,0,0,0
BarryMcge_TL2_25 · Purchases,2025-02-23,0,0,0,0
BarryMcge_TL2_25 · Sign-ups,2025-02-23,0,0,0,0
JamesJean_Maze_25 · Purchases,2025-02-23,0,0,0,0
JamesJean_Maze_25 · Sign-ups,2025-02-23,0,0,0,0
ShirinNes_TL_25 · Sign-ups,2025-02-23,0,0,0,0
WillCotto_Unicorn_25 ‧ Draw,2025-02-23,0,0,0,0
AiWeiwei_Snake_25 - Sign-ups,2025-02-22,0,0,0,0
BarryMcge_TL2_25 · Purchases,2025-02-22,0,0,0,0
BarryMcge_TL2_25 · Sign-ups,2025-02-22,0,0,0,0
JamesJean_Maze_25 · Purchases,2025-02-22,0,0,0,0
JamesJean_Maze_25 · Sign-ups,2025-02-22,0,0,0,0
ShirinNes_TL_25 · Sign-ups,2025-02-22,0,0,0,0
WillCotto_Unicorn_25 ‧ Draw,2025-02-22,0,0,0,0
AiWeiwei_Snake_25 - Sign-ups,2025-02-21,0,0,0,0
BarryMcge_TL2_25 · Purchases,2025-02-21,0,0,0,0
BarryMcge_TL2_25 · Sign-ups,2025-02-21,0,0,0,0
DanielleM_Sand_25 · Purchases,2025-02-21,0,0,0,0
JamesJean_Maze_25 · Purchases,2025-02-21,74890.0,64468.0,1028.0,872.75
JamesJean_Maze_25 · Sign-ups,2025-02-21,0,0,0,0
ShirinNes_TL_25 · Sign-ups,2025-02-21,0,0,0,0
WillCotto_Unicorn_25 ‧ Draw,2025-02-21,0,0,0,0
AiWeiwei_Snake_25 - Sign-ups,2025-02-20,0,0,0,0
BarryMcge_TL2_25 · Purchases,2025-02-20,0,0,0,0
BarryMcge_TL2_25 · Sign-ups,2025-02-20,0,0,0,0
DanielleM_Sand_25 · Purchases,2025-02-20,0,0,0,0
DanielleM_Sand_25 · Sign-ups,2025-02-20,0,0,0,0
JamesJean_Maze_25 · Purchases,2025-02-20,119790.0,94410.0,1848.0,1271.58
JamesJean_Maze_25 · Sign-ups,2025-02-20,0,0,0,0
ShirinNes_TL_25 · Sign-ups,2025-02-20,0,0,0,0
WillCotto_Unicorn_25 ‧ Draw,2025-02-20,0,0,0,0
AiWeiwei_Snake_25 - Sign-ups,2025-02-19,0,0,0,0
BarryMcge_TL2_25 · Purchases,2025-02-19,0,0,0,0
BarryMcge_TL2_25 · Sign-ups,2025-02-19,0,0,0,0
DanielleM_Sand_25 · Purchases,2025-02-19,0,0,0,0
DanielleM_Sand_25 · Sign-ups,2025-02-19,0,0,0,0
JamesJean_Maze_25 · Purchases,2025-02-19,27658.0,24684.0,536.0,285.3
JamesJean_Maze_25 · Sign-ups,2025-02-19,0,0,0,0
Multiple_Amphorae_24 · Draw,2025-02-19,0,0,0,0
ShirinNes_TL_25 · Sign-ups,2025-02-19,0,0,0,0
WillCotto_Unicorn_25 ‧ Draw,2025-02-19,0,0,0,0
AiWeiwei_Snake_25 - Sign-ups,2025-02-18,0,0,0,0
BarryMcge_TL2_25 · Purchases,2025-02-18,0,0,0,0
BarryMcge_TL2_25 · Sign-ups,2025-02-18,0,0,0,0
DanielleM_Sand_25 · Purchases,2025-02-18,0,0,0,0
DanielleM_Sand_25 · Sign-ups,2025-02-18,0,0,0,0
JamesJean_Maze_25 · Sign-ups,2025-02-18,294046.0,286209.0,3232.0,3138.73
Multiple_Amphorae_24 · Draw,2025-02-18,0,0,0,0
ShirinNes_TL_25 · Sign-ups,2025-02-18,0,0,0,0
WillCotto_Unicorn_25 ‧ Draw,2025-02-18,0,0,0,0
AiWeiwei_Snake_25 - Sign-ups,2025-02-17,0,0,0,0
BarryMcge_TL2_25 · Purchases,2025-02-17,0,0,0,0
BarryMcge_TL2_25 · Sign-ups,2025-02-17,0,0,0,0
DanielleM_Sand_25 · Purchases,2025-02-17,0,0,0,0
DanielleM_Sand_25 · Sign-ups,2025-02-17,0,0,0,0
JamesJean_Maze_25 · Sign-ups,2025-02-17,379715.0,366959.0,3967.0,3956.62
Multiple_Amphorae_24 · Draw,2025-02-17,0,0,0,0
ShirinNes_TL_25 · Sign-ups,2025-02-17,0,0,0,0
WillCotto_Unicorn_25 ‧ Draw,2025-02-17,0,0,0,0
AiWeiwei_Snake_25 - Sign-ups,2025-02-16,0,0,0,0
BarryMcge_TL2_25 · Purchases,2025-02-16,0,0,0,0
BarryMcge_TL2_25 · Sign-ups,2025-02-16,0,0,0,0
DanielleM_Sand_25 · Purchases,2025-02-16,0,0,0,0
DanielleM_Sand_25 · Sign-ups,2025-02-16,0,0,0,0
JamesJean_Maze_25 · Sign-ups,2025-02-16,97444.0,96588.0,822.0,1187.61
Multiple_Amphorae_24 · Draw,2025-02-16,0,0,0,0
ShirinNes_TL_25 · Sign-ups,2025-02-16,0,0,0,0
WillCotto_Unicorn_25 ‧ Draw,2025-02-16,0,0,0,0
AiWeiwei_Snake_25 - Sign-ups,2025-02-15,0,0,0,0
BarryMcge_TL2_25 · Purchases,2025-02-15,0,0,0,0
BarryMcge_TL2_25 · Sign-ups,2025-02-15,0,0,0,0
DanielleM_Sand_25 · Purchases,2025-02-15,0,0,0,0
DanielleM_Sand_25 · Sign-ups,2025-02-15,0,0,0,0
JamesJean_Maze_25 · Sign-ups,2025-02-15,111346.0,106469.0,1106.0,1193.09
Multiple_Amphorae_24 · Draw,2025-02-15,0,0,0,0
ShirinNes_TL_25 · Sign-ups,2025-02-15,0,0,0,0
WillCotto_Unicorn_25 ‧ Draw,2025-02-15,0,0,0,0
AiWeiwei_Snake_25 - Sign-ups,2025-02-14,0,0,0,0
BarryMcge_TL2_25 · Purchases,2025-02-14,0,0,0,0
BarryMcge_TL2_25 · Sign-ups,2025-02-14,0,0,0,0
DanielleM_Sand_25 · Purchases,2025-02-14,0,0,0,0
DanielleM_Sand_25 · Sign-ups,2025-02-14,0,0,0,0
JamesJean_Maze_25 · Sign-ups,2025-02-14,189610.0,181981.0,1805.0,1751.98
Multiple_Amphorae_24 · Draw,2025-02-14,0,0,0,0
ShirinNes_TL_25 · Sign-ups,2025-02-14,7421.0,7304.0,89.0,94.02
WillCotto_Unicorn_25 ‧ Draw,2025-02-14,5328.0,5081.0,56.0,101.42
AiWeiwei_Snake_25 - Sign-ups,2025-02-13,0,0,0,0
BarryMcge_TL2_25 · Purchases,2025-02-13,0,0,0,0
BarryMcge_TL2_25 · Sign-ups,2025-02-13,0,0,0,0
DanielleM_Sand_25 · Purchases,2025-02-13,0,0,0,0
DanielleM_Sand_25 · Sign-ups,2025-02-13,0,0,0,0
JamesJean_Maze_25 · Sign-ups,2025-02-13,212799.0,198953.0,2067.0,2038.17
Multiple_Amphorae_24 · Draw,2025-02-13,0,0,0,0
ShirinNes_TL_25 · Sign-ups,2025-02-13,26971.0,26004.0,297.0,363.58
WillCotto_Unicorn_25 ‧ Draw,2025-02-13,7927.0,7086.0,119.0,171.2
AiWeiwei_Snake_25 - Sign-ups,2025-02-12,0,0,0,0
BarryMcge_TL2_25 · Purchases,2025-02-12,0,0,0,0
BarryMcge_TL2_25 · Sign-ups,2025-02-12,0,0,0,0
DanielleM_Sand_25 · Purchases,2025-02-12,0,0,0,0
DanielleM_Sand_25 · Sign-ups,2025-02-12,0,0,0,0
JamesJean_Maze_25 · Sign-ups,2025-02-12,268244.0,253678.0,2522.0,2016.36
Multiple_Amphorae_24 · Draw,2025-02-12,0,0,0,0
ShirinNes_TL_25 · Sign-ups,2025-02-12,67343.0,63827.0,679.0,710.74
WillCotto_Unicorn_25 ‧ Draw,2025-02-12,9059.0,8182.0,111.0,199.21
AiWeiwei_Snake_25 - Sign-ups,2025-02-11,0,0,0,0
BarryMcge_TL2_25 · Purchases,2025-02-11,0,0,0,0
BarryMcge_TL2_25 · Sign-ups,2025-02-11,0,0,0,0
DanielleM_Sand_25 · Purchases,2025-02-11,0,0,0,0
DanielleM_Sand_25 · Sign-ups,2025-02-11,0,0,0,0
JamesJean_Maze_25 · Sign-ups,2025-02-11,238192.0,228395.0,2584.0,1990.42
Multiple_Amphorae_24 · Draw,2025-02-11,0,0,0,0
ShirinNes_TL_25 · Sign-ups,2025-02-11,98135.0,93617.0,1167.0,1259.47
WillCotto_Unicorn_25 ‧ Draw,2025-02-11,8783.0,8004.0,119.0,194.32
AiWeiwei_Snake_25 - Sign-ups,2025-02-10,0,0,0,0
BarryMcge_TL2_25 · Purchases,2025-02-10,0,0,0,0
BarryMcge_TL2_25 · Sign-ups,2025-02-10,0,0,0,0
DanielleM_Sand_25 · Purchases,2025-02-10,0,0,0,0
DanielleM_Sand_25 · Sign-ups,2025-02-10,0,0,0,0
JamesJean_Maze_25 · Sign-ups,2025-02-10,232123.0,223459.0,2588.0,2028.2
Multiple_Amphorae_24 · Draw,2025-02-10,0,0,0,0
ShirinNes_TL_25 · Sign-ups,2025-02-10,133193.0,125052.0,1707.0,1725.96
WillCotto_Unicorn_25 ‧ Draw,2025-02-10,10089.0,9273.0,135.0,235.69
AiWeiwei_Snake_25 - Sign-ups,2025-02-09,0,0,0,0
BarryMcge_TL2_25 · Purchases,2025-02-09,0,0,0,0
BarryMcge_TL2_25 · Sign-ups,2025-02-09,0,0,0,0
DanielleM_Sand_25 · Purchases,2025-02-09,0,0,0,0
DanielleM_Sand_25 · Sign-ups,2025-02-09,0,0,0,0
JamesJean_Maze_25 · Sign-ups,2025-02-09,251809.0,238102.0,2982.0,2179.56
Multiple_Amphorae_24 · Draw,2025-02-09,0,0,0,0
ShirinNes_TL_25 · Sign-ups,2025-02-09,148480.0,136776.0,2107.0,1619.3
WillCotto_Unicorn_25 ‧ Draw,2025-02-09,11744.0,10841.0,115.0,209.99
AiWeiwei_Snake_25 - Sign-ups,2025-02-08,0,0,0,0
BarryMcge_TL2_25 · Purchases,2025-02-08,0,0,0,0
BarryMcge_TL2_25 · Sign-ups,2025-02-08,0,0,0,0
DanielleM_Sand_25 · Purchases,2025-02-08,0,0,0,0
DanielleM_Sand_25 · Sign-ups,2025-02-08,0,0,0,0
JamesJean_Maze_25 · Sign-ups,2025-02-08,209291.0,198450.0,2546.0,1888.2
Multiple_Amphorae_24 · Draw,2025-02-08,0,0,0,0
ShirinNes_TL_25 · Sign-ups,2025-02-08,166098.0,155716.0,2224.0,1480.52
WillCotto_Unicorn_25 ‧ Draw,2025-02-08,14255.0,12810.0,208.0,374.6
AiWeiwei_Snake_25 - Sign-ups,2025-02-07,0,0,0,0
BarryMcge_TL2_25 · Purchases,2025-02-07,138052.0,126197.0,1498.0,2808.02
BarryMcge_TL2_25 · Sign-ups,2025-02-07,0,0,0,0
DanielleM_Sand_25 · Purchases,2025-02-07,0,0,0,0
DanielleM_Sand_25 · Sign-ups,2025-02-07,0,0,0,0
JamesJean_Maze_25 · Sign-ups,2025-02-07,207110.0,197150.0,2519.0,1727.82
Multiple_Amphorae_24 · Draw,2025-02-07,0,0,0,0
ShirinNes_TL_25 · Sign-ups,2025-02-07,166455.0,154304.0,2577.0,1378.32
WillCotto_Unicorn_25 ‧ Draw,2025-02-07,22286.0,19860.0,397.0,666.55
AiWeiwei_Snake_25 - Sign-ups,2025-02-06,0,0,0,0
BarryMcge_TL2_25 · Purchases,2025-02-06,199835.0,175982.0,2991.0,3827.66
BarryMcge_TL2_25 · Sign-ups,2025-02-06,0,0,0,0
DanielleM_Sand_25 · Purchases,2025-02-06,0,0,0,0
DanielleM_Sand_25 · Sign-ups,2025-02-06,0,0,0,0
JamesJean_Maze_25 · Sign-ups,2025-02-06,178788.0,169759.0,2602.0,1678.82
Multiple_Amphorae_24 · Draw,2025-02-06,0,0,0,0
ShirinNes_TL_25 · Sign-ups,2025-02-06,143522.0,131915.0,2964.0,1368.47
WillCotto_Unicorn_25 ‧ Draw,2025-02-06,45737.0,39736.0,805.0,1462.23
AiWeiwei_Snake_25 - Sign-ups,2025-02-05,0,0,0,0
BarryMcge_TL2_25 · Purchases,2025-02-05,73286.0,66931.0,1390.0,1362.68
BarryMcge_TL2_25 · Sign-ups,2025-02-05,85181.0,82931.0,1032.0,953.94
DanielleM_Sand_25 · Purchases,2025-02-05,0,0,0,0
DanielleM_Sand_25 · Sign-ups,2025-02-05,0,0,0,0
JamesJean_Maze_25 · Sign-ups,2025-02-05,142845.0,137520.0,2282.0,1353.96
Multiple_Amphorae_24 · Draw,2025-02-05,0,0,0,0
ShirinNes_TL_25 · Sign-ups,2025-02-05,124003.0,112369.0,2910.0,1118.41
WillCotto_Unicorn_25 ‧ Draw,2025-02-05,62247.0,55226.0,1271.0,1574.51
AiWeiwei_Snake_25 - Sign-ups,2025-02-04,0,0,0,0
BarryMcge_TL2_25 · Sign-ups,2025-02-04,280527.0,264101.0,2557.0,2688.86
DanielleM_Sand_25 · Purchases,2025-02-04,0,0,0,0
DanielleM_Sand_25 · Sign-ups,2025-02-04,0,0,0,0
JamesJean_Maze_25 · Sign-ups,2025-02-04,177266.0,164566.0,2747.0,1318.62
Multiple_Amphorae_24 · Draw,2025-02-04,0,0,0,0
WillCotto_Unicorn_25 ‧ Draw,2025-02-04,17408.0,14960.0,373.0,407.16
AiWeiwei_Snake_25 - Sign-ups,2025-02-03,0,0,0,0
BarryMcge_TL2_25 · Sign-ups,2025-02-03,246290.0,229627.0,1934.0,1998.48
DanielleM_Sand_25 · Purchases,2025-02-03,0,0,0,0
DanielleM_Sand_25 · Sign-ups,2025-02-03,0,0,0,0
JamesJean_Maze_25 · Sign-ups,2025-02-03,156083.0,148321.0,2385.0,1169.99
Multiple_Amphorae_24 · Draw,2025-02-03,0,0,0,0
AiWeiwei_Snake_25 - Sign-ups,2025-02-02,0,0,0,0
BarryMcge_TL2_25 · Sign-ups,2025-02-02,279063.0,259633.0,2536.0,2410.2
DanielleM_Sand_25 · Purchases,2025-02-02,0,0,0,0
DanielleM_Sand_25 · Sign-ups,2025-02-02,0,0,0,0
JamesJean_Maze_25 · Sign-ups,2025-02-02,133372.0,123103.0,2205.0,1123.57
Multiple_Amphorae_24 · Draw,2025-02-02,0,0,0,0
AiWeiwei_Snake_25 - Sign-ups,2025-02-01,0,0,0,0
BarryMcge_TL2_25 · Sign-ups,2025-02-01,222210.0,213737.0,2350.0,2035.6
DanielleM_Sand_25 · Purchases,2025-02-01,0,0,0,0
DanielleM_Sand_25 · Sign-ups,2025-02-01,0,0,0,0
JamesJean_Maze_25 · Sign-ups,2025-02-01,125291.0,117076.0,2433.0,1106.12
Multiple_Amphorae_24 · Draw,2025-02-01,0,0,0,0
AiWeiwei_Snake_25 - Sign-ups,2025-01-31,0,0,0,0
BarryMcge_TL2_25 · Sign-ups,2025-01-31,186835.0,176188.0,2162.0,1934.21
DanielleM_Sand_25 · Purchases,2025-01-31,0,0,0,0
DanielleM_Sand_25 · Sign-ups,2025-01-31,0,0,0,0
JamesJean_Maze_25 · Sign-ups,2025-01-31,79878.0,70840.0,1737.0,647.0
Multiple_Amphorae_24 · Draw,2025-01-31,0,0,0,0
AiWeiwei_Snake_25 - Sign-ups,2025-01-30,0,0,0,0
BarryMcge_TL2_25 · Sign-ups,2025-01-30,162695.0,153714.0,1951.0,1681.2
DanielleM_Sand_25 · Purchases,2025-01-30,0,0,0,0
DanielleM_Sand_25 · Sign-ups,2025-01-30,0,0,0,0
JamesJean_Maze_25 · Sign-ups,2025-01-30,64483.0,57869.0,1412.0,570.1
Multiple_Amphorae_24 · Draw,2025-01-30,0,0,0,0
AiWeiwei_Snake_25 - Sign-ups,2025-01-29,0,0,0,0
BarryMcge_TL2_25 · Sign-ups,2025-01-29,169091.0,155033.0,1813.0,1418.44
DanielleM_Sand_25 · Purchases,2025-01-29,0,0,0,0
DanielleM_Sand_25 · Sign-ups,2025-01-29,0,0,0,0
JamesJean_Maze_25 · Sign-ups,2025-01-29,64671.0,55620.0,1722.0,543.65
Multiple_Amphorae_24 · Draw,2025-01-29,0,0,0,0
AiWeiwei_Snake_25 - Sign-ups,2025-01-28,131577.0,126113.0,1396.0,1414.03
BarryMcge_TL2_25 · Sign-ups,2025-01-28,157907.0,144541.0,1784.0,1415.6
DanielleM_Sand_25 · Purchases,2025-01-28,0,0,0,0
DanielleM_Sand_25 · Sign-ups,2025-01-28,0,0,0,0
JamesJean_Maze_25 · Sign-ups,2025-01-28,26680.0,23927.0,650.0,229.3
Multiple_Amphorae_24 · Draw,2025-01-28,0,0,0,0
AiWeiwei_Snake_25 - Sign-ups,2025-01-27,276419.0,250089.0,2329.0,2482.33
BarryMcge_TL2_25 · Sign-ups,2025-01-27,146555.0,135570.0,1974.0,1258.77
DanielleM_Sand_25 · Purchases,2025-01-27,0,0,0,0
DanielleM_Sand_25 · Sign-ups,2025-01-27,0,0,0,0
Multiple_Amphorae_24 · Draw,2025-01-27,0,0,0,0
AiWeiwei_Snake_25 - Sign-ups,2025-01-26,294242.0,276460.0,2764.0,2586.2
BarryMcge_TL2_25 · Sign-ups,2025-01-26,115982.0,108341.0,1912.0,1048.82
DanielleM_Sand_25 · Purchases,2025-01-26,0,0,0,0
DanielleM_Sand_25 · Sign-ups,2025-01-26,0,0,0,0
Multiple_Amphorae_24 · Draw,2025-01-26,0,0,0,0
AiWeiwei_Snake_25 - Sign-ups,2025-01-25,218258.0,202371.0,2258.0,1876.37
BarryMcge_TL2_25 · Sign-ups,2025-01-25,102216.0,91970.0,1860.0,956.3
DanielleM_Sand_25 · Purchases,2025-01-25,0,0,0,0
DanielleM_Sand_25 · Sign-ups,2025-01-25,0,0,0,0
Multiple_Amphorae_24 · Draw,2025-01-25,0,0,0,0
AiWeiwei_Snake_25 - Sign-ups,2025-01-24,201585.0,195316.0,1595.0,1963.81
BarryMcge_TL2_25 · Sign-ups,2025-01-24,88748.0,81760.0,1644.0,775.89
DanielleM_Sand_25 · Purchases,2025-01-24,394819.0,379187.0,3520.0,8139.58
DanielleM_Sand_25 · Sign-ups,2025-01-24,0,0,0,0
Multiple_Amphorae_24 · Draw,2025-01-24,0,0,0,0
AiWeiwei_Snake_25 - Sign-ups,2025-01-23,243309.0,232808.0,2374.0,2034.26
BarryMcge_TL2_25 · Sign-ups,2025-01-23,81120.0,68954.0,2388.0,718.75
DanielleM_Sand_25 · Purchases,2025-01-23,31006.0,30581.0,378.0,602.67
DanielleM_Sand_25 · Sign-ups,2025-01-23,62718.0,61565.0,1363.0,597.1
Multiple_Amphorae_24 · Draw,2025-01-23,10898.0,10089.0,139.0,160.15
AiWeiwei_Snake_25 - Sign-ups,2025-01-22,175093.0,168405.0,2191.0,1533.83
BarryMcge_TL2_25 · Sign-ups,2025-01-22,70564.0,63052.0,1572.0,600.82
DanielleM_Sand_25 · Sign-ups,2025-01-22,107720.0,103374.0,2226.0,970.76
Multiple_Amphorae_24 · Draw,2025-01-22,23369.0,20862.0,281.0,327.05
AiWeiwei_Snake_25 - Sign-ups,2025-01-21,250708.0,231755.0,3365.0,2219.2
DanielleM_Sand_25 · Sign-ups,2025-01-21,109003.0,105881.0,2353.0,989.91
Multiple_Amphorae_24 · Draw,2025-01-21,30044.0,26745.0,318.0,348.66
AiWeiwei_Snake_25 - Sign-ups,2025-01-20,140748.0,135780.0,1827.0,1279.64
DanielleM_Sand_25 · Sign-ups,2025-01-20,104847.0,101406.0,2411.0,1057.62
Multiple_Amphorae_24 · Draw,2025-01-20,42357.0,38320.0,402.0,380.26
AiWeiwei_Snake_25 - Sign-ups,2025-01-19,120117.0,114062.0,1996.0,1268.74
DanielleM_Sand_25 · Sign-ups,2025-01-19,122978.0,112025.0,2816.0,1090.18
Multiple_Amphorae_24 · Draw,2025-01-19,35045.0,31680.0,433.0,500.3
AiWeiwei_Snake_25 - Sign-ups,2025-01-18,109741.0,105804.0,1741.0,1177.96
DanielleM_Sand_25 · Sign-ups,2025-01-18,112731.0,105671.0,2559.0,1029.78
Multiple_Amphorae_24 · Draw,2025-01-18,32659.0,29585.0,447.0,463.28
AiWeiwei_Snake_25 - Sign-ups,2025-01-17,99429.0,96028.0,1608.0,1187.94
DanielleM_Sand_25 · Sign-ups,2025-01-17,121290.0,112782.0,2348.0,952.12
Multiple_Amphorae_24 · Draw,2025-01-17,37081.0,33160.0,459.0,469.31
AiWeiwei_Snake_25 - Sign-ups,2025-01-16,131096.0,125978.0,2081.0,1166.02
DanielleM_Sand_25 · Sign-ups,2025-01-16,26314.0,25478.0,700.0,199.89
Multiple_Amphorae_24 · Draw,2025-01-16,34203.0,30817.0,436.0,494.57
AiWeiwei_Snake_25 - Sign-ups,2025-01-15,164235.0,156490.0,2808.0,1245.52
DanielleM_Sand_25 · Sign-ups,2025-01-15,27750.0,27403.0,684.0,197.36
Multiple_Amphorae_24 · Draw,2025-01-15,24417.0,22217.0,347.0,398.59
AiWeiwei_Snake_25 - Sign-ups,2025-01-14,127139.0,121454.0,2123.0,971.57
DanielleM_Sand_25 · Sign-ups,2025-01-14,30149.0,28749.0,701.0,201.3
Multiple_Amphorae_24 · Draw,2025-01-14,27639.0,25408.0,365.0,506.52
AiWeiwei_Snake_25 - Sign-ups,2025-01-13,130386.0,122814.0,2309.0,979.28
DanielleM_Sand_25 · Sign-ups,2025-01-13,29386.0,27117.0,792.0,209.3
Multiple_Amphorae_24 · Draw,2025-01-13,53275.0,47677.0,761.0,628.39
AiWeiwei_Snake_25 - Sign-ups,2025-01-12,163916.0,148971.0,3111.0,1077.83
DanielleM_Sand_25 · Sign-ups,2025-01-12,33379.0,31825.0,938.0,224.55
Multiple_Amphorae_24 · Draw,2025-01-12,54694.0,48428.0,819.0,759.11
AiWeiwei_Snake_25 - Sign-ups,2025-01-11,64090.0,59480.0,1107.0,416.66
DanielleM_Sand_25 · Sign-ups,2025-01-11,68697.0,64728.0,2045.0,657.16
Multiple_Amphorae_24 · Draw,2025-01-11,47857.0,42826.0,710.0,469.68
DanielleM_Sand_25 · Sign-ups,2025-01-10,212831.0,185083.0,5965.0,2046.41
Multiple_Amphorae_24 · Draw,2025-01-10,115278.0,97767.0,1561.0,806.18
DanielleM_Sand_25 · Sign-ups,2025-01-09,166628.0,140094.0,5036.0,1747.44
Multiple_Amphorae_24 · Draw,2025-01-09,91002.0,80623.0,1328.0,937.62
DanielleM_Sand_25 · Sign-ups,2025-01-08,190015.0,153685.0,3313.0,2241.52
Multiple_Amphorae_24 · Draw,2025-01-08,81960.0,73314.0,1020.0,781.94
DanielleM_Sand_25 · Sign-ups,2025-01-07,59834.0,53670.0,1859.0,654.73
Multiple_Amphorae_24 · Draw,2025-01-07,90215.0,81759.0,1029.0,837.3
Multiple_Amphorae_24 · Draw,2025-01-06,95382.0,86201.0,1013.0,776.33
Multiple_Amphorae_24 · Draw,2025-01-05,111708.0,103887.0,1339.0,788.54
Multiple_Amphorae_24 · Draw,2025-01-04,85324.0,79155.0,1010.0,706.37
Multiple_Amphorae_24 · Draw,2025-01-03,78326.0,71779.0,779.0,700.42
Multiple_Amphorae_24 · Draw,2025-01-02,91939.0,85122.0,1040.0,694.54
Multiple_Amphorae_24 · Draw,2025-01-01,88523.0,81318.0,1082.0,727.99
