release,product_title,order_date,channel,purchase_event,units_paid,units_private_room,prints_offered_paid,frames_paid
Abdulnasser Gharem · Hemisphere · 2026 Q3,Hemisphere,2026-07-23,AA Email Man,true,1,1,1,1.0
Abdulnasser Gharem · Hemisphere · 2026 Q3,Hemisphere,2026-07-23,Referral Other,true,1,1,1,1.0
Abdulnasser Gharem · Hemisphere · 2026 Q3,Hemisphere,2026-07-24,Referral Other,true,1,1,1,0.0
Abdulnasser Gharem · Hemisphere · 2026 Q3,Hemisphere,2026-07-29,AA Meta,true,1,0,1,0.0
Abdulnasser Gharem · Hemisphere · 2026 Q3,Hemisphere,2026-07-31,AA Email Man,true,1,0,1,1.0
Abdulnasser Gharem · Hemisphere · 2026 Q3,Hemisphere,2026-07-31,Organic Search,true,1,0,1,1.0
Abdulnasser Gharem · Hemisphere · 2026 Q3,Hemisphere,2026-07-31,Paid Social,true,1,0,1,1.0
Abdulnasser Gharem · Hemisphere · 2026 Q3,Hemisphere,2026-08-03,AA Meta,true,1,0,1,1.0
Abdulnasser Gharem · Hemisphere · 2026 Q3,Hemisphere,2026-08-06,Other,true,1,0,1,1.0
Abdulnasser Gharem · Hemisphere · 2026 Q3,Hemisphere,2026-08-07,AA Email Man,true,1,0,1,0.0
Abdulnasser Gharem · Hemisphere · 2026 Q3,Hemisphere,2026-08-10,Paid Social,true,1,0,1,0.0
Abdulnasser Gharem · Hemisphere · 2026 Q3,Hemisphere,2026-08-13,Referral Artist,true,1,0,1,0.0
Abdulnasser Gharem · Hemisphere · 2026 Q3,Hemisphere,2026-08-14,Paid Social,true,2,0,2,2.0
Abdulnasser Gharem · Hemisphere · 2026 Q3,Hemisphere,2026-08-18,untracked,true,5,0,5,0.0
Abdulnasser Gharem · Hemisphere · 2026 Q3,Hemisphere,2026-08-25,Paid Social,true,1,0,1,1.0
Adam Pendleton · Multiple · 2025 Q1,Untitled (Blue Amphora),2024-12-12,Direct,true,1,0,0,0.0
Adam Pendleton · Multiple · 2025 Q1,Untitled (Blue Amphora),2024-12-19,AA Email Man,true,1,0,0,0.0
Adam Pendleton · Multiple · 2025 Q1,Untitled (Blue Amphora),2025-01-28,AA Email Man,true,1,0,0,0.0
Adam Pendleton · Multiple · 2025 Q1,Untitled (Blue Amphora),2025-01-28,Direct,true,1,0,0,0.0
Adam Pendleton · Multiple · 2025 Q1,Untitled (Blue Amphora),2025-01-28,Organic Search,true,1,0,0,0.0
Adam Pendleton · Multiple · 2025 Q1,Untitled (Blue Amphora),2025-01-28,Paid Social,true,4,0,0,0.0
Adam Pendleton · Multiple · 2025 Q1,Untitled (Blue Amphora),2025-01-28,Referral Other,true,1,0,0,0.0
Ahmed Mater · Magnetism 25 · 2025 Q4,Magnetism 25,2025-10-03,Untracked,false,3,3,3,3.0
Ahmed Mater · Magnetism 25 · 2025 Q4,Magnetism 25,2025-10-08,Untracked,false,1,1,1,1.0
Ahmed Mater · Magnetism 25 · 2025 Q4,Magnetism 25,2025-10-20,Untracked,false,1,0,1,1.0
Ahmed Mater · Magnetism 25 · 2025 Q4,Magnetism 25,2025-10-21,Untracked,false,35,0,35,30.0
Ahmed Mater · Multiple · 2026 Q3,Hurriya,2026-07-06,AA Meta,true,1,0,1,1.0
Ahmed Mater · Multiple · 2026 Q3,Hurriya,2026-07-06,Direct,true,1,0,1,1.0
Ahmed Mater · Multiple · 2026 Q3,Hurriya,2026-07-06,Organic Search,true,1,0,1,1.0
Ahmed Mater · Multiple · 2026 Q3,Hurriya,2026-07-06,Referral Artist,true,2,1,2,2.0
Ahmed Mater · Multiple · 2026 Q3,Hurriya,2026-07-13,Organic Search,true,1,0,1,1.0
Ahmed Mater · Multiple · 2026 Q3,Hurriya,2026-08-25,AA Email Man,true,1,0,1,0.0
Ahmed Mater · Multiple · 2026 Q3,Ray,2026-07-06,AA Email Man,true,1,0,1,0.0
Ahmed Mater · Multiple · 2026 Q3,Ray,2026-07-06,AA Meta,true,1,0,1,1.0
Ahmed Mater · Multiple · 2026 Q3,Ray,2026-07-06,Referral Artist,true,3,1,3,3.0
Ahmed Mater · Multiple · 2026 Q3,Ray,2026-07-22,Organic Search,true,1,0,1,0.0
Ahmed Mater · Multiple · 2026 Q3,Ray,2026-07-27,Direct,true,1,0,1,0.0
Ahmed Mater · Multiple · 2026 Q3,Ray,2026-08-25,AA Email Man,true,1,0,1,0.0
Ahmed Mater · Multiple · 2026 Q3,Salam,2026-07-01,Referral Other,true,1,1,1,1.0
Ahmed Mater · Multiple · 2026 Q3,Salam,2026-07-02,Organic Search,true,1,0,1,0.0
Ahmed Mater · Multiple · 2026 Q3,Salam,2026-07-02,Referral Other,true,1,1,1,1.0
Ahmed Mater · Multiple · 2026 Q3,Salam,2026-07-03,Referral Other,true,1,1,1,1.0
Ahmed Mater · Multiple · 2026 Q3,Salam,2026-07-04,Referral Artist,true,1,1,1,1.0
Ahmed Mater · Multiple · 2026 Q3,Salam,2026-07-04,Referral Other,true,1,1,1,1.0
Ahmed Mater · Multiple · 2026 Q3,Salam,2026-07-06,AA Email Man,true,2,0,2,1.0
Ahmed Mater · Multiple · 2026 Q3,Salam,2026-07-06,Referral Artist,true,1,0,1,1.0
Ahmed Mater · Multiple · 2026 Q3,Salam,2026-07-08,AA Email Man,true,1,0,1,1.0
Ahmed Mater · Multiple · 2026 Q3,Salam,2026-07-08,AA Meta,true,1,0,1,0.0
Ahmed Mater · Multiple · 2026 Q3,Salam,2026-07-09,AA Meta,true,1,0,1,1.0
Ahmed Mater · Multiple · 2026 Q3,Salam,2026-07-17,Referral Artist,true,1,0,1,1.0
Ahmed Mater · Multiple · 2026 Q3,Salam,2026-07-24,Paid Social,true,1,0,1,0.0
Ahmed Mater · Multiple · 2026 Q3,Salam,2026-07-27,AA Email Man,true,1,0,1,0.0
Ahmed Mater · Multiple · 2026 Q3,Salam,2026-07-27,Referral Other,true,1,0,1,1.0
Ahmed Mater · Multiple · 2026 Q3,Salam,2026-07-28,AA Meta,true,2,0,2,2.0
Ahmed Mater · Multiple · 2026 Q3,Salam,2026-07-28,Direct,true,1,0,1,1.0
Ahmed Mater · Multiple · 2026 Q3,Salam,2026-08-25,AA Email Man,true,1,0,1,0.0
Ahmed Mater · Multiple · 2026 Q3,Salam,2026-09-18,Referral Other,true,1,0,1,0.0
Ai Weiwei · Arm · Multiple · 2026 Q2,Blue Arm,2026-03-30,Referral Other,true,6,6,0,0.0
Ai Weiwei · Arm · Multiple · 2026 Q2,Blue Arm,2026-03-30,untracked,true,1,1,0,0.0
Ai Weiwei · Arm · Multiple · 2026 Q2,Blue Arm,2026-03-31,Direct,true,1,0,0,0.0
Ai Weiwei · Arm · Multiple · 2026 Q2,Blue Arm,2026-03-31,Referral Other,true,1,1,0,0.0
Ai Weiwei · Arm · Multiple · 2026 Q2,Blue Arm,2026-04-02,AA Email Man,true,6,0,0,0.0
Ai Weiwei · Arm · Multiple · 2026 Q2,Blue Arm,2026-04-03,AA Email Man,true,1,0,0,0.0
Ai Weiwei · Arm · Multiple · 2026 Q2,Blue Arm,2026-04-05,Direct,true,1,0,0,0.0
Ai Weiwei · Arm · Multiple · 2026 Q2,Blue Arm,2026-04-08,AA Email Man,true,1,0,0,0.0
Ai Weiwei · Arm · Multiple · 2026 Q2,Blue Arm,2026-04-09,AA Email Auto,true,3,0,0,0.0
Ai Weiwei · Arm · Multiple · 2026 Q2,Blue Arm,2026-04-09,AA Email Man,true,5,0,0,0.0
Ai Weiwei · Arm · Multiple · 2026 Q2,Blue Arm,2026-04-09,Direct,true,2,0,0,0.0
Ai Weiwei · Arm · Multiple · 2026 Q2,Blue Arm,2026-04-09,Organic Search,true,2,0,0,0.0
Ai Weiwei · Arm · Multiple · 2026 Q2,Blue Arm,2026-04-10,AA Email Man,true,1,0,0,0.0
Ai Weiwei · Arm · Multiple · 2026 Q2,Blue Arm,2026-04-10,Organic Search,true,1,0,0,0.0
Ai Weiwei · Arm · Multiple · 2026 Q2,Blue Arm,2026-04-13,untracked,true,1,0,0,0.0
Ai Weiwei · Arm · Multiple · 2026 Q2,Blue Arm,2026-04-22,AA Email Man,true,8,0,0,0.0
Ai Weiwei · Arm · Multiple · 2026 Q2,Blue Arm,2026-04-22,AA Meta,true,1,0,0,0.0
Ai Weiwei · Arm · Multiple · 2026 Q2,Blue Arm,2026-04-22,Direct,true,1,0,0,0.0
Ai Weiwei · Arm · Multiple · 2026 Q2,Blue Arm,2026-04-22,Organic Search,true,1,0,0,0.0
Ai Weiwei · Arm · Multiple · 2026 Q2,Blue Arm,2026-04-22,Paid Social,true,3,0,0,0.0
Ai Weiwei · Arm · Multiple · 2026 Q2,Blue Arm,2026-04-22,untracked,true,1,0,0,0.0
Ai Weiwei · Arm · Multiple · 2026 Q2,Red Arm,2026-03-30,AA Email Auto,true,1,1,0,0.0
Ai Weiwei · Arm · Multiple · 2026 Q2,Red Arm,2026-03-30,Referral Other,true,4,4,0,0.0
Ai Weiwei · Arm · Multiple · 2026 Q2,Red Arm,2026-03-30,untracked,true,1,1,0,0.0
Ai Weiwei · Arm · Multiple · 2026 Q2,Red Arm,2026-03-31,AA Email Auto,true,1,1,0,0.0
Ai Weiwei · Arm · Multiple · 2026 Q2,Red Arm,2026-04-02,AA Email Man,true,8,0,0,0.0
Ai Weiwei · Arm · Multiple · 2026 Q2,Red Arm,2026-04-02,Direct,true,1,0,0,0.0
Ai Weiwei · Arm · Multiple · 2026 Q2,Red Arm,2026-04-02,Organic Search,true,1,0,0,0.0
Ai Weiwei · Arm · Multiple · 2026 Q2,Red Arm,2026-04-03,AA Email Man,true,1,0,0,0.0
Ai Weiwei · Arm · Multiple · 2026 Q2,Red Arm,2026-04-07,AA Email Auto,true,1,0,0,0.0
Ai Weiwei · Arm · Multiple · 2026 Q2,Red Arm,2026-04-09,AA Email Man,true,4,0,0,0.0
Ai Weiwei · Arm · Multiple · 2026 Q2,Red Arm,2026-04-09,Direct,true,2,0,0,0.0
Ai Weiwei · Arm · Multiple · 2026 Q2,Red Arm,2026-04-09,Paid Social,true,3,0,0,0.0
Ai Weiwei · Arm · Multiple · 2026 Q2,Red Arm,2026-04-15,Direct,true,1,0,0,0.0
Ai Weiwei · Arm · Multiple · 2026 Q2,Red Arm,2026-04-15,Organic Search,true,1,0,0,0.0
Ai Weiwei · Arm · Multiple · 2026 Q2,Red Arm,2026-04-15,Paid Social,true,3,0,0,0.0
Ai Weiwei · Arm · Multiple · 2026 Q2,Red Arm,2026-04-17,Paid Social,true,2,0,0,0.0
Ai Weiwei · Arm · Multiple · 2026 Q2,Red Arm,2026-04-22,AA Email Man,true,3,0,0,0.0
Ai Weiwei · Arm · Multiple · 2026 Q2,Red Arm,2026-04-22,Direct,true,2,0,0,0.0
Ai Weiwei · Arm · Multiple · 2026 Q2,Red Arm,2026-04-22,Organic Search,true,3,0,0,0.0
Ai Weiwei · Arm · Multiple · 2026 Q2,Red Arm,2026-04-22,Paid Social,true,4,0,0,0.0
Ai Weiwei · Arm · Multiple · 2026 Q2,Red Arm,2026-04-23,Paid Social,true,1,0,0,0.0
Ai Weiwei · Arm · Multiple · 2026 Q2,Red Arm & Blue Arm,2026-03-30,AA Email Auto,true,1,1,0,0.0
Ai Weiwei · Arm · Multiple · 2026 Q2,Red Arm & Blue Arm,2026-03-30,AA Email Man,true,1,1,0,0.0
Ai Weiwei · Arm · Multiple · 2026 Q2,Red Arm & Blue Arm,2026-03-30,Referral Other,true,4,4,0,0.0
Ai Weiwei · Arm · Multiple · 2026 Q2,Red Arm & Blue Arm,2026-03-30,untracked,true,1,1,0,0.0
Ai Weiwei · Arm · Multiple · 2026 Q2,Red Arm & Blue Arm,2026-03-31,AA Email Auto,true,1,1,0,0.0
Ai Weiwei · Arm · Multiple · 2026 Q2,Red Arm & Blue Arm,2026-04-02,AA Email Man,true,11,0,0,0.0
Ai Weiwei · Arm · Multiple · 2026 Q2,Red Arm & Blue Arm,2026-04-02,AA Meta,true,1,0,0,0.0
Ai Weiwei · Arm · Multiple · 2026 Q2,Red Arm & Blue Arm,2026-04-02,Direct,true,2,0,0,0.0
Ai Weiwei · Arm · Multiple · 2026 Q2,Red Arm & Blue Arm,2026-04-02,Organic Search,true,2,0,0,0.0
Ai Weiwei · Arm · Multiple · 2026 Q2,Red Arm & Blue Arm,2026-04-03,Direct,true,1,0,0,0.0
Ai Weiwei · Arm · Multiple · 2026 Q2,Red Arm & Blue Arm,2026-04-09,AA Email Man,true,1,0,0,0.0
Ai Weiwei · Arm · Multiple · 2026 Q2,Red Arm & Blue Arm,2026-04-09,AA Meta,true,1,0,0,0.0
Ai Weiwei · Arm · Multiple · 2026 Q2,Red Arm & Blue Arm,2026-04-09,Direct,true,4,0,0,0.0
Ai Weiwei · Arm · Multiple · 2026 Q2,Red Arm & Blue Arm,2026-04-09,Organic Search,true,1,0,0,0.0
Ai Weiwei · Arm · Multiple · 2026 Q2,Red Arm & Blue Arm,2026-04-09,Paid Social,true,2,0,0,0.0
Ai Weiwei · Arm · Multiple · 2026 Q2,Red Arm & Blue Arm,2026-04-09,untracked,true,1,0,0,0.0
Ai Weiwei · Arm · Multiple · 2026 Q2,Red Arm & Blue Arm,2026-04-10,Referral Other,true,1,0,0,0.0
Ai Weiwei · Arm · Multiple · 2026 Q2,Red Arm & Blue Arm,2026-04-15,AA Meta,true,1,0,0,0.0
Ai Weiwei · Arm · Multiple · 2026 Q2,Red Arm & Blue Arm,2026-04-15,Direct,true,1,0,0,0.0
Ai Weiwei · Arm · Multiple · 2026 Q2,Red Arm & Blue Arm,2026-04-15,Organic Search,true,2,0,0,0.0
Ai Weiwei · Arm · Multiple · 2026 Q2,Red Arm & Blue Arm,2026-04-15,Paid Social,true,7,0,0,0.0
Ai Weiwei · Arm · Multiple · 2026 Q2,Red Arm & Blue Arm,2026-04-17,Organic Search,true,1,0,0,0.0
Ai Weiwei · Arm · Multiple · 2026 Q2,Red Arm & Blue Arm,2026-04-17,Paid Social,true,2,0,0,0.0
Ai Weiwei · Combat fear with truth · 2025 Q1,Combat fear with truth,2025-01-23,Untracked,false,1,0,1,0.0
Ai Weiwei · Combat fear with truth · 2025 Q1,Combat fear with truth,2025-01-28,Untracked,false,84,84,84,38.0
Ai Weiwei · Combat fear with truth · 2025 Q1,Combat fear with truth,2025-01-29,Untracked,false,103,25,103,32.0
Ai Weiwei · Combat fear with truth · 2025 Q1,Combat fear with truth,2025-01-30,Untracked,false,35,0,35,7.0
Ai Weiwei · Combat fear with truth · 2025 Q1,Combat fear with truth,2025-02-01,Untracked,false,1,0,1,0.0
Ai Weiwei · Combat fear with truth · 2025 Q1,Combat fear with truth,2025-02-06,Untracked,false,1,0,1,0.0
Ai Weiwei · Combat fear with truth · 2025 Q1,Combat fear with truth,2025-02-12,Untracked,false,2,0,2,1.0
Ai Weiwei · Combat fear with truth · 2025 Q1,Combat fear with truth,2025-02-13,Untracked,false,1,0,1,0.0
Ai Weiwei · Combat fear with truth · 2025 Q1,Combat fear with truth,2025-02-17,Untracked,false,1,0,1,0.0
Ai Weiwei · Combat fear with truth · 2025 Q1,Combat fear with truth,2025-02-24,Untracked,false,1,0,1,0.0
Ai Weiwei · Combat fear with truth · 2025 Q1,Combat fear with truth,2025-03-12,Untracked,false,1,0,1,0.0
Ai Weiwei · Combat fear with truth · 2025 Q1,Combat fear with truth,2025-04-01,Untracked,false,1,0,1,0.0
Ai Weiwei · Combat fear with truth · 2025 Q1,Combat fear with truth,2025-04-02,Untracked,false,4,0,4,0.0
Ai Weiwei · Combat fear with truth · 2025 Q1,Combat fear with truth,2025-04-25,Untracked,false,1,0,1,0.0
Ai Weiwei · Combat fear with truth · 2025 Q1,Combat fear with truth,2025-06-19,Untracked,false,1,0,1,0.0
Ai Weiwei · Everyone is a dragon · 2024 Q3,Everyone is a dragon,2024-08-27,Untracked,false,1,0,1,0.0
Ai Weiwei · Everyone is a dragon · 2024 Q3,Everyone is a dragon,2024-08-29,Untracked,false,2,0,2,0.0
Ai Weiwei · Everyone is a dragon · 2024 Q3,Everyone is a dragon,2024-08-30,Untracked,false,1,0,1,1.0
Ai Weiwei · Everyone is a dragon · 2024 Q3,Everyone is a dragon,2024-08-31,Referral Other,true,1,0,1,0.0
Ai Weiwei · Everyone is a dragon · 2024 Q3,Everyone is a dragon,2024-09-02,Untracked,false,2,0,2,1.0
Ai Weiwei · Everyone is a dragon · 2024 Q3,Everyone is a dragon,2024-09-04,Untracked,false,322,321,322,151.0
Ai Weiwei · Everyone is a dragon · 2024 Q3,Everyone is a dragon,2024-09-05,Untracked,false,453,102,453,180.0
Ai Weiwei · Everyone is a dragon · 2024 Q3,Everyone is a dragon,2024-09-06,Untracked,false,300,9,300,118.0
Ai Weiwei · Everyone is a dragon · 2024 Q3,Everyone is a dragon,2024-09-07,Untracked,false,4,0,4,1.0
Ai Weiwei · Everyone is a dragon · 2024 Q3,Everyone is a dragon,2024-09-09,Untracked,false,1,0,1,0.0
Ai Weiwei · Everyone is a dragon · 2024 Q3,Everyone is a dragon,2024-09-10,Untracked,false,1,0,1,0.0
Ai Weiwei · Everyone is a dragon · 2024 Q3,Everyone is a dragon,2024-09-11,Untracked,false,2,0,2,0.0
Ai Weiwei · Everyone is a dragon · 2024 Q3,Everyone is a dragon,2024-09-12,Untracked,false,2,0,2,1.0
Ai Weiwei · Everyone is a dragon · 2024 Q3,Everyone is a dragon,2024-09-13,Untracked,false,2,0,2,1.0
Ai Weiwei · Everyone is a dragon · 2024 Q3,Everyone is a dragon,2024-09-19,Untracked,false,2,0,2,0.0
Ai Weiwei · Everyone is a dragon · 2024 Q3,Everyone is a dragon,2024-09-21,Untracked,false,1,0,1,0.0
Ai Weiwei · Everyone is a dragon · 2024 Q3,Everyone is a dragon,2024-09-23,Untracked,false,1,0,1,0.0
Ai Weiwei · Everyone is a dragon · 2024 Q3,Everyone is a dragon,2024-09-27,Untracked,false,1,0,1,0.0
Ai Weiwei · Everyone is a dragon · 2024 Q3,Everyone is a dragon,2024-10-09,Untracked,false,1,0,1,0.0
Ai Weiwei · Everyone is a dragon · 2024 Q3,Everyone is a dragon,2024-10-15,Untracked,false,3,0,3,0.0
Ai Weiwei · Everyone is a dragon · 2024 Q3,Everyone is a dragon,2024-10-25,Untracked,false,1,0,1,0.0
Ai Weiwei · Everyone is a dragon · 2024 Q3,Everyone is a dragon,2025-01-09,Untracked,false,1,0,1,0.0
Ai Weiwei · Everyone is a dragon · 2024 Q3,Everyone is a dragon,2025-05-07,Untracked,false,1,0,1,0.0
Ai Weiwei · Everyone is a dragon · 2024 Q3,Everyone is a dragon,2025-08-12,untracked,true,1,0,1,0.0
Ai Weiwei · Everyone is a dragon · 2024 Q3,Everyone is a dragon,2025-10-28,untracked,true,2,0,2,1.0
Ai Weiwei · Everyone is a dragon · 2024 Q3,Everyone is a dragon,2026-03-08,Untracked,false,1,0,1,0.0
Ai Weiwei · Everyone is a dragon · 2024 Q3,Everyone is a dragon,2026-06-18,Untracked,false,1,0,1,0.0
Ai Weiwei · Glass Vase · 2023 Q3,Glass Vase,2023-04-03,Direct,true,3,3,0,0.0
Ai Weiwei · Glass Vase · 2023 Q3,Glass Vase,2023-04-06,Direct,true,11,9,0,0.0
Ai Weiwei · Glass Vase · 2023 Q3,Glass Vase,2023-04-06,untracked,true,7,7,0,0.0
Ai Weiwei · Glass Vase · 2023 Q3,Glass Vase,2023-04-07,Direct,true,2,2,0,0.0
Ai Weiwei · Glass Vase · 2023 Q3,Glass Vase,2023-04-07,Referral Other,true,4,4,0,0.0
Ai Weiwei · Glass Vase · 2023 Q3,Glass Vase,2023-04-07,untracked,true,3,3,0,0.0
Ai Weiwei · Glass Vase · 2023 Q3,Glass Vase,2023-04-08,Direct,true,2,2,0,0.0
Ai Weiwei · Glass Vase · 2023 Q3,Glass Vase,2023-04-08,Referral Other,true,2,2,0,0.0
Ai Weiwei · Glass Vase · 2023 Q3,Glass Vase,2023-04-09,Referral Other,true,2,2,0,0.0
Ai Weiwei · Glass Vase · 2023 Q3,Glass Vase,2023-04-10,Referral Other,true,2,2,0,0.0
Ai Weiwei · Glass Vase · 2023 Q3,Glass Vase,2023-04-11,untracked,true,3,3,0,0.0
Ai Weiwei · Glass Vase · 2023 Q3,Glass Vase,2023-04-12,Direct,true,2,0,0,0.0
Ai Weiwei · Glass Vase · 2023 Q3,Glass Vase,2023-04-12,Referral Other,true,1,1,0,0.0
Ai Weiwei · Glass Vase · 2023 Q3,Glass Vase,2023-04-12,untracked,true,2,2,0,0.0
Ai Weiwei · Glass Vase · 2023 Q3,Glass Vase,2023-04-13,Direct,true,5,3,0,0.0
Ai Weiwei · Glass Vase · 2023 Q3,Glass Vase,2023-04-13,Referral Other,true,11,11,0,0.0
Ai Weiwei · Glass Vase · 2023 Q3,Glass Vase,2023-04-13,untracked,true,9,9,0,0.0
Ai Weiwei · Glass Vase · 2023 Q3,Glass Vase,2023-04-14,AA Email Man,true,10,10,0,0.0
Ai Weiwei · Glass Vase · 2023 Q3,Glass Vase,2023-04-14,Direct,true,15,15,0,0.0
Ai Weiwei · Glass Vase · 2023 Q3,Glass Vase,2023-04-14,Paid Search,true,1,1,0,0.0
Ai Weiwei · Glass Vase · 2023 Q3,Glass Vase,2023-04-14,Referral Other,true,60,58,0,0.0
Ai Weiwei · Glass Vase · 2023 Q3,Glass Vase,2023-04-14,untracked,true,20,19,0,0.0
Ai Weiwei · Glass Vase · 2023 Q3,Glass Vase,2023-04-15,AA Email Man,true,7,7,0,0.0
Ai Weiwei · Glass Vase · 2023 Q3,Glass Vase,2023-04-15,Direct,true,11,9,0,0.0
Ai Weiwei · Glass Vase · 2023 Q3,Glass Vase,2023-04-15,Organic Search,true,1,1,0,0.0
Ai Weiwei · Glass Vase · 2023 Q3,Glass Vase,2023-04-15,Paid Search,true,1,1,0,0.0
Ai Weiwei · Glass Vase · 2023 Q3,Glass Vase,2023-04-15,Referral Other,true,35,35,0,0.0
Ai Weiwei · Glass Vase · 2023 Q3,Glass Vase,2023-04-15,untracked,true,29,24,0,0.0
Ai Weiwei · Glass Vase · 2023 Q3,Glass Vase,2023-04-16,AA Email Man,true,3,3,0,0.0
Ai Weiwei · Glass Vase · 2023 Q3,Glass Vase,2023-04-16,Direct,true,8,2,0,0.0
Ai Weiwei · Glass Vase · 2023 Q3,Glass Vase,2023-04-16,Organic Search,true,1,1,0,0.0
Ai Weiwei · Glass Vase · 2023 Q3,Glass Vase,2023-04-16,Referral Other,true,4,4,0,0.0
Ai Weiwei · Glass Vase · 2023 Q3,Glass Vase,2023-04-16,untracked,true,3,3,0,0.0
Ai Weiwei · Glass Vase · 2023 Q3,Glass Vase,2023-04-17,Direct,true,3,0,0,0.0
Ai Weiwei · Glass Vase · 2023 Q3,Glass Vase,2023-04-17,untracked,true,2,0,0,0.0
Ai Weiwei · Glass Vase · 2023 Q3,Glass Vase,2023-04-18,Direct,true,1,0,0,0.0
Ai Weiwei · Glass Vase · 2023 Q3,Glass Vase,2023-04-28,Direct,true,1,0,0,0.0
Ai Weiwei · Glass Vase · 2023 Q3,Glass Vase,2023-04-28,untracked,true,1,0,0,0.0
Ai Weiwei · Glass Vase · 2023 Q3,Glass Vase,2023-07-11,Direct,true,1,0,0,0.0
Ai Weiwei · Glass Vase · 2023 Q3,Glass Vase,2023-07-21,Direct,true,3,0,0,0.0
Ai Weiwei · Glass Vase · 2023 Q3,Glass Vase,2023-07-26,AA Email Man,true,1,0,0,0.0
Ai Weiwei · Glass Vase · 2023 Q3,Glass Vase,2023-07-26,Direct,true,2,0,0,0.0
Ai Weiwei · Glass Vase · 2023 Q3,Glass Vase,2023-07-26,Organic Search,true,1,0,0,0.0
Ai Weiwei · Glass Vase · 2023 Q3,Glass Vase,2023-07-26,untracked,true,3,0,0,0.0
Ai Weiwei · Glass Vase · 2023 Q3,Glass Vase,2023-08-22,untracked,true,1,0,0,0.0
Ai Weiwei · Glass Vase · 2023 Q3,Glass Vase,2023-09-01,Direct,true,1,0,0,0.0
Ai Weiwei · Guar · Multiple · 2026 Q2,Guardian (Blue),2026-05-13,Untracked,false,1,0,1,0.0
Ai Weiwei · Guar · Multiple · 2026 Q2,Guardian (Blue),2026-05-18,Untracked,false,1,0,1,0.0
Ai Weiwei · Guar · Multiple · 2026 Q2,Guardian (Blue),2026-05-20,Untracked,false,1,0,1,1.0
Ai Weiwei · Guar · Multiple · 2026 Q2,Guardian (Blue),2026-05-26,Untracked,false,2,2,2,0.0
Ai Weiwei · Guar · Multiple · 2026 Q2,Guardian (Blue),2026-05-27,Untracked,false,1,0,1,0.0
Ai Weiwei · Guar · Multiple · 2026 Q2,Guardian (Blue),2026-05-28,Untracked,false,2,2,2,1.0
Ai Weiwei · Guar · Multiple · 2026 Q2,Guardian (Blue),2026-05-29,Untracked,false,1,0,1,1.0
Ai Weiwei · Guar · Multiple · 2026 Q2,Guardian (Blue),2026-06-01,Untracked,false,56,56,56,25.0
Ai Weiwei · Guar · Multiple · 2026 Q2,Guardian (Blue),2026-06-02,Untracked,false,64,21,64,27.0
Ai Weiwei · Guar · Multiple · 2026 Q2,Guardian (Blue),2026-06-03,Untracked,false,10,0,10,2.0
Ai Weiwei · Guar · Multiple · 2026 Q2,Guardian (Blue),2026-06-04,Untracked,false,11,0,11,5.0
Ai Weiwei · Guar · Multiple · 2026 Q2,Guardian (Blue),2026-06-05,Untracked,false,13,0,13,8.0
Ai Weiwei · Guar · Multiple · 2026 Q2,Guardian (Blue),2026-06-06,Untracked,false,13,0,13,8.0
Ai Weiwei · Guar · Multiple · 2026 Q2,Guardian (Blue),2026-06-07,Untracked,false,17,0,17,6.0
Ai Weiwei · Guar · Multiple · 2026 Q2,Guardian (Blue),2026-06-08,Untracked,false,19,0,19,9.0
Ai Weiwei · Guar · Multiple · 2026 Q2,Guardian (Blue),2026-06-09,Untracked,false,45,0,45,18.0
Ai Weiwei · Guar · Multiple · 2026 Q2,Guardian (Blue),2026-06-10,Untracked,false,1,0,1,0.0
Ai Weiwei · Guar · Multiple · 2026 Q2,Guardian (Blue),2026-06-18,Untracked,false,1,0,1,1.0
Ai Weiwei · Guar · Multiple · 2026 Q2,Guardian (Blue),2026-07-15,Untracked,false,1,1,1,0.0
Ai Weiwei · Guar · Multiple · 2026 Q2,Guardian (Green),2026-05-02,Direct,true,1,0,1,1.0
Ai Weiwei · Guar · Multiple · 2026 Q2,Guardian (Green),2026-05-13,Untracked,false,1,0,1,0.0
Ai Weiwei · Guar · Multiple · 2026 Q2,Guardian (Green),2026-05-20,Untracked,false,1,0,1,1.0
Ai Weiwei · Guar · Multiple · 2026 Q2,Guardian (Green),2026-05-26,Untracked,false,1,1,1,0.0
Ai Weiwei · Guar · Multiple · 2026 Q2,Guardian (Green),2026-05-27,Untracked,false,2,1,2,0.0
Ai Weiwei · Guar · Multiple · 2026 Q2,Guardian (Green),2026-05-28,Untracked,false,2,2,2,1.0
Ai Weiwei · Guar · Multiple · 2026 Q2,Guardian (Green),2026-06-01,Untracked,false,52,52,52,23.0
Ai Weiwei · Guar · Multiple · 2026 Q2,Guardian (Green),2026-06-02,Untracked,false,60,22,60,25.0
Ai Weiwei · Guar · Multiple · 2026 Q2,Guardian (Green),2026-06-03,Untracked,false,12,0,12,4.0
Ai Weiwei · Guar · Multiple · 2026 Q2,Guardian (Green),2026-06-04,Untracked,false,19,0,19,9.0
Ai Weiwei · Guar · Multiple · 2026 Q2,Guardian (Green),2026-06-05,Untracked,false,15,0,15,9.0
Ai Weiwei · Guar · Multiple · 2026 Q2,Guardian (Green),2026-06-06,Untracked,false,10,0,10,6.0
Ai Weiwei · Guar · Multiple · 2026 Q2,Guardian (Green),2026-06-07,Untracked,false,19,0,19,7.0
Ai Weiwei · Guar · Multiple · 2026 Q2,Guardian (Green),2026-06-08,Untracked,false,20,0,20,8.0
Ai Weiwei · Guar · Multiple · 2026 Q2,Guardian (Green),2026-06-09,Untracked,false,45,0,45,13.0
Ai Weiwei · Guar · Multiple · 2026 Q2,Guardian (Green),2026-06-10,Untracked,false,2,0,2,0.0
Ai Weiwei · Guar · Multiple · 2026 Q2,Guardian (Green),2026-06-17,Untracked,false,1,0,1,0.0
Ai Weiwei · Guar · Multiple · 2026 Q2,Guardian (Green),2026-06-25,Untracked,false,1,0,1,0.0
Ai Weiwei · Guar · Multiple · 2026 Q2,Guardian (Green),2026-07-02,Untracked,false,2,2,2,1.0
Ai Weiwei · Guar · Multiple · 2026 Q2,Guardian (Green),2026-07-04,Untracked,false,1,1,1,1.0
Ai Weiwei · Guar · Multiple · 2026 Q2,Guardian (Green),2026-07-11,Untracked,false,1,1,1,1.0
Ai Weiwei · Guar · Multiple · 2026 Q2,Guardian (Green),2026-07-15,Untracked,false,1,1,1,0.0
Ai Weiwei · Guar · Multiple · 2026 Q2,Guardian (Green),2026-07-17,Untracked,false,1,1,1,0.0
Ai Weiwei · Guar · Multiple · 2026 Q2,Guardian (Green),2026-07-19,Untracked,false,1,1,1,0.0
Ai Weiwei · Guar · Multiple · 2026 Q2,Guardian (Green),2026-08-01,Untracked,false,1,1,1,0.0
Ai Weiwei · Guar · Multiple · 2026 Q2,Guardian (Green),2026-08-03,Untracked,false,1,0,1,0.0
Ai Weiwei · Guar · Multiple · 2026 Q2,Guardian (Green),2026-08-12,Untracked,false,1,0,1,1.0
Ai Weiwei · Guar · Multiple · 2026 Q2,Guardian (Purple),2026-04-30,Direct,true,1,0,1,1.0
Ai Weiwei · Guar · Multiple · 2026 Q2,Guardian (Purple),2026-05-05,Untracked,false,1,0,1,1.0
Ai Weiwei · Guar · Multiple · 2026 Q2,Guardian (Purple),2026-05-13,Untracked,false,1,0,1,0.0
Ai Weiwei · Guar · Multiple · 2026 Q2,Guardian (Purple),2026-05-20,Untracked,false,1,0,1,1.0
Ai Weiwei · Guar · Multiple · 2026 Q2,Guardian (Purple),2026-05-26,Untracked,false,1,1,1,0.0
Ai Weiwei · Guar · Multiple · 2026 Q2,Guardian (Purple),2026-05-27,Untracked,false,1,0,1,0.0
Ai Weiwei · Guar · Multiple · 2026 Q2,Guardian (Purple),2026-05-28,Untracked,false,2,2,2,1.0
Ai Weiwei · Guar · Multiple · 2026 Q2,Guardian (Purple),2026-06-01,Untracked,false,117,117,117,53.0
Ai Weiwei · Guar · Multiple · 2026 Q2,Guardian (Purple),2026-06-02,Untracked,false,123,43,123,46.0
Ai Weiwei · Guar · Multiple · 2026 Q2,Guardian (Purple),2026-06-03,Untracked,false,18,0,18,5.0
Ai Weiwei · Guar · Multiple · 2026 Q2,Guardian (Purple),2026-06-04,Untracked,false,21,0,21,6.0
Ai Weiwei · Guar · Multiple · 2026 Q2,Guardian (Purple),2026-06-05,Untracked,false,21,0,21,11.0
Ai Weiwei · Guar · Multiple · 2026 Q2,Guardian (Purple),2026-06-06,Untracked,false,25,0,25,11.0
Ai Weiwei · Guar · Multiple · 2026 Q2,Guardian (Purple),2026-06-07,Untracked,false,33,0,33,15.0
Ai Weiwei · Guar · Multiple · 2026 Q2,Guardian (Purple),2026-06-08,Untracked,false,49,0,49,21.0
Ai Weiwei · Guar · Multiple · 2026 Q2,Guardian (Purple),2026-06-09,Untracked,false,107,0,107,36.0
Ai Weiwei · Guar · Multiple · 2026 Q2,Guardian (Purple),2026-06-10,Untracked,false,2,0,2,0.0
Ai Weiwei · Guar · Multiple · 2026 Q2,Guardian (Purple),2026-06-11,Untracked,false,1,0,1,0.0
Ai Weiwei · Guar · Multiple · 2026 Q2,Guardian (Purple),2026-06-13,Untracked,false,1,0,1,0.0
Ai Weiwei · Guar · Multiple · 2026 Q2,Guardian (Purple),2026-06-18,Untracked,false,1,0,1,0.0
Ai Weiwei · Guar · Multiple · 2026 Q2,Guardian (Purple),2026-06-29,Untracked,false,1,0,1,1.0
Ai Weiwei · Guar · Multiple · 2026 Q2,Guardian (Purple),2026-07-07,Untracked,false,1,0,1,1.0
Ai Weiwei · Guar · Multiple · 2026 Q2,Guardian (Purple),2026-07-15,Untracked,false,1,1,1,0.0
Ai Weiwei · Guar · Multiple · 2026 Q2,Guardian (Purple),2026-08-01,Untracked,false,1,1,1,0.0
Ai Weiwei · Guar · Multiple · 2026 Q2,Guardian (Purple),2026-08-24,Untracked,false,1,0,1,0.0
Ai Weiwei · Guar · Multiple · 2026 Q2,Guardian (Purple),2026-08-31,Untracked,false,1,1,1,1.0
Ai Weiwei · Guardian · 2024 Q1,Guardian,2024-02-06,Untracked,false,4,4,4,0.0
Ai Weiwei · Guardian · 2024 Q1,Guardian,2024-02-07,Untracked,false,2,2,2,0.0
Ai Weiwei · Guardian · 2024 Q1,Guardian,2024-02-08,Untracked,false,1,0,1,0.0
Ai Weiwei · Guardian · 2024 Q1,Guardian,2024-02-09,Untracked,false,1,0,1,0.0
Ai Weiwei · Guardian · 2024 Q1,Guardian,2024-02-12,Untracked,false,3,3,3,3.0
Ai Weiwei · Guardian · 2024 Q1,Guardian,2024-02-13,Untracked,false,5,3,5,3.0
Ai Weiwei · Guardian · 2024 Q1,Guardian,2024-02-14,Untracked,false,438,437,438,120.0
Ai Weiwei · Guardian · 2024 Q1,Guardian,2024-02-15,Untracked,false,563,127,563,136.0
Ai Weiwei · Guardian · 2024 Q1,Guardian,2024-02-16,Untracked,false,555,19,555,128.0
Ai Weiwei · Guardian · 2024 Q1,Guardian,2024-02-17,Untracked,false,1,1,1,1.0
Ai Weiwei · Guardian · 2024 Q1,Guardian,2024-02-19,Untracked,false,3,0,3,1.0
Ai Weiwei · Guardian · 2024 Q1,Guardian,2024-02-20,Untracked,false,3,0,3,1.0
Ai Weiwei · Guardian · 2024 Q1,Guardian,2024-02-21,Untracked,false,1,0,1,0.0
Ai Weiwei · Guardian · 2024 Q1,Guardian,2024-02-22,Untracked,false,1,0,1,0.0
Ai Weiwei · Guardian · 2024 Q1,Guardian,2024-02-26,Untracked,false,1,0,1,0.0
Ai Weiwei · Guardian · 2024 Q1,Guardian,2024-02-27,Untracked,false,1,0,1,0.0
Ai Weiwei · Guardian · 2024 Q1,Guardian,2024-02-28,Untracked,false,1,0,1,0.0
Ai Weiwei · Guardian · 2024 Q1,Guardian,2024-03-25,Untracked,false,3,0,3,0.0
Ai Weiwei · Guardian · 2024 Q1,Guardian,2024-03-27,Untracked,false,1,0,1,0.0
Ai Weiwei · Guardian · 2024 Q1,Guardian,2024-03-28,Untracked,false,10,0,10,0.0
Ai Weiwei · Guardian · 2024 Q1,Guardian,2024-05-14,Untracked,false,1,0,1,1.0
Ai Weiwei · Guardian · 2024 Q1,Guardian,2025-11-07,Untracked,false,1,0,1,0.0
Ai Weiwei · Guardian · 2024 Q1,Guardian,2025-12-02,Untracked,false,1,0,1,0.0
Ai Weiwei · Guardian · 2024 Q1,Guardian,2026-06-29,Untracked,false,1,0,1,0.0
Ai Weiwei · Middle Finger in Red · 2023 Q1,Middle Finger in Red,2023-03-15,Untracked,false,1,0,0,0.0
Ai Weiwei · Middle Finger in Red · 2023 Q1,Middle Finger in Red,2023-03-18,Untracked,false,1,0,0,0.0
Ai Weiwei · Middle Finger in Red · 2023 Q1,Middle Finger in Red,2023-03-19,Untracked,false,3,3,0,0.0
Ai Weiwei · Middle Finger in Red · 2023 Q1,Middle Finger in Red,2023-03-20,Untracked,false,3,0,0,0.0
Ai Weiwei · Middle Finger in Red · 2023 Q1,Middle Finger in Red,2023-03-21,Untracked,false,13,10,0,0.0
Ai Weiwei · Middle Finger in Red · 2023 Q1,Middle Finger in Red,2023-03-22,Untracked,false,4,1,0,0.0
Ai Weiwei · Middle Finger in Red · 2023 Q1,Middle Finger in Red,2023-03-23,Untracked,false,7,4,0,0.0
Ai Weiwei · Middle Finger in Red · 2023 Q1,Middle Finger in Red,2023-03-24,Untracked,false,6,3,0,0.0
Ai Weiwei · Middle Finger in Red · 2023 Q1,Middle Finger in Red,2023-03-25,Untracked,false,1,1,0,0.0
Ai Weiwei · Middle Finger in Red · 2023 Q1,Middle Finger in Red,2023-03-27,Untracked,false,6,4,0,0.0
Ai Weiwei · Middle Finger in Red · 2023 Q1,Middle Finger in Red,2023-03-28,Untracked,false,32,31,0,0.0
Ai Weiwei · Middle Finger in Red · 2023 Q1,Middle Finger in Red,2023-03-29,Untracked,false,20,20,0,0.0
Ai Weiwei · Middle Finger in Red · 2023 Q1,Middle Finger in Red,2023-03-30,Untracked,false,730,16,0,0.0
Ai Weiwei · Middle Finger in Red · 2023 Q1,Middle Finger in Red,2023-03-31,Direct,true,1,0,0,0.0
Ai Weiwei · Middle Finger in Red · 2023 Q1,Middle Finger in Red,2023-03-31,Untracked,false,428,2,0,0.0
Ai Weiwei · Middle Finger in Red · 2023 Q1,Middle Finger in Red,2023-04-03,Untracked,false,8,0,0,0.0
Ai Weiwei · Middle Finger in Red · 2023 Q1,Middle Finger in Red,2023-04-04,Untracked,false,2,0,0,0.0
Ai Weiwei · Middle Finger in Red · 2023 Q1,Middle Finger in Red,2023-04-11,Untracked,false,1,0,0,0.0
Ai Weiwei · Middle Finger in Red · 2023 Q1,Middle Finger in Red,2023-04-20,Untracked,false,1,0,0,0.0
Ai Weiwei · Middle Finger in Red · 2023 Q1,Middle Finger in Red,2023-04-28,Untracked,false,1,0,0,0.0
Ai Weiwei · Middle Finger in Red · 2023 Q1,Middle Finger in Red,2023-04-29,Untracked,false,1,0,0,0.0
Ai Weiwei · Middle Finger in Red · 2023 Q1,Middle Finger in Red,2023-05-11,Untracked,false,1,0,0,0.0
Ai Weiwei · Middle Finger in Red · 2023 Q1,Middle Finger in Red,2023-05-15,Untracked,false,1,0,0,0.0
Ai Weiwei · Middle Finger in Red · 2023 Q1,Middle Finger in Red,2023-06-04,Untracked,false,1,0,0,0.0
Ai Weiwei · Middle Finger in Red · 2023 Q1,Middle Finger in Red,2023-06-06,Untracked,false,2,0,0,0.0
Ai Weiwei · Middle Finger in Red · 2023 Q1,Middle Finger in Red,2023-07-26,Untracked,false,1,0,0,0.0
Ai Weiwei · Middle Finger in Red · 2023 Q1,Middle Finger in Red,2023-08-16,Untracked,false,2,0,0,0.0
Ai Weiwei · Middle Finger in Red · 2023 Q1,Middle Finger in Red,2023-08-21,Untracked,false,1,0,0,0.0
Ai Weiwei · Middle Finger in Red · 2023 Q1,Middle Finger in Red,2023-08-24,Referral Other,true,2,0,0,0.0
Ai Weiwei · Middle Finger in Red · 2023 Q1,Middle Finger in Red,2023-08-24,Untracked,false,1,0,0,0.0
Ai Weiwei · Middle Finger in Red · 2023 Q1,Middle Finger in Red,2023-09-05,Untracked,false,1,0,0,0.0
Ai Weiwei · Middle Finger in Red · 2023 Q1,Middle Finger in Red,2024-03-26,Untracked,false,1,0,0,0.0
Ai Weiwei · Middle Finger in Red · 2023 Q1,Middle Finger in Red,2024-11-08,Untracked,false,1,0,0,0.0
Ai Weiwei · Middle Finger in Red · 2023 Q1,Middle Finger in Red,2026-02-13,Untracked,false,1,0,0,0.0
Ai Weiwei · Multiple · 2023 Q2,Free Speech,2023-04-04,Direct,true,1,1,0,0.0
Ai Weiwei · Multiple · 2023 Q2,Free Speech,2023-04-05,Direct,true,1,1,0,0.0
Ai Weiwei · Multiple · 2023 Q2,Free Speech,2023-04-05,Referral Other,true,1,1,0,0.0
Ai Weiwei · Multiple · 2023 Q2,Free Speech,2023-04-06,Direct,true,7,6,0,0.0
Ai Weiwei · Multiple · 2023 Q2,Free Speech,2023-04-06,untracked,true,3,3,0,0.0
Ai Weiwei · Multiple · 2023 Q2,Free Speech,2023-04-07,Referral Other,true,2,2,0,0.0
Ai Weiwei · Multiple · 2023 Q2,Free Speech,2023-04-08,Referral Other,true,5,5,0,0.0
Ai Weiwei · Multiple · 2023 Q2,Free Speech,2023-04-09,Direct,true,1,1,0,0.0
Ai Weiwei · Multiple · 2023 Q2,Free Speech,2023-04-09,Referral Other,true,1,1,0,0.0
Ai Weiwei · Multiple · 2023 Q2,Free Speech,2023-04-10,Referral Other,true,1,1,0,0.0
Ai Weiwei · Multiple · 2023 Q2,Free Speech,2023-04-10,untracked,true,1,1,0,0.0
Ai Weiwei · Multiple · 2023 Q2,Free Speech,2023-04-11,Direct,true,1,1,0,0.0
Ai Weiwei · Multiple · 2023 Q2,Free Speech,2023-04-11,Referral Other,true,2,2,0,0.0
Ai Weiwei · Multiple · 2023 Q2,Free Speech,2023-04-12,Referral Other,true,1,1,0,0.0
Ai Weiwei · Multiple · 2023 Q2,Free Speech,2023-04-12,untracked,true,2,2,0,0.0
Ai Weiwei · Multiple · 2023 Q2,Free Speech,2023-04-13,Direct,true,1,1,0,0.0
Ai Weiwei · Multiple · 2023 Q2,Free Speech,2023-04-13,Referral Other,true,1,1,0,0.0
Ai Weiwei · Multiple · 2023 Q2,Free Speech,2023-04-14,AA Email Man,true,1,1,0,0.0
Ai Weiwei · Multiple · 2023 Q2,Free Speech,2023-04-14,Direct,true,1,1,0,0.0
Ai Weiwei · Multiple · 2023 Q2,Free Speech,2023-04-14,Referral Other,true,17,16,0,0.0
Ai Weiwei · Multiple · 2023 Q2,Free Speech,2023-04-14,untracked,true,6,5,0,0.0
Ai Weiwei · Multiple · 2023 Q2,Free Speech,2023-04-15,AA Email Man,true,5,5,0,0.0
Ai Weiwei · Multiple · 2023 Q2,Free Speech,2023-04-15,Referral Other,true,8,8,0,0.0
Ai Weiwei · Multiple · 2023 Q2,Free Speech,2023-04-15,untracked,true,5,5,0,0.0
Ai Weiwei · Multiple · 2023 Q2,Free Speech,2023-04-16,Direct,true,2,1,0,0.0
Ai Weiwei · Multiple · 2023 Q2,Free Speech,2023-04-16,Referral Other,true,6,6,0,0.0
Ai Weiwei · Multiple · 2023 Q2,Free Speech,2023-04-16,untracked,true,4,4,0,0.0
Ai Weiwei · Multiple · 2023 Q2,Free Speech,2023-04-17,Direct,true,1,0,0,0.0
Ai Weiwei · Multiple · 2023 Q2,Free Speech,2023-04-18,Referral Other,true,1,1,0,0.0
Ai Weiwei · Multiple · 2023 Q2,Free Speech,2023-05-10,Direct,true,1,0,0,0.0
Ai Weiwei · Multiple · 2023 Q2,Free Speech,2023-05-11,Direct,true,6,0,0,0.0
Ai Weiwei · Multiple · 2023 Q2,Free Speech,2023-05-11,Referral Other,true,1,0,0,0.0
Ai Weiwei · Multiple · 2023 Q2,Free Speech,2023-05-11,untracked,true,5,0,0,0.0
Ai Weiwei · Multiple · 2023 Q2,Free Speech,2024-05-09,Organic Search,true,1,0,0,0.0
Ai Weiwei · Multiple · 2023 Q2,Human Flow,2023-04-03,Direct,true,1,1,0,0.0
Ai Weiwei · Multiple · 2023 Q2,Human Flow,2023-04-04,Direct,true,1,1,0,0.0
Ai Weiwei · Multiple · 2023 Q2,Human Flow,2023-04-04,untracked,true,1,1,0,0.0
Ai Weiwei · Multiple · 2023 Q2,Human Flow,2023-04-05,Direct,true,1,1,0,0.0
Ai Weiwei · Multiple · 2023 Q2,Human Flow,2023-04-05,Referral Other,true,1,1,0,0.0
Ai Weiwei · Multiple · 2023 Q2,Human Flow,2023-04-06,Direct,true,8,7,0,0.0
Ai Weiwei · Multiple · 2023 Q2,Human Flow,2023-04-06,untracked,true,1,1,0,0.0
Ai Weiwei · Multiple · 2023 Q2,Human Flow,2023-04-07,Direct,true,1,1,0,0.0
Ai Weiwei · Multiple · 2023 Q2,Human Flow,2023-04-07,untracked,true,1,1,0,0.0
Ai Weiwei · Multiple · 2023 Q2,Human Flow,2023-04-08,Referral Other,true,3,3,0,0.0
Ai Weiwei · Multiple · 2023 Q2,Human Flow,2023-04-08,untracked,true,1,1,0,0.0
Ai Weiwei · Multiple · 2023 Q2,Human Flow,2023-04-09,Direct,true,1,1,0,0.0
Ai Weiwei · Multiple · 2023 Q2,Human Flow,2023-04-09,untracked,true,1,1,0,0.0
Ai Weiwei · Multiple · 2023 Q2,Human Flow,2023-04-10,Direct,true,1,1,0,0.0
Ai Weiwei · Multiple · 2023 Q2,Human Flow,2023-04-10,Organic Search,true,2,2,0,0.0
Ai Weiwei · Multiple · 2023 Q2,Human Flow,2023-04-10,Referral Other,true,1,1,0,0.0
Ai Weiwei · Multiple · 2023 Q2,Human Flow,2023-04-10,untracked,true,1,1,0,0.0
Ai Weiwei · Multiple · 2023 Q2,Human Flow,2023-04-11,untracked,true,2,2,0,0.0
Ai Weiwei · Multiple · 2023 Q2,Human Flow,2023-04-12,untracked,true,2,2,0,0.0
Ai Weiwei · Multiple · 2023 Q2,Human Flow,2023-04-13,Direct,true,3,3,0,0.0
Ai Weiwei · Multiple · 2023 Q2,Human Flow,2023-04-13,Referral Other,true,1,1,0,0.0
Ai Weiwei · Multiple · 2023 Q2,Human Flow,2023-04-14,AA Email Man,true,3,3,0,0.0
Ai Weiwei · Multiple · 2023 Q2,Human Flow,2023-04-14,Referral Other,true,10,9,0,0.0
Ai Weiwei · Multiple · 2023 Q2,Human Flow,2023-04-14,untracked,true,1,1,0,0.0
Ai Weiwei · Multiple · 2023 Q2,Human Flow,2023-04-15,AA Email Man,true,2,2,0,0.0
Ai Weiwei · Multiple · 2023 Q2,Human Flow,2023-04-15,Direct,true,2,2,0,0.0
Ai Weiwei · Multiple · 2023 Q2,Human Flow,2023-04-15,Referral Other,true,8,8,0,0.0
Ai Weiwei · Multiple · 2023 Q2,Human Flow,2023-04-15,untracked,true,8,7,0,0.0
Ai Weiwei · Multiple · 2023 Q2,Human Flow,2023-04-16,Direct,true,6,5,0,0.0
Ai Weiwei · Multiple · 2023 Q2,Human Flow,2023-04-16,Referral Other,true,10,10,0,0.0
Ai Weiwei · Multiple · 2023 Q2,Human Flow,2023-04-16,untracked,true,2,2,0,0.0
Ai Weiwei · Multiple · 2023 Q2,Human Flow,2023-04-17,Referral Other,true,1,1,0,0.0
Ai Weiwei · Multiple · 2023 Q2,Human Flow,2023-04-19,Direct,true,1,0,0,0.0
Ai Weiwei · Multiple · 2023 Q2,Human Flow,2023-04-27,untracked,true,1,0,0,0.0
Ai Weiwei · Multiple · 2023 Q2,Human Flow,2023-05-11,Direct,true,3,0,0,0.0
Ai Weiwei · Multiple · 2023 Q2,Human Flow,2023-05-11,Organic Search,true,2,0,0,0.0
Ai Weiwei · Multiple · 2023 Q2,Human Flow,2023-05-11,Referral Artist,true,1,0,0,0.0
Ai Weiwei · Multiple · 2023 Q2,Human Flow,2023-05-11,Referral Other,true,1,0,0,0.0
Ai Weiwei · Multiple · 2023 Q2,Human Flow,2023-05-11,untracked,true,1,0,0,0.0
Ai Weiwei · Multiple · 2023 Q2,Human Flow,2023-05-12,untracked,true,1,0,0,0.0
Ai Weiwei · Multiple · 2023 Q2,Human Flow,2023-10-10,untracked,true,1,0,0,0.0
Ai Weiwei · Multiple · 2023 Q2,Human Flow,2024-06-04,Direct,true,1,0,0,0.0
Ai Weiwei · Multiple · 2023 Q2,Human Flow,2024-06-05,Direct,true,1,0,0,0.0
Ai Weiwei · Multiple · 2023 Q2,Human Flow,2024-08-09,Organic Search,true,1,0,0,0.0
Ai Weiwei · Multiple · 2023 Q2,Middle Finger in Black,2023-04-04,Direct,true,1,1,0,0.0
Ai Weiwei · Multiple · 2023 Q2,Middle Finger in Black,2023-04-06,Direct,true,4,4,0,0.0
Ai Weiwei · Multiple · 2023 Q2,Middle Finger in Black,2023-04-06,Referral Other,true,2,2,0,0.0
Ai Weiwei · Multiple · 2023 Q2,Middle Finger in Black,2023-04-06,untracked,true,4,4,0,0.0
Ai Weiwei · Multiple · 2023 Q2,Middle Finger in Black,2023-04-08,untracked,true,1,1,0,0.0
Ai Weiwei · Multiple · 2023 Q2,Middle Finger in Black,2023-04-10,Referral Other,true,2,2,0,0.0
Ai Weiwei · Multiple · 2023 Q2,Middle Finger in Black,2023-04-10,untracked,true,1,1,0,0.0
Ai Weiwei · Multiple · 2023 Q2,Middle Finger in Black,2023-04-12,Referral Other,true,1,1,0,0.0
Ai Weiwei · Multiple · 2023 Q2,Middle Finger in Black,2023-04-12,untracked,true,1,1,0,0.0
Ai Weiwei · Multiple · 2023 Q2,Middle Finger in Black,2023-04-13,Direct,true,1,0,0,0.0
Ai Weiwei · Multiple · 2023 Q2,Middle Finger in Black,2023-04-13,Referral Other,true,1,0,0,0.0
Ai Weiwei · Multiple · 2023 Q2,Middle Finger in Black,2023-04-14,AA Email Man,true,2,2,0,0.0
Ai Weiwei · Multiple · 2023 Q2,Middle Finger in Black,2023-04-14,Referral Other,true,6,5,0,0.0
Ai Weiwei · Multiple · 2023 Q2,Middle Finger in Black,2023-04-14,untracked,true,1,1,0,0.0
Ai Weiwei · Multiple · 2023 Q2,Middle Finger in Black,2023-04-15,AA Email Man,true,3,3,0,0.0
Ai Weiwei · Multiple · 2023 Q2,Middle Finger in Black,2023-04-15,Referral Other,true,3,3,0,0.0
Ai Weiwei · Multiple · 2023 Q2,Middle Finger in Black,2023-04-15,untracked,true,1,1,0,0.0
Ai Weiwei · Multiple · 2023 Q2,Middle Finger in Black,2023-04-16,Direct,true,4,4,0,0.0
Ai Weiwei · Multiple · 2023 Q2,Middle Finger in Black,2023-04-16,Referral Other,true,1,1,0,0.0
Ai Weiwei · Multiple · 2023 Q2,Middle Finger in Black,2023-04-16,untracked,true,7,7,0,0.0
Ai Weiwei · Multiple · 2023 Q2,Middle Finger in Black,2023-04-17,Direct,true,1,0,0,0.0
Ai Weiwei · Multiple · 2023 Q2,Middle Finger in Black,2023-04-17,Referral Other,true,2,2,0,0.0
Ai Weiwei · Multiple · 2023 Q2,Middle Finger in Black,2023-04-17,untracked,true,2,2,0,0.0
Ai Weiwei · Multiple · 2023 Q2,Middle Finger in Black,2023-04-18,Referral Other,true,1,1,0,0.0
Ai Weiwei · Multiple · 2023 Q2,Middle Finger in Black,2023-04-19,Referral Other,true,1,1,0,0.0
Ai Weiwei · Multiple · 2023 Q2,Middle Finger in Black,2023-04-22,AA Email Man,true,2,2,0,0.0
Ai Weiwei · Multiple · 2023 Q2,Middle Finger in Black,2023-04-24,Direct,true,1,0,0,0.0
Ai Weiwei · Multiple · 2023 Q2,Middle Finger in Black,2023-04-25,Direct,true,1,0,0,0.0
Ai Weiwei · Multiple · 2023 Q2,Middle Finger in Black,2023-04-27,Direct,true,1,0,0,0.0
Ai Weiwei · Multiple · 2023 Q2,Middle Finger in Black,2023-05-03,Direct,true,1,0,0,0.0
Ai Weiwei · Multiple · 2023 Q2,Middle Finger in Black,2023-05-05,untracked,true,3,0,0,0.0
Ai Weiwei · Multiple · 2023 Q2,Middle Finger in Black,2023-05-07,Referral Other,true,1,1,0,0.0
Ai Weiwei · Multiple · 2023 Q2,Middle Finger in Black,2023-05-09,Direct,true,2,0,0,0.0
Ai Weiwei · Multiple · 2023 Q2,Middle Finger in Black,2023-05-09,untracked,true,1,0,0,0.0
Ai Weiwei · Multiple · 2023 Q2,Middle Finger in Black,2023-05-10,Direct,true,1,0,0,0.0
Ai Weiwei · Multiple · 2023 Q2,Middle Finger in Black,2023-05-11,AA Email Man,true,4,0,0,0.0
Ai Weiwei · Multiple · 2023 Q2,Middle Finger in Black,2023-05-11,Direct,true,11,0,0,0.0
Ai Weiwei · Multiple · 2023 Q2,Middle Finger in Black,2023-05-11,Organic Search,true,5,0,0,0.0
Ai Weiwei · Multiple · 2023 Q2,Middle Finger in Black,2023-05-11,Referral Meta,true,1,0,0,0.0
Ai Weiwei · Multiple · 2023 Q2,Middle Finger in Black,2023-05-11,Referral Other,true,7,0,0,0.0
Ai Weiwei · Multiple · 2023 Q2,Middle Finger in Black,2023-05-11,untracked,true,3,0,0,0.0
Ai Weiwei · Multiple · 2023 Q2,Middle Finger in Black,2023-05-15,Direct,true,1,0,0,0.0
Ai Weiwei · Multiple · 2023 Q2,Middle Finger in Black,2023-10-10,untracked,true,1,0,0,0.0
Ai Weiwei · Multiple · 2023 Q2,Middle Finger in Black,2024-05-09,Organic Search,true,1,0,0,0.0
Ai Weiwei · Multiple · 2023 Q2,Middle Finger in Black,2024-10-08,Direct,true,1,0,0,0.0
Ai Weiwei · Multiple · 2024 Q4,Circle in Black,2024-11-18,AA Email Man,true,4,4,4,1.0
Ai Weiwei · Multiple · 2024 Q4,Circle in Black,2024-11-18,Direct,true,1,1,1,1.0
Ai Weiwei · Multiple · 2024 Q4,Circle in Black,2024-11-18,Organic Search,true,2,2,2,2.0
Ai Weiwei · Multiple · 2024 Q4,Circle in Black,2024-11-18,Referral Other,true,7,7,7,1.0
Ai Weiwei · Multiple · 2024 Q4,Circle in Black,2024-11-19,AA Email Man,true,4,4,4,2.0
Ai Weiwei · Multiple · 2024 Q4,Circle in Black,2024-11-19,Organic Search,true,1,1,1,1.0
Ai Weiwei · Multiple · 2024 Q4,Circle in Black,2024-11-19,Referral Other,true,2,2,2,1.0
Ai Weiwei · Multiple · 2024 Q4,Circle in Black,2024-11-19,untracked,true,1,1,1,0.0
Ai Weiwei · Multiple · 2024 Q4,Circle in Black,2024-11-20,Referral Other,true,1,1,1,0.0
Ai Weiwei · Multiple · 2024 Q4,Circle in Black,2024-11-22,Direct,true,1,0,1,0.0
Ai Weiwei · Multiple · 2024 Q4,Circle in Black,2024-11-28,Organic Search,true,1,0,1,0.0
Ai Weiwei · Multiple · 2024 Q4,Circle in Black,2024-11-28,Referral Other,true,1,1,1,1.0
Ai Weiwei · Multiple · 2024 Q4,Circle in Black,2024-11-29,AA Email Man,true,1,0,1,1.0
Ai Weiwei · Multiple · 2024 Q4,Circle in Black,2024-11-29,Referral Other,true,1,1,1,0.0
Ai Weiwei · Multiple · 2024 Q4,Circle in Black,2024-11-30,Direct,true,1,0,1,1.0
Ai Weiwei · Multiple · 2024 Q4,Circle in Black,2024-11-30,Referral Other,true,1,0,1,0.0
Ai Weiwei · Multiple · 2024 Q4,Circle in Black,2024-12-02,Referral Other,true,1,0,1,0.0
Ai Weiwei · Multiple · 2024 Q4,Circle in Black,2024-12-06,Direct,true,1,0,1,1.0
Ai Weiwei · Multiple · 2024 Q4,Circle in Black,2024-12-09,Direct,true,1,0,1,0.0
Ai Weiwei · Multiple · 2024 Q4,Circle in Black,2024-12-10,AA Email Man,true,38,0,38,15.0
Ai Weiwei · Multiple · 2024 Q4,Circle in Black,2024-12-10,AA Meta,true,6,0,6,3.0
Ai Weiwei · Multiple · 2024 Q4,Circle in Black,2024-12-10,Direct,true,17,0,17,4.0
Ai Weiwei · Multiple · 2024 Q4,Circle in Black,2024-12-10,Organic Search,true,3,0,3,1.0
Ai Weiwei · Multiple · 2024 Q4,Circle in Black,2024-12-10,Referral Artist,true,1,0,1,0.0
Ai Weiwei · Multiple · 2024 Q4,Circle in Black,2024-12-10,Referral Other,true,1,0,1,0.0
Ai Weiwei · Multiple · 2024 Q4,Circle in Black,2024-12-11,AA Meta,true,1,0,1,1.0
Ai Weiwei · Multiple · 2024 Q4,Circle in Black,2025-02-21,untracked,true,2,0,2,0.0
Ai Weiwei · Multiple · 2024 Q4,Circle in Blue,2024-11-18,AA Email Man,true,5,5,5,4.0
Ai Weiwei · Multiple · 2024 Q4,Circle in Blue,2024-11-18,Referral Other,true,11,11,11,2.0
Ai Weiwei · Multiple · 2024 Q4,Circle in Blue,2024-11-18,untracked,true,1,1,1,0.0
Ai Weiwei · Multiple · 2024 Q4,Circle in Blue,2024-11-19,AA Email Auto,true,1,1,1,0.0
Ai Weiwei · Multiple · 2024 Q4,Circle in Blue,2024-11-19,AA Email Man,true,1,1,1,0.0
Ai Weiwei · Multiple · 2024 Q4,Circle in Blue,2024-11-19,Direct,true,1,1,1,1.0
Ai Weiwei · Multiple · 2024 Q4,Circle in Blue,2024-11-19,Referral Other,true,6,6,6,4.0
Ai Weiwei · Multiple · 2024 Q4,Circle in Blue,2024-11-19,untracked,true,1,1,1,0.0
Ai Weiwei · Multiple · 2024 Q4,Circle in Blue,2024-11-20,Direct,true,2,0,2,2.0
Ai Weiwei · Multiple · 2024 Q4,Circle in Blue,2024-11-20,Referral Other,true,4,4,4,2.0
Ai Weiwei · Multiple · 2024 Q4,Circle in Blue,2024-11-22,AA Email Man,true,1,0,1,0.0
Ai Weiwei · Multiple · 2024 Q4,Circle in Blue,2024-11-26,Direct,true,1,0,1,1.0
Ai Weiwei · Multiple · 2024 Q4,Circle in Blue,2024-11-27,Direct,true,1,0,1,0.0
Ai Weiwei · Multiple · 2024 Q4,Circle in Blue,2024-11-28,Direct,true,1,0,1,1.0
Ai Weiwei · Multiple · 2024 Q4,Circle in Blue,2024-11-28,Referral Other,true,1,1,1,0.0
Ai Weiwei · Multiple · 2024 Q4,Circle in Blue,2024-11-29,Direct,true,1,0,1,1.0
Ai Weiwei · Multiple · 2024 Q4,Circle in Blue,2024-11-30,Direct,true,1,0,1,1.0
Ai Weiwei · Multiple · 2024 Q4,Circle in Blue,2024-11-30,Referral Other,true,1,0,1,0.0
Ai Weiwei · Multiple · 2024 Q4,Circle in Blue,2024-12-02,Referral Other,true,1,0,1,0.0
Ai Weiwei · Multiple · 2024 Q4,Circle in Blue,2024-12-03,Direct,true,1,0,1,1.0
Ai Weiwei · Multiple · 2024 Q4,Circle in Blue,2024-12-04,Organic Search,true,1,0,1,1.0
Ai Weiwei · Multiple · 2024 Q4,Circle in Blue,2024-12-04,Referral Other,true,1,0,1,0.0
Ai Weiwei · Multiple · 2024 Q4,Circle in Blue,2024-12-09,untracked,true,1,0,1,0.0
Ai Weiwei · Multiple · 2024 Q4,Circle in Blue,2024-12-10,AA Email Man,true,34,0,34,12.0
Ai Weiwei · Multiple · 2024 Q4,Circle in Blue,2024-12-10,AA Meta,true,3,0,3,0.0
Ai Weiwei · Multiple · 2024 Q4,Circle in Blue,2024-12-10,Direct,true,7,0,7,4.0
Ai Weiwei · Multiple · 2024 Q4,Circle in Blue,2024-12-10,Organic Search,true,3,0,3,2.0
Ai Weiwei · Multiple · 2024 Q4,Circle in Blue,2024-12-10,Referral Artist,true,2,0,2,2.0
Ai Weiwei · Multiple · 2024 Q4,Circle in Blue,2024-12-10,untracked,true,4,0,4,3.0
Ai Weiwei · Multiple · 2024 Q4,Circle in Blue,2025-02-21,untracked,true,2,0,2,0.0
Ai Weiwei · Multiple · 2024 Q4,Circle in Blue,2025-02-24,untracked,true,1,0,1,0.0
Ai Weiwei · Multiple · 2025 Q3,Coloured Vase (Blue),2025-08-27,Untracked,false,11,11,0,0.0
Ai Weiwei · Multiple · 2025 Q3,Coloured Vase (Blue),2025-08-28,Untracked,false,23,5,0,0.0
Ai Weiwei · Multiple · 2025 Q3,Coloured Vase (Blue),2025-08-29,Untracked,false,7,0,0,0.0
Ai Weiwei · Multiple · 2025 Q3,Coloured Vase (Blue),2025-08-30,Untracked,false,9,1,0,0.0
Ai Weiwei · Multiple · 2025 Q3,Coloured Vase (Blue),2025-08-31,Untracked,false,4,0,0,0.0
Ai Weiwei · Multiple · 2025 Q3,Coloured Vase (Blue),2025-09-01,Untracked,false,3,0,0,0.0
Ai Weiwei · Multiple · 2025 Q3,Coloured Vase (Blue),2025-09-03,Untracked,false,9,1,0,0.0
Ai Weiwei · Multiple · 2025 Q3,Coloured Vase (Blue),2025-09-04,Untracked,false,6,0,0,0.0
Ai Weiwei · Multiple · 2025 Q3,Coloured Vase (Gold),2025-08-21,Untracked,false,1,0,0,0.0
Ai Weiwei · Multiple · 2025 Q3,Coloured Vase (Gold),2025-08-23,Referral Other,true,1,0,0,0.0
Ai Weiwei · Multiple · 2025 Q3,Coloured Vase (Gold),2025-08-27,Untracked,false,14,14,0,0.0
Ai Weiwei · Multiple · 2025 Q3,Coloured Vase (Gold),2025-08-28,Untracked,false,34,6,0,0.0
Ai Weiwei · Multiple · 2025 Q3,Coloured Vase (Gold),2025-08-29,Untracked,false,5,0,0,0.0
Ai Weiwei · Multiple · 2025 Q3,Coloured Vase (Gold),2025-08-30,Untracked,false,7,0,0,0.0
Ai Weiwei · Multiple · 2025 Q3,Coloured Vase (Gold),2025-08-31,Untracked,false,1,0,0,0.0
Ai Weiwei · Multiple · 2025 Q3,Coloured Vase (Gold),2025-09-01,Untracked,false,5,0,0,0.0
Ai Weiwei · Multiple · 2025 Q3,Coloured Vase (Gold),2025-09-02,Untracked,false,2,0,0,0.0
Ai Weiwei · Multiple · 2025 Q3,Coloured Vase (Gold),2025-09-03,Untracked,false,6,0,0,0.0
Ai Weiwei · Multiple · 2025 Q3,Coloured Vase (Gold),2025-09-04,Untracked,false,10,0,0,0.0
Ai Weiwei · Multiple · 2025 Q3,Coloured Vase (Gold),2025-09-11,Untracked,false,1,0,0,0.0
Ai Weiwei · Multiple · 2025 Q3,Coloured Vase (Green),2025-08-27,Untracked,false,13,13,0,0.0
Ai Weiwei · Multiple · 2025 Q3,Coloured Vase (Green),2025-08-28,Untracked,false,7,2,0,0.0
Ai Weiwei · Multiple · 2025 Q3,Coloured Vase (Green),2025-08-29,Untracked,false,3,0,0,0.0
Ai Weiwei · Multiple · 2025 Q3,Coloured Vase (Green),2025-08-30,Untracked,false,4,0,0,0.0
Ai Weiwei · Multiple · 2025 Q3,Coloured Vase (Green),2025-08-31,Untracked,false,4,0,0,0.0
Ai Weiwei · Multiple · 2025 Q3,Coloured Vase (Green),2025-09-01,Untracked,false,3,0,0,0.0
Ai Weiwei · Multiple · 2025 Q3,Coloured Vase (Green),2025-09-03,Untracked,false,3,0,0,0.0
Ai Weiwei · Multiple · 2025 Q3,Coloured Vase (Green),2025-09-04,Untracked,false,6,0,0,0.0
Ai Weiwei · Multiple · 2025 Q3,"Coloured Vase (Green, Blue and Red)",2025-08-14,Untracked,false,1,1,0,0.0
Ai Weiwei · Multiple · 2025 Q3,"Coloured Vase (Green, Blue and Red)",2025-08-27,Untracked,false,1,1,0,0.0
Ai Weiwei · Multiple · 2025 Q3,"Coloured Vase (Green, Blue and Red)",2025-08-28,Untracked,false,3,1,0,0.0
Ai Weiwei · Multiple · 2025 Q3,"Coloured Vase (Green, Blue and Red)",2025-08-30,Untracked,false,1,0,0,0.0
Ai Weiwei · Multiple · 2025 Q3,"Coloured Vase (Green, Blue and Red)",2025-09-01,Untracked,false,1,0,0,0.0
Ai Weiwei · Multiple · 2025 Q3,"Coloured Vase (Green, Blue and Red)",2025-09-02,Untracked,false,1,0,0,0.0
Ai Weiwei · Multiple · 2025 Q3,"Coloured Vase (Green, Blue and Red)",2025-09-03,Untracked,false,3,0,0,0.0
Ai Weiwei · Multiple · 2025 Q3,Coloured Vase (Red),2025-08-22,Untracked,false,1,0,0,0.0
Ai Weiwei · Multiple · 2025 Q3,Coloured Vase (Red),2025-08-27,Untracked,false,23,23,0,0.0
Ai Weiwei · Multiple · 2025 Q3,Coloured Vase (Red),2025-08-28,Untracked,false,27,7,0,0.0
Ai Weiwei · Multiple · 2025 Q3,Coloured Vase (Red),2025-08-29,Untracked,false,9,0,0,0.0
Ai Weiwei · Multiple · 2025 Q3,Coloured Vase (Red),2025-08-30,Untracked,false,6,1,0,0.0
Ai Weiwei · Multiple · 2025 Q3,Coloured Vase (Red),2025-08-31,Untracked,false,6,0,0,0.0
Ai Weiwei · Multiple · 2025 Q3,Coloured Vase (Red),2025-09-01,Untracked,false,3,0,0,0.0
Ai Weiwei · Multiple · 2025 Q3,Coloured Vase (Red),2025-09-02,Untracked,false,3,0,0,0.0
Ai Weiwei · Multiple · 2025 Q3,Coloured Vase (Red),2025-09-03,Untracked,false,14,0,0,0.0
Ai Weiwei · Multiple · 2025 Q3,Coloured Vase (Red),2025-09-04,Untracked,false,9,0,0,0.0
Ai Weiwei · Multiple · 2025 Q3,Coloured Vase (Red),2026-01-02,Untracked,false,1,0,0,0.0
Ai Weiwei · Multiple · 2025 Q3,Coloured Vase (Red),2026-02-05,Untracked,false,1,0,0,0.0
Ai Weiwei · Multiple · 2025 Q3,Coloured Vase (Silver and Gold),2025-08-13,Untracked,false,6,6,0,0.0
Ai Weiwei · Multiple · 2025 Q3,Coloured Vase (Silver and Gold),2025-08-14,Untracked,false,5,5,0,0.0
Ai Weiwei · Multiple · 2025 Q3,Coloured Vase (Silver and Gold),2025-08-16,Untracked,false,1,1,0,0.0
Ai Weiwei · Multiple · 2025 Q3,Coloured Vase (Silver and Gold),2025-08-18,Untracked,false,2,2,0,0.0
Ai Weiwei · Multiple · 2025 Q3,Coloured Vase (Silver and Gold),2025-08-19,Untracked,false,1,1,0,0.0
Ai Weiwei · Multiple · 2025 Q3,Coloured Vase (Silver and Gold),2025-08-20,Untracked,false,1,1,0,0.0
Ai Weiwei · Multiple · 2025 Q3,Coloured Vase (Silver and Gold),2025-08-24,Untracked,false,1,1,0,0.0
Ai Weiwei · Multiple · 2025 Q3,Coloured Vase (Silver and Gold),2025-08-26,Untracked,false,1,1,0,0.0
Ai Weiwei · Multiple · 2025 Q3,Coloured Vase (Silver and Gold),2025-08-27,Untracked,false,7,7,0,0.0
Ai Weiwei · Multiple · 2025 Q3,Coloured Vase (Silver and Gold),2025-08-28,Untracked,false,8,5,0,0.0
Ai Weiwei · Multiple · 2025 Q3,Coloured Vase (Silver and Gold),2025-08-29,Untracked,false,2,2,0,0.0
Ai Weiwei · Multiple · 2025 Q3,Coloured Vase (Silver and Gold),2025-08-30,Untracked,false,2,0,0,0.0
Ai Weiwei · Multiple · 2025 Q3,Coloured Vase (Silver and Gold),2025-09-03,Untracked,false,1,0,0,0.0
Ai Weiwei · Multiple · 2025 Q3,Coloured Vase (Silver and Gold),2025-09-04,Untracked,false,1,0,0,0.0
Ai Weiwei · Multiple · 2025 Q3,Coloured Vase (Silver),2025-08-19,Untracked,false,1,0,0,0.0
Ai Weiwei · Multiple · 2025 Q3,Coloured Vase (Silver),2025-08-27,Untracked,false,16,16,0,0.0
Ai Weiwei · Multiple · 2025 Q3,Coloured Vase (Silver),2025-08-28,Untracked,false,33,3,0,0.0
Ai Weiwei · Multiple · 2025 Q3,Coloured Vase (Silver),2025-08-29,Untracked,false,9,0,0,0.0
Ai Weiwei · Multiple · 2025 Q3,Coloured Vase (Silver),2025-08-30,Untracked,false,6,0,0,0.0
Ai Weiwei · Multiple · 2025 Q3,Coloured Vase (Silver),2025-08-31,Untracked,false,6,0,0,0.0
Ai Weiwei · Multiple · 2025 Q3,Coloured Vase (Silver),2025-09-01,Untracked,false,2,0,0,0.0
Ai Weiwei · Multiple · 2025 Q3,Coloured Vase (Silver),2025-09-02,Untracked,false,2,0,0,0.0
Ai Weiwei · Multiple · 2025 Q3,Coloured Vase (Silver),2025-09-03,Untracked,false,12,0,0,0.0
Ai Weiwei · Multiple · 2025 Q3,Coloured Vase (Silver),2025-09-04,Untracked,false,9,0,0,0.0
Ai Weiwei · Multiple · 2025 Q3,"Coloured Vase (Silver, Gold, Green, Blue and Red)",2025-08-13,Untracked,false,2,2,0,0.0
Ai Weiwei · Multiple · 2025 Q3,"Coloured Vase (Silver, Gold, Green, Blue and Red)",2025-08-14,Untracked,false,2,2,0,0.0
Ai Weiwei · Multiple · 2025 Q3,"Coloured Vase (Silver, Gold, Green, Blue and Red)",2025-08-19,Untracked,false,3,3,0,0.0
Ai Weiwei · Multiple · 2025 Q3,"Coloured Vase (Silver, Gold, Green, Blue and Red)",2025-08-23,Untracked,false,2,2,0,0.0
Ai Weiwei · Multiple · 2025 Q3,"Coloured Vase (Silver, Gold, Green, Blue and Red)",2025-08-26,Untracked,false,1,0,0,0.0
Ai Weiwei · Multiple · 2025 Q3,"Coloured Vase (Silver, Gold, Green, Blue and Red)",2025-08-27,Untracked,false,10,10,0,0.0
Ai Weiwei · Multiple · 2025 Q3,"Coloured Vase (Silver, Gold, Green, Blue and Red)",2025-08-28,Untracked,false,6,3,0,0.0
Ai Weiwei · Multiple · 2025 Q3,"Coloured Vase (Silver, Gold, Green, Blue and Red)",2025-08-29,Untracked,false,2,1,0,0.0
Ai Weiwei · Multiple · 2025 Q3,"Coloured Vase (Silver, Gold, Green, Blue and Red)",2025-09-02,Untracked,false,2,0,0,0.0
Ai Weiwei · Multiple · 2025 Q3,"Coloured Vase (Silver, Gold, Green, Blue and Red)",2025-09-03,Untracked,false,1,0,0,0.0
Ai Weiwei · Multiple · 2025 Q3,"Coloured Vase (Silver, Gold, Green, Blue and Red)",2025-09-04,Untracked,false,3,0,0,0.0
Ai Weiwei · Multiple · 2025 Q4,Forever Bicycle (Blue & Silver),2025-10-20,AA Email Man,true,3,3,3,1.0
Ai Weiwei · Multiple · 2025 Q4,Forever Bicycle (Blue & Silver),2025-10-20,Referral Other,true,8,8,8,3.0
Ai Weiwei · Multiple · 2025 Q4,Forever Bicycle (Blue & Silver),2025-10-21,Organic Search,true,1,1,1,1.0
Ai Weiwei · Multiple · 2025 Q4,Forever Bicycle (Blue & Silver),2025-10-21,Referral Other,true,2,2,2,2.0
Ai Weiwei · Multiple · 2025 Q4,Forever Bicycle (Blue & Silver),2025-10-22,AA Email Man,true,2,2,2,0.0
Ai Weiwei · Multiple · 2025 Q4,Forever Bicycle (Blue & Silver),2025-10-22,Referral Other,true,4,4,4,0.0
Ai Weiwei · Multiple · 2025 Q4,Forever Bicycle (Blue & Silver),2025-10-28,Referral Other,true,1,1,1,0.0
Ai Weiwei · Multiple · 2025 Q4,Forever Bicycle (Blue & Silver),2025-10-29,AA Email Man,true,4,0,4,2.0
Ai Weiwei · Multiple · 2025 Q4,Forever Bicycle (Blue & Silver),2025-10-29,Direct,true,1,0,1,1.0
Ai Weiwei · Multiple · 2025 Q4,Forever Bicycle (Blue & Silver),2025-10-29,Organic Search,true,1,0,1,0.0
Ai Weiwei · Multiple · 2025 Q4,Forever Bicycle (Blue & Silver),2025-10-31,Direct,true,1,0,1,0.0
Ai Weiwei · Multiple · 2025 Q4,Forever Bicycle (Blue & Silver),2025-11-06,Direct,true,1,0,1,1.0
Ai Weiwei · Multiple · 2025 Q4,Forever Bicycle (Blue & Silver),2025-11-07,AA Email Man,true,3,0,3,3.0
Ai Weiwei · Multiple · 2025 Q4,Forever Bicycle (Blue & Silver),2025-11-07,AA Meta,true,1,0,1,1.0
Ai Weiwei · Multiple · 2025 Q4,Forever Bicycle (Blue & Silver),2025-11-10,AA Email Man,true,4,0,4,4.0
Ai Weiwei · Multiple · 2025 Q4,Forever Bicycle (Blue & Silver),2025-11-10,Other,true,1,0,1,1.0
Ai Weiwei · Multiple · 2025 Q4,Forever Bicycle (Blue & Silver),2025-11-10,Referral Other,true,1,0,1,1.0
Ai Weiwei · Multiple · 2025 Q4,Forever Bicycle (Blue & Silver),2025-11-17,AA Email Auto,true,1,0,1,0.0
Ai Weiwei · Multiple · 2025 Q4,Forever Bicycle (Blue & Silver),2025-11-17,AA Email Man,true,4,0,4,3.0
Ai Weiwei · Multiple · 2025 Q4,Forever Bicycle (Blue & Silver),2025-11-17,Direct,true,1,0,1,0.0
Ai Weiwei · Multiple · 2025 Q4,Forever Bicycle (Blue & Silver),2025-11-17,Paid Social,true,3,0,3,3.0
Ai Weiwei · Multiple · 2025 Q4,Forever Bicycle (Blue & Silver),2025-11-27,AA Email Man,true,1,0,1,0.0
Ai Weiwei · Multiple · 2025 Q4,Forever Bicycle (Red & Gold),2025-10-20,Referral Other,true,6,6,6,3.0
Ai Weiwei · Multiple · 2025 Q4,Forever Bicycle (Red & Gold),2025-10-21,AA X,true,1,1,1,0.0
Ai Weiwei · Multiple · 2025 Q4,Forever Bicycle (Red & Gold),2025-10-21,Referral Other,true,2,2,2,1.0
Ai Weiwei · Multiple · 2025 Q4,Forever Bicycle (Red & Gold),2025-10-22,AA Email Man,true,2,2,2,1.0
Ai Weiwei · Multiple · 2025 Q4,Forever Bicycle (Red & Gold),2025-10-22,Referral Other,true,2,2,2,1.0
Ai Weiwei · Multiple · 2025 Q4,Forever Bicycle (Red & Gold),2025-10-22,untracked,true,1,1,1,0.0
Ai Weiwei · Multiple · 2025 Q4,Forever Bicycle (Red & Gold),2025-10-24,AA Email Man,true,1,0,1,0.0
Ai Weiwei · Multiple · 2025 Q4,Forever Bicycle (Red & Gold),2025-10-28,AA Email Man,true,5,0,5,2.0
Ai Weiwei · Multiple · 2025 Q4,Forever Bicycle (Red & Gold),2025-10-28,Direct,true,3,0,3,1.0
Ai Weiwei · Multiple · 2025 Q4,Forever Bicycle (Red & Gold),2025-10-28,Organic Search,true,3,0,3,1.0
Ai Weiwei · Multiple · 2025 Q4,Forever Bicycle (Red & Gold),2025-10-28,Paid Social,true,2,0,2,1.0
Ai Weiwei · Multiple · 2025 Q4,Forever Bicycle (Red & Gold),2025-10-28,Referral Other,true,2,1,2,1.0
Ai Weiwei · Multiple · 2025 Q4,Forever Bicycle (Red & Gold),2025-10-30,Organic Search,true,1,1,1,0.0
Ai Weiwei · Multiple · 2025 Q4,Forever Bicycle (Red & Gold),2025-11-07,AA Email Man,true,1,0,1,0.0
Ai Weiwei · Multiple · 2025 Q4,Forever Bicycle (Red & Gold),2025-11-07,Direct,true,1,0,1,1.0
Ai Weiwei · Multiple · 2025 Q4,Forever Bicycle (Red & Gold),2025-11-07,Organic Search,true,1,0,1,1.0
Ai Weiwei · Multiple · 2025 Q4,Forever Bicycle (Red & Gold),2025-11-07,Paid Social,true,1,0,1,0.0
Ai Weiwei · Multiple · 2025 Q4,Forever Bicycle (Red & Gold),2025-11-10,AA Email Man,true,2,0,2,2.0
Ai Weiwei · Multiple · 2025 Q4,Forever Bicycle (Red & Gold),2025-11-10,Direct,true,1,0,1,1.0
Ai Weiwei · Multiple · 2025 Q4,Forever Bicycle (Red & Gold),2025-11-10,Other,true,1,0,1,1.0
Ai Weiwei · Multiple · 2025 Q4,Forever Bicycle (Red & Gold),2025-11-10,Paid Social,true,3,0,3,3.0
Ai Weiwei · Multiple · 2025 Q4,Forever Bicycle (Red & Gold),2025-11-17,AA Email Man,true,2,0,2,2.0
Ai Weiwei · Multiple · 2025 Q4,Forever Bicycle (Red & Gold),2025-11-17,Direct,true,2,0,2,0.0
Ai Weiwei · Multiple · 2025 Q4,Forever Bicycle (Red & Gold),2025-11-17,Paid Social,true,2,0,2,0.0
Ai Weiwei · Multiple · 2025 Q4,Forever Bicycle (Red & Gold),2025-11-17,Referral Artist,true,1,0,1,1.0
Ai Weiwei · Multiple · 2025 Q4,Forever Bicycle (Red & Gold) & Forever Bicycle (Blue & Silver),2025-10-20,Referral Other,true,4,4,4,2.0
Ai Weiwei · Multiple · 2025 Q4,Forever Bicycle (Red & Gold) & Forever Bicycle (Blue & Silver),2025-10-20,untracked,true,1,1,1,0.0
Ai Weiwei · Multiple · 2025 Q4,Forever Bicycle (Red & Gold) & Forever Bicycle (Blue & Silver),2025-10-21,Referral Other,true,3,3,3,1.0
Ai Weiwei · Multiple · 2025 Q4,Forever Bicycle (Red & Gold) & Forever Bicycle (Blue & Silver),2025-10-22,Referral Other,true,2,2,2,1.0
Ai Weiwei · Multiple · 2025 Q4,Forever Bicycle (Red & Gold) & Forever Bicycle (Blue & Silver),2025-10-23,AA Email Man,true,14,0,14,9.0
Ai Weiwei · Multiple · 2025 Q4,Forever Bicycle (Red & Gold) & Forever Bicycle (Blue & Silver),2025-10-23,Organic Search,true,1,0,1,0.0
Ai Weiwei · Multiple · 2025 Q4,Forever Bicycle (Red & Gold) & Forever Bicycle (Blue & Silver),2025-10-23,Referral Other,true,1,0,1,0.0
Ai Weiwei · Multiple · 2025 Q4,Forever Bicycle (Red & Gold) & Forever Bicycle (Blue & Silver),2025-10-27,AA Email Man,true,2,0,2,2.0
Ai Weiwei · Multiple · 2025 Q4,Forever Bicycle (Red & Gold) & Forever Bicycle (Blue & Silver),2025-10-27,Direct,true,2,0,2,0.0
Ai Weiwei · Multiple · 2025 Q4,Forever Bicycle (Red & Gold) & Forever Bicycle (Blue & Silver),2025-10-27,Other,true,1,0,1,0.0
Ai Weiwei · Multiple · 2025 Q4,Forever Bicycle (Red & Gold) & Forever Bicycle (Blue & Silver),2025-10-27,Paid Social,true,3,0,3,1.0
Ai Weiwei · Multiple · 2025 Q4,Forever Bicycle (Red & Gold) & Forever Bicycle (Blue & Silver),2025-10-28,AA Email Man,true,2,0,2,1.0
Ai Weiwei · Multiple · 2025 Q4,Forever Bicycle (Red & Gold) & Forever Bicycle (Blue & Silver),2025-10-28,Paid Social,true,1,0,1,1.0
Ai Weiwei · Multiple · 2025 Q4,Forever Bicycle (Red & Gold) & Forever Bicycle (Blue & Silver),2025-10-28,Referral Other,true,1,1,1,1.0
Ai Weiwei · Multiple · 2025 Q4,Forever Bicycle (Red & Gold) & Forever Bicycle (Blue & Silver),2025-10-29,AA Email Man,true,1,1,1,1.0
Ai Weiwei · Multiple · 2025 Q4,Forever Bicycle (Red & Gold) & Forever Bicycle (Blue & Silver),2025-11-03,Organic Search,true,2,0,2,1.0
Ai Weiwei · Multiple · 2025 Q4,Forever Bicycle (Red & Gold) & Forever Bicycle (Blue & Silver),2025-11-03,Other,true,1,0,1,1.0
Ai Weiwei · Multiple · 2025 Q4,Forever Bicycle (Red & Gold) & Forever Bicycle (Blue & Silver),2025-11-03,Paid Social,true,5,0,5,2.0
Ai Weiwei · Multiple · 2025 Q4,Forever Bicycle (Red & Gold) & Forever Bicycle (Blue & Silver),2025-11-06,AA Email Man,true,1,0,1,1.0
Ai Weiwei · Multiple · 2025 Q4,Forever Bicycle (Red & Gold) & Forever Bicycle (Blue & Silver),2025-11-07,Direct,true,1,0,1,1.0
Ai Weiwei · Multiple · 2025 Q4,Forever Bicycle (Red & Gold) & Forever Bicycle (Blue & Silver),2025-11-07,Organic Search,true,1,0,1,1.0
Ai Weiwei · Multiple · 2025 Q4,Forever Bicycle (Red & Gold) & Forever Bicycle (Blue & Silver),2025-11-07,Paid Social,true,1,0,1,1.0
Ai Weiwei · Multiple · 2026 Q1,Self-Portrait Embroidery (Blue & Pink),2026-01-27,Untracked,false,4,4,4,4.0
Ai Weiwei · Multiple · 2026 Q1,Self-Portrait Embroidery (Blue & Pink),2026-01-28,Untracked,false,5,2,5,5.0
Ai Weiwei · Multiple · 2026 Q1,Self-Portrait Embroidery (Blue & Pink),2026-01-29,Untracked,false,4,1,4,4.0
Ai Weiwei · Multiple · 2026 Q1,Self-Portrait Embroidery (Blue & Pink),2026-01-30,Untracked,false,1,0,1,1.0
Ai Weiwei · Multiple · 2026 Q1,Self-Portrait Embroidery (Blue & Pink),2026-02-02,Untracked,false,1,0,1,1.0
Ai Weiwei · Multiple · 2026 Q1,Self-Portrait Embroidery (Blue & Pink),2026-02-03,Untracked,false,1,0,1,1.0
Ai Weiwei · Multiple · 2026 Q1,Self-Portrait Embroidery (Blue & Pink),2026-02-04,Untracked,false,2,0,2,2.0
Ai Weiwei · Multiple · 2026 Q1,Self-Portrait Embroidery (Blue & Pink),2026-02-11,Untracked,false,1,0,1,0.25
Ai Weiwei · Multiple · 2026 Q1,Self-Portrait Embroidery (Blue & Pink),2026-03-03,Untracked,false,1,0,1,1.0
Ai Weiwei · Multiple · 2026 Q1,Self-Portrait Embroidery (Blue & Pink),2026-07-30,Untracked,false,1,0,1,0.0
Ai Weiwei · Multiple · 2026 Q1,Self-Portrait Embroidery (Green & Blue),2026-01-27,Untracked,false,6,6,6,6.0
Ai Weiwei · Multiple · 2026 Q1,Self-Portrait Embroidery (Green & Blue),2026-01-28,Untracked,false,5,3,5,5.0
Ai Weiwei · Multiple · 2026 Q1,Self-Portrait Embroidery (Green & Blue),2026-01-29,Untracked,false,3,0,3,3.0
Ai Weiwei · Multiple · 2026 Q1,Self-Portrait Embroidery (Green & Blue),2026-01-30,Untracked,false,2,0,2,2.0
Ai Weiwei · Multiple · 2026 Q1,Self-Portrait Embroidery (Green & Blue),2026-02-02,Untracked,false,1,0,1,1.0
Ai Weiwei · Multiple · 2026 Q1,Self-Portrait Embroidery (Green & Blue),2026-02-03,Untracked,false,2,0,2,2.0
Ai Weiwei · Multiple · 2026 Q1,Self-Portrait Embroidery (Green & Blue),2026-02-04,Untracked,false,2,0,2,2.0
Ai Weiwei · Multiple · 2026 Q1,Self-Portrait Embroidery (Green & Blue),2026-02-09,Untracked,false,1,0,1,1.0
Ai Weiwei · Multiple · 2026 Q1,Self-Portrait Embroidery (Green & Blue),2026-02-11,Untracked,false,1,0,1,0.25
Ai Weiwei · Multiple · 2026 Q1,"Self-Portrait Embroidery (Green & Blue), Self-Portrait Embroidery (Red & Green)",2026-01-27,Untracked,false,1,1,1,1.0
Ai Weiwei · Multiple · 2026 Q1,"Self-Portrait Embroidery (Green & Blue), Self-Portrait Embroidery (Red & Green)",2026-01-28,Untracked,false,1,0,1,1.0
Ai Weiwei · Multiple · 2026 Q1,Self-Portrait Embroidery (Purple & Yellow),2026-01-19,Untracked,false,1,0,1,1.0
Ai Weiwei · Multiple · 2026 Q1,Self-Portrait Embroidery (Purple & Yellow),2026-01-27,Untracked,false,8,8,8,8.0
Ai Weiwei · Multiple · 2026 Q1,Self-Portrait Embroidery (Purple & Yellow),2026-01-28,Untracked,false,3,0,3,3.0
Ai Weiwei · Multiple · 2026 Q1,Self-Portrait Embroidery (Purple & Yellow),2026-01-29,Direct,true,1,0,1,0.0
Ai Weiwei · Multiple · 2026 Q1,Self-Portrait Embroidery (Purple & Yellow),2026-01-29,Untracked,false,2,0,2,2.0
Ai Weiwei · Multiple · 2026 Q1,Self-Portrait Embroidery (Purple & Yellow),2026-01-30,Untracked,false,2,0,2,2.0
Ai Weiwei · Multiple · 2026 Q1,Self-Portrait Embroidery (Purple & Yellow),2026-02-02,Untracked,false,1,0,1,1.0
Ai Weiwei · Multiple · 2026 Q1,Self-Portrait Embroidery (Purple & Yellow),2026-02-03,Untracked,false,2,0,2,2.0
Ai Weiwei · Multiple · 2026 Q1,Self-Portrait Embroidery (Purple & Yellow),2026-02-04,Untracked,false,5,0,5,5.0
Ai Weiwei · Multiple · 2026 Q1,Self-Portrait Embroidery (Purple & Yellow),2026-02-11,Untracked,false,1,0,1,0.25
Ai Weiwei · Multiple · 2026 Q1,Self-Portrait Embroidery (Purple & Yellow),2026-02-16,Untracked,false,1,0,1,1.0
Ai Weiwei · Multiple · 2026 Q1,Self-Portrait Embroidery (Purple & Yellow),2026-08-27,Untracked,false,1,0,1,0.0
Ai Weiwei · Multiple · 2026 Q1,"Self-Portrait Embroidery (Purple & Yellow), Self-Portrait Embroidery (Blue & Pink)",2026-01-29,Untracked,false,1,0,1,1.0
Ai Weiwei · Multiple · 2026 Q1,"Self-Portrait Embroidery (Purple & Yellow), Self-Portrait Embroidery (Blue & Pink)",2026-02-02,Untracked,false,1,0,1,1.0
Ai Weiwei · Multiple · 2026 Q1,"Self-Portrait Embroidery (Purple & Yellow), Self-Portrait Embroidery (Blue & Pink), Self-Portrait Embroidery (Green & Blue), Self-Portrait Embroidery (Red & Green)",2026-01-19,Untracked,false,1,0,1,1.0
Ai Weiwei · Multiple · 2026 Q1,"Self-Portrait Embroidery (Purple & Yellow), Self-Portrait Embroidery (Blue & Pink), Self-Portrait Embroidery (Green & Blue), Self-Portrait Embroidery (Red & Green)",2026-01-27,Untracked,false,9,4,9,4.0
Ai Weiwei · Multiple · 2026 Q1,"Self-Portrait Embroidery (Purple & Yellow), Self-Portrait Embroidery (Blue & Pink), Self-Portrait Embroidery (Green & Blue), Self-Portrait Embroidery (Red & Green)",2026-01-28,Untracked,false,3,2,3,3.0
Ai Weiwei · Multiple · 2026 Q1,"Self-Portrait Embroidery (Purple & Yellow), Self-Portrait Embroidery (Blue & Pink), Self-Portrait Embroidery (Green & Blue), Self-Portrait Embroidery (Red & Green)",2026-01-29,Untracked,false,2,0,2,2.0
Ai Weiwei · Multiple · 2026 Q1,"Self-Portrait Embroidery (Purple & Yellow), Self-Portrait Embroidery (Blue & Pink), Self-Portrait Embroidery (Green & Blue), Self-Portrait Embroidery (Red & Green)",2026-02-02,Untracked,false,1,0,1,1.0
Ai Weiwei · Multiple · 2026 Q1,"Self-Portrait Embroidery (Purple & Yellow), Self-Portrait Embroidery (Blue & Pink), Self-Portrait Embroidery (Green & Blue), Self-Portrait Embroidery (Red & Green)",2026-02-05,Untracked,false,4,0,4,1.0
Ai Weiwei · Multiple · 2026 Q1,Self-Portrait Embroidery (Red & Green),2026-01-07,Untracked,false,1,0,1,1.0
Ai Weiwei · Multiple · 2026 Q1,Self-Portrait Embroidery (Red & Green),2026-01-27,Untracked,false,8,8,8,8.0
Ai Weiwei · Multiple · 2026 Q1,Self-Portrait Embroidery (Red & Green),2026-01-28,Untracked,false,12,2,12,12.0
Ai Weiwei · Multiple · 2026 Q1,Self-Portrait Embroidery (Red & Green),2026-01-29,Untracked,false,2,0,2,2.0
Ai Weiwei · Multiple · 2026 Q1,Self-Portrait Embroidery (Red & Green),2026-01-30,Untracked,false,2,0,2,2.0
Ai Weiwei · Multiple · 2026 Q1,Self-Portrait Embroidery (Red & Green),2026-02-01,Untracked,false,1,0,1,1.0
Ai Weiwei · Multiple · 2026 Q1,Self-Portrait Embroidery (Red & Green),2026-02-02,Untracked,false,1,0,1,1.0
Ai Weiwei · Multiple · 2026 Q1,Self-Portrait Embroidery (Red & Green),2026-02-03,Untracked,false,3,0,3,3.0
Ai Weiwei · Multiple · 2026 Q1,Self-Portrait Embroidery (Red & Green),2026-02-04,Untracked,false,10,0,10,10.0
Ai Weiwei · Multiple · 2026 Q1,Self-Portrait Embroidery (Red & Green),2026-02-06,Untracked,false,1,0,1,1.0
Ai Weiwei · Multiple · 2026 Q1,Self-Portrait Embroidery (Red & Green),2026-02-11,Untracked,false,1,0,1,0.25
Ai Weiwei · Multiple · 2026 Q1,Self-Portrait Embroidery (Red & Green),2026-03-12,Untracked,false,1,0,1,1.0
Ai Weiwei · Multiple · 2026 Q3,F.U.C.K. (Black & White),2026-08-26,AA Email Man,true,1,1,0,0.0
Ai Weiwei · Multiple · 2026 Q3,F.U.C.K. (Black & White),2026-08-26,Referral Other,true,1,1,0,0.0
Ai Weiwei · Multiple · 2026 Q3,F.U.C.K. (Black & White),2026-09-04,Referral Other,true,1,0,0,0.0
Ai Weiwei · Multiple · 2026 Q3,F.U.C.K. (Blue),2026-08-27,AA Email Man,true,1,1,0,0.0
Ai Weiwei · Multiple · 2026 Q3,F.U.C.K. (Blue),2026-09-04,Organic Search,true,1,0,0,0.0
Ai Weiwei · Multiple · 2026 Q3,F.U.C.K. (Blue),2026-09-23,Direct,true,1,0,0,0.0
Ai Weiwei · Multiple · 2026 Q3,F.U.C.K. (Blue),2026-09-24,AA Email Man,true,1,0,0,0.0
Ai Weiwei · Multiple · 2026 Q3,F.U.C.K. (Red),2026-08-26,Referral Other,true,2,2,0,0.0
Ai Weiwei · Multiple · 2026 Q3,F.U.C.K. (Red),2026-08-27,Referral Other,true,1,1,0,0.0
Ai Weiwei · Multiple · 2026 Q3,F.U.C.K. (Red),2026-08-29,Direct,true,1,0,0,0.0
Ai Weiwei · Multiple · 2026 Q3,F.U.C.K. (Red),2026-09-02,AA Email Man,true,1,0,0,0.0
Ai Weiwei · Multiple · 2026 Q3,F.U.C.K. (Red),2026-09-07,AA Email Man,true,1,0,0,0.0
Ai Weiwei · Multiple · 2026 Q3,F.U.C.K. (Red),2026-09-14,Organic Search,true,1,0,0,0.0
Ai Weiwei · Multiple · 2026 Q3,F.U.C.K. (Red),2026-09-24,Paid Social,true,1,0,0,0.0
Ai Weiwei · Multiple · 2026 Q3,F.U.C.K. (Yellow),2026-09-04,Direct,true,1,0,0,0.0
Ai Weiwei · Multiple · 2026 Q3,F.U.C.K. (Yellow),2026-09-14,AA Email Man,true,1,0,0,0.0
Ai Weiwei · Multiple · 2026 Q3,F.U.C.K. (Yellow),2026-09-18,Paid Social,true,1,0,0,0.0
Ai Weiwei · Multiple · 2026 Q3,F.U.C.K. (Yellow),2026-09-24,AA Email Man,true,1,0,0,0.0
Ai Weiwei · To Be Looked At... · 2024 Q4,To Be Looked At...,2024-08-02,AA Email Man,true,8,8,0,0.0
Ai Weiwei · To Be Looked At... · 2024 Q4,To Be Looked At...,2024-08-02,AA Meta,true,1,1,0,0.0
Ai Weiwei · To Be Looked At... · 2024 Q4,To Be Looked At...,2024-08-05,AA Email Man,true,1,1,0,0.0
Ai Weiwei · To Be Looked At... · 2024 Q4,To Be Looked At...,2024-08-06,AA Email Man,true,1,1,0,0.0
Ai Weiwei · To Be Looked At... · 2024 Q4,To Be Looked At...,2024-08-08,Organic Search,true,1,1,0,0.0
Ai Weiwei · To Be Looked At... · 2024 Q4,To Be Looked At...,2024-08-12,untracked,true,1,0,0,0.0
Ai Weiwei · To Be Looked At... · 2024 Q4,To Be Looked At...,2024-09-28,Referral Other,true,1,0,0,0.0
Ai Weiwei · To Be Looked At... · 2024 Q4,To Be Looked At...,2024-09-30,Direct,true,1,0,0,0.0
Ai Weiwei · To Be Looked At... · 2024 Q4,To Be Looked At...,2024-10-01,Direct,true,1,0,0,0.0
Ai Weiwei · To Be Looked At... · 2024 Q4,To Be Looked At...,2024-10-03,Direct,true,3,0,0,0.0
Ai Weiwei · To Be Looked At... · 2024 Q4,To Be Looked At...,2024-10-07,AA Email Man,true,15,14,0,0.0
Ai Weiwei · To Be Looked At... · 2024 Q4,To Be Looked At...,2024-10-07,Direct,true,2,2,0,0.0
Ai Weiwei · To Be Looked At... · 2024 Q4,To Be Looked At...,2024-10-07,Organic Search,true,1,1,0,0.0
Ai Weiwei · To Be Looked At... · 2024 Q4,To Be Looked At...,2024-10-07,Referral Other,true,41,41,0,0.0
Ai Weiwei · To Be Looked At... · 2024 Q4,To Be Looked At...,2024-10-07,untracked,true,2,2,0,0.0
Ai Weiwei · To Be Looked At... · 2024 Q4,To Be Looked At...,2024-10-08,AA Email Man,true,7,7,0,0.0
Ai Weiwei · To Be Looked At... · 2024 Q4,To Be Looked At...,2024-10-08,Direct,true,3,1,0,0.0
Ai Weiwei · To Be Looked At... · 2024 Q4,To Be Looked At...,2024-10-08,Organic Search,true,5,5,0,0.0
Ai Weiwei · To Be Looked At... · 2024 Q4,To Be Looked At...,2024-10-08,Referral Other,true,23,21,0,0.0
Ai Weiwei · To Be Looked At... · 2024 Q4,To Be Looked At...,2024-10-08,untracked,true,1,1,0,0.0
Ai Weiwei · To Be Looked At... · 2024 Q4,To Be Looked At...,2024-10-09,AA Email Man,true,3,3,0,0.0
Ai Weiwei · To Be Looked At... · 2024 Q4,To Be Looked At...,2024-10-09,Direct,true,1,0,0,0.0
Ai Weiwei · To Be Looked At... · 2024 Q4,To Be Looked At...,2024-10-09,Organic Search,true,1,1,0,0.0
Ai Weiwei · To Be Looked At... · 2024 Q4,To Be Looked At...,2024-10-09,Referral Other,true,7,7,0,0.0
Ai Weiwei · To Be Looked At... · 2024 Q4,To Be Looked At...,2024-10-10,Referral Other,true,3,3,0,0.0
Ai Weiwei · To Be Looked At... · 2024 Q4,To Be Looked At...,2024-10-11,Direct,true,2,0,0,0.0
Ai Weiwei · To Be Looked At... · 2024 Q4,To Be Looked At...,2024-10-11,Referral Other,true,1,0,0,0.0
Ai Weiwei · To Be Looked At... · 2024 Q4,To Be Looked At...,2024-10-12,Direct,true,1,0,0,0.0
Ai Weiwei · To Be Looked At... · 2024 Q4,To Be Looked At...,2024-10-14,Direct,true,1,0,0,0.0
Ai Weiwei · To Be Looked At... · 2024 Q4,To Be Looked At...,2024-10-15,AA Email Man,true,1,0,0,0.0
Ai Weiwei · To Be Looked At... · 2024 Q4,To Be Looked At...,2024-10-15,Direct,true,1,0,0,0.0
Ai Weiwei · To Be Looked At... · 2024 Q4,To Be Looked At...,2024-10-15,Referral Other,true,1,0,0,0.0
Ai Weiwei · To Be Looked At... · 2024 Q4,To Be Looked At...,2024-10-18,AA Email Man,true,6,6,0,0.0
Ai Weiwei · To Be Looked At... · 2024 Q4,To Be Looked At...,2024-10-18,Referral Other,true,2,2,0,0.0
Ai Weiwei · To Be Looked At... · 2024 Q4,To Be Looked At...,2024-10-19,Referral Other,true,1,1,0,0.0
Ai Weiwei · To Be Looked At... · 2024 Q4,To Be Looked At...,2024-10-21,Direct,true,2,0,0,0.0
Ai Weiwei · To Be Looked At... · 2024 Q4,To Be Looked At...,2024-10-22,Direct,true,1,0,0,0.0
Ai Weiwei · To Be Looked At... · 2024 Q4,To Be Looked At...,2024-11-04,AA Email Man,true,26,0,0,0.0
Ai Weiwei · To Be Looked At... · 2024 Q4,To Be Looked At...,2024-11-04,Direct,true,6,0,0,0.0
Ai Weiwei · To Be Looked At... · 2024 Q4,To Be Looked At...,2024-11-04,Organic Search,true,2,0,0,0.0
Ai Weiwei · To Be Looked At... · 2024 Q4,To Be Looked At...,2024-11-04,Referral Artist,true,1,0,0,0.0
Ai Weiwei · To Be Looked At... · 2024 Q4,To Be Looked At...,2024-11-04,Referral Meta,true,1,0,0,0.0
Ai Weiwei · To Be Looked At... · 2024 Q4,To Be Looked At...,2024-11-04,Referral Other,true,7,0,0,0.0
Ai Weiwei · To Be Looked At... · 2024 Q4,To Be Looked At...,2024-11-04,untracked,true,1,0,0,0.0
Ai Weiwei · To Be Looked At... · 2024 Q4,To Be Looked At...,2024-11-06,Direct,true,1,0,0,0.0
Ai Weiwei · To Be Looked At... · 2024 Q4,To Be Looked At...,2024-11-08,Organic Search,true,1,0,0,0.0
Ai Weiwei · To Be Looked At... · 2024 Q4,To Be Looked At...,2026-03-27,untracked,true,1,0,0,0.0
Alex Katz · Ada Ada · 2025 Q4,Ada Ada,2025-09-24,Other,true,1,1,1,1.0
Alex Katz · Ada Ada · 2025 Q4,Ada Ada,2025-09-24,Referral Other,true,3,3,3,3.0
Alex Katz · Ada Ada · 2025 Q4,Ada Ada,2025-09-25,Referral Other,true,2,2,2,2.0
Alex Katz · Ada Ada · 2025 Q4,Ada Ada,2025-09-26,Referral Other,true,1,1,1,1.0
Alex Katz · Ada Ada · 2025 Q4,Ada Ada,2025-09-29,AA Email Man,true,2,2,2,1.0
Alex Katz · Ada Ada · 2025 Q4,Ada Ada,2025-09-29,Referral Other,true,15,15,15,12.0
Alex Katz · Ada Ada · 2025 Q4,Ada Ada,2025-09-29,untracked,true,1,1,1,1.0
Alex Katz · Ada Ada · 2025 Q4,Ada Ada,2025-09-30,AA Email Man,true,2,2,2,1.0
Alex Katz · Ada Ada · 2025 Q4,Ada Ada,2025-09-30,Organic Search,true,1,1,1,1.0
Alex Katz · Ada Ada · 2025 Q4,Ada Ada,2025-09-30,Referral Other,true,5,5,5,2.0
Alex Katz · Ada Ada · 2025 Q4,Ada Ada,2025-10-01,AA Email Man,true,1,0,1,1.0
Alex Katz · Ada Ada · 2025 Q4,Ada Ada,2025-10-01,Direct,true,2,1,2,0.0
Alex Katz · Ada Ada · 2025 Q4,Ada Ada,2025-10-01,Referral Other,true,4,4,4,2.0
Alex Katz · Ada Ada · 2025 Q4,Ada Ada,2025-10-01,untracked,true,1,1,1,1.0
Alex Katz · Ada Ada · 2025 Q4,Ada Ada,2025-10-02,AA Email Man,true,1,0,1,0.0
Alex Katz · Ada Ada · 2025 Q4,Ada Ada,2025-10-03,Direct,true,2,0,2,1.0
Alex Katz · Ada Ada · 2025 Q4,Ada Ada,2025-10-03,Organic Search,true,1,0,1,1.0
Alex Katz · Ada Ada · 2025 Q4,Ada Ada,2025-10-06,AA Email Man,true,15,0,15,8.0
Alex Katz · Ada Ada · 2025 Q4,Ada Ada,2025-10-06,AA Meta,true,1,0,1,1.0
Alex Katz · Ada Ada · 2025 Q4,Ada Ada,2025-10-07,Direct,true,1,0,1,0.0
Alex Katz · Ada Ada · 2025 Q4,Ada Ada,2025-10-07,Organic Search,true,4,0,4,0.0
Alex Katz · Ada Ada · 2025 Q4,Ada Ada,2025-10-08,AA Email Man,true,11,0,11,6.0
Alex Katz · Ada Ada · 2025 Q4,Ada Ada,2025-10-08,AA Meta,true,3,0,3,3.0
Alex Katz · Ada Ada · 2025 Q4,Ada Ada,2025-10-08,Direct,true,2,0,2,1.0
Alex Katz · Ada Ada · 2025 Q4,Ada Ada,2025-10-08,Organic Search,true,1,0,1,1.0
Alex Katz · Ada Ada · 2025 Q4,Ada Ada,2025-10-08,Paid Social,true,4,0,4,4.0
Alex Katz · Ada Ada · 2025 Q4,Ada Ada,2025-10-08,Referral Other,true,1,0,1,1.0
Alex Katz · Ada Ada · 2025 Q4,Ada Ada,2025-10-09,AA Email Man,true,3,0,3,1.0
Alex Katz · Ada Ada · 2025 Q4,Ada Ada,2025-10-09,AA Meta,true,1,0,1,0.0
Alex Katz · Ada Ada · 2025 Q4,Ada Ada,2025-10-09,Organic Search,true,3,0,3,2.0
Alex Katz · Ada Ada · 2025 Q4,Ada Ada,2025-10-09,Paid Social,true,2,0,2,0.0
Alex Katz · Ada Ada · 2025 Q4,Ada Ada,2025-10-09,Referral Other,true,2,0,2,1.0
Alex Katz · Ada Ada · 2025 Q4,Ada Ada,2025-10-10,Direct,true,1,0,1,0.0
Alex Katz · Ada Ada · 2025 Q4,Ada Ada,2025-10-10,untracked,true,1,0,1,1.0
Alex Katz · Ada Ada · 2025 Q4,Ada Ada,2025-10-11,Referral Other,true,1,0,1,1.0
Alex Katz · Ada Ada · 2025 Q4,Ada Ada,2025-10-13,Direct,true,1,0,1,1.0
Alex Katz · Ada Ada · 2025 Q4,Ada Ada,2025-10-13,Paid Social,true,7,0,7,7.0
Alex Katz · Ada Ada · 2025 Q4,Ada Ada,2025-10-13,Referral Other,true,2,0,2,2.0
Alex Katz · Ada Ada · 2025 Q4,Ada Ada,2025-10-15,AA Email Man,true,5,0,5,2.0
Alex Katz · Ada Ada · 2025 Q4,Ada Ada,2025-10-15,Direct,true,1,0,1,0.0
Alex Katz · Ada Ada · 2025 Q4,Ada Ada,2025-10-15,Organic Search,true,1,0,1,0.0
Alex Katz · Ada Ada · 2025 Q4,Ada Ada,2025-10-15,Other,true,1,0,1,1.0
Alex Katz · Ada Ada · 2025 Q4,Ada Ada,2025-10-15,Paid Social,true,7,0,7,5.0
Alex Katz · Ada Ada · 2025 Q4,Ada Ada,2025-10-15,Referral Other,true,2,0,2,2.0
Alex Katz · Ada Ada · 2025 Q4,Ada Ada,2025-10-16,Direct,true,2,0,2,1.0
Alex Katz · Ada Ada · 2025 Q4,Ada Ada,2025-10-16,Other,true,1,0,1,0.0
Alex Katz · Ada Ada · 2025 Q4,Ada Ada,2025-10-17,AA Email Man,true,1,0,1,0.0
Alex Katz · Ada Ada · 2025 Q4,Ada Ada,2025-10-17,Other,true,1,0,1,0.0
Alex Katz · Ada Ada · 2025 Q4,Ada Ada,2025-10-17,Paid Social,true,2,0,2,1.0
Alex Katz · Ada Ada · 2025 Q4,Ada Ada,2025-10-17,Referral Other,true,1,0,1,0.0
Alex Katz · Ada Ada · 2025 Q4,Ada Ada,2025-10-18,Referral Other,true,1,0,1,0.0
Alex Katz · Ada Ada · 2025 Q4,Ada Ada,2025-10-24,AA Email Man,true,4,0,4,3.0
Alex Katz · Ada Ada · 2025 Q4,Ada Ada,2025-10-24,AA Meta,true,1,0,1,1.0
Alex Katz · Ada Ada · 2025 Q4,Ada Ada,2025-10-24,Direct,true,2,0,2,2.0
Alex Katz · Ada Ada · 2025 Q4,Ada Ada,2025-10-24,Organic Search,true,3,0,3,1.0
Alex Katz · Ada Ada · 2025 Q4,Ada Ada,2025-10-24,Paid Social,true,9,0,9,6.0
Alex Katz · Ada Ada · 2025 Q4,Ada Ada,2025-10-24,Referral Other,true,1,0,1,1.0
Alex Katz · Ada Ada · 2025 Q4,Ada Ada,2025-10-24,untracked,true,1,0,1,0.0
Alex Katz · Ada Ada · 2025 Q4,Ada Ada,2025-10-28,Organic Search,true,2,0,2,2.0
Alex Katz · Ada Ada · 2025 Q4,Ada Ada,2025-10-28,Paid Social,true,5,0,5,4.0
Alex Katz · Ada Ada · 2025 Q4,Ada Ada,2025-10-28,Referral Other,true,1,0,1,0.0
Alex Katz · Ada Ada · 2025 Q4,Ada Ada,2025-10-28,untracked,true,1,0,1,0.0
Alex Katz · Ada Ada · 2025 Q4,Ada Ada,2025-10-30,AA Email Man,true,7,0,7,3.0
Alex Katz · Ada Ada · 2025 Q4,Ada Ada,2025-10-30,AA Meta,true,1,0,1,1.0
Alex Katz · Ada Ada · 2025 Q4,Ada Ada,2025-10-30,Direct,true,1,0,1,1.0
Alex Katz · Ada Ada · 2025 Q4,Ada Ada,2025-10-30,Organic Search,true,2,0,2,2.0
Alex Katz · Ada Ada · 2025 Q4,Ada Ada,2025-10-30,Paid Social,true,10,0,10,8.0
Alex Katz · Ada Ada · 2025 Q4,Ada Ada,2025-10-30,Referral Other,true,2,0,2,1.0
Alex Katz · Ada Ada · 2025 Q4,Ada Ada,2025-10-30,untracked,true,1,0,1,0.0
Alex Katz · Ada Ada · 2025 Q4,Ada Ada,2025-11-05,AA Email Man,true,1,0,1,0.0
Alex Katz · Ada Ada · 2025 Q4,Ada Ada,2025-11-05,Referral Other,true,1,0,1,0.0
Alex Katz · Ada Ada · 2025 Q4,Ada Ada,2025-11-06,AA Email Man,true,1,0,1,0.0
Alex Katz · Ada Ada · 2025 Q4,Ada Ada,2026-01-13,Organic Search,true,1,0,1,0.0
Alex Katz · Ada Ada · 2025 Q4,Ada Ada,2026-01-15,Referral Other,true,2,0,2,2.0
Ali Banisadr · Thinkpol · 2021 Q2,Thinkpol,2025-06-10,Untracked,false,1,0,1,0.0
Ali Banisadr · Thinkpol · 2021 Q2,Thinkpol,2026-02-12,Untracked,false,1,0,1,0.0
Alpha Centauri Kid · Multiple · 2024 Q4,Flower Demons,2024-10-31,Untracked,false,1,0,1,0.0
Alpha Centauri Kid · Multiple · 2024 Q4,"Flower Demons, Paired 1/1 NFT",2024-10-31,Untracked,false,1,0,0,0.0
Alpha Centauri Kid · Multiple · 2024 Q4,Golden Afternoon,2024-10-31,Untracked,false,1,0,1,0.0
Alpha Centauri Kid · Multiple · 2024 Q4,"Golden Afternoon, Paired 1/1 NFT",2024-10-31,Untracked,false,1,0,0,0.0
Alpha Centauri Kid · Multiple · 2024 Q4,Muse blossoms,2024-10-31,Untracked,false,1,0,1,0.0
Alpha Centauri Kid · Multiple · 2024 Q4,"Muse blossoms, Paired 1/1 NFT",2024-10-31,Untracked,false,1,0,0,0.0
Alpha Centauri Kid · Multiple · 2024 Q4,Tempted in the Garden,2024-10-31,Untracked,false,13,0,13,10.0
Alpha Centauri Kid · Multiple · 2024 Q4,Tempted in the Garden,2024-11-01,Untracked,false,5,0,5,4.0
Alpha Centauri Kid · Multiple · 2024 Q4,Tempted in the Garden,2024-11-05,Untracked,false,1,0,1,1.0
Alpha Centauri Kid · Multiple · 2024 Q4,Tempted in the Garden,2024-11-07,Untracked,false,1,0,1,0.0
Alpha Centauri Kid · Multiple · 2024 Q4,Tempted in the Garden,2024-11-27,Untracked,false,3,0,3,3.0
Alpha Centauri Kid · Multiple · 2024 Q4,Tempted in the Garden,2024-11-28,Untracked,false,1,0,1,1.0
Alpha Centauri Kid · Multiple · 2024 Q4,Tempted in the Garden,2024-12-11,Untracked,false,1,0,1,1.0
Alpha Centauri Kid · Multiple · 2024 Q4,Tempted in the Garden,2024-12-16,Untracked,false,1,0,1,0.0
Alpha Centauri Kid · Multiple · 2024 Q4,Tempted in the Garden,2025-02-07,Untracked,false,1,0,1,1.0
Alpha Centauri Kid · Multiple · 2024 Q4,Tempted in the Garden,2025-02-08,Untracked,false,1,0,1,1.0
Alpha Centauri Kid · Multiple · 2024 Q4,Tempted in the Garden,2025-02-19,Untracked,false,1,0,1,1.0
Alpha Centauri Kid · Multiple · 2024 Q4,Tempted in the Garden,2025-02-20,Untracked,false,1,0,1,0.0
Alpha Centauri Kid · Multiple · 2024 Q4,Tempted in the Garden,2025-05-02,Untracked,false,1,0,1,1.0
Alpha Centauri Kid · Multiple · 2024 Q4,"Tempted in the Garden, Digital",2024-10-31,Untracked,false,13,0,0,0.0
Alpha Centauri Kid · Multiple · 2024 Q4,"Tempted in the Garden, Digital",2024-11-01,Untracked,false,5,0,0,0.0
Alpha Centauri Kid · Multiple · 2024 Q4,"Tempted in the Garden, Digital",2024-11-05,Untracked,false,1,0,0,0.0
Alpha Centauri Kid · Multiple · 2024 Q4,"Tempted in the Garden, Digital",2024-11-07,Untracked,false,1,0,0,0.0
Alpha Centauri Kid · Multiple · 2024 Q4,"Tempted in the Garden, Digital",2024-11-27,Untracked,false,3,0,0,0.0
Alpha Centauri Kid · Multiple · 2024 Q4,"Tempted in the Garden, Digital",2024-11-28,Untracked,false,1,0,0,0.0
Alpha Centauri Kid · Multiple · 2024 Q4,"Tempted in the Garden, Digital",2024-12-11,Untracked,false,1,0,0,0.0
Alpha Centauri Kid · Multiple · 2024 Q4,"Tempted in the Garden, Digital",2024-12-16,Untracked,false,1,0,0,0.0
Alpha Centauri Kid · Multiple · 2024 Q4,"Tempted in the Garden, Digital",2024-12-19,Untracked,false,3,0,0,0.0
Alpha Centauri Kid · Multiple · 2024 Q4,"Tempted in the Garden, Digital",2025-02-28,Untracked,false,1,0,0,0.0
Alpha Centauri Kid · Multiple · 2024 Q4,Wonderland,2024-10-31,Untracked,false,1,0,1,0.0
Alpha Centauri Kid · Multiple · 2024 Q4,"Wonderland, Paired 1/1 NFT",2024-10-31,Untracked,false,1,0,0,0.0
Alpha Centauri Kid · Multiple · 2024 Q4,interblossom,2024-10-31,Untracked,false,1,0,1,0.0
Alpha Centauri Kid · Multiple · 2024 Q4,"interblossom, Paired 1/1 NFT",2024-10-31,Untracked,false,1,0,0,0.0
Alpha Centauri Kid · Warothy · 2023 Q4,Warothy,2023-11-03,Direct,true,1,0,0,0.0
Alpha Centauri Kid · Warothy · 2023 Q4,Warothy,2023-11-06,AA X,true,1,0,0,0.0
Alpha Centauri Kid · Warothy · 2023 Q4,Warothy,2023-11-06,Direct,true,1,0,0,0.0
Alpha Centauri Kid · Warothy · 2023 Q4,Warothy,2023-11-06,Referral Other,true,1,0,0,0.0
Alpha Centauri Kid · Warothy · 2023 Q4,Warothy,2023-11-06,untracked,true,2,0,0,0.0
Alpha Centauri Kid · Warothy · 2023 Q4,Warothy,2023-11-07,Direct,true,1,0,0,0.0
Alpha Centauri Kid · Warothy · 2023 Q4,Warothy,2023-11-09,untracked,true,1,0,0,0.0
Alpha Centauri Kid · Warothy · 2023 Q4,Warothy,2023-11-10,AA X,true,1,0,0,0.0
Alpha Centauri Kid · Warothy · 2023 Q4,Warothy,2023-11-14,AA X,true,3,0,0,0.0
Alpha Centauri Kid · Warothy · 2023 Q4,Warothy,2023-11-14,Direct,true,1,0,0,0.0
Alpha Centauri Kid · Warothy · 2023 Q4,Warothy,2023-11-19,Direct,true,1,0,0,0.0
Alpha Centauri Kid · Warothy · 2023 Q4,Warothy,2023-11-20,Direct,true,1,0,0,0.0
Alpha Centauri Kid · Warothy · 2023 Q4,Warothy,2023-11-20,Referral Other,true,1,0,0,0.0
Alpha Centauri Kid · Warothy · 2023 Q4,Warothy,2023-11-22,AA X,true,1,0,0,0.0
Alpha Centauri Kid · Warothy · 2023 Q4,Warothy,2023-11-22,Direct,true,4,0,0,0.0
Alpha Centauri Kid · Warothy · 2023 Q4,Warothy,2023-11-22,Referral Other,true,2,0,0,0.0
Alpha Centauri Kid · Warothy · 2023 Q4,Warothy,2023-11-22,untracked,true,1,0,0,0.0
Alpha Centauri Kid · Warothy · 2023 Q4,Warothy,2023-11-27,Direct,true,1,0,0,0.0
Amani Lewis · TWO QUEENS: Ode to Romare Bearden · 2021 Q3,TWO QUEENS: Ode to Romare Bearden,2023-05-01,Organic Search,true,1,0,1,1.0
Amani Lewis · TWO QUEENS: Ode to Romare Bearden · 2021 Q3,TWO QUEENS: Ode to Romare Bearden,2023-08-03,Direct,true,1,0,1,1.0
Amani Lewis · TWO QUEENS: Ode to Romare Bearden · 2021 Q3,TWO QUEENS: Ode to Romare Bearden,2024-01-15,Direct,true,1,0,1,0.0
Amani Lewis · TWO QUEENS: Ode to Romare Bearden · 2021 Q3,TWO QUEENS: Ode to Romare Bearden,2024-11-25,Referral Other,true,1,0,1,0.0
Amani Lewis · TWO QUEENS: Ode to Romare Bearden · 2021 Q3,TWO QUEENS: Ode to Romare Bearden,2026-07-18,Referral Other,true,1,0,1,0.0
Andy Warhol Estate · Multiple · 2026 Q3,Brillo Box Collectable (Green Landscape),2026-09-01,Referral Other,true,2,2,2,1.0
Andy Warhol Estate · Multiple · 2026 Q3,Brillo Box Collectable (Green Landscape),2026-09-04,untracked,true,1,0,1,0.0
Andy Warhol Estate · Multiple · 2026 Q3,Brillo Box Collectable (Green Landscape),2026-09-05,Direct,true,1,0,1,0.0
Andy Warhol Estate · Multiple · 2026 Q3,Brillo Box Collectable (Green Landscape),2026-09-07,AA Email Man,true,2,0,2,1.0
Andy Warhol Estate · Multiple · 2026 Q3,Brillo Box Collectable (Green Landscape),2026-09-07,Direct,true,3,0,3,2.0
Andy Warhol Estate · Multiple · 2026 Q3,Brillo Box Collectable (Green Landscape),2026-09-07,Referral Other,true,1,0,1,1.0
Andy Warhol Estate · Multiple · 2026 Q3,Brillo Box Collectable (Green Landscape),2026-09-08,Paid Social,true,1,0,1,1.0
Andy Warhol Estate · Multiple · 2026 Q3,Brillo Box Collectable (Green Landscape),2026-09-09,Direct,true,1,0,1,1.0
Andy Warhol Estate · Multiple · 2026 Q3,Brillo Box Collectable (Green Landscape),2026-09-09,Paid Social,true,1,0,1,0.0
Andy Warhol Estate · Multiple · 2026 Q3,Brillo Box Collectable (Green Landscape),2026-09-09,Referral Other,true,1,0,1,1.0
Andy Warhol Estate · Multiple · 2026 Q3,Brillo Box Collectable (Green Landscape),2026-09-11,Paid Social,true,2,0,2,2.0
Andy Warhol Estate · Multiple · 2026 Q3,Brillo Box Collectable (Green Landscape),2026-09-14,Organic Search,true,1,0,1,1.0
Andy Warhol Estate · Multiple · 2026 Q3,Brillo Box Collectable (Green Landscape),2026-09-14,Paid Social,true,1,0,1,1.0
Andy Warhol Estate · Multiple · 2026 Q3,Brillo Box Collectable (Green Landscape),2026-09-16,Referral Other,true,1,0,1,1.0
Andy Warhol Estate · Multiple · 2026 Q3,Brillo Box Collectable (Green Landscape),2026-09-18,AA Meta,true,1,0,1,1.0
Andy Warhol Estate · Multiple · 2026 Q3,Brillo Box Collectable (Green Landscape),2026-09-18,Direct,true,1,0,1,1.0
Andy Warhol Estate · Multiple · 2026 Q3,Brillo Box Collectable (Green Landscape),2026-09-18,Paid Social,true,1,0,1,1.0
Andy Warhol Estate · Multiple · 2026 Q3,Brillo Box Collectable (Green Landscape),2026-09-18,untracked,true,1,0,1,1.0
Andy Warhol Estate · Multiple · 2026 Q3,Brillo Box Collectable (Green Landscape),2026-09-21,Direct,true,2,0,2,1.0
Andy Warhol Estate · Multiple · 2026 Q3,Brillo Box Collectable (Green Landscape),2026-09-21,Organic Search,true,2,0,2,2.0
Andy Warhol Estate · Multiple · 2026 Q3,Brillo Box Collectable (Green Landscape),2026-09-21,Paid Social,true,11,0,11,10.5
Andy Warhol Estate · Multiple · 2026 Q3,Brillo Box Collectable (Green Landscape),2026-09-21,Referral Meta,true,1,0,1,1.0
Andy Warhol Estate · Multiple · 2026 Q3,Brillo Box Collectable (Green Landscape),2026-09-21,Referral Other,true,1,0,1,1.0
Andy Warhol Estate · Multiple · 2026 Q3,Brillo Box Collectable (Green Landscape),2026-09-22,AA Email Man,true,1,0,1,1.0
Andy Warhol Estate · Multiple · 2026 Q3,Brillo Box Collectable (Green Landscape),2026-09-22,Direct,true,1,0,1,1.0
Andy Warhol Estate · Multiple · 2026 Q3,Brillo Box Collectable (Green Landscape),2026-09-22,Paid Social,true,1,0,1,1.0
Andy Warhol Estate · Multiple · 2026 Q3,Brillo Box Collectable (Green Landscape),2026-09-24,Direct,true,3,0,3,2.0
Andy Warhol Estate · Multiple · 2026 Q3,Brillo Box Collectable (Green Landscape),2026-09-24,Paid Social,true,9,0,9,7.0
Andy Warhol Estate · Multiple · 2026 Q3,Brillo Box Collectable (Green Portrait),2026-09-01,AA Email Man,true,1,1,1,0.0
Andy Warhol Estate · Multiple · 2026 Q3,Brillo Box Collectable (Green Portrait),2026-09-01,Referral Other,true,4,4,4,1.0
Andy Warhol Estate · Multiple · 2026 Q3,Brillo Box Collectable (Green Portrait),2026-09-02,Referral Other,true,2,2,2,2.0
Andy Warhol Estate · Multiple · 2026 Q3,Brillo Box Collectable (Green Portrait),2026-09-03,Referral Other,true,1,1,1,1.0
Andy Warhol Estate · Multiple · 2026 Q3,Brillo Box Collectable (Green Portrait),2026-09-04,untracked,true,1,0,1,0.0
Andy Warhol Estate · Multiple · 2026 Q3,Brillo Box Collectable (Green Portrait),2026-09-05,Direct,true,1,0,1,0.0
Andy Warhol Estate · Multiple · 2026 Q3,Brillo Box Collectable (Green Portrait),2026-09-07,AA Email Man,true,4,0,4,2.0
Andy Warhol Estate · Multiple · 2026 Q3,Brillo Box Collectable (Green Portrait),2026-09-07,Direct,true,2,0,2,2.0
Andy Warhol Estate · Multiple · 2026 Q3,Brillo Box Collectable (Green Portrait),2026-09-07,Referral Other,true,1,0,1,1.0
Andy Warhol Estate · Multiple · 2026 Q3,Brillo Box Collectable (Green Portrait),2026-09-09,Organic Search,true,1,0,1,1.0
Andy Warhol Estate · Multiple · 2026 Q3,Brillo Box Collectable (Green Portrait),2026-09-09,Paid Social,true,2,0,2,2.0
Andy Warhol Estate · Multiple · 2026 Q3,Brillo Box Collectable (Green Portrait),2026-09-09,Referral Other,true,1,0,1,1.0
Andy Warhol Estate · Multiple · 2026 Q3,Brillo Box Collectable (Green Portrait),2026-09-10,Paid Social,true,1,0,1,1.0
Andy Warhol Estate · Multiple · 2026 Q3,Brillo Box Collectable (Green Portrait),2026-09-11,Direct,true,1,0,1,1.0
Andy Warhol Estate · Multiple · 2026 Q3,Brillo Box Collectable (Green Portrait),2026-09-11,Paid Social,true,2,0,2,1.0
Andy Warhol Estate · Multiple · 2026 Q3,Brillo Box Collectable (Green Portrait),2026-09-14,AA Meta,true,1,0,1,0.0
Andy Warhol Estate · Multiple · 2026 Q3,Brillo Box Collectable (Green Portrait),2026-09-14,Paid Social,true,2,0,2,1.0
Andy Warhol Estate · Multiple · 2026 Q3,Brillo Box Collectable (Green Portrait),2026-09-14,Referral Other,true,1,0,1,0.0
Andy Warhol Estate · Multiple · 2026 Q3,Brillo Box Collectable (Green Portrait),2026-09-16,Direct,true,1,0,1,1.0
Andy Warhol Estate · Multiple · 2026 Q3,Brillo Box Collectable (Green Portrait),2026-09-16,Referral Meta,true,1,0,1,0.0
Andy Warhol Estate · Multiple · 2026 Q3,Brillo Box Collectable (Green Portrait),2026-09-18,Paid Social,true,4,0,4,2.0
Andy Warhol Estate · Multiple · 2026 Q3,Brillo Box Collectable (Green Portrait),2026-09-18,untracked,true,1,0,1,0.0
Andy Warhol Estate · Multiple · 2026 Q3,Brillo Box Collectable (Green Portrait),2026-09-21,Direct,true,1,0,1,0.0
Andy Warhol Estate · Multiple · 2026 Q3,Brillo Box Collectable (Green Portrait),2026-09-21,Paid Social,true,7,0,7,4.5
Andy Warhol Estate · Multiple · 2026 Q3,Brillo Box Collectable (Green Portrait),2026-09-22,Direct,true,1,0,1,1.0
Andy Warhol Estate · Multiple · 2026 Q3,Brillo Box Collectable (Green Portrait),2026-09-24,Direct,true,1,0,1,0.0
Andy Warhol Estate · Multiple · 2026 Q3,Brillo Box Collectable (Green Portrait),2026-09-24,Paid Social,true,8,0,8,4.0
Andy Warhol Estate · Multiple · 2026 Q3,Brillo Box Collectable (Lifesize),2026-09-01,AA Email Man,true,6,6,0,0.0
Andy Warhol Estate · Multiple · 2026 Q3,Brillo Box Collectable (Lifesize),2026-09-01,Organic Search,true,1,1,0,0.0
Andy Warhol Estate · Multiple · 2026 Q3,Brillo Box Collectable (Lifesize),2026-09-01,Referral Other,true,9,9,0,0.0
Andy Warhol Estate · Multiple · 2026 Q3,Brillo Box Collectable (Lifesize),2026-09-01,untracked,true,1,1,0,0.0
Andy Warhol Estate · Multiple · 2026 Q3,Brillo Box Collectable (Lifesize),2026-09-02,AA Email Man,true,1,1,0,0.0
Andy Warhol Estate · Multiple · 2026 Q3,Brillo Box Collectable (Lifesize),2026-09-02,Referral Other,true,4,4,0,0.0
Andy Warhol Estate · Multiple · 2026 Q3,Brillo Box Collectable (Lifesize),2026-09-02,untracked,true,2,2,0,0.0
Andy Warhol Estate · Multiple · 2026 Q3,Brillo Box Collectable (Lifesize),2026-09-03,AA Email Man,true,3,3,0,0.0
Andy Warhol Estate · Multiple · 2026 Q3,Brillo Box Collectable (Lifesize),2026-09-03,Referral Other,true,2,2,0,0.0
Andy Warhol Estate · Multiple · 2026 Q3,Brillo Box Collectable (Lifesize),2026-09-04,AA Email Auto,true,1,0,0,0.0
Andy Warhol Estate · Multiple · 2026 Q3,Brillo Box Collectable (Lifesize),2026-09-04,Direct,true,3,0,0,0.0
Andy Warhol Estate · Multiple · 2026 Q3,Brillo Box Collectable (Lifesize),2026-09-04,untracked,true,1,0,0,0.0
Andy Warhol Estate · Multiple · 2026 Q3,Brillo Box Collectable (Lifesize),2026-09-05,Direct,true,1,0,0,0.0
Andy Warhol Estate · Multiple · 2026 Q3,Brillo Box Collectable (Lifesize),2026-09-08,Direct,true,1,0,0,0.0
Andy Warhol Estate · Multiple · 2026 Q3,Brillo Box Collectable (Lifesize),2026-09-09,AA Email Man,true,2,0,0,0.0
Andy Warhol Estate · Multiple · 2026 Q3,Brillo Box Collectable (Lifesize),2026-09-09,AA Meta,true,1,0,0,0.0
Andy Warhol Estate · Multiple · 2026 Q3,Brillo Box Collectable (Lifesize),2026-09-09,Direct,true,5,0,0,0.0
Andy Warhol Estate · Multiple · 2026 Q3,Brillo Box Collectable (Lifesize),2026-09-09,Organic Search,true,3,0,0,0.0
Andy Warhol Estate · Multiple · 2026 Q3,Brillo Box Collectable (Lifesize),2026-09-09,Paid Social,true,1,0,0,0.0
Andy Warhol Estate · Multiple · 2026 Q3,Brillo Box Collectable (Lifesize),2026-09-09,Referral Other,true,1,0,0,0.0
Andy Warhol Estate · Multiple · 2026 Q3,Brillo Box Collectable (Lifesize),2026-09-11,Paid Social,true,4,0,0,0.0
Andy Warhol Estate · Multiple · 2026 Q3,Brillo Box Collectable (Lifesize),2026-09-14,AA Email Man,true,1,0,0,0.0
Andy Warhol Estate · Multiple · 2026 Q3,Brillo Box Collectable (Lifesize),2026-09-14,Direct,true,1,0,0,0.0
Andy Warhol Estate · Multiple · 2026 Q3,Brillo Box Collectable (Lifesize),2026-09-14,Organic Search,true,1,0,0,0.0
Andy Warhol Estate · Multiple · 2026 Q3,Brillo Box Collectable (Lifesize),2026-09-14,Paid Social,true,4,0,0,0.0
Andy Warhol Estate · Multiple · 2026 Q3,Brillo Box Collectable (Lifesize),2026-09-14,Referral Other,true,1,0,0,0.0
Andy Warhol Estate · Multiple · 2026 Q3,Brillo Box Collectable (Lifesize),2026-09-15,Direct,true,3,0,0,0.0
Andy Warhol Estate · Multiple · 2026 Q3,Brillo Box Collectable (Lifesize),2026-09-16,Paid Social,true,2,0,0,0.0
Andy Warhol Estate · Multiple · 2026 Q3,Brillo Box Collectable (Lifesize),2026-09-16,Referral Other,true,1,0,0,0.0
Andy Warhol Estate · Multiple · 2026 Q3,Brillo Box Collectable (Lifesize),2026-09-18,Organic Search,true,1,0,0,0.0
Andy Warhol Estate · Multiple · 2026 Q3,Brillo Box Collectable (Lifesize),2026-09-18,Paid Social,true,1,0,0,0.0
Andy Warhol Estate · Multiple · 2026 Q3,Brillo Box Collectable (Lifesize),2026-09-21,Organic Search,true,2,0,0,0.0
Andy Warhol Estate · Multiple · 2026 Q3,Brillo Box Collectable (Lifesize),2026-09-21,Paid Social,true,3,0,0,0.0
Andy Warhol Estate · Multiple · 2026 Q3,Brillo Box Collectable (Lifesize),2026-09-22,Direct,true,1,0,0,0.0
Andy Warhol Estate · Multiple · 2026 Q3,Brillo Box Collectable (Lifesize),2026-09-23,AA Email Man,true,1,0,0,0.0
Andy Warhol Estate · Multiple · 2026 Q3,Brillo Box Collectable (White Landscape),2026-09-01,Referral Other,true,11,11,11,4.0
Andy Warhol Estate · Multiple · 2026 Q3,Brillo Box Collectable (White Landscape),2026-09-02,AA Email Man,true,2,2,2,1.0
Andy Warhol Estate · Multiple · 2026 Q3,Brillo Box Collectable (White Landscape),2026-09-02,Direct,true,1,0,1,0.0
Andy Warhol Estate · Multiple · 2026 Q3,Brillo Box Collectable (White Landscape),2026-09-02,Referral Other,true,5,5,5,4.0
Andy Warhol Estate · Multiple · 2026 Q3,Brillo Box Collectable (White Landscape),2026-09-03,AA Email Man,true,1,1,1,1.0
Andy Warhol Estate · Multiple · 2026 Q3,Brillo Box Collectable (White Landscape),2026-09-03,Referral Other,true,1,1,1,0.0
Andy Warhol Estate · Multiple · 2026 Q3,Brillo Box Collectable (White Landscape),2026-09-04,Direct,true,1,0,1,0.0
Andy Warhol Estate · Multiple · 2026 Q3,Brillo Box Collectable (White Landscape),2026-09-04,untracked,true,1,0,1,0.0
Andy Warhol Estate · Multiple · 2026 Q3,Brillo Box Collectable (White Landscape),2026-09-05,Direct,true,1,0,1,0.0
Andy Warhol Estate · Multiple · 2026 Q3,Brillo Box Collectable (White Landscape),2026-09-07,AA Email Auto,true,2,0,2,1.0
Andy Warhol Estate · Multiple · 2026 Q3,Brillo Box Collectable (White Landscape),2026-09-07,AA Email Man,true,7,0,7,4.0
Andy Warhol Estate · Multiple · 2026 Q3,Brillo Box Collectable (White Landscape),2026-09-07,AA Meta,true,1,0,1,1.0
Andy Warhol Estate · Multiple · 2026 Q3,Brillo Box Collectable (White Landscape),2026-09-07,Direct,true,3,0,3,1.0
Andy Warhol Estate · Multiple · 2026 Q3,Brillo Box Collectable (White Landscape),2026-09-07,Referral Other,true,2,0,2,1.0
Andy Warhol Estate · Multiple · 2026 Q3,Brillo Box Collectable (White Landscape),2026-09-09,Direct,true,3,0,3,3.0
Andy Warhol Estate · Multiple · 2026 Q3,Brillo Box Collectable (White Landscape),2026-09-09,Paid Social,true,4,0,4,4.0
Andy Warhol Estate · Multiple · 2026 Q3,Brillo Box Collectable (White Landscape),2026-09-09,Referral Other,true,1,0,1,1.0
Andy Warhol Estate · Multiple · 2026 Q3,Brillo Box Collectable (White Landscape),2026-09-09,untracked,true,1,0,1,1.0
Andy Warhol Estate · Multiple · 2026 Q3,Brillo Box Collectable (White Landscape),2026-09-10,Direct,true,1,0,1,1.0
Andy Warhol Estate · Multiple · 2026 Q3,Brillo Box Collectable (White Landscape),2026-09-10,Paid Social,true,1,0,1,1.0
Andy Warhol Estate · Multiple · 2026 Q3,Brillo Box Collectable (White Landscape),2026-09-11,Paid Social,true,4,0,4,3.0
Andy Warhol Estate · Multiple · 2026 Q3,Brillo Box Collectable (White Landscape),2026-09-14,AA Email Man,true,2,0,2,1.0
Andy Warhol Estate · Multiple · 2026 Q3,Brillo Box Collectable (White Landscape),2026-09-14,Direct,true,2,0,2,1.0
Andy Warhol Estate · Multiple · 2026 Q3,Brillo Box Collectable (White Landscape),2026-09-14,Organic Search,true,4,0,4,4.0
Andy Warhol Estate · Multiple · 2026 Q3,Brillo Box Collectable (White Landscape),2026-09-14,Paid Social,true,9,0,9,9.0
Andy Warhol Estate · Multiple · 2026 Q3,Brillo Box Collectable (White Landscape),2026-09-14,untracked,true,1,0,1,1.0
Andy Warhol Estate · Multiple · 2026 Q3,Brillo Box Collectable (White Landscape),2026-09-16,AA Email Man,true,3,0,3,2.0
Andy Warhol Estate · Multiple · 2026 Q3,Brillo Box Collectable (White Landscape),2026-09-16,Direct,true,1,0,1,1.0
Andy Warhol Estate · Multiple · 2026 Q3,Brillo Box Collectable (White Landscape),2026-09-16,Organic Search,true,1,0,1,1.0
Andy Warhol Estate · Multiple · 2026 Q3,Brillo Box Collectable (White Landscape),2026-09-16,Other,true,1,0,1,1.0
Andy Warhol Estate · Multiple · 2026 Q3,Brillo Box Collectable (White Landscape),2026-09-16,Paid Social,true,4,0,4,4.0
Andy Warhol Estate · Multiple · 2026 Q3,Brillo Box Collectable (White Landscape),2026-09-18,AA Email Man,true,2,0,2,1.0
Andy Warhol Estate · Multiple · 2026 Q3,Brillo Box Collectable (White Landscape),2026-09-18,Direct,true,3,0,3,3.0
Andy Warhol Estate · Multiple · 2026 Q3,Brillo Box Collectable (White Landscape),2026-09-18,Organic Search,true,1,0,1,1.0
Andy Warhol Estate · Multiple · 2026 Q3,Brillo Box Collectable (White Landscape),2026-09-18,Paid Social,true,6,0,6,5.0
Andy Warhol Estate · Multiple · 2026 Q3,Brillo Box Collectable (White Landscape),2026-09-18,untracked,true,1,0,1,1.0
Andy Warhol Estate · Multiple · 2026 Q3,Brillo Box Collectable (White Landscape),2026-09-21,Direct,true,10,0,10,6.0
Andy Warhol Estate · Multiple · 2026 Q3,Brillo Box Collectable (White Landscape),2026-09-21,Organic Search,true,3,0,3,3.0
Andy Warhol Estate · Multiple · 2026 Q3,Brillo Box Collectable (White Landscape),2026-09-21,Paid Social,true,26,0,26,25.5
Andy Warhol Estate · Multiple · 2026 Q3,Brillo Box Collectable (White Landscape),2026-09-21,untracked,true,1,0,1,0.0
Andy Warhol Estate · Multiple · 2026 Q3,Brillo Box Collectable (White Landscape),2026-09-22,Direct,true,1,0,1,1.0
Andy Warhol Estate · Multiple · 2026 Q3,Brillo Box Collectable (White Landscape),2026-09-24,AA Email Man,true,1,0,1,1.0
Andy Warhol Estate · Multiple · 2026 Q3,Brillo Box Collectable (White Landscape),2026-09-24,Direct,true,6,0,6,4.0
Andy Warhol Estate · Multiple · 2026 Q3,Brillo Box Collectable (White Landscape),2026-09-24,Organic Search,true,1,0,1,1.0
Andy Warhol Estate · Multiple · 2026 Q3,Brillo Box Collectable (White Landscape),2026-09-24,Paid Social,true,14,0,14,11.0
Andy Warhol Estate · Multiple · 2026 Q3,Brillo Box Collectable (White Landscape),2026-09-24,untracked,true,1,0,1,1.0
Andy Warhol Estate · Multiple · 2026 Q3,Brillo Box Collectable (White Portrait),2026-09-01,AA Email Auto,true,1,1,1,1.0
Andy Warhol Estate · Multiple · 2026 Q3,Brillo Box Collectable (White Portrait),2026-09-01,AA Email Man,true,3,3,3,2.0
Andy Warhol Estate · Multiple · 2026 Q3,Brillo Box Collectable (White Portrait),2026-09-01,Referral Other,true,17,17,17,9.0
Andy Warhol Estate · Multiple · 2026 Q3,Brillo Box Collectable (White Portrait),2026-09-01,untracked,true,2,2,2,0.0
Andy Warhol Estate · Multiple · 2026 Q3,Brillo Box Collectable (White Portrait),2026-09-02,AA Email Man,true,1,1,1,0.0
Andy Warhol Estate · Multiple · 2026 Q3,Brillo Box Collectable (White Portrait),2026-09-02,Direct,true,1,0,1,0.0
Andy Warhol Estate · Multiple · 2026 Q3,Brillo Box Collectable (White Portrait),2026-09-02,Organic Search,true,1,1,1,1.0
Andy Warhol Estate · Multiple · 2026 Q3,Brillo Box Collectable (White Portrait),2026-09-02,Referral Other,true,7,7,7,7.0
Andy Warhol Estate · Multiple · 2026 Q3,Brillo Box Collectable (White Portrait),2026-09-02,untracked,true,1,1,1,1.0
Andy Warhol Estate · Multiple · 2026 Q3,Brillo Box Collectable (White Portrait),2026-09-03,Referral Other,true,7,7,7,4.0
Andy Warhol Estate · Multiple · 2026 Q3,Brillo Box Collectable (White Portrait),2026-09-04,Direct,true,1,0,1,0.0
Andy Warhol Estate · Multiple · 2026 Q3,Brillo Box Collectable (White Portrait),2026-09-04,untracked,true,1,0,1,0.0
Andy Warhol Estate · Multiple · 2026 Q3,Brillo Box Collectable (White Portrait),2026-09-05,Direct,true,1,0,1,0.0
Andy Warhol Estate · Multiple · 2026 Q3,Brillo Box Collectable (White Portrait),2026-09-07,AA Email Man,true,13,0,13,4.0
Andy Warhol Estate · Multiple · 2026 Q3,Brillo Box Collectable (White Portrait),2026-09-07,Direct,true,3,0,3,2.0
Andy Warhol Estate · Multiple · 2026 Q3,Brillo Box Collectable (White Portrait),2026-09-07,Referral Other,true,2,0,2,1.0
Andy Warhol Estate · Multiple · 2026 Q3,Brillo Box Collectable (White Portrait),2026-09-07,untracked,true,1,0,1,1.0
Andy Warhol Estate · Multiple · 2026 Q3,Brillo Box Collectable (White Portrait),2026-09-08,AA Email Man,true,1,0,1,1.0
Andy Warhol Estate · Multiple · 2026 Q3,Brillo Box Collectable (White Portrait),2026-09-08,Referral Other,true,1,0,1,0.0
Andy Warhol Estate · Multiple · 2026 Q3,Brillo Box Collectable (White Portrait),2026-09-09,AA Email Man,true,2,0,2,1.0
Andy Warhol Estate · Multiple · 2026 Q3,Brillo Box Collectable (White Portrait),2026-09-09,Direct,true,3,0,3,2.0
Andy Warhol Estate · Multiple · 2026 Q3,Brillo Box Collectable (White Portrait),2026-09-09,Organic Search,true,1,0,1,1.0
Andy Warhol Estate · Multiple · 2026 Q3,Brillo Box Collectable (White Portrait),2026-09-09,Paid Social,true,4,0,4,3.0
Andy Warhol Estate · Multiple · 2026 Q3,Brillo Box Collectable (White Portrait),2026-09-09,Referral Other,true,1,0,1,1.0
Andy Warhol Estate · Multiple · 2026 Q3,Brillo Box Collectable (White Portrait),2026-09-10,Paid Social,true,2,0,2,1.0
Andy Warhol Estate · Multiple · 2026 Q3,Brillo Box Collectable (White Portrait),2026-09-11,Direct,true,1,0,1,0.0
Andy Warhol Estate · Multiple · 2026 Q3,Brillo Box Collectable (White Portrait),2026-09-11,Paid Social,true,5,0,5,2.0
Andy Warhol Estate · Multiple · 2026 Q3,Brillo Box Collectable (White Portrait),2026-09-14,AA Email Man,true,3,0,3,1.0
Andy Warhol Estate · Multiple · 2026 Q3,Brillo Box Collectable (White Portrait),2026-09-14,Direct,true,1,0,1,0.0
Andy Warhol Estate · Multiple · 2026 Q3,Brillo Box Collectable (White Portrait),2026-09-14,Paid Social,true,5,0,5,2.0
Andy Warhol Estate · Multiple · 2026 Q3,Brillo Box Collectable (White Portrait),2026-09-14,untracked,true,1,0,1,1.0
Andy Warhol Estate · Multiple · 2026 Q3,Brillo Box Collectable (White Portrait),2026-09-15,Direct,true,1,0,1,1.0
Andy Warhol Estate · Multiple · 2026 Q3,Brillo Box Collectable (White Portrait),2026-09-16,AA Meta,true,1,0,1,1.0
Andy Warhol Estate · Multiple · 2026 Q3,Brillo Box Collectable (White Portrait),2026-09-16,Organic Search,true,2,0,2,0.0
Andy Warhol Estate · Multiple · 2026 Q3,Brillo Box Collectable (White Portrait),2026-09-16,Other,true,1,0,1,1.0
Andy Warhol Estate · Multiple · 2026 Q3,Brillo Box Collectable (White Portrait),2026-09-16,Paid Social,true,7,0,7,5.0
Andy Warhol Estate · Multiple · 2026 Q3,Brillo Box Collectable (White Portrait),2026-09-18,AA Email Man,true,1,0,1,0.0
Andy Warhol Estate · Multiple · 2026 Q3,Brillo Box Collectable (White Portrait),2026-09-18,Direct,true,4,0,4,3.0
Andy Warhol Estate · Multiple · 2026 Q3,Brillo Box Collectable (White Portrait),2026-09-18,Organic Search,true,1,0,1,1.0
Andy Warhol Estate · Multiple · 2026 Q3,Brillo Box Collectable (White Portrait),2026-09-18,Other,true,1,0,1,1.0
Andy Warhol Estate · Multiple · 2026 Q3,Brillo Box Collectable (White Portrait),2026-09-18,Paid Social,true,6,0,6,4.0
Andy Warhol Estate · Multiple · 2026 Q3,Brillo Box Collectable (White Portrait),2026-09-18,untracked,true,2,0,2,1.0
Andy Warhol Estate · Multiple · 2026 Q3,Brillo Box Collectable (White Portrait),2026-09-19,Direct,true,2,0,2,0.5
Andy Warhol Estate · Multiple · 2026 Q3,Brillo Box Collectable (White Portrait),2026-09-21,AA Email Man,true,2,0,2,0.0
Andy Warhol Estate · Multiple · 2026 Q3,Brillo Box Collectable (White Portrait),2026-09-21,Direct,true,6,0,6,4.0
Andy Warhol Estate · Multiple · 2026 Q3,Brillo Box Collectable (White Portrait),2026-09-21,Organic Search,true,2,0,2,1.0
Andy Warhol Estate · Multiple · 2026 Q3,Brillo Box Collectable (White Portrait),2026-09-21,Paid Social,true,28,0,28,20.5
Andy Warhol Estate · Multiple · 2026 Q3,Brillo Box Collectable (White Portrait),2026-09-21,Referral Meta,true,1,0,1,0.0
Andy Warhol Estate · Multiple · 2026 Q3,Brillo Box Collectable (White Portrait),2026-09-21,Referral Other,true,1,0,1,0.0
Andy Warhol Estate · Multiple · 2026 Q3,Brillo Box Collectable (White Portrait),2026-09-22,AA Email Man,true,1,0,1,0.0
Andy Warhol Estate · Multiple · 2026 Q3,Brillo Box Collectable (White Portrait),2026-09-22,Direct,true,2,0,2,2.0
Andy Warhol Estate · Multiple · 2026 Q3,Brillo Box Collectable (White Portrait),2026-09-24,AA Email Man,true,1,0,1,1.0
Andy Warhol Estate · Multiple · 2026 Q3,Brillo Box Collectable (White Portrait),2026-09-24,Organic Search,true,1,0,1,0.0
Andy Warhol Estate · Multiple · 2026 Q3,Brillo Box Collectable (White Portrait),2026-09-24,Paid Social,true,13,0,13,8.0
Andy Warhol Estate · Multiple · 2026 Q3,Brillo Box Collectable (Yellow Landscape),2026-09-01,Referral Other,true,7,7,7,1.0
Andy Warhol Estate · Multiple · 2026 Q3,Brillo Box Collectable (Yellow Landscape),2026-09-04,Direct,true,1,0,1,0.0
Andy Warhol Estate · Multiple · 2026 Q3,Brillo Box Collectable (Yellow Landscape),2026-09-04,untracked,true,1,0,1,0.0
Andy Warhol Estate · Multiple · 2026 Q3,Brillo Box Collectable (Yellow Landscape),2026-09-05,Direct,true,1,0,1,0.0
Andy Warhol Estate · Multiple · 2026 Q3,Brillo Box Collectable (Yellow Landscape),2026-09-07,AA Email Man,true,1,0,1,0.0
Andy Warhol Estate · Multiple · 2026 Q3,Brillo Box Collectable (Yellow Landscape),2026-09-07,Direct,true,3,0,3,2.0
Andy Warhol Estate · Multiple · 2026 Q3,Brillo Box Collectable (Yellow Landscape),2026-09-07,Referral Other,true,1,0,1,1.0
Andy Warhol Estate · Multiple · 2026 Q3,Brillo Box Collectable (Yellow Landscape),2026-09-08,AA Email Man,true,1,0,1,0.0
Andy Warhol Estate · Multiple · 2026 Q3,Brillo Box Collectable (Yellow Landscape),2026-09-08,untracked,true,1,0,1,1.0
Andy Warhol Estate · Multiple · 2026 Q3,Brillo Box Collectable (Yellow Landscape),2026-09-09,Direct,true,1,0,1,1.0
Andy Warhol Estate · Multiple · 2026 Q3,Brillo Box Collectable (Yellow Landscape),2026-09-09,Paid Social,true,1,0,1,1.0
Andy Warhol Estate · Multiple · 2026 Q3,Brillo Box Collectable (Yellow Landscape),2026-09-09,Referral Other,true,1,0,1,1.0
Andy Warhol Estate · Multiple · 2026 Q3,Brillo Box Collectable (Yellow Landscape),2026-09-10,Paid Social,true,1,0,1,1.0
Andy Warhol Estate · Multiple · 2026 Q3,Brillo Box Collectable (Yellow Landscape),2026-09-11,Direct,true,1,0,1,1.0
Andy Warhol Estate · Multiple · 2026 Q3,Brillo Box Collectable (Yellow Landscape),2026-09-14,AA Email Man,true,2,0,2,2.0
Andy Warhol Estate · Multiple · 2026 Q3,Brillo Box Collectable (Yellow Landscape),2026-09-14,Direct,true,1,0,1,1.0
Andy Warhol Estate · Multiple · 2026 Q3,Brillo Box Collectable (Yellow Landscape),2026-09-14,Paid Social,true,3,0,3,2.0
Andy Warhol Estate · Multiple · 2026 Q3,Brillo Box Collectable (Yellow Landscape),2026-09-14,Referral Other,true,1,0,1,0.0
Andy Warhol Estate · Multiple · 2026 Q3,Brillo Box Collectable (Yellow Landscape),2026-09-16,Paid Social,true,1,0,1,1.0
Andy Warhol Estate · Multiple · 2026 Q3,Brillo Box Collectable (Yellow Landscape),2026-09-18,Organic Search,true,1,0,1,1.0
Andy Warhol Estate · Multiple · 2026 Q3,Brillo Box Collectable (Yellow Landscape),2026-09-18,Paid Social,true,3,0,3,2.0
Andy Warhol Estate · Multiple · 2026 Q3,Brillo Box Collectable (Yellow Landscape),2026-09-18,untracked,true,1,0,1,0.0
Andy Warhol Estate · Multiple · 2026 Q3,Brillo Box Collectable (Yellow Landscape),2026-09-19,Direct,true,2,0,2,1.5
Andy Warhol Estate · Multiple · 2026 Q3,Brillo Box Collectable (Yellow Landscape),2026-09-21,Direct,true,2,0,2,1.0
Andy Warhol Estate · Multiple · 2026 Q3,Brillo Box Collectable (Yellow Landscape),2026-09-21,Paid Social,true,5,0,5,4.5
Andy Warhol Estate · Multiple · 2026 Q3,Brillo Box Collectable (Yellow Landscape),2026-09-21,Referral Other,true,1,0,1,0.0
Andy Warhol Estate · Multiple · 2026 Q3,Brillo Box Collectable (Yellow Landscape),2026-09-24,AA Meta,true,1,0,1,1.0
Andy Warhol Estate · Multiple · 2026 Q3,Brillo Box Collectable (Yellow Landscape),2026-09-24,Direct,true,2,0,2,1.0
Andy Warhol Estate · Multiple · 2026 Q3,Brillo Box Collectable (Yellow Landscape),2026-09-24,Paid Social,true,5,0,5,2.0
Andy Warhol Estate · Multiple · 2026 Q3,Brillo Box Collectable (Yellow Landscape),2026-09-24,untracked,true,1,0,1,1.0
Andy Warhol Estate · Multiple · 2026 Q3,Brillo Box Collectable (Yellow Portrait),2026-09-01,Referral Other,true,7,7,7,4.0
Andy Warhol Estate · Multiple · 2026 Q3,Brillo Box Collectable (Yellow Portrait),2026-09-01,untracked,true,1,1,1,0.0
Andy Warhol Estate · Multiple · 2026 Q3,Brillo Box Collectable (Yellow Portrait),2026-09-02,Referral Other,true,2,2,2,2.0
Andy Warhol Estate · Multiple · 2026 Q3,Brillo Box Collectable (Yellow Portrait),2026-09-03,Referral Other,true,3,3,3,1.0
Andy Warhol Estate · Multiple · 2026 Q3,Brillo Box Collectable (Yellow Portrait),2026-09-04,untracked,true,1,0,1,0.0
Andy Warhol Estate · Multiple · 2026 Q3,Brillo Box Collectable (Yellow Portrait),2026-09-05,Direct,true,1,0,1,0.0
Andy Warhol Estate · Multiple · 2026 Q3,Brillo Box Collectable (Yellow Portrait),2026-09-07,AA Email Man,true,7,0,7,4.0
Andy Warhol Estate · Multiple · 2026 Q3,Brillo Box Collectable (Yellow Portrait),2026-09-07,Direct,true,2,0,2,2.0
Andy Warhol Estate · Multiple · 2026 Q3,Brillo Box Collectable (Yellow Portrait),2026-09-07,Referral Other,true,2,0,2,2.0
Andy Warhol Estate · Multiple · 2026 Q3,Brillo Box Collectable (Yellow Portrait),2026-09-07,untracked,true,1,0,1,1.0
Andy Warhol Estate · Multiple · 2026 Q3,Brillo Box Collectable (Yellow Portrait),2026-09-08,AA Email Man,true,1,0,1,1.0
Andy Warhol Estate · Multiple · 2026 Q3,Brillo Box Collectable (Yellow Portrait),2026-09-09,Direct,true,1,0,1,0.0
Andy Warhol Estate · Multiple · 2026 Q3,Brillo Box Collectable (Yellow Portrait),2026-09-09,Organic Search,true,1,0,1,1.0
Andy Warhol Estate · Multiple · 2026 Q3,Brillo Box Collectable (Yellow Portrait),2026-09-09,Paid Social,true,2,0,2,1.0
Andy Warhol Estate · Multiple · 2026 Q3,Brillo Box Collectable (Yellow Portrait),2026-09-09,Referral Other,true,1,0,1,1.0
Andy Warhol Estate · Multiple · 2026 Q3,Brillo Box Collectable (Yellow Portrait),2026-09-10,Direct,true,1,0,1,1.0
Andy Warhol Estate · Multiple · 2026 Q3,Brillo Box Collectable (Yellow Portrait),2026-09-10,Paid Social,true,3,0,3,3.0
Andy Warhol Estate · Multiple · 2026 Q3,Brillo Box Collectable (Yellow Portrait),2026-09-11,Paid Social,true,3,0,3,2.0
Andy Warhol Estate · Multiple · 2026 Q3,Brillo Box Collectable (Yellow Portrait),2026-09-14,AA Email Man,true,1,0,1,0.0
Andy Warhol Estate · Multiple · 2026 Q3,Brillo Box Collectable (Yellow Portrait),2026-09-14,Direct,true,1,0,1,1.0
Andy Warhol Estate · Multiple · 2026 Q3,Brillo Box Collectable (Yellow Portrait),2026-09-14,Organic Search,true,4,0,4,4.0
Andy Warhol Estate · Multiple · 2026 Q3,Brillo Box Collectable (Yellow Portrait),2026-09-14,Paid Social,true,8,0,8,7.0
Andy Warhol Estate · Multiple · 2026 Q3,Brillo Box Collectable (Yellow Portrait),2026-09-16,Paid Social,true,3,0,3,2.0
Andy Warhol Estate · Multiple · 2026 Q3,Brillo Box Collectable (Yellow Portrait),2026-09-17,AA Email Man,true,1,0,1,0.0
Andy Warhol Estate · Multiple · 2026 Q3,Brillo Box Collectable (Yellow Portrait),2026-09-18,Direct,true,2,0,2,2.0
Andy Warhol Estate · Multiple · 2026 Q3,Brillo Box Collectable (Yellow Portrait),2026-09-18,Organic Search,true,4,0,4,3.0
Andy Warhol Estate · Multiple · 2026 Q3,Brillo Box Collectable (Yellow Portrait),2026-09-18,Paid Social,true,6,0,6,3.0
Andy Warhol Estate · Multiple · 2026 Q3,Brillo Box Collectable (Yellow Portrait),2026-09-18,untracked,true,1,0,1,1.0
Andy Warhol Estate · Multiple · 2026 Q3,Brillo Box Collectable (Yellow Portrait),2026-09-21,AA Email Man,true,2,0,2,1.0
Andy Warhol Estate · Multiple · 2026 Q3,Brillo Box Collectable (Yellow Portrait),2026-09-21,AA Meta,true,1,0,1,0.0
Andy Warhol Estate · Multiple · 2026 Q3,Brillo Box Collectable (Yellow Portrait),2026-09-21,Direct,true,1,0,1,0.0
Andy Warhol Estate · Multiple · 2026 Q3,Brillo Box Collectable (Yellow Portrait),2026-09-21,Organic Search,true,1,0,1,1.0
Andy Warhol Estate · Multiple · 2026 Q3,Brillo Box Collectable (Yellow Portrait),2026-09-21,Paid Social,true,22,0,22,18.5
Andy Warhol Estate · Multiple · 2026 Q3,Brillo Box Collectable (Yellow Portrait),2026-09-21,untracked,true,1,0,1,1.0
Andy Warhol Estate · Multiple · 2026 Q3,Brillo Box Collectable (Yellow Portrait),2026-09-22,Direct,true,1,0,1,1.0
Andy Warhol Estate · Multiple · 2026 Q3,Brillo Box Collectable (Yellow Portrait),2026-09-22,Paid Social,true,3,0,3,3.0
Andy Warhol Estate · Multiple · 2026 Q3,Brillo Box Collectable (Yellow Portrait),2026-09-24,Direct,true,2,0,2,2.0
Andy Warhol Estate · Multiple · 2026 Q3,Brillo Box Collectable (Yellow Portrait),2026-09-24,Paid Social,true,13,0,13,10.0
Andy Warhol Estate · Multiple · 2026 Q3,Brillo Box Collectable (Yellow Portrait),2026-09-24,Referral Artist,true,1,0,1,1.0
Anish Kapoor · Out of the Dark · 2023 Q4,Out of the Dark,2023-12-04,Untracked,false,2,0,0,0.0
Anish Kapoor · Out of the Dark · 2023 Q4,Out of the Dark,2023-12-05,Untracked,false,1,0,0,0.0
Anish Kapoor · Out of the Dark · 2023 Q4,Out of the Dark,2023-12-06,Untracked,false,1,0,0,0.0
Anish Kapoor · Out of the Dark · 2023 Q4,Out of the Dark,2023-12-10,Untracked,false,1,0,0,0.0
Anish Kapoor · Out of the Dark · 2023 Q4,Out of the Dark,2023-12-11,Untracked,false,74,0,0,0.0
Anish Kapoor · Out of the Dark · 2023 Q4,Out of the Dark,2023-12-12,Referral Other,true,3,0,0,0.0
Anish Kapoor · Out of the Dark · 2023 Q4,Out of the Dark,2023-12-12,Untracked,false,26,0,0,0.0
Anish Kapoor · Out of the Dark · 2023 Q4,Out of the Dark,2023-12-13,Untracked,false,24,0,0,0.0
Anish Kapoor · Out of the Dark · 2023 Q4,Out of the Dark,2023-12-14,Untracked,false,17,0,0,0.0
Anish Kapoor · Out of the Dark · 2023 Q4,Out of the Dark,2023-12-15,Untracked,false,22,0,0,0.0
Anish Kapoor · Out of the Dark · 2023 Q4,Out of the Dark,2023-12-16,Untracked,false,22,0,0,0.0
Anish Kapoor · Out of the Dark · 2023 Q4,Out of the Dark,2023-12-17,Untracked,false,50,0,0,0.0
Anish Kapoor · Out of the Dark · 2023 Q4,Out of the Dark,2023-12-18,Untracked,false,75,0,0,0.0
Anish Kapoor · Out of the Dark · 2023 Q4,Out of the Dark,2023-12-19,Untracked,false,2,0,0,0.0
Anish Kapoor · Out of the Dark · 2023 Q4,Out of the Dark,2023-12-20,Untracked,false,3,0,0,0.0
Anish Kapoor · Out of the Dark · 2023 Q4,Out of the Dark,2023-12-21,Untracked,false,1,0,0,0.0
Anish Kapoor · Out of the Dark · 2023 Q4,Out of the Dark,2023-12-23,Untracked,false,1,0,0,0.0
Anish Kapoor · Out of the Dark · 2023 Q4,Out of the Dark,2024-01-06,Untracked,false,1,0,0,0.0
Anish Kapoor · Out of the Dark · 2023 Q4,Out of the Dark,2024-01-31,Untracked,false,1,0,0,0.0
Anish Kapoor · Out of the Dark · 2023 Q4,Out of the Dark,2024-02-16,Untracked,false,1,0,0,0.0
Anish Kapoor · Out of the Dark · 2023 Q4,Out of the Dark,2024-03-21,Untracked,false,1,0,0,0.0
Anish Kapoor · Out of the Dark · 2023 Q4,Out of the Dark,2024-05-30,untracked,true,1,0,0,0.0
Anish Kapoor · Out of the Dark · 2023 Q4,Out of the Dark,2024-07-04,Untracked,false,1,0,0,0.0
Anish Kapoor · Out of the Dark · 2023 Q4,Out of the Dark,2024-10-17,Untracked,false,1,0,0,0.0
Anish Kapoor · Out of the Dark · 2023 Q4,Out of the Dark,2026-05-02,Untracked,false,1,0,0,0.0
Anna Weyant · Loose Screw · 2022 Q2,Loose Screw,2023-01-05,Direct,true,1,0,0,0.0
Anna Weyant · Loose Screw · 2022 Q2,Loose Screw,2025-02-21,untracked,true,1,0,0,0.0
Anni and Josef Albers · Multiple · 2026 Q2,Homage to the Square (Yellow) & Study for Homage to the Square,2026-04-30,AA Email Auto,true,3,3,3,3.0
Anni and Josef Albers · Multiple · 2026 Q2,Homage to the Square (Yellow) & Study for Homage to the Square,2026-05-02,Referral Other,true,1,0,1,0.0
Anni and Josef Albers · Multiple · 2026 Q2,Homage to the Square (Yellow) & Study for Homage to the Square,2026-05-06,Organic Search,true,1,0,1,0.0
Anni and Josef Albers · Multiple · 2026 Q2,Homage to the Square (Yellow) & Study for Homage to the Square,2026-05-07,Referral Other,true,1,0,1,0.0
Anni and Josef Albers · Multiple · 2026 Q2,Homage to the Square (Yellow) & Study for Homage to the Square,2026-05-09,Direct,true,1,0,1,1.0
Anni and Josef Albers · Multiple · 2026 Q2,Homage to the Square (Yellow) & Study for Homage to the Square,2026-05-13,AA Email Man,true,2,0,2,0.0
Anni and Josef Albers · Multiple · 2026 Q2,Homage to the Square (Yellow) & Study for Homage to the Square,2026-05-13,Direct,true,4,0,4,2.0
Anni and Josef Albers · Multiple · 2026 Q2,Homage to the Square (Yellow) & Study for Homage to the Square,2026-05-13,Paid Social,true,1,0,1,1.0
Anni and Josef Albers · Multiple · 2026 Q2,Homage to the Square (Yellow) & Study for Homage to the Square,2026-05-13,untracked,true,1,0,1,1.0
Anni and Josef Albers · Multiple · 2026 Q2,Homage to the Square (Yellow) & Study for Homage to the Square,2026-05-15,AA Email Man,true,1,0,1,1.0
Anni and Josef Albers · Multiple · 2026 Q2,Homage to the Square (Yellow) & Study for Homage to the Square,2026-05-15,Paid Social,true,1,0,1,0.0
Anni and Josef Albers · Multiple · 2026 Q2,Homage to the Square (Yellow) & Study for Homage to the Square,2026-05-18,Direct,true,2,0,2,2.0
Anni and Josef Albers · Multiple · 2026 Q2,Homage to the Square (Yellow) & Study for Homage to the Square,2026-05-18,Other,true,1,0,1,0.0
Anni and Josef Albers · Multiple · 2026 Q2,Homage to the Square (Yellow) & Study for Homage to the Square,2026-05-18,Paid Social,true,3,0,3,1.0
Anni and Josef Albers · Multiple · 2026 Q2,Homage to the Square (Yellow) & Study for Homage to the Square,2026-05-19,Direct,true,1,0,1,1.0
Anni and Josef Albers · Multiple · 2026 Q2,Homage to the Square (Yellow) & Study for Homage to the Square,2026-05-20,Direct,true,2,0,2,1.0
Anni and Josef Albers · Multiple · 2026 Q2,Homage to the Square (Yellow) & Study for Homage to the Square,2026-05-20,Paid Social,true,2,0,2,2.0
Anni and Josef Albers · Multiple · 2026 Q2,"Homage to the Square, (Red)",2026-04-29,Referral Other,true,6,6,6,4.0
Anni and Josef Albers · Multiple · 2026 Q2,"Homage to the Square, (Red)",2026-04-29,untracked,true,1,1,1,0.0
Anni and Josef Albers · Multiple · 2026 Q2,"Homage to the Square, (Red)",2026-04-30,AA Email Auto,true,1,1,1,0.0
Anni and Josef Albers · Multiple · 2026 Q2,"Homage to the Square, (Red)",2026-04-30,Direct,true,1,0,1,1.0
Anni and Josef Albers · Multiple · 2026 Q2,"Homage to the Square, (Red)",2026-04-30,Referral Other,true,4,4,4,3.0
Anni and Josef Albers · Multiple · 2026 Q2,"Homage to the Square, (Red)",2026-05-01,Referral Other,true,1,0,1,1.0
Anni and Josef Albers · Multiple · 2026 Q2,"Homage to the Square, (Red)",2026-05-04,Direct,true,1,0,1,0.0
Anni and Josef Albers · Multiple · 2026 Q2,"Homage to the Square, (Red)",2026-05-07,AA Email Man,true,9,0,9,4.0
Anni and Josef Albers · Multiple · 2026 Q2,"Homage to the Square, (Red)",2026-05-07,Direct,true,5,0,5,1.0
Anni and Josef Albers · Multiple · 2026 Q2,"Homage to the Square, (Red)",2026-05-07,Organic Search,true,2,0,2,1.0
Anni and Josef Albers · Multiple · 2026 Q2,"Homage to the Square, (Red)",2026-05-07,untracked,true,1,0,1,0.0
Anni and Josef Albers · Multiple · 2026 Q2,"Homage to the Square, (Red)",2026-05-08,Direct,true,1,0,1,1.0
Anni and Josef Albers · Multiple · 2026 Q2,"Homage to the Square, (Red)",2026-05-10,Direct,true,1,0,1,0.0
Anni and Josef Albers · Multiple · 2026 Q2,"Homage to the Square, (Red)",2026-05-11,AA Email Man,true,1,0,1,1.0
Anni and Josef Albers · Multiple · 2026 Q2,"Homage to the Square, (Red)",2026-05-12,AA Email Man,true,1,0,1,1.0
Anni and Josef Albers · Multiple · 2026 Q2,"Homage to the Square, (Red)",2026-05-13,AA Email Auto,true,1,0,1,0.0
Anni and Josef Albers · Multiple · 2026 Q2,"Homage to the Square, (Red)",2026-05-13,AA Email Man,true,11,0,11,4.0
Anni and Josef Albers · Multiple · 2026 Q2,"Homage to the Square, (Red)",2026-05-13,AA Meta,true,1,0,1,0.0
Anni and Josef Albers · Multiple · 2026 Q2,"Homage to the Square, (Red)",2026-05-13,Direct,true,4,0,4,1.0
Anni and Josef Albers · Multiple · 2026 Q2,"Homage to the Square, (Red)",2026-05-13,Organic Search,true,6,0,6,4.0
Anni and Josef Albers · Multiple · 2026 Q2,"Homage to the Square, (Red)",2026-05-13,Paid Social,true,5,0,5,1.0
Anni and Josef Albers · Multiple · 2026 Q2,"Homage to the Square, (Red)",2026-05-13,Referral Other,true,1,0,1,0.0
Anni and Josef Albers · Multiple · 2026 Q2,"Homage to the Square, (Red)",2026-05-15,AA Email Man,true,2,0,2,0.0
Anni and Josef Albers · Multiple · 2026 Q2,"Homage to the Square, (Red)",2026-05-15,AA Meta,true,1,0,1,1.0
Anni and Josef Albers · Multiple · 2026 Q2,"Homage to the Square, (Red)",2026-05-15,Direct,true,2,0,2,1.0
Anni and Josef Albers · Multiple · 2026 Q2,"Homage to the Square, (Red)",2026-05-15,Paid Social,true,6,0,6,1.0
Anni and Josef Albers · Multiple · 2026 Q2,"Homage to the Square, (Red)",2026-05-15,Referral Other,true,1,0,1,0.0
Anni and Josef Albers · Multiple · 2026 Q2,"Homage to the Square, (Red)",2026-05-18,AA Email Auto,true,1,0,1,1.0
Anni and Josef Albers · Multiple · 2026 Q2,"Homage to the Square, (Red)",2026-05-18,AA Email Man,true,2,0,2,1.0
Anni and Josef Albers · Multiple · 2026 Q2,"Homage to the Square, (Red)",2026-05-18,Direct,true,3,0,3,1.0
Anni and Josef Albers · Multiple · 2026 Q2,"Homage to the Square, (Red)",2026-05-18,Organic Search,true,1,0,1,0.0
Anni and Josef Albers · Multiple · 2026 Q2,"Homage to the Square, (Red)",2026-05-18,Paid Social,true,9,0,9,2.0
Anni and Josef Albers · Multiple · 2026 Q2,"Homage to the Square, (Red)",2026-05-20,AA Email Man,true,1,0,1,0.0
Anni and Josef Albers · Multiple · 2026 Q2,"Homage to the Square, (Red)",2026-05-20,AA Meta,true,1,0,1,1.0
Anni and Josef Albers · Multiple · 2026 Q2,"Homage to the Square, (Red)",2026-05-20,Direct,true,3,0,3,1.0
Anni and Josef Albers · Multiple · 2026 Q2,"Homage to the Square, (Red)",2026-05-20,Paid Social,true,3,0,3,2.0
Anni and Josef Albers · Multiple · 2026 Q2,"Homage to the Square, (Red)",2026-05-21,Referral Other,true,1,0,1,0.0
Anni and Josef Albers · Multiple · 2026 Q2,"Homage to the Square, (Red)",2026-05-22,Direct,true,3,0,3,2.0
Anni and Josef Albers · Multiple · 2026 Q2,"Homage to the Square, (Red)",2026-05-25,Direct,true,1,0,1,0.0
Anni and Josef Albers · Multiple · 2026 Q2,"Homage to the Square, (Red)",2026-05-26,AA Email Auto,true,1,0,1,0.0
Anni and Josef Albers · Multiple · 2026 Q2,"Homage to the Square, (Red)",2026-05-26,Direct,true,1,0,1,1.0
Anni and Josef Albers · Multiple · 2026 Q2,"Homage to the Square, (Red)",2026-05-27,Paid Social,true,1,0,1,0.0
Anni and Josef Albers · Multiple · 2026 Q2,"Homage to the Square, (Red)",2026-05-27,untracked,true,1,0,1,0.0
Anni and Josef Albers · Multiple · 2026 Q2,"Homage to the Square, (Red)",2026-05-28,AA Email Man,true,3,0,3,3.0
Anni and Josef Albers · Multiple · 2026 Q2,"Homage to the Square, (Red)",2026-05-28,AA Meta,true,4,0,4,4.0
Anni and Josef Albers · Multiple · 2026 Q2,"Homage to the Square, (Red)",2026-05-28,Direct,true,8,0,8,7.0
Anni and Josef Albers · Multiple · 2026 Q2,"Homage to the Square, (Red)",2026-05-28,Organic Search,true,4,0,4,4.0
Anni and Josef Albers · Multiple · 2026 Q2,"Homage to the Square, (Red)",2026-05-28,Paid Social,true,10,0,10,10.0
Anni and Josef Albers · Multiple · 2026 Q2,"Homage to the Square, (Red)",2026-05-28,Referral Other,true,1,1,1,0.0
Anni and Josef Albers · Multiple · 2026 Q2,"Homage to the Square, (Red)",2026-05-28,untracked,true,1,0,1,1.0
Anni and Josef Albers · Multiple · 2026 Q2,"Homage to the Square, (Red)",2026-06-02,AA Email Man,true,1,0,1,1.0
Anni and Josef Albers · Multiple · 2026 Q2,"Homage to the Square, (Red)",2026-06-04,Other,true,1,0,1,0.0
Anni and Josef Albers · Multiple · 2026 Q2,"Homage to the Square, (Red)",2026-06-11,AA Email Man,true,1,0,1,0.0
Anni and Josef Albers · Multiple · 2026 Q2,"Homage to the Square, (Red)",2026-07-27,Paid Social,true,1,0,1,0.0
Anni and Josef Albers · Multiple · 2026 Q2,"Homage to the Square, (Red)",2026-08-07,Direct,true,1,0,1,0.0
Anni and Josef Albers · Multiple · 2026 Q2,"Homage to the Square, (Yellow)",2026-04-29,Referral Other,true,4,4,4,1.0
Anni and Josef Albers · Multiple · 2026 Q2,"Homage to the Square, (Yellow)",2026-04-30,AA Email Auto,true,2,2,2,0.0
Anni and Josef Albers · Multiple · 2026 Q2,"Homage to the Square, (Yellow)",2026-04-30,Direct,true,1,0,1,1.0
Anni and Josef Albers · Multiple · 2026 Q2,"Homage to the Square, (Yellow)",2026-04-30,Referral Other,true,3,3,3,2.0
Anni and Josef Albers · Multiple · 2026 Q2,"Homage to the Square, (Yellow)",2026-05-01,Referral Other,true,2,2,2,1.0
Anni and Josef Albers · Multiple · 2026 Q2,"Homage to the Square, (Yellow)",2026-05-04,Direct,true,1,0,1,0.0
Anni and Josef Albers · Multiple · 2026 Q2,"Homage to the Square, (Yellow)",2026-05-07,AA Email Man,true,5,0,5,2.0
Anni and Josef Albers · Multiple · 2026 Q2,"Homage to the Square, (Yellow)",2026-05-07,AA Meta,true,2,0,2,1.0
Anni and Josef Albers · Multiple · 2026 Q2,"Homage to the Square, (Yellow)",2026-05-07,Direct,true,5,0,5,3.0
Anni and Josef Albers · Multiple · 2026 Q2,"Homage to the Square, (Yellow)",2026-05-07,Organic Search,true,1,0,1,1.0
Anni and Josef Albers · Multiple · 2026 Q2,"Homage to the Square, (Yellow)",2026-05-09,Direct,true,1,0,1,1.0
Anni and Josef Albers · Multiple · 2026 Q2,"Homage to the Square, (Yellow)",2026-05-10,Direct,true,1,0,1,0.0
Anni and Josef Albers · Multiple · 2026 Q2,"Homage to the Square, (Yellow)",2026-05-11,AA Email Man,true,1,0,1,1.0
Anni and Josef Albers · Multiple · 2026 Q2,"Homage to the Square, (Yellow)",2026-05-13,AA Email Man,true,8,0,8,5.0
Anni and Josef Albers · Multiple · 2026 Q2,"Homage to the Square, (Yellow)",2026-05-13,AA Meta,true,2,0,2,1.0
Anni and Josef Albers · Multiple · 2026 Q2,"Homage to the Square, (Yellow)",2026-05-13,Direct,true,5,0,5,1.0
Anni and Josef Albers · Multiple · 2026 Q2,"Homage to the Square, (Yellow)",2026-05-13,Organic Search,true,2,0,2,1.0
Anni and Josef Albers · Multiple · 2026 Q2,"Homage to the Square, (Yellow)",2026-05-13,Paid Social,true,8,0,8,3.0
Anni and Josef Albers · Multiple · 2026 Q2,"Homage to the Square, (Yellow)",2026-05-14,AA Email Man,true,1,0,1,1.0
Anni and Josef Albers · Multiple · 2026 Q2,"Homage to the Square, (Yellow)",2026-05-14,Referral Other,true,1,0,1,1.0
Anni and Josef Albers · Multiple · 2026 Q2,"Homage to the Square, (Yellow)",2026-05-15,AA Email Man,true,3,0,3,1.0
Anni and Josef Albers · Multiple · 2026 Q2,"Homage to the Square, (Yellow)",2026-05-15,AA Meta,true,1,0,1,0.0
Anni and Josef Albers · Multiple · 2026 Q2,"Homage to the Square, (Yellow)",2026-05-15,Direct,true,1,0,1,1.0
Anni and Josef Albers · Multiple · 2026 Q2,"Homage to the Square, (Yellow)",2026-05-15,Organic Search,true,1,0,1,0.0
Anni and Josef Albers · Multiple · 2026 Q2,"Homage to the Square, (Yellow)",2026-05-15,Paid Social,true,2,0,2,1.0
Anni and Josef Albers · Multiple · 2026 Q2,"Homage to the Square, (Yellow)",2026-05-18,Direct,true,1,0,1,1.0
Anni and Josef Albers · Multiple · 2026 Q2,"Homage to the Square, (Yellow)",2026-05-18,Organic Search,true,2,0,2,0.0
Anni and Josef Albers · Multiple · 2026 Q2,"Homage to the Square, (Yellow)",2026-05-18,Paid Social,true,2,0,2,0.0
Anni and Josef Albers · Multiple · 2026 Q2,"Homage to the Square, (Yellow)",2026-05-22,Direct,true,1,0,1,1.0
Anni and Josef Albers · Multiple · 2026 Q2,"Homage to the Square, (Yellow)",2026-05-22,Organic Search,true,1,0,1,0.0
Anni and Josef Albers · Multiple · 2026 Q2,"Homage to the Square, (Yellow)",2026-05-23,Direct,true,1,0,1,0.0
Anni and Josef Albers · Multiple · 2026 Q2,"Homage to the Square, (Yellow)",2026-05-25,Direct,true,1,0,1,0.0
Anni and Josef Albers · Multiple · 2026 Q2,"Homage to the Square, (Yellow)",2026-05-27,Direct,true,1,0,1,0.0
Anni and Josef Albers · Multiple · 2026 Q2,"Homage to the Square, (Yellow)",2026-05-27,Paid Social,true,1,0,1,0.0
Anni and Josef Albers · Multiple · 2026 Q2,"Homage to the Square, (Yellow)",2026-05-28,AA Email Man,true,6,0,6,6.0
Anni and Josef Albers · Multiple · 2026 Q2,"Homage to the Square, (Yellow)",2026-05-28,AA Meta,true,1,0,1,1.0
Anni and Josef Albers · Multiple · 2026 Q2,"Homage to the Square, (Yellow)",2026-05-28,Direct,true,6,0,6,5.0
Anni and Josef Albers · Multiple · 2026 Q2,"Homage to the Square, (Yellow)",2026-05-28,Organic Search,true,3,0,3,3.0
Anni and Josef Albers · Multiple · 2026 Q2,"Homage to the Square, (Yellow)",2026-05-28,Paid Social,true,13,0,13,13.0
Anni and Josef Albers · Multiple · 2026 Q2,"Homage to the Square, (Yellow)",2026-05-28,Referral Other,true,1,1,1,0.0
Anni and Josef Albers · Multiple · 2026 Q2,"Homage to the Square, (Yellow)",2026-05-28,untracked,true,2,0,2,2.0
Anni and Josef Albers · Multiple · 2026 Q2,"Homage to the Square, (Yellow)",2026-05-29,Direct,true,1,0,1,0.0
Anni and Josef Albers · Multiple · 2026 Q2,"Homage to the Square, (Yellow)",2026-06-01,AA Meta,true,1,0,1,0.0
Anni and Josef Albers · Multiple · 2026 Q2,"Homage to the Square, (Yellow)",2026-06-11,AA Email Man,true,1,0,1,0.0
Anni and Josef Albers · Multiple · 2026 Q2,"Homage to the Square, (Yellow)",2026-06-12,Direct,true,1,0,1,0.0
Anni and Josef Albers · Multiple · 2026 Q2,"Homage to the Square, (Yellow)",2026-08-08,Paid Social,true,1,0,1,0.0
Anni and Josef Albers · Multiple · 2026 Q2,"Homage to the Square, (Yellow)",2026-08-26,Paid Social,true,1,0,1,1.0
Anni and Josef Albers · Multiple · 2026 Q2,Homage to the Square: Tap Root,2026-05-01,Direct,true,2,0,2,0.0
Anni and Josef Albers · Multiple · 2026 Q2,Homage to the Square: Tap Root,2026-05-07,AA Email Man,true,4,0,4,1.0
Anni and Josef Albers · Multiple · 2026 Q2,Homage to the Square: Tap Root,2026-05-07,AA Meta,true,1,0,1,1.0
Anni and Josef Albers · Multiple · 2026 Q2,Homage to the Square: Tap Root,2026-05-07,Direct,true,2,0,2,1.0
Anni and Josef Albers · Multiple · 2026 Q2,Homage to the Square: Tap Root,2026-05-07,Paid Social,true,1,0,1,1.0
Anni and Josef Albers · Multiple · 2026 Q2,Homage to the Square: Tap Root,2026-05-07,Referral Other,true,1,0,1,0.0
Anni and Josef Albers · Multiple · 2026 Q2,Homage to the Square: Tap Root,2026-05-09,Direct,true,1,0,1,1.0
Anni and Josef Albers · Multiple · 2026 Q2,Homage to the Square: Tap Root,2026-05-13,AA Email Man,true,5,0,5,2.0
Anni and Josef Albers · Multiple · 2026 Q2,Homage to the Square: Tap Root,2026-05-13,Direct,true,2,0,2,1.0
Anni and Josef Albers · Multiple · 2026 Q2,Homage to the Square: Tap Root,2026-05-13,Organic Search,true,2,0,2,0.0
Anni and Josef Albers · Multiple · 2026 Q2,Homage to the Square: Tap Root,2026-05-13,Paid Social,true,4,0,4,1.0
Anni and Josef Albers · Multiple · 2026 Q2,Homage to the Square: Tap Root,2026-05-15,AA Email Man,true,4,0,4,1.0
Anni and Josef Albers · Multiple · 2026 Q2,Homage to the Square: Tap Root,2026-05-15,AA Meta,true,1,0,1,0.0
Anni and Josef Albers · Multiple · 2026 Q2,Homage to the Square: Tap Root,2026-05-15,Direct,true,4,0,4,2.0
Anni and Josef Albers · Multiple · 2026 Q2,Homage to the Square: Tap Root,2026-05-15,Organic Search,true,1,0,1,1.0
Anni and Josef Albers · Multiple · 2026 Q2,Homage to the Square: Tap Root,2026-05-15,Paid Social,true,3,0,3,0.0
Anni and Josef Albers · Multiple · 2026 Q2,Homage to the Square: Tap Root,2026-05-18,AA Email Man,true,2,0,2,1.0
Anni and Josef Albers · Multiple · 2026 Q2,Homage to the Square: Tap Root,2026-05-18,Direct,true,5,0,5,1.0
Anni and Josef Albers · Multiple · 2026 Q2,Homage to the Square: Tap Root,2026-05-18,Organic Search,true,1,0,1,0.0
Anni and Josef Albers · Multiple · 2026 Q2,Homage to the Square: Tap Root,2026-05-18,Paid Social,true,7,0,7,4.0
Anni and Josef Albers · Multiple · 2026 Q2,Homage to the Square: Tap Root,2026-05-20,AA Meta,true,1,0,1,1.0
Anni and Josef Albers · Multiple · 2026 Q2,Homage to the Square: Tap Root,2026-05-20,Direct,true,1,0,1,0.0
Anni and Josef Albers · Multiple · 2026 Q2,Homage to the Square: Tap Root,2026-05-20,Organic Search,true,2,0,2,1.0
Anni and Josef Albers · Multiple · 2026 Q2,Homage to the Square: Tap Root,2026-05-20,Paid Social,true,4,0,4,2.0
Anni and Josef Albers · Multiple · 2026 Q2,Homage to the Square: Tap Root,2026-05-22,Direct,true,2,0,2,1.0
Anni and Josef Albers · Multiple · 2026 Q2,Homage to the Square: Tap Root,2026-05-22,Other,true,1,0,1,1.0
Anni and Josef Albers · Multiple · 2026 Q2,Homage to the Square: Tap Root,2026-05-22,Paid Social,true,7,0,7,2.0
Anni and Josef Albers · Multiple · 2026 Q2,Homage to the Square: Tap Root,2026-05-22,untracked,true,1,0,1,0.0
Anni and Josef Albers · Multiple · 2026 Q2,Homage to the Square: Tap Root,2026-05-25,Direct,true,1,0,1,0.0
Anni and Josef Albers · Multiple · 2026 Q2,Homage to the Square: Tap Root,2026-05-26,AA Meta,true,3,0,3,2.0
Anni and Josef Albers · Multiple · 2026 Q2,Homage to the Square: Tap Root,2026-05-26,Direct,true,4,0,4,1.0
Anni and Josef Albers · Multiple · 2026 Q2,Homage to the Square: Tap Root,2026-05-26,Paid Social,true,7,0,7,4.0
Anni and Josef Albers · Multiple · 2026 Q2,Homage to the Square: Tap Root,2026-05-26,Referral Meta,true,1,0,1,1.0
Anni and Josef Albers · Multiple · 2026 Q2,Homage to the Square: Tap Root,2026-05-27,Paid Social,true,1,0,1,0.0
Anni and Josef Albers · Multiple · 2026 Q2,Homage to the Square: Tap Root,2026-05-28,AA Email Man,true,2,0,2,0.0
Anni and Josef Albers · Multiple · 2026 Q2,Homage to the Square: Tap Root,2026-05-28,AA Meta,true,2,0,2,0.0
Anni and Josef Albers · Multiple · 2026 Q2,Homage to the Square: Tap Root,2026-05-28,Direct,true,11,0,11,6.0
Anni and Josef Albers · Multiple · 2026 Q2,Homage to the Square: Tap Root,2026-05-28,Organic Search,true,4,0,4,3.0
Anni and Josef Albers · Multiple · 2026 Q2,Homage to the Square: Tap Root,2026-05-28,Other,true,1,0,1,1.0
Anni and Josef Albers · Multiple · 2026 Q2,Homage to the Square: Tap Root,2026-05-28,Paid Social,true,23,0,23,13.0
Anni and Josef Albers · Multiple · 2026 Q2,Homage to the Square: Tap Root,2026-05-28,Referral Other,true,4,3,4,3.0
Anni and Josef Albers · Multiple · 2026 Q2,Homage to the Square: Tap Root,2026-05-28,untracked,true,1,0,1,0.0
Anni and Josef Albers · Multiple · 2026 Q2,Homage to the Square: Tap Root,2026-06-03,Direct,true,1,0,1,0.0
Anni and Josef Albers · Multiple · 2026 Q2,Homage to the Square: Tap Root,2026-06-04,Direct,true,1,0,1,0.0
Anni and Josef Albers · Multiple · 2026 Q2,Homage to the Square: Tap Root,2026-08-27,untracked,true,1,0,1,0.0
Anni and Josef Albers · Multiple · 2026 Q2,Set of 4,2026-04-29,AA Email Auto,true,3,3,3,1.0
Anni and Josef Albers · Multiple · 2026 Q2,Set of 4,2026-04-29,Referral Other,true,3,3,3,1.0
Anni and Josef Albers · Multiple · 2026 Q2,Set of 4,2026-04-30,Direct,true,2,0,2,2.0
Anni and Josef Albers · Multiple · 2026 Q2,Set of 4,2026-04-30,Referral Other,true,1,1,1,0.0
Anni and Josef Albers · Multiple · 2026 Q2,Set of 4,2026-05-01,Referral Other,true,2,2,2,0.0
Anni and Josef Albers · Multiple · 2026 Q2,Set of 4,2026-05-06,AA Email Man,true,1,0,1,0.0
Anni and Josef Albers · Multiple · 2026 Q2,Set of 4,2026-05-06,Direct,true,1,0,1,0.0
Anni and Josef Albers · Multiple · 2026 Q2,Set of 4,2026-05-07,AA Email Man,true,11,0,11,6.0
Anni and Josef Albers · Multiple · 2026 Q2,Set of 4,2026-05-07,Direct,true,2,0,2,0.0
Anni and Josef Albers · Multiple · 2026 Q2,Set of 4,2026-05-07,Organic Search,true,2,0,2,0.0
Anni and Josef Albers · Multiple · 2026 Q2,Set of 4,2026-05-07,Referral Other,true,2,0,2,0.0
Anni and Josef Albers · Multiple · 2026 Q2,Set of 4,2026-05-07,untracked,true,1,0,1,1.0
Anni and Josef Albers · Multiple · 2026 Q2,Set of 4,2026-05-08,AA Email Man,true,1,0,1,0.0
Anni and Josef Albers · Multiple · 2026 Q2,Set of 4,2026-05-10,Direct,true,1,0,1,0.0
Anni and Josef Albers · Multiple · 2026 Q2,Set of 4,2026-05-13,AA Email Man,true,5,0,5,1.0
Anni and Josef Albers · Multiple · 2026 Q2,Set of 4,2026-05-13,AA Meta,true,1,0,1,1.0
Anni and Josef Albers · Multiple · 2026 Q2,Set of 4,2026-05-13,Direct,true,5,0,5,3.0
Anni and Josef Albers · Multiple · 2026 Q2,Set of 4,2026-05-13,Organic Search,true,2,0,2,2.0
Anni and Josef Albers · Multiple · 2026 Q2,Set of 4,2026-05-13,Paid Social,true,2,0,2,2.0
Anni and Josef Albers · Multiple · 2026 Q2,Set of 4,2026-05-13,untracked,true,1,0,1,0.0
Anni and Josef Albers · Multiple · 2026 Q2,Set of 4,2026-05-14,AA Email Man,true,1,0,1,0.0
Anni and Josef Albers · Multiple · 2026 Q2,Set of 4,2026-05-14,Organic Search,true,1,0,1,0.0
Anni and Josef Albers · Multiple · 2026 Q2,Set of 4,2026-05-15,AA Email Man,true,3,0,3,2.0
Anni and Josef Albers · Multiple · 2026 Q2,Set of 4,2026-05-15,Direct,true,2,0,2,1.0
Anni and Josef Albers · Multiple · 2026 Q2,Set of 4,2026-05-15,Organic Search,true,2,0,2,1.0
Anni and Josef Albers · Multiple · 2026 Q2,Set of 4,2026-05-15,Paid Social,true,1,0,1,1.0
Anni and Josef Albers · Multiple · 2026 Q2,Set of 4,2026-05-15,Referral Other,true,1,0,1,1.0
Anni and Josef Albers · Multiple · 2026 Q2,Set of 4,2026-05-18,AA Email Man,true,1,0,1,1.0
Anni and Josef Albers · Multiple · 2026 Q2,Set of 4,2026-05-18,Direct,true,6,0,6,2.0
Anni and Josef Albers · Multiple · 2026 Q2,Set of 4,2026-05-18,Organic Search,true,4,0,4,3.0
Anni and Josef Albers · Multiple · 2026 Q2,Set of 4,2026-05-18,Paid Social,true,6,0,6,3.0
Anni and Josef Albers · Multiple · 2026 Q2,Set of 4,2026-05-20,Direct,true,2,0,2,2.0
Anni and Josef Albers · Multiple · 2026 Q2,Set of 4,2026-05-20,Paid Social,true,2,0,2,1.0
Anni and Josef Albers · Multiple · 2026 Q2,Set of 4,2026-05-22,AA Email Man,true,1,0,1,0.0
Anni and Josef Albers · Multiple · 2026 Q2,Set of 4,2026-05-22,Direct,true,4,0,4,1.0
Anni and Josef Albers · Multiple · 2026 Q2,Set of 4,2026-05-22,Other,true,1,0,1,1.0
Anni and Josef Albers · Multiple · 2026 Q2,Set of 4,2026-05-22,Paid Social,true,3,0,3,1.0
Anni and Josef Albers · Multiple · 2026 Q2,Set of 4,2026-05-25,AA Email Man,true,1,0,1,0.0
Anni and Josef Albers · Multiple · 2026 Q2,Set of 4,2026-05-28,Organic Search,true,3,0,3,3.0
Anni and Josef Albers · Multiple · 2026 Q2,Set of 4,2026-05-28,Paid Social,true,5,0,5,5.0
Anni and Josef Albers · Multiple · 2026 Q2,Set of 4,2026-05-28,Referral Other,true,1,0,1,0.0
Anni and Josef Albers · Multiple · 2026 Q2,Set of 4,2026-09-03,AA Email Man,true,1,0,1,0.0
Anni and Josef Albers · Multiple · 2026 Q2,Set of 4,2026-09-24,Organic Search,true,1,0,1,0.0
Anni and Josef Albers · Multiple · 2026 Q2,"Study for A, 1968",2026-04-29,Direct,true,1,0,1,1.0
Anni and Josef Albers · Multiple · 2026 Q2,"Study for A, 1968",2026-05-01,Referral Other,true,1,1,1,0.0
Anni and Josef Albers · Multiple · 2026 Q2,"Study for A, 1968",2026-05-07,AA Email Man,true,5,0,5,4.0
Anni and Josef Albers · Multiple · 2026 Q2,"Study for A, 1968",2026-05-07,Direct,true,1,0,1,0.0
Anni and Josef Albers · Multiple · 2026 Q2,"Study for A, 1968",2026-05-07,Organic Search,true,1,0,1,0.0
Anni and Josef Albers · Multiple · 2026 Q2,"Study for A, 1968",2026-05-13,AA Email Man,true,2,0,2,1.0
Anni and Josef Albers · Multiple · 2026 Q2,"Study for A, 1968",2026-05-13,Direct,true,5,0,5,1.0
Anni and Josef Albers · Multiple · 2026 Q2,"Study for A, 1968",2026-05-13,Organic Search,true,1,0,1,0.0
Anni and Josef Albers · Multiple · 2026 Q2,"Study for A, 1968",2026-05-13,Paid Social,true,4,0,4,2.0
Anni and Josef Albers · Multiple · 2026 Q2,"Study for A, 1968",2026-05-15,AA Email Man,true,2,0,2,0.0
Anni and Josef Albers · Multiple · 2026 Q2,"Study for A, 1968",2026-05-15,Direct,true,1,0,1,1.0
Anni and Josef Albers · Multiple · 2026 Q2,"Study for A, 1968",2026-05-15,Organic Search,true,1,0,1,0.0
Anni and Josef Albers · Multiple · 2026 Q2,"Study for A, 1968",2026-05-15,Paid Social,true,1,0,1,1.0
Anni and Josef Albers · Multiple · 2026 Q2,"Study for A, 1968",2026-05-16,Direct,true,1,0,1,1.0
Anni and Josef Albers · Multiple · 2026 Q2,"Study for A, 1968",2026-05-18,AA Meta,true,1,0,1,1.0
Anni and Josef Albers · Multiple · 2026 Q2,"Study for A, 1968",2026-05-18,Direct,true,2,0,2,2.0
Anni and Josef Albers · Multiple · 2026 Q2,"Study for A, 1968",2026-05-18,Organic Search,true,1,0,1,0.0
Anni and Josef Albers · Multiple · 2026 Q2,"Study for A, 1968",2026-05-18,Paid Social,true,7,0,7,2.0
Anni and Josef Albers · Multiple · 2026 Q2,"Study for A, 1968",2026-05-20,Direct,true,3,0,3,0.0
Anni and Josef Albers · Multiple · 2026 Q2,"Study for A, 1968",2026-05-20,Paid Social,true,4,0,4,1.0
Anni and Josef Albers · Multiple · 2026 Q2,"Study for A, 1968",2026-05-22,Direct,true,2,0,2,1.0
Anni and Josef Albers · Multiple · 2026 Q2,"Study for A, 1968",2026-05-22,Organic Search,true,2,0,2,0.0
Anni and Josef Albers · Multiple · 2026 Q2,"Study for A, 1968",2026-05-22,Other,true,1,0,1,0.0
Anni and Josef Albers · Multiple · 2026 Q2,"Study for A, 1968",2026-05-22,Paid Social,true,5,0,5,3.0
Anni and Josef Albers · Multiple · 2026 Q2,"Study for A, 1968",2026-05-23,Direct,true,1,0,1,0.0
Anni and Josef Albers · Multiple · 2026 Q2,"Study for A, 1968",2026-05-26,AA Meta,true,2,0,2,2.0
Anni and Josef Albers · Multiple · 2026 Q2,"Study for A, 1968",2026-05-26,Direct,true,3,0,3,1.0
Anni and Josef Albers · Multiple · 2026 Q2,"Study for A, 1968",2026-05-26,Organic Search,true,2,0,2,0.0
Anni and Josef Albers · Multiple · 2026 Q2,"Study for A, 1968",2026-05-26,Other,true,1,0,1,1.0
Anni and Josef Albers · Multiple · 2026 Q2,"Study for A, 1968",2026-05-26,Paid Social,true,17,0,17,8.0
Anni and Josef Albers · Multiple · 2026 Q2,"Study for A, 1968",2026-05-27,Direct,true,1,0,1,0.0
Anni and Josef Albers · Multiple · 2026 Q2,"Study for A, 1968",2026-05-27,Paid Social,true,1,0,1,0.0
Anni and Josef Albers · Multiple · 2026 Q2,"Study for A, 1968",2026-05-27,untracked,true,1,1,1,1.0
Anni and Josef Albers · Multiple · 2026 Q2,"Study for A, 1968",2026-05-28,AA Email Man,true,13,0,13,5.0
Anni and Josef Albers · Multiple · 2026 Q2,"Study for A, 1968",2026-05-28,AA Meta,true,1,0,1,1.0
Anni and Josef Albers · Multiple · 2026 Q2,"Study for A, 1968",2026-05-28,Direct,true,12,0,12,5.0
Anni and Josef Albers · Multiple · 2026 Q2,"Study for A, 1968",2026-05-28,Organic Search,true,8,0,8,3.0
Anni and Josef Albers · Multiple · 2026 Q2,"Study for A, 1968",2026-05-28,Other,true,1,0,1,0.0
Anni and Josef Albers · Multiple · 2026 Q2,"Study for A, 1968",2026-05-28,Paid Social,true,31,0,31,15.0
Anni and Josef Albers · Multiple · 2026 Q2,"Study for A, 1968",2026-05-28,Referral Other,true,2,0,2,2.0
Anni and Josef Albers · Multiple · 2026 Q2,"Study for A, 1968",2026-05-28,untracked,true,3,0,3,1.0
Anni and Josef Albers · Multiple · 2026 Q2,"Study for A, 1968",2026-05-30,Direct,true,1,0,1,0.0
Anni and Josef Albers · Multiple · 2026 Q2,"Study for A, 1968",2026-06-02,Organic Search,true,2,0,2,1.0
Anni and Josef Albers · Multiple · 2026 Q2,"Study for A, 1968",2026-06-02,Referral Meta,true,1,0,1,0.0
Anni and Josef Albers · Multiple · 2026 Q2,"Study for A, 1968",2026-06-11,AA Email Man,true,1,0,1,0.0
Anni and Josef Albers · Multiple · 2026 Q2,"Study for A, 1968",2026-07-09,Direct,true,1,0,1,0.0
Anni and Josef Albers · Multiple · 2026 Q2,"Study for A, 1968",2026-07-28,Direct,true,1,0,1,1.0
Anni and Josef Albers · Multiple · 2026 Q2,Study for Homage to the Square,2026-04-29,AA Email Auto,true,1,1,1,0.0
Anni and Josef Albers · Multiple · 2026 Q2,Study for Homage to the Square,2026-04-29,Direct,true,1,0,1,1.0
Anni and Josef Albers · Multiple · 2026 Q2,Study for Homage to the Square,2026-04-30,Referral Other,true,2,2,2,1.0
Anni and Josef Albers · Multiple · 2026 Q2,Study for Homage to the Square,2026-05-01,Direct,true,2,0,2,0.0
Anni and Josef Albers · Multiple · 2026 Q2,Study for Homage to the Square,2026-05-01,Referral Other,true,4,3,4,2.0
Anni and Josef Albers · Multiple · 2026 Q2,Study for Homage to the Square,2026-05-07,AA Email Man,true,11,0,11,6.0
Anni and Josef Albers · Multiple · 2026 Q2,Study for Homage to the Square,2026-05-07,Direct,true,1,0,1,1.0
Anni and Josef Albers · Multiple · 2026 Q2,Study for Homage to the Square,2026-05-07,Organic Search,true,2,0,2,2.0
Anni and Josef Albers · Multiple · 2026 Q2,Study for Homage to the Square,2026-05-13,AA Email Man,true,3,0,3,1.0
Anni and Josef Albers · Multiple · 2026 Q2,Study for Homage to the Square,2026-05-13,Direct,true,2,0,2,0.0
Anni and Josef Albers · Multiple · 2026 Q2,Study for Homage to the Square,2026-05-13,Organic Search,true,3,0,3,3.0
Anni and Josef Albers · Multiple · 2026 Q2,Study for Homage to the Square,2026-05-13,Paid Social,true,5,0,5,3.0
Anni and Josef Albers · Multiple · 2026 Q2,Study for Homage to the Square,2026-05-13,Referral Other,true,1,0,1,0.0
Anni and Josef Albers · Multiple · 2026 Q2,Study for Homage to the Square,2026-05-13,untracked,true,1,0,1,1.0
Anni and Josef Albers · Multiple · 2026 Q2,Study for Homage to the Square,2026-05-15,AA Email Man,true,6,0,6,4.0
Anni and Josef Albers · Multiple · 2026 Q2,Study for Homage to the Square,2026-05-15,AA Meta,true,1,0,1,1.0
Anni and Josef Albers · Multiple · 2026 Q2,Study for Homage to the Square,2026-05-15,Direct,true,2,0,2,0.0
Anni and Josef Albers · Multiple · 2026 Q2,Study for Homage to the Square,2026-05-15,Paid Social,true,4,0,4,2.0
Anni and Josef Albers · Multiple · 2026 Q2,Study for Homage to the Square,2026-05-16,Direct,true,1,0,1,0.0
Anni and Josef Albers · Multiple · 2026 Q2,Study for Homage to the Square,2026-05-18,AA Meta,true,2,0,2,2.0
Anni and Josef Albers · Multiple · 2026 Q2,Study for Homage to the Square,2026-05-18,Direct,true,2,0,2,1.0
Anni and Josef Albers · Multiple · 2026 Q2,Study for Homage to the Square,2026-05-18,Organic Search,true,2,0,2,1.0
Anni and Josef Albers · Multiple · 2026 Q2,Study for Homage to the Square,2026-05-18,Other,true,1,0,1,1.0
Anni and Josef Albers · Multiple · 2026 Q2,Study for Homage to the Square,2026-05-18,Paid Social,true,9,0,9,6.0
Anni and Josef Albers · Multiple · 2026 Q2,Study for Homage to the Square,2026-05-19,Paid Social,true,1,0,1,0.0
Anni and Josef Albers · Multiple · 2026 Q2,Study for Homage to the Square,2026-05-20,AA Email Man,true,3,0,3,1.0
Anni and Josef Albers · Multiple · 2026 Q2,Study for Homage to the Square,2026-05-20,Paid Social,true,5,0,5,3.0
Anni and Josef Albers · Multiple · 2026 Q2,Study for Homage to the Square,2026-05-21,AA Email Man,true,1,0,1,0.0
Anni and Josef Albers · Multiple · 2026 Q2,Study for Homage to the Square,2026-05-21,Paid Social,true,1,0,1,0.0
Anni and Josef Albers · Multiple · 2026 Q2,Study for Homage to the Square,2026-05-22,AA Email Man,true,1,0,1,1.0
Anni and Josef Albers · Multiple · 2026 Q2,Study for Homage to the Square,2026-05-22,Direct,true,1,0,1,1.0
Anni and Josef Albers · Multiple · 2026 Q2,Study for Homage to the Square,2026-05-22,Paid Social,true,4,0,4,1.0
Anni and Josef Albers · Multiple · 2026 Q2,Study for Homage to the Square,2026-05-25,Direct,true,1,0,1,0.0
Anni and Josef Albers · Multiple · 2026 Q2,Study for Homage to the Square,2026-05-26,AA Email Man,true,1,0,1,1.0
Anni and Josef Albers · Multiple · 2026 Q2,Study for Homage to the Square,2026-05-28,AA Email Man,true,5,0,5,5.0
Anni and Josef Albers · Multiple · 2026 Q2,Study for Homage to the Square,2026-05-28,AA Meta,true,1,0,1,1.0
Anni and Josef Albers · Multiple · 2026 Q2,Study for Homage to the Square,2026-05-28,Direct,true,8,0,8,8.0
Anni and Josef Albers · Multiple · 2026 Q2,Study for Homage to the Square,2026-05-28,Organic Search,true,2,0,2,2.0
Anni and Josef Albers · Multiple · 2026 Q2,Study for Homage to the Square,2026-05-28,Paid Social,true,8,0,8,8.0
Anni and Josef Albers · Multiple · 2026 Q2,Study for Homage to the Square,2026-05-28,Referral Other,true,1,1,1,0.0
Anni and Josef Albers · Multiple · 2026 Q2,Study for Homage to the Square,2026-08-06,Referral Other,true,1,0,1,0.0
Anni and Josef Albers · Multiple · 2026 Q2,Study for Homage to the Square,2026-08-19,Organic Search,true,1,0,1,0.0
Anni and Josef Albers · Multiple · 2026 Q2,Study for Homage to the Square,2026-09-08,Direct,true,1,0,1,0.0
Anni and Josef Albers · Multiple · 2026 Q2,"Study for TR I, ca. 1969",2026-04-29,Referral Other,true,2,2,2,1.0
Anni and Josef Albers · Multiple · 2026 Q2,"Study for TR I, ca. 1969",2026-04-30,Referral Other,true,1,1,1,1.0
Anni and Josef Albers · Multiple · 2026 Q2,"Study for TR I, ca. 1969",2026-05-07,AA Email Man,true,3,0,3,2.0
Anni and Josef Albers · Multiple · 2026 Q2,"Study for TR I, ca. 1969",2026-05-07,Direct,true,2,0,2,1.0
Anni and Josef Albers · Multiple · 2026 Q2,"Study for TR I, ca. 1969",2026-05-07,Organic Search,true,1,0,1,0.0
Anni and Josef Albers · Multiple · 2026 Q2,"Study for TR I, ca. 1969",2026-05-07,Paid Social,true,1,0,1,0.0
Anni and Josef Albers · Multiple · 2026 Q2,"Study for TR I, ca. 1969",2026-05-13,AA Email Man,true,1,0,1,1.0
Anni and Josef Albers · Multiple · 2026 Q2,"Study for TR I, ca. 1969",2026-05-13,Direct,true,2,0,2,1.0
Anni and Josef Albers · Multiple · 2026 Q2,"Study for TR I, ca. 1969",2026-05-13,Organic Search,true,2,0,2,1.0
Anni and Josef Albers · Multiple · 2026 Q2,"Study for TR I, ca. 1969",2026-05-13,Referral Other,true,2,0,2,1.0
Anni and Josef Albers · Multiple · 2026 Q2,"Study for TR I, ca. 1969",2026-05-15,AA Email Auto,true,1,1,1,1.0
Anni and Josef Albers · Multiple · 2026 Q2,"Study for TR I, ca. 1969",2026-05-15,Paid Social,true,1,0,1,0.0
Anni and Josef Albers · Multiple · 2026 Q2,"Study for TR I, ca. 1969",2026-05-18,AA Email Man,true,3,0,3,0.0
Anni and Josef Albers · Multiple · 2026 Q2,"Study for TR I, ca. 1969",2026-05-18,AA Meta,true,1,0,1,1.0
Anni and Josef Albers · Multiple · 2026 Q2,"Study for TR I, ca. 1969",2026-05-18,Paid Social,true,5,0,5,2.0
Anni and Josef Albers · Multiple · 2026 Q2,"Study for TR I, ca. 1969",2026-05-19,Paid Social,true,1,0,1,0.0
Anni and Josef Albers · Multiple · 2026 Q2,"Study for TR I, ca. 1969",2026-05-20,Direct,true,1,0,1,0.0
Anni and Josef Albers · Multiple · 2026 Q2,"Study for TR I, ca. 1969",2026-05-20,Paid Social,true,1,0,1,0.0
Anni and Josef Albers · Multiple · 2026 Q2,"Study for TR I, ca. 1969",2026-05-22,AA Email Man,true,1,0,1,0.0
Anni and Josef Albers · Multiple · 2026 Q2,"Study for TR I, ca. 1969",2026-05-22,Direct,true,3,0,3,1.0
Anni and Josef Albers · Multiple · 2026 Q2,"Study for TR I, ca. 1969",2026-05-22,Organic Search,true,2,0,2,0.0
Anni and Josef Albers · Multiple · 2026 Q2,"Study for TR I, ca. 1969",2026-05-22,Paid Social,true,3,0,3,2.0
Anni and Josef Albers · Multiple · 2026 Q2,"Study for TR I, ca. 1969",2026-05-22,Referral Other,true,1,0,1,0.0
Anni and Josef Albers · Multiple · 2026 Q2,"Study for TR I, ca. 1969",2026-05-26,AA Email Auto,true,1,0,1,0.0
Anni and Josef Albers · Multiple · 2026 Q2,"Study for TR I, ca. 1969",2026-05-26,Direct,true,5,0,5,2.0
Anni and Josef Albers · Multiple · 2026 Q2,"Study for TR I, ca. 1969",2026-05-26,Other,true,1,0,1,0.0
Anni and Josef Albers · Multiple · 2026 Q2,"Study for TR I, ca. 1969",2026-05-26,Paid Social,true,11,0,11,3.0
Anni and Josef Albers · Multiple · 2026 Q2,"Study for TR I, ca. 1969",2026-05-27,Paid Social,true,1,0,1,0.0
Anni and Josef Albers · Multiple · 2026 Q2,"Study for TR I, ca. 1969",2026-05-28,AA Email Man,true,8,0,8,4.0
Anni and Josef Albers · Multiple · 2026 Q2,"Study for TR I, ca. 1969",2026-05-28,AA Meta,true,3,0,3,1.0
Anni and Josef Albers · Multiple · 2026 Q2,"Study for TR I, ca. 1969",2026-05-28,Direct,true,12,0,12,6.0
Anni and Josef Albers · Multiple · 2026 Q2,"Study for TR I, ca. 1969",2026-05-28,Organic Search,true,5,0,5,2.0
Anni and Josef Albers · Multiple · 2026 Q2,"Study for TR I, ca. 1969",2026-05-28,Paid Social,true,35,0,35,15.0
Anni and Josef Albers · Multiple · 2026 Q2,"Study for TR I, ca. 1969",2026-05-28,Referral Other,true,2,0,2,0.0
Anni and Josef Albers · Multiple · 2026 Q2,"Study for TR I, ca. 1969",2026-05-28,untracked,true,2,0,2,2.0
Anni and Josef Albers · Multiple · 2026 Q2,"Study for TR I, ca. 1969",2026-05-29,Direct,true,1,0,1,1.0
Anni and Josef Albers · Multiple · 2026 Q2,"Study for TR I, ca. 1969",2026-05-30,Paid Social,true,1,0,1,1.0
Anni and Josef Albers · Multiple · 2026 Q2,"Study for TR I, ca. 1969",2026-06-01,AA Email Man,true,1,0,1,0.0
Anni and Josef Albers · Multiple · 2026 Q2,"Study for TR I, ca. 1969",2026-06-01,Organic Search,true,1,0,1,0.0
Anni and Josef Albers · Multiple · 2026 Q2,"Study for TR I, ca. 1969",2026-06-02,Organic Search,true,1,0,1,0.0
Anni and Josef Albers · Multiple · 2026 Q2,"Study for TR I, ca. 1969",2026-06-02,Paid Social,true,1,0,1,0.0
Anni and Josef Albers · Multiple · 2026 Q2,"Study for TR I, ca. 1969",2026-06-03,Paid Social,true,1,0,1,0.0
Anni and Josef Albers · Multiple · 2026 Q2,"Study for TR I, ca. 1969",2026-06-04,Other,true,1,0,1,0.0
Anni and Josef Albers · Multiple · 2026 Q2,"Study for TR I, ca. 1969",2026-06-04,Paid Social,true,1,0,1,0.0
Anni and Josef Albers · Multiple · 2026 Q2,"Study for TR I, ca. 1969",2026-06-11,AA Email Man,true,1,0,1,0.0
Anni and Josef Albers · Multiple · 2026 Q2,"Study for TR I, ca. 1969",2026-08-20,Direct,true,1,0,1,0.0
Anni and Josef Albers · Multiple · 2026 Q2,"Study for TR I, ca. 1969 & Study for A, 1968",2026-04-29,Referral Other,true,1,1,1,1.0
Anni and Josef Albers · Multiple · 2026 Q2,"Study for TR I, ca. 1969 & Study for A, 1968",2026-04-30,Direct,true,1,0,1,1.0
Anni and Josef Albers · Multiple · 2026 Q2,"Study for TR I, ca. 1969 & Study for A, 1968",2026-05-07,AA Email Man,true,2,0,2,2.0
Anni and Josef Albers · Multiple · 2026 Q2,"Study for TR I, ca. 1969 & Study for A, 1968",2026-05-07,Direct,true,1,0,1,0.0
Anni and Josef Albers · Multiple · 2026 Q2,"Study for TR I, ca. 1969 & Study for A, 1968",2026-05-07,Referral Other,true,3,0,3,1.0
Anni and Josef Albers · Multiple · 2026 Q2,"Study for TR I, ca. 1969 & Study for A, 1968",2026-05-13,AA Email Man,true,1,0,1,1.0
Anni and Josef Albers · Multiple · 2026 Q2,"Study for TR I, ca. 1969 & Study for A, 1968",2026-05-13,Direct,true,1,0,1,0.0
Anni and Josef Albers · Multiple · 2026 Q2,"Study for TR I, ca. 1969 & Study for A, 1968",2026-05-13,Organic Search,true,2,0,2,1.0
Anni and Josef Albers · Multiple · 2026 Q2,"Study for TR I, ca. 1969 & Study for A, 1968",2026-05-13,Paid Social,true,1,0,1,0.0
Anni and Josef Albers · Multiple · 2026 Q2,"Study for TR I, ca. 1969 & Study for A, 1968",2026-05-15,AA Email Man,true,1,0,1,0.0
Anni and Josef Albers · Multiple · 2026 Q2,"Study for TR I, ca. 1969 & Study for A, 1968",2026-05-15,Direct,true,2,0,2,0.0
Anni and Josef Albers · Multiple · 2026 Q2,"Study for TR I, ca. 1969 & Study for A, 1968",2026-05-18,AA Email Man,true,1,0,1,1.0
Anni and Josef Albers · Multiple · 2026 Q2,"Study for TR I, ca. 1969 & Study for A, 1968",2026-05-18,Organic Search,true,1,0,1,0.0
Anni and Josef Albers · Multiple · 2026 Q2,"Study for TR I, ca. 1969 & Study for A, 1968",2026-05-18,Paid Social,true,1,0,1,1.0
Anni and Josef Albers · Multiple · 2026 Q2,"Study for TR I, ca. 1969 & Study for A, 1968",2026-05-20,AA Email Man,true,1,0,1,0.0
Anni and Josef Albers · Multiple · 2026 Q2,"Study for TR I, ca. 1969 & Study for A, 1968",2026-05-20,Organic Search,true,1,0,1,0.0
Anni and Josef Albers · Multiple · 2026 Q2,"Study for TR I, ca. 1969 & Study for A, 1968",2026-05-22,AA Meta,true,1,0,1,1.0
Anni and Josef Albers · Multiple · 2026 Q2,"Study for TR I, ca. 1969 & Study for A, 1968",2026-05-22,Direct,true,1,0,1,0.0
Anni and Josef Albers · Multiple · 2026 Q2,"Study for TR I, ca. 1969 & Study for A, 1968",2026-05-22,Other,true,1,0,1,0.0
Anni and Josef Albers · Multiple · 2026 Q2,"Study for TR I, ca. 1969 & Study for A, 1968",2026-05-22,Paid Social,true,2,0,2,0.0
Anni and Josef Albers · Multiple · 2026 Q2,"Study for TR I, ca. 1969 & Study for A, 1968",2026-05-26,AA Email Man,true,1,0,1,1.0
Anni and Josef Albers · Multiple · 2026 Q2,"Study for TR I, ca. 1969 & Study for A, 1968",2026-05-26,Other,true,1,0,1,0.0
Anni and Josef Albers · Multiple · 2026 Q2,"Study for TR I, ca. 1969 & Study for A, 1968",2026-05-26,Paid Social,true,8,0,8,2.0
Anni and Josef Albers · Multiple · 2026 Q2,"Study for TR I, ca. 1969 & Study for A, 1968",2026-05-26,Referral Other,true,1,0,1,0.0
Anni and Josef Albers · Multiple · 2026 Q2,"Study for TR I, ca. 1969 & Study for A, 1968",2026-05-28,AA Email Man,true,1,0,1,1.0
Anni and Josef Albers · Multiple · 2026 Q2,"Study for TR I, ca. 1969 & Study for A, 1968",2026-05-28,Direct,true,2,0,2,1.0
Anni and Josef Albers · Multiple · 2026 Q2,"Study for TR I, ca. 1969 & Study for A, 1968",2026-05-28,Paid Social,true,5,0,5,2.0
Anni and Josef Albers · Multiple · 2026 Q2,"Study for TR I, ca. 1969 & Study for A, 1968",2026-05-29,Organic Search,true,1,0,1,0.0
Anni and Josef Albers · Multiple · 2026 Q2,"Study for TR I, ca. 1969 & Study for A, 1968",2026-06-16,untracked,true,1,0,1,0.0
Anni and Josef Albers · Multiple · 2026 Q2,"Study for TR I, ca. 1969 & Study for A, 1968",2026-08-20,AA Email Man,true,1,0,1,0.0
Antony Micallef · Portrait of Francis Bacon · 2024 Q3,Portrait of Francis Bacon,2024-08-01,AA Email Man,true,8,8,8,3.0
Antony Micallef · Portrait of Francis Bacon · 2024 Q3,Portrait of Francis Bacon,2024-08-01,Direct,true,3,2,3,2.0
Antony Micallef · Portrait of Francis Bacon · 2024 Q3,Portrait of Francis Bacon,2024-08-01,untracked,true,2,2,2,0.0
Antony Micallef · Portrait of Francis Bacon · 2024 Q3,Portrait of Francis Bacon,2024-08-02,AA Email Man,true,1,1,1,1.0
Antony Micallef · Portrait of Francis Bacon · 2024 Q3,Portrait of Francis Bacon,2024-08-02,Direct,true,1,0,1,1.0
Antony Micallef · Portrait of Francis Bacon · 2024 Q3,Portrait of Francis Bacon,2024-08-04,Direct,true,1,0,1,0.0
Antony Micallef · Portrait of Francis Bacon · 2024 Q3,Portrait of Francis Bacon,2024-08-05,Direct,true,1,0,1,0.0
Antony Micallef · Portrait of Francis Bacon · 2024 Q3,Portrait of Francis Bacon,2024-08-05,untracked,true,1,0,1,0.0
Antony Micallef · Portrait of Francis Bacon · 2024 Q3,Portrait of Francis Bacon,2024-08-06,Direct,true,1,0,1,1.0
Antony Micallef · Portrait of Francis Bacon · 2024 Q3,Portrait of Francis Bacon,2024-08-06,untracked,true,1,1,1,1.0
Antony Micallef · Portrait of Francis Bacon · 2024 Q3,Portrait of Francis Bacon,2024-08-07,Referral Artist,true,1,0,1,1.0
Antony Micallef · Portrait of Francis Bacon · 2024 Q3,Portrait of Francis Bacon,2024-08-07,Referral Other,true,1,0,1,0.0
Antony Micallef · Portrait of Francis Bacon · 2024 Q3,Portrait of Francis Bacon,2024-08-08,Referral Artist,true,1,0,1,1.0
Antony Micallef · Portrait of Francis Bacon · 2024 Q3,Portrait of Francis Bacon,2024-08-08,untracked,true,1,0,1,0.0
Antony Micallef · Portrait of Francis Bacon · 2024 Q3,Portrait of Francis Bacon,2024-08-10,AA Email Man,true,1,1,1,1.0
Antony Micallef · Portrait of Francis Bacon · 2024 Q3,Portrait of Francis Bacon,2024-08-10,Direct,true,1,0,1,0.0
Antony Micallef · Portrait of Francis Bacon · 2024 Q3,Portrait of Francis Bacon,2024-08-10,Referral Other,true,1,1,1,0.0
Antony Micallef · Portrait of Francis Bacon · 2024 Q3,Portrait of Francis Bacon,2024-08-13,Direct,true,1,0,1,0.0
Antony Micallef · Portrait of Francis Bacon · 2024 Q3,Portrait of Francis Bacon,2024-08-13,Referral Artist,true,5,0,5,2.0
Antony Micallef · Portrait of Francis Bacon · 2024 Q3,Portrait of Francis Bacon,2024-08-14,Referral Artist,true,1,0,1,1.0
Antony Micallef · Portrait of Francis Bacon · 2024 Q3,Portrait of Francis Bacon,2024-08-23,untracked,true,1,0,1,0.0
Antony Micallef · Portrait of Francis Bacon · 2024 Q3,Portrait of Francis Bacon,2024-08-27,AA Email Man,true,3,0,3,1.0
Antony Micallef · Portrait of Francis Bacon · 2024 Q3,Portrait of Francis Bacon,2024-08-27,AA Meta,true,2,0,2,0.0
Antony Micallef · Portrait of Francis Bacon · 2024 Q3,Portrait of Francis Bacon,2024-08-27,Direct,true,1,0,1,0.0
Antony Micallef · Portrait of Francis Bacon · 2024 Q3,Portrait of Francis Bacon,2024-08-27,Referral Artist,true,5,0,5,0.0
Antony Micallef · Portrait of Francis Bacon · 2024 Q3,Portrait of Francis Bacon,2024-08-27,untracked,true,2,0,2,0.0
Antony Micallef · Portrait of Francis Bacon · 2024 Q3,Portrait of Francis Bacon,2024-08-29,Direct,true,1,0,1,0.0
Antony Micallef · Portrait of Francis Bacon · 2024 Q3,Portrait of Francis Bacon,2024-09-02,Referral Artist,true,1,0,1,0.0
Antony Micallef · Portrait of Francis Bacon · 2024 Q3,Portrait of Francis Bacon,2024-10-25,Direct,true,1,0,1,1.0
Antony Micallef · Portrait of Francis Bacon · 2024 Q3,Portrait of Francis Bacon,2024-11-05,Organic Search,true,1,0,1,0.0
Antony Micallef · Self Portrait with Blue Slash · 2026 Q2,Self Portrait with Blue Slash,2026-04-28,AA Email Auto,true,1,1,1,1.0
Antony Micallef · Self Portrait with Blue Slash · 2026 Q2,Self Portrait with Blue Slash,2026-04-28,Referral Other,true,3,3,3,1.0
Antony Micallef · Self Portrait with Blue Slash · 2026 Q2,Self Portrait with Blue Slash,2026-04-29,AA Email Auto,true,1,1,1,0.0
Antony Micallef · Self Portrait with Blue Slash · 2026 Q2,Self Portrait with Blue Slash,2026-04-29,AA Meta,true,1,1,1,1.0
Antony Micallef · Self Portrait with Blue Slash · 2026 Q2,Self Portrait with Blue Slash,2026-04-29,Referral Other,true,2,2,2,0.0
Antony Micallef · Self Portrait with Blue Slash · 2026 Q2,Self Portrait with Blue Slash,2026-05-01,AA Email Man,true,1,0,1,1.0
Antony Micallef · Self Portrait with Blue Slash · 2026 Q2,Self Portrait with Blue Slash,2026-05-01,Direct,true,1,0,1,0.0
Antony Micallef · Self Portrait with Blue Slash · 2026 Q2,Self Portrait with Blue Slash,2026-05-01,Referral Other,true,1,1,1,0.0
Antony Micallef · Self Portrait with Blue Slash · 2026 Q2,Self Portrait with Blue Slash,2026-05-02,Direct,true,2,0,2,2.0
Antony Micallef · Self Portrait with Blue Slash · 2026 Q2,Self Portrait with Blue Slash,2026-05-05,AA Email Man,true,1,0,1,1.0
Antony Micallef · Self Portrait with Blue Slash · 2026 Q2,Self Portrait with Blue Slash,2026-05-05,Direct,true,1,0,1,1.0
Antony Micallef · Self Portrait with Blue Slash · 2026 Q2,Self Portrait with Blue Slash,2026-05-06,untracked,true,1,0,1,0.0
Antony Micallef · Self Portrait with Blue Slash · 2026 Q2,Self Portrait with Blue Slash,2026-05-07,AA Email Man,true,4,0,4,3.0
Antony Micallef · Self Portrait with Blue Slash · 2026 Q2,Self Portrait with Blue Slash,2026-05-07,AA Meta,true,1,0,1,1.0
Antony Micallef · Self Portrait with Blue Slash · 2026 Q2,Self Portrait with Blue Slash,2026-05-07,Organic Search,true,1,0,1,0.0
Antony Micallef · Self Portrait with Blue Slash · 2026 Q2,Self Portrait with Blue Slash,2026-05-07,Referral Other,true,4,3,4,1.0
Antony Micallef · Self Portrait with Blue Slash · 2026 Q2,Self Portrait with Blue Slash,2026-05-08,Referral Other,true,2,2,2,1.0
Antony Micallef · Self Portrait with Blue Slash · 2026 Q2,Self Portrait with Blue Slash,2026-05-11,AA Meta,true,1,0,1,0.0
Antony Micallef · Self Portrait with Blue Slash · 2026 Q2,Self Portrait with Blue Slash,2026-05-11,Direct,true,1,0,1,1.0
Antony Micallef · Self Portrait with Blue Slash · 2026 Q2,Self Portrait with Blue Slash,2026-05-13,AA Email Man,true,2,0,2,1.0
Antony Micallef · Self Portrait with Blue Slash · 2026 Q2,Self Portrait with Blue Slash,2026-05-13,Direct,true,1,0,1,1.0
Antony Micallef · Self Portrait with Blue Slash · 2026 Q2,Self Portrait with Blue Slash,2026-05-13,Organic Search,true,2,0,2,1.0
Antony Micallef · Self Portrait with Blue Slash · 2026 Q2,Self Portrait with Blue Slash,2026-05-14,AA Email Man,true,1,0,1,1.0
Antony Micallef · Self Portrait with Blue Slash · 2026 Q2,Self Portrait with Blue Slash,2026-05-15,AA Email Man,true,1,0,1,0.0
Antony Micallef · Self Portrait with Blue Slash · 2026 Q2,Self Portrait with Blue Slash,2026-05-18,AA Email Auto,true,1,0,1,1.0
Antony Micallef · Self Portrait with Blue Slash · 2026 Q2,Self Portrait with Blue Slash,2026-05-18,AA Email Man,true,2,0,2,1.0
Antony Micallef · Self Portrait with Blue Slash · 2026 Q2,Self Portrait with Blue Slash,2026-05-18,AA Meta,true,1,0,1,0.0
Antony Micallef · Self Portrait with Blue Slash · 2026 Q2,Self Portrait with Blue Slash,2026-05-18,Direct,true,4,0,4,3.0
Antony Micallef · Self Portrait with Blue Slash · 2026 Q2,Self Portrait with Blue Slash,2026-05-18,Organic Search,true,1,0,1,0.0
Antony Micallef · Self Portrait with Blue Slash · 2026 Q2,Self Portrait with Blue Slash,2026-05-18,Paid Social,true,2,0,2,1.0
Antony Micallef · Self Portrait with Blue Slash · 2026 Q2,Self Portrait with Blue Slash,2026-05-18,Referral Other,true,1,0,1,0.0
Antony Micallef · Self Portrait with Blue Slash · 2026 Q2,Self Portrait with Blue Slash,2026-05-20,Paid Social,true,1,0,1,1.0
Antony Micallef · Self Portrait with Blue Slash · 2026 Q2,Self Portrait with Blue Slash,2026-05-21,AA Email Man,true,1,0,1,1.0
Antony Micallef · Self Portrait with Blue Slash · 2026 Q2,Self Portrait with Blue Slash,2026-05-22,AA Email Man,true,1,0,1,1.0
Antony Micallef · Self Portrait with Blue Slash · 2026 Q2,Self Portrait with Blue Slash,2026-05-22,untracked,true,1,0,1,0.0
Antony Micallef · Self Portrait with Blue Slash · 2026 Q2,Self Portrait with Blue Slash,2026-05-29,AA Email Man,true,7,0,7,7.0
Antony Micallef · Self Portrait with Blue Slash · 2026 Q2,Self Portrait with Blue Slash,2026-05-29,AA Meta,true,1,0,1,1.0
Antony Micallef · Self Portrait with Blue Slash · 2026 Q2,Self Portrait with Blue Slash,2026-05-29,Direct,true,1,0,1,1.0
Antony Micallef · Self Portrait with Blue Slash · 2026 Q2,Self Portrait with Blue Slash,2026-05-29,Referral Other,true,1,0,1,1.0
Antony Micallef · Self Portrait with Blue Slash · 2026 Q2,Self Portrait with Blue Slash,2026-07-09,Referral Other,true,1,0,1,1.0
Antony Micallef · Self Portrait with Blue Slash · 2026 Q2,Self Portrait with Blue Slash,2026-08-07,AA Email Man,true,1,0,1,0.0
Antony Micallef · Self Portrait with Yellow Lake and Magenta · 2025 Q3,Self Portrait with Yellow Lake and Magenta,2025-05-31,Direct,true,1,0,1,1.0
Antony Micallef · Self Portrait with Yellow Lake and Magenta · 2025 Q3,Self Portrait with Yellow Lake and Magenta,2025-06-26,AA Email Man,true,4,4,4,1.0
Antony Micallef · Self Portrait with Yellow Lake and Magenta · 2025 Q3,Self Portrait with Yellow Lake and Magenta,2025-06-26,Organic Search,true,1,1,1,0.0
Antony Micallef · Self Portrait with Yellow Lake and Magenta · 2025 Q3,Self Portrait with Yellow Lake and Magenta,2025-06-26,Referral Other,true,10,10,10,7.0
Antony Micallef · Self Portrait with Yellow Lake and Magenta · 2025 Q3,Self Portrait with Yellow Lake and Magenta,2025-06-26,untracked,true,1,1,1,0.0
Antony Micallef · Self Portrait with Yellow Lake and Magenta · 2025 Q3,Self Portrait with Yellow Lake and Magenta,2025-06-27,AA Email Man,true,2,2,2,2.0
Antony Micallef · Self Portrait with Yellow Lake and Magenta · 2025 Q3,Self Portrait with Yellow Lake and Magenta,2025-06-27,Referral Other,true,5,5,5,1.0
Antony Micallef · Self Portrait with Yellow Lake and Magenta · 2025 Q3,Self Portrait with Yellow Lake and Magenta,2025-06-28,Referral Other,true,3,3,3,0.0
Antony Micallef · Self Portrait with Yellow Lake and Magenta · 2025 Q3,Self Portrait with Yellow Lake and Magenta,2025-06-30,Referral Other,true,3,3,3,3.0
Antony Micallef · Self Portrait with Yellow Lake and Magenta · 2025 Q3,Self Portrait with Yellow Lake and Magenta,2025-07-01,Referral Other,true,3,3,3,2.0
Antony Micallef · Self Portrait with Yellow Lake and Magenta · 2025 Q3,Self Portrait with Yellow Lake and Magenta,2025-07-02,Referral Other,true,1,1,1,0.0
Antony Micallef · Self Portrait with Yellow Lake and Magenta · 2025 Q3,Self Portrait with Yellow Lake and Magenta,2025-07-08,Direct,true,1,0,1,1.0
Antony Micallef · Self Portrait with Yellow Lake and Magenta · 2025 Q3,Self Portrait with Yellow Lake and Magenta,2025-07-09,Direct,true,1,1,1,1.0
Antony Micallef · Self Portrait with Yellow Lake and Magenta · 2025 Q3,Self Portrait with Yellow Lake and Magenta,2025-07-11,Referral Other,true,1,1,1,0.0
Antony Micallef · Self Portrait with Yellow Lake and Magenta · 2025 Q3,Self Portrait with Yellow Lake and Magenta,2025-07-29,AA Email Auto,true,1,0,1,1.0
Antony Micallef · Self Portrait with Yellow Lake and Magenta · 2025 Q3,Self Portrait with Yellow Lake and Magenta,2025-07-29,AA Email Man,true,11,0,11,6.0
Antony Micallef · Self Portrait with Yellow Lake and Magenta · 2025 Q3,Self Portrait with Yellow Lake and Magenta,2025-07-29,Direct,true,5,0,5,2.0
Antony Micallef · Self Portrait with Yellow Lake and Magenta · 2025 Q3,Self Portrait with Yellow Lake and Magenta,2025-07-29,Organic Search,true,1,0,1,1.0
Antony Micallef · Self Portrait with Yellow Lake and Magenta · 2025 Q3,Self Portrait with Yellow Lake and Magenta,2025-07-29,Referral Meta,true,1,0,1,0.0
Antony Micallef · Self Portrait with Yellow Lake and Magenta · 2025 Q3,Self Portrait with Yellow Lake and Magenta,2025-07-29,Referral Other,true,1,0,1,0.0
Antony Micallef · Self Portrait with Yellow Lake and Magenta · 2025 Q3,Self Portrait with Yellow Lake and Magenta,2025-07-29,untracked,true,1,0,1,1.0
Antony Micallef · Self Portrait with Yellow Lake and Magenta · 2025 Q3,Self Portrait with Yellow Lake and Magenta,2025-07-30,AA Email Man,true,1,0,1,0.0
Antony Micallef · Self Portrait with Yellow Lake and Magenta · 2025 Q3,Self Portrait with Yellow Lake and Magenta,2025-08-27,Referral Other,true,1,0,1,0.0
Antony Micallef · Self Portrait with Yellow Lake and Magenta · 2025 Q3,Self Portrait with Yellow Lake and Magenta,2026-04-18,Referral Other,true,1,0,1,1.0
Arghavan Khosravi · The Earring · 2023 Q4,The Earring,2023-09-27,Direct,true,1,0,0,0.0
Arghavan Khosravi · The Earring · 2023 Q4,The Earring,2023-09-27,untracked,true,1,0,0,0.0
Arghavan Khosravi · The Earring · 2023 Q4,The Earring,2023-09-30,Direct,true,1,0,0,0.0
Arghavan Khosravi · The Earring · 2023 Q4,The Earring,2023-10-05,Direct,true,1,0,0,0.0
Arghavan Khosravi · The Earring · 2023 Q4,The Earring,2023-10-09,Referral Other,true,1,0,0,0.0
Arghavan Khosravi · The Earring · 2023 Q4,The Earring,2023-10-10,Direct,true,1,0,0,0.0
Arghavan Khosravi · The Earring · 2023 Q4,The Earring,2023-10-17,Direct,true,1,0,0,0.0
Arghavan Khosravi · The Earring · 2023 Q4,The Earring,2023-10-17,untracked,true,1,0,0,0.0
Arghavan Khosravi · The Earring · 2023 Q4,The Earring,2023-10-23,AA Email Man,true,2,0,0,0.0
Arghavan Khosravi · The Earring · 2023 Q4,The Earring,2023-10-23,AA Meta,true,1,0,0,0.0
Arghavan Khosravi · The Earring · 2023 Q4,The Earring,2023-10-23,Direct,true,4,0,0,0.0
Arghavan Khosravi · The Earring · 2023 Q4,The Earring,2023-10-23,Organic Search,true,1,0,0,0.0
Arghavan Khosravi · The Earring · 2023 Q4,The Earring,2023-10-23,Referral Other,true,2,0,0,0.0
Arghavan Khosravi · The Earring · 2023 Q4,The Earring,2023-10-23,untracked,true,2,0,0,0.0
Arghavan Khosravi · The Earring · 2023 Q4,The Earring,2023-12-15,Referral Other,true,1,0,0,0.0
Arghavan Khosravi · The Earring · 2023 Q4,The Earring,2024-02-24,Direct,true,1,0,0,0.0
Artspace Amphora Project · Multiple · 2025 Q1,Amphorae,2024-12-07,AA Email Man,true,1,1,0,0.0
Artspace Amphora Project · Multiple · 2025 Q1,Amphorae,2025-01-02,Referral Other,true,1,0,0,0.0
Artspace Amphora Project · Multiple · 2025 Q1,Amphorae,2025-02-05,untracked,true,1,0,0,0.0
Asuka Anastacia Ogawa · Sleepy · 2024 Q2,Sleepy,2024-04-26,Direct,true,1,0,1,0.0
Asuka Anastacia Ogawa · Sleepy · 2024 Q2,Sleepy,2024-05-01,Direct,true,1,0,1,1.0
Asuka Anastacia Ogawa · Sleepy · 2024 Q2,Sleepy,2024-05-07,AA Email Man,true,3,3,3,0.0
Asuka Anastacia Ogawa · Sleepy · 2024 Q2,Sleepy,2024-05-07,Direct,true,4,3,4,1.0
Asuka Anastacia Ogawa · Sleepy · 2024 Q2,Sleepy,2024-05-07,Organic Search,true,1,1,1,0.0
Asuka Anastacia Ogawa · Sleepy · 2024 Q2,Sleepy,2024-05-07,untracked,true,4,4,4,1.0
Asuka Anastacia Ogawa · Sleepy · 2024 Q2,Sleepy,2024-05-08,AA Email Man,true,2,2,2,1.0
Asuka Anastacia Ogawa · Sleepy · 2024 Q2,Sleepy,2024-05-08,Direct,true,2,1,2,0.0
Asuka Anastacia Ogawa · Sleepy · 2024 Q2,Sleepy,2024-05-08,untracked,true,2,2,2,2.0
Asuka Anastacia Ogawa · Sleepy · 2024 Q2,Sleepy,2024-05-09,AA Email Man,true,1,1,1,1.0
Asuka Anastacia Ogawa · Sleepy · 2024 Q2,Sleepy,2024-05-09,AA Meta,true,1,0,1,0.0
Asuka Anastacia Ogawa · Sleepy · 2024 Q2,Sleepy,2024-05-09,Direct,true,1,0,1,0.0
Asuka Anastacia Ogawa · Sleepy · 2024 Q2,Sleepy,2024-05-09,Organic Search,true,1,1,1,0.0
Asuka Anastacia Ogawa · Sleepy · 2024 Q2,Sleepy,2024-05-09,untracked,true,2,1,2,0.0
Asuka Anastacia Ogawa · Sleepy · 2024 Q2,Sleepy,2024-05-11,AA Email Man,true,1,1,1,0.0
Asuka Anastacia Ogawa · Sleepy · 2024 Q2,Sleepy,2024-05-12,Organic Search,true,1,1,1,0.0
Asuka Anastacia Ogawa · Sleepy · 2024 Q2,Sleepy,2024-05-15,AA Email Man,true,1,0,1,0.0
Asuka Anastacia Ogawa · Sleepy · 2024 Q2,Sleepy,2024-05-16,AA Email Man,true,3,0,3,2.0
Asuka Anastacia Ogawa · Sleepy · 2024 Q2,Sleepy,2024-05-16,AA X,true,1,0,1,1.0
Asuka Anastacia Ogawa · Sleepy · 2024 Q2,Sleepy,2024-05-16,Direct,true,1,0,1,1.0
Asuka Anastacia Ogawa · Sleepy · 2024 Q2,Sleepy,2024-05-16,untracked,true,3,0,3,2.0
Asuka Anastacia Ogawa · Sleepy · 2024 Q2,Sleepy,2024-05-20,Referral Other,true,1,0,1,0.0
Asuka Anastacia Ogawa · Sleepy · 2024 Q2,Sleepy,2024-05-22,AA Email Man,true,4,0,4,1.0
Asuka Anastacia Ogawa · Sleepy · 2024 Q2,Sleepy,2024-05-22,AA Meta,true,1,0,1,0.0
Asuka Anastacia Ogawa · Sleepy · 2024 Q2,Sleepy,2024-05-22,Direct,true,3,0,3,0.0
Asuka Anastacia Ogawa · Sleepy · 2024 Q2,Sleepy,2024-05-22,Organic Search,true,3,0,3,1.0
Asuka Anastacia Ogawa · Sleepy · 2024 Q2,Sleepy,2024-05-22,untracked,true,1,0,1,1.0
Asuka Anastacia Ogawa · Sleepy · 2024 Q2,Sleepy,2024-05-23,untracked,true,1,0,1,0.0
Asuka Anastacia Ogawa · Sleepy · 2024 Q2,Sleepy,2024-10-25,AA Email Man,true,1,0,1,0.0
Aya Takano · Anthem (Detail) · 2023 Q1,Anthem (Detail),2023-01-31,Direct,true,1,0,0,0.0
Aya Takano · Anthem (Detail) · 2023 Q1,Anthem (Detail),2023-01-31,untracked,true,1,0,0,0.0
Aya Takano · Anthem (Detail) · 2023 Q1,Anthem (Detail),2023-02-01,Direct,true,1,0,0,0.0
Aya Takano · Anthem (Detail) · 2023 Q1,Anthem (Detail),2023-02-02,Direct,true,2,0,0,0.0
Aya Takano · Anthem (Detail) · 2023 Q1,Anthem (Detail),2023-02-02,Referral Other,true,1,0,0,0.0
Aya Takano · Anthem (Detail) · 2023 Q1,Anthem (Detail),2023-02-03,AA Email Man,true,1,0,0,0.0
Aya Takano · Anthem (Detail) · 2023 Q1,Anthem (Detail),2023-02-03,Direct,true,1,0,0,0.0
Aya Takano · Anthem (Detail) · 2023 Q1,Anthem (Detail),2023-02-03,Organic Search,true,1,0,0,0.0
Aya Takano · Anthem (Detail) · 2023 Q1,Anthem (Detail),2023-02-03,Referral Other,true,1,0,0,0.0
Aya Takano · Anthem (Detail) · 2023 Q1,Anthem (Detail),2023-02-04,AA Email Man,true,3,0,0,0.0
Aya Takano · Anthem (Detail) · 2023 Q1,Anthem (Detail),2023-02-04,Direct,true,1,0,0,0.0
Aya Takano · Anthem (Detail) · 2023 Q1,Anthem (Detail),2023-02-04,Referral Other,true,1,0,0,0.0
Aya Takano · Anthem (Detail) · 2023 Q1,Anthem (Detail),2023-02-07,Direct,true,1,0,0,0.0
Aya Takano · Anthem (Detail) · 2023 Q1,Anthem (Detail),2023-02-07,Referral Other,true,1,0,0,0.0
Aya Takano · Anthem (Detail) · 2023 Q1,Anthem (Detail),2023-02-08,Referral Other,true,1,0,0,0.0
Aya Takano · Anthem (Detail) · 2023 Q1,Anthem (Detail),2023-02-08,untracked,true,1,0,0,0.0
Aya Takano · Anthem (Detail) · 2023 Q1,Anthem (Detail),2023-02-09,Direct,true,1,0,0,0.0
Aya Takano · Anthem (Detail) · 2023 Q1,Anthem (Detail),2023-02-10,AA Email Man,true,3,2,0,0.0
Aya Takano · Anthem (Detail) · 2023 Q1,Anthem (Detail),2023-02-10,untracked,true,1,0,0,0.0
Aya Takano · Anthem (Detail) · 2023 Q1,Anthem (Detail),2023-02-11,AA Email Man,true,1,1,0,0.0
Aya Takano · Anthem (Detail) · 2023 Q1,Anthem (Detail),2023-02-11,untracked,true,1,0,0,0.0
Aya Takano · Anthem (Detail) · 2023 Q1,Anthem (Detail),2023-02-12,Referral Other,true,3,0,0,0.0
Aya Takano · Anthem (Detail) · 2023 Q1,Anthem (Detail),2023-02-14,untracked,true,1,0,0,0.0
Aya Takano · Anthem (Detail) · 2023 Q1,Anthem (Detail),2023-02-17,Direct,true,1,0,0,0.0
Aya Takano · Anthem (Detail) · 2023 Q1,Anthem (Detail),2023-02-17,Referral Other,true,1,0,0,0.0
Aya Takano · Anthem (Detail) · 2023 Q1,Anthem (Detail),2023-02-19,Referral Other,true,1,0,0,0.0
Aya Takano · Anthem (Detail) · 2023 Q1,Anthem (Detail),2023-02-20,Direct,true,1,0,0,0.0
Aya Takano · Anthem (Detail) · 2023 Q1,Anthem (Detail),2023-02-22,untracked,true,1,0,0,0.0
Aya Takano · Anthem (Detail) · 2023 Q1,Anthem (Detail),2023-02-27,Organic Search,true,1,0,0,0.0
Aya Takano · Anthem (Detail) · 2023 Q1,Anthem (Detail),2023-02-28,AA Meta,true,1,0,0,0.0
Aya Takano · Anthem (Detail) · 2023 Q1,Anthem (Detail),2023-02-28,Direct,true,1,0,0,0.0
Aya Takano · Anthem (Detail) · 2023 Q1,Anthem (Detail),2023-02-28,Organic Search,true,1,0,0,0.0
Aya Takano · Anthem (Detail) · 2023 Q1,Anthem (Detail),2023-02-28,untracked,true,1,0,0,0.0
Ayako Rokkaku · Untitled · 2025 Q2,Untitled,2025-03-11,Untracked,false,1,0,1,0.0
Ayako Rokkaku · Untitled · 2025 Q2,Untitled,2025-03-19,Untracked,false,1,0,1,0.0
Ayako Rokkaku · Untitled · 2025 Q2,Untitled,2025-03-20,Untracked,false,1,0,1,0.0
Ayako Rokkaku · Untitled · 2025 Q2,Untitled,2025-03-21,Untracked,false,2,0,2,1.0
Ayako Rokkaku · Untitled · 2025 Q2,Untitled,2025-03-27,Untracked,false,4,0,4,2.0
Ayako Rokkaku · Untitled · 2025 Q2,Untitled,2025-03-28,Untracked,false,1,0,1,0.0
Ayako Rokkaku · Untitled · 2025 Q2,Untitled,2025-03-31,Untracked,false,1,0,1,0.0
Ayako Rokkaku · Untitled · 2025 Q2,Untitled,2025-04-01,Untracked,false,5,0,5,0.0
Ayako Rokkaku · Untitled · 2025 Q2,Untitled,2025-04-02,Untracked,false,1,0,1,0.0
Ayako Rokkaku · Untitled · 2025 Q2,Untitled,2025-04-08,Untracked,false,1,0,1,0.0
Ayako Rokkaku · Untitled · 2025 Q2,Untitled,2025-04-09,Untracked,false,1,0,1,0.0
Ayako Rokkaku · Untitled · 2025 Q2,Untitled,2025-04-14,Untracked,false,1,0,1,0.0
Ayako Rokkaku · Untitled · 2025 Q2,Untitled,2025-04-17,Untracked,false,1,0,1,0.0
Ayako Rokkaku · Untitled · 2025 Q2,Untitled,2025-05-16,Untracked,false,1,0,1,0.0
Ayako Rokkaku · Untitled · 2025 Q2,Untitled,2025-09-16,Untracked,false,1,0,1,1.0
Backside works. · Multiple · 2026 Q3,Princess,2026-06-30,AA Email Auto,true,2,2,2,1.0
Backside works. · Multiple · 2026 Q3,Princess,2026-06-30,Direct,true,1,0,1,0.0
Backside works. · Multiple · 2026 Q3,Princess,2026-06-30,Referral Other,true,8,8,8,4.0
Backside works. · Multiple · 2026 Q3,Princess,2026-07-01,Direct,true,1,0,1,0.0
Backside works. · Multiple · 2026 Q3,Princess,2026-07-02,Direct,true,2,0,2,0.0
Backside works. · Multiple · 2026 Q3,Princess,2026-07-03,Direct,true,1,0,1,0.0
Backside works. · Multiple · 2026 Q3,Princess,2026-07-03,Referral Artist,true,1,0,1,0.0
Backside works. · Multiple · 2026 Q3,Princess,2026-07-03,Referral Other,true,1,0,1,0.0
Backside works. · Multiple · 2026 Q3,Princess,2026-07-06,AA Meta,true,2,0,2,2.0
Backside works. · Multiple · 2026 Q3,Princess,2026-07-07,untracked,true,1,0,1,0.0
Backside works. · Multiple · 2026 Q3,Princess,2026-07-08,AA Email Man,true,3,0,3,3.0
Backside works. · Multiple · 2026 Q3,Princess,2026-07-08,untracked,true,1,0,1,0.0
Backside works. · Multiple · 2026 Q3,Princess,2026-07-09,AA Meta,true,1,0,1,0.0
Backside works. · Multiple · 2026 Q3,Princess,2026-07-10,Referral Other,true,1,0,1,0.0
Backside works. · Multiple · 2026 Q3,Princess,2026-07-13,Direct,true,1,0,1,1.0
Backside works. · Multiple · 2026 Q3,Princess,2026-07-20,Direct,true,1,0,1,0.0
Backside works. · Multiple · 2026 Q3,Princess,2026-07-24,Direct,true,1,0,1,1.0
Backside works. · Multiple · 2026 Q3,Princess,2026-07-29,AA Email Auto,true,1,0,1,0.0
Backside works. · Multiple · 2026 Q3,Princess,2026-07-30,AA Email Auto,true,1,0,1,1.0
Backside works. · Multiple · 2026 Q3,Princess,2026-07-30,AA Email Man,true,2,0,2,2.0
Backside works. · Multiple · 2026 Q3,Princess,2026-07-30,AA Meta,true,2,0,2,2.0
Backside works. · Multiple · 2026 Q3,Princess,2026-07-30,Direct,true,3,0,3,3.0
Backside works. · Multiple · 2026 Q3,Princess,2026-07-30,Organic Search,true,2,0,2,2.0
Backside works. · Multiple · 2026 Q3,Princess,2026-07-30,Referral Artist,true,4,0,4,4.0
Backside works. · Multiple · 2026 Q3,Princess,2026-08-07,untracked,true,5,0,5,0.0
Backside works. · Multiple · 2026 Q3,Queen,2026-06-29,untracked,true,1,0,1,0.0
Backside works. · Multiple · 2026 Q3,Queen,2026-06-30,AA Email Man,true,1,1,1,0.0
Backside works. · Multiple · 2026 Q3,Queen,2026-06-30,Direct,true,4,2,4,1.0
Backside works. · Multiple · 2026 Q3,Queen,2026-06-30,Referral Artist,true,1,1,1,0.0
Backside works. · Multiple · 2026 Q3,Queen,2026-06-30,Referral Other,true,6,6,6,2.0
Backside works. · Multiple · 2026 Q3,Queen,2026-07-01,Direct,true,1,0,1,0.0
Backside works. · Multiple · 2026 Q3,Queen,2026-07-03,Referral Artist,true,1,0,1,0.0
Backside works. · Multiple · 2026 Q3,Queen,2026-07-06,AA Email Man,true,1,0,1,1.0
Backside works. · Multiple · 2026 Q3,Queen,2026-07-07,AA Email Man,true,1,0,1,1.0
Backside works. · Multiple · 2026 Q3,Queen,2026-07-07,untracked,true,1,0,1,0.0
Backside works. · Multiple · 2026 Q3,Queen,2026-07-08,AA Email Man,true,1,0,1,0.0
Backside works. · Multiple · 2026 Q3,Queen,2026-07-08,Direct,true,1,0,1,0.0
Backside works. · Multiple · 2026 Q3,Queen,2026-07-08,untracked,true,1,0,1,0.0
Backside works. · Multiple · 2026 Q3,Queen,2026-07-09,AA Meta,true,1,0,1,0.0
Backside works. · Multiple · 2026 Q3,Queen,2026-07-10,Direct,true,1,0,1,0.0
Backside works. · Multiple · 2026 Q3,Queen,2026-07-10,Referral Artist,true,1,0,1,1.0
Backside works. · Multiple · 2026 Q3,Queen,2026-07-10,Referral Other,true,1,0,1,0.0
Backside works. · Multiple · 2026 Q3,Queen,2026-07-13,Direct,true,1,0,1,1.0
Backside works. · Multiple · 2026 Q3,Queen,2026-07-15,Referral Other,true,1,0,1,0.0
Backside works. · Multiple · 2026 Q3,Queen,2026-07-30,AA Email Auto,true,1,0,1,1.0
Backside works. · Multiple · 2026 Q3,Queen,2026-07-30,AA Email Man,true,1,0,1,1.0
Backside works. · Multiple · 2026 Q3,Queen,2026-07-30,AA Meta,true,1,0,1,1.0
Backside works. · Multiple · 2026 Q3,Queen,2026-07-30,Direct,true,1,0,1,1.0
Backside works. · Multiple · 2026 Q3,Queen,2026-07-30,Organic Search,true,3,0,3,3.0
Backside works. · Multiple · 2026 Q3,Queen,2026-07-30,Other,true,1,0,1,1.0
Backside works. · Multiple · 2026 Q3,Queen,2026-07-30,Paid Social,true,1,0,1,1.0
Backside works. · Multiple · 2026 Q3,Queen,2026-07-30,Referral Artist,true,7,0,7,7.0
Backside works. · Multiple · 2026 Q3,Queen,2026-08-07,untracked,true,5,0,5,0.0
Baldur Helgason · Menippean Satire · 2024 Q1,Menippean Satire,2024-02-09,AA Email Man,true,4,4,0,0.0
Baldur Helgason · Menippean Satire · 2024 Q1,Menippean Satire,2024-02-09,Direct,true,1,1,0,0.0
Baldur Helgason · Menippean Satire · 2024 Q1,Menippean Satire,2024-02-09,Referral Other,true,1,0,0,0.0
Baldur Helgason · Menippean Satire · 2024 Q1,Menippean Satire,2024-02-09,untracked,true,2,2,0,0.0
Baldur Helgason · Menippean Satire · 2024 Q1,Menippean Satire,2024-02-10,AA Email Man,true,3,3,0,0.0
Baldur Helgason · Menippean Satire · 2024 Q1,Menippean Satire,2024-02-10,Direct,true,1,1,0,0.0
Baldur Helgason · Menippean Satire · 2024 Q1,Menippean Satire,2024-02-10,untracked,true,2,2,0,0.0
Baldur Helgason · Menippean Satire · 2024 Q1,Menippean Satire,2024-02-12,AA Email Man,true,1,1,0,0.0
Baldur Helgason · Menippean Satire · 2024 Q1,Menippean Satire,2024-02-13,AA Email Man,true,1,1,0,0.0
Baldur Helgason · Menippean Satire · 2024 Q1,Menippean Satire,2024-02-14,Direct,true,1,0,0,0.0
Baldur Helgason · Menippean Satire · 2024 Q1,Menippean Satire,2024-02-14,untracked,true,1,0,0,0.0
Baldur Helgason · Menippean Satire · 2024 Q1,Menippean Satire,2024-02-15,AA Email Man,true,1,1,0,0.0
Baldur Helgason · Menippean Satire · 2024 Q1,Menippean Satire,2024-02-15,Organic Search,true,1,1,0,0.0
Baldur Helgason · Menippean Satire · 2024 Q1,Menippean Satire,2024-02-16,Referral Other,true,2,1,0,0.0
Baldur Helgason · Menippean Satire · 2024 Q1,Menippean Satire,2024-02-19,Referral Other,true,1,0,0,0.0
Baldur Helgason · Menippean Satire · 2024 Q1,Menippean Satire,2024-02-21,AA Email Man,true,5,0,0,0.0
Baldur Helgason · Menippean Satire · 2024 Q1,Menippean Satire,2024-02-21,AA Meta,true,5,0,0,0.0
Baldur Helgason · Menippean Satire · 2024 Q1,Menippean Satire,2024-02-21,Direct,true,4,0,0,0.0
Baldur Helgason · Menippean Satire · 2024 Q1,Menippean Satire,2024-02-21,Organic Search,true,5,0,0,0.0
Baldur Helgason · Menippean Satire · 2024 Q1,Menippean Satire,2024-02-21,Referral Artist,true,1,0,0,0.0
Baldur Helgason · Menippean Satire · 2024 Q1,Menippean Satire,2024-02-21,Referral Other,true,1,0,0,0.0
Baldur Helgason · Menippean Satire · 2024 Q1,Menippean Satire,2024-02-21,untracked,true,2,0,0,0.0
Baldur Helgason · Menippean Satire · 2024 Q1,Menippean Satire,2024-03-26,untracked,true,2,0,0,0.0
Baldur Helgason · Menippean Satire · 2024 Q1,Menippean Satire,2024-04-10,untracked,true,1,0,0,0.0
Baldur Helgason · Picaresque · 2022 Q4,Picaresque,2024-04-10,untracked,true,3,0,0,0.0
Barry McGee · Fuzz Gathering · 2025 Q1,Fuzz Gathering,2025-01-15,Untracked,false,1,0,1,1.0
Barry McGee · Fuzz Gathering · 2025 Q1,Fuzz Gathering,2025-01-16,Untracked,false,1,0,1,0.0
Barry McGee · Fuzz Gathering · 2025 Q1,Fuzz Gathering,2025-01-28,Untracked,false,1,0,1,1.0
Barry McGee · Fuzz Gathering · 2025 Q1,Fuzz Gathering,2025-01-29,Untracked,false,1,0,1,1.0
Barry McGee · Fuzz Gathering · 2025 Q1,Fuzz Gathering,2025-01-30,Untracked,false,16,0,16,0.0
Barry McGee · Fuzz Gathering · 2025 Q1,Fuzz Gathering,2025-01-31,Untracked,false,1,0,1,0.0
Barry McGee · Fuzz Gathering · 2025 Q1,Fuzz Gathering,2025-02-03,Untracked,false,10,0,10,0.0
Barry McGee · Fuzz Gathering · 2025 Q1,Fuzz Gathering,2025-02-04,Untracked,false,181,181,181,82.0
Barry McGee · Fuzz Gathering · 2025 Q1,Fuzz Gathering,2025-02-05,Untracked,false,204,70,204,90.0
Barry McGee · Fuzz Gathering · 2025 Q1,Fuzz Gathering,2025-02-06,Untracked,false,100,0,100,36.0
Barry McGee · Fuzz Gathering · 2025 Q1,Fuzz Gathering,2025-02-07,Untracked,false,117,1,117,33.0
Barry McGee · Fuzz Gathering · 2025 Q1,Fuzz Gathering,2025-02-10,Untracked,false,6,0,6,0.0
Barry McGee · Fuzz Gathering · 2025 Q1,Fuzz Gathering,2025-02-11,Untracked,false,2,0,2,0.0
Barry McGee · Fuzz Gathering · 2025 Q1,Fuzz Gathering,2025-02-12,Untracked,false,1,0,1,0.0
Barry McGee · Fuzz Gathering · 2025 Q1,Fuzz Gathering,2025-02-13,Untracked,false,3,0,3,0.0
Barry McGee · Fuzz Gathering · 2025 Q1,Fuzz Gathering,2025-02-14,Untracked,false,5,0,5,1.0
Barry McGee · Fuzz Gathering · 2025 Q1,Fuzz Gathering,2025-02-20,Untracked,false,2,0,2,2.0
Barry McGee · Fuzz Gathering · 2025 Q1,Fuzz Gathering,2025-03-27,Untracked,false,1,0,1,0.0
Barry McGee · Fuzz Gathering · 2025 Q1,Fuzz Gathering,2025-04-03,Untracked,false,1,0,1,0.0
Barry McGee · Fuzz Gathering · 2025 Q1,Fuzz Gathering,2025-06-04,Untracked,false,1,0,1,0.0
Barry McGee · Fuzz Gathering · 2025 Q1,Fuzz Gathering,2025-07-14,Untracked,false,1,0,1,1.0
Barry McGee · Fuzz Gathering · 2025 Q1,Fuzz Gathering,2025-10-28,untracked,true,6,0,6,1.0
Barry McGee · Multiple · 2023 Q4,Untitled,2023-11-03,Referral Other,true,1,0,0,0.0
Barry McGee · Multiple · 2023 Q4,Untitled,2023-11-03,Untracked,false,11,1,0,0.0
Barry McGee · Multiple · 2023 Q4,Untitled,2023-11-04,Untracked,false,6,6,0,0.0
Barry McGee · Multiple · 2023 Q4,Untitled,2023-11-05,Untracked,false,6,4,0,0.0
Barry McGee · Multiple · 2023 Q4,Untitled,2023-11-06,Untracked,false,3,3,0,0.0
Barry McGee · Multiple · 2023 Q4,Untitled,2023-11-07,Untracked,false,34,14,0,0.0
Barry McGee · Multiple · 2023 Q4,Untitled,2023-11-08,Untracked,false,44,40,0,0.0
Barry McGee · Multiple · 2023 Q4,Untitled,2023-11-09,Untracked,false,169,17,0,0.0
Barry McGee · Multiple · 2023 Q4,Untitled,2023-11-10,Untracked,false,147,15,0,0.0
Barry McGee · Multiple · 2023 Q4,Untitled,2023-11-13,Untracked,false,2,0,0,0.0
Barry McGee · Multiple · 2023 Q4,Untitled,2024-02-29,Untracked,false,1,0,0,0.0
Barry McGee · Multiple · 2023 Q4,Untitled,2024-04-29,Untracked,false,1,0,0,0.0
Barry McGee · Multiple · 2023 Q4,Untitled,2024-05-07,Untracked,false,1,0,0,0.0
Barry McGee · Multiple · 2023 Q4,Untitled,2024-05-27,Untracked,false,1,0,0,0.0
Barry McGee · Multiple · 2023 Q4,Untitled,2024-06-14,Referral Other,true,1,0,0,0.0
Barry McGee · Multiple · 2023 Q4,Untitled,2024-09-26,Untracked,false,1,0,0,0.0
Barry McGee · Multiple · 2023 Q4,Untitled,2024-11-07,Untracked,false,1,0,0,0.0
Barry McGee · Multiple · 2023 Q4,Untitled,2024-11-11,Untracked,false,1,0,0,0.0
Barry McGee · Multiple · 2023 Q4,Untitled,2024-11-20,Untracked,false,1,0,0,0.0
Barry McGee · Multiple · 2023 Q4,Untitled (Hand-finished),2023-11-04,Untracked,false,3,1,0,0.0
Barry McGee · Multiple · 2023 Q4,Untitled (Hand-finished),2023-11-05,Untracked,false,1,1,0,0.0
Barry McGee · Multiple · 2023 Q4,Untitled (Hand-finished),2023-11-06,AA X,true,1,0,0,0.0
Barry McGee · Multiple · 2023 Q4,Untitled (Hand-finished),2023-11-06,Untracked,false,1,0,0,0.0
Barry McGee · Multiple · 2023 Q4,Untitled (Hand-finished),2023-11-07,Untracked,false,6,1,0,0.0
Barry McGee · Multiple · 2023 Q4,Untitled (Hand-finished),2023-11-08,Untracked,false,12,9,0,0.0
Barry McGee · Multiple · 2023 Q4,Untitled (Hand-finished),2023-11-09,Untracked,false,28,5,0,0.0
Barry McGee · Multiple · 2023 Q4,Untitled (Hand-finished),2023-11-10,Untracked,false,18,1,0,0.0
Barry McGee · Multiple · 2023 Q4,Untitled (Hand-finished),2023-11-11,Untracked,false,1,0,0,0.0
Barry McGee · Multiple · 2023 Q4,Untitled (Hand-finished),2023-11-13,Untracked,false,2,0,0,0.0
Barry McGee · Multiple · 2023 Q4,Untitled (Hand-finished),2023-11-14,Untracked,false,1,0,0,0.0
Barry McGee · Multiple · 2023 Q4,Untitled (Hand-finished),2023-11-20,Untracked,false,1,0,0,0.0
Barry McGee · Multiple · 2023 Q4,Untitled (Hand-finished),2025-01-23,Untracked,false,1,0,0,0.0
Barry McGee · Multiple · 2023 Q4,Untitled (Hand-finished),2025-01-27,Untracked,false,1,0,0,0.0
Beeple · Multiple · 2024 Q4,CHOOSE VIOLENCE,2024-10-08,Untracked,false,5,5,5,1.0
Beeple · Multiple · 2024 Q4,CHOOSE VIOLENCE,2024-10-09,Untracked,false,8,3,8,1.0
Beeple · Multiple · 2024 Q4,CHOOSE VIOLENCE,2024-10-10,Untracked,false,5,0,5,0.0
Beeple · Multiple · 2024 Q4,CHOOSE VIOLENCE,2024-10-11,Untracked,false,5,0,5,0.0
Beeple · Multiple · 2024 Q4,CHOOSE VIOLENCE,2024-10-12,Untracked,false,1,0,1,0.0
Beeple · Multiple · 2024 Q4,CHOOSE VIOLENCE,2025-02-12,Untracked,false,1,0,1,0.0
Beeple · Multiple · 2024 Q4,CHOOSE VIOLENCE,2025-02-13,Untracked,false,5,0,5,0.0
Beeple · Multiple · 2024 Q4,NOISE,2024-10-08,Untracked,false,10,10,10,3.0
Beeple · Multiple · 2024 Q4,NOISE,2024-10-09,Untracked,false,11,3,11,5.0
Beeple · Multiple · 2024 Q4,NOISE,2024-10-10,Untracked,false,13,0,13,3.0
Beeple · Multiple · 2024 Q4,NOISE,2024-10-11,Untracked,false,15,0,15,1.0
Beeple · Multiple · 2024 Q4,NOISE,2025-02-12,Untracked,false,1,0,1,0.0
Beeple · Multiple · 2024 Q4,NOISE,2025-02-13,Untracked,false,5,0,5,0.0
Beeple · Multiple · 2024 Q4,SIGNAL,2024-10-08,Untracked,false,22,22,22,2.0
Beeple · Multiple · 2024 Q4,SIGNAL,2024-10-09,Untracked,false,50,16,50,15.0
Beeple · Multiple · 2024 Q4,SIGNAL,2024-10-10,Untracked,false,54,1,54,8.0
Beeple · Multiple · 2024 Q4,SIGNAL,2024-10-11,Untracked,false,47,0,47,9.0
Beeple · Multiple · 2024 Q4,SIGNAL,2024-10-12,Untracked,false,1,0,1,0.0
Beeple · Multiple · 2024 Q4,SIGNAL,2025-02-12,Untracked,false,1,0,1,0.0
Beeple · Multiple · 2024 Q4,SIGNAL,2025-02-13,Untracked,false,5,0,5,0.0
Beeple · Multiple · 2024 Q4,THE TREE OF KNOWLEDGE (Triptych),2024-10-05,Referral Other,true,1,0,1,0.0
Beeple · Multiple · 2024 Q4,THE TREE OF KNOWLEDGE (Triptych),2024-10-08,Untracked,false,25,25,25,9.0
Beeple · Multiple · 2024 Q4,THE TREE OF KNOWLEDGE (Triptych),2024-10-09,Untracked,false,41,11,41,8.0
Beeple · Multiple · 2024 Q4,THE TREE OF KNOWLEDGE (Triptych),2024-10-10,Untracked,false,36,1,36,11.0
Beeple · Multiple · 2024 Q4,THE TREE OF KNOWLEDGE (Triptych),2024-10-11,Untracked,false,44,0,44,6.0
Beeple · Multiple · 2024 Q4,THE TREE OF KNOWLEDGE (Triptych),2024-10-12,Untracked,false,1,0,1,0.0
Beeple · Multiple · 2024 Q4,THE TREE OF KNOWLEDGE (Triptych),2024-10-15,Untracked,false,1,0,1,0.0
Beeple · Multiple · 2024 Q4,THE TREE OF KNOWLEDGE (Triptych),2024-10-17,Untracked,false,1,0,1,0.0
Beeple · Multiple · 2024 Q4,THE TREE OF KNOWLEDGE (Triptych),2024-10-22,Untracked,false,1,0,1,0.0
Beeple · Multiple · 2024 Q4,THE TREE OF KNOWLEDGE (Triptych),2025-02-22,Untracked,false,1,0,1,0.0
Benrei Huang · Minority Rules · 2024 Q1,Minority Rules,2024-01-29,Referral Other,true,1,0,0,0.0
Benrei Huang · Minority Rules · 2024 Q1,Minority Rules,2024-02-07,AA Email Man,true,2,2,0,0.0
Benrei Huang · Minority Rules · 2024 Q1,Minority Rules,2024-02-07,untracked,true,1,1,0,0.0
Benrei Huang · Minority Rules · 2024 Q1,Minority Rules,2024-02-09,Direct,true,1,1,0,0.0
Benrei Huang · Minority Rules · 2024 Q1,Minority Rules,2024-02-12,untracked,true,1,0,0,0.0
Benrei Huang · Minority Rules · 2024 Q1,Minority Rules,2024-02-19,Referral Artist,true,1,0,0,0.0
Benrei Huang · Minority Rules · 2024 Q1,Minority Rules,2024-02-20,AA Email Man,true,1,0,0,0.0
Benrei Huang · Minority Rules · 2024 Q1,Minority Rules,2024-02-20,Direct,true,2,0,0,0.0
Benrei Huang · Minority Rules · 2024 Q1,Minority Rules,2024-02-20,Organic Search,true,4,0,0,0.0
Benrei Huang · Minority Rules · 2024 Q1,Minority Rules,2024-02-20,Referral Artist,true,10,0,0,0.0
Benrei Huang · Minority Rules · 2024 Q1,Minority Rules,2024-02-20,Referral Other,true,2,0,0,0.0
Benrei Huang · Minority Rules · 2024 Q1,Minority Rules,2024-02-20,untracked,true,4,0,0,0.0
Benrei Huang · Minority Rules · 2024 Q1,Minority Rules,2024-02-21,Direct,true,2,0,0,0.0
Benrei Huang · Minority Rules · 2024 Q1,Minority Rules,2024-02-21,Organic Search,true,2,0,0,0.0
Benrei Huang · Minority Rules · 2024 Q1,Minority Rules,2024-02-22,Referral Other,true,1,0,0,0.0
Benrei Huang · Minority Rules · 2024 Q1,Minority Rules,2024-02-24,Referral Artist,true,1,0,0,0.0
Benrei Huang · Minority Rules · 2024 Q1,Minority Rules,2024-02-25,Referral Meta,true,1,0,0,0.0
Benrei Huang · Minority Rules · 2024 Q1,Minority Rules,2024-02-29,Organic Search,true,3,0,0,0.0
Bisa Butler · Multiple · 2026 Q4,Be Mine,2026-09-15,Untracked,false,1,0,1,0.0
Bisa Butler · Multiple · 2026 Q4,Be Mine,2026-09-17,Untracked,false,2,1,2,0.0
Bisa Butler · Multiple · 2026 Q4,I Go To Prepare a Place For You,2026-09-15,Untracked,false,1,0,1,0.0
Bisa Butler · Multiple · 2026 Q4,I Go To Prepare a Place For You,2026-09-17,Untracked,false,2,1,2,0.0
Bisa Butler · Multiple · 2026 Q4,I Go To Prepare a Place For You,2026-09-18,Untracked,false,1,0,1,0.0
Bony Ramirez · TORO! · 2023 Q4,TORO!,2023-11-03,Direct,true,2,0,2,0.0
Bony Ramirez · TORO! · 2023 Q4,TORO!,2023-11-03,Referral Other,true,1,0,1,0.0
Bony Ramirez · TORO! · 2023 Q4,TORO!,2023-11-07,Direct,true,2,0,2,0.0
Bony Ramirez · TORO! · 2023 Q4,TORO!,2023-11-08,AA Meta,true,1,0,1,0.0
Bony Ramirez · TORO! · 2023 Q4,TORO!,2023-11-08,Direct,true,1,0,1,0.0
Bony Ramirez · TORO! · 2023 Q4,TORO!,2023-11-10,Referral Meta,true,1,0,1,0.0
Bony Ramirez · TORO! · 2023 Q4,TORO!,2023-11-13,Direct,true,1,0,1,0.0
Bony Ramirez · TORO! · 2023 Q4,TORO!,2023-11-13,Referral Meta,true,1,0,1,0.0
Bony Ramirez · TORO! · 2023 Q4,TORO!,2023-11-15,AA Email Man,true,1,1,1,0.0
Bony Ramirez · TORO! · 2023 Q4,TORO!,2023-11-15,AA Meta,true,1,0,1,0.0
Bony Ramirez · TORO! · 2023 Q4,TORO!,2023-11-15,Direct,true,1,0,1,1.0
Bony Ramirez · TORO! · 2023 Q4,TORO!,2023-11-16,Direct,true,1,1,1,0.0
Bony Ramirez · TORO! · 2023 Q4,TORO!,2023-11-18,Referral Meta,true,1,0,1,1.0
Bony Ramirez · TORO! · 2023 Q4,TORO!,2023-11-19,Referral Meta,true,1,0,1,0.0
Bony Ramirez · TORO! · 2023 Q4,TORO!,2023-11-21,Organic Search,true,1,0,1,0.0
Bony Ramirez · TORO! · 2023 Q4,TORO!,2024-08-12,Direct,true,1,0,1,0.0
Bony Ramirez · TORO! · 2023 Q4,TORO!,2024-11-13,Referral Other,true,1,0,1,0.0
Bony Ramirez · TORO! · 2023 Q4,TORO!,2025-04-04,Referral Other,true,1,0,1,1.0
Bony Ramirez · TORO! · 2023 Q4,TORO!,2025-04-18,Referral Other,true,1,0,1,0.0
Bony Ramirez · TORO! · 2023 Q4,TORO!,2025-06-27,Organic Search,true,1,0,1,0.0
Bony Ramirez · TORO! · 2023 Q4,TORO!,2025-07-10,Direct,true,1,0,1,1.0
Bony Ramirez · TORO! · 2023 Q4,TORO!,2025-09-23,Referral Other,true,1,0,1,1.0
Bony Ramirez · TORO! · 2023 Q4,TORO!,2026-08-18,Organic Search,true,1,0,1,1.0
Brian Calvin · Multiple · 2023 Q3,Artist Bag (Brian Calvin),2023-08-03,Untracked,false,26,0,0,0.0
Brian Calvin · Multiple · 2023 Q3,Artist Bag (Brian Calvin),2023-08-04,Untracked,false,23,0,0,0.0
Brian Calvin · Multiple · 2023 Q3,Artist Bag (Brian Calvin),2023-08-05,Untracked,false,2,0,0,0.0
Brian Calvin · Multiple · 2023 Q3,Artist Bag (Brian Calvin),2023-08-06,Untracked,false,4,0,0,0.0
Brian Calvin · Multiple · 2023 Q3,Artist Bag (Brian Calvin),2023-08-07,Untracked,false,1,0,0,0.0
Brian Calvin · Multiple · 2023 Q3,Artist Bag (Brian Calvin),2023-08-08,Untracked,false,3,0,0,0.0
Brian Calvin · Multiple · 2023 Q3,Artist Bag (Brian Calvin),2023-08-10,Untracked,false,2,0,0,0.0
Brian Calvin · Multiple · 2023 Q3,Artist Bag (Brian Calvin),2023-08-11,Untracked,false,5,0,0,0.0
Brian Calvin · Multiple · 2023 Q3,Artist Bag (Brian Calvin),2023-08-12,Untracked,false,1,0,0,0.0
Brian Calvin · Multiple · 2023 Q3,Artist Bag (Brian Calvin),2023-08-16,Untracked,false,1,0,0,0.0
Brian Calvin · Multiple · 2023 Q3,Artist Bag (Brian Calvin),2023-08-19,Untracked,false,1,0,0,0.0
Brian Calvin · Multiple · 2023 Q3,Artist Bag (Brian Calvin),2023-08-26,Untracked,false,1,0,0,0.0
Brian Calvin · Multiple · 2023 Q3,Artist Bag (Brian Calvin),2023-09-03,Untracked,false,1,0,0,0.0
Brian Calvin · Multiple · 2023 Q3,Artist Bag (Brian Calvin),2023-12-01,Untracked,false,1,0,0,0.0
Brian Calvin · Multiple · 2023 Q3,Artist Bag (Brian Calvin),2023-12-13,Untracked,false,1,0,0,0.0
Brian Calvin · Multiple · 2023 Q3,Artist Bag (Brian Calvin),2024-02-28,Untracked,false,1,0,0,0.0
Brian Calvin · Multiple · 2023 Q3,Artist Bag (Brian Calvin),2024-04-09,Untracked,false,2,0,0,0.0
Brian Calvin · Multiple · 2023 Q3,Artist Bag (Brian Calvin),2024-05-17,Untracked,false,2,0,0,0.0
Brian Calvin · Multiple · 2023 Q3,Artist Bag (Brian Calvin),2024-07-14,Untracked,false,2,0,0,0.0
Brian Calvin · Multiple · 2023 Q3,Artist Bag (Brian Calvin),2025-03-09,Untracked,false,1,0,0,0.0
Brian Calvin · Multiple · 2023 Q3,Artist Bag (Brian Calvin),2025-04-03,Untracked,false,1,0,0,0.0
Brian Calvin · Multiple · 2023 Q3,Artist Bag (Brian Calvin),2025-04-08,Untracked,false,1,0,0,0.0
Brian Calvin · Multiple · 2023 Q3,Artist Bag (Brian Calvin),2025-05-16,Untracked,false,1,0,0,0.0
Brian Calvin · Multiple · 2023 Q3,Artist Bag (Brian Calvin),2025-07-10,Untracked,false,1,0,0,0.0
Brian Calvin · Multiple · 2023 Q3,Artist Bag (Brian Calvin),2025-08-02,Untracked,false,1,0,0,0.0
Brian Calvin · Multiple · 2023 Q3,Artist Bag (Brian Calvin),2026-03-07,Untracked,false,1,0,0,0.0
Brian Calvin · Multiple · 2023 Q3,Artist Bag (Brian Calvin),2026-05-14,Untracked,false,1,0,0,0.0
Brian Calvin · Multiple · 2023 Q3,Artist Bag (Brian Calvin),2026-06-04,Untracked,false,1,0,0,0.0
Brian Calvin · Multiple · 2023 Q3,Artist Bag (Brian Calvin),2026-07-07,Untracked,false,1,0,0,0.0
Brian Calvin · Multiple · 2023 Q3,Artist Bag (Brian Calvin),2026-07-14,Untracked,false,3,0,0,0.0
Brian Calvin · Multiple · 2023 Q3,Artist Bag (Brian Calvin),2026-07-16,Untracked,false,1,0,0,0.0
Brian Calvin · Multiple · 2023 Q3,Artist Bag (Brian Calvin),2026-07-22,Untracked,false,1,0,0,0.0
Brian Calvin · Multiple · 2023 Q3,Artist Bag (Brian Calvin),2026-07-31,Untracked,false,4,0,0,0.0
Brian Calvin · Multiple · 2023 Q3,Artist Bag (Brian Calvin),2026-08-01,Untracked,false,1,0,0,0.0
Brian Calvin · Multiple · 2023 Q3,Artist Bag (Brian Calvin),2026-08-03,Untracked,false,1,0,0,0.0
Brian Calvin · Multiple · 2023 Q3,Artist Bag (Brian Calvin),2026-08-04,Untracked,false,1,0,0,0.0
Brian Calvin · Multiple · 2023 Q3,Artist Bag (Brian Calvin),2026-09-16,Untracked,false,1,0,0,0.0
Brian Calvin · Multiple · 2023 Q3,Artist Bag (Brian Calvin),2026-09-23,Untracked,false,1,0,0,0.0
Brice Guilbert · Multiple · 2023 Q3,Fournez 1,2023-06-28,Untracked,false,1,0,0,0.0
Brice Guilbert · Multiple · 2023 Q3,Fournez 2,2024-05-06,Untracked,false,1,0,0,0.0
Brice Guilbert · Multiple · 2023 Q3,Fournez 3,2023-08-21,Untracked,false,1,0,0,0.0
Bridget Mullen · Multiple · 2023 Q3,Headland #1,2023-09-14,untracked,true,1,0,1,0.0
Bridget Mullen · Multiple · 2023 Q3,Headland #2,2023-09-14,Direct,true,1,0,1,1.0
Bridget Mullen · Multiple · 2023 Q3,Minnesotan #1,2024-11-22,Referral Other,true,1,0,1,0.0
Bäst · Sunday Afternoon · 2022 Q4,Sunday Afternoon,2023-03-12,AA Email Man,true,1,1,0,0.0
Bäst · Sunday Afternoon · 2022 Q4,Sunday Afternoon,2023-05-02,Direct,true,1,0,0,0.0
Bäst · Sunday Afternoon · 2022 Q4,Sunday Afternoon,2024-12-16,Organic Search,true,1,0,0,0.0
Cai Guo-Qiang · Snow Lotus No. 1 · 2024 Q1,Snow Lotus No. 1,2024-01-27,Direct,true,1,1,1,0.0
Cai Guo-Qiang · Snow Lotus No. 1 · 2024 Q1,Snow Lotus No. 1,2024-01-29,Direct,true,1,0,1,0.0
Cai Guo-Qiang · Snow Lotus No. 1 · 2024 Q1,Snow Lotus No. 1,2024-01-30,Referral Other,true,1,0,1,0.0
Cai Guo-Qiang · Snow Lotus No. 1 · 2024 Q1,Snow Lotus No. 1,2024-02-08,Direct,true,3,2,3,0.0
Cai Guo-Qiang · Snow Lotus No. 1 · 2024 Q1,Snow Lotus No. 1,2024-02-09,AA Email Man,true,1,1,1,0.0
Cai Guo-Qiang · Snow Lotus No. 1 · 2024 Q1,Snow Lotus No. 1,2024-02-09,Direct,true,1,0,1,0.0
Cai Guo-Qiang · Snow Lotus No. 1 · 2024 Q1,Snow Lotus No. 1,2024-02-09,Organic Search,true,1,0,1,0.0
Cai Guo-Qiang · Snow Lotus No. 1 · 2024 Q1,Snow Lotus No. 1,2024-02-09,Referral Other,true,1,0,1,0.0
Cai Guo-Qiang · Snow Lotus No. 1 · 2024 Q1,Snow Lotus No. 1,2024-02-10,Direct,true,2,0,2,0.0
Cai Guo-Qiang · Snow Lotus No. 1 · 2024 Q1,Snow Lotus No. 1,2024-02-12,Direct,true,1,0,1,0.0
Cai Guo-Qiang · Snow Lotus No. 1 · 2024 Q1,Snow Lotus No. 1,2024-02-12,Referral Other,true,1,0,1,0.0
Cai Guo-Qiang · Snow Lotus No. 1 · 2024 Q1,Snow Lotus No. 1,2024-02-13,AA Email Man,true,2,2,2,0.0
Cai Guo-Qiang · Snow Lotus No. 1 · 2024 Q1,Snow Lotus No. 1,2024-02-13,Direct,true,2,0,2,0.0
Cai Guo-Qiang · Snow Lotus No. 1 · 2024 Q1,Snow Lotus No. 1,2024-02-13,untracked,true,1,1,1,0.0
Cai Guo-Qiang · Snow Lotus No. 1 · 2024 Q1,Snow Lotus No. 1,2024-02-14,AA Email Man,true,1,1,1,0.0
Cai Guo-Qiang · Snow Lotus No. 1 · 2024 Q1,Snow Lotus No. 1,2024-02-14,Direct,true,3,1,3,1.0
Cai Guo-Qiang · Snow Lotus No. 1 · 2024 Q1,Snow Lotus No. 1,2024-02-14,untracked,true,1,0,1,0.0
Cai Guo-Qiang · Snow Lotus No. 1 · 2024 Q1,Snow Lotus No. 1,2024-02-17,AA Email Man,true,1,1,1,0.0
Cai Guo-Qiang · Snow Lotus No. 1 · 2024 Q1,Snow Lotus No. 1,2024-02-17,Organic Search,true,1,1,1,0.0
Cai Guo-Qiang · Snow Lotus No. 1 · 2024 Q1,Snow Lotus No. 1,2024-02-18,Referral Other,true,1,1,1,0.0
Cai Guo-Qiang · Snow Lotus No. 1 · 2024 Q1,Snow Lotus No. 1,2024-02-19,Direct,true,1,0,1,0.0
Cai Guo-Qiang · Snow Lotus No. 1 · 2024 Q1,Snow Lotus No. 1,2024-02-22,AA Email Man,true,3,0,3,0.0
Cai Guo-Qiang · Snow Lotus No. 1 · 2024 Q1,Snow Lotus No. 1,2024-02-22,Direct,true,3,0,3,0.0
Cai Guo-Qiang · Snow Lotus No. 1 · 2024 Q1,Snow Lotus No. 1,2024-02-22,Organic Search,true,1,0,1,0.0
Cai Guo-Qiang · Snow Lotus No. 1 · 2024 Q1,Snow Lotus No. 1,2024-02-22,Referral Artist,true,2,0,2,0.0
Cai Guo-Qiang · Snow Lotus No. 1 · 2024 Q1,Snow Lotus No. 1,2024-02-22,Referral Other,true,1,0,1,0.0
Cai Guo-Qiang · Snow Lotus No. 1 · 2024 Q1,Snow Lotus No. 1,2024-02-22,untracked,true,12,0,12,0.0
Cai Guo-Qiang · Snow Lotus No. 1 · 2024 Q1,Snow Lotus No. 1,2024-02-24,Referral Other,true,1,0,1,0.0
Cali Thornhill Dewitt · Haunted · 2020 Q3,Haunted,2023-04-01,Untracked,false,1,0,0,0.0
Cali Thornhill Dewitt · Haunted · 2020 Q3,Haunted,2023-05-17,Untracked,false,1,0,0,0.0
Camilla Engström · Island Creators · 2023 Q4,Island Creators,2023-10-13,Direct,true,1,1,0,0.0
Camilla Engström · Island Creators · 2023 Q4,Island Creators,2023-10-13,untracked,true,1,1,0,0.0
Camilla Engström · Island Creators · 2023 Q4,Island Creators,2023-10-16,AA Email Man,true,1,0,0,0.0
Camilla Engström · Island Creators · 2023 Q4,Island Creators,2023-10-24,Organic Search,true,1,1,0,0.0
Camilla Engström · Island Creators · 2023 Q4,Island Creators,2023-10-27,Referral Other,true,1,0,0,0.0
Camilla Engström · Island Creators · 2023 Q4,Island Creators,2023-10-27,untracked,true,1,0,0,0.0
Camilla Engström · Island Creators · 2023 Q4,Island Creators,2023-10-30,Organic Search,true,1,0,0,0.0
Camilla Engström · Island Creators · 2023 Q4,Island Creators,2023-11-03,Direct,true,1,0,0,0.0
Camilla Engström · Island Creators · 2023 Q4,Island Creators,2023-11-07,AA Email Man,true,9,0,0,0.0
Camilla Engström · Island Creators · 2023 Q4,Island Creators,2023-11-07,AA Meta,true,3,0,0,0.0
Camilla Engström · Island Creators · 2023 Q4,Island Creators,2023-11-07,Direct,true,10,0,0,0.0
Camilla Engström · Island Creators · 2023 Q4,Island Creators,2023-11-07,Organic Search,true,4,0,0,0.0
Camilla Engström · Island Creators · 2023 Q4,Island Creators,2023-11-07,Other,true,1,0,0,0.0
Camilla Engström · Island Creators · 2023 Q4,Island Creators,2023-11-07,Referral Artist,true,2,0,0,0.0
Camilla Engström · Island Creators · 2023 Q4,Island Creators,2023-11-07,Referral Meta,true,1,0,0,0.0
Camilla Engström · Island Creators · 2023 Q4,Island Creators,2023-11-07,Referral Other,true,4,0,0,0.0
Camilla Engström · Island Creators · 2023 Q4,Island Creators,2023-11-07,untracked,true,3,0,0,0.0
Camilla Engström · Island Creators · 2023 Q4,Island Creators,2023-11-09,Direct,true,1,0,0,0.0
Camilla Engström · Island Creators · 2023 Q4,Island Creators,2023-11-17,Referral Other,true,1,0,0,0.0
Camilla Engström · Island Creators · 2023 Q4,Island Creators,2023-11-20,Direct,true,1,0,0,0.0
Camilla Engström · Island Creators · 2023 Q4,Island Creators,2023-11-22,Direct,true,1,0,0,0.0
Camilla Engström · Island Creators · 2023 Q4,Island Creators,2023-11-23,Referral Other,true,1,0,0,0.0
Camilla Engström · Yellow Moon · 2022 Q3,Yellow Moon,2024-02-16,untracked,true,1,0,0,0.0
Carrie Mae Weems · Multiple · 2025 Q3,Kitchen Table triptych,2025-07-07,Untracked,false,1,0,1,0.0
Carrie Mae Weems · Multiple · 2025 Q3,Kitchen Table triptych,2025-07-17,Untracked,false,1,0,1,0.0
Carrie Mae Weems · Multiple · 2025 Q3,Kitchen Table triptych,2025-07-22,Untracked,false,56,56,56,20.0
Carrie Mae Weems · Multiple · 2025 Q3,Kitchen Table triptych,2025-07-23,Untracked,false,59,27,59,16.0
Carrie Mae Weems · Multiple · 2025 Q3,Kitchen Table triptych,2025-07-24,Untracked,false,21,1,21,4.0
Carrie Mae Weems · Multiple · 2025 Q3,Kitchen Table triptych,2025-07-25,Untracked,false,21,0,21,4.0
Carrie Mae Weems · Multiple · 2025 Q3,Kitchen Table triptych,2025-08-01,Untracked,false,1,0,1,0.0
Carrie Mae Weems · Multiple · 2025 Q3,Kitchen Table triptych,2025-08-09,Untracked,false,1,0,1,0.0
Carrie Mae Weems · Multiple · 2025 Q3,Kitchen Table triptych,2025-09-16,Untracked,false,1,0,1,0.0
Carrie Mae Weems · Multiple · 2025 Q3,Kitchen Table triptych,2026-01-16,Untracked,false,1,0,1,0.0
Carrie Mae Weems · Multiple · 2025 Q3,Kitchen Table triptych,2026-02-23,Referral Other,true,1,0,1,1.0
Carrie Mae Weems · Multiple · 2025 Q3,Untitled (Man and mirror),2025-07-21,Untracked,false,1,0,1,0.0
Carrie Mae Weems · Multiple · 2025 Q3,Untitled (Man and mirror),2025-07-22,Untracked,false,31,31,31,13.0
Carrie Mae Weems · Multiple · 2025 Q3,Untitled (Man and mirror),2025-07-23,Untracked,false,96,19,96,26.0
Carrie Mae Weems · Multiple · 2025 Q3,Untitled (Man and mirror),2025-07-24,Untracked,false,46,2,46,16.0
Carrie Mae Weems · Multiple · 2025 Q3,Untitled (Man and mirror),2025-07-25,Untracked,false,52,1,52,11.0
Carrie Mae Weems · Multiple · 2025 Q3,Untitled (Man and mirror),2025-07-28,Untracked,false,3,0,3,1.0
Carrie Mae Weems · Multiple · 2025 Q3,Untitled (Man and mirror),2025-07-29,Untracked,false,2,0,2,0.0
Carrie Mae Weems · Multiple · 2025 Q3,Untitled (Man and mirror),2025-07-30,Untracked,false,2,0,2,0.0
Carrie Mae Weems · Multiple · 2025 Q3,Untitled (Man and mirror),2025-07-31,Untracked,false,1,0,1,1.0
Carrie Mae Weems · Multiple · 2025 Q3,Untitled (Man and mirror),2025-08-05,Untracked,false,1,0,1,0.0
Carrie Mae Weems · Multiple · 2025 Q3,Untitled (Man and mirror),2025-08-28,Untracked,false,1,0,1,0.0
Carrie Mae Weems · Multiple · 2025 Q3,Untitled (Man and mirror),2025-10-13,Untracked,false,1,0,1,0.0
Carrie Mae Weems · Multiple · 2025 Q3,Untitled (Man and mirror),2025-10-29,Untracked,false,1,0,1,0.0
Carrie Mae Weems · Multiple · 2025 Q3,Untitled (Man and mirror),2025-11-03,Untracked,false,1,0,1,0.0
Carrie Mae Weems · Multiple · 2025 Q3,Untitled (Man and mirror),2025-11-17,Untracked,false,1,0,1,0.0
Carrie Mae Weems · Multiple · 2025 Q3,Untitled (Man and mirror),2025-11-26,Untracked,false,1,0,1,0.0
Carrie Mae Weems · Multiple · 2025 Q3,Untitled (Man and mirror),2026-02-12,Untracked,false,1,0,1,0.0
Carrie Mae Weems · Multiple · 2025 Q3,Untitled (Man and mirror),2026-02-24,Untracked,false,1,0,1,0.0
Carrie Mae Weems · Multiple · 2025 Q3,Untitled (Man and mirror),2026-04-21,Untracked,false,1,0,1,0.0
Carrie Mae Weems · Multiple · 2025 Q3,Untitled (Man and mirror),2026-05-06,Untracked,false,1,0,1,0.0
Carrie Mae Weems · Multiple · 2025 Q3,Untitled (Woman and phone),2025-07-22,Untracked,false,39,39,39,16.0
Carrie Mae Weems · Multiple · 2025 Q3,Untitled (Woman and phone),2025-07-23,Untracked,false,111,28,111,31.0
Carrie Mae Weems · Multiple · 2025 Q3,Untitled (Woman and phone),2025-07-24,Untracked,false,61,0,61,22.0
Carrie Mae Weems · Multiple · 2025 Q3,Untitled (Woman and phone),2025-07-25,Untracked,false,63,2,63,9.0
Carrie Mae Weems · Multiple · 2025 Q3,Untitled (Woman and phone),2025-07-28,Untracked,false,3,0,3,2.0
Carrie Mae Weems · Multiple · 2025 Q3,Untitled (Woman and phone),2025-07-29,Untracked,false,2,0,2,1.0
Carrie Mae Weems · Multiple · 2025 Q3,Untitled (Woman and phone),2025-07-30,Untracked,false,3,0,3,0.0
Carrie Mae Weems · Multiple · 2025 Q3,Untitled (Woman and phone),2025-07-31,Untracked,false,1,0,1,1.0
Carrie Mae Weems · Multiple · 2025 Q3,Untitled (Woman and phone),2025-08-08,Untracked,false,1,0,1,0.0
Carrie Mae Weems · Multiple · 2025 Q3,Untitled (Woman and phone),2025-08-19,Untracked,false,1,0,1,0.0
Carrie Mae Weems · Multiple · 2025 Q3,Untitled (Woman and phone),2025-08-28,Untracked,false,1,0,1,0.0
Carrie Mae Weems · Multiple · 2025 Q3,Untitled (Woman and phone),2025-10-13,Untracked,false,1,0,1,0.0
Carrie Mae Weems · Multiple · 2025 Q3,Untitled (Woman and phone),2025-10-29,Untracked,false,1,0,1,0.0
Carrie Mae Weems · Multiple · 2025 Q3,Untitled (Woman and phone),2025-11-17,Untracked,false,1,0,1,0.0
Carrie Mae Weems · Multiple · 2025 Q3,Untitled (Woman brushing hair),2025-07-02,Untracked,false,1,0,1,0.0
Carrie Mae Weems · Multiple · 2025 Q3,Untitled (Woman brushing hair),2025-07-14,Untracked,false,1,0,1,0.0
Carrie Mae Weems · Multiple · 2025 Q3,Untitled (Woman brushing hair),2025-07-22,Untracked,false,67,66,67,18.0
Carrie Mae Weems · Multiple · 2025 Q3,Untitled (Woman brushing hair),2025-07-23,Untracked,false,157,37,157,40.0
Carrie Mae Weems · Multiple · 2025 Q3,Untitled (Woman brushing hair),2025-07-24,Untracked,false,79,3,79,29.0
Carrie Mae Weems · Multiple · 2025 Q3,Untitled (Woman brushing hair),2025-07-25,Untracked,false,95,1,95,20.0
Carrie Mae Weems · Multiple · 2025 Q3,Untitled (Woman brushing hair),2025-07-28,Untracked,false,2,0,2,1.0
Carrie Mae Weems · Multiple · 2025 Q3,Untitled (Woman brushing hair),2025-07-30,Untracked,false,2,0,2,0.0
Carrie Mae Weems · Multiple · 2025 Q3,Untitled (Woman brushing hair),2025-07-31,Untracked,false,1,0,1,1.0
Carrie Mae Weems · Multiple · 2025 Q3,Untitled (Woman brushing hair),2025-08-01,Untracked,false,3,0,3,0.0
Carrie Mae Weems · Multiple · 2025 Q3,Untitled (Woman brushing hair),2025-08-04,Untracked,false,1,0,1,0.0
Carrie Mae Weems · Multiple · 2025 Q3,Untitled (Woman brushing hair),2025-08-05,Untracked,false,1,0,1,0.0
Carrie Mae Weems · Multiple · 2025 Q3,Untitled (Woman brushing hair),2025-08-07,Untracked,false,1,0,1,0.0
Carrie Mae Weems · Multiple · 2025 Q3,Untitled (Woman brushing hair),2025-08-21,Untracked,false,1,0,1,0.0
Carrie Mae Weems · Multiple · 2025 Q3,Untitled (Woman brushing hair),2025-08-28,Untracked,false,1,0,1,0.0
Carrie Mae Weems · Multiple · 2025 Q3,Untitled (Woman brushing hair),2025-10-13,Untracked,false,1,0,1,0.0
Carrie Mae Weems · Multiple · 2025 Q3,Untitled (Woman brushing hair),2025-10-29,Untracked,false,1,0,1,0.0
Carrie Mae Weems · Multiple · 2025 Q3,Untitled (Woman brushing hair),2025-11-17,Untracked,false,1,0,1,0.0
Carrie Mae Weems · Multiple · 2025 Q3,Untitled (Woman brushing hair),2025-11-26,Untracked,false,1,0,1,0.0
Carrie Mae Weems · Multiple · 2025 Q3,Untitled (Woman brushing hair),2025-12-19,Untracked,false,1,0,1,0.0
Carrie Mae Weems · Multiple · 2025 Q3,Untitled (Woman brushing hair),2025-12-31,Untracked,false,1,0,1,0.0
Carrie Mae Weems · Multiple · 2025 Q3,Untitled (Woman brushing hair),2026-01-22,Untracked,false,1,0,1,0.0
Carrie Mae Weems · Multiple · 2025 Q3,Untitled (Woman brushing hair),2026-01-26,Untracked,false,1,0,1,0.0
Carrie Mae Weems · Multiple · 2025 Q3,Untitled (Woman brushing hair),2026-02-28,Untracked,false,1,0,1,0.0
Carrie Mae Weems · Multiple · 2025 Q3,Untitled (Woman brushing hair),2026-03-24,Untracked,false,1,0,1,0.0
Carrie Mae Weems · Multiple · 2025 Q3,Untitled (Woman brushing hair),2026-04-20,Untracked,false,1,0,1,0.0
Carrie Mae Weems · Multiple · 2025 Q3,Untitled (Woman brushing hair),2026-09-24,Untracked,false,1,0,1,0.0
"Chris Huen Sin Kan · Joel, Tess and Haze · 2023 Q1","Joel, Tess and Haze",2023-02-10,untracked,true,1,1,1,0.0
"Chris Huen Sin Kan · Joel, Tess and Haze · 2023 Q1","Joel, Tess and Haze",2023-02-12,Direct,true,1,0,1,0.0
"Chris Huen Sin Kan · Joel, Tess and Haze · 2023 Q1","Joel, Tess and Haze",2023-02-16,Direct,true,1,0,1,0.0
"Chris Huen Sin Kan · Joel, Tess and Haze · 2023 Q1","Joel, Tess and Haze",2023-02-20,untracked,true,1,0,1,0.0
"Chris Huen Sin Kan · Joel, Tess and Haze · 2023 Q1","Joel, Tess and Haze",2023-03-04,Referral Other,true,1,0,1,0.0
"Chris Huen Sin Kan · Joel, Tess and Haze · 2023 Q1","Joel, Tess and Haze",2023-03-07,Referral Other,true,1,0,1,0.0
"Chris Huen Sin Kan · Joel, Tess and Haze · 2023 Q1","Joel, Tess and Haze",2023-03-11,Direct,true,1,0,1,0.0
"Chris Huen Sin Kan · Joel, Tess and Haze · 2023 Q1","Joel, Tess and Haze",2023-03-14,Direct,true,1,0,1,0.0
"Chris Huen Sin Kan · Joel, Tess and Haze · 2023 Q1","Joel, Tess and Haze",2023-03-20,Referral Artist,true,1,0,1,0.0
"Chris Huen Sin Kan · Joel, Tess and Haze · 2023 Q1","Joel, Tess and Haze",2023-03-21,Direct,true,3,0,3,0.0
"Chris Huen Sin Kan · Joel, Tess and Haze · 2023 Q1","Joel, Tess and Haze",2025-05-26,Referral Other,true,1,0,1,0.0
Chris Succo · Multiple · 2019 Q1,Daytona,2026-03-17,Untracked,false,1,0,0,0.0
Chris Succo · Multiple · 2019 Q1,Paul’s Backyard,2024-09-03,Untracked,false,1,0,0,0.0
Chris Succo · Multiple · 2019 Q1,Paul’s Backyard,2025-08-29,Untracked,false,1,0,0,0.0
Chris Succo · Multiple · 2019 Q1,Untitled [1185813],2023-01-16,Untracked,false,1,0,0,0.0
Chris Succo · Multiple · 2019 Q1,Untitled [1185813],2025-11-24,Untracked,false,1,0,0,0.0
Chris Succo · Multiple · 2019 Q1,Untitled [1185813],2026-01-06,Untracked,false,1,0,0,0.0
Christian Rex van Minnen · Multiple · 2023 Q2,Strawberry Tears,2023-05-22,Direct,true,1,0,0,0.0
Christian Rex van Minnen · Multiple · 2023 Q2,Strawberry Tears,2023-05-22,untracked,true,1,0,0,0.0
Christian Rex van Minnen · Multiple · 2023 Q2,Strawberry Tears,2023-05-25,untracked,true,1,0,0,0.0
Christian Rex van Minnen · Multiple · 2023 Q2,Strawberry Tears,2023-05-26,AA Email Man,true,1,1,0,0.0
Christian Rex van Minnen · Multiple · 2023 Q2,Strawberry Tears,2023-05-31,Direct,true,1,0,0,0.0
Christian Rex van Minnen · Multiple · 2023 Q2,Strawberry Tears,2023-05-31,untracked,true,1,0,0,0.0
Christian Rex van Minnen · Multiple · 2023 Q2,Strawberry Tears,2023-06-01,AA Meta,true,1,0,0,0.0
Christian Rex van Minnen · Multiple · 2023 Q2,Strawberry Tears,2023-06-02,untracked,true,2,0,0,0.0
Christian Rex van Minnen · Multiple · 2023 Q2,Strawberry Tears,2023-06-04,AA Meta,true,1,0,0,0.0
Christian Rex van Minnen · Multiple · 2023 Q2,Strawberry Tears,2023-06-05,Direct,true,1,0,0,0.0
Christian Rex van Minnen · Multiple · 2023 Q2,Strawberry Tears,2023-06-06,Direct,true,6,0,0,0.0
Christian Rex van Minnen · Multiple · 2023 Q2,Strawberry Tears,2023-06-06,Other,true,1,0,0,0.0
Christian Rex van Minnen · Multiple · 2023 Q2,Strawberry Tears,2023-06-06,Referral Artist,true,4,0,0,0.0
Christian Rex van Minnen · Multiple · 2023 Q2,Strawberry Tears,2023-06-06,Referral Other,true,2,0,0,0.0
Christian Rex van Minnen · Multiple · 2023 Q2,Strawberry Tears,2023-06-07,Direct,true,1,0,0,0.0
Christian Rex van Minnen · Multiple · 2023 Q4,Rainbow Bridge,2023-11-28,Untracked,false,40,40,0,0.0
Christian Rex van Minnen · Multiple · 2023 Q4,Rainbow Bridge,2023-11-28,untracked,true,1,0,0,0.0
Christian Rex van Minnen · Multiple · 2023 Q4,Rainbow Bridge,2023-11-29,Untracked,false,44,11,0,0.0
Christian Rex van Minnen · Multiple · 2023 Q4,Rainbow Bridge,2023-11-30,Untracked,false,41,2,0,0.0
Christian Rex van Minnen · Multiple · 2023 Q4,Rainbow Bridge,2023-12-14,Untracked,false,1,0,0,0.0
Christian Rex van Minnen · Multiple · 2023 Q4,Rainbow Bridge,2024-02-29,Untracked,false,3,0,0,0.0
Christian Rex van Minnen · Multiple · 2023 Q4,Rainbow Bridge,2024-04-09,Untracked,false,1,0,0,0.0
Christian Rex van Minnen · Multiple · 2023 Q4,Rainbow Bridge,2024-06-07,Untracked,false,1,0,0,0.0
Christian Rex van Minnen · Multiple · 2023 Q4,Rainbow Bridge,2024-10-18,Untracked,false,1,0,0,0.0
Christian Rex van Minnen · Parallax · 2022 Q1,Parallax,2024-06-14,Referral Other,true,1,0,0,0.0
Cindy Sherman · Untitled · 2025 Q4,Untitled,2025-11-01,Untracked,false,2,0,2,1.0
Cindy Sherman · Untitled · 2025 Q4,Untitled,2025-11-04,Untracked,false,2,0,2,0.0
Cindy Sherman · Untitled · 2025 Q4,Untitled,2025-11-05,Untracked,false,1,0,1,1.0
Cindy Sherman · Untitled · 2025 Q4,Untitled,2025-11-06,Untracked,false,1,0,1,0.0
Cindy Sherman · Untitled · 2025 Q4,Untitled,2025-11-08,Untracked,false,10,0,10,0.0
Cindy Sherman · Untitled · 2025 Q4,Untitled,2025-11-10,Untracked,false,132,130,132,51.0
Cindy Sherman · Untitled · 2025 Q4,Untitled,2025-11-11,Untracked,false,175,65,175,69.0
Cindy Sherman · Untitled · 2025 Q4,Untitled,2025-11-12,Untracked,false,62,0,62,18.0
Cindy Sherman · Untitled · 2025 Q4,Untitled,2025-11-13,Untracked,false,27,0,27,6.0
Cindy Sherman · Untitled · 2025 Q4,Untitled,2025-11-14,Untracked,false,28,0,28,15.0
Cindy Sherman · Untitled · 2025 Q4,Untitled,2025-11-15,Untracked,false,25,0,25,16.0
Cindy Sherman · Untitled · 2025 Q4,Untitled,2025-11-16,Untracked,false,24,0,24,6.0
Cindy Sherman · Untitled · 2025 Q4,Untitled,2025-11-17,Untracked,false,55,0,55,19.0
Cindy Sherman · Untitled · 2025 Q4,Untitled,2025-11-18,Untracked,false,63,0,63,14.0
Cindy Sherman · Untitled · 2025 Q4,Untitled,2025-11-19,Untracked,false,4,0,4,0.0
Cindy Sherman · Untitled · 2025 Q4,Untitled,2025-11-20,Untracked,false,1,0,1,0.0
Cindy Sherman · Untitled · 2025 Q4,Untitled,2025-11-24,Untracked,false,3,0,3,0.0
Cindy Sherman · Untitled · 2025 Q4,Untitled,2025-11-25,Untracked,false,1,0,1,0.0
Cindy Sherman · Untitled · 2025 Q4,Untitled,2025-11-27,Untracked,false,1,0,1,0.0
Cindy Sherman · Untitled · 2025 Q4,Untitled,2025-12-02,Untracked,false,3,0,3,0.0
Cindy Sherman · Untitled · 2025 Q4,Untitled,2025-12-04,Untracked,false,1,0,1,0.0
Cindy Sherman · Untitled · 2025 Q4,Untitled,2025-12-10,Untracked,false,1,0,1,0.0
Cindy Sherman · Untitled · 2025 Q4,Untitled,2026-01-06,Untracked,false,1,0,1,0.0
Cindy Sherman · Untitled · 2025 Q4,Untitled,2026-01-15,Untracked,false,2,0,2,1.0
Cindy Sherman · Untitled · 2025 Q4,Untitled,2026-01-19,Untracked,false,1,0,1,0.0
Cindy Sherman · Untitled · 2025 Q4,Untitled,2026-01-23,Untracked,false,1,0,1,0.0
Cindy Sherman · Untitled · 2025 Q4,Untitled,2026-01-27,Untracked,false,1,0,1,0.0
Cindy Sherman · Untitled · 2025 Q4,Untitled,2026-02-03,Untracked,false,1,0,1,0.0
Cindy Sherman · Untitled · 2025 Q4,Untitled,2026-02-05,Untracked,false,1,0,1,0.0
Cindy Sherman · Untitled · 2026 Q2,Untitled,2026-05-13,AA Email Man,true,14,14,14,8.0
Cindy Sherman · Untitled · 2026 Q2,Untitled,2026-05-13,Direct,true,2,1,2,1.0
Cindy Sherman · Untitled · 2026 Q2,Untitled,2026-05-13,Organic Search,true,2,2,2,0.0
Cindy Sherman · Untitled · 2026 Q2,Untitled,2026-05-13,Referral Other,true,49,49,49,26.0
Cindy Sherman · Untitled · 2026 Q2,Untitled,2026-05-13,untracked,true,3,3,3,1.0
Cindy Sherman · Untitled · 2026 Q2,Untitled,2026-05-14,AA Email Man,true,5,5,5,2.0
Cindy Sherman · Untitled · 2026 Q2,Untitled,2026-05-14,AA Meta,true,1,1,1,0.0
Cindy Sherman · Untitled · 2026 Q2,Untitled,2026-05-14,Direct,true,1,1,1,0.0
Cindy Sherman · Untitled · 2026 Q2,Untitled,2026-05-14,Referral Other,true,43,43,43,18.0
Cindy Sherman · Untitled · 2026 Q2,Untitled,2026-05-14,untracked,true,5,5,5,2.0
Cindy Sherman · Untitled · 2026 Q2,Untitled,2026-05-15,AA Email Auto,true,1,1,1,1.0
Cindy Sherman · Untitled · 2026 Q2,Untitled,2026-05-15,AA Email Man,true,2,1,2,1.0
Cindy Sherman · Untitled · 2026 Q2,Untitled,2026-05-15,Referral Other,true,10,10,10,2.0
Cindy Sherman · Untitled · 2026 Q2,Untitled,2026-05-15,untracked,true,1,1,1,0.0
Cindy Sherman · Untitled · 2026 Q2,Untitled,2026-05-18,AA Email Auto,true,23,0,23,14.0
Cindy Sherman · Untitled · 2026 Q2,Untitled,2026-05-18,AA Email Man,true,29,0,29,20.0
Cindy Sherman · Untitled · 2026 Q2,Untitled,2026-05-18,AA Meta,true,2,0,2,0.0
Cindy Sherman · Untitled · 2026 Q2,Untitled,2026-05-18,Direct,true,5,0,5,3.0
Cindy Sherman · Untitled · 2026 Q2,Untitled,2026-05-18,Organic Search,true,4,0,4,3.0
Cindy Sherman · Untitled · 2026 Q2,Untitled,2026-05-18,Referral Other,true,2,1,2,0.0
Cindy Sherman · Untitled · 2026 Q2,Untitled,2026-05-18,untracked,true,1,0,1,0.0
Cindy Sherman · Untitled · 2026 Q2,Untitled,2026-05-19,AA Email Auto,true,2,0,2,0.0
Cindy Sherman · Untitled · 2026 Q2,Untitled,2026-05-19,Direct,true,1,0,1,0.0
Cindy Sherman · Untitled · 2026 Q2,Untitled,2026-05-20,AA Email Auto,true,17,0,17,6.0
Cindy Sherman · Untitled · 2026 Q2,Untitled,2026-05-20,AA Email Man,true,23,0,23,8.0
Cindy Sherman · Untitled · 2026 Q2,Untitled,2026-05-20,AA Meta,true,1,0,1,1.0
Cindy Sherman · Untitled · 2026 Q2,Untitled,2026-05-20,Direct,true,2,0,2,2.0
Cindy Sherman · Untitled · 2026 Q2,Untitled,2026-05-20,Organic Search,true,3,0,3,1.0
Cindy Sherman · Untitled · 2026 Q2,Untitled,2026-05-20,Referral Other,true,1,0,1,0.0
Cindy Sherman · Untitled · 2026 Q2,Untitled,2026-05-21,Organic Search,true,1,0,1,0.0
Cindy Sherman · Untitled · 2026 Q2,Untitled,2026-05-22,AA Email Auto,true,7,0,7,5.0
Cindy Sherman · Untitled · 2026 Q2,Untitled,2026-05-22,AA Email Man,true,7,0,7,3.0
Cindy Sherman · Untitled · 2026 Q2,Untitled,2026-05-22,Direct,true,3,0,3,0.0
Cindy Sherman · Untitled · 2026 Q2,Untitled,2026-05-22,Organic Search,true,2,0,2,0.0
Cindy Sherman · Untitled · 2026 Q2,Untitled,2026-05-22,Referral Other,true,1,1,1,1.0
Cindy Sherman · Untitled · 2026 Q2,Untitled,2026-05-22,untracked,true,1,0,1,1.0
Cindy Sherman · Untitled · 2026 Q2,Untitled,2026-05-23,Referral Other,true,1,0,1,0.0
Cindy Sherman · Untitled · 2026 Q2,Untitled,2026-05-24,AA Email Auto,true,1,0,1,0.0
Cindy Sherman · Untitled · 2026 Q2,Untitled,2026-05-27,Direct,true,1,0,1,0.0
Cindy Sherman · Untitled · 2026 Q2,Untitled,2026-05-29,AA Email Auto,true,4,0,4,2.0
Cindy Sherman · Untitled · 2026 Q2,Untitled,2026-05-29,AA Email Man,true,5,0,5,2.0
Cindy Sherman · Untitled · 2026 Q2,Untitled,2026-05-29,Direct,true,3,0,3,1.0
Cindy Sherman · Untitled · 2026 Q2,Untitled,2026-05-29,Organic Search,true,4,0,4,2.0
Cindy Sherman · Untitled · 2026 Q2,Untitled,2026-05-29,Paid Social,true,2,0,2,1.0
Cindy Sherman · Untitled · 2026 Q2,Untitled,2026-05-29,Referral Other,true,1,0,1,1.0
Cindy Sherman · Untitled · 2026 Q2,Untitled,2026-05-31,AA Email Man,true,1,0,1,0.0
Cindy Sherman · Untitled · 2026 Q2,Untitled,2026-06-01,AA Email Auto,true,2,0,2,0.0
Cindy Sherman · Untitled · 2026 Q2,Untitled,2026-06-01,AA Meta,true,1,0,1,0.0
Cindy Sherman · Untitled · 2026 Q2,Untitled,2026-06-01,Direct,true,7,0,7,1.0
Cindy Sherman · Untitled · 2026 Q2,Untitled,2026-06-01,Organic Search,true,2,0,2,0.0
Cindy Sherman · Untitled · 2026 Q2,Untitled,2026-06-01,Paid Social,true,1,0,1,0.0
Cindy Sherman · Untitled · 2026 Q2,Untitled,2026-06-01,Referral Other,true,1,0,1,0.0
Cindy Sherman · Untitled · 2026 Q2,Untitled,2026-06-02,Direct,true,1,0,1,0.0
Cindy Sherman · Untitled · 2026 Q2,Untitled,2026-06-03,AA Email Auto,true,3,0,3,1.0
Cindy Sherman · Untitled · 2026 Q2,Untitled,2026-06-03,AA Email Man,true,1,0,1,0.0
Cindy Sherman · Untitled · 2026 Q2,Untitled,2026-06-03,Direct,true,1,0,1,1.0
Cindy Sherman · Untitled · 2026 Q2,Untitled,2026-06-03,Organic Search,true,1,0,1,0.0
Cindy Sherman · Untitled · 2026 Q2,Untitled,2026-06-03,untracked,true,1,0,1,0.0
Cindy Sherman · Untitled · 2026 Q2,Untitled,2026-06-04,AA Email Man,true,1,0,1,0.0
Cindy Sherman · Untitled · 2026 Q2,Untitled,2026-06-04,Direct,true,1,0,1,0.0
Cindy Sherman · Untitled · 2026 Q2,Untitled,2026-06-05,AA Email Auto,true,1,0,1,0.0
Cindy Sherman · Untitled · 2026 Q2,Untitled,2026-06-05,AA Email Man,true,4,0,4,2.0
Cindy Sherman · Untitled · 2026 Q2,Untitled,2026-06-05,Direct,true,1,0,1,0.0
Cindy Sherman · Untitled · 2026 Q2,Untitled,2026-06-05,Organic Search,true,1,0,1,1.0
Cindy Sherman · Untitled · 2026 Q2,Untitled,2026-06-05,Referral Artist,true,1,0,1,1.0
Cindy Sherman · Untitled · 2026 Q2,Untitled,2026-06-06,Organic Search,true,1,0,1,1.0
Cindy Sherman · Untitled · 2026 Q2,Untitled,2026-06-08,AA Email Man,true,3,0,3,2.0
Cindy Sherman · Untitled · 2026 Q2,Untitled,2026-06-08,Direct,true,2,0,2,1.0
Cindy Sherman · Untitled · 2026 Q2,Untitled,2026-06-08,Organic Search,true,2,0,2,1.0
Cindy Sherman · Untitled · 2026 Q2,Untitled,2026-06-08,Referral Other,true,1,0,1,1.0
Cindy Sherman · Untitled · 2026 Q2,Untitled,2026-06-09,AA Email Man,true,1,0,1,0.0
Cindy Sherman · Untitled · 2026 Q2,Untitled,2026-06-09,Direct,true,2,0,2,1.0
Cindy Sherman · Untitled · 2026 Q2,Untitled,2026-06-09,Referral Other,true,1,0,1,0.0
Cindy Sherman · Untitled · 2026 Q2,Untitled,2026-06-10,AA Email Auto,true,4,0,4,2.0
Cindy Sherman · Untitled · 2026 Q2,Untitled,2026-06-10,AA Email Man,true,66,0,66,35.0
Cindy Sherman · Untitled · 2026 Q2,Untitled,2026-06-10,AA Meta,true,3,0,3,2.0
Cindy Sherman · Untitled · 2026 Q2,Untitled,2026-06-10,Direct,true,11,0,11,7.0
Cindy Sherman · Untitled · 2026 Q2,Untitled,2026-06-10,Organic Search,true,6,0,6,3.0
Cindy Sherman · Untitled · 2026 Q2,Untitled,2026-06-10,Other,true,5,0,5,3.0
Cindy Sherman · Untitled · 2026 Q2,Untitled,2026-06-10,Paid Social,true,42,0,42,27.0
Cindy Sherman · Untitled · 2026 Q2,Untitled,2026-06-10,Referral Meta,true,1,0,1,0.0
Cindy Sherman · Untitled · 2026 Q2,Untitled,2026-06-10,Referral Other,true,5,0,5,3.0
Cindy Sherman · Untitled · 2026 Q2,Untitled,2026-06-10,untracked,true,3,0,3,1.0
Cindy Sherman · Untitled · 2026 Q2,Untitled,2026-06-12,Organic Search,true,1,0,1,0.0
Cindy Sherman · Untitled · 2026 Q2,Untitled,2026-06-12,untracked,true,1,0,1,0.0
Cindy Sherman · Untitled · 2026 Q2,Untitled,2026-06-22,Referral Other,true,1,0,1,1.0
Cindy Sherman · Untitled · 2026 Q2,Untitled,2026-07-16,Direct,true,1,0,1,0.0
Claire Silver · daydreamer · 2025 Q3,daydreamer,2025-07-11,Untracked,false,11,0,11,4.0
Claire Silver · daydreamer · 2025 Q3,daydreamer,2025-07-12,Untracked,false,4,0,4,0.0
Claire Silver · daydreamer · 2025 Q3,daydreamer,2025-07-15,Untracked,false,10,0,10,9.0
Claire Silver · daydreamer · 2025 Q3,daydreamer,2025-07-16,Untracked,false,4,0,4,3.0
Claire Silver · daydreamer · 2025 Q3,daydreamer,2025-07-18,Untracked,false,1,0,1,1.0
Claire Silver · daydreamer · 2025 Q3,daydreamer,2025-08-12,Untracked,false,2,0,2,1.0
Claire Silver · daydreamer · 2025 Q3,daydreamer,2025-08-22,Untracked,false,1,0,1,0.0
Claire Silver · daydreamer · 2025 Q3,daydreamer,2026-05-14,Untracked,false,1,0,1,1.0
Claire Tabouret · Paysage d’Intérieur (printemps) · 2024 Q4,Paysage d’Intérieur (printemps),2024-11-01,Direct,true,1,0,1,0.0
Claire Tabouret · Paysage d’Intérieur (printemps) · 2024 Q4,Paysage d’Intérieur (printemps),2024-11-02,Direct,true,1,0,1,0.0
Claire Tabouret · Paysage d’Intérieur (printemps) · 2024 Q4,Paysage d’Intérieur (printemps),2024-11-04,Direct,true,1,0,1,0.0
Claire Tabouret · Paysage d’Intérieur (printemps) · 2024 Q4,Paysage d’Intérieur (printemps),2024-11-17,Referral Other,true,1,0,1,0.0
Claire Tabouret · Paysage d’Intérieur (printemps) · 2024 Q4,Paysage d’Intérieur (printemps),2024-11-18,Referral Artist,true,1,1,1,0.0
Claire Tabouret · Paysage d’Intérieur (printemps) · 2024 Q4,Paysage d’Intérieur (printemps),2024-11-18,Referral Other,true,4,4,4,0.0
Claire Tabouret · Paysage d’Intérieur (printemps) · 2024 Q4,Paysage d’Intérieur (printemps),2024-11-19,AA Email Man,true,1,1,1,0.0
Claire Tabouret · Paysage d’Intérieur (printemps) · 2024 Q4,Paysage d’Intérieur (printemps),2024-11-19,Direct,true,2,0,2,0.0
Claire Tabouret · Paysage d’Intérieur (printemps) · 2024 Q4,Paysage d’Intérieur (printemps),2024-11-19,Referral Other,true,2,2,2,0.0
Claire Tabouret · Paysage d’Intérieur (printemps) · 2024 Q4,Paysage d’Intérieur (printemps),2024-11-19,untracked,true,1,1,1,0.0
Claire Tabouret · Paysage d’Intérieur (printemps) · 2024 Q4,Paysage d’Intérieur (printemps),2024-11-20,Organic Search,true,1,0,1,0.0
Claire Tabouret · Paysage d’Intérieur (printemps) · 2024 Q4,Paysage d’Intérieur (printemps),2024-11-20,Referral Other,true,2,2,2,0.0
Claire Tabouret · Paysage d’Intérieur (printemps) · 2024 Q4,Paysage d’Intérieur (printemps),2024-11-22,AA Email Man,true,1,1,1,0.0
Claire Tabouret · Paysage d’Intérieur (printemps) · 2024 Q4,Paysage d’Intérieur (printemps),2024-11-22,untracked,true,1,0,1,0.0
Claire Tabouret · Paysage d’Intérieur (printemps) · 2024 Q4,Paysage d’Intérieur (printemps),2024-11-24,Referral Other,true,1,1,1,0.0
Claire Tabouret · Paysage d’Intérieur (printemps) · 2024 Q4,Paysage d’Intérieur (printemps),2024-11-29,Direct,true,1,0,1,0.0
Claire Tabouret · Paysage d’Intérieur (printemps) · 2024 Q4,Paysage d’Intérieur (printemps),2024-12-02,untracked,true,2,0,2,0.0
Claire Tabouret · Paysage d’Intérieur (printemps) · 2024 Q4,Paysage d’Intérieur (printemps),2024-12-03,Direct,true,2,0,2,0.0
Claire Tabouret · Paysage d’Intérieur (printemps) · 2024 Q4,Paysage d’Intérieur (printemps),2024-12-09,Direct,true,2,0,2,0.0
Claire Tabouret · Paysage d’Intérieur (printemps) · 2024 Q4,Paysage d’Intérieur (printemps),2024-12-11,AA Email Man,true,3,0,3,0.0
Claire Tabouret · Paysage d’Intérieur (printemps) · 2024 Q4,Paysage d’Intérieur (printemps),2024-12-11,Direct,true,3,0,3,0.0
Claire Tabouret · Paysage d’Intérieur (printemps) · 2024 Q4,Paysage d’Intérieur (printemps),2024-12-11,Organic Search,true,3,0,3,0.0
Claire Tabouret · Paysage d’Intérieur (printemps) · 2024 Q4,Paysage d’Intérieur (printemps),2024-12-11,untracked,true,9,0,9,0.0
Claire Tabouret · Paysage d’Intérieur (printemps) · 2024 Q4,Paysage d’Intérieur (printemps),2024-12-17,untracked,true,2,0,2,0.0
Claire Tabouret · Paysage d’Intérieur (printemps) · 2024 Q4,Paysage d’Intérieur (printemps),2024-12-20,untracked,true,1,0,1,0.0
Claire Tabouret · Paysage d’Intérieur (printemps) · 2024 Q4,Paysage d’Intérieur (printemps),2024-12-23,Organic Search,true,1,0,1,0.0
Cleon Peterson · Multiple · 2023 Q3,Artist Bag (Cleon Peterson),2023-08-03,Untracked,false,59,0,0,0.0
Cleon Peterson · Multiple · 2023 Q3,Artist Bag (Cleon Peterson),2023-08-04,Untracked,false,26,0,0,0.0
Cleon Peterson · Multiple · 2023 Q3,Artist Bag (Cleon Peterson),2023-08-05,Untracked,false,2,0,0,0.0
Cleon Peterson · Multiple · 2023 Q3,Artist Bag (Cleon Peterson),2023-08-06,Untracked,false,4,0,0,0.0
Cleon Peterson · Multiple · 2023 Q3,Artist Bag (Cleon Peterson),2023-08-08,Untracked,false,2,0,0,0.0
Cleon Peterson · Multiple · 2023 Q3,Artist Bag (Cleon Peterson),2023-08-09,Untracked,false,2,0,0,0.0
Cleon Peterson · Multiple · 2023 Q3,Artist Bag (Cleon Peterson),2023-08-11,Untracked,false,1,0,0,0.0
Cleon Peterson · Multiple · 2023 Q3,Artist Bag (Cleon Peterson),2023-08-14,Untracked,false,1,0,0,0.0
Cleon Peterson · Multiple · 2023 Q3,Artist Bag (Cleon Peterson),2023-08-31,Untracked,false,1,0,0,0.0
Cleon Peterson · Multiple · 2023 Q3,Artist Bag (Cleon Peterson),2023-09-05,Untracked,false,1,0,0,0.0
Cleon Peterson · Multiple · 2023 Q3,Artist Bag (Cleon Peterson),2023-09-23,Untracked,false,1,0,0,0.0
Cleon Peterson · Multiple · 2023 Q3,Artist Bag (Cleon Peterson),2023-10-20,Untracked,false,3,0,0,0.0
Cleon Peterson · Multiple · 2023 Q3,Artist Bag (Cleon Peterson),2023-11-16,Untracked,false,1,0,0,0.0
Cleon Peterson · Multiple · 2023 Q3,Artist Bag (Cleon Peterson),2023-11-28,Untracked,false,1,0,0,0.0
Cleon Peterson · Multiple · 2023 Q3,Artist Bag (Cleon Peterson),2023-12-07,Untracked,false,1,0,0,0.0
Cleon Peterson · Multiple · 2023 Q3,Artist Bag (Cleon Peterson),2024-01-02,Untracked,false,1,0,0,0.0
Cleon Peterson · Multiple · 2023 Q3,Artist Bag (Cleon Peterson),2024-04-09,Untracked,false,2,0,0,0.0
Cleon Peterson · Multiple · 2023 Q3,Artist Bag (Cleon Peterson),2024-07-10,Untracked,false,1,0,0,0.0
Cleon Peterson · Multiple · 2023 Q3,Artist Bag (Cleon Peterson),2024-07-24,Untracked,false,1,0,0,0.0
Cleon Peterson · Multiple · 2023 Q3,Artist Bag (Cleon Peterson),2024-08-08,Untracked,false,1,0,0,0.0
Cleon Peterson · Multiple · 2023 Q3,Artist Bag (Cleon Peterson),2024-09-07,Untracked,false,1,0,0,0.0
Cleon Peterson · Multiple · 2023 Q3,Artist Bag (Cleon Peterson),2025-01-23,Untracked,false,1,0,0,0.0
Cleon Peterson · Multiple · 2023 Q3,Artist Bag (Cleon Peterson),2025-04-08,Untracked,false,2,0,0,0.0
Cleon Peterson · Multiple · 2023 Q3,Artist Bag (Cleon Peterson),2025-05-22,Untracked,false,1,0,0,0.0
Cleon Peterson · Multiple · 2023 Q3,Artist Bag (Cleon Peterson),2025-07-10,Untracked,false,1,0,0,0.0
Cleon Peterson · Multiple · 2023 Q3,Artist Bag (Cleon Peterson),2025-09-15,Untracked,false,1,0,0,0.0
Cleon Peterson · Multiple · 2023 Q3,Artist Bag (Cleon Peterson),2025-09-18,Untracked,false,3,0,0,0.0
Cleon Peterson · Multiple · 2023 Q3,Artist Bag (Cleon Peterson),2025-09-19,Untracked,false,1,0,0,0.0
Cleon Peterson · Multiple · 2023 Q3,Artist Bag (Cleon Peterson),2025-09-22,Untracked,false,2,0,0,0.0
Cleon Peterson · Multiple · 2023 Q3,Artist Bag (Cleon Peterson),2025-09-27,Untracked,false,1,0,0,0.0
Cleon Peterson · Multiple · 2023 Q3,Artist Bag (Cleon Peterson),2025-11-05,Untracked,false,1,0,0,0.0
Cleon Peterson · Multiple · 2023 Q3,Artist Bag (Cleon Peterson),2025-11-10,Untracked,false,1,0,0,0.0
Cleon Peterson · Multiple · 2023 Q3,Artist Bag (Cleon Peterson),2026-08-23,Untracked,false,1,0,0,0.0
Cleon Peterson · Multiple · 2023 Q3,Artist Bag (Cleon Peterson),2026-09-23,Untracked,false,1,0,0,0.0
Cleon Peterson · Shame · 2025 Q3,Shame,2025-08-19,Untracked,false,3,0,0,0.0
Cleon Peterson · Shame · 2025 Q3,Shame,2025-08-23,Referral Other,true,1,0,0,0.0
Cleon Peterson · Shame · 2025 Q3,Shame,2025-08-29,Untracked,false,1,0,0,0.0
Cleon Peterson · Shame · 2025 Q3,Shame,2025-09-01,Untracked,false,1,0,0,0.0
Cleon Peterson · Shame · 2025 Q3,Shame,2025-09-02,Untracked,false,1,0,0,0.0
Cleon Peterson · Shame · 2025 Q3,Shame,2025-09-09,Untracked,false,2,0,0,0.0
Cleon Peterson · Shame · 2025 Q3,Shame,2025-09-11,Untracked,false,1,0,0,0.0
Cleon Peterson · Shame · 2025 Q3,Shame,2025-09-14,Untracked,false,42,42,0,0.0
Cleon Peterson · Shame · 2025 Q3,Shame,2025-09-15,Untracked,false,21,21,0,0.0
Cleon Peterson · Shame · 2025 Q3,Shame,2025-09-16,Untracked,false,49,49,0,0.0
Cleon Peterson · Shame · 2025 Q3,Shame,2025-09-17,Untracked,false,77,23,0,0.0
Cleon Peterson · Shame · 2025 Q3,Shame,2025-09-18,Untracked,false,46,2,0,0.0
Cleon Peterson · Shame · 2025 Q3,Shame,2025-09-19,Untracked,false,28,1,0,0.0
Cleon Peterson · Shame · 2025 Q3,Shame,2025-09-23,Untracked,false,1,0,0,0.0
Cleon Peterson · Shame · 2025 Q3,Shame,2025-09-25,Untracked,false,1,0,0,0.0
Cleon Peterson · Shame · 2025 Q3,Shame,2025-09-29,Untracked,false,1,0,0,0.0
Cleon Peterson · Shame · 2025 Q3,Shame,2025-10-08,Untracked,false,1,0,0,0.0
Cleon Peterson · Shame · 2025 Q3,Shame,2026-01-13,Untracked,false,1,0,0,0.0
Cristina de Miguel · Tentacular Thinking · 2024 Q3,Tentacular Thinking,2024-08-09,Referral Meta,true,1,0,1,1.0
Cristina de Miguel · Tentacular Thinking · 2024 Q3,Tentacular Thinking,2024-08-09,untracked,true,1,0,1,1.0
Cristina de Miguel · Tentacular Thinking · 2024 Q3,Tentacular Thinking,2024-08-22,Direct,true,1,0,1,0.0
Cristina de Miguel · Tentacular Thinking · 2024 Q3,Tentacular Thinking,2024-08-30,Referral Meta,true,1,0,1,0.0
Cristina de Miguel · Tentacular Thinking · 2024 Q3,Tentacular Thinking,2024-09-10,Referral Other,true,1,0,1,1.0
Cristina de Miguel · Tentacular Thinking · 2024 Q3,Tentacular Thinking,2024-12-20,Organic Search,true,1,0,1,1.0
Cristina de Miguel · Tentacular Thinking · 2024 Q3,Tentacular Thinking,2025-06-04,untracked,true,1,0,1,1.0
CryptoPunks · Multiple · 2023 Q4,"10,000 On-Chain",2023-10-26,Untracked,false,312,0,0,0.0
CryptoPunks · Multiple · 2023 Q4,"10,000 On-Chain",2023-10-27,Untracked,false,221,0,0,0.0
CryptoPunks · Multiple · 2023 Q4,"10,000 On-Chain",2023-10-28,Untracked,false,266,0,0,0.0
CryptoPunks · Multiple · 2023 Q4,"10,000 On-Chain",2023-10-29,Untracked,false,8,0,0,0.0
CryptoPunks · Multiple · 2023 Q4,"10,000 On-Chain",2023-10-30,Untracked,false,10,0,0,0.0
CryptoPunks · Multiple · 2023 Q4,"10,000 On-Chain",2023-10-31,Untracked,false,3,0,0,0.0
CryptoPunks · Multiple · 2023 Q4,"10,000 On-Chain",2023-11-01,Untracked,false,1,0,0,0.0
CryptoPunks · Multiple · 2023 Q4,"10,000 On-Chain",2023-11-03,Untracked,false,1,0,0,0.0
CryptoPunks · Multiple · 2023 Q4,"10,000 On-Chain",2023-11-08,Untracked,false,2,0,0,0.0
CryptoPunks · Multiple · 2023 Q4,"10,000 On-Chain",2023-11-17,Untracked,false,1,0,0,0.0
CryptoPunks · Multiple · 2023 Q4,"10,000 On-Chain",2023-12-21,Untracked,false,1,0,0,0.0
CryptoPunks · Multiple · 2023 Q4,"10,000 On-Chain",2024-07-25,Untracked,false,1,0,0,0.0
CryptoPunks · Multiple · 2023 Q4,"10,000 On-Chain",2024-09-24,Untracked,false,1,0,0,0.0
CryptoPunks · Multiple · 2023 Q4,"10,000 On-Chain",2024-12-03,Untracked,false,1,0,0,0.0
CryptoPunks · Multiple · 2023 Q4,"10,000 On-Chain",2025-01-03,Untracked,false,1,0,0,0.0
CryptoPunks · Multiple · 2023 Q4,"10,000 On-Chain",2025-05-29,Untracked,false,1,0,0,0.0
CryptoPunks · Multiple · 2023 Q4,"10,000 On-Chain",2025-07-22,Untracked,false,1,0,0,0.0
CryptoPunks · Multiple · 2023 Q4,"10,000 On-Chain AP",2023-10-26,Untracked,false,1,0,0,0.0
CryptoPunks · Multiple · 2023 Q4,"10,000 On-Chain AP",2024-12-10,Untracked,false,1,0,0,0.0
CryptoPunks · Multiple · 2023 Q4,"10,000 On-Chain AP",2025-02-22,Untracked,false,1,0,0,0.0
CryptoPunks · Multiple · 2023 Q4,"10,000 On-Chain AP",2025-03-16,Untracked,false,1,0,0,0.0
CryptoPunks · Multiple · 2023 Q4,Punk On-Chain,2023-10-26,Untracked,false,79,0,0,0.0
CryptoPunks · Multiple · 2023 Q4,Punk On-Chain,2023-10-27,Untracked,false,114,0,0,0.0
CryptoPunks · Multiple · 2023 Q4,Punk On-Chain,2023-10-28,Untracked,false,59,0,0,0.0
CryptoPunks · Multiple · 2023 Q4,Punk On-Chain Manual,2023-10-25,Untracked,false,4,0,0,0.0
CryptoPunks · Multiple · 2023 Q4,Punk On-Chain Manual,2023-10-26,Untracked,false,2,0,0,0.0
CryptoPunks · Multiple · 2023 Q4,Punk On-Chain Manual,2023-10-27,Untracked,false,5,0,0,0.0
CryptoPunks · Multiple · 2023 Q4,Punk On-Chain Manual,2023-10-28,Untracked,false,8,0,0,0.0
CryptoPunks · Multiple · 2023 Q4,Punk On-Chain Manual,2023-10-29,Untracked,false,6,0,0,0.0
CryptoPunks · Multiple · 2023 Q4,Punk On-Chain Manual,2023-10-30,Untracked,false,4,0,0,0.0
CryptoPunks · Multiple · 2023 Q4,Punk On-Chain Manual,2023-10-31,Untracked,false,1,0,0,0.0
CryptoPunks · Multiple · 2023 Q4,Punk On-Chain Manual,2023-11-22,Untracked,false,1,0,0,0.0
Cui Jie · Shanghai Federation of Industry & Commerce Building · 2023 Q4,Shanghai Federation of Industry & Commerce Building,2023-10-19,untracked,true,1,0,1,0.0
Cui Jie · Shanghai Federation of Industry & Commerce Building · 2023 Q4,Shanghai Federation of Industry & Commerce Building,2023-11-02,AA Email Man,true,1,0,1,0.0
Cui Jie · Shanghai Federation of Industry & Commerce Building · 2023 Q4,Shanghai Federation of Industry & Commerce Building,2023-11-06,AA Email Man,true,2,0,2,0.0
Cui Jie · Shanghai Federation of Industry & Commerce Building · 2023 Q4,Shanghai Federation of Industry & Commerce Building,2023-11-10,Organic Search,true,2,0,2,0.0
Cui Jie · Shanghai Federation of Industry & Commerce Building · 2023 Q4,Shanghai Federation of Industry & Commerce Building,2023-11-10,untracked,true,1,0,1,1.0
Cui Jie · Shanghai Federation of Industry & Commerce Building · 2023 Q4,Shanghai Federation of Industry & Commerce Building,2023-11-11,Referral Other,true,1,0,1,0.0
Cui Jie · Shanghai Federation of Industry & Commerce Building · 2023 Q4,Shanghai Federation of Industry & Commerce Building,2023-11-13,Referral Other,true,1,0,1,0.0
Cui Jie · Shanghai Federation of Industry & Commerce Building · 2023 Q4,Shanghai Federation of Industry & Commerce Building,2024-07-20,Organic Search,true,1,0,1,0.0
Cui Jie · Shanghai Federation of Industry & Commerce Building · 2023 Q4,Shanghai Federation of Industry & Commerce Building,2025-01-03,Referral Other,true,1,0,1,0.0
Cui Jie · Shanghai Federation of Industry & Commerce Building · 2023 Q4,Shanghai Federation of Industry & Commerce Building,2025-04-04,Referral Other,true,1,0,1,0.0
Cui Jie · Shanghai Federation of Industry & Commerce Building · 2023 Q4,Shanghai Federation of Industry & Commerce Building,2026-03-31,Referral Other,true,1,0,1,1.0
DRIFT · Another Future · 2020 Q3,Another Future,2023-06-12,Untracked,false,1,0,0,0.0
DRIFT · Proto Nature I · 2026 Q1,Proto Nature I,2026-02-25,AA Email Man,true,1,0,0,0.0
DRIFT · Proto Nature I · 2026 Q1,Proto Nature I,2026-02-25,Direct,true,1,0,0,0.0
DRIFT · Proto Nature I · 2026 Q1,Proto Nature I,2026-02-25,Referral Artist,true,1,0,0,0.0
DRIFT · Proto Nature I · 2026 Q1,Proto Nature I,2026-02-26,AA Email Man,true,1,0,0,0.0
DRIFT · Proto Nature I · 2026 Q1,Proto Nature I,2026-03-02,AA Email Man,true,2,0,0,0.0
DRIFT · Proto Nature I · 2026 Q1,Proto Nature I,2026-03-05,AA Email Man,true,1,0,0,0.0
DRIFT · Proto Nature I · 2026 Q1,Proto Nature I,2026-03-05,Direct,true,1,0,0,0.0
DRIFT · Proto Nature I · 2026 Q1,Proto Nature I,2026-03-05,Organic Search,true,1,0,0,0.0
DRIFT · Proto Nature I · 2026 Q1,Proto Nature I,2026-03-09,Referral Artist,true,2,0,0,0.0
DRIFT · Proto Nature I · 2026 Q1,Proto Nature I,2026-03-16,Referral Other,true,1,0,0,0.0
DRIFT · Proto Nature I · 2026 Q1,Proto Nature I,2026-03-19,AA Email Man,true,3,0,0,0.0
DRIFT · Proto Nature I · 2026 Q1,Proto Nature I,2026-03-19,Organic Search,true,1,0,0,0.0
DRIFT · Proto Nature I · 2026 Q1,Proto Nature I,2026-03-19,Referral Artist,true,1,0,0,0.0
DRIFT · Proto Nature I · 2026 Q1,Proto Nature I,2026-03-19,untracked,true,1,0,0,0.0
DRIFT · Proto Nature I · 2026 Q1,Proto Nature I,2026-04-04,Referral Other,true,1,0,0,0.0
DRIFT · Proto Nature I · 2026 Q1,Proto Nature I,2026-04-08,Referral Other,true,1,0,0,0.0
DRIFT · Proto Nature I · 2026 Q1,Proto Nature I,2026-04-14,Referral Other,true,1,0,0,0.0
DRIFT · Proto Nature I · 2026 Q1,Proto Nature I,2026-04-17,Referral Other,true,1,0,0,0.0
Danielle Mckinney · Dream Catcher · 2023 Q1,Dream Catcher,2023-01-10,Direct,true,1,0,0,0.0
Danielle Mckinney · Dream Catcher · 2023 Q1,Dream Catcher,2023-01-11,AA Meta,true,1,0,0,0.0
Danielle Mckinney · Dream Catcher · 2023 Q1,Dream Catcher,2023-01-11,Direct,true,2,0,0,0.0
Danielle Mckinney · Dream Catcher · 2023 Q1,Dream Catcher,2023-01-12,Direct,true,1,0,0,0.0
Danielle Mckinney · Dream Catcher · 2023 Q1,Dream Catcher,2023-01-12,Referral Artist,true,1,0,0,0.0
Danielle Mckinney · Dream Catcher · 2023 Q1,Dream Catcher,2023-01-12,untracked,true,1,0,0,0.0
Danielle Mckinney · Dream Catcher · 2023 Q1,Dream Catcher,2023-01-13,Referral Artist,true,1,0,0,0.0
Danielle Mckinney · Dream Catcher · 2023 Q1,Dream Catcher,2023-01-13,untracked,true,1,0,0,0.0
Danielle Mckinney · Dream Catcher · 2023 Q1,Dream Catcher,2023-01-14,AA Email Man,true,1,1,0,0.0
Danielle Mckinney · Dream Catcher · 2023 Q1,Dream Catcher,2023-01-15,untracked,true,1,0,0,0.0
Danielle Mckinney · Dream Catcher · 2023 Q1,Dream Catcher,2023-01-16,Direct,true,1,0,0,0.0
Danielle Mckinney · Dream Catcher · 2023 Q1,Dream Catcher,2023-01-16,Referral Artist,true,1,0,0,0.0
Danielle Mckinney · Dream Catcher · 2023 Q1,Dream Catcher,2023-01-17,Direct,true,1,0,0,0.0
Danielle Mckinney · Dream Catcher · 2023 Q1,Dream Catcher,2023-01-17,untracked,true,1,0,0,0.0
Danielle Mckinney · Dream Catcher · 2023 Q1,Dream Catcher,2023-01-18,Direct,true,1,0,0,0.0
Danielle Mckinney · Dream Catcher · 2023 Q1,Dream Catcher,2023-01-20,AA Meta,true,1,0,0,0.0
Danielle Mckinney · Dream Catcher · 2023 Q1,Dream Catcher,2023-01-24,untracked,true,1,0,0,0.0
Danielle Mckinney · Dream Catcher · 2023 Q1,Dream Catcher,2023-01-27,AA Meta,true,1,0,0,0.0
Danielle Mckinney · Dream Catcher · 2023 Q1,Dream Catcher,2023-01-27,Direct,true,2,2,0,0.0
Danielle Mckinney · Dream Catcher · 2023 Q1,Dream Catcher,2023-01-27,Organic Search,true,2,1,0,0.0
Danielle Mckinney · Dream Catcher · 2023 Q1,Dream Catcher,2023-01-30,AA Email Man,true,2,0,0,0.0
Danielle Mckinney · Dream Catcher · 2023 Q1,Dream Catcher,2023-01-30,Direct,true,2,0,0,0.0
Danielle Mckinney · Dream Catcher · 2023 Q1,Dream Catcher,2023-01-30,Organic Search,true,1,0,0,0.0
Danielle Mckinney · Dream Catcher · 2023 Q1,Dream Catcher,2023-01-30,Referral Artist,true,1,0,0,0.0
Danielle Mckinney · Dream Catcher · 2023 Q1,Dream Catcher,2023-02-02,Direct,true,1,0,0,0.0
Danielle Mckinney · Sandman · 2025 Q1,Sandman,2025-01-06,Untracked,false,1,0,1,0.0
Danielle Mckinney · Sandman · 2025 Q1,Sandman,2025-01-07,Untracked,false,7,0,7,3.0
Danielle Mckinney · Sandman · 2025 Q1,Sandman,2025-01-08,Untracked,false,27,0,27,4.0
Danielle Mckinney · Sandman · 2025 Q1,Sandman,2025-01-10,Untracked,false,1,0,1,1.0
Danielle Mckinney · Sandman · 2025 Q1,Sandman,2025-01-16,Untracked,false,29,27,29,9.0
Danielle Mckinney · Sandman · 2025 Q1,Sandman,2025-01-17,Untracked,false,8,6,8,2.0
Danielle Mckinney · Sandman · 2025 Q1,Sandman,2025-01-20,Untracked,false,2,0,2,1.0
Danielle Mckinney · Sandman · 2025 Q1,Sandman,2025-01-21,Untracked,false,3,0,3,2.0
Danielle Mckinney · Sandman · 2025 Q1,Sandman,2025-01-23,Untracked,false,642,0,642,238.0
Danielle Mckinney · Sandman · 2025 Q1,Sandman,2025-01-24,Untracked,false,404,0,404,124.0
Danielle Mckinney · Sandman · 2025 Q1,Sandman,2025-01-26,Untracked,false,1,0,1,0.0
Danielle Mckinney · Sandman · 2025 Q1,Sandman,2025-01-27,Untracked,false,10,0,10,2.0
Danielle Mckinney · Sandman · 2025 Q1,Sandman,2025-01-28,Untracked,false,7,0,7,1.0
Danielle Mckinney · Sandman · 2025 Q1,Sandman,2025-01-29,Untracked,false,6,0,6,2.0
Danielle Mckinney · Sandman · 2025 Q1,Sandman,2025-01-30,Untracked,false,3,0,3,2.0
Danielle Mckinney · Sandman · 2025 Q1,Sandman,2025-01-31,Untracked,false,1,0,1,0.0
Danielle Mckinney · Sandman · 2025 Q1,Sandman,2025-02-01,Untracked,false,2,0,2,0.0
Danielle Mckinney · Sandman · 2025 Q1,Sandman,2025-02-03,Untracked,false,3,0,3,0.0
Danielle Mckinney · Sandman · 2025 Q1,Sandman,2025-02-04,Untracked,false,3,0,3,0.0
Danielle Mckinney · Sandman · 2025 Q1,Sandman,2025-02-07,Untracked,false,1,0,1,0.0
Danielle Mckinney · Sandman · 2025 Q1,Sandman,2025-02-10,Untracked,false,3,0,3,0.0
Danielle Mckinney · Sandman · 2025 Q1,Sandman,2025-02-12,Untracked,false,1,0,1,0.0
Danielle Mckinney · Sandman · 2025 Q1,Sandman,2025-02-13,Untracked,false,1,0,1,0.0
Danielle Mckinney · Sandman · 2025 Q1,Sandman,2025-02-19,Untracked,false,1,0,1,0.0
Danielle Mckinney · Sandman · 2025 Q1,Sandman,2025-02-20,Untracked,false,1,0,1,0.0
Danielle Mckinney · Sandman · 2025 Q1,Sandman,2025-02-24,Untracked,false,1,0,1,0.0
Danielle Mckinney · Sandman · 2025 Q1,Sandman,2025-03-10,Untracked,false,1,0,1,0.0
Danielle Mckinney · Sandman · 2025 Q1,Sandman,2025-03-25,Untracked,false,1,0,1,1.0
Danielle Mckinney · Sandman · 2025 Q1,Sandman,2025-03-26,Untracked,false,1,0,1,0.0
Danielle Mckinney · Sandman · 2025 Q1,Sandman,2025-04-10,Untracked,false,1,0,1,0.0
Danielle Mckinney · Sandman · 2025 Q1,Sandman,2025-07-16,Untracked,false,1,0,1,0.0
Danielle Mckinney · Sandman · 2025 Q1,Sandman,2025-09-26,Untracked,false,1,0,1,0.0
Danielle Mckinney · Sandman · 2025 Q1,Sandman,2026-01-26,Untracked,false,1,0,1,1.0
Danielle Mckinney · Shelter · 2024 Q3,Shelter,2024-08-20,Direct,true,1,0,1,1.0
Danielle Mckinney · Shelter · 2024 Q3,Shelter,2024-08-21,untracked,true,5,0,5,1.0
Danielle Mckinney · Shelter · 2024 Q3,Shelter,2024-08-22,AA Email Man,true,1,0,1,1.0
Danielle Mckinney · Shelter · 2024 Q3,Shelter,2024-08-22,Direct,true,1,0,1,0.0
Danielle Mckinney · Shelter · 2024 Q3,Shelter,2024-08-22,Organic Search,true,2,0,2,1.0
Danielle Mckinney · Shelter · 2024 Q3,Shelter,2024-08-22,untracked,true,5,0,5,4.0
Danielle Mckinney · Shelter · 2024 Q3,Shelter,2024-08-23,AA Email Man,true,1,1,1,0.0
Danielle Mckinney · Shelter · 2024 Q3,Shelter,2024-08-23,AA Meta,true,1,0,1,0.0
Danielle Mckinney · Shelter · 2024 Q3,Shelter,2024-08-23,Direct,true,1,0,1,1.0
Danielle Mckinney · Shelter · 2024 Q3,Shelter,2024-08-23,Referral Other,true,1,1,1,0.0
Danielle Mckinney · Shelter · 2024 Q3,Shelter,2024-08-23,untracked,true,3,1,3,1.0
Danielle Mckinney · Shelter · 2024 Q3,Shelter,2024-08-24,Referral Artist,true,1,0,1,0.0
Danielle Mckinney · Shelter · 2024 Q3,Shelter,2024-08-27,AA Meta,true,1,0,1,1.0
Danielle Mckinney · Shelter · 2024 Q3,Shelter,2024-08-27,Direct,true,1,0,1,0.0
Danielle Mckinney · Shelter · 2024 Q3,Shelter,2024-08-27,Organic Search,true,2,2,2,0.0
Danielle Mckinney · Shelter · 2024 Q3,Shelter,2024-08-28,Direct,true,1,0,1,0.0
Danielle Mckinney · Shelter · 2024 Q3,Shelter,2024-08-28,Organic Search,true,1,0,1,0.0
Danielle Mckinney · Shelter · 2024 Q3,Shelter,2024-08-28,untracked,true,1,0,1,1.0
Danielle Mckinney · Shelter · 2024 Q3,Shelter,2024-08-29,AA Email Man,true,2,1,2,1.0
Danielle Mckinney · Shelter · 2024 Q3,Shelter,2024-08-29,Referral Other,true,3,3,3,2.0
Danielle Mckinney · Shelter · 2024 Q3,Shelter,2024-08-30,Direct,true,1,1,1,0.0
Danielle Mckinney · Shelter · 2024 Q3,Shelter,2024-08-30,untracked,true,1,0,1,1.0
Danielle Mckinney · Shelter · 2024 Q3,Shelter,2024-09-01,Direct,true,2,0,2,0.0
Danielle Mckinney · Shelter · 2024 Q3,Shelter,2024-09-01,Referral Other,true,1,0,1,0.0
Danielle Mckinney · Shelter · 2024 Q3,Shelter,2024-09-03,Direct,true,2,0,2,1.0
Danielle Mckinney · Shelter · 2024 Q3,Shelter,2024-09-03,Organic Search,true,1,0,1,1.0
Danielle Mckinney · Shelter · 2024 Q3,Shelter,2024-09-03,Referral Artist,true,1,0,1,0.0
Danielle Mckinney · Shelter · 2024 Q3,Shelter,2024-09-04,AA Email Man,true,1,0,1,0.0
Danielle Mckinney · Shelter · 2024 Q3,Shelter,2024-09-04,Direct,true,1,0,1,1.0
Danielle Mckinney · Shelter · 2024 Q3,Shelter,2024-09-05,Direct,true,1,0,1,0.0
Danielle Mckinney · Shelter · 2024 Q3,Shelter,2024-09-06,AA Email Man,true,2,0,2,1.0
Danielle Mckinney · Shelter · 2024 Q3,Shelter,2024-09-06,Direct,true,2,0,2,0.0
Danielle Mckinney · Shelter · 2024 Q3,Shelter,2024-09-09,AA Email Auto,true,1,0,1,0.0
Danielle Mckinney · Shelter · 2024 Q3,Shelter,2024-09-09,Organic Search,true,2,0,2,1.0
Danielle Mckinney · Shelter · 2024 Q3,Shelter,2024-09-09,Referral Artist,true,2,0,2,0.0
Danielle Mckinney · Shelter · 2024 Q3,Shelter,2024-09-10,AA Email Man,true,1,0,1,0.0
Danielle Mckinney · Shelter · 2024 Q3,Shelter,2024-09-10,Direct,true,1,0,1,1.0
Danielle Mckinney · Shelter · 2024 Q3,Shelter,2024-09-10,Organic Search,true,1,0,1,0.0
Danielle Mckinney · Shelter · 2024 Q3,Shelter,2024-09-10,Referral Artist,true,1,0,1,1.0
Danielle Mckinney · Shelter · 2024 Q3,Shelter,2024-09-11,AA Email Man,true,7,0,7,2.0
Danielle Mckinney · Shelter · 2024 Q3,Shelter,2024-09-11,AA Meta,true,1,0,1,1.0
Danielle Mckinney · Shelter · 2024 Q3,Shelter,2024-09-11,Direct,true,12,0,12,6.0
Danielle Mckinney · Shelter · 2024 Q3,Shelter,2024-09-11,Organic Search,true,4,0,4,3.0
Danielle Mckinney · Shelter · 2024 Q3,Shelter,2024-09-11,Referral Artist,true,9,0,9,5.0
Danielle Mckinney · Shelter · 2024 Q3,Shelter,2024-09-11,Referral Other,true,1,0,1,0.0
Danielle Mckinney · Shelter · 2024 Q3,Shelter,2024-09-12,AA Email Man,true,1,0,1,0.0
Danielle Mckinney · Shelter · 2024 Q3,Shelter,2024-09-12,Direct,true,1,0,1,0.0
Danielle Mckinney · Shelter · 2024 Q3,Shelter,2024-09-12,Organic Search,true,1,0,1,0.0
Danielle Mckinney · Shelter · 2024 Q3,Shelter,2024-09-17,untracked,true,1,0,1,0.0
Danielle Mckinney · Shelter · 2024 Q3,Shelter,2024-10-02,Direct,true,1,0,1,0.0
Danielle Mckinney · Shelter · 2024 Q3,Shelter,2024-10-07,Direct,true,1,0,1,1.0
Danielle Mckinney · Shelter · 2024 Q3,Shelter,2024-10-10,Direct,true,1,0,1,0.0
Danielle Mckinney · Shelter · 2024 Q3,Shelter,2025-10-06,untracked,true,1,0,1,0.0
DeeKay · Love Ripples · 2024 Q1,Love Ripples,2024-02-08,Direct,true,1,0,0,0.0
DeeKay · Love Ripples · 2024 Q1,Love Ripples,2024-02-08,Organic Search,true,1,0,0,0.0
DeeKay · Love Ripples · 2024 Q1,Love Ripples,2024-02-12,AA X,true,1,0,0,0.0
DeeKay · Love Ripples · 2024 Q1,Love Ripples,2024-02-12,Direct,true,3,0,0,0.0
DeeKay · Love Ripples · 2024 Q1,Love Ripples,2024-02-12,Organic Search,true,1,0,0,0.0
DeeKay · Love Ripples · 2024 Q1,Love Ripples,2024-02-12,untracked,true,2,0,0,0.0
DeeKay · Love Ripples · 2024 Q1,Love Ripples,2024-02-13,Direct,true,3,0,0,0.0
DeeKay · Love Ripples · 2024 Q1,Love Ripples,2024-02-13,Referral X,true,1,0,0,0.0
DeeKay · Love Ripples · 2024 Q1,Love Ripples,2024-02-13,untracked,true,3,0,0,0.0
DeeKay · Love Ripples · 2024 Q1,Love Ripples,2024-02-14,AA X,true,2,0,0,0.0
DeeKay · Love Ripples · 2024 Q1,Love Ripples,2024-02-14,Organic Search,true,1,0,0,0.0
DeeKay · Love Ripples · 2024 Q1,Love Ripples,2024-02-14,Referral Artist,true,5,0,0,0.0
DeeKay · Love Ripples · 2024 Q1,Love Ripples,2024-02-14,Referral Other,true,1,0,0,0.0
DeeKay · Love Ripples · 2024 Q1,Love Ripples,2024-02-14,untracked,true,2,0,0,0.0
DeeKay · Love Ripples · 2024 Q1,Love Ripples,2024-02-16,Direct,true,1,0,0,0.0
DeeKay · Love Ripples · 2024 Q1,Love Ripples,2024-02-16,Referral Other,true,1,0,0,0.0
DeeKay · Love Ripples · 2024 Q1,Love Ripples,2024-04-16,untracked,true,2,0,0,0.0
DeeKay · Love Ripples · 2024 Q1,Love Ripples,2025-08-08,Direct,true,1,0,0,0.0
Derek Fordjour · Multiple · 2025 Q1,Horn Trot Round,2024-12-06,untracked,true,1,0,0,0.0
Derek Fordjour · Multiple · 2025 Q1,Horn Trot Round,2024-12-10,Direct,true,1,0,0,0.0
Derek Fordjour · Multiple · 2025 Q1,Horn Trot Round,2024-12-16,Direct,true,1,0,0,0.0
Derek Fordjour · Multiple · 2025 Q1,Horn Trot Round,2024-12-16,Referral Other,true,1,1,0,0.0
Derek Fordjour · Multiple · 2025 Q1,Horn Trot Round,2024-12-19,AA Email Man,true,2,2,0,0.0
Derek Fordjour · Multiple · 2025 Q1,Horn Trot Round,2024-12-19,Organic Search,true,1,0,0,0.0
Derek Fordjour · Multiple · 2025 Q1,Horn Trot Round,2024-12-22,Referral Other,true,1,1,0,0.0
Derek Fordjour · Multiple · 2025 Q1,Horn Trot Round,2025-01-28,AA Email Man,true,5,0,0,0.0
Derek Fordjour · Multiple · 2025 Q1,Horn Trot Round,2025-01-28,AA Meta,true,4,0,0,0.0
Derek Fordjour · Multiple · 2025 Q1,Horn Trot Round,2025-01-28,Direct,true,2,0,0,0.0
Derek Fordjour · Multiple · 2025 Q1,Horn Trot Round,2025-01-28,Organic Search,true,1,0,0,0.0
Derek Fordjour · Multiple · 2025 Q1,Horn Trot Round,2025-01-28,Paid Social,true,1,0,0,0.0
Derek Fordjour · Multiple · 2025 Q1,Horn Trot Round,2025-01-28,Referral Meta,true,3,0,0,0.0
Derek Fordjour · Multiple · 2025 Q1,Horn Trot Round,2025-01-28,Referral Other,true,2,0,0,0.0
Devan Shimoyama · Le Mat · 2023 Q4,Le Mat,2023-11-02,AA Email Man,true,1,0,1,1.0
Devan Shimoyama · Le Mat · 2023 Q4,Le Mat,2023-11-03,AA Email Man,true,1,0,1,0.0
Devan Shimoyama · Le Mat · 2023 Q4,Le Mat,2023-11-06,AA Email Man,true,2,0,2,1.0
Devan Shimoyama · Le Mat · 2023 Q4,Le Mat,2023-11-06,Direct,true,1,0,1,0.0
Devan Shimoyama · Le Mat · 2023 Q4,Le Mat,2023-11-06,Organic Search,true,1,0,1,1.0
Devan Shimoyama · Le Mat · 2023 Q4,Le Mat,2023-11-06,Referral Artist,true,1,0,1,0.0
Devan Shimoyama · Le Mat · 2023 Q4,Le Mat,2023-11-06,untracked,true,1,0,1,1.0
Devan Shimoyama · Le Mat · 2023 Q4,Le Mat,2023-11-08,Direct,true,1,0,1,0.0
Devan Shimoyama · Le Mat · 2023 Q4,Le Mat,2023-11-09,AA Email Man,true,1,0,1,0.0
Devan Shimoyama · Le Mat · 2023 Q4,Le Mat,2024-02-24,Referral Other,true,1,0,1,0.0
Devan Shimoyama · Le Mat · 2023 Q4,Le Mat,2024-11-07,Referral Other,true,1,0,1,0.0
Devan Shimoyama · Le Mat · 2023 Q4,Le Mat,2024-11-08,Referral Other,true,1,0,1,0.0
Devan Shimoyama · Le Mat · 2023 Q4,Le Mat,2024-11-15,Paid Social,true,1,0,1,1.0
Devan Shimoyama · Le Mat · 2023 Q4,Le Mat,2024-11-22,Direct,true,1,0,1,1.0
Devan Shimoyama · Le Mat · 2023 Q4,Le Mat,2025-02-02,Referral Other,true,1,1,1,1.0
Dominique Fung · Handheld Fan · 2025 Q3,Handheld Fan,2024-09-03,Direct,true,1,0,1,0.0
Dominique Fung · Handheld Fan · 2025 Q3,Handheld Fan,2024-09-04,AA Email Man,true,1,1,1,0.0
Dominique Fung · Handheld Fan · 2025 Q3,Handheld Fan,2025-06-26,Direct,true,2,0,2,1.0
Dominique Fung · Handheld Fan · 2025 Q3,Handheld Fan,2025-07-02,Direct,true,1,0,1,0.0
Dominique Fung · Handheld Fan · 2025 Q3,Handheld Fan,2025-07-03,Direct,true,1,0,1,1.0
Dominique Fung · Handheld Fan · 2025 Q3,Handheld Fan,2025-07-09,AA Email Man,true,1,1,1,0.0
Dominique Fung · Handheld Fan · 2025 Q3,Handheld Fan,2025-07-09,Referral Artist,true,1,1,1,0.0
Dominique Fung · Handheld Fan · 2025 Q3,Handheld Fan,2025-07-09,Referral Meta,true,1,1,1,0.0
Dominique Fung · Handheld Fan · 2025 Q3,Handheld Fan,2025-07-10,AA Email Man,true,1,1,1,0.0
Dominique Fung · Handheld Fan · 2025 Q3,Handheld Fan,2025-07-11,AA Email Man,true,1,0,1,0.0
Dominique Fung · Handheld Fan · 2025 Q3,Handheld Fan,2025-07-22,AA Email Man,true,2,0,2,1.0
Dominique Fung · Handheld Fan · 2025 Q3,Handheld Fan,2025-07-22,AA Meta,true,5,0,5,1.0
Dominique Fung · Handheld Fan · 2025 Q3,Handheld Fan,2025-07-22,Direct,true,4,0,4,1.0
Dominique Fung · Handheld Fan · 2025 Q3,Handheld Fan,2025-07-22,Organic Search,true,2,0,2,1.0
Dominique Fung · Handheld Fan · 2025 Q3,Handheld Fan,2025-07-22,Referral Artist,true,5,0,5,2.0
Dominique Fung · Handheld Fan · 2025 Q3,Handheld Fan,2025-07-22,Referral Meta,true,3,0,3,1.0
Dominique Fung · Handheld Fan · 2025 Q3,Handheld Fan,2025-07-22,Referral Other,true,4,0,4,2.0
Dominique Fung · Handheld Fan · 2025 Q3,Handheld Fan,2025-07-22,untracked,true,1,0,1,0.0
Donna Huanca · Multiple · 2021 Q2,SPIRAL PARA EL CIELO,2023-01-13,Untracked,false,1,0,1,0.0
Donna Huanca · Multiple · 2021 Q2,SPIRAL PARA EL CIELO,2023-10-19,Untracked,false,1,0,1,1.0
Donna Huanca · Multiple · 2021 Q2,SPIRAL PARA EL CIELO,2026-02-23,Referral Other,true,1,0,1,1.0
Ed Ruscha · Actual Size · 2024 Q2,Actual Size,2024-03-27,Untracked,false,7,0,7,0.0
Ed Ruscha · Actual Size · 2024 Q2,Actual Size,2024-03-28,Untracked,false,24,0,24,2.0
Ed Ruscha · Actual Size · 2024 Q2,Actual Size,2024-04-01,Untracked,false,1,1,1,1.0
Ed Ruscha · Actual Size · 2024 Q2,Actual Size,2024-04-02,Untracked,false,8,0,8,0.0
Ed Ruscha · Actual Size · 2024 Q2,Actual Size,2024-04-03,Untracked,false,170,165,170,71.0
Ed Ruscha · Actual Size · 2024 Q2,Actual Size,2024-04-04,Untracked,false,46,44,46,21.0
Ed Ruscha · Actual Size · 2024 Q2,Actual Size,2024-04-05,Untracked,false,20,19,20,10.0
Ed Ruscha · Actual Size · 2024 Q2,Actual Size,2024-04-06,Untracked,false,13,12,13,4.0
Ed Ruscha · Actual Size · 2024 Q2,Actual Size,2024-04-07,Untracked,false,8,8,8,5.0
Ed Ruscha · Actual Size · 2024 Q2,Actual Size,2024-04-08,Untracked,false,15,14,15,5.0
Ed Ruscha · Actual Size · 2024 Q2,Actual Size,2024-04-09,Untracked,false,14,10,14,4.0
Ed Ruscha · Actual Size · 2024 Q2,Actual Size,2024-04-10,Untracked,false,400,398,400,165.0
Ed Ruscha · Actual Size · 2024 Q2,Actual Size,2024-04-11,Untracked,false,502,246,502,184.0
Ed Ruscha · Actual Size · 2024 Q2,Actual Size,2024-04-12,Untracked,false,326,34,326,112.0
Ed Ruscha · Actual Size · 2024 Q2,Actual Size,2024-04-13,Untracked,false,278,13,278,89.0
Ed Ruscha · Actual Size · 2024 Q2,Actual Size,2024-04-14,Untracked,false,1,0,1,0.0
Ed Ruscha · Actual Size · 2024 Q2,Actual Size,2024-04-15,Untracked,false,4,0,4,1.0
Ed Ruscha · Actual Size · 2024 Q2,Actual Size,2024-04-16,Untracked,false,6,0,6,1.0
Ed Ruscha · Actual Size · 2024 Q2,Actual Size,2024-04-17,Untracked,false,1,0,1,0.0
Ed Ruscha · Actual Size · 2024 Q2,Actual Size,2024-04-18,Untracked,false,1,0,1,0.0
Ed Ruscha · Actual Size · 2024 Q2,Actual Size,2024-04-19,Untracked,false,1,0,1,1.0
Ed Ruscha · Actual Size · 2024 Q2,Actual Size,2024-04-22,Untracked,false,1,0,1,0.0
Ed Ruscha · Actual Size · 2024 Q2,Actual Size,2024-04-23,Untracked,false,1,1,1,1.0
Ed Ruscha · Actual Size · 2024 Q2,Actual Size,2024-04-28,Untracked,false,1,0,1,0.0
Ed Ruscha · Actual Size · 2024 Q2,Actual Size,2024-05-01,Untracked,false,1,0,1,0.0
Ed Ruscha · Actual Size · 2024 Q2,Actual Size,2024-05-17,Untracked,false,1,0,1,1.0
Ed Ruscha · Actual Size · 2024 Q2,Actual Size,2024-06-05,Untracked,false,1,0,1,0.0
Ed Ruscha · Actual Size · 2024 Q2,Actual Size,2024-07-01,Untracked,false,1,0,1,0.0
Ed Ruscha · Actual Size · 2024 Q2,Actual Size,2024-07-15,Untracked,false,4,0,4,0.0
Ed Ruscha · Actual Size · 2024 Q2,Actual Size,2024-08-15,Untracked,false,1,0,1,1.0
Ed Ruscha · Actual Size · 2024 Q2,Actual Size,2024-09-16,Untracked,false,4,0,4,0.0
Ed Ruscha · Actual Size · 2024 Q2,Actual Size,2024-09-24,Untracked,false,1,0,1,0.0
Ed Ruscha · Actual Size · 2024 Q2,Actual Size,2024-09-30,Untracked,false,1,0,1,0.0
Ed Ruscha · Actual Size · 2024 Q2,Actual Size,2024-10-03,Untracked,false,1,0,1,0.0
Ed Ruscha · Actual Size · 2024 Q2,Actual Size,2024-10-09,Untracked,false,1,0,1,0.0
Ed Ruscha · Actual Size · 2024 Q2,Actual Size,2024-10-15,Untracked,false,1,0,1,0.0
Ed Ruscha · Actual Size · 2024 Q2,Actual Size,2024-10-21,Untracked,false,1,0,1,0.0
Ed Ruscha · Actual Size · 2024 Q2,Actual Size,2024-11-26,Untracked,false,3,0,3,0.0
Ed Ruscha · Actual Size · 2024 Q2,Actual Size,2025-08-08,Untracked,false,1,0,1,0.0
Ed Ruscha · Actual Size · 2024 Q2,Actual Size,2025-10-28,untracked,true,8,0,8,1.0
Eddie Martinez · Olive Garden · 2026 Q2,Olive Garden,2026-04-22,AA Email Auto,true,1,1,1,0.0
Eddie Martinez · Olive Garden · 2026 Q2,Olive Garden,2026-04-22,Organic Search,true,1,1,1,1.0
Eddie Martinez · Olive Garden · 2026 Q2,Olive Garden,2026-04-22,Referral Other,true,13,13,13,10.0
Eddie Martinez · Olive Garden · 2026 Q2,Olive Garden,2026-04-23,AA Email Auto,true,1,1,1,1.0
Eddie Martinez · Olive Garden · 2026 Q2,Olive Garden,2026-04-23,AA Email Man,true,1,1,1,0.0
Eddie Martinez · Olive Garden · 2026 Q2,Olive Garden,2026-04-23,Referral Other,true,7,7,7,4.0
Eddie Martinez · Olive Garden · 2026 Q2,Olive Garden,2026-04-24,Referral Other,true,2,2,2,2.0
Eddie Martinez · Olive Garden · 2026 Q2,Olive Garden,2026-04-30,Referral Other,true,1,0,1,0.0
Eddie Martinez · Olive Garden · 2026 Q2,Olive Garden,2026-05-01,AA Email Man,true,1,0,1,0.0
Eddie Martinez · Olive Garden · 2026 Q2,Olive Garden,2026-05-01,Direct,true,1,0,1,0.0
Eddie Martinez · Olive Garden · 2026 Q2,Olive Garden,2026-05-07,AA Email Auto,true,1,0,1,1.0
Eddie Martinez · Olive Garden · 2026 Q2,Olive Garden,2026-05-07,AA Email Man,true,8,0,8,2.0
Eddie Martinez · Olive Garden · 2026 Q2,Olive Garden,2026-05-07,AA Meta,true,3,0,3,1.0
Eddie Martinez · Olive Garden · 2026 Q2,Olive Garden,2026-05-07,Direct,true,2,0,2,1.0
Eddie Martinez · Olive Garden · 2026 Q2,Olive Garden,2026-05-07,Organic Search,true,2,0,2,1.0
Eddie Martinez · Olive Garden · 2026 Q2,Olive Garden,2026-05-07,Paid Social,true,2,0,2,2.0
Eddie Martinez · Olive Garden · 2026 Q2,Olive Garden,2026-05-10,AA Meta,true,1,0,1,1.0
Eddie Martinez · Olive Garden · 2026 Q2,Olive Garden,2026-05-11,AA Email Man,true,1,0,1,0.0
Eddie Martinez · Olive Garden · 2026 Q2,Olive Garden,2026-05-11,Direct,true,1,0,1,0.0
Eddie Martinez · Olive Garden · 2026 Q2,Olive Garden,2026-05-13,AA Email Man,true,10,0,10,4.0
Eddie Martinez · Olive Garden · 2026 Q2,Olive Garden,2026-05-13,AA Meta,true,1,0,1,0.0
Eddie Martinez · Olive Garden · 2026 Q2,Olive Garden,2026-05-13,Direct,true,2,0,2,0.0
Eddie Martinez · Olive Garden · 2026 Q2,Olive Garden,2026-05-13,Paid Social,true,3,0,3,2.0
Eddie Martinez · Olive Garden · 2026 Q2,Olive Garden,2026-05-13,Referral Other,true,1,0,1,0.0
Eddie Martinez · Olive Garden · 2026 Q2,Olive Garden,2026-05-13,untracked,true,1,0,1,0.0
Eddie Martinez · Olive Garden · 2026 Q2,Olive Garden,2026-05-14,AA Email Man,true,2,0,2,1.0
Eddie Martinez · Olive Garden · 2026 Q2,Olive Garden,2026-05-15,AA Email Man,true,1,0,1,0.0
Eddie Martinez · Olive Garden · 2026 Q2,Olive Garden,2026-05-18,AA Email Man,true,1,0,1,0.0
Eddie Martinez · Olive Garden · 2026 Q2,Olive Garden,2026-05-18,Direct,true,1,0,1,0.0
Eddie Martinez · Olive Garden · 2026 Q2,Olive Garden,2026-05-22,AA Email Auto,true,1,0,1,1.0
Eddie Martinez · Olive Garden · 2026 Q2,Olive Garden,2026-05-22,AA Email Man,true,15,0,15,9.0
Eddie Martinez · Olive Garden · 2026 Q2,Olive Garden,2026-05-22,Direct,true,3,0,3,2.0
Eddie Martinez · Olive Garden · 2026 Q2,Olive Garden,2026-05-22,Organic Search,true,1,0,1,0.0
Eddie Martinez · Olive Garden · 2026 Q2,Olive Garden,2026-05-22,Paid Social,true,1,0,1,1.0
Eddie Martinez · Olive Garden · 2026 Q2,Olive Garden,2026-05-22,Referral Other,true,1,0,1,1.0
Eddie Martinez · Olive Garden · 2026 Q2,Olive Garden,2026-05-22,untracked,true,1,0,1,1.0
Eddie Martinez · Olive Garden · 2026 Q2,Olive Garden,2026-05-24,AA Email Man,true,1,0,1,0.0
Eddie Martinez · Olive Garden · 2026 Q2,Olive Garden,2026-05-27,AA Email Man,true,2,0,2,0.0
Eddie Martinez · Olive Garden · 2026 Q2,Olive Garden,2026-05-27,Referral Other,true,1,0,1,0.0
Eddie Martinez · Olive Garden · 2026 Q2,Olive Garden,2026-07-29,untracked,true,1,0,1,0.0
Eddie Martinez · Scaffold · 2024 Q2,Scaffold,2024-05-09,AA Email Man,true,1,1,1,0.0
Eddie Martinez · Scaffold · 2024 Q2,Scaffold,2024-05-09,Direct,true,2,0,2,0.0
Eddie Martinez · Scaffold · 2024 Q2,Scaffold,2024-05-09,Organic Search,true,1,0,1,0.0
Eddie Martinez · Scaffold · 2024 Q2,Scaffold,2024-05-09,Referral Other,true,1,0,1,0.0
Eddie Martinez · Scaffold · 2024 Q2,Scaffold,2024-05-09,untracked,true,1,0,1,1.0
Eddie Martinez · Scaffold · 2024 Q2,Scaffold,2024-05-10,AA Email Auto,true,1,0,1,0.0
Eddie Martinez · Scaffold · 2024 Q2,Scaffold,2024-05-10,AA Email Man,true,2,1,2,1.0
Eddie Martinez · Scaffold · 2024 Q2,Scaffold,2024-05-10,Direct,true,2,0,2,0.0
Eddie Martinez · Scaffold · 2024 Q2,Scaffold,2024-05-10,Referral Other,true,1,0,1,0.0
Eddie Martinez · Scaffold · 2024 Q2,Scaffold,2024-05-10,untracked,true,1,0,1,0.0
Eddie Martinez · Scaffold · 2024 Q2,Scaffold,2024-05-12,Direct,true,1,0,1,1.0
Eddie Martinez · Scaffold · 2024 Q2,Scaffold,2024-05-13,AA Email Man,true,24,1,24,7.0
Eddie Martinez · Scaffold · 2024 Q2,Scaffold,2024-05-13,AA Other,true,1,0,1,0.0
Eddie Martinez · Scaffold · 2024 Q2,Scaffold,2024-05-13,Direct,true,14,0,14,3.0
Eddie Martinez · Scaffold · 2024 Q2,Scaffold,2024-05-13,Organic Search,true,2,0,2,1.0
Eddie Martinez · Scaffold · 2024 Q2,Scaffold,2024-05-13,Referral Meta,true,1,0,1,0.0
Eddie Martinez · Scaffold · 2024 Q2,Scaffold,2024-05-13,Referral Other,true,10,0,10,4.0
Eddie Martinez · Scaffold · 2024 Q2,Scaffold,2024-05-13,untracked,true,6,0,6,3.0
Eddie Martinez · Scaffold · 2024 Q2,Scaffold,2024-05-14,AA Email Man,true,3,1,3,1.0
Eddie Martinez · Scaffold · 2024 Q2,Scaffold,2024-05-14,Direct,true,4,0,4,1.0
Eddie Martinez · Scaffold · 2024 Q2,Scaffold,2024-05-14,Referral Other,true,1,0,1,0.0
Eddie Martinez · Scaffold · 2024 Q2,Scaffold,2024-05-14,untracked,true,2,1,2,0.0
Eddie Martinez · Scaffold · 2024 Q2,Scaffold,2024-05-15,Direct,true,1,0,1,1.0
Eddie Martinez · Scaffold · 2024 Q2,Scaffold,2024-05-16,AA Email Man,true,1,0,1,1.0
Eddie Martinez · Scaffold · 2024 Q2,Scaffold,2024-05-20,untracked,true,1,0,1,1.0
Eddie Martinez · Scaffold · 2024 Q2,Scaffold,2024-05-21,Direct,true,2,0,2,0.0
Eddie Martinez · Scaffold · 2024 Q2,Scaffold,2024-05-24,AA Meta,true,1,0,1,0.0
Eddie Martinez · Scaffold · 2024 Q2,Scaffold,2024-05-31,Direct,true,1,1,1,1.0
Eddie Martinez · Scaffold · 2024 Q2,Scaffold,2024-05-31,Referral Other,true,1,0,1,0.0
Eddie Martinez · Scaffold · 2024 Q2,Scaffold,2024-05-31,untracked,true,2,2,2,1.0
Eddie Martinez · Scaffold · 2024 Q2,Scaffold,2024-06-01,AA Email Man,true,2,2,2,0.0
Eddie Martinez · Scaffold · 2024 Q2,Scaffold,2024-06-05,untracked,true,1,0,1,1.0
Eddie Martinez · Scaffold · 2024 Q2,Scaffold,2024-06-06,AA Email Man,true,1,1,1,0.0
Eddie Martinez · Scaffold · 2024 Q2,Scaffold,2024-06-06,Referral Other,true,1,1,1,0.0
Eddie Martinez · Scaffold · 2024 Q2,Scaffold,2024-06-06,untracked,true,3,3,3,1.0
Eddie Martinez · Scaffold · 2024 Q2,Scaffold,2024-06-07,AA Email Man,true,2,2,2,1.0
Eddie Martinez · Scaffold · 2024 Q2,Scaffold,2024-06-08,AA Email Man,true,2,2,2,1.0
Eddie Martinez · Scaffold · 2024 Q2,Scaffold,2024-06-08,Direct,true,1,1,1,1.0
Eddie Martinez · Scaffold · 2024 Q2,Scaffold,2024-06-11,AA Email Man,true,1,0,1,1.0
Eddie Martinez · Scaffold · 2024 Q2,Scaffold,2024-06-13,Direct,true,2,0,2,2.0
Eddie Martinez · Scaffold · 2024 Q2,Scaffold,2024-06-17,Paid Social,true,1,0,1,0.0
Eddie Martinez · Scaffold · 2024 Q2,Scaffold,2024-06-17,Referral Other,true,1,0,1,0.0
Eddie Martinez · Scaffold · 2024 Q2,Scaffold,2024-06-18,AA Email Auto,true,2,0,2,2.0
Eddie Martinez · Scaffold · 2024 Q2,Scaffold,2024-06-18,AA Email Man,true,33,0,33,10.0
Eddie Martinez · Scaffold · 2024 Q2,Scaffold,2024-06-18,AA Meta,true,6,0,6,2.0
Eddie Martinez · Scaffold · 2024 Q2,Scaffold,2024-06-18,Direct,true,11,0,11,5.0
Eddie Martinez · Scaffold · 2024 Q2,Scaffold,2024-06-18,Organic Search,true,6,0,6,2.0
Eddie Martinez · Scaffold · 2024 Q2,Scaffold,2024-06-18,Paid Social,true,10,0,10,3.0
Eddie Martinez · Scaffold · 2024 Q2,Scaffold,2024-06-18,Referral Meta,true,4,0,4,2.0
Eddie Martinez · Scaffold · 2024 Q2,Scaffold,2024-06-18,Referral Other,true,3,0,3,1.0
Eddie Martinez · Scaffold · 2024 Q2,Scaffold,2024-06-18,untracked,true,8,0,8,3.0
Eddie Martinez · Scaffold · 2024 Q2,Scaffold,2024-06-19,AA Email Man,true,1,0,1,0.0
Eddie Martinez · Scaffold · 2024 Q2,Scaffold,2024-06-19,Organic Search,true,1,0,1,0.0
Eddie Martinez · Scaffold · 2024 Q2,Scaffold,2024-06-20,untracked,true,1,0,1,0.0
Eddie Martinez · Scaffold · 2024 Q2,Scaffold,2024-06-24,AA Email Man,true,1,0,1,1.0
Eddie Martinez · Scaffold · 2024 Q2,Scaffold,2024-07-15,untracked,true,1,0,1,0.0
Eddie Martinez · Scaffold · 2024 Q2,Scaffold,2024-08-01,Direct,true,1,0,1,0.0
Eddie Martinez · Scaffold · 2024 Q2,Scaffold,2026-09-01,Organic Search,true,1,0,1,1.0
Em Cooper · Multiple · 2026 Q1,Early in the Morning,2026-03-03,Untracked,false,5,5,5,2.0
Em Cooper · Multiple · 2026 Q1,Early in the Morning,2026-03-04,Untracked,false,5,3,5,5.0
Em Cooper · Multiple · 2026 Q1,Early in the Morning,2026-03-05,Untracked,false,5,1,5,3.0
Em Cooper · Multiple · 2026 Q1,Early in the Morning,2026-03-06,Untracked,false,5,0,5,2.0
Em Cooper · Multiple · 2026 Q1,Early in the Morning & In the Middle of a Dream,2026-03-03,Untracked,false,4,4,4,2.0
Em Cooper · Multiple · 2026 Q1,Early in the Morning & In the Middle of a Dream,2026-03-04,Untracked,false,7,3,7,3.0
Em Cooper · Multiple · 2026 Q1,Early in the Morning & In the Middle of a Dream,2026-03-05,Untracked,false,2,0,2,1.0
Em Cooper · Multiple · 2026 Q1,Early in the Morning & In the Middle of a Dream,2026-03-06,Untracked,false,1,0,1,0.0
Em Cooper · Multiple · 2026 Q1,Early in the Morning & In the Middle of a Dream,2026-03-10,Untracked,false,1,0,1,0.0
Em Cooper · Multiple · 2026 Q1,In the Middle of a Dream,2026-03-03,Untracked,false,2,2,2,1.0
Em Cooper · Multiple · 2026 Q1,In the Middle of a Dream,2026-03-04,Untracked,false,3,2,3,3.0
Em Cooper · Multiple · 2026 Q1,In the Middle of a Dream,2026-03-05,Untracked,false,1,0,1,0.0
Em Cooper · Multiple · 2026 Q1,In the Middle of a Dream,2026-03-06,Untracked,false,2,0,2,1.0
Emily Xie · Guardian Lion · 2024 Q1,Guardian Lion,2024-02-22,Direct,true,1,0,1,1.0
Emily Xie · Guardian Lion · 2024 Q1,Guardian Lion,2024-02-22,untracked,true,2,0,2,1.0
Emily Xie · Guardian Lion · 2024 Q1,Guardian Lion,2024-02-23,AA Email Man,true,2,2,2,0.0
Emily Xie · Guardian Lion · 2024 Q1,Guardian Lion,2024-02-23,Direct,true,3,0,3,1.0
Emily Xie · Guardian Lion · 2024 Q1,Guardian Lion,2024-02-23,untracked,true,1,0,1,0.0
Emily Xie · Guardian Lion · 2024 Q1,Guardian Lion,2024-02-24,AA Email Man,true,1,1,1,0.0
Emily Xie · Guardian Lion · 2024 Q1,Guardian Lion,2024-02-29,AA Email Man,true,2,0,2,2.0
Emily Xie · Guardian Lion · 2024 Q1,Guardian Lion,2024-02-29,Direct,true,1,0,1,1.0
Emily Xie · Guardian Lion · 2024 Q1,Guardian Lion,2024-02-29,untracked,true,1,0,1,1.0
Emily Xie · Guardian Lion · 2024 Q1,Guardian Lion,2024-03-07,AA Email Man,true,1,0,1,0.0
Emily Xie · Guardian Lion · 2024 Q1,Guardian Lion,2024-03-07,AA X,true,1,0,1,1.0
Emily Xie · Guardian Lion · 2024 Q1,Guardian Lion,2024-03-07,Direct,true,1,0,1,1.0
Emily Xie · Guardian Lion · 2024 Q1,Guardian Lion,2024-03-07,Referral X,true,1,0,1,0.0
Emily Xie · Guardian Lion · 2024 Q1,Guardian Lion,2024-03-07,untracked,true,5,0,5,4.0
Emily Xie · Guardian Lion · 2024 Q1,Guardian Lion,2024-03-08,AA Email Man,true,3,0,3,1.0
Emily Xie · Guardian Lion · 2024 Q1,Guardian Lion,2024-03-08,Direct,true,1,0,1,1.0
Emily Xie · Guardian Lion · 2024 Q1,Guardian Lion,2024-03-08,Organic Search,true,1,0,1,1.0
Emily Xie · Guardian Lion · 2024 Q1,Guardian Lion,2024-03-12,Direct,true,1,0,1,1.0
Emily Xie · Guardian Lion · 2024 Q1,Guardian Lion,2024-03-15,untracked,true,1,0,1,1.0
Emily Xie · Guardian Lion · 2024 Q1,Guardian Lion,2024-04-05,AA Email Man,true,1,0,1,0.0
En Iwamura · Multiple · 2025 Q3,Neo Jomon: Biomorphic fantôme (red),2025-08-04,Organic Search,true,1,0,0,0.0
En Iwamura · Multiple · 2025 Q3,Neo Jomon: Biomorphic fantôme (red),2025-08-05,AA Email Man,true,1,1,0,0.0
En Iwamura · Multiple · 2025 Q3,Neo Jomon: Biomorphic fantôme (red),2025-08-07,Referral Other,true,1,1,0,0.0
En Iwamura · Multiple · 2025 Q3,Neo Jomon: Biomorphic fantôme (red),2025-08-12,Direct,true,1,0,0,0.0
En Iwamura · Multiple · 2025 Q3,Neo Jomon: Biomorphic fantôme (red),2025-08-27,AA Meta,true,1,0,0,0.0
En Iwamura · Multiple · 2025 Q3,Neo Jomon: Biomorphic fantôme (red),2025-08-27,Paid Social,true,2,0,0,0.0
En Iwamura · Multiple · 2025 Q3,Neo Jomon: Biomorphic fantôme (red),2025-08-27,Referral Artist,true,1,0,0,0.0
En Iwamura · Multiple · 2025 Q3,Neo Jomon: Biomorphic fantôme (white),2025-08-01,Direct,true,1,0,0,0.0
En Iwamura · Multiple · 2025 Q3,Neo Jomon: Biomorphic fantôme (white),2025-08-06,AA Email Man,true,1,0,0,0.0
En Iwamura · Multiple · 2025 Q3,Neo Jomon: Biomorphic fantôme (white),2025-08-06,Direct,true,1,0,0,0.0
En Iwamura · Multiple · 2025 Q3,Neo Jomon: Biomorphic fantôme (white),2025-08-06,Referral Other,true,2,2,0,0.0
En Iwamura · Multiple · 2025 Q3,Neo Jomon: Biomorphic fantôme (white),2025-08-08,Referral Artist,true,1,0,0,0.0
En Iwamura · Multiple · 2025 Q3,Neo Jomon: Biomorphic fantôme (white),2025-08-11,AA Email Man,true,1,0,0,0.0
En Iwamura · Multiple · 2025 Q3,Neo Jomon: Biomorphic fantôme (white),2025-08-12,Direct,true,3,0,0,0.0
En Iwamura · Multiple · 2025 Q3,Neo Jomon: Biomorphic fantôme (white),2025-08-20,AA Email Man,true,1,0,0,0.0
En Iwamura · Multiple · 2025 Q3,Neo Jomon: Biomorphic fantôme (white),2025-08-20,Direct,true,1,0,0,0.0
En Iwamura · Multiple · 2025 Q3,Neo Jomon: Biomorphic fantôme (white),2025-08-20,Organic Search,true,1,0,0,0.0
En Iwamura · Multiple · 2025 Q3,Neo Jomon: Biomorphic fantôme (white),2025-08-20,Paid Social,true,5,0,0,0.0
En Iwamura · Multiple · 2025 Q3,Neo Jomon: Biomorphic fantôme (white),2025-08-23,Referral Other,true,1,0,0,0.0
En Iwamura · Multiple · 2025 Q3,Neo Jomon: Biomorphic fantôme (white),2025-08-27,AA Email Man,true,2,0,0,0.0
En Iwamura · Multiple · 2025 Q3,Neo Jomon: Biomorphic fantôme (white),2025-08-27,Direct,true,1,0,0,0.0
En Iwamura · Multiple · 2025 Q3,Neo Jomon: Biomorphic fantôme (white),2025-08-27,Organic Search,true,1,0,0,0.0
En Iwamura · Multiple · 2025 Q3,Neo Jomon: Biomorphic fantôme (white),2025-08-27,Referral Artist,true,2,0,0,0.0
Esiri Erheriene-Essi · Multiple · 2022 Q1,And All of My Friends Were There,2023-03-21,Direct,true,1,0,0,0.0
Esiri Erheriene-Essi · Multiple · 2022 Q1,And All of My Friends Were There,2023-04-02,untracked,true,1,0,0,0.0
Esiri Erheriene-Essi · Multiple · 2022 Q1,And All of My Friends Were There,2023-04-12,Organic Search,true,1,0,0,0.0
Esiri Erheriene-Essi · Multiple · 2022 Q1,And All of My Friends Were There,2023-05-01,Organic Search,true,1,0,0,0.0
Esiri Erheriene-Essi · Multiple · 2022 Q1,And All of My Friends Were There,2023-08-17,AA Email Man,true,1,0,0,0.0
Felipe Pantone · Chromadynamica 19 P · 2025 Q3,Chromadynamica 19 P,2025-06-04,Untracked,false,1,0,1,0.0
Felipe Pantone · Chromadynamica 19 P · 2025 Q3,Chromadynamica 19 P,2025-06-13,Untracked,false,1,0,1,0.0
Felipe Pantone · Chromadynamica 19 P · 2025 Q3,Chromadynamica 19 P,2025-07-02,Untracked,false,62,62,43,16.0
Felipe Pantone · Chromadynamica 19 P · 2025 Q3,Chromadynamica 19 P,2025-07-03,Untracked,false,101,31,70,22.0
Felipe Pantone · Chromadynamica 19 P · 2025 Q3,Chromadynamica 19 P,2025-07-04,Untracked,false,30,3,23,7.0
Felipe Pantone · Chromadynamica 19 P · 2025 Q3,Chromadynamica 19 P,2025-07-05,Untracked,false,13,0,6,1.0
Felipe Pantone · Chromadynamica 19 P · 2025 Q3,Chromadynamica 19 P,2025-07-06,Untracked,false,10,0,8,1.0
Felipe Pantone · Chromadynamica 19 P · 2025 Q3,Chromadynamica 19 P,2025-07-07,Untracked,false,10,1,6,1.0
Felipe Pantone · Chromadynamica 19 P · 2025 Q3,Chromadynamica 19 P,2025-07-08,Untracked,false,12,0,10,1.0
Felipe Pantone · Chromadynamica 19 P · 2025 Q3,Chromadynamica 19 P,2025-07-09,Untracked,false,17,0,14,2.0
Felipe Pantone · Chromadynamica 19 P · 2025 Q3,Chromadynamica 19 P,2025-07-10,Untracked,false,21,0,18,3.0
Felipe Pantone · Chromadynamica 19 P · 2025 Q3,Chromadynamica 19 P,2025-07-11,Untracked,false,3,0,3,1.0
Felipe Pantone · Chromadynamica 19 P · 2025 Q3,Chromadynamica 19 P,2025-07-18,Untracked,false,1,0,1,0.0
Felipe Pantone · Chromadynamica 19 P · 2025 Q3,Chromadynamica 19 P,2025-07-25,Untracked,false,1,0,1,0.0
Felipe Pantone · Chromadynamica 19 P · 2025 Q3,Chromadynamica 19 P,2025-09-15,Untracked,false,1,0,0,0.0
Felipe Pantone · Chromadynamica 19 P · 2025 Q3,Chromadynamica 19 P,2025-10-11,Untracked,false,1,0,1,0.0
Felipe Pantone · Chromadynamica 19 P · 2025 Q3,Chromadynamica 19 P,2025-12-22,Untracked,false,1,0,0,0.0
Felipe Pantone · Chromadynamica 19 P · 2025 Q3,Chromadynamica 19 P,2026-02-02,Untracked,false,1,0,1,0.0
Felipe Pantone · Subtractive Variability Dimensional 13 AA · 2026 Q2,Subtractive Variability Dimensional 13 AA,2026-05-20,AA Email Man,true,3,3,0,0.0
Felipe Pantone · Subtractive Variability Dimensional 13 AA · 2026 Q2,Subtractive Variability Dimensional 13 AA,2026-05-20,AA Meta,true,1,1,0,0.0
Felipe Pantone · Subtractive Variability Dimensional 13 AA · 2026 Q2,Subtractive Variability Dimensional 13 AA,2026-05-20,Referral Other,true,3,3,0,0.0
Felipe Pantone · Subtractive Variability Dimensional 13 AA · 2026 Q2,Subtractive Variability Dimensional 13 AA,2026-05-20,untracked,true,1,1,0,0.0
Felipe Pantone · Subtractive Variability Dimensional 13 AA · 2026 Q2,Subtractive Variability Dimensional 13 AA,2026-05-21,AA Email Man,true,1,1,0,0.0
Felipe Pantone · Subtractive Variability Dimensional 13 AA · 2026 Q2,Subtractive Variability Dimensional 13 AA,2026-05-21,Referral Other,true,1,1,0,0.0
Felipe Pantone · Subtractive Variability Dimensional 13 AA · 2026 Q2,Subtractive Variability Dimensional 13 AA,2026-05-22,Referral Other,true,2,2,0,0.0
Felipe Pantone · Subtractive Variability Dimensional 13 AA · 2026 Q2,Subtractive Variability Dimensional 13 AA,2026-05-26,Direct,true,1,0,0,0.0
Felipe Pantone · Subtractive Variability Dimensional 13 AA · 2026 Q2,Subtractive Variability Dimensional 13 AA,2026-05-29,AA Email Man,true,9,0,0,0.0
Felipe Pantone · Subtractive Variability Dimensional 13 AA · 2026 Q2,Subtractive Variability Dimensional 13 AA,2026-05-29,AA Meta,true,2,0,0,0.0
Felipe Pantone · Subtractive Variability Dimensional 13 AA · 2026 Q2,Subtractive Variability Dimensional 13 AA,2026-05-29,Direct,true,2,0,0,0.0
Felipe Pantone · Subtractive Variability Dimensional 13 AA · 2026 Q2,Subtractive Variability Dimensional 13 AA,2026-05-29,Organic Search,true,1,0,0,0.0
Felipe Pantone · Subtractive Variability Dimensional 13 AA · 2026 Q2,Subtractive Variability Dimensional 13 AA,2026-05-29,Referral Artist,true,6,0,0,0.0
Felipe Pantone · Subtractive Variability Dimensional 13 AA · 2026 Q2,Subtractive Variability Dimensional 13 AA,2026-05-29,untracked,true,1,0,0,0.0
Felipe Pantone · Subtractive Variability Dimensional 13 AA · 2026 Q2,Subtractive Variability Dimensional 13 AA,2026-06-01,AA Email Man,true,7,0,0,0.0
Felipe Pantone · Subtractive Variability Dimensional 13 AA · 2026 Q2,Subtractive Variability Dimensional 13 AA,2026-06-01,Direct,true,1,0,0,0.0
Felipe Pantone · Subtractive Variability Dimensional 13 AA · 2026 Q2,Subtractive Variability Dimensional 13 AA,2026-06-02,AA Email Man,true,1,0,0,0.0
Felipe Pantone · Subtractive Variability Dimensional 13 AA · 2026 Q2,Subtractive Variability Dimensional 13 AA,2026-06-03,AA Email Man,true,2,0,0,0.0
Felipe Pantone · Subtractive Variability Dimensional 13 AA · 2026 Q2,Subtractive Variability Dimensional 13 AA,2026-06-05,AA Email Man,true,1,0,0,0.0
Felipe Pantone · Subtractive Variability Dimensional 13 AA · 2026 Q2,Subtractive Variability Dimensional 13 AA,2026-06-15,AA Email Man,true,2,0,0,0.0
Felipe Pantone · Subtractive Variability Dimensional 13 AA · 2026 Q2,Subtractive Variability Dimensional 13 AA,2026-06-15,Referral Other,true,1,0,0,0.0
Felipe Pantone · Subtractive Variability Dimensional 13 AA · 2026 Q2,Subtractive Variability Dimensional 13 AA,2026-06-16,AA Email Man,true,1,0,0,0.0
Felipe Pantone · Subtractive Variability Dimensional 13 AA · 2026 Q2,Subtractive Variability Dimensional 13 AA,2026-06-18,untracked,true,1,0,0,0.0
Felipe Pantone · Subtractive Variability Dimensional 13 AA · 2026 Q2,Subtractive Variability Dimensional 13 AA,2026-06-22,AA Email Man,true,1,0,0,0.0
Felipe Pantone · Subtractive Variability Dimensional 13 AA · 2026 Q2,Subtractive Variability Dimensional 13 AA,2026-06-22,AA Meta,true,1,0,0,0.0
Felipe Pantone · Subtractive Variability Dimensional 13 AA · 2026 Q2,Subtractive Variability Dimensional 13 AA,2026-06-22,Organic Search,true,1,0,0,0.0
Felipe Pantone · Subtractive Variability Dimensional 13 AA · 2026 Q2,Subtractive Variability Dimensional 13 AA,2026-06-22,Paid Social,true,18,0,0,0.0
Felipe Pantone · Subtractive Variability Dimensional 13 AA · 2026 Q2,Subtractive Variability Dimensional 13 AA,2026-06-22,Referral Artist,true,4,0,0,0.0
Felipe Pantone · Subtractive Variability Dimensional 13 AA · 2026 Q2,Subtractive Variability Dimensional 13 AA,2026-06-22,Referral Meta,true,1,0,0,0.0
Felipe Pantone · Subtractive Variability Dimensional 13 AA · 2026 Q2,Subtractive Variability Dimensional 13 AA,2026-06-24,AA Email Man,true,1,0,0,0.0
Felipe Pantone · Subtractive Variability Dimensional 13 AA · 2026 Q2,Subtractive Variability Dimensional 13 AA,2026-06-24,Paid Social,true,11,0,0,0.0
Felipe Pantone · Subtractive Variability Dimensional 13 AA · 2026 Q2,Subtractive Variability Dimensional 13 AA,2026-06-24,Referral Artist,true,1,0,0,0.0
Felipe Pantone · Subtractive Variability Dimensional 13 AA · 2026 Q2,Subtractive Variability Dimensional 13 AA,2026-06-29,AA Email Man,true,9,0,0,0.0
Felipe Pantone · Subtractive Variability Dimensional 13 AA · 2026 Q2,Subtractive Variability Dimensional 13 AA,2026-06-29,AA Meta,true,1,0,0,0.0
Felipe Pantone · Subtractive Variability Dimensional 13 AA · 2026 Q2,Subtractive Variability Dimensional 13 AA,2026-06-29,Direct,true,2,0,0,0.0
Felipe Pantone · Subtractive Variability Dimensional 13 AA · 2026 Q2,Subtractive Variability Dimensional 13 AA,2026-06-29,Organic Search,true,1,0,0,0.0
Felipe Pantone · Subtractive Variability Dimensional 13 AA · 2026 Q2,Subtractive Variability Dimensional 13 AA,2026-06-29,Other,true,1,0,0,0.0
Felipe Pantone · Subtractive Variability Dimensional 13 AA · 2026 Q2,Subtractive Variability Dimensional 13 AA,2026-06-29,Paid Social,true,40,0,0,0.0
Felipe Pantone · Subtractive Variability Dimensional 13 AA · 2026 Q2,Subtractive Variability Dimensional 13 AA,2026-06-29,Referral Artist,true,4,0,0,0.0
Felipe Pantone · Subtractive Variability Dimensional 13 AA · 2026 Q2,Subtractive Variability Dimensional 13 AA,2026-06-29,untracked,true,2,0,0,0.0
Felipe Pantone · Subtractive Variability Dimensional 13 AA · 2026 Q2,Subtractive Variability Dimensional 13 AA,2026-07-01,Paid Social,true,1,0,0,0.0
Felipe Pantone · Subtractive Variability Dimensional 13 AA · 2026 Q2,Subtractive Variability Dimensional 13 AA,2026-07-08,Other,true,1,0,0,0.0
Felipe Pantone · Subtractive Variability Dimensional 13 AA · 2026 Q2,Subtractive Variability Dimensional 13 AA,2026-08-26,AA Meta,true,1,0,0,0.0
Ferrari Sheppard · Iris · 2025 Q2,Iris,2025-04-01,AA Meta,true,1,0,1,0.0
Ferrari Sheppard · Iris · 2025 Q2,Iris,2025-04-02,AA Email Man,true,9,9,9,0.0
Ferrari Sheppard · Iris · 2025 Q2,Iris,2025-04-02,Direct,true,1,1,1,0.0
Ferrari Sheppard · Iris · 2025 Q2,Iris,2025-04-02,Referral Meta,true,1,1,1,0.0
Ferrari Sheppard · Iris · 2025 Q2,Iris,2025-04-02,Referral Other,true,18,18,18,5.0
Ferrari Sheppard · Iris · 2025 Q2,Iris,2025-04-03,Direct,true,1,0,1,0.0
Ferrari Sheppard · Iris · 2025 Q2,Iris,2025-04-03,Referral Other,true,5,5,5,0.0
Ferrari Sheppard · Iris · 2025 Q2,Iris,2025-04-04,AA Email Man,true,1,0,1,1.0
Ferrari Sheppard · Iris · 2025 Q2,Iris,2025-04-04,Direct,true,3,0,3,1.0
Ferrari Sheppard · Iris · 2025 Q2,Iris,2025-04-04,Referral Meta,true,1,1,1,0.0
Ferrari Sheppard · Iris · 2025 Q2,Iris,2025-04-04,Referral Other,true,2,2,2,0.0
Ferrari Sheppard · Iris · 2025 Q2,Iris,2025-04-05,Direct,true,1,0,1,0.0
Ferrari Sheppard · Iris · 2025 Q2,Iris,2025-04-07,AA Email Man,true,1,0,1,0.0
Ferrari Sheppard · Iris · 2025 Q2,Iris,2025-04-07,Direct,true,2,0,2,1.0
Ferrari Sheppard · Iris · 2025 Q2,Iris,2025-04-09,Direct,true,1,0,1,0.0
Ferrari Sheppard · Iris · 2025 Q2,Iris,2025-04-10,Direct,true,1,0,1,0.0
Ferrari Sheppard · Iris · 2025 Q2,Iris,2025-04-11,Direct,true,1,0,1,0.0
Ferrari Sheppard · Iris · 2025 Q2,Iris,2025-04-12,Direct,true,1,1,1,0.0
Ferrari Sheppard · Iris · 2025 Q2,Iris,2025-04-25,Organic Search,true,1,0,1,0.0
Ferrari Sheppard · Iris · 2025 Q2,Iris,2025-04-29,AA Email Man,true,1,0,1,0.0
Ferrari Sheppard · Iris · 2025 Q2,Iris,2025-05-01,AA Email Man,true,11,0,11,7.0
Ferrari Sheppard · Iris · 2025 Q2,Iris,2025-05-01,Direct,true,3,0,3,0.0
Ferrari Sheppard · Iris · 2025 Q2,Iris,2025-05-01,Organic Search,true,3,0,3,2.0
Ferrari Sheppard · Iris · 2025 Q2,Iris,2025-05-01,Referral Artist,true,3,0,3,1.0
Ferrari Sheppard · Iris · 2025 Q2,Iris,2025-05-01,Referral Meta,true,2,0,2,0.0
Ferrari Sheppard · Iris · 2025 Q2,Iris,2025-05-14,Referral Other,true,1,0,1,1.0
Ferrari Sheppard · Put Some Red On It · 2026 Q1,Put Some Red On It,2025-12-19,Referral Other,true,1,0,1,0.0
Ferrari Sheppard · Put Some Red On It · 2026 Q1,Put Some Red On It,2026-01-05,AA Email Man,true,2,2,2,0.0
Ferrari Sheppard · Put Some Red On It · 2026 Q1,Put Some Red On It,2026-01-05,Referral Other,true,3,3,3,2.0
Ferrari Sheppard · Put Some Red On It · 2026 Q1,Put Some Red On It,2026-01-05,untracked,true,1,1,1,0.0
Ferrari Sheppard · Put Some Red On It · 2026 Q1,Put Some Red On It,2026-01-06,Organic Search,true,1,1,1,0.0
Ferrari Sheppard · Put Some Red On It · 2026 Q1,Put Some Red On It,2026-01-06,Referral Other,true,2,2,2,0.0
Ferrari Sheppard · Put Some Red On It · 2026 Q1,Put Some Red On It,2026-01-06,untracked,true,2,2,2,0.0
Ferrari Sheppard · Put Some Red On It · 2026 Q1,Put Some Red On It,2026-01-07,Direct,true,1,0,1,1.0
Ferrari Sheppard · Put Some Red On It · 2026 Q1,Put Some Red On It,2026-01-07,Referral Other,true,6,6,6,1.0
Ferrari Sheppard · Put Some Red On It · 2026 Q1,Put Some Red On It,2026-01-08,AA Email Man,true,1,0,1,0.0
Ferrari Sheppard · Put Some Red On It · 2026 Q1,Put Some Red On It,2026-01-08,Direct,true,1,0,1,0.0
Ferrari Sheppard · Put Some Red On It · 2026 Q1,Put Some Red On It,2026-01-12,Direct,true,2,0,2,0.0
Ferrari Sheppard · Put Some Red On It · 2026 Q1,Put Some Red On It,2026-01-13,Organic Search,true,1,0,1,0.0
Ferrari Sheppard · Put Some Red On It · 2026 Q1,Put Some Red On It,2026-01-14,AA Email Man,true,1,0,1,1.0
Ferrari Sheppard · Put Some Red On It · 2026 Q1,Put Some Red On It,2026-01-14,Direct,true,1,0,1,0.0
Ferrari Sheppard · Put Some Red On It · 2026 Q1,Put Some Red On It,2026-01-14,Organic Search,true,1,0,1,0.0
Ferrari Sheppard · Put Some Red On It · 2026 Q1,Put Some Red On It,2026-01-14,Other,true,1,0,1,0.0
Ferrari Sheppard · Put Some Red On It · 2026 Q1,Put Some Red On It,2026-01-14,Paid Social,true,3,0,3,1.0
Ferrari Sheppard · Put Some Red On It · 2026 Q1,Put Some Red On It,2026-01-14,Referral Artist,true,1,0,1,1.0
Ferrari Sheppard · Put Some Red On It · 2026 Q1,Put Some Red On It,2026-01-14,Referral Meta,true,1,0,1,0.0
Ferrari Sheppard · Put Some Red On It · 2026 Q1,Put Some Red On It,2026-01-16,Direct,true,1,0,1,0.0
Ferrari Sheppard · Put Some Red On It · 2026 Q1,Put Some Red On It,2026-01-19,AA Email Man,true,4,0,4,4.0
Ferrari Sheppard · Put Some Red On It · 2026 Q1,Put Some Red On It,2026-01-19,AA Meta,true,2,0,2,0.0
Ferrari Sheppard · Put Some Red On It · 2026 Q1,Put Some Red On It,2026-01-19,Direct,true,2,0,2,0.0
Ferrari Sheppard · Put Some Red On It · 2026 Q1,Put Some Red On It,2026-01-19,Organic Search,true,2,0,2,1.0
Ferrari Sheppard · Put Some Red On It · 2026 Q1,Put Some Red On It,2026-01-19,Paid Social,true,12,0,12,3.0
Ferrari Sheppard · Put Some Red On It · 2026 Q1,Put Some Red On It,2026-01-19,Referral Artist,true,1,0,1,0.0
Ferrari Sheppard · Put Some Red On It · 2026 Q1,Put Some Red On It,2026-01-19,untracked,true,1,0,1,1.0
Ferrari Sheppard · Put Some Red On It · 2026 Q1,Put Some Red On It,2026-01-21,Direct,true,1,0,1,0.0
Ferrari Sheppard · Put Some Red On It · 2026 Q1,Put Some Red On It,2026-01-26,Direct,true,4,0,4,1.0
Ferrari Sheppard · Put Some Red On It · 2026 Q1,Put Some Red On It,2026-01-26,Paid Social,true,1,0,1,1.0
Ferrari Sheppard · Put Some Red On It · 2026 Q1,Put Some Red On It,2026-01-26,Referral Artist,true,3,0,3,2.0
Ferrari Sheppard · Put Some Red On It · 2026 Q1,Put Some Red On It,2026-01-26,Referral Other,true,1,0,1,1.0
Ferrari Sheppard · Put Some Red On It · 2026 Q1,Put Some Red On It,2026-01-29,AA Email Man,true,11,0,11,8.0
Ferrari Sheppard · Put Some Red On It · 2026 Q1,Put Some Red On It,2026-01-29,AA Meta,true,2,0,2,0.0
Ferrari Sheppard · Put Some Red On It · 2026 Q1,Put Some Red On It,2026-01-29,Direct,true,4,0,4,1.0
Ferrari Sheppard · Put Some Red On It · 2026 Q1,Put Some Red On It,2026-01-29,Organic Search,true,2,0,2,2.0
Ferrari Sheppard · Put Some Red On It · 2026 Q1,Put Some Red On It,2026-01-29,Paid Social,true,3,0,3,3.0
Ferrari Sheppard · Put Some Red On It · 2026 Q1,Put Some Red On It,2026-01-29,Referral Artist,true,7,0,7,3.0
Ferrari Sheppard · Put Some Red On It · 2026 Q1,Put Some Red On It,2026-01-29,Referral Meta,true,2,0,2,1.0
Ferrari Sheppard · Put Some Red On It · 2026 Q1,Put Some Red On It,2026-01-29,Referral Other,true,1,0,1,0.0
Ferrari Sheppard · Put Some Red On It · 2026 Q1,Put Some Red On It,2026-01-30,Other,true,1,0,1,0.0
Friedrich Kunath · Storms Never Last · 2025 Q2,Storms Never Last,2025-04-24,Untracked,false,1,0,1,0.0
Friedrich Kunath · Storms Never Last · 2025 Q2,Storms Never Last,2025-04-30,Untracked,false,1,0,1,0.0
Friedrich Kunath · Storms Never Last · 2025 Q2,Storms Never Last,2025-05-05,Untracked,false,2,0,2,0.0
Friedrich Kunath · Storms Never Last · 2025 Q2,Storms Never Last,2025-05-07,Untracked,false,1,0,1,1.0
Friedrich Kunath · Storms Never Last · 2025 Q2,Storms Never Last,2025-05-08,Untracked,false,1,0,1,1.0
Friedrich Kunath · Storms Never Last · 2025 Q2,Storms Never Last,2025-05-09,Untracked,false,1,0,1,0.0
Friedrich Kunath · Storms Never Last · 2025 Q2,Storms Never Last,2025-05-14,Untracked,false,78,77,78,38.0
Friedrich Kunath · Storms Never Last · 2025 Q2,Storms Never Last,2025-05-15,Untracked,false,94,45,94,39.0
Friedrich Kunath · Storms Never Last · 2025 Q2,Storms Never Last,2025-05-16,Untracked,false,31,0,31,11.0
Friedrich Kunath · Storms Never Last · 2025 Q2,Storms Never Last,2025-05-17,Untracked,false,13,1,13,3.0
Friedrich Kunath · Storms Never Last · 2025 Q2,Storms Never Last,2025-05-18,Untracked,false,18,0,18,10.0
Friedrich Kunath · Storms Never Last · 2025 Q2,Storms Never Last,2025-05-19,Untracked,false,8,0,8,2.0
Friedrich Kunath · Storms Never Last · 2025 Q2,Storms Never Last,2025-05-20,Untracked,false,12,0,12,3.0
Friedrich Kunath · Storms Never Last · 2025 Q2,Storms Never Last,2025-05-21,Untracked,false,11,0,11,8.0
Friedrich Kunath · Storms Never Last · 2025 Q2,Storms Never Last,2025-05-22,Untracked,false,14,0,14,2.0
Friedrich Kunath · Storms Never Last · 2025 Q2,Storms Never Last,2025-05-28,Untracked,false,2,0,2,0.0
Friedrich Kunath · Storms Never Last · 2025 Q2,Storms Never Last,2025-05-29,Untracked,false,2,0,2,0.0
Friedrich Kunath · Storms Never Last · 2025 Q2,Storms Never Last,2025-05-30,Untracked,false,2,0,2,0.0
Friedrich Kunath · Storms Never Last · 2025 Q2,Storms Never Last,2025-06-03,Untracked,false,2,0,2,1.0
Friedrich Kunath · Storms Never Last · 2025 Q2,Storms Never Last,2025-06-04,Untracked,false,2,0,2,1.0
Friedrich Kunath · Storms Never Last · 2025 Q2,Storms Never Last,2025-07-08,Untracked,false,1,0,1,0.0
Friedrich Kunath · Storms Never Last · 2025 Q2,Storms Never Last,2025-07-09,Untracked,false,1,0,1,0.0
Friedrich Kunath · Storms Never Last · 2025 Q2,Storms Never Last,2025-07-25,Untracked,false,1,0,1,0.0
Friedrich Kunath · Storms Never Last · 2025 Q2,Storms Never Last,2025-08-08,Untracked,false,1,0,1,0.0
Friedrich Kunath · Storms Never Last · 2025 Q2,Storms Never Last,2026-04-11,Direct,true,1,0,1,0.0
Friedrich Kunath · Storms Never Last · 2025 Q2,Storms Never Last,2026-08-17,Untracked,false,1,0,1,0.0
Gabriel Moses · Multiple · 2024 Q3,"Lea & Monica, 2024",2024-07-08,Untracked,false,8,8,8,2.0
Gabriel Moses · Multiple · 2024 Q3,"Lea & Monica, 2024",2024-07-09,Untracked,false,5,1,5,1.0
Gabriel Moses · Multiple · 2024 Q3,"Lea, 2024",2024-06-24,Untracked,false,3,0,3,0.0
Gabriel Moses · Multiple · 2024 Q3,"Lea, 2024",2024-07-08,Untracked,false,4,4,4,1.0
Gabriel Moses · Multiple · 2024 Q3,"Lea, 2024",2024-07-09,Untracked,false,6,2,6,1.0
Gabriel Moses · Multiple · 2024 Q3,"Lea, 2024",2024-07-10,Untracked,false,4,1,4,3.0
Gabriel Moses · Multiple · 2024 Q3,"Lea, 2024",2024-11-18,Untracked,false,1,0,1,0.0
Gabriel Moses · Multiple · 2024 Q3,"Lea, 2024",2024-12-23,Untracked,false,1,0,1,0.0
Gabriel Moses · Multiple · 2024 Q3,"Lea, 2024",2025-01-21,Untracked,false,1,0,1,0.0
Gabriel Moses · Multiple · 2024 Q3,"Monica, 2024",2024-06-24,Untracked,false,3,0,3,0.0
Gabriel Moses · Multiple · 2024 Q3,"Monica, 2024",2024-07-09,Untracked,false,2,1,2,1.0
Gabriel Moses · Multiple · 2024 Q3,"Monica, 2024",2024-07-10,Untracked,false,1,0,1,0.0
Gabriel Moses · Multiple · 2024 Q3,"Monica, 2024",2024-07-22,Untracked,false,1,0,1,1.0
Gabriel Moses · Multiple · 2024 Q3,"Monica, 2024",2025-01-21,Untracked,false,1,0,1,0.0
Gabriel Moses · Multiple · 2024 Q3,"Monica, 2024",2026-06-12,Untracked,false,2,0,2,0.0
Gabrielle Garland · Anything worth having hurts a little · 2023 Q1,Anything worth having hurts a little,2023-03-09,Untracked,false,118,0,0,0.0
Gabrielle Garland · Anything worth having hurts a little · 2023 Q1,Anything worth having hurts a little,2023-03-10,Untracked,false,47,0,0,0.0
Gabrielle Garland · Anything worth having hurts a little · 2023 Q1,Anything worth having hurts a little,2023-03-24,Untracked,false,1,0,0,0.0
Gabrielle Garland · Anything worth having hurts a little · 2023 Q1,Anything worth having hurts a little,2026-05-06,Untracked,false,1,0,0,0.0
Gabrielle Garland · Anything worth having hurts a little · 2023 Q1,Anything worth having hurts a little,2026-05-07,Untracked,false,1,0,0,0.0
George Condo · Fashion Model AP · 2025 Q1,Fashion Model AP,2025-03-05,Referral Other,true,1,0,0,0.0
George Condo · Fashion Model AP · 2025 Q1,Fashion Model AP,2025-03-07,Referral Other,true,1,0,0,0.0
George Condo · Fashion Model AP · 2025 Q1,Fashion Model AP,2025-06-24,Direct,true,1,0,0,0.0
George Condo · Fashion Model AP · 2025 Q1,Fashion Model AP,2025-08-23,Direct,true,1,0,0,0.0
George Condo · Fashion Model AP · 2025 Q1,Fashion Model AP,2026-02-23,Referral Other,true,1,0,0,0.0
George Condo · Fashion Model AP · 2025 Q1,Fashion Model AP,2026-04-07,Direct,true,1,0,0,0.0
George Condo · Fashion Model AP · 2025 Q1,Fashion Model AP,2026-07-31,Organic Search,true,1,0,0,0.0
George Condo · Fashion Model AP · 2025 Q1,Fashion Model AP,2026-08-06,Referral Other,true,1,0,0,0.0
George Condo · Fashion Model · 2025 Q1,Fashion Model,2025-01-15,Direct,true,1,0,1,0.0
George Condo · Fashion Model · 2025 Q1,Fashion Model,2025-01-15,Organic Search,true,1,0,1,1.0
George Condo · Fashion Model · 2025 Q1,Fashion Model,2025-01-15,Referral Other,true,1,1,1,0.0
George Condo · Fashion Model · 2025 Q1,Fashion Model,2025-01-16,AA Email Man,true,1,0,1,1.0
George Condo · Fashion Model · 2025 Q1,Fashion Model,2025-01-16,Direct,true,4,0,4,3.0
George Condo · Fashion Model · 2025 Q1,Fashion Model,2025-01-16,Organic Search,true,1,0,1,0.0
George Condo · Fashion Model · 2025 Q1,Fashion Model,2025-01-16,Referral Other,true,4,3,4,3.0
George Condo · Fashion Model · 2025 Q1,Fashion Model,2025-01-16,Referral X,true,1,0,1,1.0
George Condo · Fashion Model · 2025 Q1,Fashion Model,2025-01-17,AA Email Man,true,1,0,1,1.0
George Condo · Fashion Model · 2025 Q1,Fashion Model,2025-01-17,Referral Other,true,1,0,1,0.0
George Condo · Fashion Model · 2025 Q1,Fashion Model,2025-01-19,Referral Other,true,1,0,1,0.0
George Condo · Fashion Model · 2025 Q1,Fashion Model,2025-01-20,AA Email Man,true,1,0,1,1.0
George Condo · Fashion Model · 2025 Q1,Fashion Model,2025-01-21,AA Email Man,true,4,0,4,2.0
George Condo · Fashion Model · 2025 Q1,Fashion Model,2025-01-21,Referral Other,true,2,0,2,2.0
George Condo · Fashion Model · 2025 Q1,Fashion Model,2025-01-22,AA Email Man,true,4,0,4,4.0
George Condo · Fashion Model · 2025 Q1,Fashion Model,2025-01-23,Direct,true,2,0,2,1.0
George Condo · Fashion Model · 2025 Q1,Fashion Model,2025-01-23,untracked,true,6,0,6,1.0
George Condo · Fashion Model · 2025 Q1,Fashion Model,2025-01-24,AA Email Man,true,2,0,2,2.0
George Condo · Fashion Model · 2025 Q1,Fashion Model,2025-01-24,AA X,true,1,0,1,0.0
George Condo · Fashion Model · 2025 Q1,Fashion Model,2025-01-24,Direct,true,1,0,1,0.0
George Condo · Fashion Model · 2025 Q1,Fashion Model,2025-01-25,AA Email Man,true,1,0,1,0.0
George Condo · Fashion Model · 2025 Q1,Fashion Model,2025-01-27,Direct,true,1,0,1,0.0
George Condo · Fashion Model · 2025 Q1,Fashion Model,2025-01-28,AA Email Man,true,5,0,5,3.0
George Condo · Fashion Model · 2025 Q1,Fashion Model,2025-01-28,Direct,true,2,0,2,2.0
George Condo · Fashion Model · 2025 Q1,Fashion Model,2025-01-28,Organic Search,true,1,0,1,1.0
George Condo · Fashion Model · 2025 Q1,Fashion Model,2025-01-28,untracked,true,1,0,1,0.0
George Condo · Fashion Model · 2025 Q1,Fashion Model,2025-01-29,AA Email Man,true,1,0,1,1.0
George Condo · Fashion Model · 2025 Q1,Fashion Model,2025-01-29,Referral Other,true,1,0,1,1.0
George Condo · Fashion Model · 2025 Q1,Fashion Model,2025-01-30,Direct,true,2,0,2,0.0
George Condo · Fashion Model · 2025 Q1,Fashion Model,2025-01-30,Referral Other,true,1,0,1,0.0
George Condo · Fashion Model · 2025 Q1,Fashion Model,2025-01-31,AA Email Man,true,1,0,1,1.0
George Condo · Fashion Model · 2025 Q1,Fashion Model,2025-02-01,AA Email Man,true,1,0,1,0.0
George Condo · Fashion Model · 2025 Q1,Fashion Model,2025-02-03,AA Email Man,true,3,0,3,0.0
George Condo · Fashion Model · 2025 Q1,Fashion Model,2025-02-03,Direct,true,1,0,1,1.0
George Condo · Fashion Model · 2025 Q1,Fashion Model,2025-02-03,Referral Other,true,2,0,2,1.0
George Condo · Fashion Model · 2025 Q1,Fashion Model,2025-02-04,AA Email Man,true,4,0,4,1.0
George Condo · Fashion Model · 2025 Q1,Fashion Model,2025-02-04,Direct,true,4,0,4,2.0
George Condo · Fashion Model · 2025 Q1,Fashion Model,2025-02-05,AA Email Man,true,4,0,4,2.0
George Condo · Fashion Model · 2025 Q1,Fashion Model,2025-02-05,Direct,true,1,0,1,0.0
George Condo · Fashion Model · 2025 Q1,Fashion Model,2025-02-05,Paid Social,true,1,0,1,1.0
George Condo · Fashion Model · 2025 Q1,Fashion Model,2025-02-06,AA Email Man,true,1,0,1,0.0
George Condo · Fashion Model · 2025 Q1,Fashion Model,2025-02-06,Direct,true,1,0,1,0.0
George Condo · Fashion Model · 2025 Q1,Fashion Model,2025-02-06,untracked,true,1,0,1,1.0
George Condo · Fashion Model · 2025 Q1,Fashion Model,2025-02-10,AA Email Man,true,2,0,2,0.0
George Condo · Fashion Model · 2025 Q1,Fashion Model,2025-02-10,Direct,true,1,0,1,1.0
George Condo · Fashion Model · 2025 Q1,Fashion Model,2025-02-10,untracked,true,1,0,1,0.0
George Condo · Fashion Model · 2025 Q1,Fashion Model,2025-02-11,AA Meta,true,1,0,1,1.0
George Condo · Fashion Model · 2025 Q1,Fashion Model,2025-02-12,AA Email Man,true,3,0,3,2.0
George Condo · Fashion Model · 2025 Q1,Fashion Model,2025-02-13,AA Email Man,true,1,0,1,0.0
George Condo · Fashion Model · 2025 Q1,Fashion Model,2025-02-13,Organic Search,true,4,0,4,2.0
George Condo · Fashion Model · 2025 Q1,Fashion Model,2025-02-17,Direct,true,1,0,1,0.0
George Condo · Fashion Model · 2025 Q1,Fashion Model,2025-02-18,AA Email Man,true,23,0,23,12.0
George Condo · Fashion Model · 2025 Q1,Fashion Model,2025-02-18,Direct,true,4,0,4,2.0
George Condo · Fashion Model · 2025 Q1,Fashion Model,2025-02-18,Organic Search,true,4,0,4,2.0
George Condo · Fashion Model · 2025 Q1,Fashion Model,2025-02-18,Referral Other,true,3,0,3,2.0
George Condo · Fashion Model · 2025 Q1,Fashion Model,2025-02-18,untracked,true,2,0,2,1.0
George Condo · Fashion Model · 2025 Q1,Fashion Model,2025-02-19,AA Email Man,true,1,0,1,1.0
George Condo · Fashion Model · 2025 Q1,Fashion Model,2025-02-20,AA Email Man,true,1,0,1,1.0
George Condo · Fashion Model · 2025 Q1,Fashion Model,2025-02-20,Organic Search,true,2,0,2,2.0
George Condo · Fashion Model · 2025 Q1,Fashion Model,2025-02-20,untracked,true,1,0,1,0.0
George Condo · Fashion Model · 2025 Q1,Fashion Model,2025-02-21,Direct,true,1,0,1,1.0
George Condo · Fashion Model · 2025 Q1,Fashion Model,2025-02-21,Referral Other,true,3,0,3,1.0
George Condo · Fashion Model · 2025 Q1,Fashion Model,2025-02-25,Direct,true,1,0,1,1.0
George Condo · Fashion Model · 2025 Q1,Fashion Model,2025-02-25,Referral Other,true,1,0,1,0.0
George Condo · Fashion Model · 2025 Q1,Fashion Model,2025-02-26,Direct,true,2,0,2,0.0
George Condo · Fashion Model · 2025 Q1,Fashion Model,2025-03-06,Referral Other,true,1,0,1,0.0
George Condo · Fashion Model · 2025 Q1,Fashion Model,2025-03-12,AA Email Man,true,2,0,2,0.0
George Condo · Fashion Model · 2025 Q1,Fashion Model,2025-04-14,Organic Search,true,1,0,1,0.0
George Condo · Fashion Model · 2025 Q1,Fashion Model,2025-04-22,Organic Search,true,1,0,1,0.0
George Condo · Fashion Model · 2025 Q1,Fashion Model,2025-09-04,Direct,true,1,0,1,0.0
George Condo · Multiple · 2024 Q1,Lost in Time,2024-01-15,Direct,true,3,0,3,1.0
George Condo · Multiple · 2024 Q1,Lost in Time,2024-01-15,untracked,true,1,0,1,0.0
George Condo · Multiple · 2024 Q1,Lost in Time,2024-01-16,Direct,true,1,0,1,0.0
George Condo · Multiple · 2024 Q1,Lost in Time,2024-01-16,Referral Other,true,1,0,1,0.0
George Condo · Multiple · 2024 Q1,Lost in Time,2024-01-17,Direct,true,1,0,1,1.0
George Condo · Multiple · 2024 Q1,Lost in Time,2024-01-17,untracked,true,1,0,1,0.0
George Condo · Multiple · 2024 Q1,Lost in Time,2024-01-18,Direct,true,1,0,1,0.0
George Condo · Multiple · 2024 Q1,Lost in Time,2024-01-18,Referral Other,true,1,0,1,0.0
George Condo · Multiple · 2024 Q1,Lost in Time,2024-01-19,Referral Other,true,2,0,2,0.0
George Condo · Multiple · 2024 Q1,Lost in Time,2024-01-22,Direct,true,1,0,1,0.0
George Condo · Multiple · 2024 Q1,Lost in Time,2024-01-22,Referral Other,true,1,0,1,0.0
George Condo · Multiple · 2024 Q1,Lost in Time,2024-01-22,untracked,true,3,0,3,1.0
George Condo · Multiple · 2024 Q1,Lost in Time,2024-01-23,Direct,true,5,0,5,1.0
George Condo · Multiple · 2024 Q1,Lost in Time,2024-01-23,Referral Other,true,1,0,1,0.0
George Condo · Multiple · 2024 Q1,Lost in Time,2024-01-24,Direct,true,1,0,1,1.0
George Condo · Multiple · 2024 Q1,Lost in Time,2024-01-24,untracked,true,3,0,3,3.0
George Condo · Multiple · 2024 Q1,Lost in Time,2024-01-25,Referral Other,true,1,0,1,1.0
George Condo · Multiple · 2024 Q1,Lost in Time,2024-01-25,untracked,true,1,0,1,0.0
George Condo · Multiple · 2024 Q1,Lost in Time,2024-01-27,Referral Other,true,1,0,1,1.0
George Condo · Multiple · 2024 Q1,Lost in Time,2024-01-29,Direct,true,1,0,1,0.0
George Condo · Multiple · 2024 Q1,Lost in Time,2024-01-30,Direct,true,1,0,1,1.0
George Condo · Multiple · 2024 Q1,Lost in Time,2024-01-30,Referral Other,true,1,0,1,0.0
George Condo · Multiple · 2024 Q1,Lost in Time,2024-02-01,Direct,true,1,0,1,0.0
George Condo · Multiple · 2024 Q1,Lost in Time,2024-02-01,Referral Other,true,2,0,2,0.0
George Condo · Multiple · 2024 Q1,Lost in Time,2024-02-01,untracked,true,1,0,1,1.0
George Condo · Multiple · 2024 Q1,Lost in Time,2024-02-03,Referral Other,true,1,0,1,0.0
George Condo · Multiple · 2024 Q1,Lost in Time,2024-02-05,Referral Other,true,1,0,1,0.0
George Condo · Multiple · 2024 Q1,Lost in Time,2024-02-07,AA Meta,true,1,0,1,0.0
George Condo · Multiple · 2024 Q1,Lost in Time,2024-02-07,Direct,true,1,0,1,0.0
George Condo · Multiple · 2024 Q1,Lost in Time,2024-02-07,untracked,true,1,0,1,0.0
George Condo · Multiple · 2024 Q1,Lost in Time,2024-02-09,Referral Other,true,2,0,2,0.0
George Condo · Multiple · 2024 Q1,Lost in Time,2024-02-12,Direct,true,4,0,4,1.0
George Condo · Multiple · 2024 Q1,Lost in Time,2024-02-13,Direct,true,7,0,7,2.0
George Condo · Multiple · 2024 Q1,Lost in Time,2024-02-13,untracked,true,5,0,5,0.0
George Condo · Multiple · 2024 Q1,Lost in Time,2024-02-14,Direct,true,1,0,1,0.0
George Condo · Multiple · 2024 Q1,Lost in Time,2024-02-14,Referral Other,true,1,0,1,1.0
George Condo · Multiple · 2024 Q1,Lost in Time,2024-02-15,untracked,true,1,0,1,0.0
George Condo · Multiple · 2024 Q1,Lost in Time,2024-02-19,AA Email Auto,true,1,0,1,1.0
George Condo · Multiple · 2024 Q1,Lost in Time,2024-02-19,AA Meta,true,1,0,1,0.0
George Condo · Multiple · 2024 Q1,Lost in Time,2024-02-19,untracked,true,2,0,2,1.0
George Condo · Multiple · 2024 Q1,Lost in Time,2024-02-20,Direct,true,1,0,1,0.0
George Condo · Multiple · 2024 Q1,Lost in Time,2024-02-21,Direct,true,2,0,2,0.0
George Condo · Multiple · 2024 Q1,Lost in Time,2024-02-22,Referral Other,true,2,0,2,0.0
George Condo · Multiple · 2024 Q1,Lost in Time,2024-02-23,Direct,true,3,0,3,2.0
George Condo · Multiple · 2024 Q1,Lost in Time,2024-02-23,Referral Other,true,1,0,1,1.0
George Condo · Multiple · 2024 Q1,Lost in Time,2024-02-23,untracked,true,1,0,1,0.0
George Condo · Multiple · 2024 Q1,Lost in Time,2024-02-24,untracked,true,1,0,1,0.0
George Condo · Multiple · 2024 Q1,Lost in Time,2024-02-26,Organic Search,true,1,0,1,1.0
George Condo · Multiple · 2024 Q1,Lost in Time,2024-02-26,Referral Other,true,1,0,1,0.0
George Condo · Multiple · 2024 Q1,Lost in Time,2024-02-27,Direct,true,3,0,3,1.0
George Condo · Multiple · 2024 Q1,Lost in Time,2024-02-27,untracked,true,2,0,2,0.0
George Condo · Multiple · 2024 Q1,Lost in Time,2024-02-28,AA Email Man,true,1,0,1,1.0
George Condo · Multiple · 2024 Q1,Lost in Time,2024-02-28,Direct,true,4,0,4,2.0
George Condo · Multiple · 2024 Q1,Lost in Time,2024-02-28,Referral Other,true,2,0,2,0.0
George Condo · Multiple · 2024 Q1,Lost in Time,2024-02-29,Direct,true,2,0,2,0.0
George Condo · Multiple · 2024 Q1,Lost in Time,2024-03-02,Direct,true,1,0,1,0.0
George Condo · Multiple · 2024 Q1,Lost in Time,2024-03-04,untracked,true,1,0,1,1.0
George Condo · Multiple · 2024 Q1,Lost in Time,2024-03-05,Direct,true,1,0,1,0.0
George Condo · Multiple · 2024 Q1,Lost in Time,2024-03-05,untracked,true,3,0,3,0.0
George Condo · Multiple · 2024 Q1,Lost in Time,2024-03-06,Direct,true,2,0,2,0.0
George Condo · Multiple · 2024 Q1,Lost in Time,2024-03-06,untracked,true,1,0,1,0.0
George Condo · Multiple · 2024 Q1,Lost in Time,2024-03-07,Direct,true,2,0,2,2.0
George Condo · Multiple · 2024 Q1,Lost in Time,2024-03-07,untracked,true,2,0,2,0.0
George Condo · Multiple · 2024 Q1,Lost in Time,2024-03-08,Direct,true,1,0,1,0.0
George Condo · Multiple · 2024 Q1,Lost in Time,2024-03-09,Referral Other,true,2,0,2,0.0
George Condo · Multiple · 2024 Q1,Lost in Time,2024-03-09,untracked,true,1,0,1,0.0
George Condo · Multiple · 2024 Q1,Lost in Time,2024-03-10,AA Email Man,true,2,0,2,1.0
George Condo · Multiple · 2024 Q1,Lost in Time,2024-03-11,AA Email Man,true,1,0,1,0.0
George Condo · Multiple · 2024 Q1,Lost in Time,2024-03-11,Direct,true,2,0,2,2.0
George Condo · Multiple · 2024 Q1,Lost in Time,2024-03-12,Direct,true,1,0,1,0.0
George Condo · Multiple · 2024 Q1,Lost in Time,2024-03-13,Direct,true,1,0,1,0.0
George Condo · Multiple · 2024 Q1,Lost in Time,2024-03-14,Direct,true,2,0,2,1.0
George Condo · Multiple · 2024 Q1,Lost in Time,2024-03-15,Direct,true,2,0,2,1.0
George Condo · Multiple · 2024 Q1,Lost in Time,2024-03-15,Referral Other,true,1,0,1,0.0
George Condo · Multiple · 2024 Q1,Lost in Time,2024-03-16,AA Email Man,true,1,0,1,0.0
George Condo · Multiple · 2024 Q1,Lost in Time,2024-03-16,Direct,true,1,0,1,0.0
George Condo · Multiple · 2024 Q1,Lost in Time,2024-03-18,Direct,true,1,0,1,0.0
George Condo · Multiple · 2024 Q1,Lost in Time,2024-03-19,Direct,true,1,0,1,1.0
George Condo · Multiple · 2024 Q1,Lost in Time,2024-03-19,Organic Search,true,1,0,1,1.0
George Condo · Multiple · 2024 Q1,Lost in Time,2024-03-19,untracked,true,1,0,1,0.0
George Condo · Multiple · 2024 Q1,Lost in Time,2024-03-20,AA Email Man,true,4,0,4,2.0
George Condo · Multiple · 2024 Q1,Lost in Time,2024-03-20,Direct,true,5,0,5,1.0
George Condo · Multiple · 2024 Q1,Lost in Time,2024-03-20,Organic Search,true,1,0,1,0.0
George Condo · Multiple · 2024 Q1,Lost in Time,2024-03-20,Referral Other,true,1,0,1,0.0
George Condo · Multiple · 2024 Q1,Lost in Time,2024-03-20,untracked,true,4,0,4,2.0
George Condo · Multiple · 2024 Q1,Lost in Time,2024-03-21,Referral Other,true,1,0,1,1.0
George Condo · Multiple · 2024 Q1,Lost in Time,2024-03-21,untracked,true,1,0,1,1.0
George Condo · Multiple · 2024 Q1,Lost in Time,2024-03-22,AA Email Man,true,1,0,1,0.0
George Condo · Multiple · 2024 Q1,Lost in Time,2024-03-22,Direct,true,1,0,1,0.0
George Condo · Multiple · 2024 Q1,Lost in Time,2024-05-06,Referral Other,true,1,0,1,0.0
George Condo · Multiple · 2024 Q1,Lost in Time,2024-05-24,untracked,true,1,0,1,0.0
George Condo · Multiple · 2024 Q1,Lost in Time,2024-05-30,untracked,true,1,0,1,0.0
George Condo · Multiple · 2024 Q1,Lost in Time,2024-06-03,Direct,true,1,0,1,1.0
George Condo · Multiple · 2024 Q1,Lost in Time,2025-03-06,Direct,true,1,0,1,0.0
George Condo · Multiple · 2024 Q1,Lost in Time AP,2025-01-10,Referral Other,true,1,0,0,0.0
George Condo · Multiple · 2024 Q1,Lost in Time AP,2025-01-15,Referral Other,true,1,0,0,0.0
George Condo · Multiple · 2024 Q1,Lost in Time AP,2025-01-16,Organic Search,true,1,0,0,0.0
George Condo · Multiple · 2024 Q1,Lost in Time AP,2025-02-18,Direct,true,1,0,0,0.0
George Condo · Multiple · 2024 Q1,Lost in Time AP,2025-02-21,Referral Other,true,1,0,0,0.0
George Condo · Multiple · 2024 Q1,Lost in Time AP,2025-03-02,Referral Other,true,1,0,0,0.0
George Condo · Multiple · 2024 Q1,Lost in Time AP,2025-04-07,AA Email Man,true,1,0,0,0.0
George Condo · Multiple · 2024 Q1,Lost in Time AP,2025-04-08,untracked,true,1,0,0,0.0
George Condo · Multiple · 2024 Q1,Lost in Time AP,2026-02-09,Organic Search,true,1,0,0,0.0
George Condo · Multiple · 2024 Q1,Portrait and Head,2024-01-15,Direct,true,2,0,2,1.0
George Condo · Multiple · 2024 Q1,Portrait and Head,2024-01-15,untracked,true,1,0,1,0.0
George Condo · Multiple · 2024 Q1,Portrait and Head,2024-01-16,Direct,true,1,0,1,0.0
George Condo · Multiple · 2024 Q1,Portrait and Head,2024-01-16,Referral Other,true,2,0,2,0.0
George Condo · Multiple · 2024 Q1,Portrait and Head,2024-01-18,Direct,true,2,0,2,0.0
George Condo · Multiple · 2024 Q1,Portrait and Head,2024-01-18,Referral Other,true,1,0,1,0.0
George Condo · Multiple · 2024 Q1,Portrait and Head,2024-01-19,Direct,true,1,0,1,1.0
George Condo · Multiple · 2024 Q1,Portrait and Head,2024-01-19,Referral Other,true,1,0,1,0.0
George Condo · Multiple · 2024 Q1,Portrait and Head,2024-01-19,untracked,true,1,0,1,1.0
George Condo · Multiple · 2024 Q1,Portrait and Head,2024-01-21,Direct,true,1,0,1,0.0
George Condo · Multiple · 2024 Q1,Portrait and Head,2024-01-21,Referral Other,true,1,0,1,0.0
George Condo · Multiple · 2024 Q1,Portrait and Head,2024-01-23,Direct,true,2,0,2,1.0
George Condo · Multiple · 2024 Q1,Portrait and Head,2024-01-24,untracked,true,2,0,2,2.0
George Condo · Multiple · 2024 Q1,Portrait and Head,2024-01-25,Referral Other,true,1,0,1,1.0
George Condo · Multiple · 2024 Q1,Portrait and Head,2024-01-25,untracked,true,1,0,1,0.0
George Condo · Multiple · 2024 Q1,Portrait and Head,2024-01-27,Referral Other,true,1,0,1,1.0
George Condo · Multiple · 2024 Q1,Portrait and Head,2024-01-29,Direct,true,1,0,1,0.0
George Condo · Multiple · 2024 Q1,Portrait and Head,2024-01-30,Referral Other,true,1,0,1,0.0
George Condo · Multiple · 2024 Q1,Portrait and Head,2024-01-31,Direct,true,1,0,1,0.0
George Condo · Multiple · 2024 Q1,Portrait and Head,2024-02-01,Referral Other,true,2,0,2,0.0
George Condo · Multiple · 2024 Q1,Portrait and Head,2024-02-01,untracked,true,1,0,1,1.0
George Condo · Multiple · 2024 Q1,Portrait and Head,2024-02-02,Direct,true,1,0,1,0.0
George Condo · Multiple · 2024 Q1,Portrait and Head,2024-02-03,Direct,true,1,0,1,0.0
George Condo · Multiple · 2024 Q1,Portrait and Head,2024-02-05,Referral Other,true,1,0,1,0.0
George Condo · Multiple · 2024 Q1,Portrait and Head,2024-02-06,Referral Other,true,1,0,1,0.0
George Condo · Multiple · 2024 Q1,Portrait and Head,2024-02-07,Direct,true,1,0,1,0.0
George Condo · Multiple · 2024 Q1,Portrait and Head,2024-02-07,Referral Other,true,2,0,2,2.0
George Condo · Multiple · 2024 Q1,Portrait and Head,2024-02-07,untracked,true,6,0,6,1.0
George Condo · Multiple · 2024 Q1,Portrait and Head,2024-02-08,Direct,true,1,0,1,0.0
George Condo · Multiple · 2024 Q1,Portrait and Head,2024-02-08,Referral Other,true,1,0,1,1.0
George Condo · Multiple · 2024 Q1,Portrait and Head,2024-02-08,untracked,true,1,0,1,0.0
George Condo · Multiple · 2024 Q1,Portrait and Head,2024-02-09,Referral Other,true,2,0,2,0.0
George Condo · Multiple · 2024 Q1,Portrait and Head,2024-02-12,AA Meta,true,2,0,2,0.0
George Condo · Multiple · 2024 Q1,Portrait and Head,2024-02-12,Direct,true,8,0,8,0.0
George Condo · Multiple · 2024 Q1,Portrait and Head,2024-02-12,Referral Other,true,3,0,3,3.0
George Condo · Multiple · 2024 Q1,Portrait and Head,2024-02-13,Direct,true,8,0,8,2.0
George Condo · Multiple · 2024 Q1,Portrait and Head,2024-02-13,untracked,true,3,0,3,0.0
George Condo · Multiple · 2024 Q1,Portrait and Head,2024-02-14,Direct,true,1,0,1,0.0
George Condo · Multiple · 2024 Q1,Portrait and Head,2024-02-14,Referral Other,true,2,0,2,1.0
George Condo · Multiple · 2024 Q1,Portrait and Head,2024-02-15,untracked,true,1,0,1,0.0
George Condo · Multiple · 2024 Q1,Portrait and Head,2024-02-18,Direct,true,1,0,1,1.0
George Condo · Multiple · 2024 Q1,Portrait and Head,2024-02-19,AA Email Auto,true,1,0,1,1.0
George Condo · Multiple · 2024 Q1,Portrait and Head,2024-02-19,Direct,true,1,0,1,1.0
George Condo · Multiple · 2024 Q1,Portrait and Head,2024-02-19,untracked,true,1,0,1,1.0
George Condo · Multiple · 2024 Q1,Portrait and Head,2024-02-20,Direct,true,1,0,1,0.0
George Condo · Multiple · 2024 Q1,Portrait and Head,2024-02-21,Direct,true,2,0,2,0.0
George Condo · Multiple · 2024 Q1,Portrait and Head,2024-02-22,Referral Other,true,2,0,2,0.0
George Condo · Multiple · 2024 Q1,Portrait and Head,2024-02-23,Direct,true,3,0,3,0.0
George Condo · Multiple · 2024 Q1,Portrait and Head,2024-02-23,Referral Other,true,1,0,1,0.0
George Condo · Multiple · 2024 Q1,Portrait and Head,2024-02-26,Direct,true,1,0,1,1.0
George Condo · Multiple · 2024 Q1,Portrait and Head,2024-02-26,Organic Search,true,1,0,1,1.0
George Condo · Multiple · 2024 Q1,Portrait and Head,2024-02-26,Referral Other,true,1,0,1,0.0
George Condo · Multiple · 2024 Q1,Portrait and Head,2024-02-27,Referral Other,true,1,0,1,1.0
George Condo · Multiple · 2024 Q1,Portrait and Head,2024-02-27,untracked,true,2,0,2,0.0
George Condo · Multiple · 2024 Q1,Portrait and Head,2024-02-28,Direct,true,6,0,6,1.0
George Condo · Multiple · 2024 Q1,Portrait and Head,2024-02-28,Organic Search,true,1,0,1,1.0
George Condo · Multiple · 2024 Q1,Portrait and Head,2024-02-28,Referral Other,true,2,0,2,0.0
George Condo · Multiple · 2024 Q1,Portrait and Head,2024-02-29,Direct,true,2,0,2,0.0
George Condo · Multiple · 2024 Q1,Portrait and Head,2024-02-29,Referral Other,true,1,0,1,0.0
George Condo · Multiple · 2024 Q1,Portrait and Head,2024-03-04,untracked,true,1,0,1,1.0
George Condo · Multiple · 2024 Q1,Portrait and Head,2024-03-07,Direct,true,1,0,1,0.0
George Condo · Multiple · 2024 Q1,Portrait and Head,2024-03-09,Referral Other,true,2,0,2,0.0
George Condo · Multiple · 2024 Q1,Portrait and Head,2024-03-11,Direct,true,1,0,1,0.0
George Condo · Multiple · 2024 Q1,Portrait and Head,2024-03-12,Organic Search,true,1,0,1,0.0
George Condo · Multiple · 2024 Q1,Portrait and Head,2024-03-13,Direct,true,1,0,1,0.0
George Condo · Multiple · 2024 Q1,Portrait and Head,2024-03-13,Referral Meta,true,1,0,1,0.0
George Condo · Multiple · 2024 Q1,Portrait and Head,2024-03-14,Direct,true,1,0,1,0.0
George Condo · Multiple · 2024 Q1,Portrait and Head,2024-03-14,Organic Search,true,1,0,1,1.0
George Condo · Multiple · 2024 Q1,Portrait and Head,2024-03-14,untracked,true,1,0,1,0.0
George Condo · Multiple · 2024 Q1,Portrait and Head,2024-03-15,Direct,true,2,0,2,1.0
George Condo · Multiple · 2024 Q1,Portrait and Head,2024-03-16,Direct,true,1,0,1,0.0
George Condo · Multiple · 2024 Q1,Portrait and Head,2024-03-18,Direct,true,1,0,1,0.0
George Condo · Multiple · 2024 Q1,Portrait and Head,2024-03-19,AA Email Man,true,1,0,1,0.0
George Condo · Multiple · 2024 Q1,Portrait and Head,2024-03-19,Direct,true,4,0,4,3.0
George Condo · Multiple · 2024 Q1,Portrait and Head,2024-03-20,AA Email Man,true,5,0,5,0.0
George Condo · Multiple · 2024 Q1,Portrait and Head,2024-03-20,Direct,true,6,0,6,2.0
George Condo · Multiple · 2024 Q1,Portrait and Head,2024-03-20,Organic Search,true,2,0,2,0.0
George Condo · Multiple · 2024 Q1,Portrait and Head,2024-03-20,Referral Other,true,3,0,3,1.0
George Condo · Multiple · 2024 Q1,Portrait and Head,2024-03-20,untracked,true,2,0,2,1.0
George Condo · Multiple · 2024 Q1,Portrait and Head,2024-03-21,AA Email Man,true,1,0,1,0.0
George Condo · Multiple · 2024 Q1,Portrait and Head,2024-03-21,Direct,true,1,0,1,0.0
George Condo · Multiple · 2024 Q1,Portrait and Head,2024-03-21,Organic Search,true,1,0,1,0.0
George Condo · Multiple · 2024 Q1,Portrait and Head,2024-03-21,untracked,true,2,0,2,0.0
George Condo · Multiple · 2024 Q1,Portrait and Head,2024-05-06,Referral Other,true,1,0,1,0.0
George Condo · Multiple · 2024 Q1,Portrait and Head,2024-05-30,untracked,true,1,0,1,0.0
George Condo · Multiple · 2024 Q1,Portrait and Head,2024-06-03,Direct,true,1,0,1,1.0
George Condo · Multiple · 2024 Q1,Portrait and Head,2025-01-28,Direct,true,1,0,1,0.0
George Condo · Multiple · 2024 Q1,Portrait and Head,2025-03-06,Direct,true,1,0,1,0.0
George Condo · Multiple · 2024 Q1,Portrait and Head AP,2025-01-10,Referral Other,true,1,0,0,0.0
George Condo · Multiple · 2024 Q1,Portrait and Head AP,2025-01-15,Referral Other,true,1,0,0,0.0
George Condo · Multiple · 2024 Q1,Portrait and Head AP,2025-01-24,AA Email Man,true,1,0,0,0.0
George Condo · Multiple · 2024 Q1,Portrait and Head AP,2025-02-21,Referral Other,true,1,0,0,0.0
George Condo · Multiple · 2024 Q1,Portrait and Head AP,2025-03-02,Referral Other,true,1,0,0,0.0
George Condo · Multiple · 2024 Q1,Portrait and Head AP,2025-04-08,untracked,true,1,0,0,0.0
George Condo · Multiple · 2024 Q1,Portrait and Head AP,2025-06-24,Direct,true,1,0,0,0.0
George Condo · Multiple · 2024 Q1,Portrait and Head AP,2025-11-10,AA Email Man,true,1,0,0,0.0
George Condo · Multiple · 2024 Q1,Portrait and Head AP,2026-01-02,Direct,true,1,0,0,0.0
George Condo · Multiple · 2024 Q1,Portrait and Head AP,2026-02-09,Organic Search,true,1,0,0,0.0
George Condo · Multiple · 2024 Q1,Portrait and Head AP,2026-05-12,Referral Other,true,1,0,0,0.0
George Condo · Multiple · 2024 Q1,Prismatic Head Composition,2024-01-15,Direct,true,2,0,2,1.0
George Condo · Multiple · 2024 Q1,Prismatic Head Composition,2024-01-15,untracked,true,1,0,1,0.0
George Condo · Multiple · 2024 Q1,Prismatic Head Composition,2024-01-16,Referral Other,true,1,0,1,0.0
George Condo · Multiple · 2024 Q1,Prismatic Head Composition,2024-01-18,Direct,true,1,0,1,0.0
George Condo · Multiple · 2024 Q1,Prismatic Head Composition,2024-01-19,Referral Other,true,1,0,1,0.0
George Condo · Multiple · 2024 Q1,Prismatic Head Composition,2024-01-19,untracked,true,2,0,2,1.0
George Condo · Multiple · 2024 Q1,Prismatic Head Composition,2024-01-21,Referral Other,true,1,0,1,0.0
George Condo · Multiple · 2024 Q1,Prismatic Head Composition,2024-01-22,Referral Other,true,2,0,2,1.0
George Condo · Multiple · 2024 Q1,Prismatic Head Composition,2024-01-23,Direct,true,4,0,4,2.0
George Condo · Multiple · 2024 Q1,Prismatic Head Composition,2024-01-23,Referral Other,true,1,0,1,0.0
George Condo · Multiple · 2024 Q1,Prismatic Head Composition,2024-01-24,Direct,true,2,0,2,1.0
George Condo · Multiple · 2024 Q1,Prismatic Head Composition,2024-01-24,Referral Other,true,1,0,1,0.0
George Condo · Multiple · 2024 Q1,Prismatic Head Composition,2024-01-24,untracked,true,2,0,2,2.0
George Condo · Multiple · 2024 Q1,Prismatic Head Composition,2024-01-25,Direct,true,2,0,2,0.0
George Condo · Multiple · 2024 Q1,Prismatic Head Composition,2024-01-25,Referral Other,true,1,0,1,1.0
George Condo · Multiple · 2024 Q1,Prismatic Head Composition,2024-01-25,untracked,true,1,0,1,0.0
George Condo · Multiple · 2024 Q1,Prismatic Head Composition,2024-01-27,Referral Other,true,1,0,1,1.0
George Condo · Multiple · 2024 Q1,Prismatic Head Composition,2024-01-29,Direct,true,1,0,1,0.0
George Condo · Multiple · 2024 Q1,Prismatic Head Composition,2024-01-30,Referral Other,true,1,0,1,0.0
George Condo · Multiple · 2024 Q1,Prismatic Head Composition,2024-02-01,Direct,true,1,0,1,0.0
George Condo · Multiple · 2024 Q1,Prismatic Head Composition,2024-02-01,Referral Other,true,2,0,2,0.0
George Condo · Multiple · 2024 Q1,Prismatic Head Composition,2024-02-01,untracked,true,2,0,2,1.0
George Condo · Multiple · 2024 Q1,Prismatic Head Composition,2024-02-06,Referral Other,true,2,0,2,0.0
George Condo · Multiple · 2024 Q1,Prismatic Head Composition,2024-02-07,Direct,true,1,0,1,1.0
George Condo · Multiple · 2024 Q1,Prismatic Head Composition,2024-02-07,Referral Other,true,2,0,2,2.0
George Condo · Multiple · 2024 Q1,Prismatic Head Composition,2024-02-07,untracked,true,7,0,7,0.0
George Condo · Multiple · 2024 Q1,Prismatic Head Composition,2024-02-08,Referral Other,true,1,0,1,1.0
George Condo · Multiple · 2024 Q1,Prismatic Head Composition,2024-02-08,untracked,true,1,0,1,0.0
George Condo · Multiple · 2024 Q1,Prismatic Head Composition,2024-02-09,Referral Other,true,2,0,2,0.0
George Condo · Multiple · 2024 Q1,Prismatic Head Composition,2024-02-12,AA Meta,true,2,0,2,0.0
George Condo · Multiple · 2024 Q1,Prismatic Head Composition,2024-02-12,Direct,true,9,0,9,0.0
George Condo · Multiple · 2024 Q1,Prismatic Head Composition,2024-02-12,Referral Other,true,2,0,2,2.0
George Condo · Multiple · 2024 Q1,Prismatic Head Composition,2024-02-13,Direct,true,7,0,7,2.0
George Condo · Multiple · 2024 Q1,Prismatic Head Composition,2024-02-13,untracked,true,3,0,3,0.0
George Condo · Multiple · 2024 Q1,Prismatic Head Composition,2024-02-14,Direct,true,1,0,1,0.0
George Condo · Multiple · 2024 Q1,Prismatic Head Composition,2024-02-14,Referral Other,true,2,0,2,0.0
George Condo · Multiple · 2024 Q1,Prismatic Head Composition,2024-02-15,untracked,true,1,0,1,0.0
George Condo · Multiple · 2024 Q1,Prismatic Head Composition,2024-02-17,Direct,true,1,0,1,0.0
George Condo · Multiple · 2024 Q1,Prismatic Head Composition,2024-02-18,Direct,true,1,0,1,1.0
George Condo · Multiple · 2024 Q1,Prismatic Head Composition,2024-02-19,AA Email Auto,true,1,0,1,1.0
George Condo · Multiple · 2024 Q1,Prismatic Head Composition,2024-02-19,untracked,true,1,0,1,1.0
George Condo · Multiple · 2024 Q1,Prismatic Head Composition,2024-02-20,Direct,true,1,0,1,0.0
George Condo · Multiple · 2024 Q1,Prismatic Head Composition,2024-02-20,Referral Other,true,1,0,1,1.0
George Condo · Multiple · 2024 Q1,Prismatic Head Composition,2024-02-21,Direct,true,1,0,1,0.0
George Condo · Multiple · 2024 Q1,Prismatic Head Composition,2024-02-22,Referral Other,true,2,0,2,0.0
George Condo · Multiple · 2024 Q1,Prismatic Head Composition,2024-02-23,Direct,true,1,0,1,0.0
George Condo · Multiple · 2024 Q1,Prismatic Head Composition,2024-02-26,Direct,true,1,0,1,1.0
George Condo · Multiple · 2024 Q1,Prismatic Head Composition,2024-02-26,Organic Search,true,1,0,1,1.0
George Condo · Multiple · 2024 Q1,Prismatic Head Composition,2024-02-27,Referral Other,true,1,0,1,1.0
George Condo · Multiple · 2024 Q1,Prismatic Head Composition,2024-02-27,untracked,true,2,0,2,0.0
George Condo · Multiple · 2024 Q1,Prismatic Head Composition,2024-02-28,Direct,true,5,0,5,1.0
George Condo · Multiple · 2024 Q1,Prismatic Head Composition,2024-02-28,Organic Search,true,1,0,1,1.0
George Condo · Multiple · 2024 Q1,Prismatic Head Composition,2024-02-28,Referral Other,true,1,0,1,0.0
George Condo · Multiple · 2024 Q1,Prismatic Head Composition,2024-02-29,Direct,true,3,0,3,0.0
George Condo · Multiple · 2024 Q1,Prismatic Head Composition,2024-03-01,Organic Search,true,1,0,1,1.0
George Condo · Multiple · 2024 Q1,Prismatic Head Composition,2024-03-04,untracked,true,1,0,1,1.0
George Condo · Multiple · 2024 Q1,Prismatic Head Composition,2024-03-09,Referral Other,true,2,0,2,0.0
George Condo · Multiple · 2024 Q1,Prismatic Head Composition,2024-03-10,AA Email Man,true,1,0,1,1.0
George Condo · Multiple · 2024 Q1,Prismatic Head Composition,2024-03-11,Direct,true,3,0,3,1.0
George Condo · Multiple · 2024 Q1,Prismatic Head Composition,2024-03-12,Direct,true,4,0,4,3.0
George Condo · Multiple · 2024 Q1,Prismatic Head Composition,2024-03-12,Referral Other,true,1,0,1,0.0
George Condo · Multiple · 2024 Q1,Prismatic Head Composition,2024-03-13,Direct,true,1,0,1,1.0
George Condo · Multiple · 2024 Q1,Prismatic Head Composition,2024-03-13,Referral Other,true,1,0,1,1.0
George Condo · Multiple · 2024 Q1,Prismatic Head Composition,2024-03-15,AA Email Man,true,1,0,1,1.0
George Condo · Multiple · 2024 Q1,Prismatic Head Composition,2024-03-15,Direct,true,1,0,1,1.0
George Condo · Multiple · 2024 Q1,Prismatic Head Composition,2024-03-15,Referral Other,true,1,0,1,0.0
George Condo · Multiple · 2024 Q1,Prismatic Head Composition,2024-03-18,AA Email Man,true,1,0,1,1.0
George Condo · Multiple · 2024 Q1,Prismatic Head Composition,2024-03-18,Direct,true,1,0,1,0.0
George Condo · Multiple · 2024 Q1,Prismatic Head Composition,2024-03-19,Direct,true,2,0,2,2.0
George Condo · Multiple · 2024 Q1,Prismatic Head Composition,2024-03-20,AA Email Man,true,4,0,4,2.0
George Condo · Multiple · 2024 Q1,Prismatic Head Composition,2024-03-20,AA Meta,true,1,0,1,1.0
George Condo · Multiple · 2024 Q1,Prismatic Head Composition,2024-03-20,Direct,true,10,0,10,6.0
George Condo · Multiple · 2024 Q1,Prismatic Head Composition,2024-03-20,Organic Search,true,1,0,1,1.0
George Condo · Multiple · 2024 Q1,Prismatic Head Composition,2024-03-20,Referral Other,true,1,0,1,1.0
George Condo · Multiple · 2024 Q1,Prismatic Head Composition,2024-03-20,untracked,true,3,0,3,1.0
George Condo · Multiple · 2024 Q1,Prismatic Head Composition,2024-03-21,AA Email Man,true,1,0,1,0.0
George Condo · Multiple · 2024 Q1,Prismatic Head Composition,2024-03-21,Direct,true,1,0,1,0.0
George Condo · Multiple · 2024 Q1,Prismatic Head Composition,2024-03-21,Organic Search,true,2,0,2,0.0
George Condo · Multiple · 2024 Q1,Prismatic Head Composition,2024-03-23,Direct,true,1,0,1,1.0
George Condo · Multiple · 2024 Q1,Prismatic Head Composition,2024-05-06,Referral Other,true,1,0,1,0.0
George Condo · Multiple · 2024 Q1,Prismatic Head Composition,2024-05-30,untracked,true,1,0,1,0.0
George Condo · Multiple · 2024 Q1,Prismatic Head Composition,2024-06-03,Direct,true,1,0,1,1.0
George Condo · Multiple · 2024 Q1,Prismatic Head Composition,2025-03-06,Direct,true,1,0,1,0.0
George Condo · Multiple · 2024 Q1,Prismatic Head Composition AP,2025-01-10,Referral Other,true,1,0,0,0.0
George Condo · Multiple · 2024 Q1,Prismatic Head Composition AP,2025-01-15,Direct,true,1,0,0,0.0
George Condo · Multiple · 2024 Q1,Prismatic Head Composition AP,2025-01-15,Referral Other,true,1,0,0,0.0
George Condo · Multiple · 2024 Q1,Prismatic Head Composition AP,2025-01-24,AA Email Man,true,1,0,0,0.0
George Condo · Multiple · 2024 Q1,Prismatic Head Composition AP,2025-02-21,Referral Other,true,1,0,0,0.0
George Condo · Multiple · 2024 Q1,Prismatic Head Composition AP,2025-03-02,Referral Other,true,1,0,0,0.0
George Condo · Multiple · 2024 Q1,Prismatic Head Composition AP,2025-04-08,untracked,true,1,0,0,0.0
George Condo · Multiple · 2024 Q1,Prismatic Head Composition AP,2025-06-24,Direct,true,1,0,0,0.0
George Condo · Multiple · 2024 Q1,Prismatic Head Composition AP,2025-11-09,Referral Other,true,1,0,0,0.0
George Condo · Multiple · 2024 Q1,Prismatic Head Composition AP,2026-02-09,Organic Search,true,1,0,0,0.0
George Rouy · Keeping it for Myself · 2022 Q1,Keeping it for Myself,2024-10-03,Direct,true,1,0,0,0.0
George Rouy · Keeping it for Myself · 2022 Q1,Keeping it for Myself,2024-10-31,Organic Search,true,1,0,0,0.0
George Rouy · Tearing of the Savage Breast · 2022 Q4,Tearing of the Savage Breast,2023-02-06,untracked,true,1,0,0,0.0
George Rouy · Tearing of the Savage Breast · 2022 Q4,Tearing of the Savage Breast,2024-05-28,Direct,true,1,0,0,0.0
George Rouy · Tearing of the Savage Breast · 2022 Q4,Tearing of the Savage Breast,2024-09-04,untracked,true,1,0,0,0.0
Giorgiko · Unacquainted Friends · 2023 Q4,Unacquainted Friends,2023-12-13,AA Email Man,true,1,0,0,0.0
Gisela McDaniel · Are you watching? · 2022 Q1,Are you watching?,2026-01-21,Referral Other,true,1,0,1,0.0
Giuseppe Penone · Multiple · 2026 Q3,Il mio vedere futuro - My Future Vision I,2026-06-15,Referral Other,true,1,1,1,1.0
Giuseppe Penone · Multiple · 2026 Q3,Il mio vedere futuro - My Future Vision I,2026-06-26,Paid Social,true,1,0,1,1.0
Giuseppe Penone · Multiple · 2026 Q3,Il mio vedere futuro - My Future Vision I,2026-07-06,AA Meta,true,1,0,1,0.0
Giuseppe Penone · Multiple · 2026 Q3,Il mio vedere futuro - My Future Vision I,2026-07-16,Direct,true,1,0,1,0.0
Giuseppe Penone · Multiple · 2026 Q3,Il mio vedere futuro - My Future Vision II,2026-06-15,Referral Other,true,3,3,3,2.0
Giuseppe Penone · Multiple · 2026 Q3,Il mio vedere futuro - My Future Vision II,2026-06-17,Referral Other,true,1,1,1,0.0
Giuseppe Penone · Multiple · 2026 Q3,Il mio vedere futuro - My Future Vision II,2026-06-19,AA Email Auto,true,1,0,1,0.0
Giuseppe Penone · Multiple · 2026 Q3,Il mio vedere futuro - My Future Vision II,2026-06-19,untracked,true,1,0,1,0.0
Giuseppe Penone · Multiple · 2026 Q3,Il mio vedere futuro - My Future Vision II,2026-06-24,AA Email Auto,true,1,0,1,1.0
Giuseppe Penone · Multiple · 2026 Q3,Il mio vedere futuro - My Future Vision II,2026-06-24,Direct,true,1,0,1,0.0
Giuseppe Penone · Multiple · 2026 Q3,Il mio vedere futuro - My Future Vision II,2026-06-24,Organic Search,true,1,0,1,0.0
Giuseppe Penone · Multiple · 2026 Q3,Il mio vedere futuro - My Future Vision II,2026-06-26,AA Email Auto,true,1,0,1,1.0
Giuseppe Penone · Multiple · 2026 Q3,Il mio vedere futuro - My Future Vision II,2026-06-26,Paid Social,true,2,0,2,2.0
Giuseppe Penone · Multiple · 2026 Q3,Il mio vedere futuro - My Future Vision II,2026-06-30,Direct,true,1,0,1,0.0
Giuseppe Penone · Multiple · 2026 Q3,Il mio vedere futuro - My Future Vision II,2026-07-06,AA Meta,true,1,0,1,0.0
Giuseppe Penone · Multiple · 2026 Q3,Il mio vedere futuro - My Future Vision II,2026-07-16,AA Email Man,true,1,0,1,0.0
Giuseppe Penone · Multiple · 2026 Q3,Il mio vedere futuro - My Future Vision II,2026-07-16,Direct,true,2,0,2,0.0
Giuseppe Penone · Multiple · 2026 Q3,Il mio vedere futuro - My Future Vision II,2026-07-16,Organic Search,true,1,0,1,0.0
Giuseppe Penone · Multiple · 2026 Q3,Il mio vedere futuro - My Future Vision II,2026-07-17,Direct,true,1,0,1,0.0
Glenn Brown · Multiple · 2025 Q3,A Sailor on the Bed,2025-09-15,Untracked,false,3,3,3,2.0
Glenn Brown · Multiple · 2025 Q3,A Sailor on the Bed,2025-09-16,Untracked,false,4,0,4,3.0
Glenn Brown · Multiple · 2025 Q3,A Sailor on the Bed,2025-09-17,Untracked,false,2,0,2,2.0
Glenn Brown · Multiple · 2025 Q3,A Sailor on the Bed,2025-09-23,Untracked,false,5,0,5,1.0
Glenn Brown · Multiple · 2025 Q3,Higher Than the Sun,2025-09-15,Untracked,false,6,6,6,0.0
Glenn Brown · Multiple · 2025 Q3,Higher Than the Sun,2025-09-16,Untracked,false,9,0,9,7.0
Glenn Brown · Multiple · 2025 Q3,Higher Than the Sun,2025-09-17,Untracked,false,1,0,1,1.0
Glenn Brown · Multiple · 2025 Q3,Higher Than the Sun,2025-09-19,Untracked,false,1,0,1,1.0
Glenn Brown · Multiple · 2025 Q3,Higher Than the Sun,2025-09-21,Untracked,false,1,0,1,1.0
Glenn Brown · Multiple · 2025 Q3,Higher Than the Sun,2025-09-23,Untracked,false,3,0,3,0.0
Glenn Brown · Multiple · 2025 Q3,Higher Than the Sun and A Sailor on the Bed,2025-09-15,Untracked,false,5,5,5,0.0
Glenn Brown · Multiple · 2025 Q3,Higher Than the Sun and A Sailor on the Bed,2025-09-16,Untracked,false,3,2,3,2.0
Glenn Brown · Multiple · 2025 Q3,Higher Than the Sun and A Sailor on the Bed,2025-09-18,Untracked,false,1,0,1,0.0
Glenn Brown · Multiple · 2025 Q3,Higher Than the Sun and A Sailor on the Bed,2025-09-20,Untracked,false,1,0,1,1.0
Glenn Brown · Multiple · 2025 Q3,Higher Than the Sun and A Sailor on the Bed,2025-09-22,Untracked,false,1,0,1,1.0
Glenn Ligon · Multiple · 2026 Q3,Untitled (Black on Black),2026-08-14,AA Email Man,true,3,3,3,3.0
Glenn Ligon · Multiple · 2026 Q3,Untitled (Black on Black),2026-08-14,Referral Other,true,12,12,12,10.0
Glenn Ligon · Multiple · 2026 Q3,Untitled (Black on Black),2026-08-17,AA Email Man,true,1,1,1,1.0
Glenn Ligon · Multiple · 2026 Q3,Untitled (Black on Black),2026-08-17,Referral Artist,true,2,2,2,1.0
Glenn Ligon · Multiple · 2026 Q3,Untitled (Black on Black),2026-08-17,Referral Other,true,1,1,1,1.0
Glenn Ligon · Multiple · 2026 Q3,Untitled (Black on Black),2026-08-18,Direct,true,1,0,1,0.0
Glenn Ligon · Multiple · 2026 Q3,Untitled (Black on Black),2026-08-20,Direct,true,1,0,1,0.0
Glenn Ligon · Multiple · 2026 Q3,Untitled (Black on Black),2026-08-21,AA Email Man,true,8,0,8,8.0
Glenn Ligon · Multiple · 2026 Q3,Untitled (Black on Black),2026-08-21,Direct,true,2,0,2,2.0
Glenn Ligon · Multiple · 2026 Q3,Untitled (Black on Black),2026-08-21,Paid Social,true,1,0,1,1.0
Glenn Ligon · Multiple · 2026 Q3,Untitled (Black on Black),2026-08-21,untracked,true,1,0,1,1.0
Glenn Ligon · Multiple · 2026 Q3,Untitled (Black on Black),2026-08-24,AA Email Man,true,1,0,1,1.0
Glenn Ligon · Multiple · 2026 Q3,Untitled (Black on Black),2026-08-24,AA Meta,true,1,0,1,1.0
Glenn Ligon · Multiple · 2026 Q3,Untitled (Black on Black),2026-08-24,Direct,true,1,0,1,1.0
Glenn Ligon · Multiple · 2026 Q3,Untitled (Black on Black),2026-08-24,Paid Social,true,2,0,2,2.0
Glenn Ligon · Multiple · 2026 Q3,Untitled (Black on Black),2026-08-24,untracked,true,1,0,1,1.0
Glenn Ligon · Multiple · 2026 Q3,Untitled (Black on Black),2026-08-25,AA Email Man,true,1,0,1,1.0
Glenn Ligon · Multiple · 2026 Q3,Untitled (Black on Black),2026-08-25,Organic Search,true,1,0,1,0.0
Glenn Ligon · Multiple · 2026 Q3,Untitled (Black on Black),2026-08-26,Direct,true,1,0,1,0.0
Glenn Ligon · Multiple · 2026 Q3,Untitled (Black on Black),2026-08-27,Direct,true,1,0,1,1.0
Glenn Ligon · Multiple · 2026 Q3,Untitled (Black on Black),2026-08-28,AA Email Auto,true,2,0,2,0.0
Glenn Ligon · Multiple · 2026 Q3,Untitled (Black on Black),2026-08-28,AA Email Man,true,5,0,5,1.0
Glenn Ligon · Multiple · 2026 Q3,Untitled (Black on Black),2026-08-28,Direct,true,2,0,2,0.0
Glenn Ligon · Multiple · 2026 Q3,Untitled (Black on Black),2026-08-28,Organic Search,true,1,0,1,0.0
Glenn Ligon · Multiple · 2026 Q3,Untitled (Black on Black),2026-08-28,Paid Social,true,3,0,3,0.0
Glenn Ligon · Multiple · 2026 Q3,Untitled (Black on Black),2026-08-28,untracked,true,1,0,1,0.0
Glenn Ligon · Multiple · 2026 Q3,Untitled (Black on Black),2026-08-31,Organic Search,true,1,0,1,1.0
Glenn Ligon · Multiple · 2026 Q3,Untitled (Black on Black),2026-09-01,untracked,true,1,0,1,0.0
Glenn Ligon · Multiple · 2026 Q3,Untitled (Black on Black),2026-09-02,AA Email Man,true,2,0,2,2.0
Glenn Ligon · Multiple · 2026 Q3,Untitled (Black on Black),2026-09-02,Organic Search,true,1,0,1,1.0
Glenn Ligon · Multiple · 2026 Q3,Untitled (Black on Black),2026-09-02,Referral Other,true,1,0,1,1.0
Glenn Ligon · Multiple · 2026 Q3,Untitled (Black on Black),2026-09-04,Direct,true,1,0,1,0.0
Glenn Ligon · Multiple · 2026 Q3,Untitled (Black on Black),2026-09-09,untracked,true,1,0,1,0.0
Glenn Ligon · Multiple · 2026 Q3,Untitled (Black on Black),2026-09-17,AA Email Man,true,3,0,3,3.0
Glenn Ligon · Multiple · 2026 Q3,Untitled (Black on Black),2026-09-17,Direct,true,3,0,3,3.0
Glenn Ligon · Multiple · 2026 Q3,Untitled (Black on Black),2026-09-17,Organic Search,true,4,0,4,4.0
Glenn Ligon · Multiple · 2026 Q3,Untitled (Black on Black),2026-09-21,untracked,true,1,0,1,0.0
Glenn Ligon · Multiple · 2026 Q3,Untitled (White on White),2026-08-14,AA Email Man,true,2,2,2,2.0
Glenn Ligon · Multiple · 2026 Q3,Untitled (White on White),2026-08-14,AA Meta,true,2,2,2,2.0
Glenn Ligon · Multiple · 2026 Q3,Untitled (White on White),2026-08-14,Referral Other,true,5,5,5,5.0
Glenn Ligon · Multiple · 2026 Q3,Untitled (White on White),2026-08-15,AA Email Auto,true,1,1,1,0.0
Glenn Ligon · Multiple · 2026 Q3,Untitled (White on White),2026-08-15,AA Email Man,true,1,1,1,1.0
Glenn Ligon · Multiple · 2026 Q3,Untitled (White on White),2026-08-15,Referral Artist,true,1,1,1,0.0
Glenn Ligon · Multiple · 2026 Q3,Untitled (White on White),2026-08-15,Referral Other,true,3,3,3,3.0
Glenn Ligon · Multiple · 2026 Q3,Untitled (White on White),2026-08-17,AA Email Man,true,1,1,1,1.0
Glenn Ligon · Multiple · 2026 Q3,Untitled (White on White),2026-08-17,Referral Other,true,1,1,1,0.0
Glenn Ligon · Multiple · 2026 Q3,Untitled (White on White),2026-08-17,untracked,true,1,1,1,0.0
Glenn Ligon · Multiple · 2026 Q3,Untitled (White on White),2026-08-18,Direct,true,1,0,1,0.0
Glenn Ligon · Multiple · 2026 Q3,Untitled (White on White),2026-08-20,Direct,true,1,0,1,0.0
Glenn Ligon · Multiple · 2026 Q3,Untitled (White on White),2026-08-21,AA Email Man,true,10,0,10,10.0
Glenn Ligon · Multiple · 2026 Q3,Untitled (White on White),2026-08-21,Direct,true,3,0,3,3.0
Glenn Ligon · Multiple · 2026 Q3,Untitled (White on White),2026-08-21,Organic Search,true,1,0,1,1.0
Glenn Ligon · Multiple · 2026 Q3,Untitled (White on White),2026-08-21,Referral Other,true,1,0,1,1.0
Glenn Ligon · Multiple · 2026 Q3,Untitled (White on White),2026-08-24,AA Meta,true,1,0,1,1.0
Glenn Ligon · Multiple · 2026 Q3,Untitled (White on White),2026-08-24,Other,true,1,0,1,1.0
Glenn Ligon · Multiple · 2026 Q3,Untitled (White on White),2026-08-25,Organic Search,true,1,0,1,0.0
Glenn Ligon · Multiple · 2026 Q3,Untitled (White on White),2026-08-26,Direct,true,1,0,1,0.0
Glenn Ligon · Multiple · 2026 Q3,Untitled (White on White),2026-08-27,Direct,true,1,0,1,1.0
Glenn Ligon · Multiple · 2026 Q3,Untitled (White on White),2026-08-28,AA Email Man,true,5,0,5,1.0
Glenn Ligon · Multiple · 2026 Q3,Untitled (White on White),2026-08-28,AA Meta,true,1,0,1,1.0
Glenn Ligon · Multiple · 2026 Q3,Untitled (White on White),2026-08-28,Organic Search,true,2,0,2,1.0
Glenn Ligon · Multiple · 2026 Q3,Untitled (White on White),2026-08-28,Paid Social,true,2,0,2,0.0
Glenn Ligon · Multiple · 2026 Q3,Untitled (White on White),2026-08-28,Referral Other,true,1,0,1,1.0
Glenn Ligon · Multiple · 2026 Q3,Untitled (White on White),2026-08-28,untracked,true,1,0,1,0.0
Glenn Ligon · Multiple · 2026 Q3,Untitled (White on White),2026-08-31,Organic Search,true,1,0,1,1.0
Glenn Ligon · Multiple · 2026 Q3,Untitled (White on White),2026-09-01,untracked,true,1,0,1,0.0
Glenn Ligon · Multiple · 2026 Q3,Untitled (White on White),2026-09-02,AA Email Man,true,2,0,2,2.0
Glenn Ligon · Multiple · 2026 Q3,Untitled (White on White),2026-09-02,Organic Search,true,4,0,4,4.0
Glenn Ligon · Multiple · 2026 Q3,Untitled (White on White),2026-09-04,Direct,true,1,0,1,0.0
Glenn Ligon · Multiple · 2026 Q3,Untitled (White on White),2026-09-04,Organic Search,true,1,0,1,1.0
Glenn Ligon · Multiple · 2026 Q3,Untitled (White on White),2026-09-04,Referral Other,true,1,0,1,1.0
Glenn Ligon · Multiple · 2026 Q3,Untitled (White on White),2026-09-08,Direct,true,1,0,1,1.0
Glenn Ligon · Multiple · 2026 Q3,Untitled (White on White),2026-09-09,untracked,true,1,0,1,0.0
Glenn Ligon · Multiple · 2026 Q3,Untitled (White on White),2026-09-17,AA Email Auto,true,1,0,1,1.0
Glenn Ligon · Multiple · 2026 Q3,Untitled (White on White),2026-09-17,AA Email Man,true,5,0,5,5.0
Glenn Ligon · Multiple · 2026 Q3,Untitled (White on White),2026-09-17,Direct,true,1,0,1,1.0
Glenn Ligon · Multiple · 2026 Q3,Untitled (White on White),2026-09-17,Organic Search,true,1,0,1,1.0
Glenn Ligon · Multiple · 2026 Q3,Untitled (White on White),2026-09-17,Paid Social,true,1,0,1,1.0
Glenn Ligon · Multiple · 2026 Q3,Untitled (White on White),2026-09-17,untracked,true,1,0,1,1.0
"Grant Levy-Lucero · de la Rosa, Dulcería La Moderna · 2023 Q2","de la Rosa, Dulcería La Moderna",2023-03-17,Direct,true,1,0,0,0.0
"Grant Levy-Lucero · de la Rosa, Dulcería La Moderna · 2023 Q2","de la Rosa, Dulcería La Moderna",2023-03-20,Direct,true,1,0,0,0.0
"Grant Levy-Lucero · de la Rosa, Dulcería La Moderna · 2023 Q2","de la Rosa, Dulcería La Moderna",2023-03-22,Direct,true,1,0,0,0.0
"Grant Levy-Lucero · de la Rosa, Dulcería La Moderna · 2023 Q2","de la Rosa, Dulcería La Moderna",2023-03-24,AA Email Man,true,1,1,0,0.0
"Grant Levy-Lucero · de la Rosa, Dulcería La Moderna · 2023 Q2","de la Rosa, Dulcería La Moderna",2023-03-31,Direct,true,1,0,0,0.0
"Grant Levy-Lucero · de la Rosa, Dulcería La Moderna · 2023 Q2","de la Rosa, Dulcería La Moderna",2023-04-04,Direct,true,1,0,0,0.0
"Grant Levy-Lucero · de la Rosa, Dulcería La Moderna · 2023 Q2","de la Rosa, Dulcería La Moderna",2023-04-04,Organic Search,true,1,0,0,0.0
"Grant Levy-Lucero · de la Rosa, Dulcería La Moderna · 2023 Q2","de la Rosa, Dulcería La Moderna",2023-04-05,Direct,true,1,0,0,0.0
"Grant Levy-Lucero · de la Rosa, Dulcería La Moderna · 2023 Q2","de la Rosa, Dulcería La Moderna",2023-04-05,untracked,true,1,0,0,0.0
"Grant Levy-Lucero · de la Rosa, Dulcería La Moderna · 2023 Q2","de la Rosa, Dulcería La Moderna",2024-10-04,Referral Other,true,1,0,0,0.0
"Grant Levy-Lucero · de la Rosa, Dulcería La Moderna · 2023 Q2","de la Rosa, Dulcería La Moderna",2025-01-14,Referral Other,true,1,0,0,0.0
Grant Riven Yun · Fall · 2023 Q2,Fall,2023-06-07,Direct,true,2,1,0,0.0
Grant Riven Yun · Fall · 2023 Q2,Fall,2023-06-07,Referral Other,true,1,0,0,0.0
Grant Riven Yun · Fall · 2023 Q2,Fall,2023-06-07,Referral X,true,1,0,0,0.0
Grant Riven Yun · Fall · 2023 Q2,Fall,2023-06-07,untracked,true,2,2,0,0.0
Grant Riven Yun · Fall · 2023 Q2,Fall,2023-06-08,AA Email Man,true,1,0,0,0.0
Grant Riven Yun · Fall · 2023 Q2,Fall,2023-06-08,Direct,true,3,0,0,0.0
Grant Riven Yun · Fall · 2023 Q2,Fall,2023-06-08,Referral Artist,true,2,0,0,0.0
Grant Riven Yun · Fall · 2023 Q2,Fall,2023-06-09,Direct,true,1,0,0,0.0
Grant Riven Yun · Fall · 2023 Q2,Fall,2023-06-09,untracked,true,1,0,0,0.0
Grant Riven Yun · Fall · 2023 Q2,Fall,2023-06-14,Direct,true,3,0,0,0.0
Grant Riven Yun · Fall · 2023 Q2,Fall,2023-06-16,untracked,true,1,0,0,0.0
Grant Riven Yun · Fall · 2023 Q2,Fall,2023-06-17,Referral Artist,true,1,0,0,0.0
Grant Riven Yun · Fall · 2023 Q2,Fall,2023-06-19,Organic Search,true,1,0,0,0.0
Grant Riven Yun · Fall · 2023 Q2,Fall,2023-06-21,Referral Other,true,1,0,0,0.0
Grant Riven Yun · Fall · 2023 Q2,Fall,2023-06-22,Direct,true,1,0,0,0.0
Grant Riven Yun · Fall · 2023 Q2,Fall,2023-06-25,Referral X,true,1,0,0,0.0
Grant Riven Yun · Fall · 2023 Q2,Fall,2023-06-26,untracked,true,1,0,0,0.0
Grant Riven Yun · Fall · 2023 Q2,Fall,2023-06-27,AA Email Man,true,1,0,0,0.0
Grant Riven Yun · Fall · 2023 Q2,Fall,2023-06-27,Direct,true,4,1,0,0.0
Grant Riven Yun · Fall · 2023 Q2,Fall,2023-06-27,Referral Other,true,5,0,0,0.0
Grant Riven Yun · Fall · 2023 Q2,Fall,2023-06-27,untracked,true,1,0,0,0.0
Grant Riven Yun · Fall · 2023 Q2,Fall,2023-11-08,Referral Other,true,1,0,0,0.0
Grant Riven Yun · Fall · 2023 Q2,Fall,2024-03-26,Referral Other,true,1,0,0,0.0
Grant Riven Yun · High Fly Over the Valley · 2026 Q2,High Fly Over the Valley,2026-02-20,Direct,true,2,0,2,1.0
Grant Riven Yun · High Fly Over the Valley · 2026 Q2,High Fly Over the Valley,2026-02-24,Organic Search,true,1,0,1,1.0
Grant Riven Yun · High Fly Over the Valley · 2026 Q2,High Fly Over the Valley,2026-03-12,Direct,true,1,0,1,0.0
Grant Riven Yun · High Fly Over the Valley · 2026 Q2,High Fly Over the Valley,2026-03-12,Referral Other,true,1,1,1,0.0
Grant Riven Yun · High Fly Over the Valley · 2026 Q2,High Fly Over the Valley,2026-03-20,AA Email Man,true,4,0,4,4.0
Grant Riven Yun · High Fly Over the Valley · 2026 Q2,High Fly Over the Valley,2026-03-20,AA X,true,1,0,1,1.0
Grant Riven Yun · High Fly Over the Valley · 2026 Q2,High Fly Over the Valley,2026-03-20,Organic Search,true,2,0,2,2.0
Grant Riven Yun · High Fly Over the Valley · 2026 Q2,High Fly Over the Valley,2026-03-20,Referral Artist,true,1,0,1,1.0
Grant Riven Yun · High Fly Over the Valley · 2026 Q2,High Fly Over the Valley,2026-03-25,AA Email Man,true,2,0,2,2.0
Grant Riven Yun · High Fly Over the Valley · 2026 Q2,High Fly Over the Valley,2026-03-30,Direct,true,1,0,1,0.0
Grant Riven Yun · High Fly Over the Valley · 2026 Q2,High Fly Over the Valley,2026-04-09,Direct,true,1,0,1,1.0
Grant Riven Yun · High Fly Over the Valley · 2026 Q2,High Fly Over the Valley,2026-04-09,Referral Artist,true,1,0,1,1.0
Grant Riven Yun · Multiple · 2023 Q3,Park,2023-06-21,untracked,true,1,0,0,0.0
Grant Riven Yun · Multiple · 2024 Q1,"Dad, Paired 1/1 NFT",2025-06-26,Untracked,false,1,0,0,0.0
Grant Riven Yun · Multiple · 2024 Q1,"Dad, Print",2025-06-26,Untracked,false,1,0,0,0.0
Grant Riven Yun · Multiple · 2024 Q1,"Grey Nail Polish, Paired 1/1 NFT",2025-06-26,Untracked,false,1,0,0,0.0
Grant Riven Yun · Multiple · 2024 Q1,"Grey Nail Polish, Print",2025-06-26,Untracked,false,1,0,0,0.0
Grant Riven Yun · Multiple · 2024 Q1,"Mom Made Dinner!, Paired 1/1 NFT",2024-03-07,Untracked,false,1,0,0,0.0
Grant Riven Yun · Multiple · 2024 Q1,"Mom Made Dinner!, Print",2024-03-07,Untracked,false,1,0,0,0.0
Grant Riven Yun · Multiple · 2024 Q1,"Our Tub, Paired 1/1 NFT",2025-06-26,Untracked,false,1,0,0,0.0
Grant Riven Yun · Multiple · 2024 Q1,"Our Tub, Print",2025-06-26,Untracked,false,1,0,0,0.0
Grant Riven Yun · Multiple · 2024 Q1,"PB&J, Paired 1/1 NFT",2024-02-14,Untracked,false,1,0,0,0.0
Grant Riven Yun · Multiple · 2024 Q1,"PB&J, Print",2024-02-14,Untracked,false,1,0,0,0.0
Grant Riven Yun · Multiple · 2024 Q1,"Summer Morning Drive, Paired 1/1 NFT",2024-02-15,Untracked,false,1,0,0,0.0
Grant Riven Yun · Multiple · 2024 Q1,"Summer Morning Drive, Print",2024-02-15,Untracked,false,1,0,0,0.0
Grant Riven Yun · Multiple · 2024 Q1,"Taking the Train Home, Paired 1/1 NFT",2024-02-14,Untracked,false,1,0,0,0.0
Grant Riven Yun · Multiple · 2024 Q1,"Taking the Train Home, Print",2024-02-14,Untracked,false,1,0,0,0.0
Grant Riven Yun · Multiple · 2024 Q1,"Tuesday Night, Paired 1/1 NFT",2024-03-27,Untracked,false,1,0,0,0.0
Grant Riven Yun · Multiple · 2024 Q1,"Tuesday Night, Print",2024-03-27,Untracked,false,1,0,0,0.0
Grant Riven Yun · Multiple · 2024 Q1,"Waiting on a Sunday Afternoon, Paired 1/1 NFT",2024-04-16,Untracked,false,1,0,0,0.0
Grant Riven Yun · Multiple · 2024 Q1,"Waiting on a Sunday Afternoon, Print",2024-04-16,Untracked,false,1,0,0,0.0
Grayson Perry · Magical Thinking (Large) · 2025 Q2,Magical Thinking (Large),2025-04-01,untracked,true,1,0,1,1.0
Grayson Perry · Magical Thinking (Large) · 2025 Q2,Magical Thinking (Large),2025-04-15,Referral Other,true,1,0,1,0.0
Grayson Perry · Magical Thinking (Large) · 2025 Q2,Magical Thinking (Large),2025-04-24,Referral Other,true,1,0,1,1.0
Grayson Perry · Magical Thinking (Large) · 2025 Q2,Magical Thinking (Large),2025-06-05,untracked,true,1,0,1,1.0
Grayson Perry · Magical Thinking (Large) · 2025 Q2,Magical Thinking (Large),2025-08-03,Referral Other,true,1,0,1,0.0
Grayson Perry · Magical Thinking (Large) · 2025 Q2,Magical Thinking (Large),2025-10-02,Referral Other,true,1,0,1,0.0
Grayson Perry · Magical Thinking · 2024 Q4,Magical Thinking,2024-10-03,Untracked,false,1,0,1,0.0
Grayson Perry · Magical Thinking · 2024 Q4,Magical Thinking,2024-10-17,Untracked,false,8,6,8,4.0
Grayson Perry · Magical Thinking · 2024 Q4,Magical Thinking,2024-10-18,Untracked,false,1,0,1,0.0
Grayson Perry · Magical Thinking · 2024 Q4,Magical Thinking,2024-10-20,Untracked,false,1,1,1,1.0
Grayson Perry · Magical Thinking · 2024 Q4,Magical Thinking,2024-10-21,Untracked,false,8,4,8,3.0
Grayson Perry · Magical Thinking · 2024 Q4,Magical Thinking,2024-10-22,Untracked,false,332,2,332,105.0
Grayson Perry · Magical Thinking · 2024 Q4,Magical Thinking,2024-10-23,Untracked,false,100,0,100,42.0
Grayson Perry · Magical Thinking · 2024 Q4,Magical Thinking,2024-10-24,Untracked,false,49,0,49,20.0
Grayson Perry · Magical Thinking · 2024 Q4,Magical Thinking,2024-10-25,Untracked,false,46,0,46,15.0
Grayson Perry · Magical Thinking · 2024 Q4,Magical Thinking,2024-10-26,Untracked,false,79,0,79,23.0
Grayson Perry · Magical Thinking · 2024 Q4,Magical Thinking,2024-10-27,Untracked,false,129,0,129,42.0
Grayson Perry · Magical Thinking · 2024 Q4,Magical Thinking,2024-10-28,Untracked,false,180,0,180,74.0
Grayson Perry · Magical Thinking · 2024 Q4,Magical Thinking,2024-10-29,Untracked,false,189,0,189,52.0
Grayson Perry · Magical Thinking · 2024 Q4,Magical Thinking,2024-10-30,Untracked,false,8,0,8,1.0
Grayson Perry · Magical Thinking · 2024 Q4,Magical Thinking,2024-10-31,Untracked,false,8,0,8,1.0
Grayson Perry · Magical Thinking · 2024 Q4,Magical Thinking,2024-11-01,Untracked,false,4,0,4,2.0
Grayson Perry · Magical Thinking · 2024 Q4,Magical Thinking,2024-11-02,Untracked,false,1,0,1,1.0
Grayson Perry · Magical Thinking · 2024 Q4,Magical Thinking,2024-11-04,Untracked,false,2,0,2,1.0
Grayson Perry · Magical Thinking · 2024 Q4,Magical Thinking,2024-11-05,Untracked,false,2,0,2,0.0
Grayson Perry · Magical Thinking · 2024 Q4,Magical Thinking,2024-11-06,Untracked,false,2,0,2,0.0
Grayson Perry · Magical Thinking · 2024 Q4,Magical Thinking,2024-11-08,Untracked,false,4,0,4,2.0
Grayson Perry · Magical Thinking · 2024 Q4,Magical Thinking,2024-12-03,Untracked,false,2,0,2,0.0
Grayson Perry · Magical Thinking · 2024 Q4,Magical Thinking,2025-01-06,Untracked,false,1,0,1,0.0
Grayson Perry · Magical Thinking · 2024 Q4,Magical Thinking,2025-01-23,Untracked,false,1,0,1,0.0
Grayson Perry · Magical Thinking · 2024 Q4,Magical Thinking,2025-01-29,Untracked,false,1,0,1,0.0
Grayson Perry · Magical Thinking · 2024 Q4,Magical Thinking,2025-01-30,Untracked,false,2,0,2,1.0
Grayson Perry · Magical Thinking · 2024 Q4,Magical Thinking,2025-02-05,Untracked,false,1,0,1,0.0
Grayson Perry · Magical Thinking · 2024 Q4,Magical Thinking,2025-03-04,Untracked,false,1,0,1,0.0
Grayson Perry · Magical Thinking · 2024 Q4,Magical Thinking,2026-03-27,Untracked,false,1,0,1,0.0
Grayson Perry · The Changeling · 2026 Q2,The Changeling,2026-04-09,Direct,true,1,0,1,0.0
Grayson Perry · The Changeling · 2026 Q2,The Changeling,2026-04-09,Untracked,false,3,0,3,3.0
Grayson Perry · The Changeling · 2026 Q2,The Changeling,2026-04-10,Organic Search,true,1,0,1,0.0
Grayson Perry · The Changeling · 2026 Q2,The Changeling,2026-04-10,Untracked,false,1,0,1,1.0
Grayson Perry · The Changeling · 2026 Q2,The Changeling,2026-04-15,Untracked,false,1,0,1,0.0
Grayson Perry · The Changeling · 2026 Q2,The Changeling,2026-04-29,Untracked,false,157,157,157,87.0
Grayson Perry · The Changeling · 2026 Q2,The Changeling,2026-04-30,Untracked,false,152,45,152,64.0
Grayson Perry · The Changeling · 2026 Q2,The Changeling,2026-05-01,Direct,true,1,0,1,0.0
Grayson Perry · The Changeling · 2026 Q2,The Changeling,2026-05-01,Untracked,false,21,0,21,10.0
Grayson Perry · The Changeling · 2026 Q2,The Changeling,2026-05-02,Untracked,false,11,0,11,6.0
Grayson Perry · The Changeling · 2026 Q2,The Changeling,2026-05-03,Untracked,false,9,0,9,2.0
Grayson Perry · The Changeling · 2026 Q2,The Changeling,2026-05-04,Untracked,false,8,0,8,2.0
Grayson Perry · The Changeling · 2026 Q2,The Changeling,2026-05-05,Untracked,false,9,0,9,5.0
Grayson Perry · The Changeling · 2026 Q2,The Changeling,2026-05-06,Untracked,false,24,0,24,11.0
Grayson Perry · The Changeling · 2026 Q2,The Changeling,2026-05-07,Untracked,false,43,0,43,8.0
Grayson Perry · The Changeling · 2026 Q2,The Changeling,2026-05-08,Untracked,false,1,0,1,0.0
Grayson Perry · The Changeling · 2026 Q2,The Changeling,2026-05-10,Untracked,false,1,0,1,0.0
Grayson Perry · The Changeling · 2026 Q2,The Changeling,2026-05-15,Untracked,false,1,0,1,0.0
Grayson Perry · The Changeling · 2026 Q2,The Changeling,2026-07-09,Untracked,false,2,0,2,0.0
Gregory Crewdson · Multiple · 2023 Q4,Twilight Triptych,2023-11-10,Untracked,false,1,0,0,0.0
Gregory Crewdson · Multiple · 2023 Q4,Twilight Triptych,2023-11-14,Untracked,false,28,28,0,0.0
Gregory Crewdson · Multiple · 2023 Q4,Twilight Triptych,2023-11-15,Untracked,false,54,53,0,0.0
Gregory Crewdson · Multiple · 2023 Q4,Twilight Triptych,2023-11-16,Untracked,false,59,13,0,0.0
Gregory Crewdson · Multiple · 2023 Q4,Twilight Triptych,2023-11-17,Untracked,false,47,1,0,0.0
Gregory Crewdson · Multiple · 2023 Q4,Twilight Triptych,2023-11-18,Untracked,false,1,0,0,0.0
Gregory Crewdson · Multiple · 2023 Q4,Twilight Triptych,2023-11-19,Untracked,false,1,0,0,0.0
Gregory Crewdson · Multiple · 2023 Q4,Twilight Triptych,2023-11-24,Untracked,false,1,0,0,0.0
Gregory Crewdson · Multiple · 2023 Q4,Twilight Triptych,2024-07-15,Untracked,false,1,0,0,0.0
Gregory Crewdson · Multiple · 2023 Q4,Untitled [Circle on Window],2023-11-14,Untracked,false,7,7,0,0.0
Gregory Crewdson · Multiple · 2023 Q4,Untitled [Circle on Window],2023-11-15,Untracked,false,7,7,0,0.0
Gregory Crewdson · Multiple · 2023 Q4,Untitled [Circle on Window],2023-11-16,Untracked,false,7,1,0,0.0
Gregory Crewdson · Multiple · 2023 Q4,Untitled [Circle on Window],2023-11-17,Untracked,false,5,0,0,0.0
Gregory Crewdson · Multiple · 2023 Q4,Untitled [Circle on Window],2024-10-31,Untracked,false,1,0,0,0.0
Gregory Crewdson · Multiple · 2023 Q4,Untitled [Circle on Window],2025-03-17,Untracked,false,1,0,0,0.0
Gregory Crewdson · Multiple · 2023 Q4,Untitled [Circle on Window],2025-06-03,Untracked,false,1,0,0,0.0
Gregory Crewdson · Multiple · 2023 Q4,Untitled [Circle on Window],2026-01-19,Untracked,false,1,0,0,0.0
Gregory Crewdson · Multiple · 2023 Q4,Untitled [Man in Car with Shed],2023-11-14,Untracked,false,49,47,0,0.0
Gregory Crewdson · Multiple · 2023 Q4,Untitled [Man in Car with Shed],2023-11-15,Untracked,false,49,48,0,0.0
Gregory Crewdson · Multiple · 2023 Q4,Untitled [Man in Car with Shed],2023-11-16,Untracked,false,90,22,0,0.0
Gregory Crewdson · Multiple · 2023 Q4,Untitled [Man in Car with Shed],2023-11-17,Untracked,false,78,0,0,0.0
Gregory Crewdson · Multiple · 2023 Q4,Untitled [Man in Car with Shed],2024-05-30,Untracked,false,1,0,0,0.0
Gregory Crewdson · Multiple · 2023 Q4,Untitled [Man in Car with Shed],2024-06-11,Untracked,false,1,0,0,0.0
Gregory Crewdson · Multiple · 2023 Q4,Untitled [Man in Car with Shed],2024-08-05,Untracked,false,1,0,0,0.0
Gregory Crewdson · Multiple · 2023 Q4,Untitled [Man in Car with Shed],2025-01-30,Untracked,false,1,0,0,0.0
Gregory Crewdson · Multiple · 2023 Q4,Untitled [Man in Car with Shed],2025-11-14,Untracked,false,1,0,0,0.0
Gregory Crewdson · Multiple · 2023 Q4,Untitled [Ray of Light],2023-11-14,Untracked,false,17,16,0,0.0
Gregory Crewdson · Multiple · 2023 Q4,Untitled [Ray of Light],2023-11-15,Untracked,false,34,28,0,0.0
Gregory Crewdson · Multiple · 2023 Q4,Untitled [Ray of Light],2023-11-16,Untracked,false,42,10,0,0.0
Gregory Crewdson · Multiple · 2023 Q4,Untitled [Ray of Light],2023-11-17,Untracked,false,26,1,0,0.0
Gregory Crewdson · Multiple · 2023 Q4,Untitled [Ray of Light],2024-08-05,Untracked,false,1,0,0,0.0
Gregory Crewdson · Multiple · 2023 Q4,Untitled [Ray of Light],2025-01-09,Untracked,false,1,0,0,0.0
Gregory Crewdson · Multiple · 2023 Q4,Untitled [Ray of Light],2025-01-28,Untracked,false,1,0,0,0.0
Gregory Crewdson · Multiple · 2023 Q4,Untitled [Ray of Light],2025-03-17,Untracked,false,1,0,0,0.0
Gregory Crewdson · Multiple · 2026 Q2,Untitled [Dream House 1],2026-05-29,Untracked,false,1,0,1,1.0
Gregory Crewdson · Multiple · 2026 Q2,Untitled [Dream House 1],2026-06-01,Untracked,false,1,0,1,0.0
Gregory Crewdson · Multiple · 2026 Q2,Untitled [Dream House 1],2026-06-04,AA Email Man,true,1,0,1,0.0
Gregory Crewdson · Multiple · 2026 Q2,Untitled [Dream House 1],2026-06-09,Untracked,false,1,0,1,1.0
Gregory Crewdson · Multiple · 2026 Q2,Untitled [Dream House 1],2026-06-11,Untracked,false,2,0,2,1.0
Gregory Crewdson · Multiple · 2026 Q2,Untitled [Dream House 1],2026-06-16,Untracked,false,1,0,1,0.0
Gregory Crewdson · Multiple · 2026 Q2,Untitled [Dream House 1],2026-06-18,Untracked,false,1,0,1,1.0
Gregory Crewdson · Multiple · 2026 Q2,Untitled [Dream House 1],2026-06-26,Untracked,false,1,0,1,1.0
Gregory Crewdson · Multiple · 2026 Q2,Untitled [Dream House 1],2026-06-29,Untracked,false,101,101,101,27.0
Gregory Crewdson · Multiple · 2026 Q2,Untitled [Dream House 1],2026-06-30,Untracked,false,204,90,204,52.0
Gregory Crewdson · Multiple · 2026 Q2,Untitled [Dream House 1],2026-07-01,Untracked,false,75,0,75,15.0
Gregory Crewdson · Multiple · 2026 Q2,Untitled [Dream House 1],2026-07-02,Untracked,false,105,0,105,30.0
Gregory Crewdson · Multiple · 2026 Q2,Untitled [Dream House 1],2026-07-03,Untracked,false,1,0,1,0.0
Gregory Crewdson · Multiple · 2026 Q2,Untitled [Dream House 1],2026-07-06,Untracked,false,1,0,1,0.0
Gregory Crewdson · Multiple · 2026 Q2,Untitled [Dream House 1],2026-07-07,Untracked,false,3,0,3,1.0
Gregory Crewdson · Multiple · 2026 Q2,Untitled [Dream House 1],2026-07-09,Untracked,false,1,0,1,0.0
Gregory Crewdson · Multiple · 2026 Q2,Untitled [Dream House 1],2026-07-13,Untracked,false,1,0,1,0.0
Gregory Crewdson · Multiple · 2026 Q2,Untitled [Dream House 1],2026-07-14,Untracked,false,1,0,1,1.0
Gregory Crewdson · Multiple · 2026 Q2,Untitled [Dream House 1],2026-07-25,Untracked,false,1,0,1,0.0
Gregory Crewdson · Multiple · 2026 Q2,Untitled [Dream House 1],2026-08-30,Untracked,false,1,0,1,0.0
Gregory Crewdson · Multiple · 2026 Q2,Untitled [Dream House 2],2026-06-01,Untracked,false,1,0,1,0.0
Gregory Crewdson · Multiple · 2026 Q2,Untitled [Dream House 2],2026-06-04,AA Email Man,true,1,0,1,0.0
Gregory Crewdson · Multiple · 2026 Q2,Untitled [Dream House 2],2026-06-09,Untracked,false,1,0,1,1.0
Gregory Crewdson · Multiple · 2026 Q2,Untitled [Dream House 2],2026-06-16,Untracked,false,1,0,1,0.0
Gregory Crewdson · Multiple · 2026 Q2,Untitled [Dream House 2],2026-06-26,Untracked,false,1,0,1,1.0
Gregory Crewdson · Multiple · 2026 Q2,Untitled [Dream House 2],2026-06-29,Untracked,false,76,76,76,17.0
Gregory Crewdson · Multiple · 2026 Q2,Untitled [Dream House 2],2026-06-30,Untracked,false,142,65,142,33.0
Gregory Crewdson · Multiple · 2026 Q2,Untitled [Dream House 2],2026-07-01,Untracked,false,53,1,53,17.0
Gregory Crewdson · Multiple · 2026 Q2,Untitled [Dream House 2],2026-07-02,Untracked,false,81,0,81,27.0
Gregory Crewdson · Multiple · 2026 Q2,Untitled [Dream House 2],2026-07-03,Untracked,false,2,0,2,0.0
Gregory Crewdson · Multiple · 2026 Q2,Untitled [Dream House 2],2026-07-06,Untracked,false,1,0,1,0.0
Gregory Crewdson · Multiple · 2026 Q2,Untitled [Dream House 2],2026-08-30,Untracked,false,1,0,1,0.0
Gregory Crewdson · Multiple · 2026 Q2,Untitled [Dream House 3],2026-06-01,Untracked,false,1,0,1,0.0
Gregory Crewdson · Multiple · 2026 Q2,Untitled [Dream House 3],2026-06-04,AA Email Man,true,1,0,1,0.0
Gregory Crewdson · Multiple · 2026 Q2,Untitled [Dream House 3],2026-06-09,Direct,true,1,0,1,0.0
Gregory Crewdson · Multiple · 2026 Q2,Untitled [Dream House 3],2026-06-09,Untracked,false,1,0,1,1.0
Gregory Crewdson · Multiple · 2026 Q2,Untitled [Dream House 3],2026-06-16,Untracked,false,1,0,1,0.0
Gregory Crewdson · Multiple · 2026 Q2,Untitled [Dream House 3],2026-06-26,Untracked,false,1,0,1,1.0
Gregory Crewdson · Multiple · 2026 Q2,Untitled [Dream House 3],2026-06-29,Untracked,false,77,77,77,14.0
Gregory Crewdson · Multiple · 2026 Q2,Untitled [Dream House 3],2026-06-30,Untracked,false,146,51,146,37.0
Gregory Crewdson · Multiple · 2026 Q2,Untitled [Dream House 3],2026-07-01,Untracked,false,49,0,49,14.0
Gregory Crewdson · Multiple · 2026 Q2,Untitled [Dream House 3],2026-07-02,Untracked,false,66,0,66,20.0
Gregory Crewdson · Multiple · 2026 Q2,Untitled [Dream House 3],2026-07-03,Untracked,false,2,0,2,0.0
Gregory Crewdson · Multiple · 2026 Q2,Untitled [Dream House 3],2026-07-07,Untracked,false,2,0,2,1.0
Gregory Crewdson · Multiple · 2026 Q2,Untitled [Dream House 3],2026-07-13,Untracked,false,1,0,1,0.0
Gregory Crewdson · Multiple · 2026 Q2,Untitled [Dream House 3],2026-07-15,Untracked,false,1,0,1,0.0
Gregory Crewdson · Multiple · 2026 Q2,Untitled [Dream House 3],2026-07-17,Untracked,false,1,0,1,0.0
Gregory Crewdson · Multiple · 2026 Q2,Untitled [Dream House 3],2026-08-30,Untracked,false,1,0,1,0.0
Gregory Crewdson · Multiple · 2026 Q2,Untitled [Dream House 4],2026-06-01,Untracked,false,1,0,1,0.0
Gregory Crewdson · Multiple · 2026 Q2,Untitled [Dream House 4],2026-06-04,AA Email Man,true,1,0,1,0.0
Gregory Crewdson · Multiple · 2026 Q2,Untitled [Dream House 4],2026-06-09,Untracked,false,1,0,1,1.0
Gregory Crewdson · Multiple · 2026 Q2,Untitled [Dream House 4],2026-06-26,Untracked,false,1,0,1,1.0
Gregory Crewdson · Multiple · 2026 Q2,Untitled [Dream House 4],2026-06-29,Untracked,false,64,64,64,14.0
Gregory Crewdson · Multiple · 2026 Q2,Untitled [Dream House 4],2026-06-30,Untracked,false,145,58,145,40.0
Gregory Crewdson · Multiple · 2026 Q2,Untitled [Dream House 4],2026-07-01,Untracked,false,47,0,47,17.0
Gregory Crewdson · Multiple · 2026 Q2,Untitled [Dream House 4],2026-07-02,Untracked,false,60,0,60,17.0
Gregory Crewdson · Multiple · 2026 Q2,Untitled [Dream House 4],2026-07-03,Untracked,false,1,0,1,0.0
Gregory Crewdson · Multiple · 2026 Q2,Untitled [Dream House 4],2026-07-24,Untracked,false,1,0,1,0.0
Gregory Crewdson · Multiple · 2026 Q2,Untitled [Dream House 4],2026-08-30,Untracked,false,1,0,1,0.0
Gregory Crewdson · Multiple · 2026 Q2,Untitled [Dream House 5],2026-06-01,Untracked,false,1,0,1,0.0
Gregory Crewdson · Multiple · 2026 Q2,Untitled [Dream House 5],2026-06-04,AA Email Man,true,1,0,1,0.0
Gregory Crewdson · Multiple · 2026 Q2,Untitled [Dream House 5],2026-06-09,Untracked,false,1,0,1,1.0
Gregory Crewdson · Multiple · 2026 Q2,Untitled [Dream House 5],2026-06-11,Untracked,false,1,0,1,0.0
Gregory Crewdson · Multiple · 2026 Q2,Untitled [Dream House 5],2026-06-23,Untracked,false,1,0,1,0.0
Gregory Crewdson · Multiple · 2026 Q2,Untitled [Dream House 5],2026-06-25,Untracked,false,1,0,1,1.0
Gregory Crewdson · Multiple · 2026 Q2,Untitled [Dream House 5],2026-06-26,Untracked,false,1,0,1,1.0
Gregory Crewdson · Multiple · 2026 Q2,Untitled [Dream House 5],2026-06-29,Untracked,false,176,176,176,47.0
Gregory Crewdson · Multiple · 2026 Q2,Untitled [Dream House 5],2026-06-30,Untracked,false,339,136,339,81.0
Gregory Crewdson · Multiple · 2026 Q2,Untitled [Dream House 5],2026-07-01,Untracked,false,164,1,164,44.0
Gregory Crewdson · Multiple · 2026 Q2,Untitled [Dream House 5],2026-07-02,Untracked,false,211,0,211,64.0
Gregory Crewdson · Multiple · 2026 Q2,Untitled [Dream House 5],2026-07-03,Untracked,false,2,0,2,0.0
Gregory Crewdson · Multiple · 2026 Q2,Untitled [Dream House 5],2026-07-06,Untracked,false,1,0,1,0.0
Gregory Crewdson · Multiple · 2026 Q2,Untitled [Dream House 5],2026-07-07,Untracked,false,3,0,3,0.0
Gregory Crewdson · Multiple · 2026 Q2,Untitled [Dream House 5],2026-07-09,Untracked,false,1,0,1,0.0
Gregory Crewdson · Multiple · 2026 Q2,Untitled [Dream House 5],2026-07-13,Untracked,false,1,0,1,0.0
Gregory Crewdson · Multiple · 2026 Q2,Untitled [Dream House 5],2026-07-14,Untracked,false,1,0,1,1.0
Gregory Crewdson · Multiple · 2026 Q2,Untitled [Dream House 5],2026-07-17,Untracked,false,1,0,1,0.0
Gregory Crewdson · Multiple · 2026 Q2,Untitled [Dream House 5],2026-07-24,Untracked,false,1,0,1,0.0
Gregory Crewdson · Multiple · 2026 Q2,Untitled [Dream House 5],2026-08-12,Untracked,false,1,0,1,0.0
Gregory Crewdson · Multiple · 2026 Q2,Untitled [Dream House 5],2026-08-30,Untracked,false,1,0,1,0.0
Gregory Crewdson · Multiple · 2026 Q2,Untitled [Dream House 5],2026-09-16,Untracked,false,1,0,1,1.0
Gregory Crewdson · Multiple · 2026 Q2,Untitled [Dream House 6],2026-06-01,Untracked,false,1,0,1,0.0
Gregory Crewdson · Multiple · 2026 Q2,Untitled [Dream House 6],2026-06-04,AA Email Man,true,1,0,1,0.0
Gregory Crewdson · Multiple · 2026 Q2,Untitled [Dream House 6],2026-06-09,Untracked,false,1,0,1,1.0
Gregory Crewdson · Multiple · 2026 Q2,Untitled [Dream House 6],2026-06-11,Untracked,false,1,0,1,0.0
Gregory Crewdson · Multiple · 2026 Q2,Untitled [Dream House 6],2026-06-12,Untracked,false,1,0,1,0.0
Gregory Crewdson · Multiple · 2026 Q2,Untitled [Dream House 6],2026-06-24,Untracked,false,1,0,1,1.0
Gregory Crewdson · Multiple · 2026 Q2,Untitled [Dream House 6],2026-06-26,Untracked,false,1,0,1,1.0
Gregory Crewdson · Multiple · 2026 Q2,Untitled [Dream House 6],2026-06-29,Untracked,false,109,109,109,25.0
Gregory Crewdson · Multiple · 2026 Q2,Untitled [Dream House 6],2026-06-30,Untracked,false,185,80,185,51.0
Gregory Crewdson · Multiple · 2026 Q2,Untitled [Dream House 6],2026-07-01,Untracked,false,65,0,65,19.0
Gregory Crewdson · Multiple · 2026 Q2,Untitled [Dream House 6],2026-07-02,Untracked,false,102,0,102,22.0
Gregory Crewdson · Multiple · 2026 Q2,Untitled [Dream House 6],2026-07-03,Untracked,false,3,0,3,0.0
Gregory Crewdson · Multiple · 2026 Q2,Untitled [Dream House 6],2026-07-07,Untracked,false,1,0,1,1.0
Gregory Crewdson · Multiple · 2026 Q2,Untitled [Dream House 6],2026-07-08,Untracked,false,3,0,3,0.0
Gregory Crewdson · Multiple · 2026 Q2,Untitled [Dream House 6],2026-07-13,Untracked,false,1,0,1,0.0
Gregory Crewdson · Multiple · 2026 Q2,Untitled [Dream House 6],2026-07-14,Untracked,false,1,0,1,1.0
Gregory Crewdson · Multiple · 2026 Q2,Untitled [Dream House 6],2026-07-25,Untracked,false,1,0,1,0.0
Gregory Crewdson · Multiple · 2026 Q2,Untitled [Dream House 6],2026-08-10,Untracked,false,1,0,1,0.0
Gregory Crewdson · Multiple · 2026 Q2,Untitled [Dream House 6],2026-08-12,Untracked,false,1,0,1,0.0
Gregory Crewdson · Multiple · 2026 Q2,Untitled [Dream House 6],2026-08-30,Untracked,false,1,0,1,0.0
Gregory Crewdson · Multiple · 2026 Q2,Untitled [Dream House] - Set of 6,2026-06-15,Untracked,false,2,0,2,0.0
Gregory Crewdson · Multiple · 2026 Q2,Untitled [Dream House] - Set of 6,2026-06-20,Untracked,false,1,0,1,1.0
Gregory Crewdson · Multiple · 2026 Q2,Untitled [Dream House] - Set of 6,2026-06-24,Untracked,false,1,0,1,0.0
Gregory Crewdson · Multiple · 2026 Q2,Untitled [Dream House] - Set of 6,2026-07-01,Untracked,false,1,0,1,0.0
Guimi You · Point Reyes · 2022 Q4,Point Reyes,2023-03-04,Direct,true,1,0,1,0.0
Guimi You · Point Reyes · 2022 Q4,Point Reyes,2024-11-21,Referral Other,true,1,0,1,1.0
Hajime Sorayama · Untitled · 2025 Q2,Untitled,2025-03-07,AA Email Man,true,10,10,10,3.0
Hajime Sorayama · Untitled · 2025 Q2,Untitled,2025-03-07,AA Meta,true,3,3,3,1.0
Hajime Sorayama · Untitled · 2025 Q2,Untitled,2025-03-07,Direct,true,1,1,1,0.0
Hajime Sorayama · Untitled · 2025 Q2,Untitled,2025-03-07,Referral Other,true,21,21,21,14.0
Hajime Sorayama · Untitled · 2025 Q2,Untitled,2025-03-07,untracked,true,1,1,1,1.0
Hajime Sorayama · Untitled · 2025 Q2,Untitled,2025-03-08,Referral Other,true,3,3,3,1.0
Hajime Sorayama · Untitled · 2025 Q2,Untitled,2025-03-09,AA Email Man,true,2,2,2,1.0
Hajime Sorayama · Untitled · 2025 Q2,Untitled,2025-03-09,AA Meta,true,1,1,1,1.0
Hajime Sorayama · Untitled · 2025 Q2,Untitled,2025-03-09,Referral Other,true,2,2,2,0.0
Hajime Sorayama · Untitled · 2025 Q2,Untitled,2025-03-11,AA Email Man,true,1,0,1,1.0
Hajime Sorayama · Untitled · 2025 Q2,Untitled,2025-03-11,Direct,true,2,0,2,0.0
Hajime Sorayama · Untitled · 2025 Q2,Untitled,2025-03-12,AA Email Auto,true,1,0,1,1.0
Hajime Sorayama · Untitled · 2025 Q2,Untitled,2025-03-12,Direct,true,2,0,2,1.0
Hajime Sorayama · Untitled · 2025 Q2,Untitled,2025-03-12,Referral Other,true,1,0,1,0.0
Hajime Sorayama · Untitled · 2025 Q2,Untitled,2025-03-13,AA Email Man,true,1,0,1,0.0
Hajime Sorayama · Untitled · 2025 Q2,Untitled,2025-03-13,Direct,true,1,0,1,0.0
Hajime Sorayama · Untitled · 2025 Q2,Untitled,2025-03-14,Direct,true,1,0,1,0.0
Hajime Sorayama · Untitled · 2025 Q2,Untitled,2025-03-17,Direct,true,1,0,1,0.0
Hajime Sorayama · Untitled · 2025 Q2,Untitled,2025-03-20,Direct,true,1,0,1,0.0
Hajime Sorayama · Untitled · 2025 Q2,Untitled,2025-03-21,Referral Other,true,3,3,3,3.0
Hajime Sorayama · Untitled · 2025 Q2,Untitled,2025-03-21,untracked,true,1,1,1,1.0
Hajime Sorayama · Untitled · 2025 Q2,Untitled,2025-03-22,AA Email Man,true,2,2,2,2.0
Hajime Sorayama · Untitled · 2025 Q2,Untitled,2025-03-22,Direct,true,1,1,1,0.0
Hajime Sorayama · Untitled · 2025 Q2,Untitled,2025-03-22,Referral Other,true,1,1,1,1.0
Hajime Sorayama · Untitled · 2025 Q2,Untitled,2025-03-23,Referral Other,true,1,1,1,1.0
Hajime Sorayama · Untitled · 2025 Q2,Untitled,2025-03-26,Direct,true,1,0,1,1.0
Hajime Sorayama · Untitled · 2025 Q2,Untitled,2025-03-27,Direct,true,1,0,1,1.0
Hajime Sorayama · Untitled · 2025 Q2,Untitled,2025-03-28,Other,true,1,0,1,1.0
Hajime Sorayama · Untitled · 2025 Q2,Untitled,2025-04-06,AA Email Man,true,1,0,1,0.0
Hajime Sorayama · Untitled · 2025 Q2,Untitled,2025-04-07,AA Email Man,true,103,0,103,50.0
Hajime Sorayama · Untitled · 2025 Q2,Untitled,2025-04-07,AA Meta,true,29,0,29,17.0
Hajime Sorayama · Untitled · 2025 Q2,Untitled,2025-04-07,Direct,true,26,0,26,10.0
Hajime Sorayama · Untitled · 2025 Q2,Untitled,2025-04-07,Organic Search,true,24,0,24,15.0
Hajime Sorayama · Untitled · 2025 Q2,Untitled,2025-04-07,Other,true,9,0,9,4.0
Hajime Sorayama · Untitled · 2025 Q2,Untitled,2025-04-07,Paid Social,true,153,0,153,68.0
Hajime Sorayama · Untitled · 2025 Q2,Untitled,2025-04-07,Referral Artist,true,8,0,8,6.0
Hajime Sorayama · Untitled · 2025 Q2,Untitled,2025-04-07,Referral Other,true,6,0,6,4.0
Hajime Sorayama · Untitled · 2025 Q2,Untitled,2025-04-07,untracked,true,17,0,17,8.0
Hajime Sorayama · Untitled · 2025 Q2,Untitled,2025-04-08,AA Email Man,true,3,1,3,0.0
Hajime Sorayama · Untitled · 2025 Q2,Untitled,2025-04-08,AA Meta,true,1,0,1,0.0
Hajime Sorayama · Untitled · 2025 Q2,Untitled,2025-04-08,Other,true,1,1,1,0.0
Hajime Sorayama · Untitled · 2025 Q2,Untitled,2025-04-08,Paid Social,true,5,1,5,4.0
Hajime Sorayama · Untitled · 2025 Q2,Untitled,2025-04-18,Referral Other,true,5,0,5,4.0
Hajime Sorayama · Untitled · 2025 Q2,Untitled,2025-04-22,Direct,true,1,0,1,0.0
Hajime Sorayama · Untitled · 2025 Q2,Untitled,2025-04-27,Direct,true,1,0,1,0.0
Hajime Sorayama · Untitled · 2025 Q2,Untitled,2025-06-25,untracked,true,1,0,1,0.0
Hajime Sorayama · Untitled · 2025 Q2,Untitled,2025-08-13,Direct,true,1,0,1,0.0
Hajime Sorayama · Untitled · 2025 Q2,Untitled,2025-09-22,Organic Search,true,1,0,1,0.0
Hajime Sorayama · Untitled · 2025 Q2,Untitled,2025-10-23,Direct,true,1,0,1,0.0
Hajime Sorayama · Untitled · 2025 Q2,Untitled,2025-12-08,Direct,true,1,0,1,0.0
Hajime Sorayama · Untitled · 2025 Q2,Untitled,2026-06-05,Direct,true,1,0,1,0.0
"Hank Willis Thomas · ""The only bond worth anything between human beings is their humanness."" · 2024 Q3","""The only bond worth anything between human beings is their humanness.""",2024-08-06,Untracked,false,62,62,62,21.0
"Hank Willis Thomas · ""The only bond worth anything between human beings is their humanness."" · 2024 Q3","""The only bond worth anything between human beings is their humanness.""",2024-08-07,Untracked,false,85,38,85,38.0
"Hank Willis Thomas · ""The only bond worth anything between human beings is their humanness."" · 2024 Q3","""The only bond worth anything between human beings is their humanness.""",2024-08-08,Untracked,false,56,1,56,18.0
"Hank Willis Thomas · ""The only bond worth anything between human beings is their humanness."" · 2024 Q3","""The only bond worth anything between human beings is their humanness.""",2024-08-09,Untracked,false,50,5,50,17.0
"Hank Willis Thomas · ""The only bond worth anything between human beings is their humanness."" · 2024 Q3","""The only bond worth anything between human beings is their humanness.""",2024-08-12,Untracked,false,6,0,6,0.0
"Hank Willis Thomas · ""The only bond worth anything between human beings is their humanness."" · 2024 Q3","""The only bond worth anything between human beings is their humanness.""",2024-08-13,Untracked,false,1,0,1,1.0
"Hank Willis Thomas · ""The only bond worth anything between human beings is their humanness."" · 2024 Q3","""The only bond worth anything between human beings is their humanness.""",2024-08-14,Untracked,false,1,0,1,1.0
"Hank Willis Thomas · ""The only bond worth anything between human beings is their humanness."" · 2024 Q3","""The only bond worth anything between human beings is their humanness.""",2024-08-19,Untracked,false,1,0,1,0.0
"Hank Willis Thomas · ""The only bond worth anything between human beings is their humanness."" · 2024 Q3","""The only bond worth anything between human beings is their humanness.""",2024-08-27,Untracked,false,1,0,1,0.0
"Hank Willis Thomas · ""The only bond worth anything between human beings is their humanness."" · 2024 Q3","""The only bond worth anything between human beings is their humanness.""",2024-10-25,Untracked,false,1,0,1,0.0
"Hank Willis Thomas · ""The only bond worth anything between human beings is their humanness."" · 2024 Q3","""The only bond worth anything between human beings is their humanness.""",2024-11-12,Untracked,false,1,0,1,0.0
"Hank Willis Thomas · ""The only bond worth anything between human beings is their humanness."" · 2024 Q3","""The only bond worth anything between human beings is their humanness.""",2024-12-13,Untracked,false,1,0,1,0.0
"Hank Willis Thomas · ""The only bond worth anything between human beings is their humanness."" · 2024 Q3","""The only bond worth anything between human beings is their humanness.""",2025-01-31,Untracked,false,1,0,1,0.0
"Hank Willis Thomas · ""The only bond worth anything between human beings is their humanness."" · 2024 Q3","""The only bond worth anything between human beings is their humanness.""",2025-05-28,Untracked,false,1,0,1,0.0
"Hank Willis Thomas · ""The only bond worth anything between human beings is their humanness."" · 2024 Q3","""The only bond worth anything between human beings is their humanness.""",2025-07-30,Untracked,false,1,0,1,1.0
Hank Willis Thomas · “Success is no accident.” · 2026 Q2,“Success is no accident.”,2026-06-05,AA Email Man,true,1,1,1,0.0
Hank Willis Thomas · “Success is no accident.” · 2026 Q2,“Success is no accident.”,2026-06-05,Organic Search,true,1,1,1,0.0
Hank Willis Thomas · “Success is no accident.” · 2026 Q2,“Success is no accident.”,2026-06-05,Referral Other,true,13,13,13,6.0
Hank Willis Thomas · “Success is no accident.” · 2026 Q2,“Success is no accident.”,2026-06-05,untracked,true,1,1,1,1.0
Hank Willis Thomas · “Success is no accident.” · 2026 Q2,“Success is no accident.”,2026-06-06,AA Email Man,true,1,1,1,0.0
Hank Willis Thomas · “Success is no accident.” · 2026 Q2,“Success is no accident.”,2026-06-06,Referral Other,true,7,7,7,3.0
Hank Willis Thomas · “Success is no accident.” · 2026 Q2,“Success is no accident.”,2026-06-06,untracked,true,1,1,1,1.0
Hank Willis Thomas · “Success is no accident.” · 2026 Q2,“Success is no accident.”,2026-06-07,Organic Search,true,1,1,1,0.0
Hank Willis Thomas · “Success is no accident.” · 2026 Q2,“Success is no accident.”,2026-06-07,Referral Other,true,4,4,4,1.0
Hank Willis Thomas · “Success is no accident.” · 2026 Q2,“Success is no accident.”,2026-06-08,Direct,true,1,0,1,0.0
Hank Willis Thomas · “Success is no accident.” · 2026 Q2,“Success is no accident.”,2026-06-08,Referral Other,true,1,1,1,1.0
Hank Willis Thomas · “Success is no accident.” · 2026 Q2,“Success is no accident.”,2026-06-09,Referral Artist,true,2,2,2,0.0
Hank Willis Thomas · “Success is no accident.” · 2026 Q2,“Success is no accident.”,2026-06-09,Referral Other,true,1,1,1,1.0
Hank Willis Thomas · “Success is no accident.” · 2026 Q2,“Success is no accident.”,2026-06-10,AA Email Auto,true,16,0,16,8.0
Hank Willis Thomas · “Success is no accident.” · 2026 Q2,“Success is no accident.”,2026-06-10,AA Meta,true,2,0,2,0.0
Hank Willis Thomas · “Success is no accident.” · 2026 Q2,“Success is no accident.”,2026-06-10,Direct,true,6,0,6,2.0
Hank Willis Thomas · “Success is no accident.” · 2026 Q2,“Success is no accident.”,2026-06-10,Organic Search,true,2,0,2,1.0
Hank Willis Thomas · “Success is no accident.” · 2026 Q2,“Success is no accident.”,2026-06-10,Referral Artist,true,4,0,4,3.0
Hank Willis Thomas · “Success is no accident.” · 2026 Q2,“Success is no accident.”,2026-06-10,Referral Other,true,1,0,1,0.0
Hank Willis Thomas · “Success is no accident.” · 2026 Q2,“Success is no accident.”,2026-06-10,untracked,true,1,0,1,0.0
Hank Willis Thomas · “Success is no accident.” · 2026 Q2,“Success is no accident.”,2026-06-11,AA Email Auto,true,1,0,1,0.0
Hank Willis Thomas · “Success is no accident.” · 2026 Q2,“Success is no accident.”,2026-06-11,Direct,true,1,0,1,1.0
Hank Willis Thomas · “Success is no accident.” · 2026 Q2,“Success is no accident.”,2026-06-12,AA Email Auto,true,5,0,5,1.0
Hank Willis Thomas · “Success is no accident.” · 2026 Q2,“Success is no accident.”,2026-06-12,AA Email Man,true,1,0,1,0.0
Hank Willis Thomas · “Success is no accident.” · 2026 Q2,“Success is no accident.”,2026-06-12,AA Meta,true,3,0,3,1.0
Hank Willis Thomas · “Success is no accident.” · 2026 Q2,“Success is no accident.”,2026-06-12,Direct,true,2,0,2,2.0
Hank Willis Thomas · “Success is no accident.” · 2026 Q2,“Success is no accident.”,2026-06-12,Organic Search,true,1,0,1,1.0
Hank Willis Thomas · “Success is no accident.” · 2026 Q2,“Success is no accident.”,2026-06-12,Paid Social,true,2,0,2,1.0
Hank Willis Thomas · “Success is no accident.” · 2026 Q2,“Success is no accident.”,2026-06-12,Referral Artist,true,9,0,9,5.0
Hank Willis Thomas · “Success is no accident.” · 2026 Q2,“Success is no accident.”,2026-06-12,Referral Other,true,1,0,1,1.0
Hank Willis Thomas · “Success is no accident.” · 2026 Q2,“Success is no accident.”,2026-06-15,AA Email Auto,true,3,0,3,2.0
Hank Willis Thomas · “Success is no accident.” · 2026 Q2,“Success is no accident.”,2026-06-15,AA Email Man,true,13,0,13,4.0
Hank Willis Thomas · “Success is no accident.” · 2026 Q2,“Success is no accident.”,2026-06-15,Direct,true,2,0,2,1.0
Hank Willis Thomas · “Success is no accident.” · 2026 Q2,“Success is no accident.”,2026-06-15,Organic Search,true,2,0,2,1.0
Hank Willis Thomas · “Success is no accident.” · 2026 Q2,“Success is no accident.”,2026-06-15,Paid Social,true,7,0,7,3.0
Hank Willis Thomas · “Success is no accident.” · 2026 Q2,“Success is no accident.”,2026-06-15,Referral Artist,true,2,0,2,0.0
Hank Willis Thomas · “Success is no accident.” · 2026 Q2,“Success is no accident.”,2026-06-15,untracked,true,1,0,1,0.0
Hank Willis Thomas · “Success is no accident.” · 2026 Q2,“Success is no accident.”,2026-06-17,Direct,true,1,0,1,1.0
Hank Willis Thomas · “Success is no accident.” · 2026 Q2,“Success is no accident.”,2026-06-17,Organic Search,true,1,0,1,0.0
Hank Willis Thomas · “Success is no accident.” · 2026 Q2,“Success is no accident.”,2026-06-17,Paid Social,true,6,0,6,4.0
Hank Willis Thomas · “Success is no accident.” · 2026 Q2,“Success is no accident.”,2026-06-18,Referral Other,true,1,1,1,1.0
Hank Willis Thomas · “Success is no accident.” · 2026 Q2,“Success is no accident.”,2026-06-19,AA Email Man,true,2,0,2,2.0
Hank Willis Thomas · “Success is no accident.” · 2026 Q2,“Success is no accident.”,2026-06-19,Organic Search,true,1,0,1,1.0
Hank Willis Thomas · “Success is no accident.” · 2026 Q2,“Success is no accident.”,2026-06-19,Paid Social,true,10,0,10,8.0
Hank Willis Thomas · “Success is no accident.” · 2026 Q2,“Success is no accident.”,2026-06-19,Referral Artist,true,1,0,1,1.0
Hank Willis Thomas · “Success is no accident.” · 2026 Q2,“Success is no accident.”,2026-06-24,AA Email Man,true,1,0,1,0.0
Hank Willis Thomas · “Success is no accident.” · 2026 Q2,“Success is no accident.”,2026-06-24,AA Meta,true,2,0,2,1.0
Hank Willis Thomas · “Success is no accident.” · 2026 Q2,“Success is no accident.”,2026-06-24,Organic Search,true,2,0,2,1.0
Hank Willis Thomas · “Success is no accident.” · 2026 Q2,“Success is no accident.”,2026-06-24,Paid Social,true,15,0,15,8.0
Hank Willis Thomas · “Success is no accident.” · 2026 Q2,“Success is no accident.”,2026-06-24,Referral Artist,true,2,0,2,1.0
Hank Willis Thomas · “Success is no accident.” · 2026 Q2,“Success is no accident.”,2026-06-24,untracked,true,1,0,1,0.0
Hank Willis Thomas · “Success is no accident.” · 2026 Q2,“Success is no accident.”,2026-06-25,Direct,true,1,0,1,0.0
Hank Willis Thomas · “Success is no accident.” · 2026 Q2,“Success is no accident.”,2026-06-25,Organic Search,true,1,0,1,0.0
Hank Willis Thomas · “Success is no accident.” · 2026 Q2,“Success is no accident.”,2026-06-26,AA Email Man,true,1,0,1,1.0
Hank Willis Thomas · “Success is no accident.” · 2026 Q2,“Success is no accident.”,2026-06-26,AA Meta,true,2,0,2,0.0
Hank Willis Thomas · “Success is no accident.” · 2026 Q2,“Success is no accident.”,2026-06-26,Direct,true,1,0,1,1.0
Hank Willis Thomas · “Success is no accident.” · 2026 Q2,“Success is no accident.”,2026-06-26,Organic Search,true,4,0,4,3.0
Hank Willis Thomas · “Success is no accident.” · 2026 Q2,“Success is no accident.”,2026-06-26,Paid Social,true,13,0,13,8.0
Hank Willis Thomas · “Success is no accident.” · 2026 Q2,“Success is no accident.”,2026-06-26,Referral Artist,true,1,0,1,1.0
Hank Willis Thomas · “Success is no accident.” · 2026 Q2,“Success is no accident.”,2026-06-26,Referral Other,true,1,1,1,1.0
Hank Willis Thomas · “Success is no accident.” · 2026 Q2,“Success is no accident.”,2026-06-30,AA Email Auto,true,7,0,7,3.0
Hank Willis Thomas · “Success is no accident.” · 2026 Q2,“Success is no accident.”,2026-06-30,AA Email Man,true,27,0,27,14.0
Hank Willis Thomas · “Success is no accident.” · 2026 Q2,“Success is no accident.”,2026-06-30,AA Meta,true,1,0,1,0.0
Hank Willis Thomas · “Success is no accident.” · 2026 Q2,“Success is no accident.”,2026-06-30,Direct,true,11,0,11,5.0
Hank Willis Thomas · “Success is no accident.” · 2026 Q2,“Success is no accident.”,2026-06-30,Organic Search,true,5,0,5,3.0
Hank Willis Thomas · “Success is no accident.” · 2026 Q2,“Success is no accident.”,2026-06-30,Paid Social,true,32,0,32,15.0
Hank Willis Thomas · “Success is no accident.” · 2026 Q2,“Success is no accident.”,2026-06-30,Referral Artist,true,3,0,3,2.0
Hank Willis Thomas · “Success is no accident.” · 2026 Q2,“Success is no accident.”,2026-06-30,Referral Meta,true,1,0,1,0.0
Hank Willis Thomas · “Success is no accident.” · 2026 Q2,“Success is no accident.”,2026-06-30,Referral Other,true,4,0,4,1.0
Hank Willis Thomas · “Success is no accident.” · 2026 Q2,“Success is no accident.”,2026-07-01,AA Meta,true,1,0,1,0.0
Hank Willis Thomas · “Success is no accident.” · 2026 Q2,“Success is no accident.”,2026-07-01,Paid Social,true,1,0,1,1.0
Hank Willis Thomas · “Success is no accident.” · 2026 Q2,“Success is no accident.”,2026-07-02,AA Email Man,true,1,0,1,1.0
Hank Willis Thomas · “Success is no accident.” · 2026 Q2,“Success is no accident.”,2026-07-02,Referral Other,true,1,0,1,0.0
Hank Willis Thomas · “Success is no accident.” · 2026 Q2,“Success is no accident.”,2026-07-06,Direct,true,1,0,1,0.0
Hank Willis Thomas · “Success is no accident.” · 2026 Q2,“Success is no accident.”,2026-07-08,Organic Search,true,1,0,1,0.0
Hank Willis Thomas · “Success is no accident.” · 2026 Q2,“Success is no accident.”,2026-07-09,AA Email Man,true,1,0,1,0.0
Hank Willis Thomas · “Success is no accident.” · 2026 Q2,“Success is no accident.”,2026-07-09,Organic Search,true,2,0,2,0.0
Hank Willis Thomas · “Success is no accident.” · 2026 Q2,“Success is no accident.”,2026-07-11,Direct,true,1,0,1,0.0
Hank Willis Thomas · “Success is no accident.” · 2026 Q2,“Success is no accident.”,2026-07-28,AA Email Man,true,1,0,1,1.0
Hank Willis Thomas · “Success is no accident.” · 2026 Q2,“Success is no accident.”,2026-08-21,Direct,true,1,0,1,1.0
Harland Miller · Multiple · 2025 Q1,R U OK?,2024-12-05,Referral Other,true,1,0,0,0.0
Harland Miller · Multiple · 2025 Q1,R U OK?,2024-12-06,Referral Other,true,1,1,0,0.0
Harland Miller · Multiple · 2025 Q1,R U OK?,2024-12-07,Referral Other,true,1,1,0,0.0
Harland Miller · Multiple · 2025 Q1,R U OK?,2025-01-10,Direct,true,1,0,0,0.0
Harland Miller · Multiple · 2025 Q1,R U OK?,2025-01-28,AA Email Man,true,7,0,0,0.0
Harland Miller · Multiple · 2025 Q1,R U OK?,2025-01-28,Paid Social,true,9,0,0,0.0
Harland Miller · Multiple · 2025 Q3,I Am The One I've Been Waiting For,2025-08-27,Organic Search,true,1,0,1,1.0
Harland Miller · Multiple · 2025 Q3,I Am The One I've Been Waiting For,2025-08-27,Referral Other,true,1,1,1,1.0
Harland Miller · Multiple · 2025 Q3,I Am The One I've Been Waiting For,2025-08-28,AA Email Man,true,1,1,1,1.0
Harland Miller · Multiple · 2025 Q3,I Am The One I've Been Waiting For,2025-08-28,Direct,true,1,0,1,1.0
Harland Miller · Multiple · 2025 Q3,I Am The One I've Been Waiting For,2025-08-29,Organic Search,true,1,1,1,0.0
Harland Miller · Multiple · 2025 Q3,I Am The One I've Been Waiting For,2025-08-29,Referral Other,true,1,0,1,0.0
Harland Miller · Multiple · 2025 Q3,I Am The One I've Been Waiting For,2025-09-05,Direct,true,1,0,1,1.0
Harland Miller · Multiple · 2025 Q3,I Am The One I've Been Waiting For,2025-09-05,Referral Other,true,1,0,1,0.0
Harland Miller · Multiple · 2025 Q3,I Am The One I've Been Waiting For,2025-09-08,AA Meta,true,1,0,1,0.0
Harland Miller · Multiple · 2025 Q3,I Am The One I've Been Waiting For,2025-09-09,AA Email Man,true,2,0,2,2.0
Harland Miller · Multiple · 2025 Q3,I Am The One I've Been Waiting For,2025-09-09,Direct,true,2,0,2,2.0
Harland Miller · Multiple · 2025 Q3,I Am The One I've Been Waiting For,2025-09-09,Organic Search,true,1,0,1,1.0
Harland Miller · Multiple · 2025 Q3,I Am The One I've Been Waiting For,2025-09-11,Organic Search,true,1,0,1,1.0
Harland Miller · Multiple · 2025 Q3,I Am The One I've Been Waiting For,2025-09-19,Direct,true,1,0,1,1.0
Harland Miller · Multiple · 2025 Q3,I Am The One I've Been Waiting For,2025-09-30,AA Email Man,true,1,0,1,0.0
Harland Miller · Multiple · 2025 Q3,I Am The One I've Been Waiting For,2025-09-30,Direct,true,3,0,3,2.0
Harland Miller · Multiple · 2025 Q3,I Am The One I've Been Waiting For,2025-11-20,untracked,true,1,0,1,0.0
Harland Miller · Multiple · 2025 Q3,I'll Never Forget What I Can't Remember,2025-08-27,AA Email Man,true,1,1,1,0.0
Harland Miller · Multiple · 2025 Q3,I'll Never Forget What I Can't Remember,2025-08-27,Organic Search,true,1,0,1,1.0
Harland Miller · Multiple · 2025 Q3,I'll Never Forget What I Can't Remember,2025-08-27,Referral Other,true,4,4,4,3.0
Harland Miller · Multiple · 2025 Q3,I'll Never Forget What I Can't Remember,2025-08-28,Direct,true,1,0,1,0.0
Harland Miller · Multiple · 2025 Q3,I'll Never Forget What I Can't Remember,2025-08-29,Referral Other,true,1,0,1,0.0
Harland Miller · Multiple · 2025 Q3,I'll Never Forget What I Can't Remember,2025-08-30,Organic Search,true,1,0,1,0.0
Harland Miller · Multiple · 2025 Q3,I'll Never Forget What I Can't Remember,2025-09-04,Direct,true,1,0,1,1.0
Harland Miller · Multiple · 2025 Q3,I'll Never Forget What I Can't Remember,2025-09-04,untracked,true,1,0,1,0.0
Harland Miller · Multiple · 2025 Q3,I'll Never Forget What I Can't Remember,2025-09-05,Referral Other,true,2,0,2,0.0
Harland Miller · Multiple · 2025 Q3,I'll Never Forget What I Can't Remember,2025-09-08,AA Meta,true,1,0,1,0.0
Harland Miller · Multiple · 2025 Q3,I'll Never Forget What I Can't Remember,2025-09-19,Direct,true,1,0,1,1.0
Harland Miller · Multiple · 2025 Q3,I'll Never Forget What I Can't Remember,2025-09-30,AA Email Man,true,4,0,4,4.0
Harland Miller · Multiple · 2025 Q3,I'll Never Forget What I Can't Remember,2025-09-30,Direct,true,2,0,2,2.0
Harland Miller · Multiple · 2025 Q3,I'll Never Forget What I Can't Remember,2025-11-20,untracked,true,1,0,1,0.0
Harland Miller · Multiple · 2025 Q3,I'll Never Forget What I Can't Remember,2026-02-23,Referral Other,true,1,0,1,1.0
Harland Miller · Multiple · 2025 Q3,Love Saves The Day,2025-08-23,Referral Other,true,1,0,1,0.0
Harland Miller · Multiple · 2025 Q3,Love Saves The Day,2025-08-27,AA Email Man,true,1,1,1,0.0
Harland Miller · Multiple · 2025 Q3,Love Saves The Day,2025-08-27,Organic Search,true,1,0,1,1.0
Harland Miller · Multiple · 2025 Q3,Love Saves The Day,2025-08-27,Referral Other,true,4,4,4,4.0
Harland Miller · Multiple · 2025 Q3,Love Saves The Day,2025-08-28,Organic Search,true,1,0,1,0.0
Harland Miller · Multiple · 2025 Q3,Love Saves The Day,2025-08-28,Referral Other,true,1,0,1,0.0
Harland Miller · Multiple · 2025 Q3,Love Saves The Day,2025-08-29,Referral Other,true,1,0,1,0.0
Harland Miller · Multiple · 2025 Q3,Love Saves The Day,2025-08-30,AA Email Man,true,1,0,1,0.0
Harland Miller · Multiple · 2025 Q3,Love Saves The Day,2025-08-30,untracked,true,1,0,1,1.0
Harland Miller · Multiple · 2025 Q3,Love Saves The Day,2025-09-05,AA Email Man,true,2,0,2,2.0
Harland Miller · Multiple · 2025 Q3,Love Saves The Day,2025-09-05,Referral Other,true,1,0,1,0.0
Harland Miller · Multiple · 2025 Q3,Love Saves The Day,2025-09-08,AA Meta,true,1,0,1,0.0
Harland Miller · Multiple · 2025 Q3,Love Saves The Day,2025-09-24,Direct,true,1,0,1,1.0
Harland Miller · Multiple · 2025 Q3,Love Saves The Day,2025-09-30,AA Email Man,true,3,0,3,3.0
Harland Miller · Multiple · 2025 Q3,Love Saves The Day,2025-09-30,Direct,true,1,0,1,1.0
Harland Miller · Multiple · 2025 Q3,Love Saves The Day,2025-09-30,Referral Other,true,1,0,1,1.0
Harland Miller · Multiple · 2025 Q3,Love Saves The Day,2025-11-20,untracked,true,1,0,1,0.0
Harland Miller · Multiple · 2025 Q3,Love Saves The Day,2026-05-01,Referral Other,true,1,0,1,1.0
Harland Miller · Multiple · 2025 Q3,Not Giving In To Willpower,2025-08-27,Organic Search,true,1,0,1,1.0
Harland Miller · Multiple · 2025 Q3,Not Giving In To Willpower,2025-08-27,Referral Other,true,1,1,1,0.0
Harland Miller · Multiple · 2025 Q3,Not Giving Into Willpower,2025-08-28,Referral Other,true,1,1,1,1.0
Harland Miller · Multiple · 2025 Q3,Not Giving Into Willpower,2025-08-29,Referral Other,true,1,0,1,0.0
Harland Miller · Multiple · 2025 Q3,Not Giving Into Willpower,2025-09-02,Direct,true,1,0,1,0.0
Harland Miller · Multiple · 2025 Q3,Not Giving Into Willpower,2025-09-05,Referral Other,true,1,0,1,0.0
Harland Miller · Multiple · 2025 Q3,Not Giving Into Willpower,2025-09-08,AA Meta,true,1,0,1,0.0
Harland Miller · Multiple · 2025 Q3,Not Giving Into Willpower,2025-09-09,AA Email Man,true,3,0,3,3.0
Harland Miller · Multiple · 2025 Q3,Not Giving Into Willpower,2025-09-09,Direct,true,2,0,2,2.0
Harland Miller · Multiple · 2025 Q3,Not Giving Into Willpower,2025-09-11,Direct,true,1,0,1,1.0
Harland Miller · Multiple · 2025 Q3,Not Giving Into Willpower,2025-09-19,AA Email Man,true,1,0,1,1.0
Harland Miller · Multiple · 2025 Q3,Not Giving Into Willpower,2025-09-19,Direct,true,1,0,1,1.0
Harland Miller · Multiple · 2025 Q3,Not Giving Into Willpower,2025-09-30,AA Email Man,true,2,0,2,0.0
Harland Miller · Multiple · 2025 Q3,Not Giving Into Willpower,2025-09-30,Direct,true,2,0,2,0.0
Harland Miller · Multiple · 2025 Q3,Not Giving Into Willpower,2025-09-30,Organic Search,true,2,0,2,0.0
Harland Miller · Multiple · 2025 Q3,Not Giving Into Willpower,2025-11-20,untracked,true,1,0,1,0.0
Harland Miller · Multiple · 2025 Q3,The Final Five,2025-08-28,untracked,true,1,1,1,1.0
Harland Miller · Multiple · 2025 Q3,The Final Five,2025-09-09,AA Email Man,true,1,0,1,1.0
Harland Miller · Multiple · 2025 Q3,The Final Five,2025-09-09,Organic Search,true,1,0,1,1.0
Harland Miller · Multiple · 2025 Q3,This Is Where It's Fuckin At,2025-08-27,AA Email Man,true,3,3,3,2.0
Harland Miller · Multiple · 2025 Q3,This Is Where It's Fuckin At,2025-08-27,Organic Search,true,1,0,1,1.0
Harland Miller · Multiple · 2025 Q3,This Is Where It's Fuckin At,2025-08-27,Referral Other,true,3,2,3,2.0
Harland Miller · Multiple · 2025 Q3,This Is Where It's Fuckin At,2025-08-28,Direct,true,2,0,2,0.0
Harland Miller · Multiple · 2025 Q3,This Is Where It's Fuckin At,2025-08-29,Direct,true,1,0,1,1.0
Harland Miller · Multiple · 2025 Q3,This Is Where It's Fuckin At,2025-08-29,Organic Search,true,1,0,1,0.0
Harland Miller · Multiple · 2025 Q3,This Is Where It's Fuckin At,2025-08-29,Referral Other,true,1,0,1,0.0
Harland Miller · Multiple · 2025 Q3,This Is Where It's Fuckin At,2025-09-02,Organic Search,true,1,0,1,0.0
Harland Miller · Multiple · 2025 Q3,This Is Where It's Fuckin At,2025-09-05,Referral Other,true,1,0,1,0.0
Harland Miller · Multiple · 2025 Q3,This Is Where It's Fuckin At,2025-09-08,AA Meta,true,1,0,1,0.0
Harland Miller · Multiple · 2025 Q3,This Is Where It's Fuckin At,2025-09-26,AA Email Man,true,1,0,1,0.0
Harland Miller · Multiple · 2025 Q3,This Is Where It's Fuckin At,2025-09-29,Direct,true,1,0,1,1.0
Harland Miller · Multiple · 2025 Q3,This Is Where It's Fuckin At,2025-09-30,AA Email Man,true,2,0,2,2.0
Harland Miller · Multiple · 2025 Q3,This Is Where It's Fuckin At,2025-09-30,AA Meta,true,1,0,1,1.0
Harland Miller · Multiple · 2025 Q3,This Is Where It's Fuckin At,2025-09-30,Direct,true,1,0,1,1.0
Harland Miller · Multiple · 2025 Q3,This Is Where It's Fuckin At,2025-09-30,Referral Other,true,1,0,1,1.0
Harland Miller · Multiple · 2025 Q3,This Is Where It's Fuckin At,2025-11-20,untracked,true,1,0,1,0.0
Harland Miller · Multiple · 2025 Q3,This Is Where It's Fuckin At,2026-05-01,Referral Other,true,1,0,1,1.0
Harland Miller · Multiple · 2025 Q3,This Is Where It's Fuckin At,2026-05-08,Referral Other,true,1,0,1,0.0
Harland Miller · York So Good They Named It Once · 2025 Q2,York So Good They Named It Once,2025-03-13,Direct,true,3,0,3,1.0
Harland Miller · York So Good They Named It Once · 2025 Q2,York So Good They Named It Once,2025-03-14,Direct,true,2,0,2,1.0
Harland Miller · York So Good They Named It Once · 2025 Q2,York So Good They Named It Once,2025-03-14,Organic Search,true,1,0,1,0.0
Harland Miller · York So Good They Named It Once · 2025 Q2,York So Good They Named It Once,2025-03-17,Referral Other,true,1,0,1,0.0
Harland Miller · York So Good They Named It Once · 2025 Q2,York So Good They Named It Once,2025-03-18,Direct,true,1,0,1,1.0
Harland Miller · York So Good They Named It Once · 2025 Q2,York So Good They Named It Once,2025-03-18,Organic Search,true,1,0,1,0.0
Harland Miller · York So Good They Named It Once · 2025 Q2,York So Good They Named It Once,2025-03-19,Direct,true,1,0,1,1.0
Harland Miller · York So Good They Named It Once · 2025 Q2,York So Good They Named It Once,2025-03-20,AA Email Man,true,1,0,1,0.0
Harland Miller · York So Good They Named It Once · 2025 Q2,York So Good They Named It Once,2025-03-20,Direct,true,2,0,2,1.0
Harland Miller · York So Good They Named It Once · 2025 Q2,York So Good They Named It Once,2025-03-25,untracked,true,1,0,1,0.0
Harland Miller · York So Good They Named It Once · 2025 Q2,York So Good They Named It Once,2025-03-26,AA Email Man,true,1,0,1,1.0
Harland Miller · York So Good They Named It Once · 2025 Q2,York So Good They Named It Once,2025-03-26,Organic Search,true,1,0,1,1.0
Harland Miller · York So Good They Named It Once · 2025 Q2,York So Good They Named It Once,2025-03-29,Direct,true,1,0,1,0.0
Harland Miller · York So Good They Named It Once · 2025 Q2,York So Good They Named It Once,2025-03-30,Direct,true,1,0,1,0.0
Harland Miller · York So Good They Named It Once · 2025 Q2,York So Good They Named It Once,2025-04-01,AA Email Man,true,2,0,2,0.0
Harland Miller · York So Good They Named It Once · 2025 Q2,York So Good They Named It Once,2025-04-02,AA Email Man,true,1,0,1,1.0
Harland Miller · York So Good They Named It Once · 2025 Q2,York So Good They Named It Once,2025-04-09,AA Email Man,true,4,0,4,3.0
Harland Miller · York So Good They Named It Once · 2025 Q2,York So Good They Named It Once,2025-04-09,Paid Social,true,1,0,1,0.0
Harland Miller · York So Good They Named It Once · 2025 Q2,York So Good They Named It Once,2025-04-10,AA Email Man,true,4,0,4,1.0
Harland Miller · York So Good They Named It Once · 2025 Q2,York So Good They Named It Once,2025-04-13,AA Email Man,true,1,0,1,0.0
Harland Miller · York So Good They Named It Once · 2025 Q2,York So Good They Named It Once,2025-04-14,AA Email Man,true,11,0,11,4.0
Harland Miller · York So Good They Named It Once · 2025 Q2,York So Good They Named It Once,2025-04-14,Direct,true,2,0,2,1.0
Harland Miller · York So Good They Named It Once · 2025 Q2,York So Good They Named It Once,2025-04-14,Paid Social,true,1,0,1,0.0
Harland Miller · York So Good They Named It Once · 2025 Q2,York So Good They Named It Once,2025-04-14,Referral Other,true,2,0,2,2.0
Harland Miller · York So Good They Named It Once · 2025 Q2,York So Good They Named It Once,2025-04-15,untracked,true,1,0,1,0.0
Harland Miller · York So Good They Named It Once · 2025 Q2,York So Good They Named It Once,2025-04-16,Direct,true,1,0,1,1.0
Harland Miller · York So Good They Named It Once · 2025 Q2,York So Good They Named It Once,2025-04-17,AA Email Man,true,1,0,1,1.0
Harland Miller · York So Good They Named It Once · 2025 Q2,York So Good They Named It Once,2025-04-17,Referral Other,true,1,0,1,1.0
Harland Miller · York So Good They Named It Once · 2025 Q2,York So Good They Named It Once,2025-06-15,AA Meta,true,1,0,1,0.0
Harmonia · Multiple · 2025 Q4,Eve and the Orishas,2025-10-28,Untracked,false,18,18,18,2.0
Harmonia · Multiple · 2025 Q4,Eve and the Orishas,2025-10-29,Untracked,false,60,14,60,11.0
Harmonia · Multiple · 2025 Q4,Eve and the Orishas,2025-10-30,Untracked,false,23,2,23,5.0
Harmonia · Multiple · 2025 Q4,Eve and the Orishas,2025-10-31,Untracked,false,38,4,38,4.0
Harmonia · Multiple · 2025 Q4,Eve and the Orishas,2025-11-03,Untracked,false,1,0,1,0.0
Harmonia · Multiple · 2025 Q4,Eve and the Orishas,2025-11-04,Untracked,false,2,0,2,1.0
Harmonia · Multiple · 2025 Q4,Eve and the Orishas,2026-03-02,Untracked,false,2,0,2,0.0
Harmonia · Multiple · 2025 Q4,Eve and the Orishas,2026-03-10,Untracked,false,1,0,1,0.0
Harmonia · Multiple · 2025 Q4,Eve and the Orishas,2026-05-06,Untracked,false,1,0,1,0.0
Harmonia · Multiple · 2025 Q4,Eve and the Orishas,2026-08-26,Untracked,false,1,0,1,1.0
Harmonia · Multiple · 2025 Q4,Eve and the Orishas,2026-09-10,Untracked,false,1,0,1,0.0
Harmonia · Multiple · 2025 Q4,Portrait of Eve,2025-10-09,Untracked,false,1,0,1,1.0
Harmonia · Multiple · 2025 Q4,Portrait of Eve,2025-10-24,Untracked,false,1,0,1,1.0
Harmonia · Multiple · 2025 Q4,Portrait of Eve,2025-10-28,Untracked,false,14,14,14,2.0
Harmonia · Multiple · 2025 Q4,Portrait of Eve,2025-10-29,Untracked,false,42,14,42,7.0
Harmonia · Multiple · 2025 Q4,Portrait of Eve,2025-10-30,Untracked,false,20,2,20,2.0
Harmonia · Multiple · 2025 Q4,Portrait of Eve,2025-10-31,Untracked,false,37,4,37,4.0
Harmonia · Multiple · 2025 Q4,Portrait of Eve,2025-11-03,Untracked,false,1,0,1,0.0
Harmonia · Multiple · 2025 Q4,Portrait of Eve,2025-11-04,Untracked,false,1,0,1,1.0
Harmonia · Multiple · 2025 Q4,Portrait of Eve,2025-11-05,Untracked,false,1,0,1,1.0
Harmonia · Multiple · 2025 Q4,Portrait of Eve,2025-11-06,Untracked,false,1,0,1,0.0
Harmonia · Multiple · 2025 Q4,Portrait of Eve,2025-11-19,Untracked,false,1,0,1,0.0
Harmonia · Multiple · 2025 Q4,Portrait of Eve,2025-11-24,Untracked,false,1,0,1,0.0
Harmonia · Multiple · 2025 Q4,Portrait of Eve,2025-12-15,Untracked,false,1,0,1,0.0
Harmonia · Multiple · 2025 Q4,Portrait of Eve,2026-01-31,Untracked,false,1,0,1,0.0
Harmonia · Multiple · 2025 Q4,Portrait of Eve,2026-02-04,Untracked,false,1,0,1,0.0
Harmonia · Multiple · 2025 Q4,Portrait of Eve,2026-02-06,Untracked,false,1,0,1,0.0
Harmonia · Multiple · 2025 Q4,Portrait of Eve,2026-09-21,Untracked,false,1,0,1,1.0
Harmonia · Multiple · 2025 Q4,Portrait of Eve & Eve and the Orishas,2025-10-08,Untracked,false,1,0,1,0.0
Harmonia · Multiple · 2025 Q4,Portrait of Eve & Eve and the Orishas,2025-10-28,Untracked,false,25,25,25,7.0
Harmonia · Multiple · 2025 Q4,Portrait of Eve & Eve and the Orishas,2025-10-29,Untracked,false,33,16,33,11.0
Harmonia · Multiple · 2025 Q4,Portrait of Eve & Eve and the Orishas,2025-10-30,Untracked,false,13,5,13,2.0
Harmonia · Multiple · 2025 Q4,Portrait of Eve & Eve and the Orishas,2025-10-31,Untracked,false,15,3,15,4.0
Haroshi · Multiple · 2021 Q2,GUZO (Black Marble),2023-07-25,Untracked,false,1,0,0,0.0
Haroshi · Multiple · 2021 Q2,GUZO (Black Marble),2024-11-22,Untracked,false,1,0,0,0.0
Haroshi · Multiple · 2021 Q2,GUZO (White Marble),2024-09-17,Untracked,false,1,0,0,0.0
Haroshi · Multiple · 2021 Q2,GUZO (White Marble),2024-11-22,Untracked,false,1,0,0,0.0
Hassan Hajjaj · Yazid & Rania · 2021 Q3,Yazid & Rania,2023-03-31,Direct,true,1,0,1,0.0
Hassan Hajjaj · Yazid & Rania · 2021 Q3,Yazid & Rania,2023-06-28,Paid Search,true,1,0,1,0.0
Hassan Hajjaj · Yazid & Rania · 2021 Q3,Yazid & Rania,2023-11-10,Organic Search,true,1,0,1,0.0
Hassan Hajjaj · Yazid & Rania · 2021 Q3,Yazid & Rania,2023-12-17,Direct,true,1,0,1,0.0
Hassan Hajjaj · Yazid & Rania · 2021 Q3,Yazid & Rania,2024-11-15,Referral Other,true,1,0,1,0.0
Hassan Hajjaj · Yazid & Rania · 2021 Q3,Yazid & Rania,2025-07-13,Referral Other,true,1,0,1,0.0
Hassan Hajjaj · Yazid & Rania · 2021 Q3,Yazid & Rania,2025-08-10,Referral Other,true,1,0,1,0.0
Hassan Hajjaj · Yazid & Rania · 2021 Q3,Yazid & Rania,2025-08-25,Referral Other,true,1,0,1,0.0
Hassan Hajjaj · Yazid & Rania · 2021 Q3,Yazid & Rania,2026-01-22,untracked,true,1,0,1,0.0
Hassan Hajjaj · Yazid & Rania · 2021 Q3,Yazid & Rania,2026-06-29,Direct,true,1,0,1,0.0
Hebru Brantley · Free Advice (Large) · 2022 Q1,Free Advice (Large),2023-03-13,untracked,true,1,0,0,0.0
Hebru Brantley · Free Advice · 2022 Q2,Free Advice,2023-03-01,Direct,true,1,0,0,0.0
Hebru Brantley · Free Advice · 2022 Q2,Free Advice,2023-03-13,untracked,true,1,0,0,0.0
Hebru Brantley · Free Advice · 2022 Q2,Free Advice,2024-01-26,untracked,true,1,1,0,0.0
Hebru Brantley · Free Advice · 2022 Q2,Free Advice,2025-02-25,untracked,true,1,0,0,0.0
Hebru Brantley · Multiple · 2020 Q4,3 THE HARD WAY,2024-01-26,Untracked,false,1,1,0,0.0
Hebru Brantley · Multiple · 2020 Q4,3 THE HARD WAY,2024-01-27,Untracked,false,1,1,0,0.0
Hebru Brantley · Multiple · 2020 Q4,3 THE HARD WAY,2024-01-28,Untracked,false,1,0,0,0.0
Hein Koh · Multiple · 2023 Q3,Artist Bag (Hein Koh),2023-08-03,Untracked,false,4,0,0,0.0
Hein Koh · Multiple · 2023 Q3,Artist Bag (Hein Koh),2023-08-04,Untracked,false,4,0,0,0.0
Hein Koh · Multiple · 2023 Q3,Artist Bag (Hein Koh),2023-08-16,Untracked,false,1,0,0,0.0
Hein Koh · Multiple · 2023 Q3,Artist Bag (Hein Koh),2023-09-01,Untracked,false,1,0,0,0.0
Hein Koh · Multiple · 2023 Q3,Artist Bag (Hein Koh),2023-10-20,Untracked,false,1,0,0,0.0
Hein Koh · Multiple · 2023 Q3,Artist Bag (Hein Koh),2023-11-18,Untracked,false,1,0,0,0.0
Hein Koh · Multiple · 2023 Q3,Artist Bag (Hein Koh),2024-02-17,Untracked,false,1,0,0,0.0
Hein Koh · Multiple · 2023 Q3,Artist Bag (Hein Koh),2024-07-06,Untracked,false,1,0,0,0.0
Hein Koh · Multiple · 2023 Q3,Artist Bag (Hein Koh),2025-07-10,Untracked,false,1,0,0,0.0
Hein Koh · Multiple · 2023 Q3,Artist Bag (Hein Koh),2025-08-08,Untracked,false,1,0,0,0.0
Hein Koh · Multiple · 2023 Q3,Artist Bag (Hein Koh),2025-10-17,Untracked,false,1,0,0,0.0
Hein Koh · Multiple · 2023 Q3,Artist Bag (Hein Koh),2026-09-23,Untracked,false,1,0,0,0.0
Hideaki Kawashima · Multiple · 2023 Q4,Fan (Hand-finished),2023-11-06,Direct,true,2,0,2,0.0
Hideaki Kawashima · Multiple · 2023 Q4,Fan (Hand-finished),2023-11-07,Direct,true,1,0,1,0.0
Hideaki Kawashima · Multiple · 2023 Q4,Fan (Hand-finished),2023-11-14,Direct,true,1,0,1,0.0
Hideaki Kawashima · Multiple · 2023 Q4,Fan (Hand-finished),2023-11-27,Direct,true,1,0,1,0.0
Hideaki Kawashima · Multiple · 2023 Q4,Fan (Mishima),2023-11-10,AA Email Man,true,1,1,1,0.0
Hideaki Kawashima · Multiple · 2023 Q4,Fan (Mishima),2023-11-10,Referral Other,true,1,0,1,0.0
Hideaki Kawashima · Multiple · 2023 Q4,Fan (Mishima),2023-11-16,Direct,true,10,0,10,0.0
Hideaki Kawashima · Multiple · 2023 Q4,Fan (Mishima),2023-11-20,AA Email Man,true,1,0,1,0.0
Hideaki Kawashima · Multiple · 2023 Q4,Fan (Mishima),2024-04-20,untracked,true,1,0,1,0.0
Hilary Pecis · Multiple · 2025 Q1,Lily Pond,2024-12-05,Referral Other,true,1,0,0,0.0
Hilary Pecis · Multiple · 2025 Q1,Lily Pond,2024-12-06,Referral Other,true,4,4,0,0.0
Hilary Pecis · Multiple · 2025 Q1,Lily Pond,2024-12-09,Referral Other,true,1,1,0,0.0
Hilary Pecis · Multiple · 2025 Q1,Lily Pond,2024-12-13,AA Email Man,true,1,1,0,0.0
Hilary Pecis · Multiple · 2025 Q1,Lily Pond,2024-12-13,Referral Other,true,1,1,0,0.0
Hilary Pecis · Multiple · 2025 Q1,Lily Pond,2024-12-15,AA Email Man,true,1,1,0,0.0
Hilary Pecis · Multiple · 2025 Q1,Lily Pond,2024-12-17,untracked,true,10,0,0,0.0
Hilary Pecis · Multiple · 2025 Q1,Lily Pond,2024-12-24,Referral Other,true,2,0,0,0.0
Hilary Pecis · Multiple · 2025 Q1,Lily Pond,2025-01-28,AA Meta,true,1,0,0,0.0
Hilary Pecis · Multiple · 2025 Q1,Lily Pond,2025-01-28,Direct,true,1,0,0,0.0
Hilary Pecis · Multiple · 2025 Q1,Lily Pond,2025-01-28,Organic Search,true,1,0,0,0.0
Hilary Pecis · Multiple · 2025 Q1,Lily Pond,2025-01-28,Paid Social,true,1,0,0,0.0
Hilary Pecis · Multiple · 2025 Q1,Lily Pond,2025-01-28,Referral Other,true,1,0,0,0.0
Hiroya Kurata · Lemonhead · 2023 Q4,Lemonhead,2023-08-30,Direct,true,1,0,0,0.0
Hiroya Kurata · Lemonhead · 2023 Q4,Lemonhead,2023-09-26,Organic Search,true,1,0,0,0.0
Hiroya Kurata · Lemonhead · 2023 Q4,Lemonhead,2023-10-03,AA Email Man,true,3,0,0,0.0
Hiroya Kurata · Lemonhead · 2023 Q4,Lemonhead,2023-10-04,AA Email Man,true,1,0,0,0.0
Hiroya Kurata · Lemonhead · 2023 Q4,Lemonhead,2023-10-04,Direct,true,1,0,0,0.0
Hiroya Kurata · Lemonhead · 2023 Q4,Lemonhead,2023-11-27,Direct,true,10,0,0,0.0
Hyangmok Baik · I Know What You Did Last Summer · 2023 Q1,I Know What You Did Last Summer,2023-02-10,AA Email Man,true,1,1,0,0.0
Hyangmok Baik · I Know What You Did Last Summer · 2023 Q1,I Know What You Did Last Summer,2023-02-10,Direct,true,3,0,0,0.0
Hyangmok Baik · I Know What You Did Last Summer · 2023 Q1,I Know What You Did Last Summer,2023-02-10,Referral Other,true,1,0,0,0.0
Hyangmok Baik · I Know What You Did Last Summer · 2023 Q1,I Know What You Did Last Summer,2023-02-10,untracked,true,1,0,0,0.0
Hyangmok Baik · I Know What You Did Last Summer · 2023 Q1,I Know What You Did Last Summer,2023-02-13,Direct,true,1,0,0,0.0
Hyangmok Baik · I Know What You Did Last Summer · 2023 Q1,I Know What You Did Last Summer,2023-02-14,AA Email Man,true,1,0,0,0.0
Hyangmok Baik · I Know What You Did Last Summer · 2023 Q1,I Know What You Did Last Summer,2023-02-14,Referral Meta,true,1,0,0,0.0
Hyangmok Baik · I Know What You Did Last Summer · 2023 Q1,I Know What You Did Last Summer,2023-02-15,Organic Search,true,1,0,0,0.0
Hyangmok Baik · I Know What You Did Last Summer · 2023 Q1,I Know What You Did Last Summer,2023-02-15,untracked,true,1,0,0,0.0
Hyangmok Baik · I Know What You Did Last Summer · 2023 Q1,I Know What You Did Last Summer,2023-02-17,Direct,true,1,0,0,0.0
Hyangmok Baik · I Know What You Did Last Summer · 2023 Q1,I Know What You Did Last Summer,2023-02-18,AA Email Man,true,1,0,0,0.0
Hyangmok Baik · I Know What You Did Last Summer · 2023 Q1,I Know What You Did Last Summer,2023-02-21,AA Email Man,true,1,0,0,0.0
Hyangmok Baik · I Know What You Did Last Summer · 2023 Q1,I Know What You Did Last Summer,2023-02-21,untracked,true,1,0,0,0.0
Hyangmok Baik · I Know What You Did Last Summer · 2023 Q1,I Know What You Did Last Summer,2023-02-22,Direct,true,1,0,0,0.0
Hyangmok Baik · I Know What You Did Last Summer · 2023 Q1,I Know What You Did Last Summer,2023-02-22,Referral Other,true,1,0,0,0.0
Hyangmok Baik · I Know What You Did Last Summer · 2023 Q1,I Know What You Did Last Summer,2023-02-27,Direct,true,1,0,0,0.0
Hyangmok Baik · I Know What You Did Last Summer · 2023 Q1,I Know What You Did Last Summer,2023-02-27,Organic Search,true,1,0,0,0.0
Hyangmok Baik · I Know What You Did Last Summer · 2023 Q1,I Know What You Did Last Summer,2023-02-27,Referral Meta,true,1,0,0,0.0
Hyangmok Baik · I Know What You Did Last Summer · 2023 Q1,I Know What You Did Last Summer,2023-02-27,untracked,true,1,0,0,0.0
Hyangmok Baik · I Know What You Did Last Summer · 2023 Q1,I Know What You Did Last Summer,2023-03-02,Direct,true,1,0,0,0.0
Hyangmok Baik · I Know What You Did Last Summer · 2023 Q1,I Know What You Did Last Summer,2023-03-03,Direct,true,1,0,0,0.0
Hyangmok Baik · I Know What You Did Last Summer · 2023 Q1,I Know What You Did Last Summer,2023-03-06,Direct,true,1,0,0,0.0
Hyangmok Baik · I Know What You Did Last Summer · 2023 Q1,I Know What You Did Last Summer,2023-03-08,Direct,true,1,0,0,0.0
Hyangmok Baik · I Know What You Did Last Summer · 2023 Q1,I Know What You Did Last Summer,2023-03-09,AA Meta,true,1,0,0,0.0
Hyangmok Baik · I Know What You Did Last Summer · 2023 Q1,I Know What You Did Last Summer,2023-03-16,AA Email Man,true,3,0,0,0.0
Hyangmok Baik · I Know What You Did Last Summer · 2023 Q1,I Know What You Did Last Summer,2023-03-16,Direct,true,1,0,0,0.0
Hyangmok Baik · I Know What You Did Last Summer · 2023 Q1,I Know What You Did Last Summer,2023-03-16,Organic Search,true,2,0,0,0.0
Hyangmok Baik · I Know What You Did Last Summer · 2023 Q1,I Know What You Did Last Summer,2023-03-16,Referral Meta,true,2,0,0,0.0
Hyangmok Baik · I Know What You Did Last Summer · 2023 Q1,I Know What You Did Last Summer,2023-03-19,Direct,true,1,0,0,0.0
Hyangmok Baik · I Know What You Did Last Summer · 2023 Q1,I Know What You Did Last Summer,2023-03-20,Direct,true,1,0,0,0.0
Hyangmok Baik · I Know What You Did Last Summer · 2023 Q1,I Know What You Did Last Summer,2023-03-20,untracked,true,1,0,0,0.0
Hyangmok Baik · I Know What You Did Last Summer · 2023 Q1,I Know What You Did Last Summer,2023-04-02,untracked,true,1,0,0,0.0
Hyangmok Baik · I Know What You Did Last Summer · 2023 Q1,I Know What You Did Last Summer,2023-04-06,Referral Meta,true,1,0,0,0.0
Hyangmok Baik · I Know What You Did Last Summer · 2023 Q1,I Know What You Did Last Summer,2023-04-10,AA Email Man,true,1,0,0,0.0
Hyangmok Baik · I Know What You Did Last Summer · 2023 Q1,I Know What You Did Last Summer,2023-04-24,Direct,true,1,0,0,0.0
Hyangmok Baik · I Know What You Did Last Summer · 2023 Q1,I Know What You Did Last Summer,2023-05-03,untracked,true,1,0,0,0.0
Hyangmok Baik · I Know What You Did Last Summer · 2023 Q1,I Know What You Did Last Summer,2023-05-17,untracked,true,1,0,0,0.0
Hyangmok Baik · I Know What You Did Last Summer · 2023 Q1,I Know What You Did Last Summer,2023-07-19,Direct,true,1,0,0,0.0
Hyangmok Baik · I Know What You Did Last Summer · 2023 Q1,I Know What You Did Last Summer,2023-08-17,Referral Other,true,1,0,0,0.0
Hyangmok Baik · I Know What You Did Last Summer · 2023 Q1,I Know What You Did Last Summer,2023-09-03,Organic Search,true,1,0,0,0.0
Hyangmok Baik · I Know What You Did Last Summer · 2023 Q1,I Know What You Did Last Summer,2023-09-13,Referral Meta,true,1,0,0,0.0
Hyangmok Baik · I Know What You Did Last Summer · 2023 Q1,I Know What You Did Last Summer,2023-09-16,Referral Meta,true,1,0,0,0.0
Hyangmok Baik · I Know What You Did Last Summer · 2023 Q1,I Know What You Did Last Summer,2024-08-30,AA Email Man,true,1,0,0,0.0
Hyangmok Baik · I Know What You Did Last Summer · 2023 Q1,I Know What You Did Last Summer,2025-02-21,Direct,true,1,0,0,0.0
Iskra Velitchkova · EYENESSLESS · 2024 Q3,EYENESSLESS,2024-08-27,Referral Other,true,1,1,1,0.0
Iskra Velitchkova · EYENESSLESS · 2024 Q3,EYENESSLESS,2024-08-28,AA Email Man,true,1,1,1,1.0
Iskra Velitchkova · EYENESSLESS · 2024 Q3,EYENESSLESS,2024-08-29,untracked,true,1,1,1,1.0
Iskra Velitchkova · EYENESSLESS · 2024 Q3,EYENESSLESS,2024-09-06,Referral Other,true,1,1,1,0.0
Iskra Velitchkova · EYENESSLESS · 2024 Q3,EYENESSLESS,2024-09-10,AA Email Man,true,2,0,2,1.0
Iskra Velitchkova · EYENESSLESS · 2024 Q3,EYENESSLESS,2024-09-10,Referral X,true,1,0,1,0.0
Iskra Velitchkova · EYENESSLESS · 2024 Q3,EYENESSLESS,2024-09-12,untracked,true,1,0,1,1.0
"JR · GIANTS, High jump in Rio · 2023 Q3","GIANTS, High jump in Rio",2023-09-06,Referral Other,true,1,0,0,0.0
"JR · GIANTS, High jump in Rio · 2023 Q3","GIANTS, High jump in Rio",2023-09-07,untracked,true,1,0,0,0.0
"JR · GIANTS, High jump in Rio · 2023 Q3","GIANTS, High jump in Rio",2023-09-12,AA Email Man,true,3,3,0,0.0
"JR · GIANTS, High jump in Rio · 2023 Q3","GIANTS, High jump in Rio",2023-09-12,Referral Other,true,1,0,0,0.0
"JR · GIANTS, High jump in Rio · 2023 Q3","GIANTS, High jump in Rio",2023-09-12,untracked,true,3,0,0,0.0
"JR · GIANTS, High jump in Rio · 2023 Q3","GIANTS, High jump in Rio",2023-09-13,AA Email Man,true,1,1,0,0.0
"JR · GIANTS, High jump in Rio · 2023 Q3","GIANTS, High jump in Rio",2023-09-14,AA Email Man,true,1,1,0,0.0
"JR · GIANTS, High jump in Rio · 2023 Q3","GIANTS, High jump in Rio",2023-09-16,Direct,true,2,0,0,0.0
"JR · GIANTS, High jump in Rio · 2023 Q3","GIANTS, High jump in Rio",2023-09-19,Organic Search,true,1,0,0,0.0
"JR · GIANTS, High jump in Rio · 2023 Q3","GIANTS, High jump in Rio",2023-09-20,AA Email Man,true,1,0,0,0.0
"JR · GIANTS, High jump in Rio · 2023 Q3","GIANTS, High jump in Rio",2023-09-21,AA Email Man,true,1,0,0,0.0
"JR · GIANTS, High jump in Rio · 2023 Q3","GIANTS, High jump in Rio",2023-09-21,Direct,true,1,0,0,0.0
"JR · GIANTS, High jump in Rio · 2023 Q3","GIANTS, High jump in Rio",2023-09-21,Organic Search,true,1,0,0,0.0
"JR · GIANTS, High jump in Rio · 2023 Q3","GIANTS, High jump in Rio",2023-09-21,untracked,true,6,0,0,0.0
"JR · GIANTS, High jump in Rio · 2023 Q3","GIANTS, High jump in Rio",2023-09-25,untracked,true,1,0,0,0.0
JR · La Nascita · 2024 Q2,La Nascita,2024-04-25,Untracked,false,1,0,1,0.0
JR · La Nascita · 2024 Q2,La Nascita,2024-04-26,Untracked,false,2,0,2,1.0
JR · La Nascita · 2024 Q2,La Nascita,2024-04-29,Untracked,false,99,99,99,26.0
JR · La Nascita · 2024 Q2,La Nascita,2024-04-30,Untracked,false,80,21,80,12.0
JR · La Nascita · 2024 Q2,La Nascita,2024-05-01,Untracked,false,62,4,62,16.0
JR · La Nascita · 2024 Q2,La Nascita,2024-05-02,Untracked,false,35,1,35,6.0
JR · La Nascita · 2024 Q2,La Nascita,2024-05-03,Untracked,false,1,0,1,0.0
JR · La Nascita · 2024 Q2,La Nascita,2024-05-07,Untracked,false,6,0,6,0.0
JR · La Nascita · 2024 Q2,La Nascita,2024-05-08,Untracked,false,2,0,2,1.0
JR · La Nascita · 2024 Q2,La Nascita,2024-11-01,Untracked,false,1,0,1,0.0
JR · La Nascita · 2024 Q2,La Nascita,2025-06-03,Untracked,false,1,0,1,0.0
JR · La Nascita · 2024 Q2,La Nascita,2026-04-02,Untracked,false,1,0,1,0.0
"Jack Kaido · ICYMI, 2024 · 2024 Q4","ICYMI, 2024",2024-10-28,AA Email Man,true,1,1,1,0.0
"Jack Kaido · ICYMI, 2024 · 2024 Q4","ICYMI, 2024",2024-10-28,AA X,true,2,2,2,1.0
"Jack Kaido · ICYMI, 2024 · 2024 Q4","ICYMI, 2024",2024-10-28,Organic Search,true,1,1,1,1.0
"Jack Kaido · ICYMI, 2024 · 2024 Q4","ICYMI, 2024",2024-10-28,Referral Other,true,1,1,1,0.0
"Jack Kaido · ICYMI, 2024 · 2024 Q4","ICYMI, 2024",2024-10-28,Referral X,true,2,2,2,1.0
"Jack Kaido · ICYMI, 2024 · 2024 Q4","ICYMI, 2024",2024-10-30,Referral Other,true,2,2,2,1.0
"Jack Kaido · ICYMI, 2024 · 2024 Q4","ICYMI, 2024",2024-10-30,Referral X,true,1,1,1,0.0
"Jack Kaido · ICYMI, 2024 · 2024 Q4","ICYMI, 2024",2024-10-31,AA Email Man,true,3,0,3,1.0
"Jack Kaido · ICYMI, 2024 · 2024 Q4","ICYMI, 2024",2024-10-31,AA X,true,3,0,3,0.0
"Jack Kaido · ICYMI, 2024 · 2024 Q4","ICYMI, 2024",2024-10-31,Organic Search,true,1,0,1,0.0
"Jack Kaido · ICYMI, 2024 · 2024 Q4","ICYMI, 2024",2024-10-31,Referral Other,true,2,1,2,2.0
"Jack Kaido · ICYMI, 2024 · 2024 Q4","ICYMI, 2024",2024-10-31,untracked,true,1,0,1,1.0
James Jarvis · Hang in there! · 2025 Q3,Hang in there!,2025-06-27,AA Email Man,true,5,5,0,0.0
James Jarvis · Hang in there! · 2025 Q3,Hang in there!,2025-06-27,AA Meta,true,2,2,0,0.0
James Jarvis · Hang in there! · 2025 Q3,Hang in there!,2025-06-27,Organic Search,true,2,2,0,0.0
James Jarvis · Hang in there! · 2025 Q3,Hang in there!,2025-06-27,Referral Artist,true,2,2,0,0.0
James Jarvis · Hang in there! · 2025 Q3,Hang in there!,2025-06-27,Referral Other,true,17,17,0,0.0
James Jarvis · Hang in there! · 2025 Q3,Hang in there!,2025-06-27,untracked,true,1,1,0,0.0
James Jarvis · Hang in there! · 2025 Q3,Hang in there!,2025-06-28,Direct,true,1,1,0,0.0
James Jarvis · Hang in there! · 2025 Q3,Hang in there!,2025-06-28,Referral Other,true,3,3,0,0.0
James Jarvis · Hang in there! · 2025 Q3,Hang in there!,2025-07-02,AA Email Man,true,1,0,0,0.0
James Jarvis · Hang in there! · 2025 Q3,Hang in there!,2025-07-02,Direct,true,1,0,0,0.0
James Jarvis · Hang in there! · 2025 Q3,Hang in there!,2025-07-05,Direct,true,1,0,0,0.0
James Jarvis · Hang in there! · 2025 Q3,Hang in there!,2025-07-08,Direct,true,3,0,0,0.0
James Jarvis · Hang in there! · 2025 Q3,Hang in there!,2025-07-09,AA Email Man,true,11,11,0,0.0
James Jarvis · Hang in there! · 2025 Q3,Hang in there!,2025-07-09,AA Meta,true,1,1,0,0.0
James Jarvis · Hang in there! · 2025 Q3,Hang in there!,2025-07-09,Direct,true,1,1,0,0.0
James Jarvis · Hang in there! · 2025 Q3,Hang in there!,2025-07-09,Referral Other,true,2,2,0,0.0
James Jarvis · Hang in there! · 2025 Q3,Hang in there!,2025-07-10,AA Email Man,true,1,1,0,0.0
James Jarvis · Hang in there! · 2025 Q3,Hang in there!,2025-07-12,Direct,true,1,0,0,0.0
James Jarvis · Hang in there! · 2025 Q3,Hang in there!,2025-07-22,Referral Other,true,1,0,0,0.0
James Jarvis · Hang in there! · 2025 Q3,Hang in there!,2025-07-29,AA Email Auto,true,1,0,0,0.0
James Jarvis · Hang in there! · 2025 Q3,Hang in there!,2025-07-29,AA Email Man,true,26,0,0,0.0
James Jarvis · Hang in there! · 2025 Q3,Hang in there!,2025-07-29,AA Meta,true,2,0,0,0.0
James Jarvis · Hang in there! · 2025 Q3,Hang in there!,2025-07-29,Direct,true,11,0,0,0.0
James Jarvis · Hang in there! · 2025 Q3,Hang in there!,2025-07-29,Organic Search,true,4,0,0,0.0
James Jarvis · Hang in there! · 2025 Q3,Hang in there!,2025-07-29,Paid Social,true,36,0,0,0.0
James Jarvis · Hang in there! · 2025 Q3,Hang in there!,2025-07-29,Referral Artist,true,1,0,0,0.0
James Jarvis · Hang in there! · 2025 Q3,Hang in there!,2025-07-29,Referral Meta,true,3,0,0,0.0
James Jarvis · Hang in there! · 2025 Q3,Hang in there!,2025-07-29,Referral Other,true,1,0,0,0.0
James Jarvis · Hang in there! · 2025 Q3,Hang in there!,2025-07-29,untracked,true,3,0,0,0.0
James Jarvis · Hang in there! · 2025 Q3,Hang in there!,2025-07-30,Referral Other,true,1,0,0,0.0
James Jarvis · Hang in there! · 2025 Q3,Hang in there!,2025-08-04,Referral Other,true,1,0,0,0.0
James Jarvis · Hang in there! · 2025 Q3,Hang in there!,2025-09-22,Organic Search,true,1,0,0,0.0
James Jarvis · Hang in there! · 2025 Q3,Hang in there!,2025-11-04,AA Email Man,true,1,0,0,0.0
James Jarvis · Hang in there! · 2025 Q3,Hang in there!,2025-11-06,AA Email Man,true,1,0,0,0.0
James Jean · Descendent - Lucid Dreamer,Descendent - Lucid Dreamer,2023-10-09,Untracked,false,1,0,0,0.0
James Jean · Descendent - Lucid Dreamer,Descendent - Lucid Dreamer,2023-10-10,Untracked,false,6,0,0,0.0
James Jean · Descendent - Lucid Dreamer,Descendent - Lucid Dreamer,2023-10-11,Untracked,false,22,20,0,0.0
James Jean · Descendent - Lucid Dreamer,Descendent - Lucid Dreamer,2023-10-12,AA Email Man,true,1,0,0,0.0
James Jean · Descendent - Lucid Dreamer,Descendent - Lucid Dreamer,2023-10-12,Referral Other,true,2,0,0,0.0
James Jean · Descendent - Lucid Dreamer,Descendent - Lucid Dreamer,2023-10-12,Untracked,false,141,6,0,0.0
James Jean · Descendent - Lucid Dreamer,Descendent - Lucid Dreamer,2023-10-13,Referral Artist,true,1,0,0,0.0
James Jean · Descendent - Lucid Dreamer,Descendent - Lucid Dreamer,2023-10-13,Untracked,false,70,0,0,0.0
James Jean · Descendent - Lucid Dreamer,Descendent - Lucid Dreamer,2023-10-14,Untracked,false,22,0,0,0.0
James Jean · Descendent - Lucid Dreamer,Descendent - Lucid Dreamer,2023-10-15,Untracked,false,18,0,0,0.0
James Jean · Descendent - Lucid Dreamer,Descendent - Lucid Dreamer,2023-10-16,Untracked,false,24,0,0,0.0
James Jean · Descendent - Lucid Dreamer,Descendent - Lucid Dreamer,2023-10-17,Untracked,false,40,0,0,0.0
James Jean · Descendent - Lucid Dreamer,Descendent - Lucid Dreamer,2023-10-18,Untracked,false,62,0,0,0.0
James Jean · Descendent - Lucid Dreamer,Descendent - Lucid Dreamer,2023-10-19,Referral Other,true,1,0,0,0.0
James Jean · Descendent - Lucid Dreamer,Descendent - Lucid Dreamer,2023-10-19,Untracked,false,103,0,0,0.0
James Jean · Descendent - Lucid Dreamer,Descendent - Lucid Dreamer,2023-10-20,Untracked,false,2,1,0,0.0
James Jean · Descendent - Lucid Dreamer,Descendent - Lucid Dreamer,2023-10-21,Untracked,false,1,0,0,0.0
James Jean · Descendent - Lucid Dreamer,Descendent - Lucid Dreamer,2023-10-22,Untracked,false,1,0,0,0.0
James Jean · Descendent - Lucid Dreamer,Descendent - Lucid Dreamer,2023-10-23,Untracked,false,5,0,0,0.0
James Jean · Descendent - Lucid Dreamer,Descendent - Lucid Dreamer,2023-10-24,Untracked,false,1,0,0,0.0
James Jean · Descendent - Lucid Dreamer,Descendent - Lucid Dreamer,2023-10-25,Untracked,false,1,0,0,0.0
James Jean · Descendent - Lucid Dreamer,Descendent - Lucid Dreamer,2023-10-26,Untracked,false,2,0,0,0.0
James Jean · Descendent - Lucid Dreamer,Descendent - Lucid Dreamer,2024-09-01,Untracked,false,1,0,0,0.0
James Jean · Descendent - Lucid Dreamer,Descendent - Lucid Dreamer,2024-09-23,untracked,true,1,0,0,0.0
James Jean · Descendent - Lucid Dreamer,Descendent - Lucid Dreamer,2024-10-31,Untracked,false,1,0,0,0.0
James Jean · Descendent - Lucid Dreamer,Descendent - Lucid Dreamer,2025-01-14,Untracked,false,1,0,0,0.0
James Jean · Descendent - Lucid Dreamer,Descendent - Lucid Dreamer,2025-02-04,Untracked,false,1,0,0,0.0
James Jean · Descendent - Lucid Dreamer,Descendent - Lucid Dreamer,2025-02-05,Untracked,false,1,0,0,0.0
James Jean · Descendent - Lucid Dreamer,Descendent - Lucid Dreamer,2025-02-19,Untracked,false,1,0,0,0.0
James Jean · Descendent - Lucid Dreamer,Descendent - Lucid Dreamer,2025-02-26,Untracked,false,1,0,0,0.0
James Jean · Descendent - Lucid Dreamer,Descendent - Lucid Dreamer,2025-02-28,Untracked,false,2,0,0,0.0
James Jean · Descendent Osiris · 2022 Q1,Descendent Osiris,2024-07-04,Untracked,false,1,0,0,0.0
James Jean · Descendent Verdigris · 2021 Q3,Descendent Verdigris,2023-11-06,Untracked,false,1,0,0,0.0
James Jean · Maze (Print) · 2022 Q4,Maze (Print),2023-01-10,AA Meta,true,1,0,0,0.0
James Jean · Maze (Print) · 2022 Q4,Maze (Print),2023-02-23,untracked,true,1,0,0,0.0
James Jean · Maze (Print) · 2022 Q4,Maze (Print),2025-03-20,AA Email Man,true,1,0,0,0.0
James Jean · Maze - Lucid · 2025 Q1,Maze - Lucid,2025-01-06,Untracked,false,1,0,0,0.0
James Jean · Maze - Lucid · 2025 Q1,Maze - Lucid,2025-01-24,Untracked,false,2,0,0,0.0
James Jean · Maze - Lucid · 2025 Q1,Maze - Lucid,2025-01-25,Untracked,false,1,0,0,0.0
James Jean · Maze - Lucid · 2025 Q1,Maze - Lucid,2025-01-27,Untracked,false,4,0,0,0.0
James Jean · Maze - Lucid · 2025 Q1,Maze - Lucid,2025-01-28,Untracked,false,1,0,0,0.0
James Jean · Maze - Lucid · 2025 Q1,Maze - Lucid,2025-02-13,Untracked,false,1,0,0,0.0
James Jean · Maze - Lucid · 2025 Q1,Maze - Lucid,2025-02-17,Untracked,false,1,0,0,0.0
James Jean · Maze - Lucid · 2025 Q1,Maze - Lucid,2025-02-18,Untracked,false,79,77,0,0.0
James Jean · Maze - Lucid · 2025 Q1,Maze - Lucid,2025-02-19,Untracked,false,123,46,0,0.0
James Jean · Maze - Lucid · 2025 Q1,Maze - Lucid,2025-02-20,Untracked,false,71,0,0,0.0
James Jean · Maze - Lucid · 2025 Q1,Maze - Lucid,2025-02-21,Untracked,false,70,0,0,0.0
James Jean · Maze - Lucid · 2025 Q1,Maze - Lucid,2025-02-24,Untracked,false,1,0,0,0.0
James Jean · Maze - Lucid · 2025 Q1,Maze - Lucid,2025-02-25,Untracked,false,1,0,0,0.0
James Jean · Maze - Lucid · 2025 Q1,Maze - Lucid,2025-02-26,Untracked,false,1,0,0,0.0
James Jean · Maze - Lucid · 2025 Q1,Maze - Lucid,2025-03-07,Untracked,false,2,0,0,0.0
James Jean · Maze - Lucid · 2025 Q1,Maze - Lucid,2025-03-12,Untracked,false,1,0,0,0.0
James Jean · Maze - Lucid · 2025 Q1,Maze - Lucid,2025-03-21,Untracked,false,1,0,0,0.0
James Jean · Multiple · 2025 Q4,Sun Tarot Nebula & Sun Tarot Nebula Print,2025-10-22,Untracked,false,1,0,1,0.0
James Jean · Multiple · 2025 Q4,Sun Tarot Nebula & Sun Tarot Nebula Print,2025-10-30,Untracked,false,42,42,42,24.0
James Jean · Multiple · 2025 Q4,Sun Tarot Nebula & Sun Tarot Nebula Print,2025-10-31,Untracked,false,33,20,33,24.0
James Jean · Multiple · 2025 Q4,Sun Tarot Nebula & Sun Tarot Nebula Print,2025-11-01,Untracked,false,5,0,5,5.0
James Jean · Multiple · 2025 Q4,Sun Tarot Nebula & Sun Tarot Nebula Print,2025-11-02,Untracked,false,3,0,3,2.0
James Jean · Multiple · 2025 Q4,Sun Tarot Nebula & Sun Tarot Nebula Print,2025-11-03,Untracked,false,1,0,1,0.0
James Jean · Multiple · 2025 Q4,Sun Tarot Nebula & Sun Tarot Nebula Print,2025-11-04,Untracked,false,3,0,3,1.0
James Jean · Multiple · 2025 Q4,Sun Tarot Nebula & Sun Tarot Nebula Print,2025-11-05,Untracked,false,4,0,4,2.0
James Jean · Multiple · 2025 Q4,Sun Tarot Nebula & Sun Tarot Nebula Print,2025-11-06,Untracked,false,3,0,3,1.0
James Jean · Multiple · 2025 Q4,Sun Tarot Nebula & Sun Tarot Nebula Print,2025-11-07,Untracked,false,13,0,13,5.0
James Jean · Multiple · 2025 Q4,Sun Tarot Nebula Nectar,2025-10-06,Untracked,false,1,0,1,0.0
James Jean · Multiple · 2025 Q4,Sun Tarot Nebula Nectar & Sun Tarot Nebula Nectar Print,2025-10-21,Untracked,false,1,0,1,0.0
James Jean · Multiple · 2025 Q4,Sun Tarot Nebula Nectar & Sun Tarot Nebula Nectar Print,2025-10-27,Untracked,false,1,0,1,1.0
James Jean · Multiple · 2025 Q4,Sun Tarot Nebula Nectar & Sun Tarot Nebula Nectar Print,2025-10-30,Untracked,false,18,18,18,11.0
James Jean · Multiple · 2025 Q4,Sun Tarot Nebula Nectar & Sun Tarot Nebula Nectar Print,2025-10-31,Untracked,false,11,7,11,5.0
James Jean · Multiple · 2025 Q4,Sun Tarot Nebula Nectar & Sun Tarot Nebula Nectar Print,2025-11-01,Untracked,false,1,0,1,1.0
James Jean · Multiple · 2025 Q4,Sun Tarot Nebula Nectar & Sun Tarot Nebula Nectar Print,2025-11-02,Untracked,false,1,0,1,0.0
James Jean · Multiple · 2025 Q4,Sun Tarot Nebula Nectar & Sun Tarot Nebula Nectar Print,2025-11-05,Untracked,false,1,0,1,1.0
James Jean · Multiple · 2025 Q4,Sun Tarot Nebula Nectar & Sun Tarot Nebula Nectar Print,2025-11-06,Untracked,false,4,0,4,4.0
James Jean · Multiple · 2025 Q4,Sun Tarot Nebula Nectar & Sun Tarot Nebula Nectar Print,2025-11-07,Untracked,false,3,0,3,2.0
James Jean · Multiple · 2025 Q4,Sun Tarot Nebula Nectar Print,2025-10-30,Untracked,false,6,6,6,3.0
James Jean · Multiple · 2025 Q4,Sun Tarot Nebula Nectar Print,2025-10-31,Untracked,false,4,2,4,0.0
James Jean · Multiple · 2025 Q4,Sun Tarot Nebula Nectar Print,2025-11-01,Untracked,false,1,0,1,0.0
James Jean · Multiple · 2025 Q4,Sun Tarot Nebula Nectar Print,2025-11-03,Untracked,false,1,0,1,1.0
James Jean · Multiple · 2025 Q4,Sun Tarot Nebula Nectar Print,2025-11-06,Untracked,false,3,0,3,2.0
James Jean · Multiple · 2025 Q4,Sun Tarot Nebula Nectar Print,2025-11-07,Untracked,false,4,0,4,3.0
James Jean · Multiple · 2025 Q4,Sun Tarot Nebula Pollen & Sun Tarot Nebula Pollen Print,2025-10-22,Untracked,false,1,0,1,0.0
James Jean · Multiple · 2025 Q4,Sun Tarot Nebula Pollen & Sun Tarot Nebula Pollen Print,2025-10-30,Untracked,false,8,8,8,7.0
James Jean · Multiple · 2025 Q4,Sun Tarot Nebula Pollen & Sun Tarot Nebula Pollen Print,2025-10-31,Untracked,false,6,5,6,5.0
James Jean · Multiple · 2025 Q4,Sun Tarot Nebula Pollen & Sun Tarot Nebula Pollen Print,2025-11-01,Untracked,false,5,0,5,2.0
James Jean · Multiple · 2025 Q4,Sun Tarot Nebula Pollen & Sun Tarot Nebula Pollen Print,2025-11-02,Untracked,false,4,0,4,3.0
James Jean · Multiple · 2025 Q4,Sun Tarot Nebula Pollen & Sun Tarot Nebula Pollen Print,2025-11-03,Untracked,false,2,0,2,0.0
James Jean · Multiple · 2025 Q4,Sun Tarot Nebula Pollen & Sun Tarot Nebula Pollen Print,2025-11-04,Untracked,false,1,0,1,0.0
James Jean · Multiple · 2025 Q4,Sun Tarot Nebula Pollen & Sun Tarot Nebula Pollen Print,2025-11-05,Untracked,false,1,0,1,0.0
James Jean · Multiple · 2025 Q4,Sun Tarot Nebula Pollen & Sun Tarot Nebula Pollen Print,2025-11-06,Untracked,false,4,0,4,2.0
James Jean · Multiple · 2025 Q4,Sun Tarot Nebula Pollen & Sun Tarot Nebula Pollen Print,2025-11-07,Untracked,false,5,0,5,1.0
James Jean · Multiple · 2025 Q4,Sun Tarot ⁠Nebula Pollen Print,2025-10-31,Untracked,false,4,3,4,2.0
James Jean · Multiple · 2025 Q4,Sun Tarot ⁠Nebula Pollen Print,2025-11-04,Untracked,false,2,0,2,1.0
James Jean · Multiple · 2025 Q4,Sun Tarot ⁠Nebula Pollen Print,2025-11-05,Untracked,false,1,0,1,0.0
James Jean · Multiple · 2025 Q4,Sun Tarot ⁠Nebula Pollen Print,2025-11-06,Untracked,false,2,0,2,1.0
James Jean · Multiple · 2025 Q4,Sun Tarot ⁠Nebula Pollen Print,2025-11-07,Untracked,false,4,0,4,1.0
James Jean · Multiple · 2025 Q4,⁠Sun Tarot Nebula,2025-10-06,Untracked,false,1,0,1,0.0
James Jean · Multiple · 2025 Q4,⁠Sun Tarot Nebula Pollen,2025-10-06,Untracked,false,1,0,1,0.0
James Jean · Multiple · 2025 Q4,⁠Sun Tarot Nebula Print,2025-10-30,Untracked,false,15,15,15,8.0
James Jean · Multiple · 2025 Q4,⁠Sun Tarot Nebula Print,2025-10-31,Untracked,false,12,7,12,5.0
James Jean · Multiple · 2025 Q4,⁠Sun Tarot Nebula Print,2025-11-01,Untracked,false,5,0,5,2.0
James Jean · Multiple · 2025 Q4,⁠Sun Tarot Nebula Print,2025-11-02,Untracked,false,2,0,2,1.0
James Jean · Multiple · 2025 Q4,⁠Sun Tarot Nebula Print,2025-11-04,Untracked,false,1,0,1,1.0
James Jean · Multiple · 2025 Q4,⁠Sun Tarot Nebula Print,2025-11-06,Untracked,false,7,0,7,2.0
James Jean · Multiple · 2025 Q4,⁠Sun Tarot Nebula Print,2025-11-07,Untracked,false,6,0,6,5.0
James Jean · Multiple · 2026 Q3,Blossom Kannyu,2026-07-28,AA Email Man,true,5,5,5,1.0
James Jean · Multiple · 2026 Q3,Blossom Kannyu,2026-07-28,Referral Other,true,7,7,7,3.0
James Jean · Multiple · 2026 Q3,Blossom Kannyu,2026-07-28,untracked,true,4,4,4,0.0
James Jean · Multiple · 2026 Q3,Blossom Kannyu,2026-07-29,AA Email Man,true,2,2,2,1.0
James Jean · Multiple · 2026 Q3,Blossom Kannyu,2026-07-29,Referral Other,true,4,4,4,0.0
James Jean · Multiple · 2026 Q3,Blossom Kannyu,2026-07-30,AA Email Man,true,1,1,1,0.0
James Jean · Multiple · 2026 Q3,Blossom Kannyu,2026-07-30,Referral Artist,true,1,0,1,0.0
James Jean · Multiple · 2026 Q3,Blossom Kannyu,2026-07-30,Referral Other,true,4,4,4,1.0
James Jean · Multiple · 2026 Q3,Blossom Kannyu,2026-07-30,untracked,true,1,0,1,0.0
James Jean · Multiple · 2026 Q3,Blossom Kannyu,2026-07-31,Organic Search,true,1,0,1,1.0
James Jean · Multiple · 2026 Q3,Blossom Kannyu,2026-08-01,Referral Other,true,1,0,1,0.0
James Jean · Multiple · 2026 Q3,Blossom Kannyu,2026-08-03,AA Email Man,true,13,0,13,5.0
James Jean · Multiple · 2026 Q3,Blossom Kannyu,2026-08-03,AA Meta,true,4,0,4,0.0
James Jean · Multiple · 2026 Q3,Blossom Kannyu,2026-08-03,Direct,true,4,0,4,3.0
James Jean · Multiple · 2026 Q3,Blossom Kannyu,2026-08-03,Organic Search,true,1,0,1,1.0
James Jean · Multiple · 2026 Q3,Blossom Kannyu,2026-08-03,Paid Social,true,6,0,6,4.0
James Jean · Multiple · 2026 Q3,Blossom Kannyu,2026-08-03,Referral Artist,true,14,0,14,6.0
James Jean · Multiple · 2026 Q3,Blossom Kannyu,2026-08-03,untracked,true,2,0,2,1.0
James Jean · Multiple · 2026 Q3,Blossom Kannyu,2026-08-05,AA Email Man,true,21,0,21,9.0
James Jean · Multiple · 2026 Q3,Blossom Kannyu,2026-08-05,AA Meta,true,1,0,1,0.0
James Jean · Multiple · 2026 Q3,Blossom Kannyu,2026-08-05,Organic Search,true,1,0,1,1.0
James Jean · Multiple · 2026 Q3,Blossom Kannyu,2026-08-05,Paid Social,true,3,0,3,2.0
James Jean · Multiple · 2026 Q3,Blossom Kannyu,2026-08-05,untracked,true,4,0,4,2.0
James Jean · Multiple · 2026 Q3,Blossom Kannyu,2026-08-06,AA Email Man,true,1,0,1,0.0
James Jean · Multiple · 2026 Q3,Blossom Kannyu,2026-08-07,AA Email Man,true,10,0,10,5.0
James Jean · Multiple · 2026 Q3,Blossom Kannyu,2026-08-07,AA Meta,true,1,0,1,0.0
James Jean · Multiple · 2026 Q3,Blossom Kannyu,2026-08-07,Organic Search,true,1,0,1,0.0
James Jean · Multiple · 2026 Q3,Blossom Kannyu,2026-08-07,Paid Social,true,7,0,7,3.0
James Jean · Multiple · 2026 Q3,Blossom Kannyu,2026-08-07,Referral Artist,true,2,0,2,1.0
James Jean · Multiple · 2026 Q3,Blossom Kannyu,2026-08-07,untracked,true,1,0,1,0.0
James Jean · Multiple · 2026 Q3,Blossom Kannyu,2026-08-08,AA Email Man,true,1,0,1,0.0
James Jean · Multiple · 2026 Q3,Blossom Kannyu,2026-08-10,AA Email Man,true,1,0,1,1.0
James Jean · Multiple · 2026 Q3,Blossom Kannyu,2026-08-10,AA Meta,true,3,0,3,1.0
James Jean · Multiple · 2026 Q3,Blossom Kannyu,2026-08-10,Organic Search,true,4,0,4,4.0
James Jean · Multiple · 2026 Q3,Blossom Kannyu,2026-08-10,Paid Social,true,8,0,8,3.0
James Jean · Multiple · 2026 Q3,Blossom Kannyu,2026-08-10,Referral Artist,true,2,0,2,1.0
James Jean · Multiple · 2026 Q3,Blossom Kannyu,2026-08-12,AA Meta,true,1,0,1,0.0
James Jean · Multiple · 2026 Q3,Blossom Kannyu,2026-08-12,Paid Social,true,4,0,4,3.0
James Jean · Multiple · 2026 Q3,Blossom Kannyu,2026-08-12,Referral Other,true,1,0,1,0.0
James Jean · Multiple · 2026 Q3,Blossom Kannyu,2026-08-14,AA Email Man,true,3,0,3,1.0
James Jean · Multiple · 2026 Q3,Blossom Kannyu,2026-08-14,AA Meta,true,4,0,4,3.0
James Jean · Multiple · 2026 Q3,Blossom Kannyu,2026-08-14,Direct,true,4,0,4,3.0
James Jean · Multiple · 2026 Q3,Blossom Kannyu,2026-08-14,Organic Search,true,1,0,1,0.0
James Jean · Multiple · 2026 Q3,Blossom Kannyu,2026-08-14,Paid Social,true,11,0,11,7.0
James Jean · Multiple · 2026 Q3,Blossom Kannyu,2026-08-14,Referral Artist,true,3,0,3,2.0
James Jean · Multiple · 2026 Q3,Blossom Kannyu,2026-08-15,AA Email Man,true,1,0,1,1.0
James Jean · Multiple · 2026 Q3,Blossom Kannyu,2026-08-17,Organic Search,true,1,0,1,1.0
James Jean · Multiple · 2026 Q3,Blossom Kannyu,2026-08-17,Paid Social,true,1,0,1,1.0
James Jean · Multiple · 2026 Q3,Blossom Kannyu,2026-08-17,Referral Other,true,1,0,1,0.0
James Jean · Multiple · 2026 Q3,Blossom Kannyu,2026-08-20,AA Email Man,true,15,0,15,9.0
James Jean · Multiple · 2026 Q3,Blossom Kannyu,2026-08-20,AA Meta,true,5,0,5,2.0
James Jean · Multiple · 2026 Q3,Blossom Kannyu,2026-08-20,Direct,true,6,0,6,3.0
James Jean · Multiple · 2026 Q3,Blossom Kannyu,2026-08-20,Organic Search,true,11,0,11,6.0
James Jean · Multiple · 2026 Q3,Blossom Kannyu,2026-08-20,Paid Social,true,41,0,41,23.0
James Jean · Multiple · 2026 Q3,Blossom Kannyu,2026-08-20,Referral Artist,true,25,0,25,10.0
James Jean · Multiple · 2026 Q3,Blossom Kannyu,2026-08-20,Referral Other,true,3,0,3,2.0
James Jean · Multiple · 2026 Q3,Blossom Kannyu,2026-08-20,untracked,true,6,0,6,2.0
James Jean · Multiple · 2026 Q3,Blossom Kannyu,2026-09-24,Paid Social,true,1,0,1,0.0
James Jean · Multiple · 2026 Q3,Blossom Vessel,2026-07-28,AA Email Man,true,5,5,0,0.0
James Jean · Multiple · 2026 Q3,Blossom Vessel,2026-07-28,Referral Other,true,4,4,0,0.0
James Jean · Multiple · 2026 Q3,Blossom Vessel,2026-07-28,untracked,true,2,2,0,0.0
James Jean · Multiple · 2026 Q3,Blossom Vessel,2026-07-29,Referral Other,true,5,5,0,0.0
James Jean · Multiple · 2026 Q3,Blossom Vessel,2026-07-30,AA Email Man,true,1,1,0,0.0
James Jean · Multiple · 2026 Q3,Blossom Vessel,2026-07-30,Referral Artist,true,1,0,0,0.0
James Jean · Multiple · 2026 Q3,Blossom Vessel,2026-07-30,Referral Other,true,3,3,0,0.0
James Jean · Multiple · 2026 Q3,Blossom Vessel,2026-07-30,untracked,true,1,0,0,0.0
James Jean · Multiple · 2026 Q3,Blossom Vessel,2026-07-31,Organic Search,true,2,1,0,0.0
James Jean · Multiple · 2026 Q3,Blossom Vessel,2026-07-31,untracked,true,1,1,0,0.0
James Jean · Multiple · 2026 Q3,Blossom Vessel,2026-08-01,Referral Other,true,1,0,0,0.0
James Jean · Multiple · 2026 Q3,Blossom Vessel,2026-08-03,AA Email Man,true,8,0,0,0.0
James Jean · Multiple · 2026 Q3,Blossom Vessel,2026-08-03,AA Meta,true,5,0,0,0.0
James Jean · Multiple · 2026 Q3,Blossom Vessel,2026-08-03,Direct,true,5,0,0,0.0
James Jean · Multiple · 2026 Q3,Blossom Vessel,2026-08-03,Organic Search,true,1,0,0,0.0
James Jean · Multiple · 2026 Q3,Blossom Vessel,2026-08-03,Paid Social,true,4,0,0,0.0
James Jean · Multiple · 2026 Q3,Blossom Vessel,2026-08-03,Referral Artist,true,14,0,0,0.0
James Jean · Multiple · 2026 Q3,Blossom Vessel,2026-08-03,Referral Other,true,2,0,0,0.0
James Jean · Multiple · 2026 Q3,Blossom Vessel,2026-08-04,Referral Artist,true,1,0,0,0.0
James Jean · Multiple · 2026 Q3,Blossom Vessel,2026-08-04,untracked,true,1,0,0,0.0
James Jean · Multiple · 2026 Q3,Blossom Vessel,2026-08-05,AA Email Man,true,16,0,0,0.0
James Jean · Multiple · 2026 Q3,Blossom Vessel,2026-08-05,Direct,true,1,0,0,0.0
James Jean · Multiple · 2026 Q3,Blossom Vessel,2026-08-05,Paid Social,true,3,0,0,0.0
James Jean · Multiple · 2026 Q3,Blossom Vessel,2026-08-05,untracked,true,2,0,0,0.0
James Jean · Multiple · 2026 Q3,Blossom Vessel,2026-08-06,AA Email Man,true,2,0,0,0.0
James Jean · Multiple · 2026 Q3,Blossom Vessel,2026-08-07,AA Email Man,true,4,0,0,0.0
James Jean · Multiple · 2026 Q3,Blossom Vessel,2026-08-07,Organic Search,true,1,0,0,0.0
James Jean · Multiple · 2026 Q3,Blossom Vessel,2026-08-07,Paid Social,true,2,0,0,0.0
James Jean · Multiple · 2026 Q3,Blossom Vessel,2026-08-07,Referral Artist,true,2,0,0,0.0
James Jean · Multiple · 2026 Q3,Blossom Vessel,2026-08-07,untracked,true,2,0,0,0.0
James Jean · Multiple · 2026 Q3,Blossom Vessel,2026-08-10,AA Meta,true,1,0,0,0.0
James Jean · Multiple · 2026 Q3,Blossom Vessel,2026-08-10,Paid Social,true,11,0,0,0.0
James Jean · Multiple · 2026 Q3,Blossom Vessel,2026-08-10,Referral Meta,true,1,0,0,0.0
James Jean · Multiple · 2026 Q3,Blossom Vessel,2026-08-12,AA Email Man,true,1,0,0,0.0
James Jean · Multiple · 2026 Q3,Blossom Vessel,2026-08-12,Paid Social,true,8,0,0,0.0
James Jean · Multiple · 2026 Q3,Blossom Vessel,2026-08-12,Referral Meta,true,1,0,0,0.0
James Jean · Multiple · 2026 Q3,Blossom Vessel,2026-08-13,Paid Social,true,1,0,0,0.0
James Jean · Multiple · 2026 Q3,Blossom Vessel,2026-08-14,AA Email Man,true,2,0,0,0.0
James Jean · Multiple · 2026 Q3,Blossom Vessel,2026-08-14,AA Meta,true,3,0,0,0.0
James Jean · Multiple · 2026 Q3,Blossom Vessel,2026-08-14,Direct,true,3,0,0,0.0
James Jean · Multiple · 2026 Q3,Blossom Vessel,2026-08-14,Organic Search,true,2,0,0,0.0
James Jean · Multiple · 2026 Q3,Blossom Vessel,2026-08-14,Paid Social,true,17,0,0,0.0
James Jean · Multiple · 2026 Q3,Blossom Vessel,2026-08-14,Referral Artist,true,3,0,0,0.0
James Jean · Multiple · 2026 Q3,Blossom Vessel,2026-08-14,Referral Meta,true,1,0,0,0.0
James Jean · Multiple · 2026 Q3,Blossom Vessel,2026-08-14,untracked,true,1,0,0,0.0
James Jean · Multiple · 2026 Q3,Blossom Vessel,2026-08-17,AA Email Man,true,2,0,0,0.0
James Jean · Multiple · 2026 Q3,Blossom Vessel,2026-08-17,Direct,true,1,0,0,0.0
James Jean · Multiple · 2026 Q3,Blossom Vessel,2026-08-17,Paid Social,true,11,0,0,0.0
James Jean · Multiple · 2026 Q3,Blossom Vessel,2026-08-17,Referral Artist,true,1,0,0,0.0
James Jean · Multiple · 2026 Q3,Blossom Vessel,2026-08-17,Referral Other,true,1,0,0,0.0
James Jean · Multiple · 2026 Q3,Blossom Vessel,2026-08-17,untracked,true,1,0,0,0.0
James Jean · Multiple · 2026 Q3,Blossom Vessel,2026-08-18,Direct,true,1,0,0,0.0
James Jean · Multiple · 2026 Q3,Blossom Vessel,2026-08-19,Direct,true,2,0,0,0.0
James Jean · Multiple · 2026 Q3,Blossom Vessel,2026-08-19,Organic Search,true,3,0,0,0.0
James Jean · Multiple · 2026 Q3,Blossom Vessel,2026-08-19,Paid Social,true,8,0,0,0.0
James Jean · Multiple · 2026 Q3,Blossom Vessel,2026-08-19,Referral Artist,true,2,0,0,0.0
James Jean · Multiple · 2026 Q3,Blossom Vessel,2026-08-20,AA Email Man,true,20,0,0,0.0
James Jean · Multiple · 2026 Q3,Blossom Vessel,2026-08-20,AA Meta,true,4,0,0,0.0
James Jean · Multiple · 2026 Q3,Blossom Vessel,2026-08-20,Direct,true,10,0,0,0.0
James Jean · Multiple · 2026 Q3,Blossom Vessel,2026-08-20,Organic Search,true,14,0,0,0.0
James Jean · Multiple · 2026 Q3,Blossom Vessel,2026-08-20,Other,true,1,0,0,0.0
James Jean · Multiple · 2026 Q3,Blossom Vessel,2026-08-20,Paid Social,true,39,0,0,0.0
James Jean · Multiple · 2026 Q3,Blossom Vessel,2026-08-20,Referral Artist,true,11,0,0,0.0
James Jean · Multiple · 2026 Q3,Blossom Vessel,2026-08-20,Referral Other,true,1,0,0,0.0
James Jean · Woodcutter (Bronze) · 2022 Q2,Woodcutter (Bronze),2023-08-03,Direct,true,1,1,0,0.0
James Jean · Woodcutter (Wood) · 2024 Q2,Woodcutter (Wood),2024-05-16,Untracked,false,1,0,0,0.0
James Jean · Woodcutter (Wood) · 2024 Q2,Woodcutter (Wood),2024-05-22,Untracked,false,1,0,0,0.0
James Jean · Woodcutter (Wood) · 2024 Q2,Woodcutter (Wood),2024-06-22,Untracked,false,1,0,0,0.0
Jammie Holmes · Fred · 2025 Q1,Fred,2025-02-04,Direct,true,2,0,2,1.0
Jammie Holmes · Fred · 2025 Q1,Fred,2025-02-04,Referral Other,true,1,0,1,0.0
Jammie Holmes · Fred · 2025 Q1,Fred,2025-02-04,untracked,true,1,0,1,1.0
Jammie Holmes · Fred · 2025 Q1,Fred,2025-02-06,AA Email Man,true,8,8,8,2.0
Jammie Holmes · Fred · 2025 Q1,Fred,2025-02-06,AA Meta,true,1,1,1,1.0
Jammie Holmes · Fred · 2025 Q1,Fred,2025-02-06,Referral Other,true,6,6,6,2.0
Jammie Holmes · Fred · 2025 Q1,Fred,2025-02-07,AA Email Man,true,3,2,3,0.0
Jammie Holmes · Fred · 2025 Q1,Fred,2025-02-07,Referral Other,true,2,2,2,0.0
Jammie Holmes · Fred · 2025 Q1,Fred,2025-02-08,AA Email Man,true,2,2,2,1.0
Jammie Holmes · Fred · 2025 Q1,Fred,2025-02-08,Direct,true,1,1,1,0.0
Jammie Holmes · Fred · 2025 Q1,Fred,2025-02-10,Organic Search,true,1,0,1,0.0
Jammie Holmes · Fred · 2025 Q1,Fred,2025-02-11,AA Email Man,true,2,0,2,1.0
Jammie Holmes · Fred · 2025 Q1,Fred,2025-02-11,Direct,true,1,0,1,1.0
Jammie Holmes · Fred · 2025 Q1,Fred,2025-02-13,Referral Other,true,1,0,1,0.0
Jammie Holmes · Fred · 2025 Q1,Fred,2025-02-21,AA Email Man,true,1,0,1,0.0
Jammie Holmes · Fred · 2025 Q1,Fred,2025-02-24,AA Email Man,true,1,0,1,1.0
Jammie Holmes · Fred · 2025 Q1,Fred,2025-02-27,AA Email Man,true,1,0,1,1.0
Jammie Holmes · Fred · 2025 Q1,Fred,2025-03-04,AA Email Auto,true,2,0,2,0.0
Jammie Holmes · Fred · 2025 Q1,Fred,2025-03-04,AA Email Man,true,18,0,18,7.0
Jammie Holmes · Fred · 2025 Q1,Fred,2025-03-04,AA Meta,true,4,0,4,2.0
Jammie Holmes · Fred · 2025 Q1,Fred,2025-03-04,Direct,true,4,0,4,2.0
Jammie Holmes · Fred · 2025 Q1,Fred,2025-03-04,Paid Social,true,1,0,1,1.0
Jammie Holmes · Fred · 2025 Q1,Fred,2025-03-04,Referral Meta,true,1,0,1,1.0
Jammie Holmes · Fred · 2025 Q1,Fred,2025-03-04,Referral Other,true,4,0,4,3.0
Jammie Holmes · Fred · 2025 Q1,Fred,2025-03-04,untracked,true,2,0,2,1.0
Jammie Holmes · Fred · 2025 Q1,Fred,2025-03-07,Paid Social,true,1,0,1,0.0
Jammie Holmes · Fred · 2025 Q1,Fred,2025-03-08,AA Email Man,true,1,0,1,0.0
Jammie Holmes · Fred · 2025 Q1,Fred,2025-05-28,untracked,true,1,0,1,0.0
Jammie Holmes · Fred · 2025 Q1,Fred,2026-08-21,Organic Search,true,1,0,1,0.0
Jaume Plensa · UTOPIA · 2026 Q3,UTOPIA,2026-07-06,AA Email Man,true,1,1,1,1.0
Jaume Plensa · UTOPIA · 2026 Q3,UTOPIA,2026-07-06,Referral Other,true,3,3,3,1.0
Jaume Plensa · UTOPIA · 2026 Q3,UTOPIA,2026-07-07,AA Email Man,true,1,1,1,0.0
Jaume Plensa · UTOPIA · 2026 Q3,UTOPIA,2026-07-07,Referral Other,true,5,4,5,2.0
Jaume Plensa · UTOPIA · 2026 Q3,UTOPIA,2026-07-08,Direct,true,1,0,1,1.0
Jaume Plensa · UTOPIA · 2026 Q3,UTOPIA,2026-07-08,Referral Other,true,1,1,1,0.0
Jaume Plensa · UTOPIA · 2026 Q3,UTOPIA,2026-07-10,AA Email Auto,true,10,0,10,6.0
Jaume Plensa · UTOPIA · 2026 Q3,UTOPIA,2026-07-13,AA Email Auto,true,1,0,1,1.0
Jaume Plensa · UTOPIA · 2026 Q3,UTOPIA,2026-07-15,AA Email Auto,true,1,0,1,0.0
Jaume Plensa · UTOPIA · 2026 Q3,UTOPIA,2026-07-21,Referral Other,true,1,1,1,1.0
Jaume Plensa · UTOPIA · 2026 Q3,UTOPIA,2026-07-22,Direct,true,1,0,1,0.0
Jaume Plensa · UTOPIA · 2026 Q3,UTOPIA,2026-07-22,Organic Search,true,1,0,1,1.0
Jaume Plensa · UTOPIA · 2026 Q3,UTOPIA,2026-07-24,Paid Social,true,2,0,2,1.0
Jaume Plensa · UTOPIA · 2026 Q3,UTOPIA,2026-07-26,Referral Other,true,1,1,1,1.0
Jaume Plensa · UTOPIA · 2026 Q3,UTOPIA,2026-07-27,Organic Search,true,1,0,1,1.0
Jaume Plensa · UTOPIA · 2026 Q3,UTOPIA,2026-07-27,Paid Social,true,3,0,3,0.0
Jaume Plensa · UTOPIA · 2026 Q3,UTOPIA,2026-07-28,Direct,true,1,0,1,1.0
Jaume Plensa · UTOPIA · 2026 Q3,UTOPIA,2026-07-29,AA Email Man,true,2,0,2,2.0
Jaume Plensa · UTOPIA · 2026 Q3,UTOPIA,2026-07-29,Paid Social,true,3,0,3,1.0
Jaume Plensa · UTOPIA · 2026 Q3,UTOPIA,2026-07-31,AA Meta,true,2,0,2,2.0
Jaume Plensa · UTOPIA · 2026 Q3,UTOPIA,2026-07-31,Direct,true,2,0,2,1.0
Jaume Plensa · UTOPIA · 2026 Q3,UTOPIA,2026-07-31,Organic Search,true,2,0,2,2.0
Jaume Plensa · UTOPIA · 2026 Q3,UTOPIA,2026-07-31,Paid Social,true,15,0,15,11.0
Jaume Plensa · UTOPIA · 2026 Q3,UTOPIA,2026-08-03,Direct,true,2,0,2,2.0
Jaume Plensa · UTOPIA · 2026 Q3,UTOPIA,2026-08-03,Organic Search,true,4,0,4,2.0
Jaume Plensa · UTOPIA · 2026 Q3,UTOPIA,2026-08-03,Paid Social,true,20,0,20,14.0
Jaume Plensa · UTOPIA · 2026 Q3,UTOPIA,2026-08-05,AA Email Auto,true,4,0,4,2.0
Jaume Plensa · UTOPIA · 2026 Q3,UTOPIA,2026-08-05,AA Email Man,true,10,0,10,7.0
Jaume Plensa · UTOPIA · 2026 Q3,UTOPIA,2026-08-05,AA Meta,true,3,0,3,2.0
Jaume Plensa · UTOPIA · 2026 Q3,UTOPIA,2026-08-05,Direct,true,10,0,10,8.0
Jaume Plensa · UTOPIA · 2026 Q3,UTOPIA,2026-08-05,Organic Search,true,9,0,9,4.0
Jaume Plensa · UTOPIA · 2026 Q3,UTOPIA,2026-08-05,Other,true,3,0,3,3.0
Jaume Plensa · UTOPIA · 2026 Q3,UTOPIA,2026-08-05,Paid Social,true,74,0,74,46.0
Jaume Plensa · UTOPIA · 2026 Q3,UTOPIA,2026-08-05,Referral Meta,true,3,0,3,1.0
Jaume Plensa · UTOPIA · 2026 Q3,UTOPIA,2026-08-05,untracked,true,3,0,3,1.0
Jaume Plensa · UTOPIA · 2026 Q3,UTOPIA,2026-08-06,Other,true,1,0,1,0.0
Jaume Plensa · UTOPIA · 2026 Q3,UTOPIA,2026-08-06,Paid Social,true,2,0,2,1.0
Jaume Plensa · UTOPIA · 2026 Q3,UTOPIA,2026-08-07,AA Email Man,true,1,0,1,1.0
Jaume Plensa · UTOPIA · 2026 Q3,UTOPIA,2026-08-07,Direct,true,1,0,1,1.0
Jaume Plensa · UTOPIA · 2026 Q3,UTOPIA,2026-08-07,Paid Social,true,2,0,2,0.0
Jaume Plensa · UTOPIA · 2026 Q3,UTOPIA,2026-08-08,Paid Social,true,1,0,1,1.0
Jaume Plensa · UTOPIA · 2026 Q3,UTOPIA,2026-08-10,Paid Social,true,1,0,1,0.0
Jaume Plensa · UTOPIA · 2026 Q3,UTOPIA,2026-08-10,Referral Other,true,1,0,1,1.0
Jaume Plensa · UTOPIA · 2026 Q3,UTOPIA,2026-08-31,Referral Other,true,1,0,1,0.0
Jaume Plensa · UTOPIA · 2026 Q3,UTOPIA,2026-09-03,Direct,true,1,0,1,0.0
Javier Calleja · Multiple · 2020 Q1,Up to You,2025-11-03,Untracked,false,1,0,0,0.0
Javier Calleja · Multiple · 2023 Q1,Once,2023-03-23,Untracked,false,19,0,0,0.0
Javier Calleja · Multiple · 2023 Q1,Once,2023-03-24,Untracked,false,8,0,0,0.0
Javier Calleja · Multiple · 2023 Q1,Once,2023-12-18,Untracked,false,1,0,0,0.0
Javier Calleja · Multiple · 2023 Q1,Once in my Life,2023-03-15,Untracked,false,3,0,0,0.0
Javier Calleja · Multiple · 2023 Q1,Once in my Life,2023-03-16,Untracked,false,3,0,0,0.0
Javier Calleja · Multiple · 2023 Q1,Once in my Life,2023-03-17,Untracked,false,6,0,0,0.0
Javier Calleja · Multiple · 2023 Q1,Once in my Life,2023-03-18,Untracked,false,4,0,0,0.0
Javier Calleja · Multiple · 2023 Q1,Once in my Life,2023-03-20,Untracked,false,1,0,0,0.0
Javier Calleja · Multiple · 2023 Q1,Once in my Life,2023-03-21,Untracked,false,8,0,0,0.0
Javier Calleja · Multiple · 2023 Q1,Once in my Life,2023-03-22,Untracked,false,38,23,0,0.0
Javier Calleja · Multiple · 2023 Q1,Once in my Life,2023-03-23,Untracked,false,522,9,0,0.0
Javier Calleja · Multiple · 2023 Q1,Once in my Life,2023-03-24,Untracked,false,341,2,0,0.0
Javier Calleja · Multiple · 2023 Q1,Once in my Life,2023-03-27,Untracked,false,2,0,0,0.0
Javier Calleja · Multiple · 2023 Q1,Once in my Life,2023-03-28,Untracked,false,1,0,0,0.0
Javier Calleja · Multiple · 2023 Q1,Once in my Life,2023-03-29,Untracked,false,2,0,0,0.0
Javier Calleja · Multiple · 2023 Q1,Once in my Life,2023-03-30,Untracked,false,1,0,0,0.0
Javier Calleja · Multiple · 2023 Q1,Once in my Life,2023-03-31,Untracked,false,1,0,0,0.0
Javier Calleja · Multiple · 2023 Q1,Once in my Life,2023-04-04,Untracked,false,1,0,0,0.0
Javier Calleja · Multiple · 2023 Q1,Once in my Life,2023-04-06,Untracked,false,1,0,0,0.0
Javier Calleja · Multiple · 2023 Q1,Once in my Life,2023-04-11,Untracked,false,1,0,0,0.0
Javier Calleja · Multiple · 2023 Q1,Once in my Life,2023-04-16,Untracked,false,1,0,0,0.0
Javier Calleja · Multiple · 2023 Q1,Once in my Life,2023-05-15,Untracked,false,1,0,0,0.0
Javier Calleja · Multiple · 2023 Q1,Once in my Life,2023-05-18,untracked,true,2,0,0,0.0
Javier Calleja · Multiple · 2023 Q1,Once in my Life,2023-06-07,Untracked,false,1,0,0,0.0
Javier Calleja · Multiple · 2023 Q1,Once in my Life,2023-07-11,Referral Other,true,2,0,0,0.0
Javier Calleja · Multiple · 2023 Q1,Once in my Life,2024-01-27,Untracked,false,1,1,0,0.0
Javier Calleja · Multiple · 2023 Q1,Once in my Life,2024-01-28,Untracked,false,1,1,0,0.0
Javier Calleja · Multiple · 2023 Q1,Once in my Life,2024-01-29,Untracked,false,1,0,0,0.0
Javier Calleja · Multiple · 2023 Q1,Once in my Life,2024-02-13,Untracked,false,1,0,0,0.0
Javier Calleja · Multiple · 2023 Q1,Once in my Life,2024-07-17,Direct,true,1,0,0,0.0
Javier Calleja · Multiple · 2023 Q1,Once in my Life,2024-08-01,Untracked,false,1,0,0,0.0
Javier Calleja · Multiple · 2023 Q1,Once in my Life,2025-06-04,Untracked,false,1,0,0,0.0
Javier Calleja · Multiple · 2023 Q1,in my Life,2023-03-23,Untracked,false,9,0,0,0.0
Javier Calleja · Multiple · 2023 Q1,in my Life,2023-03-24,Untracked,false,8,0,0,0.0
Javier Calleja · Multiple · 2023 Q1,in my Life,2024-10-25,Untracked,false,1,0,0,0.0
Javier Calleja · Multiple · 2024 Q2,Diptych,2024-04-08,AA Email Man,true,14,14,14,6.0
Javier Calleja · Multiple · 2024 Q2,Diptych,2024-04-08,Direct,true,3,2,3,3.0
Javier Calleja · Multiple · 2024 Q2,Diptych,2024-04-08,Organic Search,true,1,1,1,1.0
Javier Calleja · Multiple · 2024 Q2,Diptych,2024-04-08,untracked,true,3,3,3,2.0
Javier Calleja · Multiple · 2024 Q2,Diptych,2024-04-09,AA Email Man,true,5,5,5,2.0
Javier Calleja · Multiple · 2024 Q2,Diptych,2024-04-09,Direct,true,3,3,3,1.0
Javier Calleja · Multiple · 2024 Q2,Diptych,2024-04-09,Organic Search,true,2,2,2,1.0
Javier Calleja · Multiple · 2024 Q2,Diptych,2024-04-09,Referral Other,true,1,0,1,0.0
Javier Calleja · Multiple · 2024 Q2,Diptych,2024-04-09,untracked,true,2,2,2,2.0
Javier Calleja · Multiple · 2024 Q2,Diptych,2024-04-10,AA Email Man,true,1,1,1,0.0
Javier Calleja · Multiple · 2024 Q2,Diptych,2024-04-10,Direct,true,7,5,7,4.0
Javier Calleja · Multiple · 2024 Q2,Diptych,2024-04-10,Organic Search,true,1,1,1,1.0
Javier Calleja · Multiple · 2024 Q2,Diptych,2024-04-10,Referral Other,true,1,0,1,1.0
Javier Calleja · Multiple · 2024 Q2,Diptych,2024-04-10,untracked,true,1,0,1,0.0
Javier Calleja · Multiple · 2024 Q2,Diptych,2024-04-11,AA Email Man,true,3,3,3,0.0
Javier Calleja · Multiple · 2024 Q2,Diptych,2024-04-11,Direct,true,2,1,2,2.0
Javier Calleja · Multiple · 2024 Q2,Diptych,2024-04-11,Referral Other,true,1,1,1,0.0
Javier Calleja · Multiple · 2024 Q2,Diptych,2024-04-11,untracked,true,1,1,1,0.0
Javier Calleja · Multiple · 2024 Q2,Diptych,2024-04-12,AA Email Man,true,1,1,1,0.0
Javier Calleja · Multiple · 2024 Q2,Diptych,2024-04-12,untracked,true,2,2,2,1.0
Javier Calleja · Multiple · 2024 Q2,Diptych,2024-04-13,AA Email Man,true,1,1,1,0.0
Javier Calleja · Multiple · 2024 Q2,Diptych,2024-04-15,AA Email Man,true,4,4,4,2.0
Javier Calleja · Multiple · 2024 Q2,Diptych,2024-04-15,Referral Other,true,1,1,1,1.0
Javier Calleja · Multiple · 2024 Q2,Diptych,2024-04-15,untracked,true,4,2,4,1.0
Javier Calleja · Multiple · 2024 Q2,Diptych,2024-04-16,AA Email Man,true,1,1,1,1.0
Javier Calleja · Multiple · 2024 Q2,Diptych,2024-04-16,Direct,true,1,1,1,0.0
Javier Calleja · Multiple · 2024 Q2,Diptych,2024-04-16,Organic Search,true,1,1,1,0.0
Javier Calleja · Multiple · 2024 Q2,Diptych,2024-04-16,Referral Other,true,1,0,1,0.0
Javier Calleja · Multiple · 2024 Q2,Diptych,2024-04-16,untracked,true,3,3,3,1.0
Javier Calleja · Multiple · 2024 Q2,Diptych,2024-04-17,AA Email Man,true,1,1,1,0.0
Javier Calleja · Multiple · 2024 Q2,Diptych,2024-04-17,Direct,true,2,0,2,1.0
Javier Calleja · Multiple · 2024 Q2,Diptych,2024-04-18,Direct,true,1,1,1,0.0
Javier Calleja · Multiple · 2024 Q2,Diptych,2024-04-18,Referral Other,true,1,0,1,1.0
Javier Calleja · Multiple · 2024 Q2,Diptych,2024-04-18,untracked,true,1,0,1,0.0
Javier Calleja · Multiple · 2024 Q2,Diptych,2024-04-19,AA Email Man,true,1,0,1,0.0
Javier Calleja · Multiple · 2024 Q2,Diptych,2024-04-19,Direct,true,1,1,1,0.0
Javier Calleja · Multiple · 2024 Q2,Diptych,2024-04-22,Direct,true,1,0,1,0.0
Javier Calleja · Multiple · 2024 Q2,Diptych,2024-04-23,AA Email Man,true,1,1,1,1.0
Javier Calleja · Multiple · 2024 Q2,Diptych,2024-04-23,AA Meta,true,1,0,1,1.0
Javier Calleja · Multiple · 2024 Q2,Diptych,2024-04-23,Referral Other,true,1,1,1,0.0
Javier Calleja · Multiple · 2024 Q2,Diptych,2024-04-24,AA Email Man,true,1,1,1,0.0
Javier Calleja · Multiple · 2024 Q2,Diptych,2024-04-25,Direct,true,1,0,1,1.0
Javier Calleja · Multiple · 2024 Q2,Diptych,2024-04-26,Referral Other,true,1,0,1,0.0
Javier Calleja · Multiple · 2024 Q2,Diptych,2024-04-28,Direct,true,1,0,1,0.0
Javier Calleja · Multiple · 2024 Q2,Diptych,2024-04-29,AA Email Man,true,1,1,1,1.0
Javier Calleja · Multiple · 2024 Q2,Diptych,2024-04-30,AA Email Man,true,36,0,36,15.0
Javier Calleja · Multiple · 2024 Q2,Diptych,2024-04-30,AA Meta,true,7,0,7,2.0
Javier Calleja · Multiple · 2024 Q2,Diptych,2024-04-30,Direct,true,7,0,7,3.0
Javier Calleja · Multiple · 2024 Q2,Diptych,2024-04-30,Organic Search,true,9,0,9,2.0
Javier Calleja · Multiple · 2024 Q2,Diptych,2024-04-30,Other,true,2,0,2,0.0
Javier Calleja · Multiple · 2024 Q2,Diptych,2024-04-30,Referral Artist,true,7,0,7,2.0
Javier Calleja · Multiple · 2024 Q2,Diptych,2024-04-30,Referral Meta,true,4,0,4,1.0
Javier Calleja · Multiple · 2024 Q2,Diptych,2024-04-30,Referral Other,true,3,0,3,2.0
Javier Calleja · Multiple · 2024 Q2,Diptych,2024-04-30,untracked,true,6,0,6,2.0
Javier Calleja · Multiple · 2024 Q2,Diptych,2024-05-01,AA Email Man,true,3,0,3,0.0
Javier Calleja · Multiple · 2024 Q2,Diptych,2024-05-01,AA Meta,true,1,0,1,0.0
Javier Calleja · Multiple · 2024 Q2,Diptych,2024-05-06,AA Email Man,true,1,0,1,1.0
Javier Calleja · Multiple · 2024 Q2,Floating,2024-04-08,AA Email Man,true,5,5,5,2.0
Javier Calleja · Multiple · 2024 Q2,Floating,2024-04-08,Direct,true,1,1,1,1.0
Javier Calleja · Multiple · 2024 Q2,Floating,2024-04-09,AA Email Man,true,1,1,1,1.0
Javier Calleja · Multiple · 2024 Q2,Floating,2024-04-09,Direct,true,1,1,1,1.0
Javier Calleja · Multiple · 2024 Q2,Floating,2024-04-09,untracked,true,1,1,1,0.0
Javier Calleja · Multiple · 2024 Q2,Floating,2024-04-10,Organic Search,true,1,1,1,1.0
Javier Calleja · Multiple · 2024 Q2,Floating,2024-04-11,AA Email Man,true,2,2,2,1.0
Javier Calleja · Multiple · 2024 Q2,Floating,2024-04-12,AA Email Man,true,1,1,1,0.0
Javier Calleja · Multiple · 2024 Q2,Floating,2024-04-14,Direct,true,1,1,1,0.0
Javier Calleja · Multiple · 2024 Q2,Floating,2024-04-15,untracked,true,1,0,1,0.0
Javier Calleja · Multiple · 2024 Q2,Floating,2024-04-16,AA Email Man,true,3,3,3,2.0
Javier Calleja · Multiple · 2024 Q2,Floating,2024-04-19,Direct,true,1,1,1,1.0
Javier Calleja · Multiple · 2024 Q2,Floating,2024-04-21,untracked,true,1,0,1,0.0
Javier Calleja · Multiple · 2024 Q2,Floating,2024-04-29,AA Email Man,true,1,1,1,0.0
Javier Calleja · Multiple · 2024 Q2,Floating,2024-04-29,Direct,true,1,0,1,0.0
Javier Calleja · Multiple · 2024 Q2,Floating,2024-04-29,Organic Search,true,1,0,1,0.0
Javier Calleja · Multiple · 2024 Q2,Floating,2024-04-29,untracked,true,1,0,1,0.0
Javier Calleja · Multiple · 2024 Q2,Floating,2024-04-30,AA Email Man,true,4,0,4,2.0
Javier Calleja · Multiple · 2024 Q2,Floating,2024-04-30,AA Meta,true,2,0,2,1.0
Javier Calleja · Multiple · 2024 Q2,Floating,2024-04-30,Direct,true,1,0,1,1.0
Javier Calleja · Multiple · 2024 Q2,Floating,2024-04-30,Organic Search,true,3,0,3,1.0
Javier Calleja · Multiple · 2024 Q2,Floating,2024-04-30,Referral Meta,true,1,0,1,1.0
Javier Calleja · Multiple · 2024 Q2,Floating,2024-04-30,Referral Other,true,2,0,2,1.0
Javier Calleja · Multiple · 2024 Q2,Floating,2024-04-30,untracked,true,1,0,1,1.0
Javier Calleja · Multiple · 2024 Q2,Floating,2024-05-01,Direct,true,1,0,1,1.0
Javier Calleja · Multiple · 2024 Q2,Floating,2024-05-01,Organic Search,true,1,0,1,0.0
Javier Calleja · Multiple · 2024 Q2,Floating,2024-05-02,Direct,true,1,0,1,0.0
Javier Calleja · Multiple · 2024 Q2,Floating,2024-05-27,Direct,true,1,0,1,0.0
Javier Calleja · Multiple · 2024 Q2,It Wasn't Me,2024-04-08,AA Email Man,true,12,12,12,1.0
Javier Calleja · Multiple · 2024 Q2,It Wasn't Me,2024-04-08,Direct,true,1,1,1,0.0
Javier Calleja · Multiple · 2024 Q2,It Wasn't Me,2024-04-08,untracked,true,1,1,1,1.0
Javier Calleja · Multiple · 2024 Q2,It Wasn't Me,2024-04-09,AA Email Man,true,5,5,5,2.0
Javier Calleja · Multiple · 2024 Q2,It Wasn't Me,2024-04-09,Direct,true,1,1,1,1.0
Javier Calleja · Multiple · 2024 Q2,It Wasn't Me,2024-04-09,Referral Other,true,1,1,1,1.0
Javier Calleja · Multiple · 2024 Q2,It Wasn't Me,2024-04-09,untracked,true,4,4,4,2.0
Javier Calleja · Multiple · 2024 Q2,It Wasn't Me,2024-04-10,Referral Other,true,1,0,1,1.0
Javier Calleja · Multiple · 2024 Q2,It Wasn't Me,2024-04-11,untracked,true,1,1,1,0.0
Javier Calleja · Multiple · 2024 Q2,It Wasn't Me,2024-04-13,AA Email Man,true,1,1,1,0.0
Javier Calleja · Multiple · 2024 Q2,It Wasn't Me,2024-04-13,untracked,true,1,0,1,0.0
Javier Calleja · Multiple · 2024 Q2,It Wasn't Me,2024-04-16,AA Email Man,true,1,1,1,0.0
Javier Calleja · Multiple · 2024 Q2,It Wasn't Me,2024-04-17,untracked,true,1,0,1,0.0
Javier Calleja · Multiple · 2024 Q2,It Wasn't Me,2024-04-22,AA Email Man,true,1,0,1,0.0
Javier Calleja · Multiple · 2024 Q2,It Wasn't Me,2024-04-23,Organic Search,true,1,0,1,0.0
Javier Calleja · Multiple · 2024 Q2,It Wasn't Me,2024-04-23,untracked,true,1,0,1,0.0
Javier Calleja · Multiple · 2024 Q2,It Wasn't Me,2024-04-30,AA Email Man,true,3,0,3,2.0
Javier Calleja · Multiple · 2024 Q2,It Wasn't Me,2024-04-30,AA Meta,true,1,0,1,1.0
Javier Calleja · Multiple · 2024 Q2,It Wasn't Me,2024-04-30,Direct,true,3,0,3,1.0
Javier Calleja · Multiple · 2024 Q2,It Wasn't Me,2024-04-30,Organic Search,true,5,0,5,3.0
Javier Calleja · Multiple · 2024 Q2,It Wasn't Me,2024-04-30,Referral Artist,true,1,0,1,0.0
Javier Calleja · Multiple · 2024 Q2,It Wasn't Me,2024-06-27,Direct,true,1,0,1,0.0
Jean-Michel Othoniel · Lotus of Hope · 2021 Q4,Lotus of Hope,2024-03-21,Direct,true,1,0,0,0.0
Jean-Michel Othoniel · Lotus of Hope · 2021 Q4,Lotus of Hope,2024-06-21,Direct,true,1,0,0,0.0
Jean-Michel Othoniel · Multiple · 2026 Q1,Kokoro (gold),2026-01-30,AA Email Man,true,2,2,0,0.0
Jean-Michel Othoniel · Multiple · 2026 Q1,Kokoro (gold),2026-01-30,AA Meta,true,1,1,0,0.0
Jean-Michel Othoniel · Multiple · 2026 Q1,Kokoro (gold),2026-01-30,Referral Other,true,2,2,0,0.0
Jean-Michel Othoniel · Multiple · 2026 Q1,Kokoro (gold),2026-01-31,Referral Other,true,1,1,0,0.0
Jean-Michel Othoniel · Multiple · 2026 Q1,Kokoro (gold),2026-02-02,AA Email Man,true,1,1,0,0.0
Jean-Michel Othoniel · Multiple · 2026 Q1,Kokoro (gold),2026-02-03,AA Email Man,true,1,1,0,0.0
Jean-Michel Othoniel · Multiple · 2026 Q1,Kokoro (gold),2026-02-03,Direct,true,1,0,0,0.0
Jean-Michel Othoniel · Multiple · 2026 Q1,Kokoro (gold),2026-02-03,Referral Other,true,2,2,0,0.0
Jean-Michel Othoniel · Multiple · 2026 Q1,Kokoro (gold),2026-02-07,Direct,true,2,0,0,0.0
Jean-Michel Othoniel · Multiple · 2026 Q1,Kokoro (gold),2026-02-09,Direct,true,1,0,0,0.0
Jean-Michel Othoniel · Multiple · 2026 Q1,Kokoro (gold),2026-02-10,Direct,true,1,0,0,0.0
Jean-Michel Othoniel · Multiple · 2026 Q1,Kokoro (gold),2026-02-11,AA Email Man,true,2,0,0,0.0
Jean-Michel Othoniel · Multiple · 2026 Q1,Kokoro (gold),2026-02-11,Direct,true,4,0,0,0.0
Jean-Michel Othoniel · Multiple · 2026 Q1,Kokoro (gold),2026-02-11,Paid Social,true,9,0,0,0.0
Jean-Michel Othoniel · Multiple · 2026 Q1,Kokoro (gold),2026-02-11,untracked,true,2,0,0,0.0
Jean-Michel Othoniel · Multiple · 2026 Q1,Kokoro (gold),2026-02-12,Direct,true,1,0,0,0.0
Jean-Michel Othoniel · Multiple · 2026 Q1,Kokoro (gold),2026-02-12,Organic Search,true,1,0,0,0.0
Jean-Michel Othoniel · Multiple · 2026 Q1,Kokoro (gold),2026-02-17,Direct,true,2,0,0,0.0
Jean-Michel Othoniel · Multiple · 2026 Q1,Kokoro (gold),2026-02-17,Paid Social,true,3,0,0,0.0
Jean-Michel Othoniel · Multiple · 2026 Q1,Kokoro (gold),2026-02-17,Referral Other,true,1,0,0,0.0
Jean-Michel Othoniel · Multiple · 2026 Q1,Kokoro (gold),2026-03-02,AA Email Man,true,1,0,0,0.0
Jean-Michel Othoniel · Multiple · 2026 Q1,Kokoro (gold),2026-03-03,AA Email Man,true,4,0,0,0.0
Jean-Michel Othoniel · Multiple · 2026 Q1,Kokoro (gold),2026-03-03,Direct,true,3,0,0,0.0
Jean-Michel Othoniel · Multiple · 2026 Q1,Kokoro (gold),2026-03-03,Organic Search,true,3,0,0,0.0
Jean-Michel Othoniel · Multiple · 2026 Q1,Kokoro (gold),2026-03-03,Paid Social,true,5,0,0,0.0
Jean-Michel Othoniel · Multiple · 2026 Q1,Kokoro (gold),2026-03-03,Referral Other,true,3,0,0,0.0
Jean-Michel Othoniel · Multiple · 2026 Q1,Kokoro (gold),2026-03-04,Paid Social,true,1,0,0,0.0
Jean-Michel Othoniel · Multiple · 2026 Q1,Kokoro (gold),2026-03-25,Direct,true,1,0,0,0.0
Jean-Michel Othoniel · Multiple · 2026 Q1,Kokoro (red),2026-01-30,Other,true,1,1,0,0.0
Jean-Michel Othoniel · Multiple · 2026 Q1,Kokoro (red),2026-01-30,Referral Other,true,2,2,0,0.0
Jean-Michel Othoniel · Multiple · 2026 Q1,Kokoro (red),2026-02-01,AA Meta,true,1,1,0,0.0
Jean-Michel Othoniel · Multiple · 2026 Q1,Kokoro (red),2026-02-02,Referral Other,true,1,1,0,0.0
Jean-Michel Othoniel · Multiple · 2026 Q1,Kokoro (red),2026-02-03,Referral Other,true,1,1,0,0.0
Jean-Michel Othoniel · Multiple · 2026 Q1,Kokoro (red),2026-02-04,Referral Other,true,1,1,0,0.0
Jean-Michel Othoniel · Multiple · 2026 Q1,Kokoro (red),2026-02-07,Direct,true,1,0,0,0.0
Jean-Michel Othoniel · Multiple · 2026 Q1,Kokoro (red),2026-02-09,Paid Social,true,1,0,0,0.0
Jean-Michel Othoniel · Multiple · 2026 Q1,Kokoro (red),2026-02-11,AA Email Man,true,3,0,0,0.0
Jean-Michel Othoniel · Multiple · 2026 Q1,Kokoro (red),2026-02-11,AA Meta,true,1,0,0,0.0
Jean-Michel Othoniel · Multiple · 2026 Q1,Kokoro (red),2026-02-11,Organic Search,true,4,0,0,0.0
Jean-Michel Othoniel · Multiple · 2026 Q1,Kokoro (red),2026-02-11,Other,true,1,0,0,0.0
Jean-Michel Othoniel · Multiple · 2026 Q1,Kokoro (red),2026-02-11,Paid Social,true,12,0,0,0.0
Jean-Michel Othoniel · Multiple · 2026 Q1,Kokoro (red),2026-02-11,Referral Other,true,1,0,0,0.0
Jean-Michel Othoniel · Multiple · 2026 Q1,Kokoro (red),2026-02-11,untracked,true,2,0,0,0.0
Jean-Michel Othoniel · Multiple · 2026 Q1,Kokoro (red),2026-02-12,Paid Social,true,1,0,0,0.0
Jean-Michel Othoniel · Multiple · 2026 Q1,Kokoro (red),2026-02-16,AA Meta,true,1,0,0,0.0
Jean-Michel Othoniel · Multiple · 2026 Q1,Kokoro (red),2026-02-16,Paid Social,true,1,0,0,0.0
Jean-Michel Othoniel · Multiple · 2026 Q1,Kokoro (red),2026-02-17,Paid Social,true,1,0,0,0.0
Jean-Michel Othoniel · Multiple · 2026 Q1,Kokoro (red),2026-02-23,Organic Search,true,1,0,0,0.0
Jean-Michel Othoniel · Multiple · 2026 Q1,Kokoro (red),2026-02-25,Paid Social,true,1,0,0,0.0
Jean-Michel Othoniel · Multiple · 2026 Q1,Kokoro (red),2026-02-26,AA Email Man,true,1,0,0,0.0
Jean-Michel Othoniel · Multiple · 2026 Q1,Kokoro (red),2026-02-27,AA Email Man,true,1,0,0,0.0
Jean-Michel Othoniel · Multiple · 2026 Q1,Kokoro (red),2026-02-27,Paid Social,true,1,0,0,0.0
Jean-Michel Othoniel · Multiple · 2026 Q1,Kokoro (red),2026-03-03,AA Email Man,true,3,0,0,0.0
Jean-Michel Othoniel · Multiple · 2026 Q1,Kokoro (red),2026-03-03,Direct,true,1,0,0,0.0
Jean-Michel Othoniel · Multiple · 2026 Q1,Kokoro (red),2026-03-03,Other,true,2,0,0,0.0
Jean-Michel Othoniel · Multiple · 2026 Q1,Kokoro (red),2026-03-03,Paid Social,true,6,0,0,0.0
Jean-Michel Othoniel · Multiple · 2026 Q1,Kokoro (red),2026-03-04,AA Meta,true,1,1,0,0.0
Jean-Michel Othoniel · Multiple · 2026 Q1,Kokoro (red),2026-03-04,Direct,true,2,1,0,0.0
Jean-Michel Othoniel · Multiple · 2026 Q1,Kokoro (red),2026-03-04,Organic Search,true,1,0,0,0.0
Jean-Michel Othoniel · Multiple · 2026 Q1,Kokoro (red),2026-03-04,Referral Other,true,1,1,0,0.0
Jean-Michel Othoniel · Multiple · 2026 Q1,Kokoro (red),2026-03-20,Organic Search,true,1,0,0,0.0
Jeff Koons · Multiple · 2026 Q1,Split-Rocker (Wood) - Set of 2,2026-02-17,Direct,true,1,0,0,0.0
Jeff Koons · Multiple · 2026 Q1,Split-Rocker (Wood) - Set of 2,2026-02-18,Referral Other,true,1,0,0,0.0
Jeff Koons · Multiple · 2026 Q1,Split-Rocker (Wood) - Set of 2,2026-02-19,Referral Other,true,1,0,0,0.0
Jeff Koons · Multiple · 2026 Q1,Split-Rocker (Wood) - Set of 2,2026-02-20,AA Email Man,true,1,0,0,0.0
Jeff Koons · Multiple · 2026 Q1,Split-Rocker (Wood) - Set of 2,2026-02-20,Referral Other,true,3,0,0,0.0
Jeff Koons · Multiple · 2026 Q1,Split-Rocker (Wood) - Set of 2,2026-02-20,untracked,true,1,1,0,0.0
Jeff Koons · Multiple · 2026 Q1,Split-Rocker (Wood) - Set of 2,2026-02-23,AA Email Auto,true,1,0,0,0.0
Jeff Koons · Multiple · 2026 Q1,Split-Rocker (Wood) - Set of 2,2026-02-23,AA Email Man,true,12,0,0,0.0
Jeff Koons · Multiple · 2026 Q1,Split-Rocker (Wood) - Set of 2,2026-02-23,AA Meta,true,5,0,0,0.0
Jeff Koons · Multiple · 2026 Q1,Split-Rocker (Wood) - Set of 2,2026-02-23,Direct,true,7,0,0,0.0
Jeff Koons · Multiple · 2026 Q1,Split-Rocker (Wood) - Set of 2,2026-02-23,Organic Search,true,1,0,0,0.0
Jeff Koons · Multiple · 2026 Q1,Split-Rocker (Wood) - Set of 2,2026-02-23,Paid Social,true,1,0,0,0.0
Jeff Koons · Multiple · 2026 Q1,Split-Rocker (Wood) - Set of 2,2026-02-23,Referral Other,true,2,0,0,0.0
Jeff Koons · Multiple · 2026 Q1,Split-Rocker (Wood) - Set of 2,2026-02-23,untracked,true,12,0,0,0.0
Jeff Koons · Multiple · 2026 Q1,Split-Rocker (Wood) - Set of 2,2026-02-24,Direct,true,1,0,0,0.0
Jeff Koons · Multiple · 2026 Q1,Split-Rocker (Wood) - Set of 2,2026-02-24,Other,true,1,0,0,0.0
Jeff Koons · Multiple · 2026 Q1,Split-Rocker (Wood) - Set of 2,2026-02-25,Direct,true,2,0,0,0.0
Jeff Koons · Multiple · 2026 Q1,Split-Rocker (Wood) - Set of 2,2026-02-25,Organic Search,true,1,0,0,0.0
Jeff Koons · Multiple · 2026 Q1,Split-Rocker (Wood) - Set of 2,2026-02-25,untracked,true,3,0,0,0.0
Jeff Koons · Multiple · 2026 Q1,Split-Rocker (Wood) - Set of 2,2026-02-26,Direct,true,2,0,0,0.0
Jeff Koons · Multiple · 2026 Q1,Split-Rocker (Wood) - Set of 2,2026-02-26,Organic Search,true,1,0,0,0.0
Jeff Koons · Multiple · 2026 Q1,Split-Rocker (Wood) - Set of 2,2026-02-26,untracked,true,1,0,0,0.0
Jeff Koons · Multiple · 2026 Q1,Split-Rocker (Wood) - Set of 2,2026-02-27,AA Email Man,true,1,0,0,0.0
Jeff Koons · Multiple · 2026 Q1,Split-Rocker (Wood) - Set of 2,2026-02-27,Other,true,1,0,0,0.0
Jeff Koons · Multiple · 2026 Q1,Split-Rocker (Wood) - Set of 2,2026-02-27,untracked,true,1,0,0,0.0
Jeff Koons · Multiple · 2026 Q1,Split-Rocker (Wood) - Set of 2,2026-02-28,AA Email Man,true,1,0,0,0.0
Jeff Koons · Multiple · 2026 Q1,Split-Rocker (Wood) - Set of 2,2026-03-02,Direct,true,1,0,0,0.0
Jeff Koons · Multiple · 2026 Q1,Split-Rocker (Wood) - Set of 2,2026-03-02,Paid Social,true,2,0,0,0.0
Jeff Koons · Multiple · 2026 Q1,Split-Rocker (Wood) - Set of 2,2026-03-02,Referral Other,true,1,0,0,0.0
Jeff Koons · Multiple · 2026 Q1,Split-Rocker (Wood) - Set of 2,2026-03-02,untracked,true,2,0,0,0.0
Jeff Koons · Multiple · 2026 Q1,Split-Rocker (Wood) - Set of 2,2026-03-04,Direct,true,3,0,0,0.0
Jeff Koons · Multiple · 2026 Q1,Split-Rocker (Wood) - Set of 2,2026-03-04,Organic Search,true,1,0,0,0.0
Jeff Koons · Multiple · 2026 Q1,Split-Rocker (Wood) - Set of 2,2026-03-04,untracked,true,2,0,0,0.0
Jeff Koons · Multiple · 2026 Q1,Split-Rocker (Wood) - Set of 2,2026-03-05,Direct,true,1,0,0,0.0
Jeff Koons · Multiple · 2026 Q1,Split-Rocker (Wood) - Set of 2,2026-03-05,Referral Other,true,1,0,0,0.0
Jeff Koons · Multiple · 2026 Q1,Split-Rocker (Wood) - Set of 2,2026-03-06,AA Email Man,true,2,0,0,0.0
Jeff Koons · Multiple · 2026 Q1,Split-Rocker (Wood) - Set of 2,2026-03-06,Direct,true,1,0,0,0.0
Jeff Koons · Multiple · 2026 Q1,Split-Rocker (Wood) - Set of 2,2026-03-06,Organic Search,true,1,0,0,0.0
Jeff Koons · Multiple · 2026 Q1,Split-Rocker (Wood) - Set of 2,2026-03-06,untracked,true,4,0,0,0.0
Jeff Koons · Multiple · 2026 Q1,Split-Rocker (Wood) - Set of 2,2026-03-07,Direct,true,1,1,0,0.0
Jeff Koons · Multiple · 2026 Q1,Split-Rocker (Wood) - Set of 2,2026-03-08,Other,true,1,1,0,0.0
Jeff Koons · Multiple · 2026 Q1,Split-Rocker (Wood) - Set of 2,2026-03-09,AA Email Man,true,2,0,0,0.0
Jeff Koons · Multiple · 2026 Q1,Split-Rocker (Wood) - Set of 2,2026-03-09,Direct,true,3,0,0,0.0
Jeff Koons · Multiple · 2026 Q1,Split-Rocker (Wood) - Set of 2,2026-03-09,Organic Search,true,1,0,0,0.0
Jeff Koons · Multiple · 2026 Q1,Split-Rocker (Wood) - Set of 2,2026-03-09,Paid Social,true,1,0,0,0.0
Jeff Koons · Multiple · 2026 Q1,Split-Rocker (Wood) - Set of 2,2026-03-10,Direct,true,1,0,0,0.0
Jeff Koons · Multiple · 2026 Q1,Split-Rocker (Wood) - Set of 2,2026-03-10,Paid Social,true,1,0,0,0.0
Jeff Koons · Multiple · 2026 Q1,Split-Rocker (Wood) - Set of 2,2026-03-10,Referral Meta,true,1,0,0,0.0
Jeff Koons · Multiple · 2026 Q1,Split-Rocker (Wood) - Set of 2,2026-03-10,untracked,true,1,0,0,0.0
Jeff Koons · Multiple · 2026 Q1,Split-Rocker (Wood) - Set of 2,2026-03-12,Paid Social,true,4,0,0,0.0
Jeff Koons · Multiple · 2026 Q1,Split-Rocker (Wood) - Set of 2,2026-03-15,untracked,true,1,0,0,0.0
Jeff Koons · Multiple · 2026 Q1,Split-Rocker (Wood) - Set of 2,2026-03-17,AA Email Man,true,1,0,0,0.0
Jeff Koons · Multiple · 2026 Q1,Split-Rocker (Wood) - Set of 2,2026-03-17,Direct,true,3,0,0,0.0
Jeff Koons · Multiple · 2026 Q1,Split-Rocker (Wood) - Set of 2,2026-03-17,Organic Search,true,2,0,0,0.0
Jeff Koons · Multiple · 2026 Q1,Split-Rocker (Wood) - Set of 2,2026-03-17,Paid Social,true,3,0,0,0.0
Jeff Koons · Multiple · 2026 Q1,Split-Rocker (Wood) - Set of 2,2026-03-17,untracked,true,6,0,0,0.0
Jeff Koons · Multiple · 2026 Q1,Split-Rocker (Wood) - Set of 2,2026-03-18,AA Email Man,true,1,0,0,0.0
Jeff Koons · Multiple · 2026 Q1,Split-Rocker (Wood) - Set of 2,2026-03-20,Direct,true,1,0,0,0.0
Jeff Koons · Multiple · 2026 Q1,Split-Rocker (Wood) - Set of 2,2026-03-20,untracked,true,1,0,0,0.0
Jeff Koons · Multiple · 2026 Q1,Split-Rocker (Wood) - Set of 2,2026-04-14,untracked,true,3,0,0,0.0
Jeff Koons · Multiple · 2026 Q1,Split-Rocker (Wood) - Set of 2,2026-05-05,Paid Social,true,1,0,0,0.0
Jeff Koons · Multiple · 2026 Q1,Split-Rocker (Wood) - Set of 2,2026-05-29,Direct,true,3,0,0,0.0
Jeff Koons · Multiple · 2026 Q1,Split-Rocker (Wood) - Set of 2,2026-06-27,Direct,true,1,0,0,0.0
Jeff Koons · Multiple · 2026 Q1,Split-Rocker (Wood) - Set of 2,2026-06-29,Direct,true,3,0,0,0.0
Jeff Koons · Multiple · 2026 Q1,Split-Rocker (Wood) Pink/Blue,2026-02-18,Referral Other,true,3,3,0,0.0
Jeff Koons · Multiple · 2026 Q1,Split-Rocker (Wood) Pink/Blue,2026-02-19,Direct,true,2,0,0,0.0
Jeff Koons · Multiple · 2026 Q1,Split-Rocker (Wood) Pink/Blue,2026-02-19,Referral Other,true,1,1,0,0.0
Jeff Koons · Multiple · 2026 Q1,Split-Rocker (Wood) Pink/Blue,2026-02-19,untracked,true,1,0,0,0.0
Jeff Koons · Multiple · 2026 Q1,Split-Rocker (Wood) Pink/Blue,2026-02-20,AA Meta,true,3,0,0,0.0
Jeff Koons · Multiple · 2026 Q1,Split-Rocker (Wood) Pink/Blue,2026-02-20,Direct,true,1,0,0,0.0
Jeff Koons · Multiple · 2026 Q1,Split-Rocker (Wood) Pink/Blue,2026-02-21,Referral Other,true,1,0,0,0.0
Jeff Koons · Multiple · 2026 Q1,Split-Rocker (Wood) Pink/Blue,2026-02-23,AA Email Man,true,1,0,0,0.0
Jeff Koons · Multiple · 2026 Q1,Split-Rocker (Wood) Pink/Blue,2026-02-23,Direct,true,1,0,0,0.0
Jeff Koons · Multiple · 2026 Q1,Split-Rocker (Wood) Pink/Blue,2026-02-23,Organic Search,true,1,0,0,0.0
Jeff Koons · Multiple · 2026 Q1,Split-Rocker (Wood) Pink/Blue,2026-02-24,AA Email Man,true,1,0,0,0.0
Jeff Koons · Multiple · 2026 Q1,Split-Rocker (Wood) Pink/Blue,2026-02-24,Direct,true,1,0,0,0.0
Jeff Koons · Multiple · 2026 Q1,Split-Rocker (Wood) Pink/Blue,2026-02-24,Referral Other,true,1,0,0,0.0
Jeff Koons · Multiple · 2026 Q1,Split-Rocker (Wood) Pink/Blue,2026-03-01,untracked,true,1,0,0,0.0
Jeff Koons · Multiple · 2026 Q1,Split-Rocker (Wood) Pink/Blue,2026-03-03,AA Email Man,true,1,0,0,0.0
Jeff Koons · Multiple · 2026 Q1,Split-Rocker (Wood) Pink/Blue,2026-03-03,Referral Other,true,1,0,0,0.0
Jeff Koons · Multiple · 2026 Q1,Split-Rocker (Wood) Pink/Blue,2026-03-06,Direct,true,1,0,0,0.0
Jeff Koons · Multiple · 2026 Q1,Split-Rocker (Wood) Pink/Blue,2026-03-07,Referral Other,true,1,1,0,0.0
Jeff Koons · Multiple · 2026 Q1,Split-Rocker (Wood) Pink/Blue,2026-03-09,AA Email Man,true,26,0,0,0.0
Jeff Koons · Multiple · 2026 Q1,Split-Rocker (Wood) Pink/Blue,2026-03-09,AA Meta,true,2,0,0,0.0
Jeff Koons · Multiple · 2026 Q1,Split-Rocker (Wood) Pink/Blue,2026-03-09,AA X,true,1,0,0,0.0
Jeff Koons · Multiple · 2026 Q1,Split-Rocker (Wood) Pink/Blue,2026-03-09,Direct,true,3,0,0,0.0
Jeff Koons · Multiple · 2026 Q1,Split-Rocker (Wood) Pink/Blue,2026-03-09,Organic Search,true,3,0,0,0.0
Jeff Koons · Multiple · 2026 Q1,Split-Rocker (Wood) Pink/Blue,2026-03-10,AA Email Man,true,5,0,0,0.0
Jeff Koons · Multiple · 2026 Q1,Split-Rocker (Wood) Pink/Blue,2026-03-10,Direct,true,2,0,0,0.0
Jeff Koons · Multiple · 2026 Q1,Split-Rocker (Wood) Pink/Blue,2026-03-10,Organic Search,true,5,0,0,0.0
Jeff Koons · Multiple · 2026 Q1,Split-Rocker (Wood) Pink/Blue,2026-03-10,Paid Social,true,17,0,0,0.0
Jeff Koons · Multiple · 2026 Q1,Split-Rocker (Wood) Pink/Blue,2026-03-10,Referral Other,true,2,0,0,0.0
Jeff Koons · Multiple · 2026 Q1,Split-Rocker (Wood) Pink/Blue,2026-03-12,Paid Social,true,4,0,0,0.0
Jeff Koons · Multiple · 2026 Q1,Split-Rocker (Wood) Pink/Blue,2026-03-12,Referral Other,true,1,0,0,0.0
Jeff Koons · Multiple · 2026 Q1,Split-Rocker (Wood) Pink/Blue,2026-03-13,AA Email Man,true,2,0,0,0.0
Jeff Koons · Multiple · 2026 Q1,Split-Rocker (Wood) Pink/Blue,2026-03-13,AA Meta,true,1,0,0,0.0
Jeff Koons · Multiple · 2026 Q1,Split-Rocker (Wood) Pink/Blue,2026-03-13,Direct,true,4,0,0,0.0
Jeff Koons · Multiple · 2026 Q1,Split-Rocker (Wood) Pink/Blue,2026-03-13,Paid Social,true,4,0,0,0.0
Jeff Koons · Multiple · 2026 Q1,Split-Rocker (Wood) Pink/Blue,2026-03-13,Referral Meta,true,1,0,0,0.0
Jeff Koons · Multiple · 2026 Q1,Split-Rocker (Wood) Pink/Blue,2026-03-13,Referral Other,true,1,0,0,0.0
Jeff Koons · Multiple · 2026 Q1,Split-Rocker (Wood) Pink/Blue,2026-03-17,AA Email Man,true,29,0,0,0.0
Jeff Koons · Multiple · 2026 Q1,Split-Rocker (Wood) Pink/Blue,2026-03-17,AA Meta,true,2,0,0,0.0
Jeff Koons · Multiple · 2026 Q1,Split-Rocker (Wood) Pink/Blue,2026-03-17,Direct,true,10,0,0,0.0
Jeff Koons · Multiple · 2026 Q1,Split-Rocker (Wood) Pink/Blue,2026-03-17,Organic Search,true,6,0,0,0.0
Jeff Koons · Multiple · 2026 Q1,Split-Rocker (Wood) Pink/Blue,2026-03-17,Paid Social,true,17,0,0,0.0
Jeff Koons · Multiple · 2026 Q1,Split-Rocker (Wood) Pink/Blue,2026-03-17,Referral Meta,true,1,0,0,0.0
Jeff Koons · Multiple · 2026 Q1,Split-Rocker (Wood) Pink/Blue,2026-03-17,Referral Other,true,2,0,0,0.0
Jeff Koons · Multiple · 2026 Q1,Split-Rocker (Wood) Pink/Blue,2026-03-17,untracked,true,1,0,0,0.0
Jeff Koons · Multiple · 2026 Q1,Split-Rocker (Wood) Pink/Blue,2026-03-18,AA Email Man,true,1,0,0,0.0
Jeff Koons · Multiple · 2026 Q1,Split-Rocker (Wood) Pink/Blue,2026-03-18,Direct,true,1,0,0,0.0
Jeff Koons · Multiple · 2026 Q1,Split-Rocker (Wood) Pink/Blue,2026-03-20,Referral Other,true,1,0,0,0.0
Jeff Koons · Multiple · 2026 Q1,Split-Rocker (Wood) Pink/Blue,2026-04-08,Direct,true,1,0,0,0.0
Jeff Koons · Multiple · 2026 Q1,Split-Rocker (Wood) Pink/Blue,2026-04-14,untracked,true,4,0,0,0.0
Jeff Koons · Multiple · 2026 Q1,Split-Rocker (Wood) Pink/Blue,2026-05-29,Direct,true,3,0,0,0.0
Jeff Koons · Multiple · 2026 Q1,Split-Rocker (Wood) Pink/Blue,2026-09-19,Direct,true,1,0,0,0.0
Jeff Koons · Multiple · 2026 Q1,Split-Rocker (Wood) Pink/Orange,2026-02-17,Direct,true,1,0,0,0.0
Jeff Koons · Multiple · 2026 Q1,Split-Rocker (Wood) Pink/Orange,2026-02-18,Referral Other,true,3,3,0,0.0
Jeff Koons · Multiple · 2026 Q1,Split-Rocker (Wood) Pink/Orange,2026-02-19,AA Email Man,true,1,0,0,0.0
Jeff Koons · Multiple · 2026 Q1,Split-Rocker (Wood) Pink/Orange,2026-02-19,Direct,true,1,0,0,0.0
Jeff Koons · Multiple · 2026 Q1,Split-Rocker (Wood) Pink/Orange,2026-02-19,Referral Other,true,1,1,0,0.0
Jeff Koons · Multiple · 2026 Q1,Split-Rocker (Wood) Pink/Orange,2026-02-20,AA Meta,true,2,0,0,0.0
Jeff Koons · Multiple · 2026 Q1,Split-Rocker (Wood) Pink/Orange,2026-02-20,Direct,true,2,0,0,0.0
Jeff Koons · Multiple · 2026 Q1,Split-Rocker (Wood) Pink/Orange,2026-02-20,Referral Other,true,1,0,0,0.0
Jeff Koons · Multiple · 2026 Q1,Split-Rocker (Wood) Pink/Orange,2026-02-23,Direct,true,1,0,0,0.0
Jeff Koons · Multiple · 2026 Q1,Split-Rocker (Wood) Pink/Orange,2026-02-23,Organic Search,true,2,0,0,0.0
Jeff Koons · Multiple · 2026 Q1,Split-Rocker (Wood) Pink/Orange,2026-02-23,untracked,true,1,0,0,0.0
Jeff Koons · Multiple · 2026 Q1,Split-Rocker (Wood) Pink/Orange,2026-02-24,Direct,true,3,0,0,0.0
Jeff Koons · Multiple · 2026 Q1,Split-Rocker (Wood) Pink/Orange,2026-02-26,AA Email Man,true,1,0,0,0.0
Jeff Koons · Multiple · 2026 Q1,Split-Rocker (Wood) Pink/Orange,2026-02-26,Direct,true,1,0,0,0.0
Jeff Koons · Multiple · 2026 Q1,Split-Rocker (Wood) Pink/Orange,2026-03-05,AA Email Man,true,2,0,0,0.0
Jeff Koons · Multiple · 2026 Q1,Split-Rocker (Wood) Pink/Orange,2026-03-06,Direct,true,1,0,0,0.0
Jeff Koons · Multiple · 2026 Q1,Split-Rocker (Wood) Pink/Orange,2026-03-06,Referral Other,true,1,0,0,0.0
Jeff Koons · Multiple · 2026 Q1,Split-Rocker (Wood) Pink/Orange,2026-03-09,AA Email Man,true,15,0,0,0.0
Jeff Koons · Multiple · 2026 Q1,Split-Rocker (Wood) Pink/Orange,2026-03-09,AA Meta,true,4,0,0,0.0
Jeff Koons · Multiple · 2026 Q1,Split-Rocker (Wood) Pink/Orange,2026-03-09,Direct,true,3,0,0,0.0
Jeff Koons · Multiple · 2026 Q1,Split-Rocker (Wood) Pink/Orange,2026-03-09,Organic Search,true,1,0,0,0.0
Jeff Koons · Multiple · 2026 Q1,Split-Rocker (Wood) Pink/Orange,2026-03-09,Paid Social,true,4,0,0,0.0
Jeff Koons · Multiple · 2026 Q1,Split-Rocker (Wood) Pink/Orange,2026-03-09,Referral Other,true,1,0,0,0.0
Jeff Koons · Multiple · 2026 Q1,Split-Rocker (Wood) Pink/Orange,2026-03-10,AA Email Man,true,8,0,0,0.0
Jeff Koons · Multiple · 2026 Q1,Split-Rocker (Wood) Pink/Orange,2026-03-10,AA Meta,true,3,0,0,0.0
Jeff Koons · Multiple · 2026 Q1,Split-Rocker (Wood) Pink/Orange,2026-03-10,Direct,true,1,0,0,0.0
Jeff Koons · Multiple · 2026 Q1,Split-Rocker (Wood) Pink/Orange,2026-03-10,Organic Search,true,4,0,0,0.0
Jeff Koons · Multiple · 2026 Q1,Split-Rocker (Wood) Pink/Orange,2026-03-10,Paid Social,true,16,0,0,0.0
Jeff Koons · Multiple · 2026 Q1,Split-Rocker (Wood) Pink/Orange,2026-03-10,untracked,true,1,0,0,0.0
Jeff Koons · Multiple · 2026 Q1,Split-Rocker (Wood) Pink/Orange,2026-03-11,AA Email Man,true,1,0,0,0.0
Jeff Koons · Multiple · 2026 Q1,Split-Rocker (Wood) Pink/Orange,2026-03-11,Paid Social,true,1,0,0,0.0
Jeff Koons · Multiple · 2026 Q1,Split-Rocker (Wood) Pink/Orange,2026-03-12,AA Email Man,true,3,0,0,0.0
Jeff Koons · Multiple · 2026 Q1,Split-Rocker (Wood) Pink/Orange,2026-03-12,Paid Social,true,4,0,0,0.0
Jeff Koons · Multiple · 2026 Q1,Split-Rocker (Wood) Pink/Orange,2026-03-13,AA Email Man,true,2,0,0,0.0
Jeff Koons · Multiple · 2026 Q1,Split-Rocker (Wood) Pink/Orange,2026-03-13,AA Meta,true,1,0,0,0.0
Jeff Koons · Multiple · 2026 Q1,Split-Rocker (Wood) Pink/Orange,2026-03-13,Direct,true,2,0,0,0.0
Jeff Koons · Multiple · 2026 Q1,Split-Rocker (Wood) Pink/Orange,2026-03-13,Paid Social,true,11,0,0,0.0
Jeff Koons · Multiple · 2026 Q1,Split-Rocker (Wood) Pink/Orange,2026-03-13,Referral Other,true,1,1,0,0.0
Jeff Koons · Multiple · 2026 Q1,Split-Rocker (Wood) Pink/Orange,2026-03-17,AA Email Man,true,13,0,0,0.0
Jeff Koons · Multiple · 2026 Q1,Split-Rocker (Wood) Pink/Orange,2026-03-17,AA Meta,true,2,0,0,0.0
Jeff Koons · Multiple · 2026 Q1,Split-Rocker (Wood) Pink/Orange,2026-03-17,Direct,true,9,0,0,0.0
Jeff Koons · Multiple · 2026 Q1,Split-Rocker (Wood) Pink/Orange,2026-03-17,Organic Search,true,4,0,0,0.0
Jeff Koons · Multiple · 2026 Q1,Split-Rocker (Wood) Pink/Orange,2026-03-17,Paid Social,true,18,0,0,0.0
Jeff Koons · Multiple · 2026 Q1,Split-Rocker (Wood) Pink/Orange,2026-03-17,Referral Other,true,2,0,0,0.0
Jeff Koons · Multiple · 2026 Q1,Split-Rocker (Wood) Pink/Orange,2026-03-17,untracked,true,2,0,0,0.0
Jeff Koons · Multiple · 2026 Q1,Split-Rocker (Wood) Pink/Orange,2026-03-18,AA Email Man,true,3,0,0,0.0
Jeff Koons · Multiple · 2026 Q1,Split-Rocker (Wood) Pink/Orange,2026-03-19,AA Email Man,true,1,0,0,0.0
Jeff Koons · Multiple · 2026 Q1,Split-Rocker (Wood) Pink/Orange,2026-03-22,Direct,true,1,0,0,0.0
Jeff Koons · Multiple · 2026 Q1,Split-Rocker (Wood) Pink/Orange,2026-03-24,Organic Search,true,1,0,0,0.0
Jeff Koons · Multiple · 2026 Q1,Split-Rocker (Wood) Pink/Orange,2026-03-25,Direct,true,1,0,0,0.0
Jeff Koons · Multiple · 2026 Q1,Split-Rocker (Wood) Pink/Orange,2026-03-25,Referral Other,true,1,0,0,0.0
Jeff Koons · Multiple · 2026 Q1,Split-Rocker (Wood) Pink/Orange,2026-03-31,Direct,true,1,0,0,0.0
Jeff Koons · Multiple · 2026 Q1,Split-Rocker (Wood) Pink/Orange,2026-04-14,untracked,true,8,0,0,0.0
Jeff Koons · Multiple · 2026 Q1,Split-Rocker (Wood) Pink/Orange,2026-04-17,Direct,true,1,0,0,0.0
Jeff Koons · Multiple · 2026 Q1,Split-Rocker (Wood) Pink/Orange,2026-04-18,Referral Other,true,1,1,0,0.0
Jeff Koons · Multiple · 2026 Q1,Split-Rocker (Wood) Pink/Orange,2026-05-07,Direct,true,1,0,0,0.0
Jeff Koons · Multiple · 2026 Q1,Split-Rocker (Wood) Pink/Orange,2026-05-29,Direct,true,7,0,0,0.0
Jeff Koons · Multiple · 2026 Q1,Split-Rocker (Wood) Pink/Orange,2026-07-11,AA Email Man,true,1,0,0,0.0
Jen Stark · Multiple · 2025 Q2,Driptych I,2025-06-03,Untracked,false,5,5,5,2.0
Jen Stark · Multiple · 2025 Q2,Driptych I,2025-06-04,Untracked,false,6,1,6,2.0
Jen Stark · Multiple · 2025 Q2,Driptych I,2025-06-07,Untracked,false,1,0,1,1.0
Jen Stark · Multiple · 2025 Q2,Driptych I,2025-06-08,Untracked,false,1,0,1,0.0
Jen Stark · Multiple · 2025 Q2,Driptych I,2025-06-09,Untracked,false,1,0,1,0.0
Jen Stark · Multiple · 2025 Q2,Driptych I,2025-06-10,Untracked,false,1,0,1,1.0
Jen Stark · Multiple · 2025 Q2,Driptych I,2025-06-17,Untracked,false,1,0,1,0.0
Jen Stark · Multiple · 2025 Q2,Driptych I & II,2025-05-29,Untracked,false,2,0,2,0.0
Jen Stark · Multiple · 2025 Q2,Driptych I & II,2025-06-03,Untracked,false,1,1,1,1.0
Jen Stark · Multiple · 2025 Q2,Driptych I & II,2025-06-04,Untracked,false,8,2,8,4.0
Jen Stark · Multiple · 2025 Q2,Driptych I & II,2025-06-06,Untracked,false,1,0,1,1.0
Jen Stark · Multiple · 2025 Q2,Driptych I & II,2025-06-10,Untracked,false,1,0,1,0.0
Jen Stark · Multiple · 2025 Q2,Driptych I & II,2025-06-11,Untracked,false,4,0,4,2.0
Jen Stark · Multiple · 2025 Q2,Driptych II,2025-06-03,Untracked,false,5,5,5,2.0
Jen Stark · Multiple · 2025 Q2,Driptych II,2025-06-04,Untracked,false,7,2,7,3.0
Jen Stark · Multiple · 2025 Q2,Driptych II,2025-06-07,Untracked,false,3,0,3,3.0
Jen Stark · Multiple · 2025 Q2,Driptych II,2025-06-08,Untracked,false,1,0,1,0.0
Jen Stark · Multiple · 2025 Q2,Driptych II,2025-06-09,Untracked,false,1,0,1,0.0
Jen Stark · Multiple · 2025 Q2,Driptych II,2025-06-10,Untracked,false,1,0,1,0.0
Jen Stark · Multiple · 2025 Q2,Driptych II,2025-06-11,Untracked,false,2,0,2,1.0
Jen Stark · Multiple · 2025 Q2,Driptych II,2025-06-17,Untracked,false,1,0,1,0.0
Jen Stark · Multiple · 2025 Q2,Driptych II,2025-07-17,Untracked,false,1,0,1,0.0
Jenna Gribbon · Glaring Shade · 2023 Q2,Glaring Shade,2023-04-06,untracked,true,1,0,0,0.0
Jenna Gribbon · Glaring Shade · 2023 Q2,Glaring Shade,2023-04-12,Direct,true,1,0,0,0.0
Jenna Gribbon · Glaring Shade · 2023 Q2,Glaring Shade,2023-04-12,untracked,true,1,0,0,0.0
Jenna Gribbon · Glaring Shade · 2023 Q2,Glaring Shade,2023-04-18,Direct,true,1,0,0,0.0
Jenna Gribbon · Glaring Shade · 2023 Q2,Glaring Shade,2023-04-19,untracked,true,1,0,0,0.0
Jenna Gribbon · Glaring Shade · 2023 Q2,Glaring Shade,2023-04-21,Direct,true,1,0,0,0.0
Jenna Gribbon · Glaring Shade · 2023 Q2,Glaring Shade,2023-05-03,Referral Other,true,1,0,0,0.0
Jenna Gribbon · Glaring Shade · 2023 Q2,Glaring Shade,2023-05-11,AA Email Man,true,1,0,0,0.0
Jenna Gribbon · Glaring Shade · 2023 Q2,Glaring Shade,2023-05-19,Direct,true,2,0,0,0.0
Jenna Gribbon · Glaring Shade · 2023 Q2,Glaring Shade,2023-05-24,untracked,true,1,0,0,0.0
Jenna Gribbon · Glaring Shade · 2023 Q2,Glaring Shade,2023-08-18,Direct,true,1,0,0,0.0
Jenny Brosinski · Untitled 6 · 2020 Q3,Untitled 6,2024-11-14,Untracked,false,1,0,1,0.0
Jenny Brosinski · Untitled 9 · 2020 Q3,Untitled 9,2026-01-19,Untracked,false,1,0,1,0.0
Jenny Holzer · Multiple · 2025 Q1,Full,2024-12-05,Referral Other,true,1,0,0,0.0
Jenny Holzer · Multiple · 2025 Q1,Full,2024-12-06,Referral Other,true,2,2,0,0.0
Jenny Holzer · Multiple · 2025 Q1,Full,2024-12-08,AA Email Man,true,1,1,0,0.0
Jenny Holzer · Multiple · 2025 Q1,Full,2024-12-11,Direct,true,2,1,0,0.0
Jenny Holzer · Multiple · 2025 Q1,Full,2024-12-17,untracked,true,3,0,0,0.0
Jenny Holzer · Multiple · 2025 Q1,Full,2025-01-28,AA Email Man,true,3,0,0,0.0
Jenny Holzer · Multiple · 2025 Q1,Full,2025-01-28,Direct,true,2,0,0,0.0
Jenny Holzer · Multiple · 2025 Q1,Full,2025-01-28,Paid Social,true,6,0,0,0.0
Jenny Holzer · Multiple · 2025 Q1,Full,2025-02-19,Direct,true,1,0,0,0.0
Jenny Holzer · URGE AND URGE AND URGE · 2020 Q3,URGE AND URGE AND URGE,2024-03-26,Untracked,false,1,0,0,0.0
Jessie Makinson · Multiple · 2022 Q1,Stay here while I get a curse,2023-02-09,Referral Other,true,1,0,0,0.0
Jessie Makinson · Multiple · 2022 Q1,Stay here while I get a curse,2023-03-07,Organic Search,true,1,0,0,0.0
Jessie Makinson · Multiple · 2022 Q1,Stay here while I get a curse,2023-03-21,untracked,true,1,0,0,0.0
Jessie Makinson · Multiple · 2022 Q1,Stay here while I get a curse,2023-03-22,untracked,true,1,0,0,0.0
Jessie Makinson · Multiple · 2022 Q1,Stay here while I get a curse,2023-04-03,untracked,true,1,0,0,0.0
Joakim Ojanen · Multiple · 2022 Q3,Heartbreaker (Blue),2023-02-20,Direct,true,1,0,0,0.0
Joakim Ojanen · Multiple · 2022 Q3,Heartbreaker (Red),2023-05-04,Direct,true,1,0,0,0.0
Joakim Ojanen · The dance we dance when we are together · 2026 Q1,The dance we dance when we are together,2025-12-12,Organic Search,true,1,1,1,0.0
Joakim Ojanen · The dance we dance when we are together · 2026 Q1,The dance we dance when we are together,2025-12-12,Referral Other,true,2,2,2,1.0
Joakim Ojanen · The dance we dance when we are together · 2026 Q1,The dance we dance when we are together,2025-12-12,untracked,true,1,1,1,1.0
Joakim Ojanen · The dance we dance when we are together · 2026 Q1,The dance we dance when we are together,2025-12-13,Referral Other,true,1,1,1,0.0
Joakim Ojanen · The dance we dance when we are together · 2026 Q1,The dance we dance when we are together,2025-12-15,Referral Other,true,1,0,1,0.0
Joakim Ojanen · The dance we dance when we are together · 2026 Q1,The dance we dance when we are together,2025-12-22,AA Email Auto,true,1,0,1,0.0
Joakim Ojanen · The dance we dance when we are together · 2026 Q1,The dance we dance when we are together,2025-12-22,AA Email Man,true,2,0,2,1.0
Joakim Ojanen · The dance we dance when we are together · 2026 Q1,The dance we dance when we are together,2025-12-22,AA Meta,true,2,0,2,0.0
Joakim Ojanen · The dance we dance when we are together · 2026 Q1,The dance we dance when we are together,2025-12-22,AA X,true,1,0,1,0.0
Joakim Ojanen · The dance we dance when we are together · 2026 Q1,The dance we dance when we are together,2025-12-22,Direct,true,5,0,5,1.0
Joakim Ojanen · The dance we dance when we are together · 2026 Q1,The dance we dance when we are together,2025-12-22,Paid Social,true,5,0,5,1.0
Joakim Ojanen · The dance we dance when we are together · 2026 Q1,The dance we dance when we are together,2026-01-05,AA Email Man,true,1,0,1,0.0
Joakim Ojanen · The dance we dance when we are together · 2026 Q1,The dance we dance when we are together,2026-01-05,Organic Search,true,1,0,1,0.0
Joakim Ojanen · The dance we dance when we are together · 2026 Q1,The dance we dance when we are together,2026-01-05,Paid Social,true,3,0,3,2.0
Joakim Ojanen · The dance we dance when we are together · 2026 Q1,The dance we dance when we are together,2026-01-05,Referral Meta,true,1,0,1,0.0
Joakim Ojanen · The dance we dance when we are together · 2026 Q1,The dance we dance when we are together,2026-01-09,AA Meta,true,1,0,1,1.0
Joakim Ojanen · The dance we dance when we are together · 2026 Q1,The dance we dance when we are together,2026-01-09,Paid Social,true,1,0,1,0.0
Joakim Ojanen · The dance we dance when we are together · 2026 Q1,The dance we dance when we are together,2026-01-14,AA Email Man,true,2,0,2,0.0
Joakim Ojanen · The dance we dance when we are together · 2026 Q1,The dance we dance when we are together,2026-01-14,Organic Search,true,1,0,1,1.0
Joakim Ojanen · The dance we dance when we are together · 2026 Q1,The dance we dance when we are together,2026-01-15,AA Email Man,true,1,0,1,0.0
Joakim Ojanen · The dance we dance when we are together · 2026 Q1,The dance we dance when we are together,2026-01-19,Paid Social,true,2,0,2,1.0
Joakim Ojanen · The dance we dance when we are together · 2026 Q1,The dance we dance when we are together,2026-01-22,AA Email Man,true,6,0,6,2.0
Joakim Ojanen · The dance we dance when we are together · 2026 Q1,The dance we dance when we are together,2026-01-22,AA Meta,true,2,0,2,0.0
Joakim Ojanen · The dance we dance when we are together · 2026 Q1,The dance we dance when we are together,2026-01-22,Direct,true,1,0,1,0.0
Joakim Ojanen · The dance we dance when we are together · 2026 Q1,The dance we dance when we are together,2026-01-22,Organic Search,true,2,0,2,1.0
Joakim Ojanen · The dance we dance when we are together · 2026 Q1,The dance we dance when we are together,2026-01-22,Paid Social,true,2,0,2,1.0
Joakim Ojanen · The dance we dance when we are together · 2026 Q1,The dance we dance when we are together,2026-01-22,Referral Artist,true,1,0,1,0.0
Joan Cornellà · Work Hard and Then Die · 2025 Q4,Work Hard and Then Die,2025-10-06,Untracked,false,1,0,1,1.0
Joan Cornellà · Work Hard and Then Die · 2025 Q4,Work Hard and Then Die,2025-10-13,Untracked,false,1,0,1,0.0
Joan Cornellà · Work Hard and Then Die · 2025 Q4,Work Hard and Then Die,2025-10-17,Untracked,false,1,0,1,0.0
Joan Cornellà · Work Hard and Then Die · 2025 Q4,Work Hard and Then Die,2025-10-20,Untracked,false,1,0,1,0.0
Joan Cornellà · Work Hard and Then Die · 2025 Q4,Work Hard and Then Die,2025-10-22,Untracked,false,134,133,134,63.0
Joan Cornellà · Work Hard and Then Die · 2025 Q4,Work Hard and Then Die,2025-10-23,Untracked,false,212,33,212,94.0
Joan Cornellà · Work Hard and Then Die · 2025 Q4,Work Hard and Then Die,2025-10-24,Untracked,false,118,6,118,40.0
Joan Cornellà · Work Hard and Then Die · 2025 Q4,Work Hard and Then Die,2025-10-25,Untracked,false,2,1,2,0.0
Joan Cornellà · Work Hard and Then Die · 2025 Q4,Work Hard and Then Die,2025-10-27,Untracked,false,1,0,1,0.0
Joan Cornellà · Work Hard and Then Die · 2025 Q4,Work Hard and Then Die,2025-10-29,Untracked,false,1,0,1,0.0
Joan Cornellà · Work Hard and Then Die · 2025 Q4,Work Hard and Then Die,2025-10-31,Untracked,false,1,0,1,1.0
Joan Cornellà · Work Hard and Then Die · 2025 Q4,Work Hard and Then Die,2025-11-04,Untracked,false,1,0,1,0.0
Joan Cornellà · Work Hard and Then Die · 2025 Q4,Work Hard and Then Die,2025-11-07,Untracked,false,1,0,1,0.0
Joan Cornellà · Work Hard and Then Die · 2025 Q4,Work Hard and Then Die,2025-11-24,Untracked,false,1,0,1,0.0
Joan Cornellà · Work Hard and Then Die · 2025 Q4,Work Hard and Then Die,2025-11-28,Untracked,false,1,0,1,1.0
Joan Cornellà · Work Hard and Then Die · 2025 Q4,Work Hard and Then Die,2025-11-29,Untracked,false,1,0,1,0.0
Joan Cornellà · Work Hard and Then Die · 2025 Q4,Work Hard and Then Die,2025-12-02,Untracked,false,1,0,1,0.0
Joan Cornellà · Work Hard and Then Die · 2025 Q4,Work Hard and Then Die,2026-01-03,Untracked,false,1,0,1,1.0
Joan Cornellà · Work Hard and Then Die · 2025 Q4,Work Hard and Then Die,2026-01-19,Untracked,false,1,0,1,1.0
Joan Cornellà · Work Hard and Then Die · 2025 Q4,Work Hard and Then Die,2026-01-28,Untracked,false,1,0,1,0.0
Joan Cornellà · Work Hard and Then Die · 2025 Q4,Work Hard and Then Die,2026-01-29,Untracked,false,1,0,1,0.0
Joan Cornellà · Work Hard and Then Die · 2025 Q4,Work Hard and Then Die,2026-02-04,Untracked,false,1,0,1,0.0
Joan Cornellà · Work Hard and Then Die · 2025 Q4,Work Hard and Then Die,2026-03-13,Untracked,false,1,0,1,1.0
Joan Cornellà · Work Hard and Then Die · 2025 Q4,Work Hard and Then Die,2026-09-03,Untracked,false,1,0,1,0.0
Joel Mesler · Multiple · 2026 Q2,I Love You (Blue),2026-05-11,Untracked,false,1,1,1,0.0
Joel Mesler · Multiple · 2026 Q2,I Love You (Blue),2026-05-19,Untracked,false,11,11,11,8.0
Joel Mesler · Multiple · 2026 Q2,I Love You (Blue),2026-05-20,Untracked,false,8,2,8,4.0
Joel Mesler · Multiple · 2026 Q2,I Love You (Blue),2026-05-21,Untracked,false,3,0,3,1.0
Joel Mesler · Multiple · 2026 Q2,I Love You (Blue),2026-05-22,Untracked,false,3,0,3,0.0
Joel Mesler · Multiple · 2026 Q2,I Love You (Blue),2026-06-10,Untracked,false,1,0,1,0.0
Joel Mesler · Multiple · 2026 Q2,I Love You (Pink),2026-05-07,Untracked,false,1,0,1,1.0
Joel Mesler · Multiple · 2026 Q2,I Love You (Pink),2026-05-19,Untracked,false,3,3,3,3.0
Joel Mesler · Multiple · 2026 Q2,I Love You (Pink),2026-05-20,Untracked,false,10,2,10,8.0
Joel Mesler · Multiple · 2026 Q2,I Love You (Pink),2026-05-21,Untracked,false,8,0,8,4.0
Joel Mesler · Multiple · 2026 Q2,I Love You (Pink),2026-05-22,Untracked,false,6,0,6,3.0
Joel Mesler · Multiple · 2026 Q2,I Love You (Pink),2026-05-26,Referral Other,true,1,0,1,1.0
Joel Mesler · Multiple · 2026 Q2,I Love You (Pink),2026-06-01,Untracked,false,1,0,1,0.0
Joel Mesler · Multiple · 2026 Q2,I Love You (Pink),2026-06-10,Untracked,false,1,0,1,1.0
Joel Mesler · Multiple · 2026 Q2,I Love You (Purple),2026-05-19,Untracked,false,1,1,1,1.0
Joel Mesler · Multiple · 2026 Q2,I Love You (Purple),2026-05-20,Untracked,false,10,2,10,5.0
Joel Mesler · Multiple · 2026 Q2,I Love You (Purple),2026-05-21,Untracked,false,7,0,7,4.0
Joel Mesler · Multiple · 2026 Q2,I Love You (Purple),2026-05-22,Untracked,false,4,0,4,2.0
Joel Mesler · Multiple · 2026 Q2,I Love You (Purple),2026-05-26,Untracked,false,1,0,1,0.0
Joel Mesler · Multiple · 2026 Q2,I Love You (Yellow),2026-05-20,Untracked,false,3,0,3,1.0
Joel Mesler · Multiple · 2026 Q2,I Love You (Yellow),2026-05-21,Untracked,false,2,0,2,0.0
Joel Mesler · Multiple · 2026 Q2,I Love You (Yellow),2026-05-22,Untracked,false,1,0,1,0.0
Joel Mesler · Multiple · 2026 Q2,I Love You (blue),2026-04-30,Untracked,false,1,0,1,0.0
Joel Mesler · Multiple · 2026 Q2,I Love You (pink),2026-04-30,Untracked,false,1,0,1,1.0
Johnson Tsang · Alliance · 2026 Q2,Alliance,2026-05-29,Direct,true,1,0,0,0.0
Johnson Tsang · Alliance · 2026 Q2,Alliance,2026-05-29,Referral Other,true,1,0,0,0.0
Johnson Tsang · Alliance · 2026 Q2,Alliance,2026-06-01,Direct,true,1,0,0,0.0
Johnson Tsang · Alliance · 2026 Q2,Alliance,2026-06-02,AA Email Man,true,9,9,0,0.0
Johnson Tsang · Alliance · 2026 Q2,Alliance,2026-06-02,Referral Other,true,21,21,0,0.0
Johnson Tsang · Alliance · 2026 Q2,Alliance,2026-06-02,untracked,true,1,1,0,0.0
Johnson Tsang · Alliance · 2026 Q2,Alliance,2026-06-03,Referral Other,true,10,10,0,0.0
Johnson Tsang · Alliance · 2026 Q2,Alliance,2026-06-03,untracked,true,1,1,0,0.0
Johnson Tsang · Alliance · 2026 Q2,Alliance,2026-06-04,Referral Other,true,1,1,0,0.0
Johnson Tsang · Alliance · 2026 Q2,Alliance,2026-06-04,untracked,true,1,1,0,0.0
Johnson Tsang · Alliance · 2026 Q2,Alliance,2026-06-05,AA Email Man,true,1,0,0,0.0
Johnson Tsang · Alliance · 2026 Q2,Alliance,2026-06-05,Direct,true,1,0,0,0.0
Johnson Tsang · Alliance · 2026 Q2,Alliance,2026-06-05,Organic Search,true,1,0,0,0.0
Johnson Tsang · Alliance · 2026 Q2,Alliance,2026-06-06,Direct,true,1,0,0,0.0
Johnson Tsang · Alliance · 2026 Q2,Alliance,2026-06-08,AA Email Auto,true,8,0,0,0.0
Johnson Tsang · Alliance · 2026 Q2,Alliance,2026-06-08,AA Email Man,true,1,0,0,0.0
Johnson Tsang · Alliance · 2026 Q2,Alliance,2026-06-08,AA Meta,true,4,0,0,0.0
Johnson Tsang · Alliance · 2026 Q2,Alliance,2026-06-08,Referral Artist,true,4,0,0,0.0
Johnson Tsang · Alliance · 2026 Q2,Alliance,2026-06-10,AA Email Auto,true,4,0,0,0.0
Johnson Tsang · Alliance · 2026 Q2,Alliance,2026-06-10,AA Meta,true,5,0,0,0.0
Johnson Tsang · Alliance · 2026 Q2,Alliance,2026-06-10,Direct,true,1,0,0,0.0
Johnson Tsang · Alliance · 2026 Q2,Alliance,2026-06-10,Organic Search,true,3,0,0,0.0
Johnson Tsang · Alliance · 2026 Q2,Alliance,2026-06-10,Referral Artist,true,3,0,0,0.0
Johnson Tsang · Alliance · 2026 Q2,Alliance,2026-06-12,AA Meta,true,1,0,0,0.0
Johnson Tsang · Alliance · 2026 Q2,Alliance,2026-06-12,Direct,true,1,0,0,0.0
Johnson Tsang · Alliance · 2026 Q2,Alliance,2026-06-12,Paid Social,true,6,0,0,0.0
Johnson Tsang · Alliance · 2026 Q2,Alliance,2026-06-12,Referral Artist,true,2,0,0,0.0
Johnson Tsang · Alliance · 2026 Q2,Alliance,2026-06-15,AA Email Auto,true,1,0,0,0.0
Johnson Tsang · Alliance · 2026 Q2,Alliance,2026-06-15,AA Email Man,true,10,0,0,0.0
Johnson Tsang · Alliance · 2026 Q2,Alliance,2026-06-15,AA Meta,true,2,0,0,0.0
Johnson Tsang · Alliance · 2026 Q2,Alliance,2026-06-15,Organic Search,true,1,0,0,0.0
Johnson Tsang · Alliance · 2026 Q2,Alliance,2026-06-15,Paid Social,true,11,0,0,0.0
Johnson Tsang · Alliance · 2026 Q2,Alliance,2026-06-15,Referral Artist,true,1,0,0,0.0
Johnson Tsang · Alliance · 2026 Q2,Alliance,2026-06-15,Referral Meta,true,1,0,0,0.0
Johnson Tsang · Alliance · 2026 Q2,Alliance,2026-06-15,Referral Other,true,1,0,0,0.0
Johnson Tsang · Alliance · 2026 Q2,Alliance,2026-06-17,AA Meta,true,1,0,0,0.0
Johnson Tsang · Alliance · 2026 Q2,Alliance,2026-06-17,Direct,true,2,0,0,0.0
Johnson Tsang · Alliance · 2026 Q2,Alliance,2026-06-17,Organic Search,true,1,0,0,0.0
Johnson Tsang · Alliance · 2026 Q2,Alliance,2026-06-17,Paid Social,true,8,0,0,0.0
Johnson Tsang · Alliance · 2026 Q2,Alliance,2026-06-17,Referral Artist,true,1,0,0,0.0
Johnson Tsang · Alliance · 2026 Q2,Alliance,2026-06-19,AA Email Man,true,1,0,0,0.0
Johnson Tsang · Alliance · 2026 Q2,Alliance,2026-06-19,AA Meta,true,1,0,0,0.0
Johnson Tsang · Alliance · 2026 Q2,Alliance,2026-06-19,Direct,true,1,0,0,0.0
Johnson Tsang · Alliance · 2026 Q2,Alliance,2026-06-19,Paid Social,true,3,0,0,0.0
Johnson Tsang · Alliance · 2026 Q2,Alliance,2026-06-19,Referral Artist,true,3,0,0,0.0
Johnson Tsang · Alliance · 2026 Q2,Alliance,2026-06-24,Direct,true,3,0,0,0.0
Johnson Tsang · Alliance · 2026 Q2,Alliance,2026-06-24,Paid Social,true,1,0,0,0.0
Johnson Tsang · Alliance · 2026 Q2,Alliance,2026-06-26,AA Email Auto,true,2,0,0,0.0
Johnson Tsang · Alliance · 2026 Q2,Alliance,2026-06-26,AA Email Man,true,13,0,0,0.0
Johnson Tsang · Alliance · 2026 Q2,Alliance,2026-06-26,AA Meta,true,2,0,0,0.0
Johnson Tsang · Alliance · 2026 Q2,Alliance,2026-06-26,Direct,true,6,0,0,0.0
Johnson Tsang · Alliance · 2026 Q2,Alliance,2026-06-26,Organic Search,true,2,0,0,0.0
Johnson Tsang · Alliance · 2026 Q2,Alliance,2026-06-26,Paid Social,true,12,0,0,0.0
Johnson Tsang · Alliance · 2026 Q2,Alliance,2026-06-26,Referral Artist,true,8,0,0,0.0
Johnson Tsang · Alliance · 2026 Q2,Alliance,2026-06-26,Referral Other,true,1,0,0,0.0
Johnson Tsang · Alliance · 2026 Q2,Alliance,2026-06-26,untracked,true,1,0,0,0.0
Johnson Tsang · Alliance · 2026 Q2,Alliance,2026-07-01,AA Email Man,true,2,0,0,0.0
Johnson Tsang · Alliance · 2026 Q2,Alliance,2026-07-09,Direct,true,1,0,0,0.0
Johnson Tsang · Alliance · 2026 Q2,Alliance,2026-07-14,Referral Other,true,1,0,0,0.0
Johnson Tsang · Fight for a Dream · 2021 Q2,Fight for a Dream,2024-09-30,Untracked,false,1,0,0,0.0
Johnson Tsang · Multiple · 2022 Q1,Open Mind (Large),2024-09-20,untracked,true,1,0,0,0.0
Johnson Tsang · Multiple · 2022 Q1,Open Mind (Large),2024-10-25,Direct,true,1,0,0,0.0
Johnson Tsang · Multiple · 2022 Q1,Open Mind (Large),2025-11-11,Direct,true,1,0,0,0.0
Johnson Tsang · Multiple · 2022 Q1,Open Mind (Small),2023-08-25,AA Meta,true,2,0,0,0.0
Johnson Tsang · Multiple · 2022 Q1,Open Mind (Small),2023-09-27,untracked,true,1,0,0,0.0
Johnson Tsang · Multiple · 2022 Q1,Open Mind (Small),2023-09-29,AA Email Man,true,1,0,0,0.0
Johnson Tsang · Multiple · 2022 Q1,Open Mind (Small),2023-10-25,Referral Artist,true,1,0,0,0.0
Johnson Tsang · Multiple · 2022 Q1,Open Mind (Small),2023-10-31,Direct,true,2,0,0,0.0
Johnson Tsang · Multiple · 2022 Q1,Open Mind (Small),2023-11-02,Organic Search,true,1,0,0,0.0
Johnson Tsang · Multiple · 2022 Q1,Open Mind (Small),2023-12-08,untracked,true,1,0,0,0.0
Johnson Tsang · Multiple · 2022 Q1,Open Mind (Small),2023-12-26,Organic Search,true,2,0,0,0.0
Johnson Tsang · Multiple · 2022 Q1,Open Mind (Small),2024-02-02,Organic Search,true,1,0,0,0.0
Johnson Tsang · Multiple · 2022 Q1,Open Mind (Small),2024-02-08,Organic Search,true,1,0,0,0.0
Johnson Tsang · Multiple · 2022 Q1,Open Mind (Small),2024-04-08,Organic Search,true,1,0,0,0.0
Johnson Tsang · Multiple · 2022 Q1,Open Mind (Small),2024-04-26,Direct,true,1,0,0,0.0
Johnson Tsang · Multiple · 2022 Q1,Open Mind (Small),2024-05-10,Referral Meta,true,1,0,0,0.0
Johnson Tsang · Multiple · 2022 Q1,Open Mind (Small),2024-05-18,untracked,true,1,0,0,0.0
Johnson Tsang · Multiple · 2022 Q1,Open Mind (Small),2024-05-23,AA Meta,true,1,0,0,0.0
Johnson Tsang · Multiple · 2022 Q1,Open Mind (Small),2024-06-10,untracked,true,1,0,0,0.0
Johnson Tsang · Multiple · 2022 Q1,Open Mind (Small),2024-06-14,Referral Other,true,1,0,0,0.0
Johnson Tsang · Multiple · 2022 Q1,Open Mind (Small),2024-06-19,untracked,true,1,0,0,0.0
Johnson Tsang · Multiple · 2022 Q1,Open Mind (Small),2024-07-04,untracked,true,1,0,0,0.0
Johnson Tsang · Multiple · 2022 Q1,Open Mind (Small),2024-07-15,untracked,true,1,0,0,0.0
Johnson Tsang · Multiple · 2022 Q1,Open Mind (Small),2024-08-07,Organic Search,true,1,0,0,0.0
Johnson Tsang · Multiple · 2022 Q1,Open Mind (Small),2024-09-04,Referral Other,true,1,0,0,0.0
Johnson Tsang · Multiple · 2022 Q1,Open Mind (Small),2024-09-10,Referral Other,true,1,0,0,0.0
Johnson Tsang · Multiple · 2022 Q1,Open Mind (Small),2024-09-13,Referral Other,true,1,0,0,0.0
Johnson Tsang · Multiple · 2022 Q1,Open Mind (Small),2024-09-18,AA Email Man,true,1,0,0,0.0
Johnson Tsang · Multiple · 2022 Q1,Open Mind (Small),2024-09-20,untracked,true,1,0,0,0.0
Johnson Tsang · Multiple · 2022 Q1,Open Mind (Small),2024-10-24,Referral Other,true,1,0,0,0.0
Johnson Tsang · Multiple · 2022 Q1,Open Mind (Small),2024-10-25,Direct,true,1,0,0,0.0
Johnson Tsang · Multiple · 2022 Q1,Open Mind (Small),2024-10-27,Referral Meta,true,1,0,0,0.0
Johnson Tsang · Multiple · 2022 Q1,Open Mind (Small),2024-10-27,Referral Other,true,1,0,0,0.0
Johnson Tsang · Multiple · 2022 Q1,Open Mind (Small),2024-10-28,Referral Other,true,1,0,0,0.0
Johnson Tsang · Multiple · 2022 Q1,Open Mind (Small),2024-10-29,Referral Other,true,1,0,0,0.0
Johnson Tsang · Multiple · 2022 Q1,Open Mind (Small),2024-10-31,Direct,true,4,0,0,0.0
Johnson Tsang · Multiple · 2022 Q1,Open Mind (Small),2024-11-01,Referral Other,true,1,0,0,0.0
Johnson Tsang · Multiple · 2022 Q1,Open Mind (Small),2025-11-11,Direct,true,1,0,0,0.0
Johnson Tsang · Multiple · 2022 Q1,Open Mind (Small),2026-04-09,Referral Other,true,8,0,0,0.0
Johnson Tsang · Open the Right Mind · 2023 Q4,Open the Right Mind,2023-09-26,Direct,true,2,0,0,0.0
Johnson Tsang · Open the Right Mind · 2023 Q4,Open the Right Mind,2023-09-28,Direct,true,1,0,0,0.0
Johnson Tsang · Open the Right Mind · 2023 Q4,Open the Right Mind,2023-10-05,AA Email Man,true,1,0,0,0.0
Johnson Tsang · Open the Right Mind · 2023 Q4,Open the Right Mind,2023-10-21,Direct,true,1,1,0,0.0
Johnson Tsang · Open the Right Mind · 2023 Q4,Open the Right Mind,2023-10-25,AA Email Man,true,47,0,0,0.0
Johnson Tsang · Open the Right Mind · 2023 Q4,Open the Right Mind,2023-10-25,AA Meta,true,11,0,0,0.0
Johnson Tsang · Open the Right Mind · 2023 Q4,Open the Right Mind,2023-10-25,Direct,true,7,0,0,0.0
Johnson Tsang · Open the Right Mind · 2023 Q4,Open the Right Mind,2023-10-25,Organic Search,true,6,0,0,0.0
Johnson Tsang · Open the Right Mind · 2023 Q4,Open the Right Mind,2023-10-25,Other,true,1,0,0,0.0
Johnson Tsang · Open the Right Mind · 2023 Q4,Open the Right Mind,2023-10-25,Referral Artist,true,3,0,0,0.0
Johnson Tsang · Open the Right Mind · 2023 Q4,Open the Right Mind,2023-10-25,Referral Meta,true,3,0,0,0.0
Johnson Tsang · Open the Right Mind · 2023 Q4,Open the Right Mind,2023-10-25,Referral Other,true,4,0,0,0.0
Johnson Tsang · Open the Right Mind · 2023 Q4,Open the Right Mind,2023-10-25,untracked,true,9,0,0,0.0
Johnson Tsang · Open the Right Mind · 2023 Q4,Open the Right Mind,2023-10-26,AA Email Man,true,1,0,0,0.0
Johnson Tsang · Open the Right Mind · 2023 Q4,Open the Right Mind,2023-10-27,Referral Artist,true,1,0,0,0.0
Johnson Tsang · Open the Right Mind · 2023 Q4,Open the Right Mind,2023-10-29,AA Meta,true,1,0,0,0.0
Johnson Tsang · Open the Right Mind · 2023 Q4,Open the Right Mind,2023-10-31,Direct,true,1,0,0,0.0
Johnson Tsang · Open the Right Mind · 2023 Q4,Open the Right Mind,2024-06-14,Referral Other,true,1,0,0,0.0
Johnson Tsang · Open the Right Mind · 2023 Q4,Open the Right Mind,2024-09-18,AA Email Man,true,1,0,0,0.0
Johnson Tsang · Open the Right Mind · 2023 Q4,Open the Right Mind,2026-04-09,Referral Other,true,2,0,0,0.0
Johnson Tsang · Remembrance · 2025 Q3,Remembrance,2025-07-07,Direct,true,1,0,0,0.0
Johnson Tsang · Remembrance · 2025 Q3,Remembrance,2025-07-08,AA Email Man,true,1,1,0,0.0
Johnson Tsang · Remembrance · 2025 Q3,Remembrance,2025-07-08,Referral Artist,true,9,9,0,0.0
Johnson Tsang · Remembrance · 2025 Q3,Remembrance,2025-07-08,Referral Other,true,12,12,0,0.0
Johnson Tsang · Remembrance · 2025 Q3,Remembrance,2025-07-09,AA Email Man,true,2,2,0,0.0
Johnson Tsang · Remembrance · 2025 Q3,Remembrance,2025-07-09,Referral Other,true,6,6,0,0.0
Johnson Tsang · Remembrance · 2025 Q3,Remembrance,2025-07-10,AA Meta,true,2,2,0,0.0
Johnson Tsang · Remembrance · 2025 Q3,Remembrance,2025-07-10,Referral Artist,true,1,1,0,0.0
Johnson Tsang · Remembrance · 2025 Q3,Remembrance,2025-07-10,Referral Other,true,4,4,0,0.0
Johnson Tsang · Remembrance · 2025 Q3,Remembrance,2025-07-10,untracked,true,1,1,0,0.0
Johnson Tsang · Remembrance · 2025 Q3,Remembrance,2025-07-13,Direct,true,1,0,0,0.0
Johnson Tsang · Remembrance · 2025 Q3,Remembrance,2025-07-15,AA Meta,true,1,0,0,0.0
Johnson Tsang · Remembrance · 2025 Q3,Remembrance,2025-07-15,Referral Artist,true,1,0,0,0.0
Johnson Tsang · Remembrance · 2025 Q3,Remembrance,2025-07-16,Direct,true,1,0,0,0.0
Johnson Tsang · Remembrance · 2025 Q3,Remembrance,2025-07-18,Direct,true,1,0,0,0.0
Johnson Tsang · Remembrance · 2025 Q3,Remembrance,2025-07-23,untracked,true,1,0,0,0.0
Johnson Tsang · Remembrance · 2025 Q3,Remembrance,2025-08-08,Direct,true,1,0,0,0.0
Johnson Tsang · Remembrance · 2025 Q3,Remembrance,2025-08-14,AA Email Auto,true,1,0,0,0.0
Johnson Tsang · Remembrance · 2025 Q3,Remembrance,2025-08-14,AA Email Man,true,21,0,0,0.0
Johnson Tsang · Remembrance · 2025 Q3,Remembrance,2025-08-14,AA Meta,true,13,0,0,0.0
Johnson Tsang · Remembrance · 2025 Q3,Remembrance,2025-08-14,Direct,true,10,0,0,0.0
Johnson Tsang · Remembrance · 2025 Q3,Remembrance,2025-08-14,Organic Search,true,7,0,0,0.0
Johnson Tsang · Remembrance · 2025 Q3,Remembrance,2025-08-14,Other,true,1,0,0,0.0
Johnson Tsang · Remembrance · 2025 Q3,Remembrance,2025-08-14,Paid Social,true,34,0,0,0.0
Johnson Tsang · Remembrance · 2025 Q3,Remembrance,2025-08-14,Referral Artist,true,2,0,0,0.0
Johnson Tsang · Remembrance · 2025 Q3,Remembrance,2025-08-14,Referral Meta,true,7,0,0,0.0
Johnson Tsang · Remembrance · 2025 Q3,Remembrance,2025-08-14,Referral Other,true,3,0,0,0.0
Johnson Tsang · Remembrance · 2025 Q3,Remembrance,2025-08-14,untracked,true,2,0,0,0.0
Johnson Tsang · Remembrance · 2025 Q3,Remembrance,2025-08-18,Direct,true,1,0,0,0.0
Johnson Tsang · Remembrance · 2025 Q3,Remembrance,2026-04-09,Referral Other,true,3,0,0,0.0
Johnson Tsang · Searching for Spring · 2022 Q2,Searching for Spring,2024-09-09,Organic Search,true,1,0,0,0.0
Johnson Tsang · Searching for Spring · 2022 Q2,Searching for Spring,2025-01-16,Direct,true,1,0,0,0.0
Johnson Tsang · Searching for Spring · 2022 Q2,Searching for Spring,2025-04-09,untracked,true,1,0,0,0.0
Johnson Tsang · Searching for Spring · 2022 Q2,Searching for Spring,2026-04-09,Referral Other,true,1,0,0,0.0
Johnson Tsang · The Moment · 2024 Q4,The Moment,2024-09-10,AA Email Man,true,9,9,0,0.0
Johnson Tsang · The Moment · 2024 Q4,The Moment,2024-09-10,AA Meta,true,4,4,0,0.0
Johnson Tsang · The Moment · 2024 Q4,The Moment,2024-09-10,Direct,true,6,5,0,0.0
Johnson Tsang · The Moment · 2024 Q4,The Moment,2024-09-10,Organic Search,true,3,3,0,0.0
Johnson Tsang · The Moment · 2024 Q4,The Moment,2024-09-10,Referral Artist,true,3,3,0,0.0
Johnson Tsang · The Moment · 2024 Q4,The Moment,2024-09-10,Referral Other,true,14,14,0,0.0
Johnson Tsang · The Moment · 2024 Q4,The Moment,2024-09-10,untracked,true,2,2,0,0.0
Johnson Tsang · The Moment · 2024 Q4,The Moment,2024-09-11,Referral Artist,true,1,1,0,0.0
Johnson Tsang · The Moment · 2024 Q4,The Moment,2024-09-11,Referral Other,true,6,6,0,0.0
Johnson Tsang · The Moment · 2024 Q4,The Moment,2024-09-12,Referral Artist,true,1,1,0,0.0
Johnson Tsang · The Moment · 2024 Q4,The Moment,2024-09-12,Referral Meta,true,1,1,0,0.0
Johnson Tsang · The Moment · 2024 Q4,The Moment,2024-09-12,Referral Other,true,4,4,0,0.0
Johnson Tsang · The Moment · 2024 Q4,The Moment,2024-09-13,AA Email Man,true,1,0,0,0.0
Johnson Tsang · The Moment · 2024 Q4,The Moment,2024-09-13,AA Meta,true,1,1,0,0.0
Johnson Tsang · The Moment · 2024 Q4,The Moment,2024-09-13,Direct,true,1,1,0,0.0
Johnson Tsang · The Moment · 2024 Q4,The Moment,2024-09-13,Referral Other,true,3,2,0,0.0
Johnson Tsang · The Moment · 2024 Q4,The Moment,2024-09-14,Referral Other,true,1,1,0,0.0
Johnson Tsang · The Moment · 2024 Q4,The Moment,2024-09-15,Referral Other,true,1,1,0,0.0
Johnson Tsang · The Moment · 2024 Q4,The Moment,2024-09-24,Direct,true,1,0,0,0.0
Johnson Tsang · The Moment · 2024 Q4,The Moment,2024-09-24,untracked,true,2,0,0,0.0
Johnson Tsang · The Moment · 2024 Q4,The Moment,2024-10-04,Direct,true,1,0,0,0.0
Johnson Tsang · The Moment · 2024 Q4,The Moment,2024-10-05,Referral Other,true,1,0,0,0.0
Johnson Tsang · The Moment · 2024 Q4,The Moment,2024-10-09,AA Email Man,true,50,0,0,0.0
Johnson Tsang · The Moment · 2024 Q4,The Moment,2024-10-09,AA Meta,true,14,0,0,0.0
Johnson Tsang · The Moment · 2024 Q4,The Moment,2024-10-09,Direct,true,37,0,0,0.0
Johnson Tsang · The Moment · 2024 Q4,The Moment,2024-10-09,Organic Search,true,8,0,0,0.0
Johnson Tsang · The Moment · 2024 Q4,The Moment,2024-10-09,Paid Social,true,23,0,0,0.0
Johnson Tsang · The Moment · 2024 Q4,The Moment,2024-10-09,Referral Artist,true,1,0,0,0.0
Johnson Tsang · The Moment · 2024 Q4,The Moment,2024-10-09,Referral Meta,true,28,0,0,0.0
Johnson Tsang · The Moment · 2024 Q4,The Moment,2024-10-09,Referral Other,true,8,0,0,0.0
Johnson Tsang · The Moment · 2024 Q4,The Moment,2024-10-09,untracked,true,3,0,0,0.0
Johnson Tsang · The Moment · 2024 Q4,The Moment,2024-10-10,AA Email Man,true,1,1,0,0.0
Johnson Tsang · The Moment · 2024 Q4,The Moment,2024-10-10,Direct,true,2,2,0,0.0
Johnson Tsang · The Moment · 2024 Q4,The Moment,2024-10-10,Organic Search,true,3,2,0,0.0
Johnson Tsang · The Moment · 2024 Q4,The Moment,2024-10-10,Referral Other,true,1,1,0,0.0
Johnson Tsang · The Moment · 2024 Q4,The Moment,2024-10-11,AA Email Man,true,1,1,0,0.0
Johnson Tsang · The Moment · 2024 Q4,The Moment,2024-10-18,AA Email Man,true,1,0,0,0.0
Johnson Tsang · The Moment · 2024 Q4,The Moment,2026-04-09,Referral Other,true,4,0,0,0.0
Johnson Tsang · Work in Progress · 2026 Q1,Work in Progress,2025-12-17,AA Meta,true,2,2,0,0.0
Johnson Tsang · Work in Progress · 2026 Q1,Work in Progress,2025-12-17,Organic Search,true,2,1,0,0.0
Johnson Tsang · Work in Progress · 2026 Q1,Work in Progress,2025-12-17,Referral Artist,true,3,3,0,0.0
Johnson Tsang · Work in Progress · 2026 Q1,Work in Progress,2025-12-17,Referral Other,true,23,23,0,0.0
Johnson Tsang · Work in Progress · 2026 Q1,Work in Progress,2025-12-18,AA Email Man,true,1,1,0,0.0
Johnson Tsang · Work in Progress · 2026 Q1,Work in Progress,2025-12-18,Referral Other,true,10,10,0,0.0
Johnson Tsang · Work in Progress · 2026 Q1,Work in Progress,2025-12-18,untracked,true,1,1,0,0.0
Johnson Tsang · Work in Progress · 2026 Q1,Work in Progress,2025-12-19,Direct,true,2,0,0,0.0
Johnson Tsang · Work in Progress · 2026 Q1,Work in Progress,2025-12-20,Direct,true,1,0,0,0.0
Johnson Tsang · Work in Progress · 2026 Q1,Work in Progress,2025-12-22,AA Email Man,true,3,0,0,0.0
Johnson Tsang · Work in Progress · 2026 Q1,Work in Progress,2025-12-22,Direct,true,1,0,0,0.0
Johnson Tsang · Work in Progress · 2026 Q1,Work in Progress,2026-01-05,AA Email Man,true,5,0,0,0.0
Johnson Tsang · Work in Progress · 2026 Q1,Work in Progress,2026-01-05,AA Meta,true,2,0,0,0.0
Johnson Tsang · Work in Progress · 2026 Q1,Work in Progress,2026-01-05,Direct,true,5,0,0,0.0
Johnson Tsang · Work in Progress · 2026 Q1,Work in Progress,2026-01-05,Organic Search,true,4,0,0,0.0
Johnson Tsang · Work in Progress · 2026 Q1,Work in Progress,2026-01-05,Referral Artist,true,6,0,0,0.0
Johnson Tsang · Work in Progress · 2026 Q1,Work in Progress,2026-01-05,Referral Other,true,2,0,0,0.0
Johnson Tsang · Work in Progress · 2026 Q1,Work in Progress,2026-01-05,untracked,true,2,0,0,0.0
Johnson Tsang · Work in Progress · 2026 Q1,Work in Progress,2026-01-06,AA Meta,true,1,0,0,0.0
Johnson Tsang · Work in Progress · 2026 Q1,Work in Progress,2026-01-06,Direct,true,2,0,0,0.0
Johnson Tsang · Work in Progress · 2026 Q1,Work in Progress,2026-01-07,Direct,true,1,0,0,0.0
Johnson Tsang · Work in Progress · 2026 Q1,Work in Progress,2026-01-08,AA Email Man,true,1,0,0,0.0
Johnson Tsang · Work in Progress · 2026 Q1,Work in Progress,2026-01-08,Direct,true,3,0,0,0.0
Johnson Tsang · Work in Progress · 2026 Q1,Work in Progress,2026-01-08,Organic Search,true,1,0,0,0.0
Johnson Tsang · Work in Progress · 2026 Q1,Work in Progress,2026-01-08,Paid Social,true,1,0,0,0.0
Johnson Tsang · Work in Progress · 2026 Q1,Work in Progress,2026-01-08,Referral Artist,true,2,0,0,0.0
Johnson Tsang · Work in Progress · 2026 Q1,Work in Progress,2026-01-12,Direct,true,1,0,0,0.0
Johnson Tsang · Work in Progress · 2026 Q1,Work in Progress,2026-01-14,AA Meta,true,1,0,0,0.0
Johnson Tsang · Work in Progress · 2026 Q1,Work in Progress,2026-01-14,Direct,true,3,0,0,0.0
Johnson Tsang · Work in Progress · 2026 Q1,Work in Progress,2026-01-14,Paid Social,true,1,0,0,0.0
Johnson Tsang · Work in Progress · 2026 Q1,Work in Progress,2026-01-14,Referral Artist,true,1,0,0,0.0
Johnson Tsang · Work in Progress · 2026 Q1,Work in Progress,2026-01-17,Direct,true,1,0,0,0.0
Johnson Tsang · Work in Progress · 2026 Q1,Work in Progress,2026-01-19,AA Email Man,true,1,0,0,0.0
Johnson Tsang · Work in Progress · 2026 Q1,Work in Progress,2026-01-19,Direct,true,1,0,0,0.0
Johnson Tsang · Work in Progress · 2026 Q1,Work in Progress,2026-01-19,Organic Search,true,6,0,0,0.0
Johnson Tsang · Work in Progress · 2026 Q1,Work in Progress,2026-01-19,Paid Social,true,1,0,0,0.0
Johnson Tsang · Work in Progress · 2026 Q1,Work in Progress,2026-01-19,Referral Artist,true,5,0,0,0.0
Johnson Tsang · Work in Progress · 2026 Q1,Work in Progress,2026-01-19,Referral Other,true,1,0,0,0.0
Johnson Tsang · Work in Progress · 2026 Q1,Work in Progress,2026-01-20,AA Meta,true,1,0,0,0.0
Johnson Tsang · Work in Progress · 2026 Q1,Work in Progress,2026-01-23,AA Email Man,true,13,0,0,0.0
Johnson Tsang · Work in Progress · 2026 Q1,Work in Progress,2026-01-23,AA Meta,true,5,0,0,0.0
Johnson Tsang · Work in Progress · 2026 Q1,Work in Progress,2026-01-23,Direct,true,1,0,0,0.0
Johnson Tsang · Work in Progress · 2026 Q1,Work in Progress,2026-01-23,Organic Search,true,5,0,0,0.0
Johnson Tsang · Work in Progress · 2026 Q1,Work in Progress,2026-01-23,Paid Social,true,1,0,0,0.0
Johnson Tsang · Work in Progress · 2026 Q1,Work in Progress,2026-01-23,Referral Artist,true,8,0,0,0.0
Johnson Tsang · Work in Progress · 2026 Q1,Work in Progress,2026-01-23,Referral Meta,true,1,0,0,0.0
Johnson Tsang · Work in Progress · 2026 Q1,Work in Progress,2026-01-23,untracked,true,3,0,0,0.0
Johnson Tsang · Work in Progress · 2026 Q1,Work in Progress,2026-01-30,AA Meta,true,1,0,0,0.0
Johnson Tsang · Work in Progress · 2026 Q1,Work in Progress,2026-06-03,AA Email Auto,true,1,0,0,0.0
Jonny Niesche · Diamond Vibration (Caught by the fuzz) · 2023 Q4,Diamond Vibration (Caught by the fuzz),2023-10-25,Direct,true,2,1,0,0.0
Jonny Niesche · Diamond Vibration (Caught by the fuzz) · 2023 Q4,Diamond Vibration (Caught by the fuzz),2023-10-25,Referral Artist,true,1,0,0,0.0
Jonny Niesche · Diamond Vibration (Caught by the fuzz) · 2023 Q4,Diamond Vibration (Caught by the fuzz),2023-10-25,Referral Meta,true,1,1,0,0.0
Jonny Niesche · Diamond Vibration (Caught by the fuzz) · 2023 Q4,Diamond Vibration (Caught by the fuzz),2023-10-26,Direct,true,1,1,0,0.0
Jonny Niesche · Diamond Vibration (Caught by the fuzz) · 2023 Q4,Diamond Vibration (Caught by the fuzz),2023-10-27,AA Email Man,true,2,2,0,0.0
Jonny Niesche · Diamond Vibration (Caught by the fuzz) · 2023 Q4,Diamond Vibration (Caught by the fuzz),2023-10-27,Organic Search,true,1,1,0,0.0
Jonny Niesche · Diamond Vibration (Caught by the fuzz) · 2023 Q4,Diamond Vibration (Caught by the fuzz),2023-10-27,Referral Other,true,1,1,0,0.0
Jonny Niesche · Diamond Vibration (Caught by the fuzz) · 2023 Q4,Diamond Vibration (Caught by the fuzz),2023-10-27,untracked,true,1,1,0,0.0
Jonny Niesche · Diamond Vibration (Caught by the fuzz) · 2023 Q4,Diamond Vibration (Caught by the fuzz),2023-10-28,AA Email Man,true,1,1,0,0.0
Jonny Niesche · Diamond Vibration (Caught by the fuzz) · 2023 Q4,Diamond Vibration (Caught by the fuzz),2023-11-01,AA Email Man,true,1,0,0,0.0
Jonny Niesche · Diamond Vibration (Caught by the fuzz) · 2023 Q4,Diamond Vibration (Caught by the fuzz),2023-11-08,Direct,true,1,0,0,0.0
Jonny Niesche · Diamond Vibration (Caught by the fuzz) · 2023 Q4,Diamond Vibration (Caught by the fuzz),2023-11-12,Organic Search,true,1,0,0,0.0
Jonny Niesche · Diamond Vibration (Caught by the fuzz) · 2023 Q4,Diamond Vibration (Caught by the fuzz),2023-11-14,AA Email Man,true,10,0,0,0.0
Jonny Niesche · Diamond Vibration (Caught by the fuzz) · 2023 Q4,Diamond Vibration (Caught by the fuzz),2023-11-14,AA Meta,true,3,0,0,0.0
Jonny Niesche · Diamond Vibration (Caught by the fuzz) · 2023 Q4,Diamond Vibration (Caught by the fuzz),2023-11-14,Direct,true,5,0,0,0.0
Jonny Niesche · Diamond Vibration (Caught by the fuzz) · 2023 Q4,Diamond Vibration (Caught by the fuzz),2023-11-14,Organic Search,true,5,0,0,0.0
Jonny Niesche · Diamond Vibration (Caught by the fuzz) · 2023 Q4,Diamond Vibration (Caught by the fuzz),2023-11-14,Referral Artist,true,7,0,0,0.0
Jonny Niesche · Diamond Vibration (Caught by the fuzz) · 2023 Q4,Diamond Vibration (Caught by the fuzz),2023-11-14,Referral Other,true,1,0,0,0.0
Jonny Niesche · Diamond Vibration (Caught by the fuzz) · 2023 Q4,Diamond Vibration (Caught by the fuzz),2023-11-14,untracked,true,2,0,0,0.0
Jonny Niesche · Diamond Vibration (Caught by the fuzz) · 2023 Q4,Diamond Vibration (Caught by the fuzz),2023-11-15,Direct,true,1,0,0,0.0
Jonny Niesche · Diamond Vibration (Caught by the fuzz) · 2023 Q4,Diamond Vibration (Caught by the fuzz),2023-11-17,Referral Artist,true,1,0,0,0.0
Jonny Niesche · Diamond Vibration (Caught by the fuzz) · 2023 Q4,Diamond Vibration (Caught by the fuzz),2023-11-20,Direct,true,1,0,0,0.0
Jonny Niesche · Diamond Vibration (Caught by the fuzz) · 2023 Q4,Diamond Vibration (Caught by the fuzz),2023-11-24,AA Email Man,true,1,0,0,0.0
Jonny Niesche · Multiple · 2025 Q2,Champagne Lexus,2025-05-07,Untracked,false,7,7,7,3.0
Jonny Niesche · Multiple · 2025 Q2,Champagne Lexus,2025-05-08,Untracked,false,12,2,12,8.0
Jonny Niesche · Multiple · 2025 Q2,Champagne Lexus,2025-05-09,Untracked,false,6,1,6,3.0
Jonny Niesche · Multiple · 2025 Q2,Champagne Lexus,2025-05-10,Untracked,false,3,0,3,1.0
Jonny Niesche · Multiple · 2025 Q2,Champagne Lexus,2025-05-11,Untracked,false,2,0,2,2.0
Jonny Niesche · Multiple · 2025 Q2,Champagne Lexus,2025-05-13,Untracked,false,9,0,9,4.0
Jonny Niesche · Multiple · 2025 Q2,Champagne Lexus,2025-05-14,Untracked,false,4,0,4,0.0
Jonny Niesche · Multiple · 2025 Q2,Champagne Lexus,2025-05-15,Untracked,false,3,0,3,1.0
Jonny Niesche · Multiple · 2025 Q2,Champagne Lexus,2025-06-04,Untracked,false,1,0,1,0.0
Jonny Niesche · Multiple · 2025 Q2,Champagne Lexus,2025-07-02,Untracked,false,1,0,1,0.0
Jonny Niesche · Multiple · 2025 Q2,Champagne Lexus,2025-09-02,Untracked,false,1,0,1,1.0
Jonny Niesche · Multiple · 2025 Q2,Musk romance in deepest blue,2025-04-24,Untracked,false,1,0,1,1.0
Jonny Niesche · Multiple · 2025 Q2,Musk romance in deepest blue,2025-05-07,Untracked,false,13,13,13,6.0
Jonny Niesche · Multiple · 2025 Q2,Musk romance in deepest blue,2025-05-08,Untracked,false,13,4,13,4.0
Jonny Niesche · Multiple · 2025 Q2,Musk romance in deepest blue,2025-05-09,Untracked,false,8,0,8,5.0
Jonny Niesche · Multiple · 2025 Q2,Musk romance in deepest blue,2025-05-10,Untracked,false,4,0,4,1.0
Jonny Niesche · Multiple · 2025 Q2,Musk romance in deepest blue,2025-05-11,Untracked,false,1,0,1,1.0
Jonny Niesche · Multiple · 2025 Q2,Musk romance in deepest blue,2025-05-12,Untracked,false,1,0,1,1.0
Jonny Niesche · Multiple · 2025 Q2,Musk romance in deepest blue,2025-05-13,Untracked,false,7,0,7,2.0
Jonny Niesche · Multiple · 2025 Q2,Musk romance in deepest blue,2025-05-14,Untracked,false,5,1,5,0.0
Jonny Niesche · Multiple · 2025 Q2,Musk romance in deepest blue,2025-05-15,Untracked,false,4,0,4,1.0
Jonny Niesche · Multiple · 2025 Q2,Musk romance in deepest blue,2025-05-18,Untracked,false,1,0,1,0.0
Jonny Niesche · Multiple · 2025 Q2,Musk romance in deepest blue,2025-05-27,Untracked,false,1,0,1,0.0
Jonny Niesche · Multiple · 2025 Q2,Musk romance in deepest blue,2025-06-04,Untracked,false,1,0,1,0.0
Jonny Niesche · Multiple · 2025 Q2,Musk romance in deepest blue,2026-09-18,Untracked,false,1,0,1,0.0
Jonny Niesche · Multiple · 2025 Q2,Musk romance in deepest blue and Champagne Lexus,2025-05-07,Untracked,false,18,18,18,10.0
Jonny Niesche · Multiple · 2025 Q2,Musk romance in deepest blue and Champagne Lexus,2025-05-08,Untracked,false,21,14,21,8.0
Jonny Niesche · Multiple · 2025 Q2,Musk romance in deepest blue and Champagne Lexus,2025-05-09,Untracked,false,2,0,2,0.0
Jonny Niesche · Multiple · 2025 Q2,Musk romance in deepest blue and Champagne Lexus,2025-05-10,Untracked,false,1,0,1,0.0
Jonny Niesche · Multiple · 2025 Q2,Musk romance in deepest blue and Champagne Lexus,2025-05-11,Untracked,false,3,0,3,1.0
Jonny Niesche · Multiple · 2025 Q2,Musk romance in deepest blue and Champagne Lexus,2025-05-13,Untracked,false,2,0,2,0.0
Jonny Niesche · Multiple · 2025 Q2,Musk romance in deepest blue and Champagne Lexus,2025-05-14,Untracked,false,2,0,2,1.0
Jonny Niesche · Multiple · 2025 Q2,Musk romance in deepest blue and Champagne Lexus,2025-05-15,Untracked,false,2,0,2,0.0
Jonny Niesche · Multiple · 2025 Q2,Musk romance in deepest blue and Champagne Lexus,2025-05-16,Untracked,false,1,0,1,1.0
Jonny Niesche · Schein Blossom · 2020 Q4,Schein Blossom,2024-05-09,Organic Search,true,1,0,0,0.0
Jonny Niesche · Schein Blossom · 2020 Q4,Schein Blossom,2026-02-23,Referral Other,true,1,0,0,0.0
Jonny Niesche · moon moth lust in warm copper AP · 2022 Q4,moon moth lust in warm copper AP,2024-05-29,Direct,true,1,0,0,0.0
Jonny Niesche · moon moth lust in warm copper · 2022 Q4,moon moth lust in warm copper,2023-02-06,untracked,true,1,0,0,0.0
Jonny Niesche · moon moth lust in warm copper · 2022 Q4,moon moth lust in warm copper,2024-05-09,Organic Search,true,1,0,0,0.0
Jonny Niesche · moon moth lust in warm copper · 2022 Q4,moon moth lust in warm copper,2025-09-09,Direct,true,1,0,0,0.0
Jordan Casteel · Multiple · 2025 Q1,Peak Summer,2024-12-06,Referral Other,true,2,2,0,0.0
Jordan Casteel · Multiple · 2025 Q1,Peak Summer,2024-12-17,untracked,true,3,0,0,0.0
Jordan Casteel · Multiple · 2025 Q1,Peak Summer,2024-12-19,AA Email Man,true,2,0,0,0.0
Jordan Casteel · Multiple · 2025 Q1,Peak Summer,2024-12-19,Organic Search,true,1,0,0,0.0
Jordan Casteel · Multiple · 2025 Q1,Peak Summer,2025-01-23,untracked,true,1,1,0,0.0
Jordan Casteel · Multiple · 2025 Q1,Peak Summer,2025-01-28,AA Email Man,true,3,0,0,0.0
Jordan Casteel · Multiple · 2025 Q1,Peak Summer,2025-01-28,AA Meta,true,1,0,0,0.0
Jordan Casteel · Multiple · 2025 Q1,Peak Summer,2025-01-28,Direct,true,2,0,0,0.0
Jordan Casteel · Multiple · 2025 Q1,Peak Summer,2025-01-28,Paid Social,true,3,0,0,0.0
Jordan Casteel · Multiple · 2025 Q1,Peak Summer,2025-01-29,AA Meta,true,1,0,0,0.0
Jordan Casteel · Multiple · 2025 Q1,Peak Summer,2025-01-30,AA Email Man,true,1,0,0,0.0
Josh Smith · Multiple · 2025 Q1,Palm Amphora,2024-12-07,Direct,true,1,0,0,0.0
Josh Smith · Multiple · 2025 Q1,Palm Amphora,2024-12-08,Referral Other,true,1,1,0,0.0
Josh Smith · Multiple · 2025 Q1,Palm Amphora,2025-01-28,AA Email Man,true,1,0,0,0.0
Josh Smith · Multiple · 2025 Q1,Palm Amphora,2025-01-28,Direct,true,1,0,0,0.0
Josh Smith · Multiple · 2025 Q1,Palm Amphora,2025-01-28,Paid Social,true,3,0,0,0.0
José Parlá · Multiple · 2024 Q4,"The American Mindscape, Textured",2024-11-01,Direct,true,1,0,1,1.0
José Parlá · Multiple · 2024 Q4,"The American Mindscape, Textured",2024-11-04,Referral Other,true,1,0,1,0.0
José Parlá · Multiple · 2024 Q4,"The American Mindscape, Textured",2024-11-05,Direct,true,1,0,1,0.0
José Parlá · Multiple · 2024 Q4,"The American Mindscape, Textured",2024-11-07,AA Email Man,true,7,7,7,0.0
José Parlá · Multiple · 2024 Q4,"The American Mindscape, Textured",2024-11-07,Direct,true,1,1,1,0.0
José Parlá · Multiple · 2024 Q4,"The American Mindscape, Textured",2024-11-07,Organic Search,true,1,1,1,1.0
José Parlá · Multiple · 2024 Q4,"The American Mindscape, Textured",2024-11-07,Referral Artist,true,3,3,3,0.0
José Parlá · Multiple · 2024 Q4,"The American Mindscape, Textured",2024-11-07,Referral Meta,true,1,1,1,1.0
José Parlá · Multiple · 2024 Q4,"The American Mindscape, Textured",2024-11-07,Referral Other,true,15,15,15,2.0
José Parlá · Multiple · 2024 Q4,"The American Mindscape, Textured",2024-11-07,untracked,true,3,3,3,0.0
José Parlá · Multiple · 2024 Q4,"The American Mindscape, Textured",2024-11-08,AA Email Man,true,1,1,1,0.0
José Parlá · Multiple · 2024 Q4,"The American Mindscape, Textured",2024-11-08,Direct,true,1,1,1,0.0
José Parlá · Multiple · 2024 Q4,"The American Mindscape, Textured",2024-11-08,Organic Search,true,1,0,1,0.0
José Parlá · Multiple · 2024 Q4,"The American Mindscape, Textured",2024-11-08,Referral Artist,true,1,1,1,0.0
José Parlá · Multiple · 2024 Q4,"The American Mindscape, Textured",2024-11-08,Referral Other,true,9,9,9,2.0
José Parlá · Multiple · 2024 Q4,"The American Mindscape, Textured",2024-11-09,Direct,true,1,0,1,0.0
José Parlá · Multiple · 2024 Q4,"The American Mindscape, Textured",2024-11-09,Referral Other,true,3,3,3,0.0
José Parlá · Multiple · 2024 Q4,"The American Mindscape, Textured",2024-11-09,untracked,true,1,1,1,0.0
José Parlá · Multiple · 2024 Q4,"The American Mindscape, Textured",2024-11-11,Referral Other,true,3,3,3,1.0
José Parlá · Multiple · 2024 Q4,"The American Mindscape, Textured",2024-11-12,Organic Search,true,1,0,1,0.0
José Parlá · Multiple · 2024 Q4,"The American Mindscape, Textured",2024-11-12,Referral Other,true,1,0,1,0.0
José Parlá · Multiple · 2024 Q4,"The American Mindscape, Textured",2024-11-13,AA Email Man,true,7,0,7,1.0
José Parlá · Multiple · 2024 Q4,"The American Mindscape, Textured",2024-11-13,AA Meta,true,4,0,4,1.0
José Parlá · Multiple · 2024 Q4,"The American Mindscape, Textured",2024-11-13,Direct,true,1,0,1,0.0
José Parlá · Multiple · 2024 Q4,"The American Mindscape, Textured",2024-11-13,Organic Search,true,2,0,2,0.0
José Parlá · Multiple · 2024 Q4,"The American Mindscape, Textured",2024-11-13,Referral Other,true,1,0,1,0.0
José Parlá · Multiple · 2024 Q4,"The American Mindscape, Textured",2024-11-13,untracked,true,1,0,1,0.0
José Parlá · Multiple · 2024 Q4,"The American Mindscape, Textured",2024-11-14,Organic Search,true,1,0,1,0.0
José Parlá · Multiple · 2024 Q4,"The American Mindscape, Textured",2024-11-15,Direct,true,1,0,1,0.0
José Parlá · Multiple · 2024 Q4,"The American Mindscape, Textured",2024-11-15,Referral Other,true,2,2,2,1.0
José Parlá · Multiple · 2024 Q4,"The American Mindscape, Textured",2024-11-16,Referral Other,true,1,0,1,0.0
José Parlá · Multiple · 2024 Q4,"The American Mindscape, Textured",2024-11-17,Referral Other,true,1,0,1,0.0
José Parlá · Multiple · 2024 Q4,"The American Mindscape, Textured",2024-11-18,Direct,true,2,0,2,0.0
José Parlá · Multiple · 2024 Q4,"The American Mindscape, Textured",2024-11-20,Direct,true,1,0,1,0.0
José Parlá · Multiple · 2024 Q4,"The American Mindscape, Textured",2024-11-21,AA Meta,true,1,0,1,0.0
José Parlá · Multiple · 2024 Q4,"The American Mindscape, Textured",2024-11-28,Direct,true,1,0,1,0.0
José Parlá · Multiple · 2024 Q4,"The American Mindscape, Textured",2024-11-29,Direct,true,1,0,1,0.0
José Parlá · Multiple · 2024 Q4,"The American Mindscape, Textured",2024-12-01,Direct,true,1,0,1,0.0
José Parlá · Multiple · 2024 Q4,"The American Mindscape, Textured",2024-12-02,AA Email Man,true,7,0,7,1.0
José Parlá · Multiple · 2024 Q4,"The American Mindscape, Textured",2024-12-02,Direct,true,3,0,3,0.0
José Parlá · Multiple · 2024 Q4,"The American Mindscape, Textured",2024-12-02,Referral Artist,true,1,0,1,0.0
José Parlá · Multiple · 2024 Q4,"The American Mindscape, Textured",2024-12-04,Direct,true,1,0,1,0.0
José Parlá · Multiple · 2024 Q4,"The American Mindscape, Textured",2024-12-09,Direct,true,1,0,1,0.0
José Parlá · Multiple · 2024 Q4,"The American Mindscape, Textured",2024-12-10,Direct,true,1,0,1,0.0
José Parlá · Multiple · 2024 Q4,"The American Mindscape, Textured",2024-12-19,Referral Artist,true,1,0,1,0.0
José Parlá · Multiple · 2024 Q4,"The American Mindscape, Textured",2025-01-02,AA Email Man,true,1,0,1,0.0
José Parlá · The Founders AP · 2021 Q4,The Founders AP,2024-11-16,Untracked,false,1,0,0,0.0
José Parlá · The Founders AP · 2021 Q4,The Founders AP,2024-11-29,Direct,true,1,0,0,0.0
José Parlá · Writers’ Bench 149th Street and Grand Concourse · 2020 Q3,Writers’ Bench 149th Street and Grand Concourse,2025-02-14,Untracked,false,1,0,0,0.0
Judy Chicago · Multiple · 2025 Q2,Heaven is For White Men Only,2025-05-27,Untracked,false,4,4,4,1.0
Judy Chicago · Multiple · 2025 Q2,Heaven is For White Men Only,2025-05-28,Untracked,false,8,2,8,6.0
Judy Chicago · Multiple · 2025 Q2,Heaven is For White Men Only,2025-05-29,Untracked,false,3,0,3,1.0
Judy Chicago · Multiple · 2025 Q2,Heaven is For White Men Only,2025-05-30,Untracked,false,4,0,4,2.0
Judy Chicago · Multiple · 2025 Q2,Heaven is For White Men Only,2025-05-31,Untracked,false,3,1,3,2.0
Judy Chicago · Multiple · 2025 Q2,Heaven is For White Men Only,2025-06-01,Untracked,false,6,0,6,3.0
Judy Chicago · Multiple · 2025 Q2,Heaven is For White Men Only,2025-06-02,Untracked,false,3,0,3,0.0
Judy Chicago · Multiple · 2025 Q2,Heaven is For White Men Only,2025-06-03,Untracked,false,7,0,7,2.0
Judy Chicago · Multiple · 2025 Q2,Heaven is For White Men Only,2025-06-04,Untracked,false,16,0,16,4.0
Judy Chicago · Multiple · 2025 Q2,Heaven is For White Men Only,2025-06-08,Untracked,false,1,0,1,0.0
Judy Chicago · Multiple · 2025 Q2,Heaven is For White Men Only,2025-07-29,Untracked,false,1,0,1,0.0
Judy Chicago · Multiple · 2025 Q2,Let It All Hang Out,2025-05-21,AA Email Man,true,1,0,1,0.0
Judy Chicago · Multiple · 2025 Q2,Let It All Hang Out,2025-05-22,Untracked,false,1,0,1,0.0
Judy Chicago · Multiple · 2025 Q2,Let It All Hang Out,2025-05-27,Untracked,false,28,28,28,9.0
Judy Chicago · Multiple · 2025 Q2,Let It All Hang Out,2025-05-28,Untracked,false,60,22,60,23.0
Judy Chicago · Multiple · 2025 Q2,Let It All Hang Out,2025-05-29,Untracked,false,15,1,15,5.0
Judy Chicago · Multiple · 2025 Q2,Let It All Hang Out,2025-05-30,Untracked,false,7,0,7,1.0
Judy Chicago · Multiple · 2025 Q2,Let It All Hang Out,2025-05-31,Untracked,false,9,1,9,3.0
Judy Chicago · Multiple · 2025 Q2,Let It All Hang Out,2025-06-01,Untracked,false,16,0,16,4.0
Judy Chicago · Multiple · 2025 Q2,Let It All Hang Out,2025-06-02,Untracked,false,11,0,11,3.0
Judy Chicago · Multiple · 2025 Q2,Let It All Hang Out,2025-06-03,Untracked,false,15,1,15,4.0
Judy Chicago · Multiple · 2025 Q2,Let It All Hang Out,2025-06-04,Untracked,false,29,0,29,6.0
Judy Chicago · Multiple · 2025 Q2,Let It All Hang Out,2025-06-12,Untracked,false,1,0,1,0.0
Judy Chicago · Multiple · 2025 Q2,Let It All Hang Out,2025-07-21,Untracked,false,1,0,1,0.0
Judy Chicago · Multiple · 2025 Q2,Let It All Hang Out,2025-07-23,Untracked,false,1,0,1,0.0
Judy Chicago · Multiple · 2025 Q2,Let It All Hang Out,2025-09-15,Untracked,false,1,0,1,0.0
Judy Chicago · Multiple · 2025 Q2,Let It All Hang Out,2025-10-20,Untracked,false,1,0,1,0.0
Judy Chicago · Multiple · 2025 Q2,Let It All Hang Out & Heaven is For White Men Only,2025-05-27,Untracked,false,12,12,12,5.0
Judy Chicago · Multiple · 2025 Q2,Let It All Hang Out & Heaven is For White Men Only,2025-05-28,Untracked,false,31,12,31,13.0
Judy Chicago · Multiple · 2025 Q2,Let It All Hang Out & Heaven is For White Men Only,2025-05-29,Untracked,false,10,2,10,2.0
Judy Chicago · Multiple · 2025 Q2,Let It All Hang Out & Heaven is For White Men Only,2025-05-30,Untracked,false,5,0,5,1.0
Judy Chicago · Multiple · 2025 Q2,Let It All Hang Out & Heaven is For White Men Only,2025-05-31,Untracked,false,4,0,4,1.0
Judy Chicago · Multiple · 2025 Q2,Let It All Hang Out & Heaven is For White Men Only,2025-06-01,Untracked,false,2,0,2,2.0
Judy Chicago · Multiple · 2025 Q2,Let It All Hang Out & Heaven is For White Men Only,2025-06-02,Untracked,false,2,0,2,1.0
Judy Chicago · Multiple · 2025 Q2,Let It All Hang Out & Heaven is For White Men Only,2025-06-03,Untracked,false,4,0,4,0.0
Judy Chicago · Multiple · 2025 Q2,Let It All Hang Out & Heaven is For White Men Only,2025-06-04,Untracked,false,10,0,10,2.0
Judy Chicago · Multiple · 2025 Q2,Let It All Hang Out & Heaven is For White Men Only,2025-06-05,Untracked,false,1,0,1,1.0
Judy Chicago · Reincarnation Triptych · 2025 Q4,Reincarnation Triptych,2025-10-24,AA Email Man,true,1,1,1,1.0
Judy Chicago · Reincarnation Triptych · 2025 Q4,Reincarnation Triptych,2025-10-24,Referral Other,true,2,2,2,1.0
Judy Chicago · Reincarnation Triptych · 2025 Q4,Reincarnation Triptych,2025-10-24,untracked,true,1,1,1,0.0
Judy Chicago · Reincarnation Triptych · 2025 Q4,Reincarnation Triptych,2025-10-25,AA Email Man,true,2,2,2,1.0
Judy Chicago · Reincarnation Triptych · 2025 Q4,Reincarnation Triptych,2025-10-26,Referral Other,true,2,2,2,2.0
Judy Chicago · Reincarnation Triptych · 2025 Q4,Reincarnation Triptych,2025-10-28,AA Email Man,true,1,1,1,0.0
Judy Chicago · Reincarnation Triptych · 2025 Q4,Reincarnation Triptych,2025-10-28,Referral Artist,true,1,0,1,0.0
Judy Chicago · Reincarnation Triptych · 2025 Q4,Reincarnation Triptych,2025-10-28,untracked,true,1,0,1,0.0
Judy Chicago · Reincarnation Triptych · 2025 Q4,Reincarnation Triptych,2025-10-30,AA Email Man,true,1,0,1,1.0
Judy Chicago · Reincarnation Triptych · 2025 Q4,Reincarnation Triptych,2025-10-31,AA Email Man,true,11,0,11,0.0
Judy Chicago · Reincarnation Triptych · 2025 Q4,Reincarnation Triptych,2025-10-31,Paid Social,true,1,0,1,0.0
Judy Chicago · Reincarnation Triptych · 2025 Q4,Reincarnation Triptych,2025-10-31,Referral Artist,true,1,0,1,0.0
Judy Chicago · Reincarnation Triptych · 2025 Q4,Reincarnation Triptych,2025-11-03,AA Email Man,true,1,0,1,0.0
Judy Chicago · Reincarnation Triptych · 2025 Q4,Reincarnation Triptych,2025-11-03,Organic Search,true,1,0,1,0.0
Judy Chicago · Reincarnation Triptych · 2025 Q4,Reincarnation Triptych,2025-11-03,Paid Social,true,2,0,2,0.0
Judy Chicago · Reincarnation Triptych · 2025 Q4,Reincarnation Triptych,2025-11-11,AA Email Man,true,4,0,4,3.0
Judy Chicago · Reincarnation Triptych · 2025 Q4,Reincarnation Triptych,2025-11-11,AA Meta,true,1,0,1,0.0
Judy Chicago · Reincarnation Triptych · 2025 Q4,Reincarnation Triptych,2025-11-11,Direct,true,1,0,1,1.0
Judy Chicago · Reincarnation Triptych · 2025 Q4,Reincarnation Triptych,2025-11-11,Organic Search,true,2,0,2,0.0
Judy Chicago · Reincarnation Triptych · 2025 Q4,Reincarnation Triptych,2025-11-11,Referral Other,true,1,0,1,0.0
Judy Chicago · Reincarnation Triptych · 2025 Q4,Reincarnation Triptych,2025-11-12,Direct,true,1,0,1,0.0
Judy Chicago · Reincarnation Triptych · 2025 Q4,Reincarnation Triptych,2025-11-13,AA Email Man,true,1,0,1,1.0
Judy Chicago · Reincarnation Triptych · 2025 Q4,Reincarnation Triptych,2025-11-25,AA Email Man,true,1,0,1,0.0
Judy Chicago · Reincarnation Triptych · 2025 Q4,Reincarnation Triptych,2025-11-25,Direct,true,1,0,1,1.0
Judy Chicago · Reincarnation Triptych · 2025 Q4,Reincarnation Triptych,2025-11-25,untracked,true,1,0,1,1.0
Judy Chicago · Reincarnation Triptych · 2025 Q4,Reincarnation Triptych,2025-11-26,Direct,true,1,0,1,1.0
Judy Chicago · Reincarnation Triptych · 2025 Q4,Reincarnation Triptych,2026-01-15,Referral Other,true,5,0,5,5.0
Julian Schnabel · Multiple · 2026 Q3,"Don’t Let It Bring You Down, It’s Only Castles Burning (For Neil Young) I",2026-08-28,AA Email Auto,true,2,2,2,2.0
Julian Schnabel · Multiple · 2026 Q3,"Don’t Let It Bring You Down, It’s Only Castles Burning (For Neil Young) I",2026-08-28,AA Email Man,true,1,1,1,1.0
Julian Schnabel · Multiple · 2026 Q3,"Don’t Let It Bring You Down, It’s Only Castles Burning (For Neil Young) I",2026-08-28,AA Meta,true,1,1,1,0.0
Julian Schnabel · Multiple · 2026 Q3,"Don’t Let It Bring You Down, It’s Only Castles Burning (For Neil Young) I",2026-08-28,Direct,true,1,1,1,1.0
Julian Schnabel · Multiple · 2026 Q3,"Don’t Let It Bring You Down, It’s Only Castles Burning (For Neil Young) I",2026-08-28,Referral Other,true,5,5,5,4.0
Julian Schnabel · Multiple · 2026 Q3,"Don’t Let It Bring You Down, It’s Only Castles Burning (For Neil Young) I",2026-08-29,AA Email Auto,true,1,1,1,0.0
Julian Schnabel · Multiple · 2026 Q3,"Don’t Let It Bring You Down, It’s Only Castles Burning (For Neil Young) I",2026-08-29,Referral Other,true,4,4,4,1.0
Julian Schnabel · Multiple · 2026 Q3,"Don’t Let It Bring You Down, It’s Only Castles Burning (For Neil Young) I",2026-08-30,AA Meta,true,2,2,2,0.0
Julian Schnabel · Multiple · 2026 Q3,"Don’t Let It Bring You Down, It’s Only Castles Burning (For Neil Young) I",2026-08-30,Referral Other,true,2,2,2,1.0
Julian Schnabel · Multiple · 2026 Q3,"Don’t Let It Bring You Down, It’s Only Castles Burning (For Neil Young) I",2026-08-31,AA Email Man,true,1,1,1,1.0
Julian Schnabel · Multiple · 2026 Q3,"Don’t Let It Bring You Down, It’s Only Castles Burning (For Neil Young) I",2026-09-01,Direct,true,1,0,1,0.0
Julian Schnabel · Multiple · 2026 Q3,"Don’t Let It Bring You Down, It’s Only Castles Burning (For Neil Young) I",2026-09-04,AA Email Man,true,4,0,4,3.0
Julian Schnabel · Multiple · 2026 Q3,"Don’t Let It Bring You Down, It’s Only Castles Burning (For Neil Young) I",2026-09-04,AA Meta,true,1,0,1,1.0
Julian Schnabel · Multiple · 2026 Q3,"Don’t Let It Bring You Down, It’s Only Castles Burning (For Neil Young) I",2026-09-04,Direct,true,1,0,1,0.0
Julian Schnabel · Multiple · 2026 Q3,"Don’t Let It Bring You Down, It’s Only Castles Burning (For Neil Young) I",2026-09-07,AA Email Man,true,2,0,2,1.0
Julian Schnabel · Multiple · 2026 Q3,"Don’t Let It Bring You Down, It’s Only Castles Burning (For Neil Young) I",2026-09-07,AA Meta,true,2,0,2,2.0
Julian Schnabel · Multiple · 2026 Q3,"Don’t Let It Bring You Down, It’s Only Castles Burning (For Neil Young) I",2026-09-07,Paid Social,true,2,0,2,2.0
Julian Schnabel · Multiple · 2026 Q3,"Don’t Let It Bring You Down, It’s Only Castles Burning (For Neil Young) I",2026-09-07,Referral Other,true,2,0,2,0.0
Julian Schnabel · Multiple · 2026 Q3,"Don’t Let It Bring You Down, It’s Only Castles Burning (For Neil Young) I",2026-09-07,untracked,true,1,0,1,1.0
Julian Schnabel · Multiple · 2026 Q3,"Don’t Let It Bring You Down, It’s Only Castles Burning (For Neil Young) I",2026-09-08,untracked,true,1,0,1,0.0
Julian Schnabel · Multiple · 2026 Q3,"Don’t Let It Bring You Down, It’s Only Castles Burning (For Neil Young) I",2026-09-09,Direct,true,1,0,1,1.0
Julian Schnabel · Multiple · 2026 Q3,"Don’t Let It Bring You Down, It’s Only Castles Burning (For Neil Young) I",2026-09-11,Direct,true,1,0,1,0.0
Julian Schnabel · Multiple · 2026 Q3,"Don’t Let It Bring You Down, It’s Only Castles Burning (For Neil Young) I",2026-09-11,Paid Social,true,1,0,1,1.0
Julian Schnabel · Multiple · 2026 Q3,"Don’t Let It Bring You Down, It’s Only Castles Burning (For Neil Young) I",2026-09-14,Direct,true,1,0,1,1.0
Julian Schnabel · Multiple · 2026 Q3,"Don’t Let It Bring You Down, It’s Only Castles Burning (For Neil Young) I",2026-09-16,AA Meta,true,1,0,1,1.0
Julian Schnabel · Multiple · 2026 Q3,"Don’t Let It Bring You Down, It’s Only Castles Burning (For Neil Young) I",2026-09-16,Paid Social,true,2,0,2,1.0
Julian Schnabel · Multiple · 2026 Q3,"Don’t Let It Bring You Down, It’s Only Castles Burning (For Neil Young) I",2026-09-16,Referral Other,true,1,0,1,1.0
Julian Schnabel · Multiple · 2026 Q3,"Don’t Let It Bring You Down, It’s Only Castles Burning (For Neil Young) I",2026-09-18,AA Email Man,true,1,0,1,1.0
Julian Schnabel · Multiple · 2026 Q3,"Don’t Let It Bring You Down, It’s Only Castles Burning (For Neil Young) I",2026-09-18,AA Meta,true,1,0,1,0.0
Julian Schnabel · Multiple · 2026 Q3,"Don’t Let It Bring You Down, It’s Only Castles Burning (For Neil Young) I",2026-09-18,Direct,true,4,0,4,2.0
Julian Schnabel · Multiple · 2026 Q3,"Don’t Let It Bring You Down, It’s Only Castles Burning (For Neil Young) I",2026-09-18,Paid Social,true,1,0,1,1.0
Julian Schnabel · Multiple · 2026 Q3,"Don’t Let It Bring You Down, It’s Only Castles Burning (For Neil Young) I",2026-09-21,AA Email Man,true,1,0,1,0.0
Julian Schnabel · Multiple · 2026 Q3,"Don’t Let It Bring You Down, It’s Only Castles Burning (For Neil Young) I",2026-09-21,AA Meta,true,1,0,1,1.0
Julian Schnabel · Multiple · 2026 Q3,"Don’t Let It Bring You Down, It’s Only Castles Burning (For Neil Young) I",2026-09-21,Paid Social,true,3,0,3,2.0
Julian Schnabel · Multiple · 2026 Q3,"Don’t Let It Bring You Down, It’s Only Castles Burning (For Neil Young) I",2026-09-23,AA Meta,true,1,0,1,0.0
Julian Schnabel · Multiple · 2026 Q3,"Don’t Let It Bring You Down, It’s Only Castles Burning (For Neil Young) I",2026-09-23,Direct,true,1,0,1,0.0
Julian Schnabel · Multiple · 2026 Q3,"Don’t Let It Bring You Down, It’s Only Castles Burning (For Neil Young) I",2026-09-23,Paid Social,true,2,0,2,0.0
Julian Schnabel · Multiple · 2026 Q3,"Don’t Let It Bring You Down, It’s Only Castles Burning (For Neil Young) II",2026-08-28,AA Email Auto,true,1,1,1,1.0
Julian Schnabel · Multiple · 2026 Q3,"Don’t Let It Bring You Down, It’s Only Castles Burning (For Neil Young) II",2026-08-28,Referral Other,true,2,2,2,1.0
Julian Schnabel · Multiple · 2026 Q3,"Don’t Let It Bring You Down, It’s Only Castles Burning (For Neil Young) II",2026-08-29,AA Email Auto,true,1,1,1,0.0
Julian Schnabel · Multiple · 2026 Q3,"Don’t Let It Bring You Down, It’s Only Castles Burning (For Neil Young) II",2026-08-29,Referral Other,true,3,3,3,0.0
Julian Schnabel · Multiple · 2026 Q3,"Don’t Let It Bring You Down, It’s Only Castles Burning (For Neil Young) II",2026-08-30,AA Meta,true,1,1,1,0.0
Julian Schnabel · Multiple · 2026 Q3,"Don’t Let It Bring You Down, It’s Only Castles Burning (For Neil Young) II",2026-08-30,Referral Other,true,2,2,2,1.0
Julian Schnabel · Multiple · 2026 Q3,"Don’t Let It Bring You Down, It’s Only Castles Burning (For Neil Young) II",2026-08-31,AA Email Man,true,1,1,1,1.0
Julian Schnabel · Multiple · 2026 Q3,"Don’t Let It Bring You Down, It’s Only Castles Burning (For Neil Young) II",2026-08-31,Referral Other,true,2,2,2,0.0
Julian Schnabel · Multiple · 2026 Q3,"Don’t Let It Bring You Down, It’s Only Castles Burning (For Neil Young) II",2026-08-31,untracked,true,1,1,1,1.0
Julian Schnabel · Multiple · 2026 Q3,"Don’t Let It Bring You Down, It’s Only Castles Burning (For Neil Young) II",2026-09-01,Direct,true,1,0,1,0.0
Julian Schnabel · Multiple · 2026 Q3,"Don’t Let It Bring You Down, It’s Only Castles Burning (For Neil Young) II",2026-09-04,AA Email Man,true,3,0,3,2.0
Julian Schnabel · Multiple · 2026 Q3,"Don’t Let It Bring You Down, It’s Only Castles Burning (For Neil Young) II",2026-09-04,Direct,true,1,0,1,1.0
Julian Schnabel · Multiple · 2026 Q3,"Don’t Let It Bring You Down, It’s Only Castles Burning (For Neil Young) II",2026-09-04,Referral Other,true,1,0,1,1.0
Julian Schnabel · Multiple · 2026 Q3,"Don’t Let It Bring You Down, It’s Only Castles Burning (For Neil Young) II",2026-09-07,AA Email Man,true,1,0,1,1.0
Julian Schnabel · Multiple · 2026 Q3,"Don’t Let It Bring You Down, It’s Only Castles Burning (For Neil Young) II",2026-09-07,Organic Search,true,1,0,1,0.0
Julian Schnabel · Multiple · 2026 Q3,"Don’t Let It Bring You Down, It’s Only Castles Burning (For Neil Young) II",2026-09-07,Paid Social,true,3,0,3,2.0
Julian Schnabel · Multiple · 2026 Q3,"Don’t Let It Bring You Down, It’s Only Castles Burning (For Neil Young) II",2026-09-09,AA Email Man,true,1,0,1,1.0
Julian Schnabel · Multiple · 2026 Q3,"Don’t Let It Bring You Down, It’s Only Castles Burning (For Neil Young) II",2026-09-09,Direct,true,1,0,1,0.0
Julian Schnabel · Multiple · 2026 Q3,"Don’t Let It Bring You Down, It’s Only Castles Burning (For Neil Young) II",2026-09-09,Paid Social,true,1,0,1,0.0
Julian Schnabel · Multiple · 2026 Q3,"Don’t Let It Bring You Down, It’s Only Castles Burning (For Neil Young) II",2026-09-11,Direct,true,2,0,2,1.0
Julian Schnabel · Multiple · 2026 Q3,"Don’t Let It Bring You Down, It’s Only Castles Burning (For Neil Young) II",2026-09-14,Direct,true,1,0,1,1.0
Julian Schnabel · Multiple · 2026 Q3,"Don’t Let It Bring You Down, It’s Only Castles Burning (For Neil Young) II",2026-09-14,Paid Social,true,1,0,1,1.0
Julian Schnabel · Multiple · 2026 Q3,"Don’t Let It Bring You Down, It’s Only Castles Burning (For Neil Young) II",2026-09-18,AA Email Man,true,1,0,1,1.0
Julian Schnabel · Multiple · 2026 Q3,"Don’t Let It Bring You Down, It’s Only Castles Burning (For Neil Young) II",2026-09-18,Direct,true,1,0,1,0.0
Julian Schnabel · Multiple · 2026 Q3,"Don’t Let It Bring You Down, It’s Only Castles Burning (For Neil Young) II",2026-09-18,Paid Social,true,1,0,1,1.0
Julian Schnabel · Multiple · 2026 Q3,"Don’t Let It Bring You Down, It’s Only Castles Burning (For Neil Young) II",2026-09-21,AA Email Man,true,1,0,1,1.0
Julian Schnabel · Multiple · 2026 Q3,"Don’t Let It Bring You Down, It’s Only Castles Burning (For Neil Young) II",2026-09-21,AA Meta,true,1,0,1,0.0
Julian Schnabel · Multiple · 2026 Q3,"Don’t Let It Bring You Down, It’s Only Castles Burning (For Neil Young) II",2026-09-21,Other,true,1,0,1,1.0
Julian Schnabel · Multiple · 2026 Q3,"Don’t Let It Bring You Down, It’s Only Castles Burning (For Neil Young) II",2026-09-21,Paid Social,true,2,0,2,2.0
Julian Schnabel · Multiple · 2026 Q3,"Don’t Let It Bring You Down, It’s Only Castles Burning (For Neil Young) II",2026-09-23,AA Email Man,true,1,0,1,0.0
Julian Schnabel · Multiple · 2026 Q3,"Don’t Let It Bring You Down, It’s Only Castles Burning (For Neil Young) II",2026-09-23,Organic Search,true,1,0,1,1.0
Julian Schnabel · Multiple · 2026 Q3,"Don’t Let It Bring You Down, It’s Only Castles Burning (For Neil Young) II",2026-09-23,Paid Social,true,1,0,1,0.0
Julian Schnabel · Multiple · 2026 Q3,"Don’t Let It Bring You Down, It’s Only Castles Burning (For Neil Young) III",2026-08-28,AA Email Auto,true,1,1,1,1.0
Julian Schnabel · Multiple · 2026 Q3,"Don’t Let It Bring You Down, It’s Only Castles Burning (For Neil Young) III",2026-08-28,Referral Other,true,2,2,2,1.0
Julian Schnabel · Multiple · 2026 Q3,"Don’t Let It Bring You Down, It’s Only Castles Burning (For Neil Young) III",2026-08-29,AA Email Auto,true,1,1,1,0.0
Julian Schnabel · Multiple · 2026 Q3,"Don’t Let It Bring You Down, It’s Only Castles Burning (For Neil Young) III",2026-08-29,Referral Other,true,2,2,2,0.0
Julian Schnabel · Multiple · 2026 Q3,"Don’t Let It Bring You Down, It’s Only Castles Burning (For Neil Young) III",2026-08-31,AA Email Man,true,1,1,1,1.0
Julian Schnabel · Multiple · 2026 Q3,"Don’t Let It Bring You Down, It’s Only Castles Burning (For Neil Young) III",2026-09-01,Direct,true,1,0,1,0.0
Julian Schnabel · Multiple · 2026 Q3,"Don’t Let It Bring You Down, It’s Only Castles Burning (For Neil Young) III",2026-09-04,AA Email Man,true,2,0,2,1.0
Julian Schnabel · Multiple · 2026 Q3,"Don’t Let It Bring You Down, It’s Only Castles Burning (For Neil Young) III",2026-09-07,AA Email Man,true,1,0,1,1.0
Julian Schnabel · Multiple · 2026 Q3,"Don’t Let It Bring You Down, It’s Only Castles Burning (For Neil Young) III",2026-09-11,Direct,true,1,0,1,0.0
Julian Schnabel · Multiple · 2026 Q3,"Don’t Let It Bring You Down, It’s Only Castles Burning (For Neil Young) III",2026-09-11,Paid Social,true,1,0,1,0.0
Julian Schnabel · Multiple · 2026 Q3,"Don’t Let It Bring You Down, It’s Only Castles Burning (For Neil Young) III",2026-09-14,Direct,true,1,0,1,1.0
Julian Schnabel · Multiple · 2026 Q3,"Don’t Let It Bring You Down, It’s Only Castles Burning (For Neil Young) III",2026-09-14,Paid Social,true,1,0,1,1.0
Julian Schnabel · Multiple · 2026 Q3,"Don’t Let It Bring You Down, It’s Only Castles Burning (For Neil Young) III",2026-09-16,Organic Search,true,1,0,1,1.0
Julian Schnabel · Multiple · 2026 Q3,"Don’t Let It Bring You Down, It’s Only Castles Burning (For Neil Young) III",2026-09-18,AA Email Man,true,1,0,1,1.0
Julian Schnabel · Multiple · 2026 Q3,"Don’t Let It Bring You Down, It’s Only Castles Burning (For Neil Young) III",2026-09-18,Paid Social,true,1,0,1,1.0
Julian Schnabel · Multiple · 2026 Q3,"Don’t Let It Bring You Down, It’s Only Castles Burning (For Neil Young) III",2026-09-21,Other,true,1,0,1,1.0
Julian Schnabel · Multiple · 2026 Q3,"Don’t Let It Bring You Down, It’s Only Castles Burning (For Neil Young) III",2026-09-23,Organic Search,true,1,0,1,1.0
Julian Schnabel · Multiple · 2026 Q3,"Don’t Let It Bring You Down, It’s Only Castles Burning (For Neil Young) III",2026-09-23,Paid Social,true,1,0,1,1.0
Katharina Grosse · Multiple · 2026 Q1,Untitled,2026-01-29,Direct,true,1,0,1,1.0
Katharina Grosse · Multiple · 2026 Q1,Untitled,2026-02-12,Untracked,false,78,76,78,34.0
Katharina Grosse · Multiple · 2026 Q1,Untitled,2026-02-13,Untracked,false,79,24,79,24.0
Katharina Grosse · Multiple · 2026 Q1,Untitled,2026-02-14,Untracked,false,8,1,8,4.0
Katharina Grosse · Multiple · 2026 Q1,Untitled,2026-02-15,Untracked,false,16,0,16,0.0
Katharina Grosse · Multiple · 2026 Q1,Untitled,2026-02-16,Untracked,false,12,0,12,0.0
Katharina Grosse · Multiple · 2026 Q1,Untitled,2026-02-17,Untracked,false,11,0,11,3.0
Katharina Grosse · Multiple · 2026 Q1,Untitled,2026-02-18,Untracked,false,22,0,22,4.0
Katharina Grosse · Multiple · 2026 Q1,Untitled,2026-02-19,Untracked,false,22,0,22,5.0
Katharina Grosse · Multiple · 2026 Q1,Untitled,2026-02-20,Untracked,false,37,0,37,3.0
Katharina Grosse · Multiple · 2026 Q1,Untitled,2026-02-23,Untracked,false,3,0,3,0.0
Katharina Grosse · Multiple · 2026 Q1,Untitled,2026-02-25,Untracked,false,1,0,1,0.0
Katharina Grosse · Multiple · 2026 Q1,Untitled,2026-02-26,Untracked,false,2,0,2,1.0
Katharina Grosse · Multiple · 2026 Q1,Untitled,2026-03-05,Untracked,false,1,0,1,0.0
Katharina Grosse · Multiple · 2026 Q1,Untitled,2026-03-13,Untracked,false,1,0,1,1.0
Katharina Grosse · Multiple · 2026 Q1,Untitled,2026-03-17,Untracked,false,1,0,1,0.0
Katharina Grosse · Multiple · 2026 Q1,Untitled,2026-03-25,Untracked,false,1,0,1,0.0
Katharina Grosse · Multiple · 2026 Q1,Untitled,2026-03-26,Untracked,false,3,0,3,0.0
Katharina Grosse · Multiple · 2026 Q1,Untitled,2026-03-27,Untracked,false,3,0,3,0.0
Katharina Grosse · Multiple · 2026 Q1,Untitled,2026-03-30,Untracked,false,1,0,1,0.0
Katharina Grosse · Multiple · 2026 Q1,Untitled,2026-04-16,Untracked,false,2,0,2,0.0
Katharina Grosse · Multiple · 2026 Q1,Untitled,2026-04-24,Untracked,false,3,0,3,0.0
Katharina Grosse · Multiple · 2026 Q1,Untitled,2026-05-07,Untracked,false,1,0,1,0.0
Katharina Grosse · Multiple · 2026 Q1,Untitled,2026-05-19,Untracked,false,1,0,1,0.0
Katharina Grosse · Multiple · 2026 Q1,Untitled,2026-07-01,Untracked,false,2,0,2,0.0
Katharina Grosse · Multiple · 2026 Q1,Untitled,2026-07-20,Untracked,false,1,0,1,0.0
Katharina Grosse · Multiple · 2026 Q1,Untitled Triptych,2026-01-23,Untracked,false,1,0,1,1.0
Katharina Grosse · Multiple · 2026 Q1,Untitled Triptych,2026-01-26,Untracked,false,1,0,1,0.0
Katharina Grosse · Multiple · 2026 Q1,Untitled Triptych,2026-01-28,Untracked,false,1,0,1,0.0
Katharina Grosse · Multiple · 2026 Q1,Untitled Triptych,2026-02-05,Untracked,false,5,0,5,0.0
Katharina Grosse · Multiple · 2026 Q1,Untitled Triptych,2026-02-12,Untracked,false,29,29,29,10.0
Katharina Grosse · Multiple · 2026 Q1,Untitled Triptych,2026-02-13,Untracked,false,26,14,26,11.0
Katharina Grosse · Multiple · 2026 Q1,Untitled Triptych,2026-02-14,Untracked,false,6,0,6,4.0
Katharina Grosse · Multiple · 2026 Q1,Untitled Triptych,2026-02-15,Untracked,false,5,0,5,3.0
Katharina Grosse · Multiple · 2026 Q1,Untitled Triptych,2026-02-16,Untracked,false,6,0,6,0.0
Katharina Grosse · Multiple · 2026 Q1,Untitled Triptych,2026-02-17,Untracked,false,7,0,7,2.0
Katharina Grosse · Multiple · 2026 Q1,Untitled Triptych,2026-02-18,Untracked,false,4,1,4,0.0
Katharina Grosse · Multiple · 2026 Q1,Untitled Triptych,2026-02-19,Untracked,false,15,0,15,2.0
Katharina Grosse · Multiple · 2026 Q1,Untitled Triptych,2026-02-20,Untracked,false,10,1,10,2.0
Katharina Grosse · Multiple · 2026 Q1,Untitled Triptych,2026-02-23,Untracked,false,1,0,1,0.0
Katherine Bradford · Swing Over Pool · 2025 Q3,Swing Over Pool,2025-07-16,AA Email Man,true,1,0,1,0.0
Katherine Bradford · Swing Over Pool · 2025 Q3,Swing Over Pool,2025-07-17,AA Email Man,true,1,0,1,0.0
Katherine Bradford · Swing Over Pool · 2025 Q3,Swing Over Pool,2025-07-17,Direct,true,1,0,1,1.0
Katherine Bradford · Swing Over Pool · 2025 Q3,Swing Over Pool,2025-07-17,Organic Search,true,1,0,1,0.0
Katherine Bradford · Swing Over Pool · 2025 Q3,Swing Over Pool,2025-07-17,Referral Other,true,1,0,1,0.0
Katherine Bradford · Swing Over Pool · 2025 Q3,Swing Over Pool,2025-07-18,AA Email Man,true,1,1,1,1.0
Katherine Bradford · Swing Over Pool · 2025 Q3,Swing Over Pool,2025-07-18,Organic Search,true,1,0,1,0.0
Katherine Bradford · Swing Over Pool · 2025 Q3,Swing Over Pool,2025-07-18,Referral Other,true,6,5,6,3.0
Katherine Bradford · Swing Over Pool · 2025 Q3,Swing Over Pool,2025-07-19,AA Email Man,true,1,1,1,1.0
Katherine Bradford · Swing Over Pool · 2025 Q3,Swing Over Pool,2025-07-19,Referral Other,true,1,1,1,0.0
Katherine Bradford · Swing Over Pool · 2025 Q3,Swing Over Pool,2025-07-21,Organic Search,true,1,1,1,0.0
Katherine Bradford · Swing Over Pool · 2025 Q3,Swing Over Pool,2025-07-21,Referral Other,true,1,0,1,0.0
Katherine Bradford · Swing Over Pool · 2025 Q3,Swing Over Pool,2025-07-22,Direct,true,2,0,2,0.0
Katherine Bradford · Swing Over Pool · 2025 Q3,Swing Over Pool,2025-07-24,Referral Other,true,1,0,1,1.0
Katherine Bradford · Swing Over Pool · 2025 Q3,Swing Over Pool,2025-08-01,Direct,true,1,0,1,1.0
Katherine Bradford · Swing Over Pool · 2025 Q3,Swing Over Pool,2025-08-04,Organic Search,true,1,0,1,0.0
Katherine Bradford · Swing Over Pool · 2025 Q3,Swing Over Pool,2025-08-06,Direct,true,1,0,1,0.0
Katherine Bradford · Swing Over Pool · 2025 Q3,Swing Over Pool,2025-08-07,Referral Other,true,1,0,1,0.0
Katherine Bradford · Swing Over Pool · 2025 Q3,Swing Over Pool,2025-08-12,AA Email Auto,true,1,0,1,0.0
Katherine Bradford · Swing Over Pool · 2025 Q3,Swing Over Pool,2025-08-12,AA Email Man,true,28,0,28,14.0
Katherine Bradford · Swing Over Pool · 2025 Q3,Swing Over Pool,2025-08-12,AA Meta,true,16,0,16,8.0
Katherine Bradford · Swing Over Pool · 2025 Q3,Swing Over Pool,2025-08-12,Direct,true,14,0,14,3.0
Katherine Bradford · Swing Over Pool · 2025 Q3,Swing Over Pool,2025-08-12,Organic Search,true,15,0,15,8.0
Katherine Bradford · Swing Over Pool · 2025 Q3,Swing Over Pool,2025-08-12,Paid Social,true,3,0,3,0.0
Katherine Bradford · Swing Over Pool · 2025 Q3,Swing Over Pool,2025-08-12,Referral Other,true,9,0,9,3.0
Katherine Bradford · Swing Over Pool · 2025 Q3,Swing Over Pool,2025-08-12,untracked,true,1,0,1,1.0
Katherine Bradford · Swing Over Pool · 2025 Q3,Swing Over Pool,2025-08-13,AA Email Man,true,1,0,1,0.0
Katherine Bradford · Swing Over Pool · 2025 Q3,Swing Over Pool,2025-08-13,Referral Other,true,1,0,1,0.0
Katherine Bradford · Swing Over Pool · 2025 Q3,Swing Over Pool,2025-08-14,AA Email Man,true,1,0,1,0.0
Katherine Bradford · Swing Over Pool · 2025 Q3,Swing Over Pool,2025-08-15,Referral Other,true,1,0,1,0.0
Katherine Bradford · Swing Over Pool · 2025 Q3,Swing Over Pool,2025-08-18,Direct,true,3,0,3,0.0
Katherine Bradford · Swing Over Pool · 2025 Q3,Swing Over Pool,2025-08-18,Referral Other,true,1,0,1,1.0
Katherine Bradford · Swing Over Pool · 2025 Q3,Swing Over Pool,2025-08-22,AA Email Man,true,1,0,1,0.0
Katherine Bradford · Swing Over Pool · 2025 Q3,Swing Over Pool,2025-08-29,Organic Search,true,1,0,1,1.0
Katherine Bradford · Swing Over Pool · 2025 Q3,Swing Over Pool,2025-08-29,Referral Other,true,1,0,1,1.0
Katherine Bradford · Swing Over Pool · 2025 Q3,Swing Over Pool,2025-08-30,Referral Other,true,5,0,5,2.0
Katherine Bradford · Swing Over Pool · 2025 Q3,Swing Over Pool,2025-08-31,Referral Other,true,1,0,1,1.0
Katherine Bradford · Swing Over Pool · 2025 Q3,Swing Over Pool,2025-09-25,Referral Other,true,1,0,1,1.0
Katherine Bradford · Swing Over Pool · 2025 Q3,Swing Over Pool,2025-10-01,Referral Other,true,1,0,1,1.0
Katherine Bradford · Swing Over Pool · 2025 Q3,Swing Over Pool,2025-10-03,Referral Other,true,1,0,1,1.0
Katherine Bradford · Swing Over Pool · 2025 Q3,Swing Over Pool,2025-10-04,Referral Other,true,1,0,1,0.0
Katherine Bradford · Swing Over Pool · 2025 Q3,Swing Over Pool,2025-10-06,AA Email Man,true,1,0,1,0.0
Katherine Bradford · Swing Over Pool · 2025 Q3,Swing Over Pool,2025-10-10,Referral Other,true,1,0,1,1.0
Katherine Bradford · Swing Over Pool · 2025 Q3,Swing Over Pool,2025-10-15,Referral Other,true,1,0,1,0.0
Katherine Bradford · Swing Over Pool · 2025 Q3,Swing Over Pool,2025-10-29,Organic Search,true,1,0,1,1.0
Katherine Bradford · Swing Over Pool · 2025 Q3,Swing Over Pool,2025-10-29,Referral Other,true,1,0,1,1.0
Katherine Bradford · Swing Over Pool · 2025 Q3,Swing Over Pool,2025-10-31,Referral Other,true,1,0,1,0.0
Katherine Bradford · Swing Over Pool · 2025 Q3,Swing Over Pool,2025-11-02,Referral Other,true,1,0,1,1.0
Katherine Bradford · Swing Over Pool · 2025 Q3,Swing Over Pool,2025-11-17,AA Meta,true,1,0,1,0.0
Katherine Bradford · Swing Over Pool · 2025 Q3,Swing Over Pool,2025-11-21,Direct,true,1,0,1,0.0
Katherine Bradford · Swing Over Pool · 2025 Q3,Swing Over Pool,2025-11-24,Referral Other,true,1,0,1,0.0
Katherine Bradford · Swing Over Pool · 2025 Q3,Swing Over Pool,2025-12-29,Referral Other,true,1,0,1,0.0
Katherine Bradford · Swing Over Pool · 2025 Q3,Swing Over Pool,2026-01-02,Referral Other,true,1,0,1,1.0
Katherine Bradford · Swing Over Pool · 2025 Q3,Swing Over Pool,2026-01-07,Direct,true,1,0,1,0.0
Katherine Bradford · Swing Over Pool · 2025 Q3,Swing Over Pool,2026-01-30,Referral Other,true,1,0,1,0.0
Katherine Bradford · Swing Over Pool · 2025 Q3,Swing Over Pool,2026-02-01,Referral Other,true,1,0,1,1.0
Katherine Bradford · Swing Over Pool · 2025 Q3,Swing Over Pool,2026-02-08,Referral Other,true,1,0,1,0.0
Katherine Bradford · Swing Over Pool · 2025 Q3,Swing Over Pool,2026-02-11,Referral Other,true,1,0,1,0.0
Katherine Bradford · Swing Over Pool · 2025 Q3,Swing Over Pool,2026-02-19,untracked,true,1,0,1,0.0
Katherine Bradford · Swing Over Pool · 2025 Q3,Swing Over Pool,2026-03-17,Referral Other,true,1,0,1,0.0
Katherine Bradford · Swing Over Pool · 2025 Q3,Swing Over Pool,2026-04-06,Referral Other,true,1,0,1,0.0
Katherine Bradford · Swing Over Pool · 2025 Q3,Swing Over Pool,2026-05-09,Referral Other,true,1,0,1,1.0
Katherine Bradford · Swing Over Pool · 2025 Q3,Swing Over Pool,2026-05-11,Referral Other,true,1,0,1,0.0
Katherine Bradford · Swing Over Pool · 2025 Q3,Swing Over Pool,2026-05-28,Referral Other,true,1,0,1,1.0
Katherine Bradford · Swing Over Pool · 2025 Q3,Swing Over Pool,2026-06-04,Referral Other,true,1,0,1,1.0
Katherine Bradford · Swing Over Pool · 2025 Q3,Swing Over Pool,2026-06-25,Referral Other,true,1,0,1,1.0
Katherine Bradford · Swing Over Pool · 2025 Q3,Swing Over Pool,2026-07-02,Referral Other,true,1,0,1,0.0
Katherine Bradford · Swing Over Pool · 2025 Q3,Swing Over Pool,2026-07-05,Organic Search,true,1,0,1,0.0
Katherine Bradford · Swing Over Pool · 2025 Q3,Swing Over Pool,2026-07-12,Referral Other,true,1,0,1,1.0
Katherine Bradford · Swing Over Pool · 2025 Q3,Swing Over Pool,2026-07-18,Referral Other,true,1,0,1,0.0
Katherine Bradford · Swing Over Pool · 2025 Q3,Swing Over Pool,2026-07-22,Organic Search,true,1,0,1,0.0
Katherine Bradford · Swing Over Pool · 2025 Q3,Swing Over Pool,2026-07-26,Referral Other,true,1,0,1,1.0
Katherine Bradford · Swing Over Pool · 2025 Q3,Swing Over Pool,2026-08-03,Referral Other,true,1,0,1,1.0
Katherine Bradford · Swing Over Pool · 2025 Q3,Swing Over Pool,2026-08-17,Referral Other,true,1,0,1,1.0
Katherine Bradford · Swing Over Pool · 2025 Q3,Swing Over Pool,2026-09-08,Direct,true,2,0,2,0.0
Katrin Fridriks · Multiple · 2019 Q4,StarGate Messenger,2024-01-26,Untracked,false,1,0,0,0.0
Katrin Fridriks · Multiple · 2019 Q4,StarGate Messenger,2025-01-28,Untracked,false,1,0,0,0.0
Kaï · Content (Hand-finished) · 2024 Q2,Content (Hand-finished),2024-05-15,Direct,true,7,7,0,0.0
Kaï · Content (Hand-finished) · 2024 Q2,Content (Hand-finished),2024-05-15,Organic Search,true,3,3,0,0.0
Kaï · Content (Hand-finished) · 2024 Q2,Content (Hand-finished),2024-05-15,untracked,true,1,1,0,0.0
Kaï · Content (Hand-finished) · 2024 Q2,Content (Hand-finished),2024-05-16,Direct,true,2,2,0,0.0
Kaï · Content (Hand-finished) · 2024 Q2,Content (Hand-finished),2024-05-17,AA Email Man,true,1,1,0,0.0
Kaï · Content (Hand-finished) · 2024 Q2,Content (Hand-finished),2024-05-18,untracked,true,1,1,0,0.0
Kaï · Content (Hand-finished) · 2024 Q2,Content (Hand-finished),2024-05-19,AA Email Man,true,1,1,0,0.0
Kaï · Content (Hand-finished) · 2024 Q2,Content (Hand-finished),2024-05-21,Referral Artist,true,1,0,0,0.0
Kaï · Content (Hand-finished) · 2024 Q2,Content (Hand-finished),2024-05-24,AA Email Man,true,1,1,0,0.0
Kaï · Content (Hand-finished) · 2024 Q2,Content (Hand-finished),2024-05-24,AA Meta,true,1,0,0,0.0
Kaï · Content (Hand-finished) · 2024 Q2,Content (Hand-finished),2024-05-24,Direct,true,1,0,0,0.0
Kaï · Content (Hand-finished) · 2024 Q2,Content (Hand-finished),2024-05-24,Referral Artist,true,1,0,0,0.0
Kaï · Content (Hand-finished) · 2024 Q2,Content (Hand-finished),2024-05-24,Referral Other,true,1,0,0,0.0
Kaï · Content (Hand-finished) · 2024 Q2,Content (Hand-finished),2024-05-24,untracked,true,3,0,0,0.0
Kaï · Content (Hand-finished) · 2024 Q2,Content (Hand-finished),2026-02-23,Referral Other,true,1,0,0,0.0
Kaï · Content (Hand-finished) · 2024 Q2,Content [Hand finished],2024-05-02,Direct,true,1,0,0,0.0
Kaï · Content (Hand-finished) · 2024 Q2,Content [Hand finished],2024-05-10,Direct,true,1,0,0,0.0
Kaï · Content (Hand-finished) · 2024 Q2,Content [Hand finished],2024-05-14,AA Email Man,true,1,0,0,0.0
Kaï · Content (Hand-finished) · 2024 Q2,Content [Hand finished],2024-05-14,Direct,true,1,0,0,0.0
Kaï · Content (Hand-finished) · 2024 Q2,Content [Hand finished],2024-05-15,Direct,true,1,1,0,0.0
Kaï · Content (Hand-finished) · 2024 Q2,Content [Hand finished],2024-05-21,AA Meta,true,1,0,0,0.0
Kaï · Content (Hand-finished) · 2024 Q2,Content [Hand finished],2024-05-21,untracked,true,2,0,0,0.0
Kaï · Content (Hand-finished) · 2024 Q2,Content [Hand finished],2024-05-24,untracked,true,2,0,0,0.0
Kaï · Content · 2024 Q2,Content,2024-04-25,Direct,true,1,0,0,0.0
Kaï · Content · 2024 Q2,Content,2024-05-10,Direct,true,1,0,0,0.0
Kaï · Content · 2024 Q2,Content,2024-05-15,AA Meta,true,1,1,0,0.0
Kaï · Content · 2024 Q2,Content,2024-05-15,Direct,true,2,2,0,0.0
Kaï · Content · 2024 Q2,Content,2024-05-15,Referral Artist,true,1,1,0,0.0
Kaï · Content · 2024 Q2,Content,2024-05-15,untracked,true,1,1,0,0.0
Kaï · Content · 2024 Q2,Content,2024-05-16,AA Meta,true,1,1,0,0.0
Kaï · Content · 2024 Q2,Content,2024-05-16,Direct,true,5,4,0,0.0
Kaï · Content · 2024 Q2,Content,2024-05-16,untracked,true,2,2,0,0.0
Kaï · Content · 2024 Q2,Content,2024-05-17,AA Meta,true,1,1,0,0.0
Kaï · Content · 2024 Q2,Content,2024-05-17,Direct,true,2,2,0,0.0
Kaï · Content · 2024 Q2,Content,2024-05-17,Referral Artist,true,1,1,0,0.0
Kaï · Content · 2024 Q2,Content,2024-05-19,Direct,true,1,1,0,0.0
Kaï · Content · 2024 Q2,Content,2024-05-20,AA Email Man,true,3,0,0,0.0
Kaï · Content · 2024 Q2,Content,2024-05-20,AA Meta,true,7,0,0,0.0
Kaï · Content · 2024 Q2,Content,2024-05-20,Referral Artist,true,7,0,0,0.0
Kaï · Content · 2024 Q2,Content,2024-05-20,Referral Other,true,1,0,0,0.0
Kaï · Content · 2024 Q2,Content,2024-05-20,untracked,true,1,0,0,0.0
Kaï · Content · 2024 Q2,Content,2024-05-21,AA Meta,true,2,0,0,0.0
Kaï · Content · 2024 Q2,Content,2024-05-21,Direct,true,1,0,0,0.0
Kaï · Content · 2024 Q2,Content,2024-05-21,Organic Search,true,1,0,0,0.0
Kaï · Content · 2024 Q2,Content,2024-05-21,Referral Artist,true,3,0,0,0.0
Kaï · Content · 2024 Q2,Content,2024-05-21,untracked,true,2,0,0,0.0
Kaï · Content · 2024 Q2,Content,2024-05-24,AA Email Man,true,5,5,0,0.0
Kaï · Content · 2024 Q2,Content,2024-05-24,AA Meta,true,1,1,0,0.0
Kaï · Content · 2024 Q2,Content,2024-05-24,Direct,true,1,1,0,0.0
Kaï · Content · 2024 Q2,Content,2024-05-24,Referral Artist,true,2,1,0,0.0
Kaï · Content · 2024 Q2,Content,2024-05-25,AA Email Man,true,1,1,0,0.0
Kaï · Content · 2024 Q2,Content,2024-05-26,untracked,true,1,1,0,0.0
Kaï · Content · 2024 Q2,Content,2024-05-29,AA Email Man,true,2,0,0,0.0
Kaï · Content · 2024 Q2,Content,2024-05-29,AA Meta,true,2,0,0,0.0
Kaï · Content · 2024 Q2,Content,2024-05-29,Direct,true,6,1,0,0.0
Kaï · Content · 2024 Q2,Content,2024-05-29,Other,true,1,0,0,0.0
Kaï · Content · 2024 Q2,Content,2024-05-29,Referral Artist,true,7,0,0,0.0
Kaï · Content · 2024 Q2,Content,2024-05-29,Referral Meta,true,2,0,0,0.0
Kaï · Content · 2024 Q2,Content,2024-05-29,Referral Other,true,1,0,0,0.0
Kaï · Content · 2024 Q2,Content,2024-05-29,untracked,true,1,0,0,0.0
Kaï · Content · 2024 Q2,Content,2024-06-03,Direct,true,1,0,0,0.0
Kaï · Content · 2024 Q2,Content,2024-06-17,AA Email Man,true,1,0,0,0.0
Kaï · Content · 2024 Q2,Content,2024-09-23,untracked,true,1,0,0,0.0
Kaï · Content · 2024 Q2,Content,2024-12-12,Organic Search,true,1,0,0,0.0
Keita Morimoto · Multiple · 2025 Q4,Evening Embers,2025-11-20,Untracked,false,3,0,3,1.0
Keita Morimoto · Multiple · 2025 Q4,Evening Embers,2025-11-21,Untracked,false,1,0,1,1.0
Keita Morimoto · Multiple · 2025 Q4,Evening Embers,2025-11-24,Untracked,false,1,0,1,0.0
Keita Morimoto · Multiple · 2025 Q4,Evening Embers,2025-11-26,Untracked,false,1,0,1,0.0
Keita Morimoto · Multiple · 2025 Q4,Evening Embers,2025-11-27,Untracked,false,1,0,1,1.0
Keita Morimoto · Multiple · 2025 Q4,Evening Embers,2025-11-30,Untracked,false,1,0,1,0.0
Keita Morimoto · Multiple · 2025 Q4,Evening Embers,2025-12-05,Untracked,false,1,0,1,1.0
Keita Morimoto · Multiple · 2025 Q4,Evening Embers,2025-12-08,Untracked,false,83,82,83,33.0
Keita Morimoto · Multiple · 2025 Q4,Evening Embers,2025-12-09,Untracked,false,105,16,105,47.0
Keita Morimoto · Multiple · 2025 Q4,Evening Embers,2025-12-10,Untracked,false,59,1,59,20.0
Keita Morimoto · Multiple · 2025 Q4,Evening Embers,2025-12-11,Untracked,false,53,2,53,21.0
Keita Morimoto · Multiple · 2025 Q4,Evening Embers,2025-12-16,Untracked,false,2,0,2,1.0
Keita Morimoto · Multiple · 2025 Q4,Evening Embers,2025-12-17,Untracked,false,1,0,1,0.0
Keita Morimoto · Multiple · 2025 Q4,Evening Embers,2025-12-29,Untracked,false,1,0,1,1.0
Keita Morimoto · Multiple · 2025 Q4,Evening Embers,2026-01-07,Untracked,false,1,0,1,0.0
Keita Morimoto · Multiple · 2025 Q4,Evening Embers,2026-01-16,Untracked,false,2,0,2,0.0
Keita Morimoto · Multiple · 2025 Q4,Evening Embers,2026-01-19,Untracked,false,1,0,1,0.0
Keita Morimoto · Multiple · 2025 Q4,Evening Embers,2026-01-29,Untracked,false,1,0,1,0.0
Keita Morimoto · Multiple · 2025 Q4,Evening Embers,2026-02-06,Untracked,false,1,0,1,0.0
Keita Morimoto · Multiple · 2025 Q4,Evening Embers,2026-02-13,Untracked,false,1,0,1,0.0
Keita Morimoto · Multiple · 2025 Q4,Evening Embers,2026-03-24,Untracked,false,1,0,1,0.0
Keita Morimoto · Multiple · 2025 Q4,Evening Embers,2026-04-13,Untracked,false,1,0,1,0.0
Keita Morimoto · Multiple · 2025 Q4,Evening Embers,2026-07-27,Untracked,false,1,0,1,1.0
Keita Morimoto · Multiple · 2025 Q4,Jewel Box,2025-12-08,Untracked,false,15,15,15,5.0
Keita Morimoto · Multiple · 2025 Q4,Jewel Box,2025-12-09,Untracked,false,12,4,12,5.0
Keita Morimoto · Multiple · 2025 Q4,Jewel Box,2025-12-10,Untracked,false,9,0,9,3.0
Keita Morimoto · Multiple · 2025 Q4,Jewel Box,2025-12-11,Untracked,false,15,1,15,3.0
Keita Morimoto · Multiple · 2025 Q4,Jewel Box,2025-12-13,Untracked,false,1,0,1,0.0
Keita Morimoto · Multiple · 2025 Q4,Jewel Box,2025-12-16,Untracked,false,1,0,1,1.0
Keita Morimoto · Multiple · 2025 Q4,Jewel Box,2026-01-18,Untracked,false,1,0,1,0.0
Keita Morimoto · Multiple · 2025 Q4,Jewel Box,2026-01-24,Untracked,false,1,0,1,0.0
Keita Morimoto · Multiple · 2025 Q4,Jewel Box,2026-07-27,Untracked,false,1,0,1,1.0
Keita Morimoto · Multiple · 2025 Q4,Jewel Box & Evening Embers,2025-11-18,Untracked,false,2,0,2,1.0
Keita Morimoto · Multiple · 2025 Q4,Jewel Box & Evening Embers,2025-12-01,Untracked,false,1,0,1,0.0
Keita Morimoto · Multiple · 2025 Q4,Jewel Box & Evening Embers,2025-12-02,Untracked,false,2,0,2,0.0
Keita Morimoto · Multiple · 2025 Q4,Jewel Box & Evening Embers,2025-12-08,Untracked,false,41,41,41,23.0
Keita Morimoto · Multiple · 2025 Q4,Jewel Box & Evening Embers,2025-12-09,Untracked,false,36,13,36,12.0
Keita Morimoto · Multiple · 2025 Q4,Jewel Box & Evening Embers,2025-12-10,Untracked,false,16,1,16,5.0
Keita Morimoto · Multiple · 2025 Q4,Jewel Box & Evening Embers,2025-12-11,Untracked,false,12,2,12,1.0
Kotao Tomozawa · Multiple · 2023 Q4,Ruki-chan (Black),2023-10-11,AA Email Auto,true,1,1,0,0.0
Kotao Tomozawa · Multiple · 2023 Q4,Ruki-chan (Black),2023-10-11,AA Email Man,true,1,1,0,0.0
Kotao Tomozawa · Multiple · 2023 Q4,Ruki-chan (Black),2023-10-11,untracked,true,1,1,0,0.0
Kotao Tomozawa · Multiple · 2023 Q4,Ruki-chan (Black),2023-10-12,AA Email Man,true,2,2,0,0.0
Kotao Tomozawa · Multiple · 2023 Q4,Ruki-chan (Black),2023-10-17,untracked,true,1,0,0,0.0
Kotao Tomozawa · Multiple · 2023 Q4,Ruki-chan (Black),2023-10-30,Direct,true,1,0,0,0.0
Kotao Tomozawa · Multiple · 2023 Q4,Ruki-chan (Black),2023-11-04,Referral Meta,true,2,2,0,0.0
Kotao Tomozawa · Multiple · 2023 Q4,Ruki-chan (Black),2023-11-06,Direct,true,1,1,0,0.0
Kotao Tomozawa · Multiple · 2023 Q4,Ruki-chan (Black),2023-11-06,Referral Meta,true,1,1,0,0.0
Kotao Tomozawa · Multiple · 2023 Q4,Ruki-chan (Black),2023-11-07,Direct,true,1,0,0,0.0
Kotao Tomozawa · Multiple · 2023 Q4,Ruki-chan (Black),2023-11-08,Direct,true,2,0,0,0.0
Kotao Tomozawa · Multiple · 2023 Q4,Ruki-chan (Black),2023-11-08,Organic Search,true,1,0,0,0.0
Kotao Tomozawa · Multiple · 2023 Q4,Ruki-chan (Black),2023-11-08,Referral Meta,true,1,0,0,0.0
Kotao Tomozawa · Multiple · 2023 Q4,Ruki-chan (Black),2024-10-09,untracked,true,1,0,0,0.0
Kotao Tomozawa · Multiple · 2023 Q4,Ruki-chan (Red),2023-10-11,AA Email Man,true,3,3,0,0.0
Kotao Tomozawa · Multiple · 2023 Q4,Ruki-chan (Red),2023-10-11,untracked,true,3,3,0,0.0
Kotao Tomozawa · Multiple · 2023 Q4,Ruki-chan (Red),2023-10-13,AA Email Man,true,1,0,0,0.0
Kotao Tomozawa · Multiple · 2023 Q4,Ruki-chan (Red),2023-10-17,untracked,true,1,0,0,0.0
Kotao Tomozawa · Multiple · 2023 Q4,Ruki-chan (Red),2023-10-18,untracked,true,1,0,0,0.0
Kotao Tomozawa · Multiple · 2023 Q4,Ruki-chan (Red),2023-11-02,Direct,true,1,1,0,0.0
Kotao Tomozawa · Multiple · 2023 Q4,Ruki-chan (Red),2023-11-04,Referral Meta,true,2,2,0,0.0
Kotao Tomozawa · Multiple · 2023 Q4,Ruki-chan (Red),2023-11-06,Direct,true,2,1,0,0.0
Kotao Tomozawa · Multiple · 2023 Q4,Ruki-chan (Red),2023-11-08,AA Meta,true,1,0,0,0.0
Kotao Tomozawa · Multiple · 2023 Q4,Ruki-chan (Red),2023-11-08,Direct,true,1,0,0,0.0
Kotao Tomozawa · Multiple · 2023 Q4,Ruki-chan (Red),2023-11-08,Organic Search,true,2,0,0,0.0
Kotao Tomozawa · Multiple · 2023 Q4,Ruki-chan (Red),2023-11-08,Referral Other,true,1,0,0,0.0
Kour Pour · Sacred Flames (Yoshitoshi) · 2020 Q1,Sacred Flames (Yoshitoshi),2025-08-28,Untracked,false,1,0,1,1.0
Kudzanai-Violet Hwami · Multiple · 2022 Q3,Kudzi,2023-06-22,untracked,true,1,0,1,1.0
Kudzanai-Violet Hwami · Multiple · 2022 Q3,Kudzi,2024-03-06,Organic Search,true,1,0,1,0.0
Kudzanai-Violet Hwami · Multiple · 2022 Q3,Kudzi,2024-05-25,Direct,true,1,0,1,0.0
Kwesi Botchway · African Style · 2023 Q1,African Style,2023-01-16,AA Email Man,true,1,1,1,1.0
Kwesi Botchway · African Style · 2023 Q1,African Style,2023-09-29,Direct,true,1,0,1,0.0
Kwesi Botchway · African Style · 2023 Q1,African Style,2023-10-25,Direct,true,1,0,1,1.0
Kwesi Botchway · African Style · 2023 Q1,African Style,2025-02-15,Direct,true,1,0,1,0.0
Kwesi Botchway · Lady with a Tampi · 2022 Q2,Lady with a Tampi,2023-09-29,Direct,true,1,0,1,0.0
Kwesi Botchway · Lady with a Tampi · 2022 Q2,Lady with a Tampi,2025-02-02,Referral Other,true,1,1,1,1.0
LY · Confused LUV (Medium) · 2022 Q4,Confused LUV (Medium),2023-05-09,Referral Other,true,1,0,0,0.0
LY · LUV Blossoming · 2025 Q2,LUV Blossoming,2025-04-07,Direct,true,1,0,1,0.0
LY · LUV Blossoming · 2025 Q2,LUV Blossoming,2025-04-07,Referral Other,true,2,0,2,2.0
LY · LUV Blossoming · 2025 Q2,LUV Blossoming,2025-04-08,AA Email Man,true,2,2,2,1.0
LY · LUV Blossoming · 2025 Q2,LUV Blossoming,2025-04-08,Direct,true,1,1,1,1.0
LY · LUV Blossoming · 2025 Q2,LUV Blossoming,2025-04-08,Referral Meta,true,1,1,1,0.0
LY · LUV Blossoming · 2025 Q2,LUV Blossoming,2025-04-08,Referral Other,true,7,7,7,3.0
LY · LUV Blossoming · 2025 Q2,LUV Blossoming,2025-04-09,AA Email Man,true,1,1,1,0.0
LY · LUV Blossoming · 2025 Q2,LUV Blossoming,2025-04-09,Direct,true,1,0,1,0.0
LY · LUV Blossoming · 2025 Q2,LUV Blossoming,2025-04-09,Referral Other,true,1,1,1,0.0
LY · LUV Blossoming · 2025 Q2,LUV Blossoming,2025-04-10,AA Email Man,true,1,1,1,1.0
LY · LUV Blossoming · 2025 Q2,LUV Blossoming,2025-04-10,Direct,true,1,1,1,1.0
LY · LUV Blossoming · 2025 Q2,LUV Blossoming,2025-04-10,Referral Other,true,1,1,1,1.0
LY · LUV Blossoming · 2025 Q2,LUV Blossoming,2025-04-11,Direct,true,1,0,1,0.0
LY · LUV Blossoming · 2025 Q2,LUV Blossoming,2025-04-12,Direct,true,1,0,1,0.0
LY · LUV Blossoming · 2025 Q2,LUV Blossoming,2025-04-14,Direct,true,1,0,1,1.0
LY · LUV Blossoming · 2025 Q2,LUV Blossoming,2025-04-16,Direct,true,1,0,1,0.0
LY · LUV Blossoming · 2025 Q2,LUV Blossoming,2025-05-02,Organic Search,true,1,0,1,1.0
LY · LUV Blossoming · 2025 Q2,LUV Blossoming,2025-05-14,AA Email Man,true,2,0,2,0.0
LY · LUV Blossoming · 2025 Q2,LUV Blossoming,2025-05-14,AA Meta,true,2,0,2,2.0
LY · LUV Blossoming · 2025 Q2,LUV Blossoming,2025-05-14,Direct,true,2,0,2,1.0
LY · LUV Blossoming · 2025 Q2,LUV Blossoming,2025-05-14,Organic Search,true,2,0,2,2.0
LY · LUV Blossoming · 2025 Q2,LUV Blossoming,2025-05-14,Referral Artist,true,5,0,5,3.0
LY · LUV Blossoming · 2025 Q2,LUV Blossoming,2025-07-24,Referral Other,true,1,0,1,0.0
LY · LUV Blossoming · 2025 Q2,LUV Blossoming,2026-06-15,Organic Search,true,1,0,1,0.0
LY · LUV New Beginnings · 2026 Q3,LUV New Beginnings,2026-06-15,AA Email Auto,true,1,1,1,1.0
LY · LUV New Beginnings · 2026 Q3,LUV New Beginnings,2026-06-15,AA Email Man,true,1,1,1,1.0
LY · LUV New Beginnings · 2026 Q3,LUV New Beginnings,2026-06-15,Referral Artist,true,1,1,1,1.0
LY · LUV New Beginnings · 2026 Q3,LUV New Beginnings,2026-06-15,Referral Other,true,6,6,6,4.0
LY · LUV New Beginnings · 2026 Q3,LUV New Beginnings,2026-06-15,untracked,true,1,1,1,0.0
LY · LUV New Beginnings · 2026 Q3,LUV New Beginnings,2026-06-16,AA Email Auto,true,1,1,1,1.0
LY · LUV New Beginnings · 2026 Q3,LUV New Beginnings,2026-06-16,AA Email Man,true,1,1,1,1.0
LY · LUV New Beginnings · 2026 Q3,LUV New Beginnings,2026-06-16,Referral Other,true,2,2,2,2.0
LY · LUV New Beginnings · 2026 Q3,LUV New Beginnings,2026-06-17,Referral Other,true,2,2,2,2.0
LY · LUV New Beginnings · 2026 Q3,LUV New Beginnings,2026-06-19,AA Email Auto,true,1,0,1,1.0
LY · LUV New Beginnings · 2026 Q3,LUV New Beginnings,2026-06-19,AA Meta,true,3,0,3,3.0
LY · LUV New Beginnings · 2026 Q3,LUV New Beginnings,2026-06-19,Referral Other,true,1,0,1,0.0
LY · LUV New Beginnings · 2026 Q3,LUV New Beginnings,2026-06-24,AA Meta,true,2,0,2,2.0
LY · LUV New Beginnings · 2026 Q3,LUV New Beginnings,2026-06-24,Direct,true,1,0,1,1.0
LY · LUV New Beginnings · 2026 Q3,LUV New Beginnings,2026-06-29,AA Email Man,true,1,0,1,1.0
LY · LUV New Beginnings · 2026 Q3,LUV New Beginnings,2026-07-07,AA Email Auto,true,1,0,1,1.0
LY · LUV New Beginnings · 2026 Q3,LUV New Beginnings,2026-07-07,AA Email Man,true,1,0,1,0.0
LY · LUV New Beginnings · 2026 Q3,LUV New Beginnings,2026-07-07,Direct,true,1,0,1,0.0
LY · LUV New Beginnings · 2026 Q3,LUV New Beginnings,2026-07-07,Organic Search,true,1,0,1,1.0
LY · LUV New Beginnings · 2026 Q3,LUV New Beginnings,2026-07-07,Referral Meta,true,1,0,1,0.0
LY · LUV New Beginnings · 2026 Q3,LUV New Beginnings,2026-07-07,Referral Other,true,1,0,1,0.0
LY · LUV New Beginnings · 2026 Q3,LUV New Beginnings,2026-07-07,untracked,true,1,0,1,0.0
LY · LUV Somewhere New · 2023 Q4,LUV Somewhere New,2023-11-27,Direct,true,3,0,0,0.0
LY · LUV Somewhere New · 2023 Q4,LUV Somewhere New,2023-11-28,Referral Other,true,1,0,0,0.0
LY · LUV Somewhere New · 2023 Q4,LUV Somewhere New,2023-12-01,AA Email Man,true,1,1,0,0.0
LY · LUV Somewhere New · 2023 Q4,LUV Somewhere New,2023-12-01,Direct,true,1,1,0,0.0
LY · LUV Somewhere New · 2023 Q4,LUV Somewhere New,2023-12-03,untracked,true,1,0,0,0.0
LY · LUV Somewhere New · 2023 Q4,LUV Somewhere New,2023-12-04,AA Email Man,true,1,0,0,0.0
LY · LUV Somewhere New · 2023 Q4,LUV Somewhere New,2023-12-04,Direct,true,1,0,0,0.0
LY · LUV Somewhere New · 2023 Q4,LUV Somewhere New,2023-12-04,Organic Search,true,1,0,0,0.0
LY · LUV Somewhere New · 2023 Q4,LUV Somewhere New,2023-12-08,Direct,true,1,1,0,0.0
LY · LUV Somewhere New · 2023 Q4,LUV Somewhere New,2023-12-08,Referral Other,true,1,0,0,0.0
LY · LUV Somewhere New · 2023 Q4,LUV Somewhere New,2023-12-08,untracked,true,1,0,0,0.0
LY · LUV Somewhere New · 2023 Q4,LUV Somewhere New,2023-12-11,Direct,true,1,0,0,0.0
LY · LUV Somewhere New · 2023 Q4,LUV Somewhere New,2023-12-12,AA Email Man,true,2,0,0,0.0
LY · LUV Somewhere New · 2023 Q4,LUV Somewhere New,2023-12-12,AA Meta,true,1,0,0,0.0
LY · LUV Somewhere New · 2023 Q4,LUV Somewhere New,2023-12-12,Direct,true,2,0,0,0.0
LY · LUV Somewhere New · 2023 Q4,LUV Somewhere New,2023-12-12,Organic Search,true,1,0,0,0.0
LY · LUV Somewhere New · 2023 Q4,LUV Somewhere New,2023-12-12,Referral Artist,true,6,0,0,0.0
LY · LUV Somewhere New · 2023 Q4,LUV Somewhere New,2023-12-12,untracked,true,2,0,0,0.0
LY · LUV Somewhere New · 2023 Q4,LUV Somewhere New,2023-12-13,Organic Search,true,1,0,0,0.0
LY · LUV Somewhere New · 2023 Q4,LUV Somewhere New,2023-12-13,untracked,true,1,0,0,0.0
LY · LUV Somewhere New · 2023 Q4,LUV Somewhere New,2025-02-21,untracked,true,1,0,0,0.0
LY · Multiple · 2021 Q3,Far From Home,2024-05-16,Untracked,false,1,0,0,0.0
LY · Multiple · 2023 Q2,BLOOM (L),2023-06-09,Direct,true,1,1,0,0.0
LY · Multiple · 2023 Q2,BLOOM (L),2023-06-16,AA Email Auto,true,1,0,0,0.0
LY · Multiple · 2023 Q2,BLOOM (L),2024-07-24,Direct,true,1,0,0,0.0
LY · Multiple · 2023 Q2,BLOOM (L),2025-02-27,Referral Other,true,1,0,0,0.0
LY · Multiple · 2023 Q2,BLOOM (L),2026-06-27,Referral Other,true,1,0,0,0.0
LY · Multiple · 2023 Q2,BLOOM (M),2023-06-09,Other,true,1,1,0,0.0
LY · Multiple · 2023 Q2,BLOOM (M),2023-06-17,Referral Meta,true,1,0,0,0.0
LY · Multiple · 2023 Q2,BLOOM (M),2023-07-14,Other,true,1,0,0,0.0
LY · Multiple · 2023 Q2,BLOOM (M),2023-12-13,untracked,true,1,0,0,0.0
LY · Multiple · 2023 Q2,BLOOM (M),2023-12-18,Direct,true,1,0,0,0.0
LY · Multiple · 2023 Q2,BLOOM (M),2024-09-09,Direct,true,1,0,0,0.0
LY · Multiple · 2023 Q2,BLOOM (M),2024-09-18,untracked,true,1,0,0,0.0
LY · Multiple · 2023 Q2,BLOOM (M),2025-10-11,Referral Other,true,1,0,0,0.0
LY · Multiple · 2023 Q2,BLOOM (M),2026-07-13,Referral Other,true,1,0,0,0.0
LY · Multiple · 2023 Q2,BLOOM (S),2023-06-20,AA Email Man,true,1,0,0,0.0
LY · Multiple · 2023 Q2,BLOOM (S),2023-07-25,untracked,true,1,0,0,0.0
LY · Multiple · 2023 Q2,BLOOM (S),2023-12-11,AA Email Man,true,1,0,0,0.0
LY · Multiple · 2023 Q2,BLOOM (XL),2023-06-18,Direct,true,1,1,0,0.0
LY · Multiple · 2023 Q2,BLOOM (XL),2025-07-03,Referral Other,true,1,0,0,0.0
LY · Multiple · 2023 Q2,BLOOM (XS),2023-06-09,Direct,true,1,0,0,0.0
LY · Multiple · 2023 Q2,BLOOM (XS),2023-11-28,Direct,true,1,0,0,0.0
LY · Multiple · 2023 Q2,I'M LUV (L),2023-06-16,Referral Artist,true,2,2,0,0.0
LY · Multiple · 2023 Q2,I'M LUV (L),2023-06-16,untracked,true,1,0,0,0.0
LY · Multiple · 2023 Q2,I'M LUV (L),2023-06-29,Direct,true,2,0,0,0.0
LY · Multiple · 2023 Q2,I'M LUV (L),2023-10-05,Direct,true,1,0,0,0.0
LY · Multiple · 2023 Q2,I'M LUV (L),2023-11-12,Referral Artist,true,1,0,0,0.0
LY · Multiple · 2023 Q2,I'M LUV (L),2024-04-22,Organic Search,true,1,0,0,0.0
LY · Multiple · 2023 Q2,I'M LUV (L),2024-07-24,Direct,true,1,0,0,0.0
LY · Multiple · 2023 Q2,I'M LUV (L),2024-09-17,Referral Other,true,1,0,0,0.0
LY · Multiple · 2023 Q2,I'M LUV (L),2026-06-25,Referral Other,true,1,0,0,0.0
LY · Multiple · 2023 Q2,I'M LUV (M),2023-06-08,untracked,true,1,1,0,0.0
LY · Multiple · 2023 Q2,I'M LUV (M),2023-06-09,Direct,true,2,2,0,0.0
LY · Multiple · 2023 Q2,I'M LUV (M),2023-06-11,Direct,true,1,1,0,0.0
LY · Multiple · 2023 Q2,I'M LUV (M),2023-06-17,Referral Meta,true,1,0,0,0.0
LY · Multiple · 2023 Q2,I'M LUV (M),2023-06-18,Referral Meta,true,1,0,0,0.0
LY · Multiple · 2023 Q2,I'M LUV (M),2023-06-19,untracked,true,1,0,0,0.0
LY · Multiple · 2023 Q2,I'M LUV (M),2023-06-20,AA Email Man,true,1,0,0,0.0
LY · Multiple · 2023 Q2,I'M LUV (M),2023-11-28,Direct,true,1,0,0,0.0
LY · Multiple · 2023 Q2,I'M LUV (M),2023-12-18,Direct,true,1,0,0,0.0
LY · Multiple · 2023 Q2,I'M LUV (M),2024-04-09,untracked,true,1,0,0,0.0
LY · Multiple · 2023 Q2,I'M LUV (M),2024-08-25,AA Email Man,true,1,0,0,0.0
LY · Multiple · 2023 Q2,I'M LUV (M),2024-09-25,Direct,true,1,0,0,0.0
LY · Multiple · 2023 Q2,I'M LUV (M),2024-10-26,Referral Other,true,1,0,0,0.0
LY · Multiple · 2023 Q2,I'M LUV (M),2026-07-26,Referral Other,true,1,0,0,0.0
LY · Multiple · 2023 Q2,I'M LUV (S),2023-06-19,Direct,true,1,0,0,0.0
LY · Multiple · 2023 Q2,I'M LUV (S),2023-06-21,Referral Other,true,1,0,0,0.0
LY · Multiple · 2023 Q2,I'M LUV (S),2023-10-18,untracked,true,1,0,0,0.0
LY · Multiple · 2023 Q2,I'M LUV (XL),2023-06-09,AA Email Man,true,1,1,0,0.0
LY · Multiple · 2023 Q2,I'M LUV (XL),2023-06-10,untracked,true,1,1,0,0.0
LY · Multiple · 2023 Q2,I'M LUV (XL),2023-06-16,AA Email Man,true,1,0,0,0.0
LY · Multiple · 2023 Q2,I'M LUV (XL),2023-06-16,Referral Artist,true,1,1,0,0.0
LY · Multiple · 2023 Q2,I'M LUV (XL),2023-06-17,Referral Artist,true,1,0,0,0.0
LY · Multiple · 2023 Q2,LIVING WITH LUV,2023-05-25,Other,true,1,0,0,0.0
LY · Multiple · 2023 Q2,LIVING WITH LUV,2023-05-31,Direct,true,1,0,0,0.0
LY · Multiple · 2023 Q2,LIVING WITH LUV,2023-06-01,Direct,true,1,0,0,0.0
LY · Multiple · 2023 Q2,LIVING WITH LUV,2023-06-02,AA Email Man,true,1,0,0,0.0
LY · Multiple · 2023 Q2,LIVING WITH LUV,2023-06-02,Referral Artist,true,1,0,0,0.0
LY · Multiple · 2023 Q2,LIVING WITH LUV,2023-06-02,untracked,true,1,1,0,0.0
LY · Multiple · 2023 Q2,LIVING WITH LUV,2023-06-05,AA Email Man,true,1,0,0,0.0
LY · Multiple · 2023 Q2,LIVING WITH LUV,2023-06-05,Direct,true,1,0,0,0.0
LY · Multiple · 2023 Q2,LIVING WITH LUV,2023-06-07,Direct,true,1,0,0,0.0
LY · Multiple · 2023 Q2,LIVING WITH LUV,2023-06-07,untracked,true,1,0,0,0.0
LY · Multiple · 2023 Q2,LIVING WITH LUV,2023-06-10,AA Email Man,true,1,1,0,0.0
LY · Multiple · 2023 Q2,LIVING WITH LUV,2023-06-12,AA Email Man,true,1,0,0,0.0
LY · Multiple · 2023 Q2,LIVING WITH LUV,2023-06-13,Direct,true,2,1,0,0.0
LY · Multiple · 2023 Q2,LIVING WITH LUV,2023-06-14,Direct,true,1,0,0,0.0
LY · Multiple · 2023 Q2,LIVING WITH LUV,2023-06-15,Direct,true,1,1,0,0.0
LY · Multiple · 2023 Q2,LIVING WITH LUV,2023-06-16,AA Email Man,true,1,0,0,0.0
LY · Multiple · 2023 Q2,LIVING WITH LUV,2023-06-16,Direct,true,2,0,0,0.0
LY · Multiple · 2023 Q2,LIVING WITH LUV,2023-06-16,Referral Artist,true,1,0,0,0.0
LY · Multiple · 2023 Q2,LIVING WITH LUV,2023-06-16,untracked,true,1,0,0,0.0
LY · Multiple · 2023 Q2,LIVING WITH LUV,2023-06-17,Other,true,1,0,0,0.0
LY · Multiple · 2023 Q2,LIVING WITH LUV,2023-06-19,AA Meta,true,1,0,0,0.0
LY · Multiple · 2023 Q2,LIVING WITH LUV,2023-06-19,Other,true,1,1,0,0.0
LY · Multiple · 2023 Q2,LIVING WITH LUV,2023-06-20,Untracked,false,1,0,0,0.0
LY · Multiple · 2023 Q2,LUV'S BURGERS,2023-05-25,Other,true,1,0,0,0.0
LY · Multiple · 2023 Q2,LUV'S BURGERS,2023-06-01,AA Meta,true,1,0,0,0.0
LY · Multiple · 2023 Q2,LUV'S BURGERS,2023-06-02,AA Email Man,true,1,1,0,0.0
LY · Multiple · 2023 Q2,LUV'S BURGERS,2023-06-02,untracked,true,1,0,0,0.0
LY · Multiple · 2023 Q2,LUV'S BURGERS,2023-06-06,Direct,true,1,0,0,0.0
LY · Multiple · 2023 Q2,LUV'S BURGERS,2023-06-07,untracked,true,1,0,0,0.0
LY · Multiple · 2023 Q2,LUV'S BURGERS,2023-06-12,AA Email Man,true,1,0,0,0.0
LY · Multiple · 2023 Q2,LUV'S BURGERS,2023-06-12,Direct,true,1,1,0,0.0
LY · Multiple · 2023 Q2,LUV'S BURGERS,2023-06-13,Direct,true,2,1,0,0.0
LY · Multiple · 2023 Q2,LUV'S BURGERS,2023-06-15,Direct,true,1,1,0,0.0
LY · Multiple · 2023 Q2,LUV'S BURGERS,2023-06-16,AA Email Man,true,2,1,0,0.0
LY · Multiple · 2023 Q2,LUV'S BURGERS,2023-06-16,Direct,true,4,0,0,0.0
LY · Multiple · 2023 Q2,LUV'S BURGERS,2023-06-16,untracked,true,1,0,0,0.0
LY · Multiple · 2023 Q2,LUV'S BURGERS,2023-06-17,Referral Other,true,1,0,0,0.0
LY · Multiple · 2023 Q2,LUV'S BURGERS,2023-06-20,Untracked,false,1,0,0,0.0
LY · Multiple · 2023 Q2,LUV'S BURGERS,2026-07-28,untracked,true,1,0,0,0.0
LY · Multiple · 2023 Q2,"LUV'S DOG ""PARK""",2023-05-25,Direct,true,1,0,0,0.0
LY · Multiple · 2023 Q2,"LUV'S DOG ""PARK""",2023-05-25,Other,true,1,0,0,0.0
LY · Multiple · 2023 Q2,"LUV'S DOG ""PARK""",2023-05-26,Direct,true,1,0,0,0.0
LY · Multiple · 2023 Q2,"LUV'S DOG ""PARK""",2023-05-31,Direct,true,1,0,0,0.0
LY · Multiple · 2023 Q2,"LUV'S DOG ""PARK""",2023-06-01,AA Email Man,true,1,0,0,0.0
LY · Multiple · 2023 Q2,"LUV'S DOG ""PARK""",2023-06-01,AA Meta,true,1,0,0,0.0
LY · Multiple · 2023 Q2,"LUV'S DOG ""PARK""",2023-06-01,Referral Other,true,1,0,0,0.0
LY · Multiple · 2023 Q2,"LUV'S DOG ""PARK""",2023-06-01,untracked,true,2,0,0,0.0
LY · Multiple · 2023 Q2,"LUV'S DOG ""PARK""",2023-06-02,Direct,true,2,1,0,0.0
LY · Multiple · 2023 Q2,"LUV'S DOG ""PARK""",2023-06-02,Organic Search,true,1,1,0,0.0
LY · Multiple · 2023 Q2,"LUV'S DOG ""PARK""",2023-06-02,Referral Artist,true,1,0,0,0.0
LY · Multiple · 2023 Q2,"LUV'S DOG ""PARK""",2023-06-02,untracked,true,4,2,0,0.0
LY · Multiple · 2023 Q2,"LUV'S DOG ""PARK""",2023-06-06,AA Email Man,true,1,0,0,0.0
LY · Multiple · 2023 Q2,"LUV'S DOG ""PARK""",2023-06-06,Direct,true,1,0,0,0.0
LY · Multiple · 2023 Q2,"LUV'S DOG ""PARK""",2023-06-06,Referral Artist,true,3,0,0,0.0
LY · Multiple · 2023 Q2,"LUV'S DOG ""PARK""",2023-06-07,untracked,true,2,0,0,0.0
LY · Multiple · 2023 Q2,"LUV'S DOG ""PARK""",2023-06-08,untracked,true,1,1,0,0.0
LY · Multiple · 2023 Q2,"LUV'S DOG ""PARK""",2023-06-09,untracked,true,2,2,0,0.0
LY · Multiple · 2023 Q2,"LUV'S DOG ""PARK""",2023-06-10,AA Email Man,true,1,1,0,0.0
LY · Multiple · 2023 Q2,"LUV'S DOG ""PARK""",2023-06-10,untracked,true,3,3,0,0.0
LY · Multiple · 2023 Q2,"LUV'S DOG ""PARK""",2023-06-12,AA Email Man,true,1,0,0,0.0
LY · Multiple · 2023 Q2,"LUV'S DOG ""PARK""",2023-06-12,untracked,true,1,1,0,0.0
LY · Multiple · 2023 Q2,"LUV'S DOG ""PARK""",2023-06-13,Direct,true,1,0,0,0.0
LY · Multiple · 2023 Q2,"LUV'S DOG ""PARK""",2023-06-13,untracked,true,1,0,0,0.0
LY · Multiple · 2023 Q2,"LUV'S DOG ""PARK""",2023-06-14,AA Email Man,true,1,0,0,0.0
LY · Multiple · 2023 Q2,"LUV'S DOG ""PARK""",2023-06-14,AA Meta,true,1,0,0,0.0
LY · Multiple · 2023 Q2,"LUV'S DOG ""PARK""",2023-06-14,Direct,true,1,0,0,0.0
LY · Multiple · 2023 Q2,"LUV'S DOG ""PARK""",2023-06-14,untracked,true,1,0,0,0.0
LY · Multiple · 2023 Q2,"LUV'S DOG ""PARK""",2023-06-15,AA Email Man,true,1,1,0,0.0
LY · Multiple · 2023 Q2,"LUV'S DOG ""PARK""",2023-06-15,AA Meta,true,1,1,0,0.0
LY · Multiple · 2023 Q2,"LUV'S DOG ""PARK""",2023-06-15,untracked,true,3,3,0,0.0
LY · Multiple · 2023 Q2,"LUV'S DOG ""PARK""",2023-06-16,AA Email Man,true,7,0,0,0.0
LY · Multiple · 2023 Q2,"LUV'S DOG ""PARK""",2023-06-16,AA Meta,true,7,0,0,0.0
LY · Multiple · 2023 Q2,"LUV'S DOG ""PARK""",2023-06-16,Direct,true,8,0,0,0.0
LY · Multiple · 2023 Q2,"LUV'S DOG ""PARK""",2023-06-16,Organic Search,true,3,0,0,0.0
LY · Multiple · 2023 Q2,"LUV'S DOG ""PARK""",2023-06-16,Paid Search,true,1,0,0,0.0
LY · Multiple · 2023 Q2,"LUV'S DOG ""PARK""",2023-06-16,Referral Artist,true,2,0,0,0.0
LY · Multiple · 2023 Q2,"LUV'S DOG ""PARK""",2023-06-16,untracked,true,25,1,0,0.0
LY · Multiple · 2023 Q2,"LUV'S DOG ""PARK""",2023-06-17,AA Email Man,true,2,0,0,0.0
LY · Multiple · 2023 Q2,"LUV'S DOG ""PARK""",2023-06-17,untracked,true,8,0,0,0.0
LY · Multiple · 2023 Q2,"LUV'S DOG ""PARK""",2023-06-18,untracked,true,4,0,0,0.0
LY · Multiple · 2023 Q2,"LUV'S DOG ""PARK""",2023-06-20,Untracked,false,1,0,0,0.0
LY · Multiple · 2023 Q2,"LUV'S DOG ""PARK""",2023-06-22,Referral Meta,true,1,0,0,0.0
LY · Multiple · 2023 Q2,"LUV'S DOG ""PARK""",2023-07-09,untracked,true,1,0,0,0.0
LY · Multiple · 2023 Q2,"LUV'S DOG ""PARK""",2023-08-02,Referral Other,true,1,0,0,0.0
LY · Multiple · 2023 Q2,"LUV'S DOG ""PARK""",2023-09-16,AA Email Man,true,1,0,0,0.0
LY · Multiple · 2023 Q2,"LUV'S DOG ""PARK""",2023-10-20,untracked,true,1,0,0,0.0
LY · Multiple · 2023 Q2,"LUV'S DOG ""PARK""",2024-08-12,untracked,true,1,0,0,0.0
LY · Multiple · 2023 Q2,"LUV'S DOG ""PARK""",2024-12-17,AA Email Man,true,1,0,0,0.0
LY · Multiple · 2023 Q2,"LUV'S DOG ""PARK""",2025-01-07,Referral Other,true,1,0,0,0.0
LY · Multiple · 2023 Q2,"LUV'S DOG ""PARK""",2025-04-29,untracked,true,1,0,0,0.0
LY · Multiple · 2023 Q2,"LUV'S DOG ""PARK""",2025-06-16,untracked,true,1,0,0,0.0
LY · Multiple · 2023 Q2,Painting 1,2023-06-01,Untracked,false,1,0,0,0.0
LY · Multiple · 2023 Q2,Painting 10,2023-06-22,Untracked,false,1,0,0,0.0
LY · Multiple · 2023 Q2,Painting 11,2023-05-26,Untracked,false,1,0,0,0.0
LY · Multiple · 2023 Q2,Painting 12,2025-08-05,Untracked,false,1,0,0,0.0
LY · Multiple · 2023 Q2,Painting 13,2023-05-25,Untracked,false,1,0,0,0.0
LY · Multiple · 2023 Q2,Painting 14,2023-05-18,Untracked,false,1,0,0,0.0
LY · Multiple · 2023 Q2,Painting 15,2023-05-18,Untracked,false,1,0,0,0.0
LY · Multiple · 2023 Q2,Painting 16,2023-06-20,Untracked,false,1,0,0,0.0
LY · Multiple · 2023 Q2,Painting 2,2023-05-30,Untracked,false,1,0,0,0.0
LY · Multiple · 2023 Q2,Painting 3 - Square painting,2023-05-05,Untracked,false,1,0,0,0.0
LY · Multiple · 2023 Q2,Painting 4,2023-05-16,Untracked,false,1,0,0,0.0
LY · Multiple · 2023 Q2,Painting 5,2023-05-16,Untracked,false,1,0,0,0.0
LY · Multiple · 2023 Q2,Painting 6,2023-06-12,Untracked,false,1,0,0,0.0
LY · Multiple · 2023 Q2,Painting 7,2023-05-25,untracked,true,1,0,0,0.0
LY · Multiple · 2023 Q2,Painting 8,2023-05-25,Untracked,false,1,0,0,0.0
LY · This is LUV (Small) · 2022 Q3,This is LUV (Small),2023-03-15,Direct,true,1,0,0,0.0
Laura El · Park Ave · 2024 Q1,Park Ave,2024-01-19,untracked,true,1,0,0,0.0
Laura El · Park Ave · 2024 Q1,Park Ave,2024-01-26,AA Email Man,true,1,1,0,0.0
Laura El · Park Ave · 2024 Q1,Park Ave,2024-01-26,Referral X,true,1,1,0,0.0
Laura El · Park Ave · 2024 Q1,Park Ave,2024-01-27,untracked,true,1,1,0,0.0
Laura El · Park Ave · 2024 Q1,Park Ave,2024-01-29,Direct,true,1,0,0,0.0
Laura El · Park Ave · 2024 Q1,Park Ave,2024-01-31,AA Email Man,true,1,1,0,0.0
Laura El · Park Ave · 2024 Q1,Park Ave,2024-01-31,Direct,true,1,0,0,0.0
Laura El · Park Ave · 2024 Q1,Park Ave,2024-01-31,untracked,true,1,1,0,0.0
Laura El · Park Ave · 2024 Q1,Park Ave,2024-02-01,untracked,true,1,1,0,0.0
Laura El · Park Ave · 2024 Q1,Park Ave,2024-02-11,AA Email Man,true,1,1,0,0.0
Laura El · Park Ave · 2024 Q1,Park Ave,2024-02-12,Direct,true,1,1,0,0.0
Laura El · Park Ave · 2024 Q1,Park Ave,2024-02-12,Referral Other,true,1,0,0,0.0
Laura El · Park Ave · 2024 Q1,Park Ave,2024-02-13,AA Email Man,true,6,0,0,0.0
Laura El · Park Ave · 2024 Q1,Park Ave,2024-02-13,Direct,true,2,0,0,0.0
Laura El · Park Ave · 2024 Q1,Park Ave,2024-02-13,Referral Other,true,1,0,0,0.0
Laura El · Park Ave · 2024 Q1,Park Ave,2024-02-13,Referral X,true,5,0,0,0.0
Laura El · Park Ave · 2024 Q1,Park Ave,2024-02-13,untracked,true,1,0,0,0.0
Laura El · Park Ave · 2024 Q1,Park Ave,2024-02-14,AA Email Man,true,1,0,0,0.0
Laura El · Park Ave · 2024 Q1,Park Ave,2024-02-15,Direct,true,1,0,0,0.0
Laura El · Park Ave · 2024 Q1,Park Ave,2024-02-16,Direct,true,1,0,0,0.0
Lawrence Weiner · HERE & NOW · 2022 Q4,HERE & NOW,2023-02-15,Direct,true,1,0,0,0.0
Lawrence Weiner · HERE & NOW · 2022 Q4,HERE & NOW,2023-04-04,Organic Search,true,2,0,0,0.0
Lawrence Weiner · HERE & NOW · 2022 Q4,HERE & NOW,2023-09-14,untracked,true,1,0,0,0.0
Lawrence Weiner · HERE & NOW · 2022 Q4,HERE & NOW,2023-09-29,Direct,true,1,0,0,0.0
Lawrence Weiner · HERE & NOW · 2022 Q4,HERE & NOW,2023-11-27,AA Email Man,true,1,0,0,0.0
Lawrence Weiner · HERE & NOW · 2022 Q4,HERE & NOW,2023-12-18,AA Email Man,true,1,0,0,0.0
Lawrence Weiner · HERE & NOW · 2022 Q4,HERE & NOW,2024-09-21,Referral Other,true,2,0,0,0.0
Lawrence Weiner · HERE & NOW · 2022 Q4,HERE & NOW,2024-10-28,Referral Other,true,1,0,0,0.0
Lee Ufan · Dialogue · 2026 Q1,Dialogue,2025-12-15,Referral Other,true,2,2,2,2.0
Lee Ufan · Dialogue · 2026 Q1,Dialogue,2025-12-15,untracked,true,1,1,1,1.0
Lee Ufan · Dialogue · 2026 Q1,Dialogue,2025-12-16,Referral Other,true,1,1,1,1.0
Lee Ufan · Dialogue · 2026 Q1,Dialogue,2025-12-17,Referral Other,true,1,1,1,1.0
Lee Ufan · Dialogue · 2026 Q1,Dialogue,2025-12-23,Direct,true,1,0,1,0.0
Lee Ufan · Dialogue · 2026 Q1,Dialogue,2025-12-23,Referral Other,true,1,0,1,0.0
Lee Ufan · Dialogue · 2026 Q1,Dialogue,2025-12-24,Referral Other,true,1,0,1,0.0
Lee Ufan · Dialogue · 2026 Q1,Dialogue,2025-12-27,AA Meta,true,1,0,1,0.0
Lee Ufan · Dialogue · 2026 Q1,Dialogue,2025-12-29,Referral Other,true,1,0,1,0.0
Lee Ufan · Dialogue · 2026 Q1,Dialogue,2026-01-03,AA Meta,true,1,0,1,0.0
Lee Ufan · Dialogue · 2026 Q1,Dialogue,2026-01-05,AA Email Man,true,3,3,3,0.0
Lee Ufan · Dialogue · 2026 Q1,Dialogue,2026-01-05,AA X,true,1,1,1,0.0
Lee Ufan · Dialogue · 2026 Q1,Dialogue,2026-01-05,Direct,true,1,0,1,1.0
Lee Ufan · Dialogue · 2026 Q1,Dialogue,2026-01-05,Referral Other,true,6,6,6,4.0
Lee Ufan · Dialogue · 2026 Q1,Dialogue,2026-01-05,untracked,true,1,0,1,0.0
Lee Ufan · Dialogue · 2026 Q1,Dialogue,2026-01-06,AA Email Man,true,11,11,11,4.0
Lee Ufan · Dialogue · 2026 Q1,Dialogue,2026-01-06,AA Meta,true,1,1,1,0.0
Lee Ufan · Dialogue · 2026 Q1,Dialogue,2026-01-06,Direct,true,2,1,2,1.0
Lee Ufan · Dialogue · 2026 Q1,Dialogue,2026-01-06,Organic Search,true,1,0,1,0.0
Lee Ufan · Dialogue · 2026 Q1,Dialogue,2026-01-06,Paid Social,true,1,1,1,1.0
Lee Ufan · Dialogue · 2026 Q1,Dialogue,2026-01-06,Referral Other,true,23,21,23,6.0
Lee Ufan · Dialogue · 2026 Q1,Dialogue,2026-01-06,untracked,true,1,1,1,0.0
Lee Ufan · Dialogue · 2026 Q1,Dialogue,2026-01-07,AA Email Man,true,7,6,7,2.0
Lee Ufan · Dialogue · 2026 Q1,Dialogue,2026-01-07,Direct,true,2,1,2,0.0
Lee Ufan · Dialogue · 2026 Q1,Dialogue,2026-01-07,Organic Search,true,1,1,1,0.0
Lee Ufan · Dialogue · 2026 Q1,Dialogue,2026-01-07,Referral Other,true,4,4,4,1.0
Lee Ufan · Dialogue · 2026 Q1,Dialogue,2026-01-08,AA Email Man,true,1,0,1,1.0
Lee Ufan · Dialogue · 2026 Q1,Dialogue,2026-01-08,Referral Other,true,2,1,2,1.0
Lee Ufan · Dialogue · 2026 Q1,Dialogue,2026-01-09,Direct,true,1,0,1,0.0
Lee Ufan · Dialogue · 2026 Q1,Dialogue,2026-01-10,Direct,true,1,0,1,0.0
Lee Ufan · Dialogue · 2026 Q1,Dialogue,2026-01-12,Direct,true,1,0,1,0.0
Lee Ufan · Dialogue · 2026 Q1,Dialogue,2026-01-12,Referral Other,true,2,0,2,2.0
Lee Ufan · Dialogue · 2026 Q1,Dialogue,2026-01-13,Referral Other,true,1,0,1,0.0
Lee Ufan · Dialogue · 2026 Q1,Dialogue,2026-01-16,Direct,true,1,0,1,0.0
Lee Ufan · Dialogue · 2026 Q1,Dialogue,2026-01-21,untracked,true,3,0,3,0.0
Lee Ufan · Dialogue · 2026 Q1,Dialogue,2026-01-22,untracked,true,2,0,2,0.0
Lee Ufan · Dialogue · 2026 Q1,Dialogue,2026-01-26,Direct,true,1,0,1,1.0
Lee Ufan · Dialogue · 2026 Q1,Dialogue,2026-01-29,Direct,true,3,0,3,0.0
Lee Ufan · Dialogue · 2026 Q1,Dialogue,2026-01-29,Paid Social,true,1,0,1,1.0
Lee Ufan · Dialogue · 2026 Q1,Dialogue,2026-01-29,untracked,true,1,0,1,0.0
Lee Ufan · Dialogue · 2026 Q1,Dialogue,2026-01-30,AA Email Man,true,10,0,10,9.0
Lee Ufan · Dialogue · 2026 Q1,Dialogue,2026-01-30,AA Meta,true,3,0,3,3.0
Lee Ufan · Dialogue · 2026 Q1,Dialogue,2026-01-30,Direct,true,6,0,6,5.0
Lee Ufan · Dialogue · 2026 Q1,Dialogue,2026-01-30,Organic Search,true,3,0,3,2.0
Lee Ufan · Dialogue · 2026 Q1,Dialogue,2026-01-30,Paid Social,true,2,0,2,2.0
Lee Ufan · Dialogue · 2026 Q1,Dialogue,2026-01-30,Referral Other,true,1,0,1,1.0
Lee Ufan · Dialogue · 2026 Q1,Dialogue,2026-01-30,untracked,true,1,0,1,1.0
Lee Ufan · Dialogue · 2026 Q1,Dialogue,2026-02-02,Direct,true,1,0,1,1.0
Lee Ufan · Dialogue · 2026 Q1,Dialogue,2026-02-02,Referral Other,true,1,0,1,1.0
Lee Ufan · Dialogue · 2026 Q1,Dialogue,2026-02-03,AA Email Man,true,1,0,1,0.0
Lee Ufan · Dialogue · 2026 Q1,Dialogue,2026-02-03,Direct,true,1,0,1,0.0
Lee Ufan · Dialogue · 2026 Q1,Dialogue,2026-02-03,untracked,true,1,0,1,0.0
Lee Ufan · Dialogue · 2026 Q1,Dialogue,2026-02-04,AA Email Man,true,1,0,1,0.0
Lee Ufan · Dialogue · 2026 Q1,Dialogue,2026-02-27,untracked,true,20,0,20,0.0
Lee Ufan · Dialogue · 2026 Q1,Dialogue,2026-03-18,untracked,true,1,0,1,0.0
Lee Ufan · Dialogue · 2026 Q1,Dialogue,2026-04-27,Direct,true,1,0,1,0.0
Lee Ufan · Dialogue · 2026 Q1,Dialogue,2026-04-27,Organic Search,true,1,0,1,1.0
Lee Ufan · Dialogue · 2026 Q1,Dialogue,2026-07-22,Referral Other,true,1,0,1,0.0
Lee Ufan · Dialogue · 2026 Q1,Dialogue,2026-08-01,Organic Search,true,1,0,1,0.0
Lee Ufan · Dialogue · 2026 Q1,Dialogue,2026-08-26,Referral Other,true,1,0,1,0.0
Lee Ufan · Multiple · 2025 Q2,A trio of prints,2025-05-15,Referral Other,true,5,0,5,0.0
Lee Ufan · Multiple · 2025 Q2,A trio of prints,2025-05-19,AA Email Man,true,1,1,1,0.0
Lee Ufan · Multiple · 2025 Q2,A trio of prints,2025-05-19,Direct,true,1,1,1,1.0
Lee Ufan · Multiple · 2025 Q2,A trio of prints,2025-05-19,untracked,true,1,1,1,1.0
Lee Ufan · Multiple · 2025 Q2,A trio of prints,2025-05-20,AA Email Man,true,5,5,5,2.0
Lee Ufan · Multiple · 2025 Q2,A trio of prints,2025-05-20,Direct,true,2,2,2,0.0
Lee Ufan · Multiple · 2025 Q2,A trio of prints,2025-05-20,Organic Search,true,1,1,1,1.0
Lee Ufan · Multiple · 2025 Q2,A trio of prints,2025-05-21,AA Email Man,true,1,1,1,1.0
Lee Ufan · Multiple · 2025 Q2,A trio of prints,2025-05-21,Referral Other,true,2,1,2,2.0
Lee Ufan · Multiple · 2025 Q2,A trio of prints,2025-05-21,untracked,true,1,1,1,0.0
Lee Ufan · Multiple · 2025 Q2,A trio of prints,2025-05-22,AA Email Man,true,1,0,1,0.0
Lee Ufan · Multiple · 2025 Q2,A trio of prints,2025-05-22,untracked,true,1,0,1,0.0
Lee Ufan · Multiple · 2025 Q2,A trio of prints,2025-05-23,AA Email Man,true,1,0,1,0.0
Lee Ufan · Multiple · 2025 Q2,A trio of prints,2025-05-23,Direct,true,1,0,1,1.0
Lee Ufan · Multiple · 2025 Q2,A trio of prints,2025-05-24,AA Email Man,true,1,0,1,1.0
Lee Ufan · Multiple · 2025 Q2,A trio of prints,2025-05-26,Referral Other,true,1,0,1,1.0
Lee Ufan · Multiple · 2025 Q2,A trio of prints,2025-05-28,Direct,true,1,0,1,1.0
Lee Ufan · Multiple · 2025 Q2,A trio of prints,2025-05-29,Direct,true,2,1,2,1.0
Lee Ufan · Multiple · 2025 Q2,A trio of prints,2025-05-30,Referral Other,true,1,1,1,1.0
Lee Ufan · Multiple · 2025 Q2,A trio of prints,2025-05-30,untracked,true,1,0,1,0.0
Lee Ufan · Multiple · 2025 Q2,A trio of prints,2025-05-31,AA Email Auto,true,1,0,1,0.0
Lee Ufan · Multiple · 2025 Q2,A trio of prints,2025-05-31,Direct,true,1,0,1,1.0
Lee Ufan · Multiple · 2025 Q2,A trio of prints,2025-06-02,AA Email Man,true,6,0,6,3.0
Lee Ufan · Multiple · 2025 Q2,A trio of prints,2025-06-02,Direct,true,3,0,3,3.0
Lee Ufan · Multiple · 2025 Q2,A trio of prints,2025-06-03,Referral Other,true,1,0,1,1.0
Lee Ufan · Multiple · 2025 Q2,A trio of prints,2025-06-03,untracked,true,1,0,1,1.0
Lee Ufan · Multiple · 2025 Q2,A trio of prints,2025-06-04,AA Email Man,true,1,0,1,1.0
Lee Ufan · Multiple · 2025 Q2,A trio of prints,2025-06-04,Direct,true,1,0,1,0.0
Lee Ufan · Multiple · 2025 Q2,A trio of prints,2025-06-04,Organic Search,true,1,0,1,1.0
Lee Ufan · Multiple · 2025 Q2,A trio of prints,2025-06-06,AA Email Man,true,2,0,2,1.0
Lee Ufan · Multiple · 2025 Q2,A trio of prints,2025-06-06,Referral Other,true,1,0,1,0.0
Lee Ufan · Multiple · 2025 Q2,A trio of prints,2025-06-06,untracked,true,1,0,1,0.0
Lee Ufan · Multiple · 2025 Q2,A trio of prints,2025-06-09,Direct,true,1,0,1,0.0
Lee Ufan · Multiple · 2025 Q2,A trio of prints,2025-06-09,Organic Search,true,1,0,1,0.0
Lee Ufan · Multiple · 2025 Q2,A trio of prints,2025-06-09,Referral Other,true,1,0,1,1.0
Lee Ufan · Multiple · 2025 Q2,A trio of prints,2025-06-10,Other,true,1,0,1,1.0
Lee Ufan · Multiple · 2025 Q2,A trio of prints,2025-06-11,Referral Other,true,2,0,2,2.0
Lee Ufan · Multiple · 2025 Q2,A trio of prints,2025-06-12,Direct,true,1,0,1,1.0
Lee Ufan · Multiple · 2025 Q2,A trio of prints,2025-06-13,Organic Search,true,1,0,1,0.0
Lee Ufan · Multiple · 2025 Q2,A trio of prints,2025-06-13,Referral Other,true,1,0,1,0.0
Lee Ufan · Multiple · 2025 Q2,A trio of prints,2025-06-13,untracked,true,1,0,1,0.0
Lee Ufan · Multiple · 2025 Q2,A trio of prints,2025-06-17,Referral Other,true,1,0,1,0.0
Lee Ufan · Multiple · 2025 Q2,A trio of prints,2025-06-23,Direct,true,1,0,1,1.0
Lee Ufan · Multiple · 2025 Q2,A trio of prints,2025-06-23,untracked,true,1,0,1,0.0
Lee Ufan · Multiple · 2025 Q2,A trio of prints,2025-06-24,AA Email Man,true,1,0,1,0.0
Lee Ufan · Multiple · 2025 Q2,A trio of prints,2025-06-25,AA Email Man,true,1,0,1,1.0
Lee Ufan · Multiple · 2025 Q2,A trio of prints,2025-06-25,Direct,true,1,0,1,1.0
Lee Ufan · Multiple · 2025 Q2,A trio of prints,2025-06-26,Organic Search,true,1,0,1,0.0
Lee Ufan · Multiple · 2025 Q2,A trio of prints,2025-07-01,AA Email Man,true,1,0,1,0.0
Lee Ufan · Multiple · 2025 Q2,From Line,2025-05-03,Direct,true,1,0,1,1.0
Lee Ufan · Multiple · 2025 Q2,From Line,2025-05-05,Organic Search,true,1,0,1,0.0
Lee Ufan · Multiple · 2025 Q2,From Line,2025-05-05,untracked,true,1,0,1,0.0
Lee Ufan · Multiple · 2025 Q2,From Line,2025-05-06,Direct,true,2,0,2,1.0
Lee Ufan · Multiple · 2025 Q2,From Line,2025-05-07,untracked,true,1,0,1,1.0
Lee Ufan · Multiple · 2025 Q2,From Line,2025-05-08,Organic Search,true,1,0,1,1.0
Lee Ufan · Multiple · 2025 Q2,From Line,2025-05-08,Referral Other,true,1,0,1,0.0
Lee Ufan · Multiple · 2025 Q2,From Line,2025-05-09,Direct,true,1,0,1,0.0
Lee Ufan · Multiple · 2025 Q2,From Line,2025-05-13,AA Meta,true,1,0,1,1.0
Lee Ufan · Multiple · 2025 Q2,From Line,2025-05-14,AA X,true,1,0,1,0.0
Lee Ufan · Multiple · 2025 Q2,From Line,2025-05-19,AA Email Man,true,8,8,8,4.0
Lee Ufan · Multiple · 2025 Q2,From Line,2025-05-19,AA Meta,true,2,2,2,1.0
Lee Ufan · Multiple · 2025 Q2,From Line,2025-05-19,Direct,true,5,5,5,0.0
Lee Ufan · Multiple · 2025 Q2,From Line,2025-05-19,Organic Search,true,3,3,3,1.0
Lee Ufan · Multiple · 2025 Q2,From Line,2025-05-19,Referral Other,true,16,16,16,4.0
Lee Ufan · Multiple · 2025 Q2,From Line,2025-05-19,untracked,true,1,1,1,0.0
Lee Ufan · Multiple · 2025 Q2,From Line,2025-05-20,AA Email Man,true,4,4,4,3.0
Lee Ufan · Multiple · 2025 Q2,From Line,2025-05-20,Direct,true,1,1,1,0.0
Lee Ufan · Multiple · 2025 Q2,From Line,2025-05-20,Organic Search,true,1,1,1,1.0
Lee Ufan · Multiple · 2025 Q2,From Line,2025-05-20,Referral Other,true,3,3,3,1.0
Lee Ufan · Multiple · 2025 Q2,From Line,2025-05-21,AA Email Man,true,1,0,1,0.0
Lee Ufan · Multiple · 2025 Q2,From Line,2025-05-21,Direct,true,1,0,1,0.0
Lee Ufan · Multiple · 2025 Q2,From Line,2025-05-22,Referral Other,true,2,0,2,0.0
Lee Ufan · Multiple · 2025 Q2,From Line,2025-05-28,Direct,true,1,0,1,0.0
Lee Ufan · Multiple · 2025 Q2,From Line,2025-06-02,untracked,true,1,0,1,1.0
Lee Ufan · Multiple · 2025 Q2,From Line,2025-06-07,Referral Other,true,1,1,1,1.0
Lee Ufan · Multiple · 2025 Q2,From Line,2025-06-16,untracked,true,2,0,2,2.0
Lee Ufan · Multiple · 2025 Q2,From Line,2025-06-26,AA Email Man,true,4,0,4,2.0
Lee Ufan · Multiple · 2025 Q2,From Line,2025-06-26,Direct,true,4,0,4,1.0
Lee Ufan · Multiple · 2025 Q2,From Line,2025-06-26,Paid Social,true,1,0,1,1.0
Lee Ufan · Multiple · 2025 Q2,From Line,2025-06-26,Referral Other,true,2,0,2,1.0
Lee Ufan · Multiple · 2025 Q2,From Line,2025-07-03,AA Email Man,true,1,0,1,1.0
Lee Ufan · Multiple · 2025 Q2,From Line,2025-08-12,untracked,true,1,0,1,0.0
Lee Ufan · Multiple · 2025 Q2,From Line,2025-09-16,Referral Other,true,2,0,2,2.0
Lee Ufan · Multiple · 2025 Q2,From Line,2026-01-15,Referral Other,true,2,0,2,2.0
Lee Ufan · Multiple · 2025 Q2,From Line,2026-05-05,Organic Search,true,1,0,1,1.0
Lee Ufan · Multiple · 2025 Q2,From Line,2026-06-01,Referral Other,true,1,0,1,1.0
Lee Ufan · Multiple · 2025 Q2,From Line AP,2025-05-27,Direct,true,1,0,1,1.0
Lee Ufan · Multiple · 2025 Q2,From Line AP,2025-06-03,Direct,true,1,0,1,0.0
Lee Ufan · Multiple · 2025 Q2,From Line AP,2025-07-02,Organic Search,true,1,0,1,0.0
Lee Ufan · Multiple · 2025 Q2,From Line AP,2025-07-07,Direct,true,1,0,1,0.0
Lee Ufan · Multiple · 2025 Q2,From Line AP,2025-07-09,Organic Search,true,1,0,1,0.0
Lee Ufan · Multiple · 2025 Q2,From Line AP,2025-07-10,Direct,true,1,0,1,0.0
Lee Ufan · Multiple · 2025 Q2,From Line AP,2025-07-16,Organic Search,true,1,0,1,0.0
Lee Ufan · Multiple · 2025 Q2,From Line AP,2025-07-22,untracked,true,1,0,1,0.0
Lee Ufan · Multiple · 2025 Q2,From Line AP,2025-08-12,Direct,true,1,0,1,0.0
Lee Ufan · Multiple · 2025 Q2,From Line AP,2025-08-25,Organic Search,true,1,0,1,1.0
Lee Ufan · Multiple · 2025 Q2,From Line AP,2025-08-26,Direct,true,1,0,1,0.0
Lee Ufan · Multiple · 2025 Q2,From Line AP,2026-04-27,Direct,true,1,0,1,0.0
Lee Ufan · Multiple · 2025 Q2,From Line AP,2026-05-09,Direct,true,1,0,1,0.0
Lee Ufan · Multiple · 2025 Q2,From Line AP,2026-07-31,AA Email Man,true,1,0,1,0.0
Lee Ufan · Multiple · 2025 Q2,From Line AP,2026-09-15,Direct,true,1,0,1,0.0
Lee Ufan · Multiple · 2025 Q2,From Point Ⅰ,2025-05-19,AA Email Man,true,2,2,2,0.0
Lee Ufan · Multiple · 2025 Q2,From Point Ⅰ,2025-05-20,Direct,true,1,1,1,0.0
Lee Ufan · Multiple · 2025 Q2,From Point Ⅰ,2025-05-20,Referral Other,true,3,3,3,1.0
Lee Ufan · Multiple · 2025 Q2,From Point Ⅰ,2025-05-21,AA Email Auto,true,1,1,1,1.0
Lee Ufan · Multiple · 2025 Q2,From Point Ⅰ,2025-05-21,Referral Other,true,1,1,1,0.0
Lee Ufan · Multiple · 2025 Q2,From Point Ⅰ,2025-05-22,Referral Other,true,2,1,2,1.0
Lee Ufan · Multiple · 2025 Q2,From Point Ⅰ,2025-05-22,untracked,true,1,0,1,0.0
Lee Ufan · Multiple · 2025 Q2,From Point Ⅰ,2025-06-02,Organic Search,true,3,0,3,1.0
Lee Ufan · Multiple · 2025 Q2,From Point Ⅰ,2025-06-05,Referral Other,true,1,0,1,1.0
Lee Ufan · Multiple · 2025 Q2,From Point Ⅰ,2025-06-07,Referral Other,true,1,1,1,1.0
Lee Ufan · Multiple · 2025 Q2,From Point Ⅰ,2025-06-10,Direct,true,1,0,1,0.0
Lee Ufan · Multiple · 2025 Q2,From Point Ⅰ,2025-06-13,Direct,true,1,0,1,0.0
Lee Ufan · Multiple · 2025 Q2,From Point Ⅰ,2025-06-16,untracked,true,1,0,1,1.0
Lee Ufan · Multiple · 2025 Q2,From Point Ⅰ,2025-06-26,AA Email Man,true,7,0,7,5.0
Lee Ufan · Multiple · 2025 Q2,From Point Ⅰ,2025-06-26,AA Meta,true,3,0,3,0.0
Lee Ufan · Multiple · 2025 Q2,From Point Ⅰ,2025-06-26,Direct,true,9,0,9,6.0
Lee Ufan · Multiple · 2025 Q2,From Point Ⅰ,2025-06-26,Organic Search,true,8,0,8,5.0
Lee Ufan · Multiple · 2025 Q2,From Point Ⅰ,2025-06-26,Other,true,1,0,1,1.0
Lee Ufan · Multiple · 2025 Q2,From Point Ⅰ,2025-06-26,Paid Social,true,12,0,12,8.0
Lee Ufan · Multiple · 2025 Q2,From Point Ⅰ,2025-06-26,Referral Meta,true,1,1,1,0.0
Lee Ufan · Multiple · 2025 Q2,From Point Ⅰ,2025-06-26,Referral Other,true,7,0,7,4.0
Lee Ufan · Multiple · 2025 Q2,From Point Ⅰ,2025-06-26,untracked,true,9,0,9,6.0
Lee Ufan · Multiple · 2025 Q2,From Point Ⅰ,2025-06-30,AA Email Man,true,1,1,1,1.0
Lee Ufan · Multiple · 2025 Q2,From Point Ⅰ,2025-06-30,Referral Other,true,1,1,1,1.0
Lee Ufan · Multiple · 2025 Q2,From Point Ⅰ,2025-07-01,AA Email Man,true,1,1,1,0.0
Lee Ufan · Multiple · 2025 Q2,From Point Ⅰ,2025-07-01,Direct,true,1,0,1,0.0
Lee Ufan · Multiple · 2025 Q2,From Point Ⅰ,2025-10-22,untracked,true,1,0,1,0.0
Lee Ufan · Multiple · 2025 Q2,From Point Ⅰ AP,2025-07-16,Organic Search,true,1,0,1,0.0
Lee Ufan · Multiple · 2025 Q2,From Point Ⅰ AP,2025-07-22,untracked,true,1,0,1,0.0
Lee Ufan · Multiple · 2025 Q2,From Point Ⅰ AP,2026-04-27,Direct,true,1,0,1,0.0
Lee Ufan · Multiple · 2025 Q2,From Point Ⅰ AP,2026-08-01,Referral Other,true,1,0,1,0.0
Lee Ufan · Multiple · 2025 Q2,From Point Ⅰ AP,2026-08-07,Direct,true,1,0,1,0.0
Lee Ufan · Multiple · 2025 Q2,From Point Ⅰ AP,2026-09-15,Direct,true,1,0,1,0.0
Lee Ufan · Multiple · 2025 Q2,From Point Ⅱ,2025-05-19,AA Email Man,true,1,1,1,0.0
Lee Ufan · Multiple · 2025 Q2,From Point Ⅱ,2025-05-19,Referral Other,true,1,1,1,0.0
Lee Ufan · Multiple · 2025 Q2,From Point Ⅱ,2025-05-20,AA Email Man,true,1,1,1,0.0
Lee Ufan · Multiple · 2025 Q2,From Point Ⅱ,2025-05-20,AA Meta,true,1,1,1,0.0
Lee Ufan · Multiple · 2025 Q2,From Point Ⅱ,2025-05-21,AA Email Man,true,3,2,3,1.0
Lee Ufan · Multiple · 2025 Q2,From Point Ⅱ,2025-05-21,Direct,true,1,1,1,0.0
Lee Ufan · Multiple · 2025 Q2,From Point Ⅱ,2025-05-22,untracked,true,1,0,1,0.0
Lee Ufan · Multiple · 2025 Q2,From Point Ⅱ,2025-06-02,Organic Search,true,3,0,3,1.0
Lee Ufan · Multiple · 2025 Q2,From Point Ⅱ,2025-06-05,Referral Other,true,1,0,1,1.0
Lee Ufan · Multiple · 2025 Q2,From Point Ⅱ,2025-06-07,Referral Other,true,1,1,1,1.0
Lee Ufan · Multiple · 2025 Q2,From Point Ⅱ,2025-06-13,Direct,true,1,0,1,0.0
Lee Ufan · Multiple · 2025 Q2,From Point Ⅱ,2025-06-16,untracked,true,1,0,1,1.0
Lee Ufan · Multiple · 2025 Q2,From Point Ⅱ,2025-06-25,Organic Search,true,1,0,1,1.0
Lee Ufan · Multiple · 2025 Q2,From Point Ⅱ,2025-06-26,AA Email Man,true,9,0,9,2.0
Lee Ufan · Multiple · 2025 Q2,From Point Ⅱ,2025-06-26,AA Meta,true,1,0,1,0.0
Lee Ufan · Multiple · 2025 Q2,From Point Ⅱ,2025-06-26,Direct,true,7,0,7,2.0
Lee Ufan · Multiple · 2025 Q2,From Point Ⅱ,2025-06-26,Organic Search,true,7,0,7,5.0
Lee Ufan · Multiple · 2025 Q2,From Point Ⅱ,2025-06-26,Paid Social,true,9,1,9,4.0
Lee Ufan · Multiple · 2025 Q2,From Point Ⅱ,2025-06-26,Referral Other,true,5,0,5,4.0
Lee Ufan · Multiple · 2025 Q2,From Point Ⅱ,2025-06-26,untracked,true,9,0,9,7.0
Lee Ufan · Multiple · 2025 Q2,From Point Ⅱ,2025-06-27,Direct,true,2,0,2,1.0
Lee Ufan · Multiple · 2025 Q2,From Point Ⅱ,2025-06-30,AA Email Man,true,2,2,2,1.0
Lee Ufan · Multiple · 2025 Q2,From Point Ⅱ,2025-06-30,Direct,true,1,1,1,0.0
Lee Ufan · Multiple · 2025 Q2,From Point Ⅱ,2025-06-30,Referral Other,true,2,2,2,1.0
Lee Ufan · Multiple · 2025 Q2,From Point Ⅱ,2025-07-01,AA Email Man,true,1,0,1,0.0
Lee Ufan · Multiple · 2025 Q2,From Point Ⅱ,2025-07-09,AA Email Man,true,1,1,1,0.0
Lee Ufan · Multiple · 2025 Q2,From Point Ⅱ,2025-07-09,Direct,true,5,5,5,2.0
Lee Ufan · Multiple · 2025 Q2,From Point Ⅱ,2025-07-09,Paid Social,true,1,1,1,1.0
Lee Ufan · Multiple · 2025 Q2,From Point Ⅱ AP,2025-07-09,Organic Search,true,1,0,1,0.0
Lee Ufan · Multiple · 2025 Q2,From Point Ⅱ AP,2025-07-16,Organic Search,true,1,0,1,0.0
Lee Ufan · Multiple · 2025 Q2,From Point Ⅱ AP,2025-07-22,untracked,true,1,0,1,0.0
Lee Ufan · Multiple · 2025 Q2,From Point Ⅱ AP,2026-08-06,Direct,true,1,0,1,0.0
Linda Dounia · Faux Letters · 2024 Q2,Faux Letters,2024-05-08,Direct,true,1,0,1,0.0
Linda Dounia · Faux Letters · 2024 Q2,Faux Letters,2024-05-10,Referral X,true,1,1,1,1.0
Linda Dounia · Faux Letters · 2024 Q2,Faux Letters,2024-05-17,untracked,true,1,0,1,0.0
Linda Dounia · Faux Letters · 2024 Q2,Faux Letters,2024-05-28,Direct,true,1,0,1,1.0
Lu Yang · Gong Tau Alien · 2020 Q4,Gong Tau Alien,2023-06-13,Untracked,false,1,0,0,0.0
Lu Yang · Gong Tau Alien · 2020 Q4,Gong Tau Alien,2026-04-05,Untracked,false,1,0,0,0.0
Luc Tuymans · Bell Boy · 2026 Q1,Bell Boy,2026-02-19,untracked,true,1,0,1,0.0
Luc Tuymans · Bell Boy · 2026 Q1,Bell Boy,2026-02-24,Organic Search,true,1,0,1,0.0
Luc Tuymans · Bell Boy · 2026 Q1,Bell Boy,2026-02-27,AA Email Man,true,2,2,2,1.0
Luc Tuymans · Bell Boy · 2026 Q1,Bell Boy,2026-02-27,Referral Other,true,3,3,3,1.0
Luc Tuymans · Bell Boy · 2026 Q1,Bell Boy,2026-02-27,untracked,true,1,1,1,0.0
Luc Tuymans · Bell Boy · 2026 Q1,Bell Boy,2026-02-28,AA Email Man,true,1,1,1,0.0
Luc Tuymans · Bell Boy · 2026 Q1,Bell Boy,2026-02-28,Referral Artist,true,1,1,1,0.0
Luc Tuymans · Bell Boy · 2026 Q1,Bell Boy,2026-02-28,Referral Other,true,2,2,2,0.0
Luc Tuymans · Bell Boy · 2026 Q1,Bell Boy,2026-02-28,untracked,true,1,1,1,0.0
Luc Tuymans · Bell Boy · 2026 Q1,Bell Boy,2026-03-01,Referral Other,true,2,2,2,2.0
Luc Tuymans · Bell Boy · 2026 Q1,Bell Boy,2026-03-03,AA Email Man,true,1,0,1,0.0
Luc Tuymans · Bell Boy · 2026 Q1,Bell Boy,2026-03-04,AA Email Man,true,1,0,1,0.0
Luc Tuymans · Bell Boy · 2026 Q1,Bell Boy,2026-03-04,AA Meta,true,1,0,1,1.0
Luc Tuymans · Bell Boy · 2026 Q1,Bell Boy,2026-03-05,AA Email Man,true,6,0,6,2.0
Luc Tuymans · Bell Boy · 2026 Q1,Bell Boy,2026-03-05,AA Meta,true,2,0,2,0.0
Luc Tuymans · Bell Boy · 2026 Q1,Bell Boy,2026-03-05,Direct,true,2,0,2,2.0
Luc Tuymans · Bell Boy · 2026 Q1,Bell Boy,2026-03-05,Organic Search,true,2,0,2,0.0
Luc Tuymans · Bell Boy · 2026 Q1,Bell Boy,2026-03-05,Referral Artist,true,3,0,3,1.0
Luc Tuymans · Bell Boy · 2026 Q1,Bell Boy,2026-03-05,Referral Meta,true,1,0,1,1.0
Luc Tuymans · Bell Boy · 2026 Q1,Bell Boy,2026-03-06,AA Email Man,true,3,0,3,3.0
Luc Tuymans · Bell Boy · 2026 Q1,Bell Boy,2026-03-06,AA Meta,true,3,0,3,2.0
Luc Tuymans · Bell Boy · 2026 Q1,Bell Boy,2026-03-06,Direct,true,2,0,2,1.0
Luc Tuymans · Bell Boy · 2026 Q1,Bell Boy,2026-03-06,Organic Search,true,4,0,4,2.0
Luc Tuymans · Bell Boy · 2026 Q1,Bell Boy,2026-03-06,untracked,true,1,0,1,1.0
Luc Tuymans · Bell Boy · 2026 Q1,Bell Boy,2026-03-09,AA Email Man,true,7,0,7,5.0
Luc Tuymans · Bell Boy · 2026 Q1,Bell Boy,2026-03-09,AA Meta,true,1,0,1,1.0
Luc Tuymans · Bell Boy · 2026 Q1,Bell Boy,2026-03-09,Direct,true,1,0,1,1.0
Luc Tuymans · Bell Boy · 2026 Q1,Bell Boy,2026-03-09,Organic Search,true,1,0,1,1.0
Luc Tuymans · Bell Boy · 2026 Q1,Bell Boy,2026-03-09,Paid Social,true,9,0,9,8.0
Luc Tuymans · Bell Boy · 2026 Q1,Bell Boy,2026-03-10,Organic Search,true,2,0,2,1.0
Luc Tuymans · Bell Boy · 2026 Q1,Bell Boy,2026-03-12,Direct,true,1,0,1,0.0
Luc Tuymans · Bell Boy · 2026 Q1,Bell Boy,2026-03-12,Organic Search,true,1,0,1,1.0
Luc Tuymans · Bell Boy · 2026 Q1,Bell Boy,2026-03-16,Referral Other,true,1,0,1,0.0
Luc Tuymans · Bell Boy · 2026 Q1,Bell Boy,2026-03-19,Paid Social,true,1,0,1,1.0
Luc Tuymans · Bell Boy · 2026 Q1,Bell Boy,2026-03-30,Direct,true,1,0,1,0.0
Luc Tuymans · Bell Boy · 2026 Q1,Bell Boy,2026-03-30,Referral Artist,true,1,0,1,1.0
Luc Tuymans · Bell Boy · 2026 Q1,Bell Boy,2026-03-31,AA Email Man,true,6,0,6,4.0
Luc Tuymans · Bell Boy · 2026 Q1,Bell Boy,2026-03-31,AA Meta,true,2,0,2,1.0
Luc Tuymans · Bell Boy · 2026 Q1,Bell Boy,2026-03-31,Direct,true,3,0,3,1.0
Luc Tuymans · Bell Boy · 2026 Q1,Bell Boy,2026-03-31,Organic Search,true,3,0,3,2.0
Luc Tuymans · Bell Boy · 2026 Q1,Bell Boy,2026-03-31,Paid Social,true,1,0,1,0.0
Luc Tuymans · Bell Boy · 2026 Q1,Bell Boy,2026-03-31,Referral Artist,true,1,0,1,0.0
Luc Tuymans · Bell Boy · 2026 Q1,Bell Boy,2026-04-17,untracked,true,11,0,11,0.0
Luc Tuymans · Bell Boy · 2026 Q1,Bell Boy,2026-05-26,Referral Other,true,1,0,1,1.0
Lucian Freud · Multiple · 2025 Q3,"Double Portrait, 1985-86",2025-07-16,Untracked,false,48,48,48,20.0
Lucian Freud · Multiple · 2025 Q3,"Double Portrait, 1985-86",2025-07-17,Untracked,false,44,10,44,17.0
Lucian Freud · Multiple · 2025 Q3,"Double Portrait, 1985-86",2025-07-18,Untracked,false,21,2,21,11.0
Lucian Freud · Multiple · 2025 Q3,"Double Portrait, 1985-86",2025-07-19,Untracked,false,9,1,9,4.0
Lucian Freud · Multiple · 2025 Q3,"Double Portrait, 1985-86",2025-07-20,Untracked,false,3,0,3,0.0
Lucian Freud · Multiple · 2025 Q3,"Double Portrait, 1985-86",2025-07-21,Untracked,false,10,1,10,2.0
Lucian Freud · Multiple · 2025 Q3,"Double Portrait, 1985-86",2025-07-22,Untracked,false,3,1,3,0.0
Lucian Freud · Multiple · 2025 Q3,"Double Portrait, 1985-86",2025-07-23,Untracked,false,11,0,11,6.0
Lucian Freud · Multiple · 2025 Q3,"Double Portrait, 1985-86",2025-07-24,Untracked,false,8,0,8,3.0
Lucian Freud · Multiple · 2025 Q3,"Double Portrait, 1985-86",2025-07-29,Untracked,false,2,0,2,0.0
Lucian Freud · Multiple · 2025 Q3,"Double Portrait, 1985-86",2025-07-30,Untracked,false,1,0,1,0.0
Lucian Freud · Multiple · 2025 Q3,"Double Portrait, 1985-86",2025-07-31,Untracked,false,1,0,1,0.0
Lucian Freud · Multiple · 2025 Q3,"Double Portrait, 1985-86",2025-08-18,Untracked,false,1,0,1,0.0
Lucian Freud · Multiple · 2025 Q3,"Double Portrait, 1985-86",2025-09-30,Untracked,false,1,0,1,0.0
Lucian Freud · Multiple · 2025 Q3,"Double Portrait, 1985-86",2025-10-20,Untracked,false,5,0,5,0.0
Lucian Freud · Multiple · 2025 Q3,"Double Portrait, 1985-86",2026-06-23,Untracked,false,1,0,1,0.0
Lucian Freud · Multiple · 2025 Q3,"Girl with Roses, 1947-48",2025-07-16,Untracked,false,5,5,5,2.0
Lucian Freud · Multiple · 2025 Q3,"Girl with Roses, 1947-48",2025-07-17,Untracked,false,7,1,7,4.0
Lucian Freud · Multiple · 2025 Q3,"Girl with Roses, 1947-48",2025-07-18,Untracked,false,8,0,8,2.0
Lucian Freud · Multiple · 2025 Q3,"Girl with Roses, 1947-48",2025-07-22,Untracked,false,2,0,2,0.0
Lucian Freud · Multiple · 2025 Q3,"Girl with Roses, 1947-48",2025-07-24,Untracked,false,1,0,1,0.0
Lucian Freud · Multiple · 2025 Q3,"Girl with Roses, 1947-48",2025-07-29,Untracked,false,1,0,1,1.0
Lucian Freud · Multiple · 2025 Q3,"Girl with Roses, 1947-48",2025-07-31,Untracked,false,1,0,1,0.0
Lucian Freud · Multiple · 2025 Q3,"Girl with Roses, 1947-48",2025-10-20,Untracked,false,5,0,5,0.0
Lucian Freud · Multiple · 2025 Q3,"Girl with a Kitten, 1947",2025-07-15,Untracked,false,1,0,1,0.0
Lucian Freud · Multiple · 2025 Q3,"Girl with a Kitten, 1947",2025-07-16,Untracked,false,10,10,10,3.0
Lucian Freud · Multiple · 2025 Q3,"Girl with a Kitten, 1947",2025-07-17,Untracked,false,27,5,27,10.0
Lucian Freud · Multiple · 2025 Q3,"Girl with a Kitten, 1947",2025-07-18,Untracked,false,13,0,13,2.0
Lucian Freud · Multiple · 2025 Q3,"Girl with a Kitten, 1947",2025-07-19,Untracked,false,2,0,2,1.0
Lucian Freud · Multiple · 2025 Q3,"Girl with a Kitten, 1947",2025-07-20,Untracked,false,2,0,2,0.0
Lucian Freud · Multiple · 2025 Q3,"Girl with a Kitten, 1947",2025-07-21,Untracked,false,3,1,3,0.0
Lucian Freud · Multiple · 2025 Q3,"Girl with a Kitten, 1947",2025-07-22,Untracked,false,2,0,2,0.0
Lucian Freud · Multiple · 2025 Q3,"Girl with a Kitten, 1947",2025-07-23,Untracked,false,3,0,3,0.0
Lucian Freud · Multiple · 2025 Q3,"Girl with a Kitten, 1947",2025-07-24,Untracked,false,5,0,5,2.0
Lucian Freud · Multiple · 2025 Q3,"Girl with a Kitten, 1947",2025-07-25,Untracked,false,1,0,1,1.0
Lucian Freud · Multiple · 2025 Q3,"Girl with a Kitten, 1947",2025-07-28,Untracked,false,1,0,1,1.0
Lucian Freud · Multiple · 2025 Q3,"Girl with a Kitten, 1947",2025-07-29,Untracked,false,1,0,1,1.0
Lucian Freud · Multiple · 2025 Q3,"Girl with a Kitten, 1947",2025-07-31,Untracked,false,1,0,1,0.0
Lucian Freud · Multiple · 2025 Q3,"Girl with a Kitten, 1947",2025-10-20,Untracked,false,5,0,5,0.0
Lucian Freud · Multiple · 2025 Q3,"Girl with a Kitten, 1947",2026-02-02,Untracked,false,1,0,1,0.0
Lucian Freud · Multiple · 2025 Q3,"Girl with a Kitten, 1947 and Girl with Roses, 1947-48",2025-07-16,Untracked,false,1,1,1,0.0
Lucian Freud · Multiple · 2025 Q3,"Girl with a Kitten, 1947 and Girl with Roses, 1947-48",2025-07-21,Untracked,false,1,0,1,0.0
Lucian Freud · Multiple · 2025 Q3,Quartet,2025-07-16,Untracked,false,5,5,5,1.0
Lucian Freud · Multiple · 2025 Q3,Quartet,2025-07-17,Untracked,false,3,1,3,2.0
Lucian Freud · Multiple · 2025 Q3,Quartet,2025-07-19,Untracked,false,2,0,2,2.0
Lucian Freud · Multiple · 2025 Q3,Quartet,2025-08-27,Referral Other,true,1,0,1,0.0
Lucian Freud · Multiple · 2025 Q3,"Reflection (Self-portrait), 1983-85",2025-07-04,Untracked,false,1,0,1,1.0
Lucian Freud · Multiple · 2025 Q3,"Reflection (Self-portrait), 1983-85",2025-07-09,Untracked,false,1,0,1,0.0
Lucian Freud · Multiple · 2025 Q3,"Reflection (Self-portrait), 1983-85",2025-07-16,Untracked,false,17,17,17,3.0
Lucian Freud · Multiple · 2025 Q3,"Reflection (Self-portrait), 1983-85",2025-07-17,Untracked,false,29,3,29,10.0
Lucian Freud · Multiple · 2025 Q3,"Reflection (Self-portrait), 1983-85",2025-07-18,Untracked,false,12,0,12,4.0
Lucian Freud · Multiple · 2025 Q3,"Reflection (Self-portrait), 1983-85",2025-07-19,Untracked,false,5,0,5,2.0
Lucian Freud · Multiple · 2025 Q3,"Reflection (Self-portrait), 1983-85",2025-07-20,Untracked,false,1,0,1,0.0
Lucian Freud · Multiple · 2025 Q3,"Reflection (Self-portrait), 1983-85",2025-07-21,Untracked,false,1,0,1,1.0
Lucian Freud · Multiple · 2025 Q3,"Reflection (Self-portrait), 1983-85",2025-07-22,Untracked,false,5,0,5,1.0
Lucian Freud · Multiple · 2025 Q3,"Reflection (Self-portrait), 1983-85",2025-07-23,Untracked,false,5,0,5,3.0
Lucian Freud · Multiple · 2025 Q3,"Reflection (Self-portrait), 1983-85",2025-07-24,Untracked,false,5,0,5,1.0
Lucian Freud · Multiple · 2025 Q3,"Reflection (Self-portrait), 1983-85",2025-07-31,Untracked,false,1,0,1,0.0
Lucian Freud · Multiple · 2025 Q3,"Reflection (Self-portrait), 1983-85",2025-09-30,Untracked,false,1,0,1,0.0
Lucian Freud · Multiple · 2025 Q3,"Reflection (Self-portrait), 1983-85",2025-10-20,Untracked,false,5,0,5,0.0
Lucian Freud · Multiple · 2025 Q3,"Reflection (Self-portrait), 1983-85",2025-10-29,Untracked,false,1,0,1,0.0
Lucian Freud · Multiple · 2025 Q3,"Reflection (Self-portrait), 1983-85",2026-03-09,Untracked,false,1,0,1,0.0
Lucian Freud · Multiple · 2025 Q3,"Reflection (Self-portrait), 1983-85 and Double Portrait, 1985-86",2025-07-16,Untracked,false,11,11,11,5.0
Lucian Freud · Multiple · 2025 Q3,"Reflection (Self-portrait), 1983-85 and Double Portrait, 1985-86",2025-07-17,Untracked,false,4,1,4,1.0
Lucian Freud · Multiple · 2025 Q3,"Reflection (Self-portrait), 1983-85 and Double Portrait, 1985-86",2025-07-18,Untracked,false,2,1,2,2.0
Lucian Freud · Multiple · 2025 Q3,"Reflection (Self-portrait), 1983-85 and Double Portrait, 1985-86",2025-07-19,Untracked,false,1,0,1,1.0
Lucian Freud · Multiple · 2025 Q3,"Reflection (Self-portrait), 1983-85 and Double Portrait, 1985-86",2025-07-20,Untracked,false,1,0,1,0.0
Lucian Freud · Multiple · 2026 Q2,"Double Portrait, 1988-90",2026-02-23,Direct,true,1,0,1,1.0
Lucian Freud · Multiple · 2026 Q2,"Double Portrait, 1988-90",2026-03-31,Untracked,false,1,0,1,1.0
Lucian Freud · Multiple · 2026 Q2,"Double Portrait, 1988-90",2026-04-13,Untracked,false,9,9,9,5.0
Lucian Freud · Multiple · 2026 Q2,"Double Portrait, 1988-90",2026-04-14,Untracked,false,18,3,18,8.0
Lucian Freud · Multiple · 2026 Q2,"Double Portrait, 1988-90",2026-04-15,Untracked,false,7,0,7,5.0
Lucian Freud · Multiple · 2026 Q2,"Double Portrait, 1988-90",2026-04-16,Untracked,false,10,0,10,5.0
Lucian Freud · Multiple · 2026 Q2,"Double Portrait, 1988-90",2026-08-30,Untracked,false,1,0,1,0.0
Lucian Freud · Multiple · 2026 Q2,"Double Portrait, 1988-90 & Self-portrait, Reflection, 2002",2026-04-13,Untracked,false,3,3,3,0.0
Lucian Freud · Multiple · 2026 Q2,"Double Portrait, 1988-90 & Self-portrait, Reflection, 2002",2026-04-14,Untracked,false,1,0,1,1.0
Lucian Freud · Multiple · 2026 Q2,"Girl in Bed, 1953",2026-03-05,Untracked,false,1,0,1,1.0
Lucian Freud · Multiple · 2026 Q2,"Girl in Bed, 1953",2026-04-13,Untracked,false,14,13,14,8.0
Lucian Freud · Multiple · 2026 Q2,"Girl in Bed, 1953",2026-04-14,Untracked,false,24,2,24,11.0
Lucian Freud · Multiple · 2026 Q2,"Girl in Bed, 1953",2026-04-15,Untracked,false,15,0,15,7.0
Lucian Freud · Multiple · 2026 Q2,"Girl in Bed, 1953",2026-04-16,Untracked,false,11,0,11,7.0
Lucian Freud · Multiple · 2026 Q2,"Girl in Bed, 1953",2026-04-17,Untracked,false,1,0,1,1.0
Lucian Freud · Multiple · 2026 Q2,"Girl in Bed, 1953",2026-04-18,Untracked,false,1,0,1,0.0
Lucian Freud · Multiple · 2026 Q2,"Girl in Bed, 1953",2026-04-22,Untracked,false,1,0,1,0.0
Lucian Freud · Multiple · 2026 Q2,"Girl in Bed, 1953 & Reflection with Two Children (Self-portrait), 1965",2026-04-14,Untracked,false,2,1,2,0.0
Lucian Freud · Multiple · 2026 Q2,"Reflection with Two Children (Self-portrait), 1965",2026-02-24,Untracked,false,1,0,1,0.0
Lucian Freud · Multiple · 2026 Q2,"Reflection with Two Children (Self-portrait), 1965",2026-04-13,Untracked,false,6,6,6,4.0
Lucian Freud · Multiple · 2026 Q2,"Reflection with Two Children (Self-portrait), 1965",2026-04-14,Untracked,false,17,5,17,5.0
Lucian Freud · Multiple · 2026 Q2,"Reflection with Two Children (Self-portrait), 1965",2026-04-15,Untracked,false,5,0,5,3.0
Lucian Freud · Multiple · 2026 Q2,"Reflection with Two Children (Self-portrait), 1965",2026-04-16,Untracked,false,11,0,11,7.0
Lucian Freud · Multiple · 2026 Q2,"Reflection with Two Children (Self-portrait), 1965",2026-08-30,Untracked,false,1,0,1,0.0
Lucian Freud · Multiple · 2026 Q2,"Self-portrait, Reflection, 2002",2026-04-13,Untracked,false,10,9,10,5.0
Lucian Freud · Multiple · 2026 Q2,"Self-portrait, Reflection, 2002",2026-04-14,Untracked,false,14,2,14,5.0
Lucian Freud · Multiple · 2026 Q2,"Self-portrait, Reflection, 2002",2026-04-15,Untracked,false,2,0,2,2.0
Lucian Freud · Multiple · 2026 Q2,"Self-portrait, Reflection, 2002",2026-04-16,Untracked,false,5,0,5,3.0
Lucian Freud · Multiple · 2026 Q2,"Self-portrait, Reflection, 2002",2026-04-17,Untracked,false,1,0,1,0.0
Lucian Freud · Multiple · 2026 Q2,"Self-portrait, Reflection, 2002",2026-04-30,Untracked,false,1,0,1,0.0
Lucian Freud · Multiple · 2026 Q2,Set of 4,2026-04-13,Untracked,false,4,4,4,2.0
Lucian Freud · Multiple · 2026 Q2,Set of 4,2026-04-14,Untracked,false,3,1,3,2.0
Lucian Freud · Multiple · 2026 Q2,Set of 4,2026-04-15,Untracked,false,3,0,3,0.0
Ludovic Nkoth · Multiple · 2021 Q3,All Aboard (Hand-finished),2023-05-02,Direct,true,1,0,0,0.0
Ludovic Nkoth · Multiple · 2021 Q3,All Aboard (Hand-finished),2025-05-15,Untracked,false,1,0,0,0.0
Luis Ponce · And the Absurd Was Born · 2023 Q4,And the Absurd Was Born,2023-10-29,Direct,true,1,0,0,0.0
Luis Ponce · And the Absurd Was Born · 2023 Q4,And the Absurd Was Born,2023-10-31,Direct,true,1,1,0,0.0
Luis Ponce · And the Absurd Was Born · 2023 Q4,And the Absurd Was Born,2023-11-03,Direct,true,1,1,0,0.0
Luis Ponce · And the Absurd Was Born · 2023 Q4,And the Absurd Was Born,2023-11-09,Referral X,true,1,0,0,0.0
Luis Ponce · And the Absurd Was Born · 2023 Q4,And the Absurd Was Born,2023-11-09,untracked,true,1,0,0,0.0
Luis Ponce · And the Absurd Was Born · 2023 Q4,And the Absurd Was Born,2023-11-10,AA Email Man,true,3,0,0,0.0
Luis Ponce · And the Absurd Was Born · 2023 Q4,And the Absurd Was Born,2023-11-10,AA X,true,5,0,0,0.0
Luis Ponce · And the Absurd Was Born · 2023 Q4,And the Absurd Was Born,2023-11-10,Direct,true,3,0,0,0.0
Luis Ponce · And the Absurd Was Born · 2023 Q4,And the Absurd Was Born,2023-11-10,Organic Search,true,1,0,0,0.0
Luis Ponce · And the Absurd Was Born · 2023 Q4,And the Absurd Was Born,2023-11-10,Other,true,1,0,0,0.0
Luis Ponce · And the Absurd Was Born · 2023 Q4,And the Absurd Was Born,2023-11-10,Referral Artist,true,1,0,0,0.0
Luis Ponce · And the Absurd Was Born · 2023 Q4,And the Absurd Was Born,2023-11-10,Referral Other,true,1,0,0,0.0
Luis Ponce · And the Absurd Was Born · 2023 Q4,And the Absurd Was Born,2023-11-10,Referral X,true,2,0,0,0.0
Luis Ponce · And the Absurd Was Born · 2023 Q4,And the Absurd Was Born,2023-11-10,untracked,true,2,0,0,0.0
Magdalena Suarez Frimkess · Homage for Jasper Johns · 2024 Q3,Homage for Jasper Johns,2024-07-18,untracked,true,1,0,1,0.0
Magdalena Suarez Frimkess · Homage for Jasper Johns · 2024 Q3,Homage for Jasper Johns,2024-07-19,AA Email Man,true,3,0,3,3.0
Magdalena Suarez Frimkess · Homage for Jasper Johns · 2024 Q3,Homage for Jasper Johns,2024-07-19,Direct,true,1,0,1,1.0
Magdalena Suarez Frimkess · Homage for Jasper Johns · 2024 Q3,Homage for Jasper Johns,2024-07-19,untracked,true,1,0,1,1.0
Magdalena Suarez Frimkess · Homage for Jasper Johns · 2024 Q3,Homage for Jasper Johns,2024-07-22,AA Email Man,true,1,0,1,1.0
Magdalena Suarez Frimkess · Homage for Jasper Johns · 2024 Q3,Homage for Jasper Johns,2024-07-22,AA Meta,true,1,0,1,0.0
Magdalena Suarez Frimkess · Homage for Jasper Johns · 2024 Q3,Homage for Jasper Johns,2024-07-22,untracked,true,1,0,1,0.0
Magdalena Suarez Frimkess · Homage for Jasper Johns · 2024 Q3,Homage for Jasper Johns,2024-07-24,Referral Other,true,1,0,1,0.0
Magdalena Suarez Frimkess · Homage for Jasper Johns · 2024 Q3,Homage for Jasper Johns,2024-07-25,AA Email Man,true,2,0,2,1.0
Magdalena Suarez Frimkess · Homage for Jasper Johns · 2024 Q3,Homage for Jasper Johns,2024-07-25,AA Meta,true,1,0,1,0.0
Magdalena Suarez Frimkess · Homage for Jasper Johns · 2024 Q3,Homage for Jasper Johns,2024-07-25,Direct,true,1,0,1,0.0
Magdalena Suarez Frimkess · Homage for Jasper Johns · 2024 Q3,Homage for Jasper Johns,2024-07-30,Direct,true,1,0,1,0.0
Magdalena Suarez Frimkess · Homage for Jasper Johns · 2024 Q3,Homage for Jasper Johns,2024-08-06,AA Email Man,true,4,0,4,0.0
Magdalena Suarez Frimkess · Homage for Jasper Johns · 2024 Q3,Homage for Jasper Johns,2024-08-06,Organic Search,true,1,0,1,0.0
Magdalena Suarez Frimkess · Homage for Jasper Johns · 2024 Q3,Homage for Jasper Johns,2024-08-06,Paid Social,true,1,0,1,1.0
Magdalena Suarez Frimkess · Homage for Jasper Johns · 2024 Q3,Homage for Jasper Johns,2024-08-06,Referral Other,true,1,0,1,0.0
Magdalena Suarez Frimkess · Homage for Jasper Johns · 2024 Q3,Homage for Jasper Johns,2024-08-06,untracked,true,2,0,2,1.0
Magdalena Suarez Frimkess · Homage for Jasper Johns · 2024 Q3,Homage for Jasper Johns,2024-09-19,AA Meta,true,1,0,1,0.0
Magdalena Suarez Frimkess · Homage for Jasper Johns · 2024 Q3,Homage for Jasper Johns,2025-10-28,untracked,true,2,0,2,1.0
Makiko Kudo · Empathy AP · 2021 Q2,Empathy AP,2025-01-07,Untracked,false,1,0,0,0.0
Man Ray · Multiple · 2026 Q1,Larmes de Verre,2026-01-23,Untracked,false,1,0,1,0.0
Man Ray · Multiple · 2026 Q1,Larmes de Verre,2026-02-16,Untracked,false,36,36,36,16.0
Man Ray · Multiple · 2026 Q1,Larmes de Verre,2026-02-17,Untracked,false,59,15,59,32.0
Man Ray · Multiple · 2026 Q1,Larmes de Verre,2026-02-18,Untracked,false,38,3,38,17.0
Man Ray · Multiple · 2026 Q1,Larmes de Verre,2026-02-19,Untracked,false,30,0,30,11.0
Man Ray · Multiple · 2026 Q1,Larmes de Verre,2026-02-20,Untracked,false,2,0,2,1.0
Man Ray · Multiple · 2026 Q1,Larmes de Verre,2026-02-23,Untracked,false,1,0,1,0.0
Man Ray · Multiple · 2026 Q1,Larmes de Verre,2026-02-24,Untracked,false,3,0,3,1.0
Man Ray · Multiple · 2026 Q1,Larmes de Verre,2026-02-25,Untracked,false,1,0,1,0.0
Man Ray · Multiple · 2026 Q1,Larmes de Verre,2026-03-02,Untracked,false,1,0,1,0.0
Man Ray · Multiple · 2026 Q1,Larmes de Verre,2026-03-04,Untracked,false,1,0,1,0.0
Man Ray · Multiple · 2026 Q1,Le Violon d’Ingres,2026-01-26,Untracked,false,1,0,1,1.0
Man Ray · Multiple · 2026 Q1,Le Violon d’Ingres,2026-02-16,Untracked,false,19,19,19,9.0
Man Ray · Multiple · 2026 Q1,Le Violon d’Ingres,2026-02-17,Untracked,false,28,9,28,13.0
Man Ray · Multiple · 2026 Q1,Le Violon d’Ingres,2026-02-18,Untracked,false,19,0,19,8.0
Man Ray · Multiple · 2026 Q1,Le Violon d’Ingres,2026-02-19,Untracked,false,16,0,16,7.0
Man Ray · Multiple · 2026 Q1,Le Violon d’Ingres,2026-02-20,Untracked,false,1,0,1,0.0
Man Ray · Multiple · 2026 Q1,Le Violon d’Ingres,2026-02-23,Untracked,false,1,0,1,0.0
Man Ray · Multiple · 2026 Q1,Le Violon d’Ingres,2026-02-24,Untracked,false,2,0,2,2.0
Man Ray · Multiple · 2026 Q1,Le Violon d’Ingres,2026-02-25,Untracked,false,1,0,1,0.0
Man Ray · Multiple · 2026 Q1,"Le Violon d’Ingres, Larmes de Verre & Noire et Blanche",2026-02-05,Untracked,false,1,0,1,0.0
Man Ray · Multiple · 2026 Q1,"Le Violon d’Ingres, Larmes de Verre & Noire et Blanche",2026-02-16,Untracked,false,13,13,13,10.0
Man Ray · Multiple · 2026 Q1,"Le Violon d’Ingres, Larmes de Verre & Noire et Blanche",2026-02-17,Untracked,false,11,4,11,4.0
Man Ray · Multiple · 2026 Q1,"Le Violon d’Ingres, Larmes de Verre & Noire et Blanche",2026-02-18,Untracked,false,7,1,7,2.0
Man Ray · Multiple · 2026 Q1,"Le Violon d’Ingres, Larmes de Verre & Noire et Blanche",2026-02-19,Untracked,false,5,0,5,3.0
Man Ray · Multiple · 2026 Q1,Noire et Blanche,2026-01-26,Untracked,false,1,0,1,1.0
Man Ray · Multiple · 2026 Q1,Noire et Blanche,2026-02-16,Untracked,false,21,21,21,9.0
Man Ray · Multiple · 2026 Q1,Noire et Blanche,2026-02-17,Untracked,false,21,4,21,13.0
Man Ray · Multiple · 2026 Q1,Noire et Blanche,2026-02-18,Untracked,false,17,0,17,11.0
Man Ray · Multiple · 2026 Q1,Noire et Blanche,2026-02-19,Untracked,false,19,0,19,10.0
Man Ray · Multiple · 2026 Q1,Noire et Blanche,2026-02-20,Untracked,false,4,0,4,0.0
Man Ray · Multiple · 2026 Q1,Noire et Blanche,2026-02-23,Referral Other,true,1,0,1,1.0
Man Ray · Multiple · 2026 Q1,Noire et Blanche,2026-02-24,Untracked,false,1,0,1,1.0
Man Ray · Multiple · 2026 Q1,Noire et Blanche,2026-03-02,Untracked,false,1,0,1,1.0
Man Ray · Multiple · 2026 Q1,Noire et Blanche & Larmes de Verre,2026-02-16,Untracked,false,5,5,5,4.0
Man Ray · Multiple · 2026 Q1,Noire et Blanche & Larmes de Verre,2026-02-17,Untracked,false,4,1,4,2.0
Man Ray · Multiple · 2026 Q1,Noire et Blanche & Larmes de Verre,2026-02-18,Untracked,false,1,0,1,1.0
Man Ray · Multiple · 2026 Q1,Noire et Blanche & Larmes de Verre,2026-02-19,Untracked,false,4,0,4,3.0
Marc Quinn · Aragonitesphere · 2019 Q3,Aragonitesphere,2024-01-29,Untracked,false,1,1,0,0.0
Marc Quinn · Aragonitesphere · 2019 Q3,Aragonitesphere,2024-04-17,Untracked,false,1,0,0,0.0
Marc Quinn · Aragonitesphere · 2019 Q3,Aragonitesphere,2024-07-12,Untracked,false,1,0,0,0.0
Marc Quinn · Aragonitesphere · 2019 Q3,Aragonitesphere,2025-01-03,Untracked,false,1,0,0,0.0
Marcus Jansen · Afro Painter · 2023 Q4,Afro Painter,2023-08-30,Direct,true,1,0,1,0.0
Marcus Jansen · Afro Painter · 2023 Q4,Afro Painter,2023-09-03,Direct,true,2,0,2,0.0
Marcus Jansen · Afro Painter · 2023 Q4,Afro Painter,2023-09-12,Referral Other,true,1,0,1,0.0
Marcus Jansen · Afro Painter · 2023 Q4,Afro Painter,2023-09-18,Direct,true,1,1,1,0.0
Marcus Jansen · Afro Painter · 2023 Q4,Afro Painter,2023-09-19,AA Email Auto,true,1,0,1,0.0
Marcus Jansen · Afro Painter · 2023 Q4,Afro Painter,2023-09-19,Organic Search,true,1,0,1,0.0
Marcus Jansen · Afro Painter · 2023 Q4,Afro Painter,2023-09-22,AA Email Man,true,2,2,2,0.0
Marcus Jansen · Afro Painter · 2023 Q4,Afro Painter,2023-09-22,Organic Search,true,1,0,1,0.0
Marcus Jansen · Afro Painter · 2023 Q4,Afro Painter,2023-10-02,untracked,true,1,0,1,0.0
Marcus Jansen · Afro Painter · 2023 Q4,Afro Painter,2023-10-05,AA Email Man,true,5,0,5,0.0
Marcus Jansen · Afro Painter · 2023 Q4,Afro Painter,2023-10-05,Direct,true,2,0,2,0.0
Marcus Jansen · Afro Painter · 2023 Q4,Afro Painter,2023-10-05,Organic Search,true,2,0,2,0.0
Marcus Jansen · Afro Painter · 2023 Q4,Afro Painter,2023-10-05,untracked,true,1,0,1,1.0
Marcus Jansen · Afro Painter · 2023 Q4,Afro Painter,2023-10-09,AA Email Man,true,1,0,1,1.0
Marcus Jansen · Afro Painter · 2023 Q4,Afro Painter,2023-10-16,Direct,true,1,0,1,0.0
Marcus Jansen · Afro Painter · 2023 Q4,Afro Painter,2023-10-24,AA Email Man,true,1,0,1,0.0
Marcus Jansen · Afro Painter · 2023 Q4,Afro Painter,2023-10-24,Direct,true,1,0,1,0.0
Marcus Jansen · Afro Painter · 2023 Q4,Afro Painter,2023-11-02,Direct,true,1,0,1,1.0
Marcus Jansen · Afro Painter · 2023 Q4,Afro Painter,2024-06-15,AA Meta,true,1,0,1,1.0
Marcus Jansen · Afro Painter · 2023 Q4,Afro Painter,2024-06-19,Direct,true,1,0,1,0.0
Marcus Jansen · Afro Painter · 2023 Q4,Afro Painter,2025-03-07,Referral Other,true,1,0,1,0.0
Marcus Jansen · Afro Painter · 2023 Q4,Afro Painter,2025-03-18,Direct,true,1,0,1,0.0
Marcus Jansen · Afro Painter · 2023 Q4,Afro Painter,2025-04-02,Referral Other,true,1,0,1,0.0
Marcus Jansen · Afro Painter · 2023 Q4,Afro Painter,2025-04-29,Referral Other,true,1,0,1,1.0
Marcus Jansen · Afro Painter · 2023 Q4,Afro Painter,2025-08-21,untracked,true,1,0,1,0.0
Marcus Jansen · Afro Painter · 2023 Q4,Afro Painter,2025-08-24,Paid Social,true,1,0,1,0.0
Marcus Jansen · Afro Painter · 2023 Q4,Afro Painter,2025-08-30,Referral Other,true,1,0,1,1.0
Marcus Jansen · Afro Painter · 2023 Q4,Afro Painter,2025-09-17,Referral Other,true,1,0,1,1.0
Marcus Jansen · Afro Painter · 2023 Q4,Afro Painter,2025-09-22,Referral Other,true,1,0,1,1.0
Marcus Jansen · Afro Painter · 2023 Q4,Afro Painter,2025-09-24,Referral Other,true,1,0,1,1.0
Marcus Jansen · Afro Painter · 2023 Q4,Afro Painter,2025-12-24,Referral Other,true,1,1,1,0.0
Marcus Jansen · Afro Painter · 2023 Q4,Afro Painter,2026-01-08,AA Email Man,true,1,0,1,0.0
Marcus Jansen · Afro Painter · 2023 Q4,Afro Painter,2026-04-21,Referral Other,true,1,0,1,1.0
Marcus Jansen · Afro Painter · 2023 Q4,Afro Painter,2026-05-24,Referral Other,true,1,0,1,1.0
Margo Wolowiec · -57° · 2020 Q1,-57°,2025-01-03,Untracked,false,1,0,1,1.0
Marina Abramović · Maria/Marina · 2026 Q1,Maria/Marina,2026-01-14,Untracked,false,1,0,1,0.0
Marina Abramović · Maria/Marina · 2026 Q1,Maria/Marina,2026-01-15,Untracked,false,3,0,3,3.0
Marina Abramović · Maria/Marina · 2026 Q1,Maria/Marina,2026-01-28,Untracked,false,5,0,5,0.0
Marina Abramović · Maria/Marina · 2026 Q1,Maria/Marina,2026-01-30,Untracked,false,1,0,1,1.0
Marina Abramović · Maria/Marina · 2026 Q1,Maria/Marina,2026-02-05,Untracked,false,1,0,1,0.0
Marina Abramović · Maria/Marina · 2026 Q1,Maria/Marina,2026-02-06,Untracked,false,1,0,1,0.0
Marina Abramović · Maria/Marina · 2026 Q1,Maria/Marina,2026-02-09,Untracked,false,263,263,263,137.0
Marina Abramović · Maria/Marina · 2026 Q1,Maria/Marina,2026-02-10,Untracked,false,403,167,403,153.0
Marina Abramović · Maria/Marina · 2026 Q1,Maria/Marina,2026-02-11,Untracked,false,162,11,162,57.0
Marina Abramović · Maria/Marina · 2026 Q1,Maria/Marina,2026-02-12,Untracked,false,166,5,166,38.0
Marina Abramović · Maria/Marina · 2026 Q1,Maria/Marina,2026-02-13,Untracked,false,4,0,4,0.0
Marina Abramović · Maria/Marina · 2026 Q1,Maria/Marina,2026-02-16,Untracked,false,6,0,6,1.0
Marina Abramović · Maria/Marina · 2026 Q1,Maria/Marina,2026-02-17,Untracked,false,4,0,4,1.0
Marina Abramović · Maria/Marina · 2026 Q1,Maria/Marina,2026-02-18,Untracked,false,4,0,4,0.0
Marina Abramović · Maria/Marina · 2026 Q1,Maria/Marina,2026-02-19,Untracked,false,1,0,1,1.0
Marina Abramović · Maria/Marina · 2026 Q1,Maria/Marina,2026-02-20,Untracked,false,4,0,4,0.0
Marina Abramović · Maria/Marina · 2026 Q1,Maria/Marina,2026-02-23,Untracked,false,1,0,1,1.0
Marina Abramović · Maria/Marina · 2026 Q1,Maria/Marina,2026-02-25,Untracked,false,2,0,2,0.0
Marina Abramović · Maria/Marina · 2026 Q1,Maria/Marina,2026-03-02,Untracked,false,1,0,1,0.0
Marina Abramović · Maria/Marina · 2026 Q1,Maria/Marina,2026-03-06,Untracked,false,1,0,1,0.0
Marina Abramović · Maria/Marina · 2026 Q1,Maria/Marina,2026-03-10,Untracked,false,1,0,1,0.0
Marina Abramović · Maria/Marina · 2026 Q1,Maria/Marina,2026-03-30,Untracked,false,1,0,1,0.0
Marina Abramović · Maria/Marina · 2026 Q1,Maria/Marina,2026-03-31,Untracked,false,1,0,1,0.0
Marina Abramović · Maria/Marina · 2026 Q1,Maria/Marina,2026-04-08,Untracked,false,1,0,1,0.0
Marina Abramović · Maria/Marina · 2026 Q1,Maria/Marina,2026-04-21,Untracked,false,1,0,1,0.0
Marina Abramović · Maria/Marina · 2026 Q1,Maria/Marina,2026-04-22,Untracked,false,1,0,1,0.0
Marina Abramović · Maria/Marina · 2026 Q1,Maria/Marina,2026-05-06,Untracked,false,1,0,1,0.0
Marina Abramović · Maria/Marina · 2026 Q1,Maria/Marina,2026-05-08,Untracked,false,1,0,1,0.0
Marina Abramović · Maria/Marina · 2026 Q1,Maria/Marina,2026-08-20,Untracked,false,1,0,1,0.0
Mark Bradford · Scorched Earth Edition · 2025 Q2,Scorched Earth Edition,2025-05-14,Untracked,false,2,1,2,1.0
Mark Bradford · Scorched Earth Edition · 2025 Q2,Scorched Earth Edition,2025-05-16,Untracked,false,1,1,1,1.0
Mark Bradford · Scorched Earth Edition · 2025 Q2,Scorched Earth Edition,2025-05-17,Untracked,false,1,1,1,1.0
Mark Bradford · Scorched Earth Edition · 2025 Q2,Scorched Earth Edition,2025-05-20,Untracked,false,9,9,9,4.0
Mark Bradford · Scorched Earth Edition · 2025 Q2,Scorched Earth Edition,2025-05-21,Untracked,false,6,6,6,5.0
Mark Bradford · Scorched Earth Edition · 2025 Q2,Scorched Earth Edition,2025-05-22,Untracked,false,5,5,5,4.0
Mark Bradford · Scorched Earth Edition · 2025 Q2,Scorched Earth Edition,2025-05-23,Untracked,false,3,3,3,0.0
Mark Bradford · Scorched Earth Edition · 2025 Q2,Scorched Earth Edition,2025-05-24,Untracked,false,2,2,2,2.0
Mark Bradford · Scorched Earth Edition · 2025 Q2,Scorched Earth Edition,2025-05-25,Untracked,false,4,4,4,3.0
Mark Bradford · Scorched Earth Edition · 2025 Q2,Scorched Earth Edition,2025-05-26,Untracked,false,65,65,65,34.0
Mark Bradford · Scorched Earth Edition · 2025 Q2,Scorched Earth Edition,2025-05-27,Untracked,false,104,40,104,48.0
Mark Bradford · Scorched Earth Edition · 2025 Q2,Scorched Earth Edition,2025-05-28,Untracked,false,53,1,53,21.0
Mark Bradford · Scorched Earth Edition · 2025 Q2,Scorched Earth Edition,2025-05-29,Untracked,false,26,0,26,18.0
Mark Bradford · Scorched Earth Edition · 2025 Q2,Scorched Earth Edition,2025-05-30,Untracked,false,16,0,16,7.0
Mark Bradford · Scorched Earth Edition · 2025 Q2,Scorched Earth Edition,2025-05-31,Untracked,false,16,0,16,8.0
Mark Bradford · Scorched Earth Edition · 2025 Q2,Scorched Earth Edition,2025-06-01,Untracked,false,15,0,15,11.0
Mark Bradford · Scorched Earth Edition · 2025 Q2,Scorched Earth Edition,2025-06-02,Untracked,false,33,0,33,11.0
Mark Bradford · Scorched Earth Edition · 2025 Q2,Scorched Earth Edition,2025-06-03,Untracked,false,41,2,41,12.0
Mark Bradford · Scorched Earth Edition · 2025 Q2,Scorched Earth Edition,2025-06-04,Untracked,false,2,0,2,1.0
Mark Bradford · Scorched Earth Edition · 2025 Q2,Scorched Earth Edition,2025-06-05,Untracked,false,1,0,1,0.0
Mark Bradford · Scorched Earth Edition · 2025 Q2,Scorched Earth Edition,2025-06-06,Untracked,false,3,0,3,1.0
Mark Bradford · Scorched Earth Edition · 2025 Q2,Scorched Earth Edition,2025-06-08,Untracked,false,1,0,1,0.0
Mark Bradford · Scorched Earth Edition · 2025 Q2,Scorched Earth Edition,2025-06-09,Untracked,false,24,0,24,0.0
Mark Bradford · Scorched Earth Edition · 2025 Q2,Scorched Earth Edition,2025-06-10,Untracked,false,1,0,1,0.0
Mark Bradford · Scorched Earth Edition · 2025 Q2,Scorched Earth Edition,2025-06-11,Untracked,false,1,0,1,0.0
Mark Bradford · Scorched Earth Edition · 2025 Q2,Scorched Earth Edition,2025-06-12,Untracked,false,2,0,2,0.0
Mark Bradford · Scorched Earth Edition · 2025 Q2,Scorched Earth Edition,2025-06-17,Untracked,false,1,0,1,0.0
Mark Bradford · Scorched Earth Edition · 2025 Q2,Scorched Earth Edition,2025-07-04,Untracked,false,50,0,50,0.0
Mark Bradford · Scorched Earth Edition · 2025 Q2,Scorched Earth Edition,2025-07-09,Untracked,false,1,0,1,1.0
Mark Bradford · Scorched Earth Edition · 2025 Q2,Scorched Earth Edition,2025-07-15,Untracked,false,1,0,1,0.0
Mark Bradford · Scorched Earth Edition · 2025 Q2,Scorched Earth Edition,2025-07-16,Untracked,false,1,0,1,0.0
Mark Bradford · Scorched Earth Edition · 2025 Q2,Scorched Earth Edition,2025-07-22,Untracked,false,1,0,1,0.0
Mark Bradford · Scorched Earth Edition · 2025 Q2,Scorched Earth Edition,2025-08-20,Untracked,false,1,0,1,0.0
Mark Bradford · Scorched Earth Edition · 2025 Q2,Scorched Earth Edition,2025-08-21,Untracked,false,1,0,1,0.0
Mark Bradford · Scorched Earth Edition · 2025 Q2,Scorched Earth Edition,2025-09-15,Untracked,false,1,0,1,0.0
Mark Bradford · Scorched Earth Edition · 2025 Q2,Scorched Earth Edition,2025-10-07,Untracked,false,30,0,30,0.0
Mark Bradford · Scorched Earth Edition · 2025 Q2,Scorched Earth Edition,2025-10-17,Untracked,false,2,0,2,0.0
Mark Bradford · Scorched Earth Edition · 2025 Q2,Scorched Earth Edition,2025-10-20,Untracked,false,1,0,1,0.0
Mark Bradford · Scorched Earth Edition · 2025 Q2,Scorched Earth Edition,2026-03-02,Untracked,false,1,0,1,0.0
Mark Whalen · Early Light · 2023 Q3,Early Light,2023-09-14,AA Meta,true,1,0,1,0.0
Mark Whalen · Early Light · 2023 Q3,Early Light,2023-09-20,Direct,true,1,0,1,0.0
Mark Whalen · Early Light · 2023 Q3,Early Light,2023-09-25,AA Meta,true,1,0,1,1.0
Mark Whalen · Early Light · 2023 Q3,Early Light,2023-09-25,Direct,true,1,0,1,1.0
Mark Whalen · Early Light · 2023 Q3,Early Light,2023-09-25,Organic Search,true,1,0,1,0.0
Mark Whalen · Early Light · 2023 Q3,Early Light,2025-09-29,Referral Other,true,1,0,1,1.0
Mark Whalen · Early Light · 2023 Q3,Early Light,2026-08-24,Organic Search,true,1,0,1,0.0
Matt DesLauriers · Sierra · 2024 Q1,Sierra,2024-01-30,Untracked,false,2,0,2,0.0
Matt DesLauriers · Sierra · 2024 Q1,Sierra,2024-02-01,Untracked,false,3,0,3,0.0
Matt DesLauriers · Sierra · 2024 Q1,Sierra,2024-02-02,Untracked,false,1,0,1,0.0
Matt DesLauriers · Sierra · 2024 Q1,Sierra,2024-02-06,Untracked,false,1,0,1,1.0
Matt DesLauriers · Sierra · 2024 Q1,Sierra,2024-02-07,Untracked,false,51,0,51,30.0
Matt DesLauriers · Sierra · 2024 Q1,Sierra,2024-02-08,Untracked,false,45,0,45,23.0
Matt DesLauriers · Sierra · 2024 Q1,Sierra,2024-02-09,Untracked,false,57,0,57,27.0
Matt DesLauriers · Sierra · 2024 Q1,Sierra,2024-02-13,Untracked,false,5,0,5,4.0
Matt DesLauriers · Sierra · 2024 Q1,Sierra,2024-02-28,Untracked,false,1,0,1,0.0
Matt DesLauriers · Sierra · 2024 Q1,Sierra,2024-05-07,Untracked,false,1,0,1,0.0
Matt DesLauriers · Sierra · 2024 Q1,Sierra,2024-05-10,Untracked,false,1,0,1,1.0
Matt DesLauriers · Sierra · 2024 Q1,Sierra,2024-06-28,Untracked,false,1,0,1,0.0
Maurizio Cattelan · La Nona Ora · 2026 Q2,La Nona Ora,2026-03-31,AA Email Auto,true,4,4,0,0.0
Maurizio Cattelan · La Nona Ora · 2026 Q2,La Nona Ora,2026-03-31,AA Email Man,true,4,3,0,0.0
Maurizio Cattelan · La Nona Ora · 2026 Q2,La Nona Ora,2026-03-31,Organic Search,true,1,1,0,0.0
Maurizio Cattelan · La Nona Ora · 2026 Q2,La Nona Ora,2026-03-31,Referral Other,true,36,36,0,0.0
Maurizio Cattelan · La Nona Ora · 2026 Q2,La Nona Ora,2026-03-31,untracked,true,1,1,0,0.0
Maurizio Cattelan · La Nona Ora · 2026 Q2,La Nona Ora,2026-04-01,AA Email Auto,true,2,2,0,0.0
Maurizio Cattelan · La Nona Ora · 2026 Q2,La Nona Ora,2026-04-01,AA Email Man,true,1,1,0,0.0
Maurizio Cattelan · La Nona Ora · 2026 Q2,La Nona Ora,2026-04-01,AA Meta,true,1,1,0,0.0
Maurizio Cattelan · La Nona Ora · 2026 Q2,La Nona Ora,2026-04-01,Direct,true,2,0,0,0.0
Maurizio Cattelan · La Nona Ora · 2026 Q2,La Nona Ora,2026-04-01,Referral Other,true,24,24,0,0.0
Maurizio Cattelan · La Nona Ora · 2026 Q2,La Nona Ora,2026-04-01,untracked,true,1,1,0,0.0
Maurizio Cattelan · La Nona Ora · 2026 Q2,La Nona Ora,2026-04-02,AA Email Auto,true,1,1,0,0.0
Maurizio Cattelan · La Nona Ora · 2026 Q2,La Nona Ora,2026-04-02,AA Email Man,true,1,1,0,0.0
Maurizio Cattelan · La Nona Ora · 2026 Q2,La Nona Ora,2026-04-02,Direct,true,3,0,0,0.0
Maurizio Cattelan · La Nona Ora · 2026 Q2,La Nona Ora,2026-04-02,Organic Search,true,1,1,0,0.0
Maurizio Cattelan · La Nona Ora · 2026 Q2,La Nona Ora,2026-04-02,Referral Other,true,9,9,0,0.0
Maurizio Cattelan · La Nona Ora · 2026 Q2,La Nona Ora,2026-04-02,untracked,true,3,1,0,0.0
Maurizio Cattelan · La Nona Ora · 2026 Q2,La Nona Ora,2026-04-03,Direct,true,1,0,0,0.0
Maurizio Cattelan · La Nona Ora · 2026 Q2,La Nona Ora,2026-04-07,Direct,true,1,0,0,0.0
Maurizio Cattelan · La Nona Ora · 2026 Q2,La Nona Ora,2026-04-07,Referral Other,true,2,0,0,0.0
Maurizio Cattelan · La Nona Ora · 2026 Q2,La Nona Ora,2026-04-07,untracked,true,1,0,0,0.0
Maurizio Cattelan · La Nona Ora · 2026 Q2,La Nona Ora,2026-04-09,AA Email Auto,true,1,0,0,0.0
Maurizio Cattelan · La Nona Ora · 2026 Q2,La Nona Ora,2026-04-09,AA Email Man,true,38,0,0,0.0
Maurizio Cattelan · La Nona Ora · 2026 Q2,La Nona Ora,2026-04-09,AA Meta,true,8,0,0,0.0
Maurizio Cattelan · La Nona Ora · 2026 Q2,La Nona Ora,2026-04-09,Direct,true,28,0,0,0.0
Maurizio Cattelan · La Nona Ora · 2026 Q2,La Nona Ora,2026-04-09,Organic Search,true,13,0,0,0.0
Maurizio Cattelan · La Nona Ora · 2026 Q2,La Nona Ora,2026-04-09,Other,true,3,0,0,0.0
Maurizio Cattelan · La Nona Ora · 2026 Q2,La Nona Ora,2026-04-09,Paid Social,true,23,0,0,0.0
Maurizio Cattelan · La Nona Ora · 2026 Q2,La Nona Ora,2026-04-09,Referral Other,true,10,0,0,0.0
Maurizio Cattelan · La Nona Ora · 2026 Q2,La Nona Ora,2026-04-09,untracked,true,2,0,0,0.0
Maurizio Cattelan · La Nona Ora · 2026 Q2,La Nona Ora,2026-04-10,AA Email Man,true,2,0,0,0.0
Maurizio Cattelan · La Nona Ora · 2026 Q2,La Nona Ora,2026-04-10,AA Meta,true,1,0,0,0.0
Maurizio Cattelan · La Nona Ora · 2026 Q2,La Nona Ora,2026-04-10,Direct,true,6,0,0,0.0
Maurizio Cattelan · La Nona Ora · 2026 Q2,La Nona Ora,2026-04-10,Organic Search,true,6,0,0,0.0
Maurizio Cattelan · La Nona Ora · 2026 Q2,La Nona Ora,2026-04-10,Paid Social,true,3,0,0,0.0
Maurizio Cattelan · La Nona Ora · 2026 Q2,La Nona Ora,2026-04-10,Referral Other,true,1,0,0,0.0
Maurizio Cattelan · La Nona Ora · 2026 Q2,La Nona Ora,2026-04-13,Direct,true,1,0,0,0.0
Maurizio Cattelan · La Nona Ora · 2026 Q2,La Nona Ora,2026-04-14,Direct,true,1,0,0,0.0
Maurizio Cattelan · La Nona Ora · 2026 Q2,La Nona Ora,2026-04-15,AA Email Auto,true,1,0,0,0.0
Maurizio Cattelan · La Nona Ora · 2026 Q2,La Nona Ora,2026-04-15,AA Email Man,true,8,0,0,0.0
Maurizio Cattelan · La Nona Ora · 2026 Q2,La Nona Ora,2026-04-15,AA Meta,true,1,0,0,0.0
Maurizio Cattelan · La Nona Ora · 2026 Q2,La Nona Ora,2026-04-15,Direct,true,8,0,0,0.0
Maurizio Cattelan · La Nona Ora · 2026 Q2,La Nona Ora,2026-04-15,Organic Search,true,7,0,0,0.0
Maurizio Cattelan · La Nona Ora · 2026 Q2,La Nona Ora,2026-04-15,Other,true,2,0,0,0.0
Maurizio Cattelan · La Nona Ora · 2026 Q2,La Nona Ora,2026-04-15,Paid Social,true,39,0,0,0.0
Maurizio Cattelan · La Nona Ora · 2026 Q2,La Nona Ora,2026-04-15,Referral Other,true,4,0,0,0.0
Maurizio Cattelan · La Nona Ora · 2026 Q2,La Nona Ora,2026-04-15,untracked,true,1,0,0,0.0
Maurizio Cattelan · La Nona Ora · 2026 Q2,La Nona Ora,2026-04-16,AA Email Man,true,1,0,0,0.0
Maurizio Cattelan · La Nona Ora · 2026 Q2,La Nona Ora,2026-04-16,AA Meta,true,1,0,0,0.0
Maurizio Cattelan · La Nona Ora · 2026 Q2,La Nona Ora,2026-04-16,Paid Social,true,1,0,0,0.0
Maurizio Cattelan · La Nona Ora · 2026 Q2,La Nona Ora,2026-04-17,AA Email Man,true,1,0,0,0.0
Maurizio Cattelan · La Nona Ora · 2026 Q2,La Nona Ora,2026-04-17,AA Meta,true,3,0,0,0.0
Maurizio Cattelan · La Nona Ora · 2026 Q2,La Nona Ora,2026-04-17,Direct,true,7,0,0,0.0
Maurizio Cattelan · La Nona Ora · 2026 Q2,La Nona Ora,2026-04-17,Organic Search,true,4,0,0,0.0
Maurizio Cattelan · La Nona Ora · 2026 Q2,La Nona Ora,2026-04-17,Other,true,1,0,0,0.0
Maurizio Cattelan · La Nona Ora · 2026 Q2,La Nona Ora,2026-04-17,Paid Social,true,17,0,0,0.0
Maurizio Cattelan · La Nona Ora · 2026 Q2,La Nona Ora,2026-04-17,Referral Meta,true,1,0,0,0.0
Maurizio Cattelan · La Nona Ora · 2026 Q2,La Nona Ora,2026-04-17,Referral Other,true,3,0,0,0.0
Maurizio Cattelan · La Nona Ora · 2026 Q2,La Nona Ora,2026-04-17,untracked,true,1,0,0,0.0
Maurizio Cattelan · La Nona Ora · 2026 Q2,La Nona Ora,2026-04-18,untracked,true,1,0,0,0.0
Maurizio Cattelan · La Nona Ora · 2026 Q2,La Nona Ora,2026-04-19,Paid Social,true,1,0,0,0.0
Maurizio Cattelan · La Nona Ora · 2026 Q2,La Nona Ora,2026-04-20,AA Email Man,true,2,0,0,0.0
Maurizio Cattelan · La Nona Ora · 2026 Q2,La Nona Ora,2026-04-20,AA Meta,true,1,0,0,0.0
Maurizio Cattelan · La Nona Ora · 2026 Q2,La Nona Ora,2026-04-20,Direct,true,5,0,0,0.0
Maurizio Cattelan · La Nona Ora · 2026 Q2,La Nona Ora,2026-04-20,Organic Search,true,11,0,0,0.0
Maurizio Cattelan · La Nona Ora · 2026 Q2,La Nona Ora,2026-04-20,Other,true,1,0,0,0.0
Maurizio Cattelan · La Nona Ora · 2026 Q2,La Nona Ora,2026-04-20,Paid Social,true,13,0,0,0.0
Maurizio Cattelan · La Nona Ora · 2026 Q2,La Nona Ora,2026-04-20,Referral Other,true,2,0,0,0.0
Maurizio Cattelan · La Nona Ora · 2026 Q2,La Nona Ora,2026-04-21,Direct,true,1,0,0,0.0
Maurizio Cattelan · La Nona Ora · 2026 Q2,La Nona Ora,2026-04-21,Paid Social,true,1,0,0,0.0
Maurizio Cattelan · La Nona Ora · 2026 Q2,La Nona Ora,2026-04-21,untracked,true,2,0,0,0.0
Maurizio Cattelan · La Nona Ora · 2026 Q2,La Nona Ora,2026-04-22,AA Email Man,true,1,1,0,0.0
Maurizio Cattelan · La Nona Ora · 2026 Q2,La Nona Ora,2026-04-22,Direct,true,2,1,0,0.0
Maurizio Cattelan · La Nona Ora · 2026 Q2,La Nona Ora,2026-04-22,Other,true,1,1,0,0.0
Maurizio Cattelan · La Nona Ora · 2026 Q2,La Nona Ora,2026-04-22,Paid Social,true,1,0,0,0.0
Maurizio Cattelan · La Nona Ora · 2026 Q2,La Nona Ora,2026-04-22,untracked,true,1,0,0,0.0
Maurizio Cattelan · La Nona Ora · 2026 Q2,La Nona Ora,2026-04-23,AA Email Auto,true,1,0,0,0.0
Maurizio Cattelan · La Nona Ora · 2026 Q2,La Nona Ora,2026-04-23,AA Email Man,true,38,0,0,0.0
Maurizio Cattelan · La Nona Ora · 2026 Q2,La Nona Ora,2026-04-23,AA Meta,true,7,0,0,0.0
Maurizio Cattelan · La Nona Ora · 2026 Q2,La Nona Ora,2026-04-23,Direct,true,33,0,0,0.0
Maurizio Cattelan · La Nona Ora · 2026 Q2,La Nona Ora,2026-04-23,Organic Search,true,25,0,0,0.0
Maurizio Cattelan · La Nona Ora · 2026 Q2,La Nona Ora,2026-04-23,Other,true,9,0,0,0.0
Maurizio Cattelan · La Nona Ora · 2026 Q2,La Nona Ora,2026-04-23,Paid Social,true,75,0,0,0.0
Maurizio Cattelan · La Nona Ora · 2026 Q2,La Nona Ora,2026-04-23,Referral Other,true,7,2,0,0.0
Maurizio Cattelan · La Nona Ora · 2026 Q2,La Nona Ora,2026-04-23,untracked,true,5,0,0,0.0
Maurizio Cattelan · La Nona Ora · 2026 Q2,La Nona Ora,2026-04-24,AA Email Man,true,2,0,0,0.0
Maurizio Cattelan · La Nona Ora · 2026 Q2,La Nona Ora,2026-04-24,Direct,true,2,0,0,0.0
Maurizio Cattelan · La Nona Ora · 2026 Q2,La Nona Ora,2026-04-24,Organic Search,true,3,0,0,0.0
Maurizio Cattelan · La Nona Ora · 2026 Q2,La Nona Ora,2026-04-24,Paid Social,true,3,0,0,0.0
Maurizio Cattelan · La Nona Ora · 2026 Q2,La Nona Ora,2026-04-24,Referral Meta,true,1,0,0,0.0
Maurizio Cattelan · La Nona Ora · 2026 Q2,La Nona Ora,2026-04-26,Organic Search,true,1,0,0,0.0
Maurizio Cattelan · La Nona Ora · 2026 Q2,La Nona Ora,2026-04-27,AA Email Auto,true,1,0,0,0.0
Maurizio Cattelan · La Nona Ora · 2026 Q2,La Nona Ora,2026-04-27,AA Email Man,true,1,0,0,0.0
Maurizio Cattelan · La Nona Ora · 2026 Q2,La Nona Ora,2026-04-27,Direct,true,4,0,0,0.0
Maurizio Cattelan · La Nona Ora · 2026 Q2,La Nona Ora,2026-04-27,Organic Search,true,1,0,0,0.0
Maurizio Cattelan · La Nona Ora · 2026 Q2,La Nona Ora,2026-04-28,Direct,true,2,0,0,0.0
Maurizio Cattelan · La Nona Ora · 2026 Q2,La Nona Ora,2026-04-28,Paid Social,true,2,0,0,0.0
Maurizio Cattelan · La Nona Ora · 2026 Q2,La Nona Ora,2026-04-28,Referral Other,true,1,0,0,0.0
Maurizio Cattelan · La Nona Ora · 2026 Q2,La Nona Ora,2026-04-28,untracked,true,3,0,0,0.0
Maurizio Cattelan · La Nona Ora · 2026 Q2,La Nona Ora,2026-04-29,AA Email Man,true,2,0,0,0.0
Maurizio Cattelan · La Nona Ora · 2026 Q2,La Nona Ora,2026-04-29,Organic Search,true,1,0,0,0.0
Maurizio Cattelan · La Nona Ora · 2026 Q2,La Nona Ora,2026-04-30,Referral Other,true,1,0,0,0.0
Maurizio Cattelan · La Nona Ora · 2026 Q2,La Nona Ora,2026-05-05,Organic Search,true,1,0,0,0.0
Maurizio Cattelan · La Nona Ora · 2026 Q2,La Nona Ora,2026-05-05,untracked,true,2,0,0,0.0
Maurizio Cattelan · La Nona Ora · 2026 Q2,La Nona Ora,2026-05-06,untracked,true,1,0,0,0.0
Maurizio Cattelan · La Nona Ora · 2026 Q2,La Nona Ora,2026-05-07,AA Email Auto,true,1,0,0,0.0
Maurizio Cattelan · La Nona Ora · 2026 Q2,La Nona Ora,2026-05-12,AA Email Man,true,1,0,0,0.0
Maurizio Cattelan · La Nona Ora · 2026 Q2,La Nona Ora,2026-05-15,Direct,true,1,0,0,0.0
Maurizio Cattelan · La Nona Ora · 2026 Q2,La Nona Ora,2026-05-18,untracked,true,2,0,0,0.0
Maurizio Cattelan · La Nona Ora · 2026 Q2,La Nona Ora,2026-06-05,Referral Other,true,1,0,0,0.0
Maurizio Cattelan · La Nona Ora · 2026 Q2,La Nona Ora,2026-07-03,Organic Search,true,1,0,0,0.0
Maurizio Cattelan · La Nona Ora · 2026 Q2,La Nona Ora,2026-08-21,Direct,true,1,0,0,0.0
Maurizio Cattelan · La Nona Ora · 2026 Q2,La Nona Ora,2026-09-23,Other,true,1,0,0,0.0
Maurizio Cattelan · Multiple · 2027 Q1,Not Afraid of Love,2026-09-18,AA Email Man,true,15,14,0,0.0
Maurizio Cattelan · Multiple · 2027 Q1,Not Afraid of Love,2026-09-18,Referral Other,true,41,41,0,0.0
Maurizio Cattelan · Multiple · 2027 Q1,Not Afraid of Love,2026-09-18,untracked,true,1,1,0,0.0
Maurizio Cattelan · Multiple · 2027 Q1,Not Afraid of Love,2026-09-19,AA Email Auto,true,3,3,0,0.0
Maurizio Cattelan · Multiple · 2027 Q1,Not Afraid of Love,2026-09-19,AA Email Man,true,3,3,0,0.0
Maurizio Cattelan · Multiple · 2027 Q1,Not Afraid of Love,2026-09-19,Direct,true,1,0,0,0.0
Maurizio Cattelan · Multiple · 2027 Q1,Not Afraid of Love,2026-09-19,Referral Other,true,14,14,0,0.0
Maurizio Cattelan · Multiple · 2027 Q1,Not Afraid of Love,2026-09-19,untracked,true,1,1,0,0.0
Maurizio Cattelan · Multiple · 2027 Q1,Not Afraid of Love,2026-09-20,AA Email Man,true,4,4,0,0.0
Maurizio Cattelan · Multiple · 2027 Q1,Not Afraid of Love,2026-09-20,Referral Other,true,5,5,0,0.0
Maurizio Cattelan · Multiple · 2027 Q1,Not Afraid of Love,2026-09-21,Direct,true,1,1,0,0.0
Maurizio Cattelan · Multiple · 2027 Q1,Not Afraid of Love,2026-09-21,Organic Search,true,1,0,0,0.0
Maurizio Cattelan · Multiple · 2027 Q1,Not Afraid of Love,2026-09-21,Referral Other,true,8,7,0,0.0
Maurizio Cattelan · Multiple · 2027 Q1,Not Afraid of Love,2026-09-21,untracked,true,1,1,0,0.0
Maurizio Cattelan · Multiple · 2027 Q1,Not Afraid of Love,2026-09-22,AA Email Man,true,3,1,0,0.0
Maurizio Cattelan · Multiple · 2027 Q1,Not Afraid of Love,2026-09-22,Direct,true,2,0,0,0.0
Maurizio Cattelan · Multiple · 2027 Q1,Not Afraid of Love,2026-09-22,Referral Other,true,3,3,0,0.0
Maurizio Cattelan · Multiple · 2027 Q1,Not Afraid of Love,2026-09-22,untracked,true,1,1,0,0.0
Maurizio Cattelan · Multiple · 2027 Q1,Not Afraid of Love,2026-09-23,AA Email Man,true,29,0,0,0.0
Maurizio Cattelan · Multiple · 2027 Q1,Not Afraid of Love,2026-09-23,AA Meta,true,6,0,0,0.0
Maurizio Cattelan · Multiple · 2027 Q1,Not Afraid of Love,2026-09-23,Direct,true,3,0,0,0.0
Maurizio Cattelan · Multiple · 2027 Q1,Not Afraid of Love,2026-09-23,Referral Other,true,1,0,0,0.0
Maurizio Cattelan · Multiple · 2027 Q1,Not Afraid of Love,2026-09-23,untracked,true,2,0,0,0.0
Maurizio Cattelan · Multiple · 2027 Q1,Not Afraid of Love,2026-09-24,AA Email Man,true,1,0,0,0.0
Maurizio Cattelan · Multiple · 2027 Q1,Not Afraid of Love,2026-09-24,Direct,true,1,0,0,0.0
Maurizio Cattelan · Multiple · 2027 Q1,Not Afraid of Love,2026-09-24,untracked,true,1,0,0,0.0
Maurizio Cattelan · Multiple · 2027 Q1,Novecento,2026-09-18,AA Email Man,true,9,9,0,0.0
Maurizio Cattelan · Multiple · 2027 Q1,Novecento,2026-09-18,Referral Other,true,28,28,0,0.0
Maurizio Cattelan · Multiple · 2027 Q1,Novecento,2026-09-19,AA Email Man,true,4,4,0,0.0
Maurizio Cattelan · Multiple · 2027 Q1,Novecento,2026-09-19,Referral Other,true,9,9,0,0.0
Maurizio Cattelan · Multiple · 2027 Q1,Novecento,2026-09-20,AA Email Man,true,3,3,0,0.0
Maurizio Cattelan · Multiple · 2027 Q1,Novecento,2026-09-20,Referral Other,true,6,6,0,0.0
Maurizio Cattelan · Multiple · 2027 Q1,Novecento,2026-09-20,untracked,true,1,1,0,0.0
Maurizio Cattelan · Multiple · 2027 Q1,Novecento,2026-09-21,Direct,true,1,1,0,0.0
Maurizio Cattelan · Multiple · 2027 Q1,Novecento,2026-09-21,Organic Search,true,1,0,0,0.0
Maurizio Cattelan · Multiple · 2027 Q1,Novecento,2026-09-21,Referral Other,true,5,3,0,0.0
Maurizio Cattelan · Multiple · 2027 Q1,Novecento,2026-09-22,AA Email Man,true,2,2,0,0.0
Maurizio Cattelan · Multiple · 2027 Q1,Novecento,2026-09-22,Direct,true,2,0,0,0.0
Maurizio Cattelan · Multiple · 2027 Q1,Novecento,2026-09-22,Referral Other,true,4,4,0,0.0
Maurizio Cattelan · Multiple · 2027 Q1,Novecento,2026-09-23,AA Email Man,true,13,0,0,0.0
Maurizio Cattelan · Multiple · 2027 Q1,Novecento,2026-09-23,AA Meta,true,6,0,0,0.0
Maurizio Cattelan · Multiple · 2027 Q1,Novecento,2026-09-23,Direct,true,3,0,0,0.0
Maurizio Cattelan · Multiple · 2027 Q1,Novecento,2026-09-23,Organic Search,true,1,0,0,0.0
Maurizio Cattelan · Multiple · 2027 Q1,Novecento,2026-09-23,untracked,true,1,0,0,0.0
Maurizio Cattelan · Multiple · 2027 Q1,Novecento,2026-09-24,Direct,true,1,0,0,0.0
Maurizio Cattelan · THERAPY · 2026 Q2,THERAPY,2026-04-01,Direct,true,1,0,1,0.0
Maurizio Cattelan · THERAPY · 2026 Q2,THERAPY,2026-04-09,Referral Other,true,2,2,2,1.0
Maurizio Cattelan · THERAPY · 2026 Q2,THERAPY,2026-04-10,AA Email Man,true,9,9,9,3.0
Maurizio Cattelan · THERAPY · 2026 Q2,THERAPY,2026-04-10,Referral Other,true,47,46,47,28.0
Maurizio Cattelan · THERAPY · 2026 Q2,THERAPY,2026-04-10,untracked,true,2,2,2,2.0
Maurizio Cattelan · THERAPY · 2026 Q2,THERAPY,2026-04-11,AA Email Man,true,7,7,7,2.0
Maurizio Cattelan · THERAPY · 2026 Q2,THERAPY,2026-04-11,Referral Other,true,24,24,24,11.0
Maurizio Cattelan · THERAPY · 2026 Q2,THERAPY,2026-04-12,AA Email Man,true,3,3,3,0.0
Maurizio Cattelan · THERAPY · 2026 Q2,THERAPY,2026-04-12,Referral Other,true,10,10,10,1.0
Maurizio Cattelan · THERAPY · 2026 Q2,THERAPY,2026-04-13,Direct,true,3,0,3,0.0
Maurizio Cattelan · THERAPY · 2026 Q2,THERAPY,2026-04-13,Organic Search,true,1,0,1,0.0
Maurizio Cattelan · THERAPY · 2026 Q2,THERAPY,2026-04-14,AA Email Man,true,1,0,1,0.0
Maurizio Cattelan · THERAPY · 2026 Q2,THERAPY,2026-04-14,Direct,true,2,0,2,1.0
Maurizio Cattelan · THERAPY · 2026 Q2,THERAPY,2026-04-15,AA Email Man,true,24,0,24,1.0
Maurizio Cattelan · THERAPY · 2026 Q2,THERAPY,2026-04-15,Direct,true,1,0,1,0.0
Maurizio Cattelan · THERAPY · 2026 Q2,THERAPY,2026-04-15,Referral Artist,true,1,0,1,0.0
Maurizio Cattelan · THERAPY · 2026 Q2,THERAPY,2026-04-15,Referral Other,true,2,0,2,0.0
Maurizio Cattelan · THERAPY · 2026 Q2,THERAPY,2026-04-16,AA Email Man,true,1,0,1,0.0
Maurizio Cattelan · THERAPY · 2026 Q2,THERAPY,2026-04-17,Direct,true,1,0,1,1.0
Maurizio Cattelan · THERAPY · 2026 Q2,THERAPY,2026-04-18,untracked,true,1,0,1,0.0
Maurizio Cattelan · THERAPY · 2026 Q2,THERAPY,2026-04-20,AA Email Man,true,1,0,1,0.0
Maurizio Cattelan · THERAPY · 2026 Q2,THERAPY,2026-04-21,AA Email Man,true,26,0,26,13.0
Maurizio Cattelan · THERAPY · 2026 Q2,THERAPY,2026-04-21,AA Meta,true,1,0,1,0.0
Maurizio Cattelan · THERAPY · 2026 Q2,THERAPY,2026-04-21,Direct,true,4,0,4,2.0
Maurizio Cattelan · THERAPY · 2026 Q2,THERAPY,2026-04-21,Paid Social,true,11,0,11,6.0
Maurizio Cattelan · THERAPY · 2026 Q2,THERAPY,2026-04-21,Referral Artist,true,2,0,2,0.0
Maurizio Cattelan · THERAPY · 2026 Q2,THERAPY,2026-04-21,Referral Other,true,2,0,2,0.0
Maurizio Cattelan · THERAPY · 2026 Q2,THERAPY,2026-04-21,untracked,true,1,0,1,1.0
Maurizio Cattelan · THERAPY · 2026 Q2,THERAPY,2026-04-22,AA Email Man,true,1,0,1,0.0
Maurizio Cattelan · THERAPY · 2026 Q2,THERAPY,2026-04-22,Organic Search,true,1,0,1,0.0
Maurizio Cattelan · THERAPY · 2026 Q2,THERAPY,2026-04-22,Paid Social,true,1,0,1,1.0
Maurizio Cattelan · THERAPY · 2026 Q2,THERAPY,2026-04-24,untracked,true,1,1,1,1.0
Maurizio Cattelan · THERAPY · 2026 Q2,THERAPY,2026-04-27,Referral Other,true,1,0,1,0.0
Maurizio Cattelan · THERAPY · 2026 Q2,THERAPY,2026-04-28,AA Email Man,true,6,0,6,4.0
Maurizio Cattelan · THERAPY · 2026 Q2,THERAPY,2026-04-28,Direct,true,5,0,5,3.0
Maurizio Cattelan · THERAPY · 2026 Q2,THERAPY,2026-04-28,Organic Search,true,8,0,8,6.0
Maurizio Cattelan · THERAPY · 2026 Q2,THERAPY,2026-04-28,Other,true,2,0,2,2.0
Maurizio Cattelan · THERAPY · 2026 Q2,THERAPY,2026-04-28,Paid Social,true,5,0,5,2.0
Maurizio Cattelan · THERAPY · 2026 Q2,THERAPY,2026-04-28,Referral Other,true,6,0,6,2.0
Maurizio Cattelan · THERAPY · 2026 Q2,THERAPY,2026-04-28,untracked,true,1,0,1,0.0
Maurizio Cattelan · THERAPY · 2026 Q2,THERAPY,2026-05-01,AA Email Man,true,1,0,1,0.0
Maurizio Cattelan · THERAPY · 2026 Q2,THERAPY,2026-05-01,Direct,true,6,0,6,2.0
Maurizio Cattelan · THERAPY · 2026 Q2,THERAPY,2026-05-01,Paid Social,true,3,0,3,1.0
Maurizio Cattelan · THERAPY · 2026 Q2,THERAPY,2026-05-03,Direct,true,1,1,1,1.0
Maurizio Cattelan · THERAPY · 2026 Q2,THERAPY,2026-05-04,AA Email Man,true,1,1,1,0.0
Maurizio Cattelan · THERAPY · 2026 Q2,THERAPY,2026-05-04,Referral Other,true,1,1,1,0.0
Maurizio Cattelan · THERAPY · 2026 Q2,THERAPY,2026-05-05,AA Email Auto,true,2,0,2,1.0
Maurizio Cattelan · THERAPY · 2026 Q2,THERAPY,2026-05-05,AA Email Man,true,24,0,24,5.0
Maurizio Cattelan · THERAPY · 2026 Q2,THERAPY,2026-05-05,AA Meta,true,2,0,2,1.0
Maurizio Cattelan · THERAPY · 2026 Q2,THERAPY,2026-05-05,Direct,true,15,0,15,4.0
Maurizio Cattelan · THERAPY · 2026 Q2,THERAPY,2026-05-05,Organic Search,true,7,0,7,4.0
Maurizio Cattelan · THERAPY · 2026 Q2,THERAPY,2026-05-05,Other,true,1,0,1,0.0
Maurizio Cattelan · THERAPY · 2026 Q2,THERAPY,2026-05-05,Paid Social,true,11,0,11,9.0
Maurizio Cattelan · THERAPY · 2026 Q2,THERAPY,2026-05-05,Referral Artist,true,1,0,1,0.0
Maurizio Cattelan · THERAPY · 2026 Q2,THERAPY,2026-05-05,Referral Meta,true,1,0,1,1.0
Maurizio Cattelan · THERAPY · 2026 Q2,THERAPY,2026-05-05,Referral Other,true,5,0,5,1.0
Maurizio Cattelan · THERAPY · 2026 Q2,THERAPY,2026-05-05,untracked,true,2,0,2,0.0
Maurizio Cattelan · THERAPY · 2026 Q2,THERAPY,2026-05-06,AA Email Man,true,1,0,1,0.0
Maurizio Cattelan · THERAPY · 2026 Q2,THERAPY,2026-05-06,Organic Search,true,1,0,1,0.0
Maurizio Cattelan · THERAPY · 2026 Q2,THERAPY,2026-05-07,Referral Other,true,1,0,1,0.0
Maurizio Cattelan · THERAPY · 2026 Q2,THERAPY,2026-05-08,Direct,true,1,0,1,0.0
Maurizio Cattelan · THERAPY · 2026 Q2,THERAPY,2026-05-09,AA Email Man,true,1,0,1,0.0
Maurizio Cattelan · THERAPY · 2026 Q2,THERAPY,2026-05-09,Direct,true,1,0,1,0.0
Maurizio Cattelan · THERAPY · 2026 Q2,THERAPY,2026-05-11,Paid Social,true,1,0,1,0.0
Maurizio Cattelan · THERAPY · 2026 Q2,THERAPY,2026-05-18,untracked,true,3,0,3,0.0
Maurizio Cattelan · THERAPY · 2026 Q2,THERAPY,2026-05-28,Organic Search,true,1,0,1,1.0
Maurizio Cattelan · THERAPY · 2026 Q2,THERAPY,2026-09-21,AA Email Man,true,1,0,1,0.0
Maurizio Cattelan · THERAPY · 2026 Q2,THERAPY,2026-09-24,Referral Other,true,1,0,1,0.0
Maurizio Cattelan · We are the Revolution (Gold Rush) · 2026 Q1,We are the Revolution (Gold Rush),2026-02-26,Untracked,false,1,0,0,0.0
Maurizio Cattelan · We are the Revolution (Gold Rush) · 2026 Q1,We are the Revolution (Gold Rush),2026-02-27,Untracked,false,1,0,0,0.0
Maurizio Cattelan · We are the Revolution (Gold Rush) · 2026 Q1,We are the Revolution (Gold Rush),2026-03-02,Untracked,false,1,0,0,0.0
Maurizio Cattelan · We are the Revolution (Gold Rush) · 2026 Q1,We are the Revolution (Gold Rush),2026-03-05,Untracked,false,1,0,0,0.0
Maurizio Cattelan · We are the Revolution (Gold Rush) · 2026 Q1,We are the Revolution (Gold Rush),2026-03-06,Untracked,false,3,0,0,0.0
Maurizio Cattelan · We are the Revolution (Gold Rush) · 2026 Q1,We are the Revolution (Gold Rush),2026-03-10,Untracked,false,1,0,0,0.0
Maurizio Cattelan · We are the Revolution (Gold Rush) · 2026 Q1,We are the Revolution (Gold Rush),2026-03-18,Untracked,false,1,0,0,0.0
Maurizio Cattelan · We are the Revolution (Gold Rush) · 2026 Q1,We are the Revolution (Gold Rush),2026-03-20,Untracked,false,1,0,0,0.0
Maurizio Cattelan · We are the Revolution · 2025 Q4,We are the Revolution,2025-09-23,AA Email Man,true,1,0,0,0.0
Maurizio Cattelan · We are the Revolution · 2025 Q4,We are the Revolution,2025-09-23,Direct,true,2,0,0,0.0
Maurizio Cattelan · We are the Revolution · 2025 Q4,We are the Revolution,2025-09-23,Organic Search,true,1,0,0,0.0
Maurizio Cattelan · We are the Revolution · 2025 Q4,We are the Revolution,2025-09-24,AA Email Man,true,2,0,0,0.0
Maurizio Cattelan · We are the Revolution · 2025 Q4,We are the Revolution,2025-09-24,AA Meta,true,1,0,0,0.0
Maurizio Cattelan · We are the Revolution · 2025 Q4,We are the Revolution,2025-09-24,Direct,true,2,0,0,0.0
Maurizio Cattelan · We are the Revolution · 2025 Q4,We are the Revolution,2025-09-24,Referral Other,true,1,0,0,0.0
Maurizio Cattelan · We are the Revolution · 2025 Q4,We are the Revolution,2025-09-25,AA Email Man,true,16,14,0,0.0
Maurizio Cattelan · We are the Revolution · 2025 Q4,We are the Revolution,2025-09-25,AA Meta,true,1,0,0,0.0
Maurizio Cattelan · We are the Revolution · 2025 Q4,We are the Revolution,2025-09-25,Direct,true,3,1,0,0.0
Maurizio Cattelan · We are the Revolution · 2025 Q4,We are the Revolution,2025-09-25,Organic Search,true,3,2,0,0.0
Maurizio Cattelan · We are the Revolution · 2025 Q4,We are the Revolution,2025-09-25,Referral Meta,true,2,2,0,0.0
Maurizio Cattelan · We are the Revolution · 2025 Q4,We are the Revolution,2025-09-25,Referral Other,true,14,14,0,0.0
Maurizio Cattelan · We are the Revolution · 2025 Q4,We are the Revolution,2025-09-25,untracked,true,1,1,0,0.0
Maurizio Cattelan · We are the Revolution · 2025 Q4,We are the Revolution,2025-09-26,AA Email Man,true,5,4,0,0.0
Maurizio Cattelan · We are the Revolution · 2025 Q4,We are the Revolution,2025-09-26,AA Meta,true,1,1,0,0.0
Maurizio Cattelan · We are the Revolution · 2025 Q4,We are the Revolution,2025-09-26,Direct,true,7,1,0,0.0
Maurizio Cattelan · We are the Revolution · 2025 Q4,We are the Revolution,2025-09-26,Referral Other,true,19,17,0,0.0
Maurizio Cattelan · We are the Revolution · 2025 Q4,We are the Revolution,2025-09-26,untracked,true,1,1,0,0.0
Maurizio Cattelan · We are the Revolution · 2025 Q4,We are the Revolution,2025-09-27,AA Email Man,true,5,5,0,0.0
Maurizio Cattelan · We are the Revolution · 2025 Q4,We are the Revolution,2025-09-27,AA Meta,true,2,2,0,0.0
Maurizio Cattelan · We are the Revolution · 2025 Q4,We are the Revolution,2025-09-27,Organic Search,true,2,2,0,0.0
Maurizio Cattelan · We are the Revolution · 2025 Q4,We are the Revolution,2025-09-27,Referral Other,true,7,7,0,0.0
Maurizio Cattelan · We are the Revolution · 2025 Q4,We are the Revolution,2025-09-29,AA Email Auto,true,1,0,0,0.0
Maurizio Cattelan · We are the Revolution · 2025 Q4,We are the Revolution,2025-09-29,AA Email Man,true,176,0,0,0.0
Maurizio Cattelan · We are the Revolution · 2025 Q4,We are the Revolution,2025-09-29,AA Meta,true,29,0,0,0.0
Maurizio Cattelan · We are the Revolution · 2025 Q4,We are the Revolution,2025-09-29,AA X,true,1,0,0,0.0
Maurizio Cattelan · We are the Revolution · 2025 Q4,We are the Revolution,2025-09-29,Direct,true,42,0,0,0.0
Maurizio Cattelan · We are the Revolution · 2025 Q4,We are the Revolution,2025-09-29,Organic Search,true,40,0,0,0.0
Maurizio Cattelan · We are the Revolution · 2025 Q4,We are the Revolution,2025-09-29,Other,true,1,0,0,0.0
Maurizio Cattelan · We are the Revolution · 2025 Q4,We are the Revolution,2025-09-29,Referral Meta,true,7,0,0,0.0
Maurizio Cattelan · We are the Revolution · 2025 Q4,We are the Revolution,2025-09-29,Referral Other,true,35,0,0,0.0
Maurizio Cattelan · We are the Revolution · 2025 Q4,We are the Revolution,2025-09-29,untracked,true,6,0,0,0.0
Maurizio Cattelan · We are the Revolution · 2025 Q4,We are the Revolution,2025-09-30,AA Email Man,true,5,0,0,0.0
Maurizio Cattelan · We are the Revolution · 2025 Q4,We are the Revolution,2025-09-30,AA Meta,true,3,0,0,0.0
Maurizio Cattelan · We are the Revolution · 2025 Q4,We are the Revolution,2025-09-30,Direct,true,14,0,0,0.0
Maurizio Cattelan · We are the Revolution · 2025 Q4,We are the Revolution,2025-09-30,Organic Search,true,3,0,0,0.0
Maurizio Cattelan · We are the Revolution · 2025 Q4,We are the Revolution,2025-09-30,Paid Social,true,17,0,0,0.0
Maurizio Cattelan · We are the Revolution · 2025 Q4,We are the Revolution,2025-09-30,Referral Other,true,7,0,0,0.0
Maurizio Cattelan · We are the Revolution · 2025 Q4,We are the Revolution,2025-09-30,untracked,true,1,0,0,0.0
Maurizio Cattelan · We are the Revolution · 2025 Q4,We are the Revolution,2025-10-01,AA Email Man,true,27,0,0,0.0
Maurizio Cattelan · We are the Revolution · 2025 Q4,We are the Revolution,2025-10-01,AA Meta,true,4,0,0,0.0
Maurizio Cattelan · We are the Revolution · 2025 Q4,We are the Revolution,2025-10-01,AA Other,true,1,0,0,0.0
Maurizio Cattelan · We are the Revolution · 2025 Q4,We are the Revolution,2025-10-01,Direct,true,14,0,0,0.0
Maurizio Cattelan · We are the Revolution · 2025 Q4,We are the Revolution,2025-10-01,Organic Search,true,15,0,0,0.0
Maurizio Cattelan · We are the Revolution · 2025 Q4,We are the Revolution,2025-10-01,Other,true,8,0,0,0.0
Maurizio Cattelan · We are the Revolution · 2025 Q4,We are the Revolution,2025-10-01,Paid Social,true,60,0,0,0.0
Maurizio Cattelan · We are the Revolution · 2025 Q4,We are the Revolution,2025-10-01,Referral Meta,true,1,0,0,0.0
Maurizio Cattelan · We are the Revolution · 2025 Q4,We are the Revolution,2025-10-01,Referral Other,true,3,0,0,0.0
Maurizio Cattelan · We are the Revolution · 2025 Q4,We are the Revolution,2025-10-01,untracked,true,1,0,0,0.0
Maurizio Cattelan · We are the Revolution · 2025 Q4,We are the Revolution,2025-10-02,AA Email Man,true,8,0,0,0.0
Maurizio Cattelan · We are the Revolution · 2025 Q4,We are the Revolution,2025-10-02,AA Meta,true,3,0,0,0.0
Maurizio Cattelan · We are the Revolution · 2025 Q4,We are the Revolution,2025-10-02,Direct,true,5,0,0,0.0
Maurizio Cattelan · We are the Revolution · 2025 Q4,We are the Revolution,2025-10-02,Organic Search,true,9,0,0,0.0
Maurizio Cattelan · We are the Revolution · 2025 Q4,We are the Revolution,2025-10-02,Other,true,3,0,0,0.0
Maurizio Cattelan · We are the Revolution · 2025 Q4,We are the Revolution,2025-10-02,Paid Social,true,27,0,0,0.0
Maurizio Cattelan · We are the Revolution · 2025 Q4,We are the Revolution,2025-10-02,Referral Other,true,1,0,0,0.0
Maurizio Cattelan · We are the Revolution · 2025 Q4,We are the Revolution,2025-10-02,untracked,true,1,0,0,0.0
Maurizio Cattelan · We are the Revolution · 2025 Q4,We are the Revolution,2025-10-03,AA Email Man,true,8,0,0,0.0
Maurizio Cattelan · We are the Revolution · 2025 Q4,We are the Revolution,2025-10-03,AA Meta,true,2,0,0,0.0
Maurizio Cattelan · We are the Revolution · 2025 Q4,We are the Revolution,2025-10-03,Direct,true,7,0,0,0.0
Maurizio Cattelan · We are the Revolution · 2025 Q4,We are the Revolution,2025-10-03,Organic Search,true,11,0,0,0.0
Maurizio Cattelan · We are the Revolution · 2025 Q4,We are the Revolution,2025-10-03,Other,true,5,0,0,0.0
Maurizio Cattelan · We are the Revolution · 2025 Q4,We are the Revolution,2025-10-03,Paid Social,true,31,0,0,0.0
Maurizio Cattelan · We are the Revolution · 2025 Q4,We are the Revolution,2025-10-03,Referral Other,true,1,0,0,0.0
Maurizio Cattelan · We are the Revolution · 2025 Q4,We are the Revolution,2025-10-06,Direct,true,1,0,0,0.0
Maurizio Cattelan · We are the Revolution · 2025 Q4,We are the Revolution,2025-10-07,AA Email Man,true,1,0,0,0.0
Maurizio Cattelan · We are the Revolution · 2025 Q4,We are the Revolution,2025-10-07,AA Meta,true,1,0,0,0.0
Maurizio Cattelan · We are the Revolution · 2025 Q4,We are the Revolution,2025-10-07,Direct,true,1,0,0,0.0
Maurizio Cattelan · We are the Revolution · 2025 Q4,We are the Revolution,2025-10-07,Paid Social,true,1,0,0,0.0
Maurizio Cattelan · We are the Revolution · 2025 Q4,We are the Revolution,2025-10-07,Referral Other,true,1,0,0,0.0
Maurizio Cattelan · We are the Revolution · 2025 Q4,We are the Revolution,2025-10-07,untracked,true,1,0,0,0.0
Maurizio Cattelan · We are the Revolution · 2025 Q4,We are the Revolution,2025-10-08,Other,true,1,0,0,0.0
Maurizio Cattelan · We are the Revolution · 2025 Q4,We are the Revolution,2025-10-08,Paid Social,true,2,0,0,0.0
Maurizio Cattelan · We are the Revolution · 2025 Q4,We are the Revolution,2025-10-08,untracked,true,1,0,0,0.0
Maurizio Cattelan · We are the Revolution · 2025 Q4,We are the Revolution,2025-10-09,Paid Social,true,1,0,0,0.0
Maurizio Cattelan · We are the Revolution · 2025 Q4,We are the Revolution,2025-10-13,AA Email Man,true,1,0,0,0.0
Maurizio Cattelan · We are the Revolution · 2025 Q4,We are the Revolution,2025-10-13,Organic Search,true,1,0,0,0.0
Maurizio Cattelan · We are the Revolution · 2025 Q4,We are the Revolution,2025-10-17,Direct,true,1,0,0,0.0
Maurizio Cattelan · We are the Revolution · 2025 Q4,We are the Revolution,2025-10-18,Paid Social,true,1,0,0,0.0
Maurizio Cattelan · We are the Revolution · 2025 Q4,We are the Revolution,2025-10-20,untracked,true,1,0,0,0.0
Maurizio Cattelan · We are the Revolution · 2025 Q4,We are the Revolution,2025-10-21,Organic Search,true,1,0,0,0.0
Maurizio Cattelan · We are the Revolution · 2025 Q4,We are the Revolution,2025-10-22,untracked,true,1,0,0,0.0
Maurizio Cattelan · We are the Revolution · 2025 Q4,We are the Revolution,2025-10-23,Direct,true,1,0,0,0.0
Maurizio Cattelan · We are the Revolution · 2025 Q4,We are the Revolution,2025-10-24,Direct,true,1,0,0,0.0
Maurizio Cattelan · We are the Revolution · 2025 Q4,We are the Revolution,2025-10-24,untracked,true,5,0,0,0.0
Maurizio Cattelan · We are the Revolution · 2025 Q4,We are the Revolution,2025-10-27,AA Email Man,true,33,0,0,0.0
Maurizio Cattelan · We are the Revolution · 2025 Q4,We are the Revolution,2025-10-27,AA Meta,true,11,0,0,0.0
Maurizio Cattelan · We are the Revolution · 2025 Q4,We are the Revolution,2025-10-27,Direct,true,24,0,0,0.0
Maurizio Cattelan · We are the Revolution · 2025 Q4,We are the Revolution,2025-10-27,Organic Search,true,24,0,0,0.0
Maurizio Cattelan · We are the Revolution · 2025 Q4,We are the Revolution,2025-10-27,Other,true,6,0,0,0.0
Maurizio Cattelan · We are the Revolution · 2025 Q4,We are the Revolution,2025-10-27,Paid Social,true,87,0,0,0.0
Maurizio Cattelan · We are the Revolution · 2025 Q4,We are the Revolution,2025-10-27,Referral Meta,true,3,0,0,0.0
Maurizio Cattelan · We are the Revolution · 2025 Q4,We are the Revolution,2025-10-27,Referral Other,true,15,0,0,0.0
Maurizio Cattelan · We are the Revolution · 2025 Q4,We are the Revolution,2025-10-27,untracked,true,9,0,0,0.0
Maurizio Cattelan · We are the Revolution · 2025 Q4,We are the Revolution,2025-10-28,Direct,true,1,0,0,0.0
Maurizio Cattelan · We are the Revolution · 2025 Q4,We are the Revolution,2025-10-29,AA Email Man,true,1,0,0,0.0
Maurizio Cattelan · We are the Revolution · 2025 Q4,We are the Revolution,2025-11-03,AA Email Man,true,1,0,0,0.0
Maurizio Cattelan · We are the Revolution · 2025 Q4,We are the Revolution,2025-11-07,Direct,true,1,0,0,0.0
Maurizio Cattelan · We are the Revolution · 2025 Q4,We are the Revolution,2025-11-12,Direct,true,1,0,0,0.0
Maurizio Cattelan · We are the Revolution · 2025 Q4,We are the Revolution,2025-11-24,Direct,true,1,0,0,0.0
Maurizio Cattelan · We are the Revolution · 2025 Q4,We are the Revolution,2026-01-15,Referral Other,true,2,0,0,0.0
Maurizio Cattelan · We are the Revolution · 2025 Q4,We are the Revolution,2026-02-27,untracked,true,1,0,0,0.0
Maurizio Cattelan · We are the Revolution · 2025 Q4,We are the Revolution,2026-05-06,untracked,true,1,0,0,0.0
Maurizio Cattelan · We are the Revolution · 2025 Q4,We are the Revolution,2026-06-12,Organic Search,true,1,0,0,0.0
Maurizio Cattelan · We are the Revolution · 2025 Q4,We are the Revolution,2026-09-22,untracked,true,1,0,0,0.0
Maurizio Cattelan · Window · 2026 Q1,Window,2026-01-22,AA Email Man,true,10,10,10,7.0
Maurizio Cattelan · Window · 2026 Q1,Window,2026-01-22,Organic Search,true,3,3,3,1.0
Maurizio Cattelan · Window · 2026 Q1,Window,2026-01-22,Referral Other,true,37,37,37,26.0
Maurizio Cattelan · Window · 2026 Q1,Window,2026-01-22,untracked,true,4,4,4,3.0
Maurizio Cattelan · Window · 2026 Q1,Window,2026-01-23,AA Email Man,true,7,7,7,2.0
Maurizio Cattelan · Window · 2026 Q1,Window,2026-01-23,AA Meta,true,3,3,3,0.0
Maurizio Cattelan · Window · 2026 Q1,Window,2026-01-23,Direct,true,4,2,4,2.0
Maurizio Cattelan · Window · 2026 Q1,Window,2026-01-23,Organic Search,true,3,1,3,1.0
Maurizio Cattelan · Window · 2026 Q1,Window,2026-01-23,Referral Other,true,27,27,27,17.0
Maurizio Cattelan · Window · 2026 Q1,Window,2026-01-23,untracked,true,2,1,2,0.0
Maurizio Cattelan · Window · 2026 Q1,Window,2026-01-24,AA Email Man,true,3,3,3,2.0
Maurizio Cattelan · Window · 2026 Q1,Window,2026-01-24,AA Meta,true,3,3,3,1.0
Maurizio Cattelan · Window · 2026 Q1,Window,2026-01-24,Direct,true,2,0,2,0.0
Maurizio Cattelan · Window · 2026 Q1,Window,2026-01-24,Referral Other,true,14,14,14,9.0
Maurizio Cattelan · Window · 2026 Q1,Window,2026-01-24,untracked,true,1,1,1,1.0
Maurizio Cattelan · Window · 2026 Q1,Window,2026-01-26,AA Email Man,true,1,0,1,1.0
Maurizio Cattelan · Window · 2026 Q1,Window,2026-01-26,AA Meta,true,1,0,1,1.0
Maurizio Cattelan · Window · 2026 Q1,Window,2026-01-26,Direct,true,5,0,5,2.0
Maurizio Cattelan · Window · 2026 Q1,Window,2026-01-26,Referral Other,true,1,0,1,1.0
Maurizio Cattelan · Window · 2026 Q1,Window,2026-01-26,untracked,true,1,0,1,0.0
Maurizio Cattelan · Window · 2026 Q1,Window,2026-01-27,AA Email Man,true,5,0,5,1.0
Maurizio Cattelan · Window · 2026 Q1,Window,2026-01-27,Direct,true,11,1,11,2.0
Maurizio Cattelan · Window · 2026 Q1,Window,2026-01-28,AA Email Man,true,1,0,1,1.0
Maurizio Cattelan · Window · 2026 Q1,Window,2026-01-28,Direct,true,1,0,1,0.0
Maurizio Cattelan · Window · 2026 Q1,Window,2026-01-28,Referral Other,true,3,0,3,2.0
Maurizio Cattelan · Window · 2026 Q1,Window,2026-01-28,untracked,true,2,0,2,1.0
Maurizio Cattelan · Window · 2026 Q1,Window,2026-01-29,Direct,true,2,0,2,0.0
Maurizio Cattelan · Window · 2026 Q1,Window,2026-01-29,Organic Search,true,1,0,1,1.0
Maurizio Cattelan · Window · 2026 Q1,Window,2026-01-29,Referral Other,true,2,0,2,1.0
Maurizio Cattelan · Window · 2026 Q1,Window,2026-01-30,Direct,true,1,0,1,0.0
Maurizio Cattelan · Window · 2026 Q1,Window,2026-02-03,Direct,true,1,0,1,1.0
Maurizio Cattelan · Window · 2026 Q1,Window,2026-02-03,untracked,true,1,0,1,0.0
Maurizio Cattelan · Window · 2026 Q1,Window,2026-02-06,untracked,true,10,0,10,0.0
Maurizio Cattelan · Window · 2026 Q1,Window,2026-02-07,Direct,true,1,0,1,1.0
Maurizio Cattelan · Window · 2026 Q1,Window,2026-02-15,Direct,true,1,0,1,1.0
Maurizio Cattelan · Window · 2026 Q1,Window,2026-02-16,Direct,true,1,1,1,1.0
Maurizio Cattelan · Window · 2026 Q1,Window,2026-02-17,Direct,true,1,0,1,1.0
Maurizio Cattelan · Window · 2026 Q1,Window,2026-02-17,untracked,true,1,0,1,0.0
Maurizio Cattelan · Window · 2026 Q1,Window,2026-02-19,AA Email Man,true,1,0,1,0.0
Maurizio Cattelan · Window · 2026 Q1,Window,2026-02-20,AA Email Auto,true,1,0,1,0.0
Maurizio Cattelan · Window · 2026 Q1,Window,2026-02-20,AA Email Man,true,43,0,43,27.0
Maurizio Cattelan · Window · 2026 Q1,Window,2026-02-20,AA Meta,true,5,0,5,2.0
Maurizio Cattelan · Window · 2026 Q1,Window,2026-02-20,Direct,true,13,0,13,6.0
Maurizio Cattelan · Window · 2026 Q1,Window,2026-02-20,Organic Search,true,11,0,11,8.0
Maurizio Cattelan · Window · 2026 Q1,Window,2026-02-20,Paid Social,true,31,0,31,23.0
Maurizio Cattelan · Window · 2026 Q1,Window,2026-02-20,Referral Other,true,7,0,7,3.0
Maurizio Cattelan · Window · 2026 Q1,Window,2026-02-20,untracked,true,3,0,3,3.0
Maurizio Cattelan · Window · 2026 Q1,Window,2026-02-25,AA Email Man,true,3,0,3,0.0
Maurizio Cattelan · Window · 2026 Q1,Window,2026-02-27,AA Meta,true,1,0,1,0.0
Maurizio Cattelan · Window · 2026 Q1,Window,2026-03-26,AA Email Man,true,1,0,1,0.0
Maurizio Cattelan · Window · 2026 Q1,Window,2026-06-27,Direct,true,2,0,2,0.0
Maurizio Cattelan · Window · 2026 Q1,Window,2026-07-30,Paid Social,true,1,0,1,0.0
Maurizio Cattelan · Window · 2026 Q1,Window,2026-09-18,AA Email Man,true,1,0,1,1.0
Michael Kagan · Critical Mass · 2021 Q3,Critical Mass,2025-01-03,Untracked,false,1,0,0,0.0
Michael Kozlowski · Mecha · 2024 Q2,Mecha,2024-04-08,Direct,true,4,2,4,3.0
Michael Kozlowski · Mecha · 2024 Q2,Mecha,2024-04-08,untracked,true,4,4,4,3.0
Michael Kozlowski · Mecha · 2024 Q2,Mecha,2024-04-09,AA Email Man,true,1,1,1,0.0
Michael Kozlowski · Mecha · 2024 Q2,Mecha,2024-04-09,Direct,true,2,1,2,2.0
Michael Kozlowski · Mecha · 2024 Q2,Mecha,2024-04-09,Referral X,true,1,1,1,1.0
Michael Kozlowski · Mecha · 2024 Q2,Mecha,2024-04-09,untracked,true,2,2,2,1.0
Michael Kozlowski · Mecha · 2024 Q2,Mecha,2024-04-10,AA Email Man,true,4,0,4,3.0
Michael Kozlowski · Mecha · 2024 Q2,Mecha,2024-04-10,AA X,true,3,0,3,1.0
Michael Kozlowski · Mecha · 2024 Q2,Mecha,2024-04-10,Direct,true,3,0,3,1.0
Michael Kozlowski · Mecha · 2024 Q2,Mecha,2024-04-10,Organic Search,true,1,0,1,1.0
Michael Kozlowski · Mecha · 2024 Q2,Mecha,2024-04-10,Referral X,true,1,0,1,0.0
Michael Kozlowski · Mecha · 2024 Q2,Mecha,2024-04-10,untracked,true,16,0,16,9.0
Michael Kozlowski · Mecha · 2024 Q2,Mecha,2024-04-11,untracked,true,1,0,1,0.0
Michael Kozlowski · Mecha · 2024 Q2,Mecha,2024-04-12,untracked,true,1,0,1,1.0
Michael Kozlowski · Mecha · 2024 Q2,Mecha,2024-04-25,untracked,true,1,0,1,0.0
Michael Kozlowski · Metropolis print Manual · 2023 Q1,Metropolis print Manual,2023-11-14,Untracked,false,1,0,0,0.0
Michael Kozlowski · Metropolis print · 2023 Q1,Metropolis print,2023-03-30,Untracked,false,2,0,2,0.0
Michael Kozlowski · Metropolis print · 2023 Q1,Metropolis print,2023-03-31,Untracked,false,10,0,10,0.0
Michael Kozlowski · Metropolis print · 2023 Q1,Metropolis print,2023-04-03,Untracked,false,2,0,2,0.0
Michael Kozlowski · Metropolis print · 2023 Q1,Metropolis print,2023-04-09,Untracked,false,4,0,4,0.0
Michael Kozlowski · Metropolis print · 2023 Q1,Metropolis print,2023-04-10,Untracked,false,2,0,2,0.0
Michael Kozlowski · Metropolis print · 2023 Q1,Metropolis print,2023-05-21,Untracked,false,2,0,2,0.0
Michael Kozlowski · Metropolis print · 2023 Q1,Metropolis print,2023-05-26,Untracked,false,1,0,1,0.0
Michael Kozlowski · Metropolis print · 2023 Q1,Metropolis print,2023-05-30,Untracked,false,2,0,2,0.0
Michael Kozlowski · Metropolis print · 2023 Q1,Metropolis print,2023-06-03,Untracked,false,1,0,1,0.0
Michael Kozlowski · Metropolis print · 2023 Q1,Metropolis print,2023-07-10,Untracked,false,1,0,1,0.0
Michael Kozlowski · Metropolis print · 2023 Q1,Metropolis print,2023-07-20,Untracked,false,3,0,3,0.0
Michael Kozlowski · Metropolis print · 2023 Q1,Metropolis print,2023-07-25,Untracked,false,2,0,2,0.0
Michael Kozlowski · Metropolis print · 2023 Q1,Metropolis print,2023-08-24,Untracked,false,1,0,1,0.0
Michael Kozlowski · Metropolis print · 2023 Q1,Metropolis print,2023-08-27,Untracked,false,2,0,2,0.0
Michael Kozlowski · Metropolis print · 2023 Q1,Metropolis print,2023-09-17,Untracked,false,2,0,2,0.0
Michael Kozlowski · Metropolis print · 2023 Q1,Metropolis print,2023-11-11,Untracked,false,1,0,1,0.0
Michael Kozlowski · Metropolis print · 2023 Q1,Metropolis print,2023-12-07,Untracked,false,2,0,2,0.0
Michael Kozlowski · Metropolis print · 2023 Q1,Metropolis print,2023-12-23,Untracked,false,2,0,2,0.0
Michael Kozlowski · Metropolis print · 2023 Q1,Metropolis print,2024-02-29,Untracked,false,4,0,4,0.0
Michael Kozlowski · Metropolis print · 2023 Q1,Metropolis print,2024-03-10,Untracked,false,2,0,2,0.0
Michael Kozlowski · Metropolis print · 2023 Q1,Metropolis print,2024-03-26,Untracked,false,4,0,4,0.0
Michael Kozlowski · Metropolis print · 2023 Q1,Metropolis print,2024-03-29,Untracked,false,2,0,2,0.0
Michael Kozlowski · Metropolis print · 2023 Q1,Metropolis print,2024-03-30,Untracked,false,3,0,3,0.0
Michael Kozlowski · Metropolis print · 2023 Q1,Metropolis print,2024-03-31,Untracked,false,6,0,6,0.0
Michael Kozlowski · Metropolis print · 2023 Q1,Metropolis print,2024-04-01,Untracked,false,6,0,6,0.0
Michael Kozlowski · Metropolis print · 2023 Q1,Metropolis print,2024-04-08,Untracked,false,1,0,1,0.0
Michael Kozlowski · Metropolis print · 2023 Q1,Metropolis print,2024-04-09,Untracked,false,2,0,2,0.0
Michael Kozlowski · Metropolis print · 2023 Q1,Metropolis print,2024-04-26,Untracked,false,2,0,2,0.0
Michaela Yearwood-Dan · Multiple · 2023 Q4,Just,2023-10-09,Direct,true,1,1,0,0.0
Michaela Yearwood-Dan · Multiple · 2023 Q4,Just,2023-10-09,untracked,true,1,1,0,0.0
Michaela Yearwood-Dan · Multiple · 2023 Q4,Just,2023-10-11,Referral Artist,true,1,1,0,0.0
Michaela Yearwood-Dan · Multiple · 2023 Q4,Just,2023-10-12,AA Meta,true,1,1,0,0.0
Michaela Yearwood-Dan · Multiple · 2023 Q4,Just,2023-10-12,Direct,true,1,1,0,0.0
Michaela Yearwood-Dan · Multiple · 2023 Q4,Just,2023-10-13,Referral Artist,true,1,1,0,0.0
Michaela Yearwood-Dan · Multiple · 2023 Q4,Just,2023-10-13,Referral Other,true,1,0,0,0.0
Michaela Yearwood-Dan · Multiple · 2023 Q4,Just,2023-10-14,Referral Artist,true,1,1,0,0.0
Michaela Yearwood-Dan · Multiple · 2023 Q4,Just,2023-10-15,Direct,true,2,2,0,0.0
Michaela Yearwood-Dan · Multiple · 2023 Q4,Just,2023-10-16,Direct,true,1,0,0,0.0
Michaela Yearwood-Dan · Multiple · 2023 Q4,Just,2023-10-17,Direct,true,2,1,0,0.0
Michaela Yearwood-Dan · Multiple · 2023 Q4,Just,2023-10-17,Referral Artist,true,2,0,0,0.0
Michaela Yearwood-Dan · Multiple · 2023 Q4,Just,2023-10-17,Referral Other,true,1,0,0,0.0
Michaela Yearwood-Dan · Multiple · 2023 Q4,Just,2023-10-18,Direct,true,2,1,0,0.0
Michaela Yearwood-Dan · Multiple · 2023 Q4,Just,2023-10-18,Organic Search,true,1,0,0,0.0
Michaela Yearwood-Dan · Multiple · 2023 Q4,Just,2023-10-18,Referral Artist,true,2,0,0,0.0
Michaela Yearwood-Dan · Multiple · 2023 Q4,Just,2023-10-18,Referral Other,true,1,0,0,0.0
Michaela Yearwood-Dan · Multiple · 2023 Q4,Just,2023-10-19,Direct,true,1,1,0,0.0
Michaela Yearwood-Dan · Multiple · 2023 Q4,Just,2023-10-19,untracked,true,1,1,0,0.0
Michaela Yearwood-Dan · Multiple · 2023 Q4,Just,2023-10-20,AA Email Man,true,1,0,0,0.0
Michaela Yearwood-Dan · Multiple · 2023 Q4,Just,2023-10-20,Direct,true,3,0,0,0.0
Michaela Yearwood-Dan · Multiple · 2023 Q4,Just,2023-10-20,Organic Search,true,2,0,0,0.0
Michaela Yearwood-Dan · Multiple · 2023 Q4,Just,2023-10-20,Referral Artist,true,2,0,0,0.0
Michaela Yearwood-Dan · Multiple · 2023 Q4,Just,2023-10-24,AA Meta,true,1,0,0,0.0
Michaela Yearwood-Dan · Multiple · 2023 Q4,Just,2023-10-24,Organic Search,true,1,0,0,0.0
Michaela Yearwood-Dan · Multiple · 2023 Q4,Just,2023-10-25,AA Meta,true,1,0,0,0.0
Michaela Yearwood-Dan · Multiple · 2023 Q4,Just,2023-10-27,Organic Search,true,1,0,0,0.0
Michaela Yearwood-Dan · Multiple · 2023 Q4,Just,2023-10-30,Direct,true,1,0,0,0.0
Michaela Yearwood-Dan · Multiple · 2023 Q4,Just,2023-11-11,AA Meta,true,1,0,0,0.0
Michaela Yearwood-Dan · Multiple · 2023 Q4,Just,2024-01-05,Organic Search,true,1,0,0,0.0
Michaela Yearwood-Dan · Multiple · 2023 Q4,Just,2024-12-03,untracked,true,1,0,0,0.0
Michaela Yearwood-Dan · Multiple · 2023 Q4,Just (Hand-finished),2023-10-07,Untracked,false,2,2,0,0.0
Michaela Yearwood-Dan · Multiple · 2023 Q4,Just (Hand-finished),2023-10-08,Untracked,false,1,1,0,0.0
Michaela Yearwood-Dan · Multiple · 2023 Q4,Just (Hand-finished),2023-10-09,Untracked,false,2,2,0,0.0
Michaela Yearwood-Dan · Multiple · 2023 Q4,Just (Hand-finished),2023-10-12,Untracked,false,3,0,0,0.0
Michaela Yearwood-Dan · Multiple · 2023 Q4,Just (Hand-finished),2023-10-19,Untracked,false,2,0,0,0.0
Mickalene Thomas · Multiple · 2024 Q2,Interior: Red Couch and Landscape,2024-06-03,Untracked,false,15,0,15,0.0
Mickalene Thomas · Multiple · 2024 Q2,Interior: Red Couch and Landscape,2024-06-24,Untracked,false,20,17,20,8.0
Mickalene Thomas · Multiple · 2024 Q2,Interior: Red Couch and Landscape,2024-06-25,Untracked,false,65,12,65,20.0
Mickalene Thomas · Multiple · 2024 Q2,Interior: Red Couch and Landscape,2024-06-26,Untracked,false,59,1,59,25.0
Mickalene Thomas · Multiple · 2024 Q2,Interior: Red Couch and Landscape,2024-06-27,Untracked,false,11,0,11,1.0
Mickalene Thomas · Multiple · 2024 Q2,Interior: Red Couch and Landscape,2024-07-01,Untracked,false,1,0,1,0.0
Mickalene Thomas · Multiple · 2024 Q2,Interior: Red Couch and Landscape,2024-07-04,Untracked,false,1,0,1,0.0
Mickalene Thomas · Multiple · 2024 Q2,Interior: Red Couch and Landscape,2024-10-21,Untracked,false,1,0,1,0.0
Mickalene Thomas · Multiple · 2024 Q2,Interior: Red Couch and Landscape,2024-10-24,Untracked,false,1,0,1,0.0
Mickalene Thomas · Multiple · 2024 Q2,Interior: Red Couch and Landscape,2024-11-05,Untracked,false,1,0,1,0.0
Mickalene Thomas · Multiple · 2024 Q2,Interior: Red Couch and Landscape,2024-11-13,Untracked,false,1,0,1,0.0
Mickalene Thomas · Multiple · 2024 Q2,Interior: Red Couch and Landscape,2025-02-01,Untracked,false,2,2,2,0.0
Mickalene Thomas · Multiple · 2024 Q2,Interior: Red Couch and Landscape,2026-06-18,Untracked,false,1,0,1,0.0
Mickalene Thomas · Multiple · 2024 Q2,Maya & Interior,2024-06-14,Untracked,false,1,0,1,1.0
Mickalene Thomas · Multiple · 2024 Q2,Maya & Interior,2024-06-15,Untracked,false,1,0,1,0.0
Mickalene Thomas · Multiple · 2024 Q2,Maya & Interior,2024-06-18,Untracked,false,3,0,3,1.0
Mickalene Thomas · Multiple · 2024 Q2,Maya & Interior,2024-06-19,Untracked,false,1,0,1,0.0
Mickalene Thomas · Multiple · 2024 Q2,Maya & Interior,2024-06-24,Untracked,false,48,48,48,15.0
Mickalene Thomas · Multiple · 2024 Q2,Maya & Interior,2024-06-25,Untracked,false,78,21,78,14.0
Mickalene Thomas · Multiple · 2024 Q2,Maya & Interior,2024-06-26,Untracked,false,61,2,61,15.0
Mickalene Thomas · Multiple · 2024 Q2,Maya & Interior,2024-06-28,Untracked,false,1,0,1,0.0
Mickalene Thomas · Multiple · 2024 Q2,Maya & Interior,2024-07-05,Untracked,false,10,0,10,0.0
Mickalene Thomas · Multiple · 2024 Q2,Maya & Interior,2024-08-13,Untracked,false,1,0,1,0.0
Mickalene Thomas · Multiple · 2024 Q2,Portrait of Maya #10,2024-06-03,Untracked,false,35,0,35,0.0
Mickalene Thomas · Multiple · 2024 Q2,Portrait of Maya #10,2024-06-15,Untracked,false,1,0,1,0.0
Mickalene Thomas · Multiple · 2024 Q2,Portrait of Maya #10,2024-06-17,Untracked,false,1,0,1,0.0
Mickalene Thomas · Multiple · 2024 Q2,Portrait of Maya #10,2024-06-18,Untracked,false,2,0,2,0.0
Mickalene Thomas · Multiple · 2024 Q2,Portrait of Maya #10,2024-06-19,Untracked,false,1,0,1,1.0
Mickalene Thomas · Multiple · 2024 Q2,Portrait of Maya #10,2024-06-20,Untracked,false,1,0,1,0.0
Mickalene Thomas · Multiple · 2024 Q2,Portrait of Maya #10,2024-06-23,Untracked,false,1,0,1,0.0
Mickalene Thomas · Multiple · 2024 Q2,Portrait of Maya #10,2024-06-24,Untracked,false,91,80,91,22.0
Mickalene Thomas · Multiple · 2024 Q2,Portrait of Maya #10,2024-06-25,Untracked,false,189,45,189,54.0
Mickalene Thomas · Multiple · 2024 Q2,Portrait of Maya #10,2024-06-26,Untracked,false,147,3,147,49.0
Mickalene Thomas · Multiple · 2024 Q2,Portrait of Maya #10,2024-06-27,Untracked,false,42,0,42,0.0
Mickalene Thomas · Multiple · 2024 Q2,Portrait of Maya #10,2024-06-28,Untracked,false,2,0,2,0.0
Mickalene Thomas · Multiple · 2024 Q2,Portrait of Maya #10,2024-07-01,Untracked,false,1,0,1,0.0
Mickalene Thomas · Multiple · 2024 Q2,Portrait of Maya #10,2024-07-02,Untracked,false,3,0,3,1.0
Mickalene Thomas · Multiple · 2024 Q2,Portrait of Maya #10,2024-07-05,Untracked,false,5,0,5,0.0
Mickalene Thomas · Multiple · 2024 Q2,Portrait of Maya #10,2024-09-06,Untracked,false,1,0,1,0.0
Mickalene Thomas · Multiple · 2024 Q2,Portrait of Maya #10,2024-09-26,Untracked,false,1,0,1,0.0
Mickalene Thomas · Multiple · 2024 Q2,Portrait of Maya #10,2024-10-21,Untracked,false,1,0,1,0.0
Mickalene Thomas · Multiple · 2024 Q2,Portrait of Maya #10,2024-11-05,Untracked,false,1,0,1,0.0
Mickalene Thomas · Multiple · 2024 Q2,Portrait of Maya #10,2024-11-12,Untracked,false,2,0,2,0.0
Mickalene Thomas · Multiple · 2024 Q2,Portrait of Maya #10,2024-11-19,Untracked,false,1,0,1,0.0
Mickalene Thomas · Multiple · 2024 Q2,Portrait of Maya #10,2024-11-21,Untracked,false,1,0,1,0.0
Mickalene Thomas · Multiple · 2024 Q2,Portrait of Maya #10,2024-11-27,Untracked,false,1,0,1,0.0
Mickalene Thomas · Multiple · 2024 Q2,Portrait of Maya #10,2024-12-20,Untracked,false,2,0,2,1.0
Mickalene Thomas · Multiple · 2024 Q2,Portrait of Maya #10,2025-01-03,Untracked,false,1,0,1,0.0
Mickalene Thomas · Multiple · 2024 Q2,Portrait of Maya #10,2025-01-04,Untracked,false,1,0,1,0.0
Mickalene Thomas · Multiple · 2024 Q2,Portrait of Maya #10,2025-01-06,Untracked,false,1,0,1,0.0
Mickalene Thomas · Multiple · 2024 Q2,Portrait of Maya #10,2025-01-17,Untracked,false,1,0,1,0.0
Mickalene Thomas · Multiple · 2024 Q2,Portrait of Maya #10,2025-02-01,Untracked,false,3,3,3,0.0
Mickalene Thomas · Multiple · 2024 Q2,Portrait of Maya #10,2025-02-05,Untracked,false,1,0,1,0.0
Mickalene Thomas · Multiple · 2024 Q2,Portrait of Maya #10,2025-03-19,Untracked,false,1,0,1,0.0
Mickalene Thomas · Multiple · 2024 Q2,Portrait of Maya #10,2025-04-18,Referral Other,true,1,0,1,0.0
Mickalene Thomas · Multiple · 2025 Q1,Afro Goddess Looking Forward,2025-02-26,Untracked,false,1,0,1,0.0
Mickalene Thomas · Multiple · 2025 Q1,Afro Goddess Looking Forward,2025-03-03,Untracked,false,1,0,1,1.0
Mickalene Thomas · Multiple · 2025 Q1,Afro Goddess Looking Forward,2025-03-04,Untracked,false,1,0,1,1.0
Mickalene Thomas · Multiple · 2025 Q1,Afro Goddess Looking Forward,2025-03-11,Untracked,false,2,0,2,1.0
Mickalene Thomas · Multiple · 2025 Q1,Afro Goddess Looking Forward,2025-03-17,Untracked,false,161,160,161,49.0
Mickalene Thomas · Multiple · 2025 Q1,Afro Goddess Looking Forward,2025-03-18,Untracked,false,354,116,354,118.0
Mickalene Thomas · Multiple · 2025 Q1,Afro Goddess Looking Forward,2025-03-19,Untracked,false,164,1,164,50.0
Mickalene Thomas · Multiple · 2025 Q1,Afro Goddess Looking Forward,2025-03-20,Untracked,false,139,0,139,44.0
Mickalene Thomas · Multiple · 2025 Q1,Afro Goddess Looking Forward,2025-03-21,Untracked,false,3,0,3,0.0
Mickalene Thomas · Multiple · 2025 Q1,Afro Goddess Looking Forward,2025-03-22,Untracked,false,4,0,4,0.0
Mickalene Thomas · Multiple · 2025 Q1,Afro Goddess Looking Forward,2025-03-24,Untracked,false,6,0,6,0.0
Mickalene Thomas · Multiple · 2025 Q1,Afro Goddess Looking Forward,2025-03-25,Untracked,false,1,0,1,0.0
Mickalene Thomas · Multiple · 2025 Q1,Afro Goddess Looking Forward,2025-03-28,Untracked,false,1,0,1,0.0
Mickalene Thomas · Multiple · 2025 Q1,Afro Goddess Looking Forward,2025-03-29,Untracked,false,1,0,1,0.0
Mickalene Thomas · Multiple · 2025 Q1,Afro Goddess Looking Forward,2025-04-01,Untracked,false,1,0,1,0.0
Mickalene Thomas · Multiple · 2025 Q1,Afro Goddess Looking Forward,2025-04-18,Referral Other,true,1,0,1,0.0
Mickalene Thomas · Multiple · 2025 Q1,Afro Goddess Looking Forward,2025-04-24,Untracked,false,3,0,3,0.0
Mickalene Thomas · Multiple · 2025 Q1,Afro Goddess Looking Forward,2025-05-13,Untracked,false,1,0,1,0.0
Mickalene Thomas · Multiple · 2025 Q1,Afro Goddess Looking Forward,2025-05-22,Untracked,false,1,0,1,0.0
Mickalene Thomas · Multiple · 2025 Q1,Afro Goddess Looking Forward,2025-06-06,Untracked,false,1,0,1,0.0
Mickalene Thomas · Multiple · 2025 Q1,Afro Goddess Looking Forward,2026-01-27,Untracked,false,1,0,1,0.0
Mickalene Thomas · Multiple · 2025 Q1,Afro Goddess Looking Forward,2026-01-28,Untracked,false,1,0,1,0.0
Mickalene Thomas · Multiple · 2025 Q1,Afro Goddess Looking Forward,2026-01-30,Untracked,false,1,0,1,1.0
Mickalene Thomas · Multiple · 2025 Q1,Afro Goddess Looking Forward,2026-03-13,Untracked,false,2,0,2,0.0
Mickalene Thomas · Multiple · 2025 Q1,Afro Goddess Looking Forward,2026-03-19,Untracked,false,1,0,1,0.0
Mickalene Thomas · Multiple · 2025 Q1,Afro Goddess Looking Forward,2026-09-14,Untracked,false,1,0,1,0.0
Mickalene Thomas · Multiple · 2025 Q1,Full set of prints,2025-03-17,Untracked,false,7,7,7,4.0
Mickalene Thomas · Multiple · 2025 Q1,Full set of prints,2025-03-18,Untracked,false,4,3,4,0.0
Mickalene Thomas · Multiple · 2025 Q1,Full set of prints,2025-03-19,Untracked,false,1,0,1,0.0
Mickalene Thomas · Multiple · 2025 Q1,Full set of prints,2025-03-20,Untracked,false,1,0,1,1.0
Mickalene Thomas · Multiple · 2025 Q1,Full set of prints,2025-03-25,Untracked,false,1,0,1,0.0
Mickalene Thomas · Multiple · 2025 Q1,Landscape With Woman Washing Her Feet,2025-03-11,Untracked,false,1,0,1,0.0
Mickalene Thomas · Multiple · 2025 Q1,Landscape With Woman Washing Her Feet,2025-03-17,Untracked,false,77,77,77,25.0
Mickalene Thomas · Multiple · 2025 Q1,Landscape With Woman Washing Her Feet,2025-03-18,Untracked,false,169,59,169,59.0
Mickalene Thomas · Multiple · 2025 Q1,Landscape With Woman Washing Her Feet,2025-03-19,Untracked,false,90,1,90,40.0
Mickalene Thomas · Multiple · 2025 Q1,Landscape With Woman Washing Her Feet,2025-03-20,Untracked,false,88,0,88,34.0
Mickalene Thomas · Multiple · 2025 Q1,Landscape With Woman Washing Her Feet,2025-03-21,Untracked,false,3,0,3,2.0
Mickalene Thomas · Multiple · 2025 Q1,Landscape With Woman Washing Her Feet,2025-03-24,Untracked,false,2,0,2,0.0
Mickalene Thomas · Multiple · 2025 Q1,Landscape With Woman Washing Her Feet,2025-03-25,Untracked,false,1,0,1,1.0
Mickalene Thomas · Multiple · 2025 Q1,Landscape With Woman Washing Her Feet,2025-03-27,Untracked,false,2,0,2,0.0
Mickalene Thomas · Multiple · 2025 Q1,Landscape With Woman Washing Her Feet,2025-03-29,Untracked,false,1,0,1,0.0
Mickalene Thomas · Multiple · 2025 Q1,Landscape With Woman Washing Her Feet,2025-04-07,Untracked,false,2,0,2,0.0
Mickalene Thomas · Multiple · 2025 Q1,Landscape With Woman Washing Her Feet,2025-04-14,Untracked,false,1,0,1,0.0
Mickalene Thomas · Multiple · 2025 Q1,Landscape With Woman Washing Her Feet,2025-05-05,Untracked,false,1,0,1,0.0
Mickalene Thomas · Multiple · 2025 Q1,Landscape With Woman Washing Her Feet,2025-05-31,Untracked,false,1,0,1,0.0
Mickalene Thomas · Multiple · 2025 Q1,Landscape With Woman Washing Her Feet,2025-08-12,untracked,true,1,0,1,0.0
Mickalene Thomas · Multiple · 2025 Q1,Landscape With Woman Washing Her Feet,2026-03-13,Untracked,false,1,0,1,0.0
Mickalene Thomas · Multiple · 2025 Q1,Landscape With Woman Washing Her Feet & Resist,2025-03-17,Untracked,false,4,4,4,1.0
Mickalene Thomas · Multiple · 2025 Q1,Landscape With Woman Washing Her Feet & Resist,2025-03-18,Untracked,false,3,2,3,0.0
Mickalene Thomas · Multiple · 2025 Q1,Landscape With Woman Washing Her Feet & Resist,2025-03-19,Untracked,false,2,0,2,0.0
Mickalene Thomas · Multiple · 2025 Q1,November 1981,2025-02-26,Untracked,false,1,0,1,0.0
Mickalene Thomas · Multiple · 2025 Q1,November 1981,2025-03-12,Referral Other,true,1,0,1,0.0
Mickalene Thomas · Multiple · 2025 Q1,November 1981,2025-03-17,Untracked,false,68,67,68,18.0
Mickalene Thomas · Multiple · 2025 Q1,November 1981,2025-03-18,Untracked,false,160,29,160,50.0
Mickalene Thomas · Multiple · 2025 Q1,November 1981,2025-03-19,Untracked,false,64,0,64,16.0
Mickalene Thomas · Multiple · 2025 Q1,November 1981,2025-03-20,Untracked,false,76,0,76,16.0
Mickalene Thomas · Multiple · 2025 Q1,November 1981,2025-03-22,Untracked,false,1,0,1,0.0
Mickalene Thomas · Multiple · 2025 Q1,November 1981,2025-03-24,Untracked,false,6,0,6,0.0
Mickalene Thomas · Multiple · 2025 Q1,November 1981,2025-03-25,Untracked,false,2,0,2,0.0
Mickalene Thomas · Multiple · 2025 Q1,November 1981,2025-03-26,Untracked,false,1,0,1,1.0
Mickalene Thomas · Multiple · 2025 Q1,November 1981,2025-03-27,Untracked,false,1,0,1,0.0
Mickalene Thomas · Multiple · 2025 Q1,November 1981,2025-04-18,Referral Other,true,1,0,1,0.0
Mickalene Thomas · Multiple · 2025 Q1,November 1981,2025-05-30,Untracked,false,1,0,1,0.0
Mickalene Thomas · Multiple · 2025 Q1,November 1981,2025-06-19,Untracked,false,1,0,1,0.0
Mickalene Thomas · Multiple · 2025 Q1,November 1981,2025-06-20,Untracked,false,1,0,1,0.0
Mickalene Thomas · Multiple · 2025 Q1,November 1981,2025-06-24,Untracked,false,1,0,1,0.0
Mickalene Thomas · Multiple · 2025 Q1,November 1981,2025-07-28,Untracked,false,1,0,1,0.0
Mickalene Thomas · Multiple · 2025 Q1,November 1981,2026-02-07,Untracked,false,1,0,1,0.0
Mickalene Thomas · Multiple · 2025 Q1,November 1981 & Afro Goddess Looking Forward,2025-03-17,Untracked,false,16,16,16,4.0
Mickalene Thomas · Multiple · 2025 Q1,November 1981 & Afro Goddess Looking Forward,2025-03-18,Untracked,false,6,6,6,1.0
Mickalene Thomas · Multiple · 2025 Q1,November 1981 & Afro Goddess Looking Forward,2025-03-19,Untracked,false,1,0,1,0.0
Mickalene Thomas · Multiple · 2025 Q1,November 1981 & Afro Goddess Looking Forward,2025-03-20,Untracked,false,3,0,3,0.0
Mickalene Thomas · Multiple · 2025 Q1,Resist,2025-03-17,Untracked,false,44,44,44,13.0
Mickalene Thomas · Multiple · 2025 Q1,Resist,2025-03-18,Untracked,false,102,26,102,44.0
Mickalene Thomas · Multiple · 2025 Q1,Resist,2025-03-19,Untracked,false,58,1,58,26.0
Mickalene Thomas · Multiple · 2025 Q1,Resist,2025-03-20,Untracked,false,43,0,43,14.0
Mickalene Thomas · Multiple · 2025 Q1,Resist,2025-03-27,Untracked,false,1,0,1,0.0
Mickalene Thomas · Multiple · 2025 Q1,Resist,2025-05-14,Untracked,false,1,0,1,0.0
Mickalene Thomas · Multiple · 2025 Q1,Resist,2025-05-22,Untracked,false,1,0,1,0.0
Mickalene Thomas · Multiple · 2025 Q1,Resist,2025-10-20,Untracked,false,1,0,1,0.0
Mickalene Thomas · Multiple · 2026 Q1,A Moment’s Pleasure #2,2026-02-24,Untracked,false,2,0,2,0.0
Mickalene Thomas · Multiple · 2026 Q1,A Moment’s Pleasure #2,2026-03-03,Untracked,false,1,0,1,1.0
Mickalene Thomas · Multiple · 2026 Q1,A Moment’s Pleasure #2,2026-03-14,Untracked,false,2,2,2,2.0
Mickalene Thomas · Multiple · 2026 Q1,A Moment’s Pleasure #2,2026-03-16,Untracked,false,76,76,76,31.0
Mickalene Thomas · Multiple · 2026 Q1,A Moment’s Pleasure #2,2026-03-17,Untracked,false,200,70,200,68.0
Mickalene Thomas · Multiple · 2026 Q1,A Moment’s Pleasure #2,2026-03-18,Untracked,false,69,1,69,28.0
Mickalene Thomas · Multiple · 2026 Q1,A Moment’s Pleasure #2,2026-03-19,Untracked,false,116,0,116,41.0
Mickalene Thomas · Multiple · 2026 Q1,A Moment’s Pleasure #2,2026-03-20,Untracked,false,4,0,4,1.0
Mickalene Thomas · Multiple · 2026 Q1,A Moment’s Pleasure #2,2026-03-21,Untracked,false,1,0,1,1.0
Mickalene Thomas · Multiple · 2026 Q1,A Moment’s Pleasure #2,2026-03-23,Untracked,false,4,0,4,2.0
Mickalene Thomas · Multiple · 2026 Q1,A Moment’s Pleasure #2,2026-03-24,Untracked,false,1,0,1,0.0
Mickalene Thomas · Multiple · 2026 Q1,A Moment’s Pleasure #2,2026-03-25,Untracked,false,3,0,3,1.0
Mickalene Thomas · Multiple · 2026 Q1,A Moment’s Pleasure #2,2026-03-26,Untracked,false,1,0,1,0.0
Mickalene Thomas · Multiple · 2026 Q1,A Moment’s Pleasure #2,2026-04-01,Direct,true,1,0,1,0.0
Mickalene Thomas · Multiple · 2026 Q1,A Moment’s Pleasure #2,2026-04-08,Untracked,false,1,0,1,0.0
Mickalene Thomas · Multiple · 2026 Q1,A Moment’s Pleasure #2,2026-04-16,Untracked,false,1,0,1,0.0
Mickalene Thomas · Multiple · 2026 Q1,A Moment’s Pleasure #2,2026-04-23,Untracked,false,1,0,1,0.0
Mickalene Thomas · Multiple · 2026 Q1,A Moment’s Pleasure #2,2026-06-02,Untracked,false,1,0,1,0.0
Mickalene Thomas · Multiple · 2026 Q1,Girlfriends & Lovers,2026-02-19,Untracked,false,1,0,1,0.0
Mickalene Thomas · Multiple · 2026 Q1,Girlfriends & Lovers,2026-02-23,Direct,true,1,0,1,0.0
Mickalene Thomas · Multiple · 2026 Q1,Girlfriends & Lovers,2026-03-03,Untracked,false,2,0,2,1.0
Mickalene Thomas · Multiple · 2026 Q1,Girlfriends & Lovers,2026-03-14,Untracked,false,1,1,1,0.0
Mickalene Thomas · Multiple · 2026 Q1,Girlfriends & Lovers,2026-03-16,Untracked,false,40,40,40,17.0
Mickalene Thomas · Multiple · 2026 Q1,Girlfriends & Lovers,2026-03-17,Untracked,false,80,30,80,35.0
Mickalene Thomas · Multiple · 2026 Q1,Girlfriends & Lovers,2026-03-18,Untracked,false,29,0,29,10.0
Mickalene Thomas · Multiple · 2026 Q1,Girlfriends & Lovers,2026-03-19,Untracked,false,39,0,39,19.0
Mickalene Thomas · Multiple · 2026 Q1,Girlfriends & Lovers,2026-03-20,Untracked,false,1,0,1,0.0
Mickalene Thomas · Multiple · 2026 Q1,Girlfriends & Lovers,2026-03-23,Untracked,false,1,0,1,1.0
Mickalene Thomas · Multiple · 2026 Q1,Girlfriends & Lovers,2026-03-24,Untracked,false,3,0,3,2.0
Mickalene Thomas · Multiple · 2026 Q1,Girlfriends & Lovers,2026-03-26,Untracked,false,2,0,2,1.0
Mickalene Thomas · Multiple · 2026 Q1,Girlfriends & Lovers,2026-04-01,Direct,true,1,0,1,0.0
Mickalene Thomas · Multiple · 2026 Q1,Girlfriends & Lovers,2026-05-06,Untracked,false,1,0,1,0.0
Mickalene Thomas · Multiple · 2026 Q1,Girlfriends & Lovers and A Moments Pleasure #2,2026-02-23,Untracked,false,1,0,1,0.0
Mickalene Thomas · Multiple · 2026 Q1,Girlfriends & Lovers and A Moments Pleasure #2,2026-03-16,Untracked,false,18,18,18,5.0
Mickalene Thomas · Multiple · 2026 Q1,Girlfriends & Lovers and A Moments Pleasure #2,2026-03-17,Untracked,false,17,8,17,4.0
Mickalene Thomas · Multiple · 2026 Q1,Girlfriends & Lovers and A Moments Pleasure #2,2026-03-18,Untracked,false,8,0,8,1.0
Mickalene Thomas · Multiple · 2026 Q1,Girlfriends & Lovers and A Moments Pleasure #2,2026-03-19,Untracked,false,9,0,9,3.0
Mickalene Thomas · Multiple · 2026 Q1,La Maison de Monet,2026-02-24,Untracked,false,2,0,2,0.0
Mickalene Thomas · Multiple · 2026 Q1,La Maison de Monet,2026-03-13,Untracked,false,1,0,1,0.0
Mickalene Thomas · Multiple · 2026 Q1,La Maison de Monet,2026-03-14,Untracked,false,1,1,1,1.0
Mickalene Thomas · Multiple · 2026 Q1,La Maison de Monet,2026-03-16,Untracked,false,32,32,32,20.0
Mickalene Thomas · Multiple · 2026 Q1,La Maison de Monet,2026-03-17,Untracked,false,61,26,61,31.0
Mickalene Thomas · Multiple · 2026 Q1,La Maison de Monet,2026-03-18,Untracked,false,28,0,28,16.0
Mickalene Thomas · Multiple · 2026 Q1,La Maison de Monet,2026-03-19,Untracked,false,42,0,42,16.0
Mickalene Thomas · Multiple · 2026 Q1,La Maison de Monet,2026-03-20,Untracked,false,1,0,1,0.0
Mickalene Thomas · Multiple · 2026 Q1,La Maison de Monet,2026-03-21,Untracked,false,1,0,1,1.0
Mickalene Thomas · Multiple · 2026 Q1,La Maison de Monet,2026-03-22,Untracked,false,1,0,1,0.0
Mickalene Thomas · Multiple · 2026 Q1,La Maison de Monet,2026-03-24,Untracked,false,1,0,1,0.0
Mickalene Thomas · Multiple · 2026 Q1,La Maison de Monet,2026-03-30,Untracked,false,1,0,1,0.0
Mickalene Thomas · Multiple · 2026 Q1,La Maison de Monet and Portrait of Qusuquzah #8,2026-03-16,Untracked,false,1,1,1,0.0
Mickalene Thomas · Multiple · 2026 Q1,La Maison de Monet and Portrait of Qusuquzah #8,2026-03-17,Untracked,false,1,1,1,1.0
Mickalene Thomas · Multiple · 2026 Q1,La Maison de Monet and Portrait of Qusuquzah #8,2026-03-19,Untracked,false,1,0,1,0.0
Mickalene Thomas · Multiple · 2026 Q1,La Maison de Monet and Portrait of Qusuquzah #8,2026-03-21,Untracked,false,1,0,1,0.0
Mickalene Thomas · Multiple · 2026 Q1,Portrait of Qusuquzah #8,2026-03-16,Untracked,false,16,16,16,7.0
Mickalene Thomas · Multiple · 2026 Q1,Portrait of Qusuquzah #8,2026-03-17,Untracked,false,30,14,30,10.0
Mickalene Thomas · Multiple · 2026 Q1,Portrait of Qusuquzah #8,2026-03-18,Untracked,false,10,0,10,2.0
Mickalene Thomas · Multiple · 2026 Q1,Portrait of Qusuquzah #8,2026-03-19,Untracked,false,10,0,10,2.0
Mickalene Thomas · Multiple · 2026 Q1,Portrait of Qusuquzah #8,2026-03-20,Untracked,false,2,0,2,2.0
Mickalene Thomas · Multiple · 2026 Q1,Portrait of Qusuquzah #8,2026-04-01,Direct,true,1,0,1,0.0
Mickalene Thomas · Multiple · 2026 Q1,Quartet,2026-02-26,Untracked,false,1,0,1,1.0
Mickalene Thomas · Multiple · 2026 Q1,Quartet,2026-03-07,Untracked,false,1,0,1,1.0
Mickalene Thomas · Multiple · 2026 Q1,Quartet,2026-03-14,Untracked,false,1,1,1,1.0
Mickalene Thomas · Multiple · 2026 Q1,Quartet,2026-03-16,Untracked,false,9,9,9,3.0
Mickalene Thomas · Multiple · 2026 Q1,Quartet,2026-03-17,Untracked,false,4,2,4,3.0
Mickalene Thomas · Multiple · 2026 Q1,Quartet,2026-03-18,Untracked,false,2,0,2,0.0
Mickalene Thomas · Multiple · 2026 Q1,Quartet,2026-03-19,Untracked,false,7,0,7,2.0
Miwa Komatsu · Innocent Days and Wishes · 2025 Q2,Innocent Days and Wishes,2024-04-26,Direct,true,1,0,1,0.0
Miwa Komatsu · Innocent Days and Wishes · 2025 Q2,Innocent Days and Wishes,2025-02-12,Referral Other,true,1,0,1,0.0
Miwa Komatsu · Innocent Days and Wishes · 2025 Q2,Innocent Days and Wishes,2025-02-19,Direct,true,1,0,1,1.0
Miwa Komatsu · Innocent Days and Wishes · 2025 Q2,Innocent Days and Wishes,2025-02-20,Referral Other,true,8,8,8,5.0
Miwa Komatsu · Innocent Days and Wishes · 2025 Q2,Innocent Days and Wishes,2025-02-21,Direct,true,1,1,1,1.0
Miwa Komatsu · Innocent Days and Wishes · 2025 Q2,Innocent Days and Wishes,2025-02-21,Referral Other,true,2,2,2,2.0
Miwa Komatsu · Innocent Days and Wishes · 2025 Q2,Innocent Days and Wishes,2025-02-27,Referral Other,true,3,2,3,2.0
Miwa Komatsu · Innocent Days and Wishes · 2025 Q2,Innocent Days and Wishes,2025-03-05,Referral Other,true,2,2,2,2.0
Miwa Komatsu · Innocent Days and Wishes · 2025 Q2,Innocent Days and Wishes,2025-03-19,Referral Other,true,1,0,1,0.0
Miwa Komatsu · Innocent Days and Wishes · 2025 Q2,Innocent Days and Wishes,2025-04-02,AA Email Man,true,1,0,1,1.0
Miwa Komatsu · Innocent Days and Wishes · 2025 Q2,Innocent Days and Wishes,2025-04-02,Direct,true,3,0,3,3.0
Miwa Komatsu · Innocent Days and Wishes · 2025 Q2,Innocent Days and Wishes,2025-04-02,Organic Search,true,1,0,1,1.0
Miwa Komatsu · Innocent Days and Wishes · 2025 Q2,Innocent Days and Wishes,2025-04-02,Referral Other,true,1,0,1,0.0
Miwa Komatsu · Multiple · 2023 Q4,The Entity Stirs,2023-09-29,AA Email Man,true,4,4,0,0.0
Miwa Komatsu · Multiple · 2023 Q4,The Entity Stirs,2023-09-29,Referral Other,true,1,0,0,0.0
Miwa Komatsu · Multiple · 2023 Q4,The Entity Stirs,2023-09-30,AA Email Man,true,1,1,0,0.0
Miwa Komatsu · Multiple · 2023 Q4,The Entity Stirs,2023-10-05,Direct,true,1,0,0,0.0
Miwa Komatsu · Multiple · 2023 Q4,The Entity Stirs,2023-10-05,Referral Other,true,1,0,0,0.0
Miwa Komatsu · Multiple · 2023 Q4,The Entity Stirs,2023-10-06,Direct,true,1,0,0,0.0
Miwa Komatsu · Multiple · 2023 Q4,The Entity Stirs,2023-10-06,Referral Artist,true,1,0,0,0.0
Miwa Komatsu · Multiple · 2023 Q4,The Entity Stirs,2023-10-07,Direct,true,1,1,0,0.0
Miwa Komatsu · Multiple · 2023 Q4,The Entity Stirs,2023-10-10,Direct,true,2,2,0,0.0
Miwa Komatsu · Multiple · 2023 Q4,The Entity Stirs,2023-10-10,untracked,true,1,1,0,0.0
Miwa Komatsu · Multiple · 2023 Q4,The Entity Stirs,2023-10-11,Organic Search,true,1,0,0,0.0
Miwa Komatsu · Multiple · 2023 Q4,The Entity Stirs,2023-10-16,AA Email Man,true,1,0,0,0.0
Miwa Komatsu · Multiple · 2023 Q4,The Entity Stirs,2023-10-16,AA Meta,true,2,0,0,0.0
Miwa Komatsu · Multiple · 2023 Q4,The Entity Stirs,2023-10-16,Direct,true,13,0,0,0.0
Miwa Komatsu · Multiple · 2023 Q4,The Entity Stirs,2023-10-16,Organic Search,true,2,0,0,0.0
Miwa Komatsu · Multiple · 2023 Q4,The Entity Stirs,2023-10-16,Referral Artist,true,9,0,0,0.0
Miwa Komatsu · Multiple · 2023 Q4,The Entity Stirs,2023-10-16,Referral Other,true,5,0,0,0.0
Miwa Komatsu · Multiple · 2023 Q4,The Entity Stirs,2023-10-16,untracked,true,2,0,0,0.0
Miwa Komatsu · Multiple · 2023 Q4,The Entity Stirs,2023-10-20,Referral Artist,true,1,0,0,0.0
Miwa Komatsu · Multiple · 2023 Q4,The Entity Stirs,2023-11-08,Referral Other,true,1,0,0,0.0
Miwa Komatsu · Multiple · 2023 Q4,The Great Harmonisation,2023-10-12,Direct,true,1,1,0,0.0
Miwa Komatsu · Multiple · 2023 Q4,The Great Harmonisation,2023-10-14,Direct,true,1,1,0,0.0
Miwa Komatsu · Multiple · 2023 Q4,The Great Harmonisation,2023-10-16,Direct,true,3,0,0,0.0
Miwa Komatsu · Multiple · 2023 Q4,The Great Harmonisation,2023-10-16,Organic Search,true,2,0,0,0.0
Miwa Komatsu · Multiple · 2023 Q4,The Great Harmonisation,2023-10-16,Referral Artist,true,3,0,0,0.0
Miwa Komatsu · Multiple · 2023 Q4,The Great Harmonisation,2023-10-16,Referral Other,true,2,0,0,0.0
Miwa Komatsu · Multiple · 2023 Q4,The Great Harmonisation,2023-10-16,untracked,true,1,0,0,0.0
Miwa Komatsu · Multiple · 2023 Q4,The Great Harmonisation,2023-10-17,Direct,true,1,0,0,0.0
Miwa Komatsu · Multiple · 2023 Q4,The Great Harmonisation,2023-10-17,Referral Artist,true,2,0,0,0.0
Miwa Komatsu · Multiple · 2023 Q4,The Great Harmonisation,2023-10-17,Referral Meta,true,2,0,0,0.0
Miwa Komatsu · Multiple · 2023 Q4,The Great Harmonisation,2023-10-21,AA X,true,1,0,0,0.0
Miwa Komatsu · Multiple · 2023 Q4,The Great Harmonisation,2023-10-23,Direct,true,1,0,0,0.0
Miwa Komatsu · Multiple · 2023 Q4,The Great Harmonisation,2023-10-26,Direct,true,1,0,0,0.0
Miwa Komatsu · Multiple · 2023 Q4,The Great Harmonisation,2023-11-03,Direct,true,1,0,0,0.0
Miwa Komatsu · Multiple · 2023 Q4,The Great Harmonisation,2023-11-17,Direct,true,1,0,0,0.0
Miwa Komatsu · Multiple · 2023 Q4,The Great Harmonisation,2023-12-02,AA Email Man,true,1,0,0,0.0
Miwa Komatsu · Multiple · 2023 Q4,The Great Harmonisation,2024-06-03,Organic Search,true,1,0,0,0.0
Miwa Komatsu · Multiple · 2023 Q4,The Great Harmonisation,2024-06-07,Paid Social,true,1,0,0,0.0
Miwa Komatsu · Multiple · 2023 Q4,The Great Harmonisation,2024-06-07,Referral Artist,true,2,0,0,0.0
Miwa Komatsu · Multiple · 2023 Q4,The Great Harmonisation,2024-06-11,AA Email Auto,true,1,0,0,0.0
Miwa Komatsu · Multiple · 2023 Q4,The Great Harmonisation,2024-06-11,AA Email Man,true,2,0,0,0.0
Miwa Komatsu · Multiple · 2023 Q4,The Great Harmonisation,2024-06-11,AA Meta,true,1,0,0,0.0
Miwa Komatsu · Multiple · 2023 Q4,The Great Harmonisation,2024-06-11,Referral Artist,true,4,0,0,0.0
Miwa Komatsu · Multiple · 2023 Q4,The Great Harmonisation,2024-06-11,Referral Other,true,7,0,0,0.0
Miwa Komatsu · Multiple · 2023 Q4,The Great Harmonisation,2024-06-12,AA Email Auto,true,1,0,0,0.0
Miwa Komatsu · Multiple · 2023 Q4,The Great Harmonisation,2024-06-12,Referral Meta,true,1,0,0,0.0
Miwa Komatsu · Multiple · 2023 Q4,The Great Harmonisation,2024-06-12,Referral Other,true,2,0,0,0.0
Miwa Komatsu · Multiple · 2023 Q4,The Great Harmonisation,2024-06-13,Referral Artist,true,1,0,0,0.0
Miwa Komatsu · Multiple · 2023 Q4,The Great Harmonisation,2024-06-13,Referral Other,true,4,0,0,0.0
Miwa Komatsu · Multiple · 2023 Q4,The Great Harmonisation,2025-06-04,Direct,true,1,0,0,0.0
Miwa Komatsu · Multiple · 2023 Q4,The Great Harmonisation,2025-06-19,Referral Artist,true,1,0,0,0.0
Miwa Komatsu · Sacred Connectedness · 2024 Q2,Sacred Connectedness,2024-06-22,Untracked,false,1,0,1,0.0
Miwa Komatsu · Sacred Connectedness · 2024 Q2,Sacred Connectedness,2024-07-03,Untracked,false,50,0,50,0.0
Miwa Komatsu · Sacred Connectedness · 2024 Q2,Sacred Connectedness,2024-07-26,Untracked,false,1,0,1,0.0
Miwa Komatsu · Sacred Connectedness · 2024 Q2,Sacred Connectedness,2024-10-25,Untracked,false,1,0,1,0.0
Miwa Komatsu · Sacred Connectedness · 2024 Q2,Sacred Connectedness,2024-10-28,Untracked,false,1,0,1,0.0
Miwa Komatsu · Sacred Connectedness · 2024 Q2,To be titled,2024-06-11,AA Email Auto,true,1,0,1,0.0
Miwa Komatsu · Sacred Connectedness · 2024 Q2,To be titled,2024-06-11,AA Email Man,true,2,0,2,1.0
Miwa Komatsu · Sacred Connectedness · 2024 Q2,To be titled,2024-06-11,AA Meta,true,1,0,1,1.0
Miwa Komatsu · Sacred Connectedness · 2024 Q2,To be titled,2024-06-11,Referral Artist,true,4,0,4,4.0
Miwa Komatsu · Sacred Connectedness · 2024 Q2,To be titled,2024-06-11,Referral Other,true,10,0,10,1.0
Miwa Komatsu · Sacred Connectedness · 2024 Q2,To be titled,2024-06-11,Untracked,false,145,0,145,43.0
Miwa Komatsu · Sacred Connectedness · 2024 Q2,To be titled,2024-06-12,AA Email Auto,true,2,0,2,2.0
Miwa Komatsu · Sacred Connectedness · 2024 Q2,To be titled,2024-06-12,Referral Other,true,2,0,2,2.0
Miwa Komatsu · Sacred Connectedness · 2024 Q2,To be titled,2024-06-12,Untracked,false,80,0,80,29.0
Miwa Komatsu · Sacred Connectedness · 2024 Q2,To be titled,2024-06-13,Referral Other,true,4,0,4,3.0
Miwa Komatsu · Sacred Connectedness · 2024 Q2,To be titled,2024-06-13,Untracked,false,63,0,63,26.0
Miwa Komatsu · Three Guardians: Gatekeeping the Heat and Cold · 2026 Q2,Three Guardians: Gatekeeping the Heat and Cold,2026-05-22,AA Email Auto,true,1,1,1,1.0
Miwa Komatsu · Three Guardians: Gatekeeping the Heat and Cold · 2026 Q2,Three Guardians: Gatekeeping the Heat and Cold,2026-05-22,AA Email Man,true,4,4,4,3.0
Miwa Komatsu · Three Guardians: Gatekeeping the Heat and Cold · 2026 Q2,Three Guardians: Gatekeeping the Heat and Cold,2026-05-22,AA Meta,true,1,1,1,1.0
Miwa Komatsu · Three Guardians: Gatekeeping the Heat and Cold · 2026 Q2,Three Guardians: Gatekeeping the Heat and Cold,2026-05-22,Direct,true,1,1,1,1.0
Miwa Komatsu · Three Guardians: Gatekeeping the Heat and Cold · 2026 Q2,Three Guardians: Gatekeeping the Heat and Cold,2026-05-22,Referral Artist,true,4,4,4,4.0
Miwa Komatsu · Three Guardians: Gatekeeping the Heat and Cold · 2026 Q2,Three Guardians: Gatekeeping the Heat and Cold,2026-05-22,Referral Other,true,8,8,8,4.0
Miwa Komatsu · Three Guardians: Gatekeeping the Heat and Cold · 2026 Q2,Three Guardians: Gatekeeping the Heat and Cold,2026-05-22,untracked,true,1,1,1,1.0
Miwa Komatsu · Three Guardians: Gatekeeping the Heat and Cold · 2026 Q2,Three Guardians: Gatekeeping the Heat and Cold,2026-05-23,AA Email Auto,true,1,1,1,0.0
Miwa Komatsu · Three Guardians: Gatekeeping the Heat and Cold · 2026 Q2,Three Guardians: Gatekeeping the Heat and Cold,2026-05-23,Referral Artist,true,1,1,1,1.0
Miwa Komatsu · Three Guardians: Gatekeeping the Heat and Cold · 2026 Q2,Three Guardians: Gatekeeping the Heat and Cold,2026-05-23,Referral Other,true,3,3,3,2.0
Miwa Komatsu · Three Guardians: Gatekeeping the Heat and Cold · 2026 Q2,Three Guardians: Gatekeeping the Heat and Cold,2026-05-24,Referral Other,true,1,1,1,1.0
Miwa Komatsu · Three Guardians: Gatekeeping the Heat and Cold · 2026 Q2,Three Guardians: Gatekeeping the Heat and Cold,2026-06-05,AA Email Man,true,3,0,3,3.0
Miwa Komatsu · Three Guardians: Gatekeeping the Heat and Cold · 2026 Q2,Three Guardians: Gatekeeping the Heat and Cold,2026-06-05,AA Meta,true,1,0,1,1.0
Miwa Komatsu · Three Guardians: Gatekeeping the Heat and Cold · 2026 Q2,Three Guardians: Gatekeeping the Heat and Cold,2026-06-08,AA Email Man,true,1,0,1,1.0
Miwa Komatsu · Three Guardians: Gatekeeping the Heat and Cold · 2026 Q2,Three Guardians: Gatekeeping the Heat and Cold,2026-06-10,AA Email Man,true,1,0,1,0.0
Miwa Komatsu · Three Guardians: Gatekeeping the Heat and Cold · 2026 Q2,Three Guardians: Gatekeeping the Heat and Cold,2026-06-10,Referral Artist,true,1,0,1,1.0
Miwa Komatsu · Three Guardians: Gatekeeping the Heat and Cold · 2026 Q2,Three Guardians: Gatekeeping the Heat and Cold,2026-06-23,AA Email Man,true,4,0,4,4.0
Miwa Komatsu · Three Guardians: Gatekeeping the Heat and Cold · 2026 Q2,Three Guardians: Gatekeeping the Heat and Cold,2026-06-23,AA Meta,true,1,0,1,1.0
Miwa Komatsu · Three Guardians: Gatekeeping the Heat and Cold · 2026 Q2,Three Guardians: Gatekeeping the Heat and Cold,2026-06-23,Direct,true,2,0,2,2.0
Miwa Komatsu · Three Guardians: Gatekeeping the Heat and Cold · 2026 Q2,Three Guardians: Gatekeeping the Heat and Cold,2026-06-23,Organic Search,true,4,0,4,4.0
Miwa Komatsu · Three Guardians: Gatekeeping the Heat and Cold · 2026 Q2,Three Guardians: Gatekeeping the Heat and Cold,2026-06-23,Referral Artist,true,4,0,4,4.0
Miwa Komatsu · White and Black Guiding Yamainu-sama · 2024 Q4,White and Black Guiding Yamainu-sama,2024-10-18,AA Email Man,true,2,2,0,0.0
Miwa Komatsu · White and Black Guiding Yamainu-sama · 2024 Q4,White and Black Guiding Yamainu-sama,2024-10-18,Referral Other,true,2,2,0,0.0
Miwa Komatsu · White and Black Guiding Yamainu-sama · 2024 Q4,White and Black Guiding Yamainu-sama,2024-10-19,Referral Other,true,2,2,0,0.0
Miwa Komatsu · White and Black Guiding Yamainu-sama · 2024 Q4,White and Black Guiding Yamainu-sama,2024-10-20,AA Email Man,true,2,2,0,0.0
Miwa Komatsu · White and Black Guiding Yamainu-sama · 2024 Q4,White and Black Guiding Yamainu-sama,2024-10-20,Direct,true,1,1,0,0.0
Miwa Komatsu · White and Black Guiding Yamainu-sama · 2024 Q4,White and Black Guiding Yamainu-sama,2024-10-20,Referral Other,true,1,1,0,0.0
Miwa Komatsu · White and Black Guiding Yamainu-sama · 2024 Q4,White and Black Guiding Yamainu-sama,2024-10-22,Direct,true,1,0,0,0.0
Miwa Komatsu · White and Black Guiding Yamainu-sama · 2024 Q4,White and Black Guiding Yamainu-sama,2024-10-22,Referral Other,true,1,1,0,0.0
Miwa Komatsu · White and Black Guiding Yamainu-sama · 2024 Q4,White and Black Guiding Yamainu-sama,2024-10-25,Referral Other,true,1,1,0,0.0
Miwa Komatsu · White and Black Guiding Yamainu-sama · 2024 Q4,White and Black Guiding Yamainu-sama,2024-11-20,AA Email Man,true,2,0,0,0.0
Moe Nakamura · Inside Us · 2023 Q4,Inside Us,2023-10-12,Referral Other,true,1,0,0,0.0
Moe Nakamura · Inside Us · 2023 Q4,Inside Us,2023-10-18,AA Email Man,true,1,0,0,0.0
Moe Nakamura · Inside Us · 2023 Q4,Inside Us,2023-10-19,Direct,true,1,0,0,0.0
Moe Nakamura · Inside Us · 2023 Q4,Inside Us,2023-10-20,Direct,true,3,3,0,0.0
Moe Nakamura · Inside Us · 2023 Q4,Inside Us,2023-10-25,Direct,true,2,0,0,0.0
Moe Nakamura · Inside Us · 2023 Q4,Inside Us,2023-10-28,Direct,true,1,0,0,0.0
Moe Nakamura · Inside Us · 2023 Q4,Inside Us,2023-10-28,Referral Other,true,2,0,0,0.0
Moe Nakamura · Inside Us · 2023 Q4,Inside Us,2023-11-01,Referral Other,true,1,1,0,0.0
Moe Nakamura · Inside Us · 2023 Q4,Inside Us,2023-11-03,untracked,true,1,0,0,0.0
Moe Nakamura · Inside Us · 2023 Q4,Inside Us,2023-11-06,AA Meta,true,1,0,0,0.0
Moe Nakamura · Inside Us · 2023 Q4,Inside Us,2023-11-07,AA Meta,true,1,0,0,0.0
Moe Nakamura · Inside Us · 2023 Q4,Inside Us,2023-11-07,untracked,true,1,0,0,0.0
Moe Nakamura · Inside Us · 2023 Q4,Inside Us,2023-11-09,AA Meta,true,1,0,0,0.0
Moe Nakamura · Inside Us · 2023 Q4,Inside Us,2023-11-10,Organic Search,true,1,0,0,0.0
Moe Nakamura · Inside Us · 2023 Q4,Inside Us,2023-11-13,untracked,true,1,0,0,0.0
Moe Nakamura · Inside Us · 2023 Q4,Inside Us,2023-11-15,untracked,true,1,0,0,0.0
Moe Nakamura · Inside Us · 2023 Q4,Inside Us,2023-11-16,Direct,true,1,1,0,0.0
Moe Nakamura · Inside Us · 2023 Q4,Inside Us,2023-11-22,AA Meta,true,1,0,0,0.0
Moe Nakamura · Inside Us · 2023 Q4,Inside Us,2023-11-28,AA Meta,true,1,0,0,0.0
Moe Nakamura · Inside Us · 2023 Q4,Inside Us,2023-11-28,untracked,true,1,0,0,0.0
Moe Nakamura · Inside Us · 2023 Q4,Inside Us,2023-11-29,Organic Search,true,1,0,0,0.0
Moe Nakamura · Inside Us · 2023 Q4,Inside Us,2023-11-30,untracked,true,1,0,0,0.0
Moe Nakamura · Inside Us · 2023 Q4,Inside Us,2024-03-08,Referral Other,true,1,0,0,0.0
Moe Nakamura · Inside Us · 2023 Q4,Inside Us,2024-04-19,Referral Other,true,1,0,0,0.0
Moe Nakamura · Inside Us · 2023 Q4,Inside Us,2024-05-21,untracked,true,1,0,0,0.0
Moe Nakamura · Inside Us · 2023 Q4,Inside Us,2025-09-09,Referral Other,true,1,0,0,0.0
Moe Nakamura · Inside Us · 2023 Q4,Inside Us,2026-08-10,Organic Search,true,1,0,0,0.0
Neo Image Matloga · Majakathata · 2021 Q3,Majakathata,2023-08-14,Referral Other,true,1,0,0,0.0
Neo Image Matloga · Multiple · 2023 Q3,Artist Bag (Neo Image Matloga),2023-08-03,Untracked,false,1,0,0,0.0
Neo Image Matloga · Multiple · 2023 Q3,Artist Bag (Neo Image Matloga),2023-08-04,Untracked,false,6,0,0,0.0
Neo Image Matloga · Multiple · 2023 Q3,Artist Bag (Neo Image Matloga),2023-08-08,Untracked,false,1,0,0,0.0
Neo Image Matloga · Multiple · 2023 Q3,Artist Bag (Neo Image Matloga),2023-08-09,Untracked,false,1,0,0,0.0
Neo Image Matloga · Multiple · 2023 Q3,Artist Bag (Neo Image Matloga),2023-09-25,Untracked,false,1,0,0,0.0
Neo Image Matloga · Multiple · 2023 Q3,Artist Bag (Neo Image Matloga),2023-12-29,Untracked,false,1,0,0,0.0
Neo Image Matloga · Multiple · 2023 Q3,Artist Bag (Neo Image Matloga),2024-08-08,Untracked,false,1,0,0,0.0
Neo Image Matloga · Multiple · 2023 Q3,Artist Bag (Neo Image Matloga),2024-10-16,Untracked,false,1,0,0,0.0
Neo Image Matloga · Multiple · 2023 Q3,Artist Bag (Neo Image Matloga),2025-03-11,Untracked,false,1,0,0,0.0
Neo Image Matloga · Multiple · 2023 Q3,Artist Bag (Neo Image Matloga),2025-07-10,Untracked,false,1,0,0,0.0
Neo Image Matloga · Multiple · 2023 Q3,Artist Bag (Neo Image Matloga),2026-02-08,Untracked,false,1,0,0,0.0
Neo Image Matloga · Multiple · 2023 Q3,Artist Bag (Neo Image Matloga),2026-09-02,Untracked,false,1,0,0,0.0
Neo Image Matloga · Multiple · 2023 Q3,Artist Bag (Neo Image Matloga),2026-09-23,Untracked,false,1,0,0,0.0
Nicasio Fernandez · D.I.Y (Hand-finished) · 2022 Q4,D.I.Y (Hand-finished),2023-07-06,Direct,true,1,0,1,0.0
Nigel Howlett · Multiple · 2022 Q1,The Face Before You Were Born,2023-03-26,Organic Search,true,1,0,0,0.0
Nigel Howlett · Multiple · 2022 Q1,The Face Before You Were Born,2023-09-05,Direct,true,1,0,0,0.0
Nigel Howlett · Multiple · 2022 Q1,The Face Before You Were Born,2024-12-13,untracked,true,1,0,0,0.0
Nigel Howlett · Multiple · 2022 Q1,The Face Before You Were Born,2025-01-28,Referral Other,true,1,0,0,0.0
Nigel Howlett · Multiple · 2022 Q1,The Face Before You Were Born,2025-07-10,Organic Search,true,1,0,0,0.0
Nigel Howlett · Multiple · 2022 Q1,The Face Before You Were Born,2025-07-12,Referral Other,true,1,0,0,0.0
Nigel Howlett · Multiple · 2022 Q1,The Face Before You Were Born,2026-05-07,Referral Other,true,1,0,0,0.0
Nigel Howlett · Multiple · 2022 Q1,The Face Before You Were Born,2026-07-12,Referral Other,true,1,0,0,0.0
Nigel Howlett · Multiple · 2022 Q1,The Face Before You Were Born,2026-08-04,Organic Search,true,1,0,0,0.0
Nigel Howlett · Multiple · 2022 Q1,The Face Before You Were Born (Signed Collector's Edition),2023-05-24,untracked,true,1,0,0,0.0
Okokume · Sumergidos · 2023 Q1,Sumergidos,2023-01-06,AA Email Man,true,4,4,0,0.0
Okokume · Sumergidos · 2023 Q1,Sumergidos,2023-01-06,Organic Search,true,1,0,0,0.0
Okokume · Sumergidos · 2023 Q1,Sumergidos,2023-01-06,untracked,true,1,1,0,0.0
Okokume · Sumergidos · 2023 Q1,Sumergidos,2023-01-09,AA Email Man,true,1,0,0,0.0
Okokume · Sumergidos · 2023 Q1,Sumergidos,2023-01-10,untracked,true,1,0,0,0.0
Okokume · Sumergidos · 2023 Q1,Sumergidos,2023-01-11,AA Email Man,true,1,0,0,0.0
Okokume · Sumergidos · 2023 Q1,Sumergidos,2023-01-11,Direct,true,18,16,0,0.0
Okokume · Sumergidos · 2023 Q1,Sumergidos,2023-01-11,Referral Meta,true,1,1,0,0.0
Okokume · Sumergidos · 2023 Q1,Sumergidos,2023-01-11,Referral Other,true,2,1,0,0.0
Okokume · Sumergidos · 2023 Q1,Sumergidos,2023-01-12,untracked,true,1,0,0,0.0
Okokume · Sumergidos · 2023 Q1,Sumergidos,2023-01-16,Direct,true,3,0,0,0.0
Okokume · Sumergidos · 2023 Q1,Sumergidos,2023-01-16,untracked,true,1,0,0,0.0
Okokume · Sumergidos · 2023 Q1,Sumergidos,2023-01-17,Direct,true,4,0,0,0.0
Okokume · Sumergidos · 2023 Q1,Sumergidos,2023-01-18,AA Email Man,true,1,0,0,0.0
Okokume · Sumergidos · 2023 Q1,Sumergidos,2023-01-18,Direct,true,2,0,0,0.0
Okokume · Sumergidos · 2023 Q1,Sumergidos,2023-01-20,Direct,true,1,0,0,0.0
Okokume · Sumergidos · 2023 Q1,Sumergidos,2023-01-21,AA Email Man,true,1,0,0,0.0
Okokume · Sumergidos · 2023 Q1,Sumergidos,2023-01-21,Referral Other,true,1,0,0,0.0
Okokume · Sumergidos · 2023 Q1,Sumergidos,2023-01-24,AA Email Man,true,3,0,0,0.0
Okokume · Sumergidos · 2023 Q1,Sumergidos,2023-01-24,AA Meta,true,1,0,0,0.0
Okokume · Sumergidos · 2023 Q1,Sumergidos,2023-01-24,untracked,true,1,0,0,0.0
"Oscar yi Hou · Coolieisms, aka: Born In The USA (Go And Kill The Yellow Man) · 2025 Q2","Coolieisms, aka: Born In The USA (Go And Kill The Yellow Man)",2025-03-21,Referral Other,true,1,1,1,1.0
"Oscar yi Hou · Coolieisms, aka: Born In The USA (Go And Kill The Yellow Man) · 2025 Q2","Coolieisms, aka: Born In The USA (Go And Kill The Yellow Man)",2025-03-23,Referral Other,true,1,1,1,0.0
"Oscar yi Hou · Coolieisms, aka: Born In The USA (Go And Kill The Yellow Man) · 2025 Q2","Coolieisms, aka: Born In The USA (Go And Kill The Yellow Man)",2025-04-10,Direct,true,1,0,1,1.0
"Oscar yi Hou · Coolieisms, aka: Born In The USA (Go And Kill The Yellow Man) · 2025 Q2","Coolieisms, aka: Born In The USA (Go And Kill The Yellow Man)",2025-04-22,Organic Search,true,1,0,1,1.0
"Oscar yi Hou · Coolieisms, aka: Born In The USA (Go And Kill The Yellow Man) · 2025 Q2","Coolieisms, aka: Born In The USA (Go And Kill The Yellow Man)",2025-04-22,Paid Social,true,1,0,1,1.0
Other World · Dogs of War · 2025 Q2,Dogs of War,2025-03-21,AA Email Man,true,3,3,3,2.0
Other World · Dogs of War · 2025 Q2,Dogs of War,2025-03-21,AA X,true,2,2,2,2.0
Other World · Dogs of War · 2025 Q2,Dogs of War,2025-03-23,Direct,true,1,0,1,0.0
Other World · Dogs of War · 2025 Q2,Dogs of War,2025-03-24,Direct,true,1,0,1,0.0
Other World · Dogs of War · 2025 Q2,Dogs of War,2025-03-24,untracked,true,1,1,1,1.0
Other World · Dogs of War · 2025 Q2,Dogs of War,2025-03-26,Referral Other,true,1,1,1,1.0
Other World · Dogs of War · 2025 Q2,Dogs of War,2025-03-27,AA X,true,1,1,1,1.0
Other World · Dogs of War · 2025 Q2,Dogs of War,2025-04-15,AA Email Man,true,2,0,2,1.0
Other World · Dogs of War · 2025 Q2,Dogs of War,2025-04-15,AA X,true,1,0,1,0.0
Other World · Dogs of War · 2025 Q2,Dogs of War,2025-04-15,Direct,true,2,0,2,2.0
Other World · Dogs of War · 2025 Q2,Dogs of War,2025-04-15,Referral Other,true,1,0,1,0.0
Other World · Dogs of War · 2025 Q2,Dogs of War,2025-04-15,Referral X,true,2,0,2,1.0
Other World · Dogs of War · 2025 Q2,Dogs of War,2025-04-15,untracked,true,1,0,1,1.0
Other World · Dogs of War · 2025 Q2,Dogs of War,2025-04-24,untracked,true,4,0,4,0.0
Other World · Dogs of War · 2025 Q2,Dogs of War,2025-07-18,untracked,true,1,0,1,0.0
Other World · Dogs of War · 2025 Q2,Dogs of War,2025-07-23,Direct,true,1,0,1,0.0
Other World · Dogs of War · 2025 Q2,Dogs of War,2025-08-12,untracked,true,1,0,1,0.0
Otis Kwame Kye Quaicoe · View of Yoei William · 2021 Q1,View of Yoei William,2023-05-02,Direct,true,1,0,0,0.0
Pablo Tomek · Multiple · 2023 Q2,Shotgun 2,2023-05-01,Organic Search,true,1,0,0,0.0
Paco Pomet · The Last Evening · 2019 Q2,The Last Evening,2023-10-02,Untracked,false,1,0,0,0.0
Paco Pomet · The Last Evening · 2019 Q2,The Last Evening,2025-07-24,Untracked,false,1,0,0,0.0
Paco Pomet · The Last Evening · 2019 Q2,The Last Evening,2026-06-04,Untracked,false,1,0,0,0.0
Parra · Multiple · 2022 Q3,when the smoke clears,2024-10-17,Untracked,false,1,0,0,0.0
Parra · Multiple · 2022 Q3,when the smoke clears,2024-11-01,Untracked,false,1,0,0,0.0
Parra · Multiple · 2022 Q3,when the smoke clears,2024-11-21,Untracked,false,1,0,0,0.0
Parra · Multiple · 2022 Q3,when the smoke clears,2024-12-06,Untracked,false,1,0,0,0.0
Parra · Multiple · 2022 Q3,when the smoke clears,2025-01-02,Untracked,false,1,0,0,0.0
Parra · Multiple · 2022 Q3,when the smoke clears,2025-01-20,Untracked,false,1,0,0,0.0
Parra · Multiple · 2022 Q3,when the smoke clears,2025-06-19,Untracked,false,1,0,0,0.0
Parra · Multiple · 2022 Q3,when the smoke clears,2026-05-06,Untracked,false,1,0,0,0.0
Parra · Multiple · 2024 Q4,FOUR WALLS,2024-10-01,AA Email Man,true,3,3,3,1.0
Parra · Multiple · 2024 Q4,FOUR WALLS,2024-10-01,Direct,true,2,1,2,1.0
Parra · Multiple · 2024 Q4,FOUR WALLS,2024-10-01,Organic Search,true,1,1,1,0.0
Parra · Multiple · 2024 Q4,FOUR WALLS,2024-10-01,Referral Artist,true,4,4,4,0.0
Parra · Multiple · 2024 Q4,FOUR WALLS,2024-10-01,Referral Other,true,7,7,7,3.0
Parra · Multiple · 2024 Q4,FOUR WALLS,2024-10-01,untracked,true,2,2,2,0.0
Parra · Multiple · 2024 Q4,FOUR WALLS,2024-10-02,AA Email Man,true,1,1,1,0.0
Parra · Multiple · 2024 Q4,FOUR WALLS,2024-10-02,Direct,true,2,0,2,0.0
Parra · Multiple · 2024 Q4,FOUR WALLS,2024-10-02,Referral Artist,true,1,1,1,1.0
Parra · Multiple · 2024 Q4,FOUR WALLS,2024-10-02,Referral Other,true,1,1,1,0.0
Parra · Multiple · 2024 Q4,FOUR WALLS,2024-10-03,Direct,true,4,1,4,1.0
Parra · Multiple · 2024 Q4,FOUR WALLS,2024-10-03,Referral Artist,true,2,2,2,0.0
Parra · Multiple · 2024 Q4,FOUR WALLS,2024-10-04,AA Email Man,true,1,0,1,0.0
Parra · Multiple · 2024 Q4,FOUR WALLS,2024-10-04,Direct,true,1,0,1,0.0
Parra · Multiple · 2024 Q4,FOUR WALLS,2024-10-04,Referral Artist,true,1,1,1,0.0
Parra · Multiple · 2024 Q4,FOUR WALLS,2024-10-04,Referral Other,true,1,1,1,0.0
Parra · Multiple · 2024 Q4,FOUR WALLS,2024-10-05,Direct,true,1,0,1,1.0
Parra · Multiple · 2024 Q4,FOUR WALLS,2024-10-23,AA Email Man,true,2,0,2,1.0
Parra · Multiple · 2024 Q4,FOUR WALLS,2024-10-23,Organic Search,true,1,0,1,0.0
Parra · Multiple · 2024 Q4,FOUR WALLS,2024-10-24,AA Email Man,true,5,0,5,0.0
Parra · Multiple · 2024 Q4,FOUR WALLS,2024-10-24,AA Meta,true,3,0,3,1.0
Parra · Multiple · 2024 Q4,FOUR WALLS,2024-10-24,Direct,true,5,0,5,1.0
Parra · Multiple · 2024 Q4,FOUR WALLS,2024-10-24,Organic Search,true,2,0,2,0.0
Parra · Multiple · 2024 Q4,FOUR WALLS,2024-10-24,Referral Artist,true,27,0,27,9.0
Parra · Multiple · 2024 Q4,FOUR WALLS,2024-10-24,Referral Meta,true,1,0,1,0.0
Parra · Multiple · 2024 Q4,FOUR WALLS,2024-10-24,Referral Other,true,1,0,1,1.0
Parra · Multiple · 2024 Q4,FOUR WALLS,2024-10-24,untracked,true,2,0,2,1.0
Parra · Multiple · 2024 Q4,FOUR WALLS,2024-10-25,Direct,true,1,0,1,0.0
Parra · Multiple · 2024 Q4,FOUR WALLS,2024-10-26,Referral Artist,true,1,0,1,0.0
Parra · Multiple · 2024 Q4,FOUR WALLS,2024-10-30,AA Meta,true,1,0,1,0.0
Parra · Multiple · 2024 Q4,FOUR WALLS,2024-10-30,Organic Search,true,1,0,1,0.0
Parra · Multiple · 2024 Q4,FOUR WALLS,2024-11-15,untracked,true,1,0,1,0.0
Parra · Multiple · 2024 Q4,FOUR WALLS,2025-06-29,Referral Artist,true,1,0,1,1.0
Parra · Multiple · 2024 Q4,LOST KEYS,2024-10-01,AA Email Man,true,6,6,6,1.0
Parra · Multiple · 2024 Q4,LOST KEYS,2024-10-01,AA Meta,true,4,4,4,1.0
Parra · Multiple · 2024 Q4,LOST KEYS,2024-10-01,Direct,true,2,1,2,0.0
Parra · Multiple · 2024 Q4,LOST KEYS,2024-10-01,Organic Search,true,2,2,2,1.0
Parra · Multiple · 2024 Q4,LOST KEYS,2024-10-01,Referral Artist,true,8,8,8,0.0
Parra · Multiple · 2024 Q4,LOST KEYS,2024-10-01,Referral Other,true,12,11,12,3.0
Parra · Multiple · 2024 Q4,LOST KEYS,2024-10-01,untracked,true,3,3,3,0.0
Parra · Multiple · 2024 Q4,LOST KEYS,2024-10-02,Direct,true,2,0,2,0.0
Parra · Multiple · 2024 Q4,LOST KEYS,2024-10-02,Referral Artist,true,4,4,4,1.0
Parra · Multiple · 2024 Q4,LOST KEYS,2024-10-02,Referral Other,true,2,2,2,0.0
Parra · Multiple · 2024 Q4,LOST KEYS,2024-10-02,untracked,true,1,1,1,1.0
Parra · Multiple · 2024 Q4,LOST KEYS,2024-10-03,AA Email Man,true,2,2,2,1.0
Parra · Multiple · 2024 Q4,LOST KEYS,2024-10-03,AA Meta,true,2,2,2,0.0
Parra · Multiple · 2024 Q4,LOST KEYS,2024-10-03,Direct,true,4,0,4,1.0
Parra · Multiple · 2024 Q4,LOST KEYS,2024-10-03,Organic Search,true,1,1,1,0.0
Parra · Multiple · 2024 Q4,LOST KEYS,2024-10-03,Referral Artist,true,4,4,4,1.0
Parra · Multiple · 2024 Q4,LOST KEYS,2024-10-03,Referral Other,true,6,6,6,0.0
Parra · Multiple · 2024 Q4,LOST KEYS,2024-10-04,AA Meta,true,1,0,1,0.0
Parra · Multiple · 2024 Q4,LOST KEYS,2024-10-04,Referral Other,true,1,1,1,0.0
Parra · Multiple · 2024 Q4,LOST KEYS,2024-10-05,AA Email Man,true,1,0,1,0.0
Parra · Multiple · 2024 Q4,LOST KEYS,2024-10-05,Referral Other,true,2,1,2,1.0
Parra · Multiple · 2024 Q4,LOST KEYS,2024-10-08,Direct,true,1,0,1,0.0
Parra · Multiple · 2024 Q4,LOST KEYS,2024-10-10,Direct,true,1,0,1,0.0
Parra · Multiple · 2024 Q4,LOST KEYS,2024-10-17,Direct,true,1,0,1,0.0
Parra · Multiple · 2024 Q4,LOST KEYS,2024-10-24,AA Email Man,true,3,0,3,0.0
Parra · Multiple · 2024 Q4,LOST KEYS,2024-10-24,AA Meta,true,1,0,1,0.0
Parra · Multiple · 2024 Q4,LOST KEYS,2024-10-24,AA X,true,1,0,1,0.0
Parra · Multiple · 2024 Q4,LOST KEYS,2024-10-24,Organic Search,true,1,0,1,0.0
Parra · Multiple · 2024 Q4,LOST KEYS,2024-10-24,Referral Artist,true,6,0,6,0.0
Parra · Multiple · 2024 Q4,LOST KEYS,2024-10-24,Referral Other,true,1,0,1,0.0
Parra · Multiple · 2024 Q4,LOST KEYS,2024-10-25,AA Meta,true,1,0,1,0.0
Parra · Multiple · 2024 Q4,LOST KEYS,2024-10-26,Referral Artist,true,1,0,1,0.0
Parra · Multiple · 2024 Q4,LOST KEYS,2024-10-30,untracked,true,1,0,1,0.0
Parra · Multiple · 2024 Q4,LOST KEYS,2024-11-15,untracked,true,1,0,1,0.0
Parra · Multiple · 2024 Q4,LOST KEYS,2025-01-14,Referral Other,true,1,0,1,0.0
Parra · Multiple · 2024 Q4,LOST KEYS & FOUR WALLS,2024-10-05,Referral Other,true,2,1,2,1.0
Parra · Multiple · 2024 Q4,LOST KEYS & FOUR WALLS,2024-10-05,untracked,true,1,0,1,0.0
Parra · Multiple · 2024 Q4,LOST KEYS & FOUR WALLS,2024-10-06,Direct,true,1,0,1,0.0
Parra · Multiple · 2024 Q4,LOST KEYS & FOUR WALLS,2024-10-09,Referral Artist,true,1,0,1,0.0
Parra · Multiple · 2024 Q4,LOST KEYS & FOUR WALLS,2024-10-15,Referral Artist,true,1,1,1,0.0
Parra · Multiple · 2024 Q4,LOST KEYS & FOUR WALLS,2024-10-17,AA Email Man,true,1,1,1,1.0
Parra · Multiple · 2024 Q4,LOST KEYS & FOUR WALLS,2024-10-17,Direct,true,1,0,1,0.0
Parra · Multiple · 2024 Q4,LOST KEYS & FOUR WALLS,2024-10-17,Organic Search,true,1,1,1,0.0
Parra · Multiple · 2024 Q4,LOST KEYS & FOUR WALLS,2024-10-17,Referral Artist,true,2,2,2,1.0
Parra · Multiple · 2024 Q4,LOST KEYS & FOUR WALLS,2024-10-17,Referral Other,true,2,2,2,0.0
Parra · Multiple · 2024 Q4,LOST KEYS & FOUR WALLS,2024-10-24,AA Email Man,true,6,0,6,1.0
Parra · Multiple · 2024 Q4,LOST KEYS & FOUR WALLS,2024-10-24,Direct,true,9,0,9,2.0
Parra · Multiple · 2024 Q4,LOST KEYS & FOUR WALLS,2024-10-24,Organic Search,true,2,0,2,1.0
Parra · Multiple · 2024 Q4,LOST KEYS & FOUR WALLS,2024-10-24,Referral Artist,true,23,0,23,3.0
Parra · Multiple · 2024 Q4,LOST KEYS & FOUR WALLS,2024-10-24,Referral Meta,true,2,0,2,1.0
Parra · Multiple · 2024 Q4,LOST KEYS & FOUR WALLS,2024-10-24,untracked,true,5,0,5,2.0
Parra · Multiple · 2024 Q4,LOST KEYS & FOUR WALLS,2024-10-25,Referral Artist,true,1,0,1,0.0
Parra · Multiple · 2025 Q3,HOME BOUND,2025-07-24,Untracked,false,1,0,1,0.0
Parra · Multiple · 2025 Q3,HOME BOUND,2025-07-29,Untracked,false,17,17,17,7.0
Parra · Multiple · 2025 Q3,HOME BOUND,2025-07-30,Untracked,false,39,9,39,13.0
Parra · Multiple · 2025 Q3,HOME BOUND,2025-07-31,Untracked,false,10,1,10,4.0
Parra · Multiple · 2025 Q3,HOME BOUND,2025-08-20,Untracked,false,1,0,1,0.0
Parra · Multiple · 2025 Q3,PLAY STUPID GAMES,2025-07-17,Referral Other,true,1,0,1,0.0
Parra · Multiple · 2025 Q3,PLAY STUPID GAMES,2025-07-29,Untracked,false,26,26,26,9.0
Parra · Multiple · 2025 Q3,PLAY STUPID GAMES,2025-07-30,Untracked,false,43,12,43,11.0
Parra · Multiple · 2025 Q3,PLAY STUPID GAMES,2025-07-31,Untracked,false,19,2,19,7.0
Parra · Multiple · 2025 Q3,PLAY STUPID GAMES,2025-08-02,Untracked,false,1,0,1,0.0
Parra · Multiple · 2025 Q3,PLAY STUPID GAMES,2025-08-04,Untracked,false,1,0,1,0.0
Parra · Multiple · 2025 Q3,PLAY STUPID GAMES,2025-08-20,Untracked,false,1,0,1,0.0
Parra · Multiple · 2025 Q3,PLAY STUPID GAMES & HOME BOUND,2025-06-16,Untracked,false,1,0,1,0.0
Parra · Multiple · 2025 Q3,PLAY STUPID GAMES & HOME BOUND,2025-07-09,Untracked,false,1,0,1,0.0
Parra · Multiple · 2025 Q3,PLAY STUPID GAMES & HOME BOUND,2025-07-27,Untracked,false,1,0,1,0.0
Parra · Multiple · 2025 Q3,PLAY STUPID GAMES & HOME BOUND,2025-07-29,Untracked,false,34,34,34,15.0
Parra · Multiple · 2025 Q3,PLAY STUPID GAMES & HOME BOUND,2025-07-30,Untracked,false,23,9,23,11.0
Parra · Multiple · 2025 Q3,PLAY STUPID GAMES & HOME BOUND,2025-07-31,Untracked,false,11,1,11,5.0
Parra · Multiple · 2026 Q3,il senso di colpa,2026-07-29,AA Email Auto,true,5,5,5,1.0
Parra · Multiple · 2026 Q3,il senso di colpa,2026-07-29,AA Email Man,true,1,1,1,0.0
Parra · Multiple · 2026 Q3,il senso di colpa,2026-07-29,Direct,true,1,1,1,0.0
Parra · Multiple · 2026 Q3,il senso di colpa,2026-07-29,Organic Search,true,2,2,2,0.0
Parra · Multiple · 2026 Q3,il senso di colpa,2026-07-29,Referral Artist,true,3,3,3,2.0
Parra · Multiple · 2026 Q3,il senso di colpa,2026-07-29,Referral Meta,true,1,1,1,0.0
Parra · Multiple · 2026 Q3,il senso di colpa,2026-07-29,Referral Other,true,17,17,17,6.0
Parra · Multiple · 2026 Q3,il senso di colpa,2026-07-29,untracked,true,2,2,2,1.0
Parra · Multiple · 2026 Q3,il senso di colpa,2026-07-30,AA Email Auto,true,2,2,2,1.0
Parra · Multiple · 2026 Q3,il senso di colpa,2026-07-30,AA Email Man,true,1,1,1,0.0
Parra · Multiple · 2026 Q3,il senso di colpa,2026-07-30,AA Meta,true,1,1,1,0.0
Parra · Multiple · 2026 Q3,il senso di colpa,2026-07-30,Referral Artist,true,1,1,1,1.0
Parra · Multiple · 2026 Q3,il senso di colpa,2026-07-30,Referral Other,true,6,5,6,3.0
Parra · Multiple · 2026 Q3,il senso di colpa,2026-07-31,AA Email Man,true,1,1,1,0.0
Parra · Multiple · 2026 Q3,il senso di colpa,2026-07-31,Direct,true,1,0,1,1.0
Parra · Multiple · 2026 Q3,il senso di colpa,2026-07-31,Referral Other,true,3,3,3,0.0
Parra · Multiple · 2026 Q3,il senso di colpa,2026-08-03,AA Email Auto,true,2,0,2,0.0
Parra · Multiple · 2026 Q3,il senso di colpa,2026-08-03,AA Email Man,true,9,0,9,3.0
Parra · Multiple · 2026 Q3,il senso di colpa,2026-08-03,AA Meta,true,5,0,5,2.0
Parra · Multiple · 2026 Q3,il senso di colpa,2026-08-03,Direct,true,4,0,4,1.0
Parra · Multiple · 2026 Q3,il senso di colpa,2026-08-03,Organic Search,true,2,0,2,1.0
Parra · Multiple · 2026 Q3,il senso di colpa,2026-08-03,Referral Artist,true,2,0,2,0.0
Parra · Multiple · 2026 Q3,il senso di colpa,2026-08-03,Referral Other,true,1,0,1,0.0
Parra · Multiple · 2026 Q3,il senso di colpa,2026-08-03,untracked,true,1,0,1,1.0
Parra · Multiple · 2026 Q3,il senso di colpa,2026-08-04,Direct,true,1,0,1,0.0
Parra · Multiple · 2026 Q3,il senso di colpa,2026-08-04,untracked,true,1,0,1,0.0
Parra · Multiple · 2026 Q3,il senso di colpa,2026-08-05,AA Meta,true,2,0,2,1.0
Parra · Multiple · 2026 Q3,il senso di colpa,2026-08-05,Direct,true,1,0,1,0.0
Parra · Multiple · 2026 Q3,il senso di colpa,2026-08-05,Paid Social,true,1,0,1,0.0
Parra · Multiple · 2026 Q3,il senso di colpa,2026-08-05,Referral Other,true,1,0,1,1.0
Parra · Multiple · 2026 Q3,il senso di colpa,2026-08-07,AA Meta,true,1,0,1,0.0
Parra · Multiple · 2026 Q3,il senso di colpa,2026-08-07,Direct,true,4,0,4,1.0
Parra · Multiple · 2026 Q3,il senso di colpa,2026-08-07,Organic Search,true,2,0,2,0.0
Parra · Multiple · 2026 Q3,il senso di colpa,2026-08-07,Paid Social,true,15,0,15,5.0
Parra · Multiple · 2026 Q3,il senso di colpa,2026-08-07,untracked,true,1,0,1,0.0
Parra · Multiple · 2026 Q3,il senso di colpa,2026-08-10,AA Email Man,true,4,0,4,3.0
Parra · Multiple · 2026 Q3,il senso di colpa,2026-08-10,AA Meta,true,2,0,2,1.0
Parra · Multiple · 2026 Q3,il senso di colpa,2026-08-10,Paid Social,true,5,0,5,5.0
Parra · Multiple · 2026 Q3,il senso di colpa,2026-08-10,Referral Meta,true,1,0,1,1.0
Parra · Multiple · 2026 Q3,il senso di colpa,2026-08-10,Referral Other,true,1,0,1,0.0
Parra · Multiple · 2026 Q3,il senso di colpa,2026-08-12,AA Email Man,true,1,0,1,1.0
Parra · Multiple · 2026 Q3,il senso di colpa,2026-08-12,AA Meta,true,1,0,1,0.0
Parra · Multiple · 2026 Q3,il senso di colpa,2026-08-12,Direct,true,1,0,1,0.0
Parra · Multiple · 2026 Q3,il senso di colpa,2026-08-12,Paid Social,true,1,0,1,0.0
Parra · Multiple · 2026 Q3,il senso di colpa,2026-08-14,Organic Search,true,1,0,1,1.0
Parra · Multiple · 2026 Q3,il senso di colpa,2026-08-14,Paid Social,true,1,0,1,1.0
Parra · Multiple · 2026 Q3,il senso di colpa,2026-08-14,Referral Artist,true,1,0,1,1.0
Parra · Multiple · 2026 Q3,il senso di colpa,2026-08-15,AA Email Man,true,1,0,1,1.0
Parra · Multiple · 2026 Q3,il senso di colpa,2026-08-17,Paid Social,true,1,0,1,0.0
Parra · Multiple · 2026 Q3,il senso di colpa,2026-08-17,Referral Other,true,1,0,1,0.0
Parra · Multiple · 2026 Q3,il senso di colpa,2026-08-17,untracked,true,1,0,1,0.0
Parra · Multiple · 2026 Q3,il senso di colpa,2026-08-18,Referral Other,true,1,0,1,0.0
Parra · Multiple · 2026 Q3,il senso di colpa,2026-08-20,AA Email Man,true,1,0,1,0.0
Parra · Multiple · 2026 Q3,il senso di colpa,2026-08-21,AA Email Man,true,3,0,3,3.0
Parra · Multiple · 2026 Q3,il senso di colpa,2026-08-21,Direct,true,3,0,3,2.0
Parra · Multiple · 2026 Q3,il senso di colpa,2026-08-21,Organic Search,true,1,0,1,0.0
Parra · Multiple · 2026 Q3,il senso di colpa,2026-08-21,Paid Social,true,9,0,9,5.0
Parra · Multiple · 2026 Q3,il senso di colpa,2026-08-21,Referral Artist,true,1,0,1,1.0
Parra · Multiple · 2026 Q3,il senso di colpa,2026-08-21,Referral Meta,true,1,0,1,1.0
Parra · Multiple · 2026 Q3,in your detached world,2026-07-29,AA Email Auto,true,6,6,6,1.0
Parra · Multiple · 2026 Q3,in your detached world,2026-07-29,AA Email Man,true,1,1,1,0.0
Parra · Multiple · 2026 Q3,in your detached world,2026-07-29,Organic Search,true,1,1,1,0.0
Parra · Multiple · 2026 Q3,in your detached world,2026-07-29,Referral Artist,true,2,2,2,2.0
Parra · Multiple · 2026 Q3,in your detached world,2026-07-29,Referral Other,true,9,9,9,3.0
Parra · Multiple · 2026 Q3,in your detached world,2026-07-30,AA Email Auto,true,2,2,2,1.0
Parra · Multiple · 2026 Q3,in your detached world,2026-07-30,Referral Other,true,7,6,7,0.0
Parra · Multiple · 2026 Q3,in your detached world,2026-07-31,Direct,true,1,0,1,1.0
Parra · Multiple · 2026 Q3,in your detached world,2026-07-31,Referral Artist,true,1,1,1,1.0
Parra · Multiple · 2026 Q3,in your detached world,2026-07-31,Referral Other,true,2,2,2,0.0
Parra · Multiple · 2026 Q3,in your detached world,2026-08-03,AA Email Auto,true,1,0,1,1.0
Parra · Multiple · 2026 Q3,in your detached world,2026-08-03,AA Email Man,true,11,0,11,4.0
Parra · Multiple · 2026 Q3,in your detached world,2026-08-03,AA Meta,true,9,0,9,2.0
Parra · Multiple · 2026 Q3,in your detached world,2026-08-03,Direct,true,2,0,2,0.0
Parra · Multiple · 2026 Q3,in your detached world,2026-08-03,Organic Search,true,2,0,2,1.0
Parra · Multiple · 2026 Q3,in your detached world,2026-08-03,Referral Artist,true,3,0,3,1.0
Parra · Multiple · 2026 Q3,in your detached world,2026-08-03,untracked,true,1,0,1,1.0
Parra · Multiple · 2026 Q3,in your detached world,2026-08-04,AA Email Man,true,1,0,1,1.0
Parra · Multiple · 2026 Q3,in your detached world,2026-08-05,AA Email Auto,true,1,0,1,0.0
Parra · Multiple · 2026 Q3,in your detached world,2026-08-05,AA Email Man,true,4,0,4,1.0
Parra · Multiple · 2026 Q3,in your detached world,2026-08-05,AA Meta,true,1,0,1,0.0
Parra · Multiple · 2026 Q3,in your detached world,2026-08-05,Direct,true,1,0,1,0.0
Parra · Multiple · 2026 Q3,in your detached world,2026-08-05,Paid Social,true,1,0,1,1.0
Parra · Multiple · 2026 Q3,in your detached world,2026-08-07,AA Email Man,true,1,0,1,1.0
Parra · Multiple · 2026 Q3,in your detached world,2026-08-07,AA Meta,true,5,0,5,1.0
Parra · Multiple · 2026 Q3,in your detached world,2026-08-07,Direct,true,3,0,3,0.0
Parra · Multiple · 2026 Q3,in your detached world,2026-08-07,Organic Search,true,1,0,1,0.0
Parra · Multiple · 2026 Q3,in your detached world,2026-08-07,Paid Social,true,16,0,16,8.0
Parra · Multiple · 2026 Q3,in your detached world,2026-08-10,AA Email Man,true,4,0,4,0.0
Parra · Multiple · 2026 Q3,in your detached world,2026-08-10,AA Meta,true,2,0,2,0.0
Parra · Multiple · 2026 Q3,in your detached world,2026-08-10,Organic Search,true,1,0,1,0.0
Parra · Multiple · 2026 Q3,in your detached world,2026-08-10,Paid Social,true,8,0,8,4.0
Parra · Multiple · 2026 Q3,in your detached world,2026-08-10,Referral Other,true,1,0,1,0.0
Parra · Multiple · 2026 Q3,in your detached world,2026-08-12,AA Meta,true,2,0,2,2.0
Parra · Multiple · 2026 Q3,in your detached world,2026-08-14,Direct,true,1,0,1,0.0
Parra · Multiple · 2026 Q3,in your detached world,2026-08-14,Organic Search,true,1,0,1,0.0
Parra · Multiple · 2026 Q3,in your detached world,2026-08-14,Paid Social,true,6,0,6,3.0
Parra · Multiple · 2026 Q3,in your detached world,2026-08-14,Referral Artist,true,1,0,1,1.0
Parra · Multiple · 2026 Q3,in your detached world,2026-08-15,AA Email Man,true,1,0,1,1.0
Parra · Multiple · 2026 Q3,in your detached world,2026-08-17,AA Email Auto,true,1,0,1,0.0
Parra · Multiple · 2026 Q3,in your detached world,2026-08-17,Paid Social,true,1,0,1,1.0
Parra · Multiple · 2026 Q3,in your detached world,2026-08-21,AA Email Man,true,6,0,6,6.0
Parra · Multiple · 2026 Q3,in your detached world,2026-08-21,AA Meta,true,2,0,2,2.0
Parra · Multiple · 2026 Q3,in your detached world,2026-08-21,Direct,true,3,0,3,3.0
Parra · Multiple · 2026 Q3,in your detached world,2026-08-21,Other,true,1,0,1,1.0
Parra · Multiple · 2026 Q3,in your detached world,2026-08-21,Paid Social,true,7,0,7,5.0
Parra · Multiple · 2026 Q3,in your detached world,2026-08-21,Referral Artist,true,2,0,2,1.0
Parra · Multiple · 2026 Q3,in your detached world,2026-08-21,Referral Other,true,2,0,2,2.0
Patrick Quarm · Multiple · 2022 Q1,Twilight (Blue),2025-02-02,Referral Other,true,1,1,1,0.0
Patrick Quarm · Multiple · 2022 Q1,Twilight (Yellow),2026-04-15,Referral Other,true,1,0,1,0.0
Paul Insect · Christmas Tree Baubles · 2022 Q4,Christmas Tree Baubles,2023-02-08,Direct,true,1,0,0,0.0
Paul Insect · Christmas Tree Baubles · 2022 Q4,Christmas Tree Baubles,2023-03-15,untracked,true,1,0,0,0.0
Paul Insect · Christmas Tree Baubles · 2022 Q4,Christmas Tree Baubles,2023-11-27,AA Email Man,true,1,0,0,0.0
Paul Insect · Christmas Tree Baubles · 2022 Q4,Christmas Tree Baubles,2023-11-27,Direct,true,1,0,0,0.0
Paul Insect · Christmas Tree Baubles · 2022 Q4,Christmas Tree Baubles,2023-11-30,AA Email Man,true,1,0,0,0.0
Paul Insect · Christmas Tree Baubles · 2022 Q4,Christmas Tree Baubles,2023-12-01,AA Email Man,true,1,0,0,0.0
Paul Insect · Christmas Tree Baubles · 2022 Q4,Christmas Tree Baubles,2023-12-12,Referral Other,true,1,0,0,0.0
Paul Insect · Christmas Tree Baubles · 2022 Q4,Christmas Tree Baubles,2023-12-13,Referral Other,true,1,0,0,0.0
Paul Insect · Christmas Tree Baubles · 2022 Q4,Christmas Tree Baubles,2024-06-02,Direct,true,1,0,0,0.0
Paul Insect · Christmas Tree Baubles · 2022 Q4,Christmas Tree Baubles,2024-10-03,Organic Search,true,1,0,0,0.0
Paul Insect · Christmas Tree Baubles · 2022 Q4,Christmas Tree Baubles,2024-10-10,untracked,true,3,0,0,0.0
Paul Insect · Christmas Tree Baubles · 2022 Q4,Christmas Tree Baubles,2024-11-09,Referral Other,true,2,0,0,0.0
Paul Insect · Christmas Tree Baubles · 2022 Q4,Christmas Tree Baubles,2024-11-10,Referral Other,true,2,0,0,0.0
Paul Insect · Christmas Tree Baubles · 2022 Q4,Christmas Tree Baubles,2024-11-12,Referral Other,true,1,0,0,0.0
Paul Insect · Christmas Tree Baubles · 2022 Q4,Christmas Tree Baubles,2024-12-12,Referral Other,true,1,0,0,0.0
Paul Insect · Christmas Tree Baubles · 2022 Q4,Christmas Tree Baubles,2025-11-29,Referral Other,true,1,0,0,0.0
Paul Insect · Christmas Tree Baubles · 2022 Q4,Christmas Tree Baubles,2026-09-23,Referral Other,true,1,0,0,0.0
Paul Insect · Multiple · 2021 Q4,"6. Paul Insect Studio, 2021",2023-06-16,Untracked,false,1,1,0,0.0
Paul Insect · Multiple · 2021 Q4,"Paul Insect - Sweet Jar 2, 2021",2024-10-17,untracked,true,1,0,0,0.0
Paul Insect · Multiple · 2021 Q4,"Paul Insect - Sweet Jar 3, 2021",2024-10-17,untracked,true,1,0,0,0.0
Paul Insect · Multiple · 2021 Q4,"Paul Insect - Sweet Jar 4, 2021",2024-10-17,untracked,true,1,0,0,0.0
Paul Insect · Multiple · 2021 Q4,"Paul Insect - Sweet Jar 5, 2021",2024-10-17,untracked,true,1,0,0,0.0
Paul Insect · Multiple · 2021 Q4,Personal Effects Show Card - Pink,2023-04-12,Direct,true,1,0,0,0.0
Paul Insect · Multiple · 2021 Q4,"Sweet Jar 6, 2021",2024-10-17,untracked,true,1,0,0,0.0
Paul Insect · Multiple · 2024 Q3,Something Forbidden (Blue),2024-07-10,Referral Other,true,1,0,1,0.0
Paul Insect · Multiple · 2024 Q3,Something Forbidden (Blue),2024-07-11,AA Email Man,true,2,2,2,0.0
Paul Insect · Multiple · 2024 Q3,Something Forbidden (Blue),2024-07-11,AA Meta,true,2,2,2,0.0
Paul Insect · Multiple · 2024 Q3,Something Forbidden (Blue),2024-07-11,Direct,true,2,2,2,2.0
Paul Insect · Multiple · 2024 Q3,Something Forbidden (Blue),2024-07-11,untracked,true,1,1,1,0.0
Paul Insect · Multiple · 2024 Q3,Something Forbidden (Blue),2024-07-12,AA Email Man,true,2,2,2,0.0
Paul Insect · Multiple · 2024 Q3,Something Forbidden (Blue),2024-07-12,Direct,true,1,0,1,0.0
Paul Insect · Multiple · 2024 Q3,Something Forbidden (Blue),2024-07-12,Organic Search,true,1,1,1,1.0
Paul Insect · Multiple · 2024 Q3,Something Forbidden (Blue),2024-07-12,Referral Other,true,1,1,1,1.0
Paul Insect · Multiple · 2024 Q3,Something Forbidden (Blue),2024-07-12,untracked,true,3,3,3,1.0
Paul Insect · Multiple · 2024 Q3,Something Forbidden (Blue),2024-07-13,untracked,true,3,3,3,0.0
Paul Insect · Multiple · 2024 Q3,Something Forbidden (Blue),2024-07-15,untracked,true,2,0,2,0.0
Paul Insect · Multiple · 2024 Q3,Something Forbidden (Blue),2024-07-19,Direct,true,1,0,1,0.0
Paul Insect · Multiple · 2024 Q3,Something Forbidden (Blue),2024-07-22,untracked,true,1,0,1,0.0
Paul Insect · Multiple · 2024 Q3,Something Forbidden (Blue),2024-07-30,AA Email Man,true,19,0,19,5.0
Paul Insect · Multiple · 2024 Q3,Something Forbidden (Blue),2024-07-30,AA Meta,true,7,0,7,2.0
Paul Insect · Multiple · 2024 Q3,Something Forbidden (Blue),2024-07-30,Direct,true,2,0,2,1.0
Paul Insect · Multiple · 2024 Q3,Something Forbidden (Blue),2024-07-30,Organic Search,true,5,0,5,1.0
Paul Insect · Multiple · 2024 Q3,Something Forbidden (Blue),2024-07-30,Referral Artist,true,2,0,2,0.0
Paul Insect · Multiple · 2024 Q3,Something Forbidden (Blue),2024-07-30,Referral Meta,true,1,0,1,1.0
Paul Insect · Multiple · 2024 Q3,Something Forbidden (Blue),2024-07-30,Referral Other,true,1,0,1,1.0
Paul Insect · Multiple · 2024 Q3,Something Forbidden (Blue),2024-07-30,Referral X,true,1,0,1,1.0
Paul Insect · Multiple · 2024 Q3,Something Forbidden (Blue),2024-07-30,untracked,true,3,0,3,2.0
Paul Insect · Multiple · 2024 Q3,Something Forbidden (Blue),2024-07-31,Referral Artist,true,1,1,1,1.0
Paul Insect · Multiple · 2024 Q3,Something Forbidden (Blue),2024-07-31,untracked,true,1,0,1,1.0
Paul Insect · Multiple · 2024 Q3,Something Forbidden (Blue),2024-08-23,untracked,true,1,0,1,0.0
Paul Insect · Multiple · 2024 Q3,Something Forbidden (Blue),2024-10-29,Organic Search,true,1,0,1,0.0
Paul Insect · Multiple · 2024 Q3,Something Forbidden (Blue),2024-11-06,AA Email Man,true,1,0,1,1.0
Paul Insect · Multiple · 2024 Q3,Something Forbidden (Gold),2024-07-11,AA Email Man,true,1,1,1,0.0
Paul Insect · Multiple · 2024 Q3,Something Forbidden (Gold),2024-07-11,Referral Artist,true,1,1,1,1.0
Paul Insect · Multiple · 2024 Q3,Something Forbidden (Gold),2024-07-11,untracked,true,2,2,2,0.0
Paul Insect · Multiple · 2024 Q3,Something Forbidden (Gold),2024-07-12,AA Email Man,true,1,1,1,0.0
Paul Insect · Multiple · 2024 Q3,Something Forbidden (Gold),2024-07-12,Direct,true,1,0,1,0.0
Paul Insect · Multiple · 2024 Q3,Something Forbidden (Gold),2024-07-12,untracked,true,1,1,1,1.0
Paul Insect · Multiple · 2024 Q3,Something Forbidden (Gold),2024-07-15,AA Email Man,true,1,0,1,1.0
Paul Insect · Multiple · 2024 Q3,Something Forbidden (Gold),2024-07-15,untracked,true,1,0,1,0.0
Paul Insect · Multiple · 2024 Q3,Something Forbidden (Gold),2024-07-22,AA Meta,true,1,0,1,0.0
Paul Insect · Multiple · 2024 Q3,Something Forbidden (Gold),2024-07-26,Direct,true,1,0,1,1.0
Paul Insect · Multiple · 2024 Q3,Something Forbidden (Gold),2024-07-30,AA Email Man,true,9,0,9,4.0
Paul Insect · Multiple · 2024 Q3,Something Forbidden (Gold),2024-07-30,AA Meta,true,1,0,1,0.0
Paul Insect · Multiple · 2024 Q3,Something Forbidden (Gold),2024-07-30,Organic Search,true,1,0,1,0.0
Paul Insect · Multiple · 2024 Q3,Something Forbidden (Gold),2024-07-30,Referral Artist,true,1,0,1,1.0
Paul Insect · Multiple · 2024 Q3,Something forbidden (Blue),2024-07-01,Direct,true,1,0,1,0.0
Paul Insect · Multiple · 2024 Q3,Something forbidden (Gold),2024-06-27,untracked,true,1,0,1,0.0
Paul Insect · Multiple · 2024 Q3,Something forbidden (Gold),2024-07-08,Direct,true,1,0,1,0.0
Paul Insect · Prismatic Visions · 2026 Q2,Prismatic Visions,2026-04-05,Direct,true,1,0,1,0.0
Paul Insect · Prismatic Visions · 2026 Q2,Prismatic Visions,2026-04-07,AA Email Auto,true,1,1,1,1.0
Paul Insect · Prismatic Visions · 2026 Q2,Prismatic Visions,2026-04-07,Referral Other,true,1,1,1,0.0
Paul Insect · Prismatic Visions · 2026 Q2,Prismatic Visions,2026-04-08,AA Email Man,true,1,1,1,1.0
Paul Insect · Prismatic Visions · 2026 Q2,Prismatic Visions,2026-04-08,Direct,true,1,1,1,1.0
Paul Insect · Prismatic Visions · 2026 Q2,Prismatic Visions,2026-04-08,Referral Other,true,1,0,1,1.0
Paul Insect · Prismatic Visions · 2026 Q2,Prismatic Visions,2026-04-09,AA Meta,true,1,1,1,1.0
Paul Insect · Prismatic Visions · 2026 Q2,Prismatic Visions,2026-04-10,Direct,true,1,0,1,1.0
Paul Insect · Prismatic Visions · 2026 Q2,Prismatic Visions,2026-04-10,Referral Artist,true,1,0,1,0.0
Paul Insect · Prismatic Visions · 2026 Q2,Prismatic Visions,2026-04-11,Direct,true,1,0,1,0.0
Paul Insect · Prismatic Visions · 2026 Q2,Prismatic Visions,2026-04-15,AA Email Man,true,5,0,5,3.0
Paul Insect · Prismatic Visions · 2026 Q2,Prismatic Visions,2026-04-15,AA Meta,true,1,0,1,0.0
Paul Insect · Prismatic Visions · 2026 Q2,Prismatic Visions,2026-04-15,Direct,true,1,0,1,1.0
Paul Insect · Prismatic Visions · 2026 Q2,Prismatic Visions,2026-04-15,Organic Search,true,1,0,1,1.0
Paul Insect · Prismatic Visions · 2026 Q2,Prismatic Visions,2026-04-15,Referral Artist,true,4,0,4,1.0
Paul Insect · Prismatic Visions · 2026 Q2,Prismatic Visions,2026-04-17,Direct,true,1,0,1,1.0
Paul Insect · Prismatic Visions · 2026 Q2,Prismatic Visions,2026-04-21,AA Email Man,true,6,0,6,5.0
Paul Insect · Prismatic Visions · 2026 Q2,Prismatic Visions,2026-04-21,AA Meta,true,1,0,1,1.0
Paul Insect · Prismatic Visions · 2026 Q2,Prismatic Visions,2026-04-21,Direct,true,3,0,3,2.0
Paul Insect · Prismatic Visions · 2026 Q2,Prismatic Visions,2026-04-21,Paid Social,true,1,0,1,1.0
Paul Insect · Prismatic Visions · 2026 Q2,Prismatic Visions,2026-04-21,Referral Other,true,1,0,1,1.0
Paul Insect · Prismatic Visions · 2026 Q2,Prismatic Visions,2026-04-22,AA Meta,true,1,0,1,0.0
Paul Insect · Prismatic Visions · 2026 Q2,Prismatic Visions,2026-04-28,AA Email Man,true,2,0,2,2.0
Paul Insect · Prismatic Visions · 2026 Q2,Prismatic Visions,2026-04-28,AA Meta,true,1,0,1,1.0
Paul Insect · Prismatic Visions · 2026 Q2,Prismatic Visions,2026-04-28,Referral Artist,true,1,0,1,1.0
Paul Insect · Prismatic Visions · 2026 Q2,Prismatic Visions,2026-04-30,AA Email Man,true,6,0,6,3.0
Paul Insect · Prismatic Visions · 2026 Q2,Prismatic Visions,2026-04-30,Direct,true,1,0,1,0.0
Paul Insect · Prismatic Visions · 2026 Q2,Prismatic Visions,2026-04-30,Referral Other,true,1,0,1,1.0
Paul Insect · Prismatic Visions · 2026 Q2,Prismatic Visions,2026-05-06,Direct,true,1,0,1,0.0
Paul Insect · Prismatic Visions · 2026 Q2,Prismatic Visions,2026-05-06,Referral Other,true,1,0,1,0.0
Paul Insect · The Observer 1 AP · 2021 Q1,The Observer 1 AP,2025-01-20,Untracked,false,1,0,0,0.0
Paul Insect · The Reflection (Blue) · 2021 Q1,The Reflection (Blue),2025-07-24,Untracked,false,1,0,0,0.0
Paul Insect · The Reflection (Red) · 2021 Q1,The Reflection (Red),2025-01-06,Untracked,false,1,0,0,0.0
Pejac · Multiple · 2024 Q3,HOPE (1-125),2024-07-12,untracked,true,1,0,1,1.0
Pejac · Multiple · 2024 Q3,HOPE (1-125),2024-07-15,AA Email Man,true,6,0,6,3.0
Pejac · Multiple · 2024 Q3,HOPE (1-125),2024-07-15,Direct,true,6,0,6,1.0
Pejac · Multiple · 2024 Q3,HOPE (1-125),2024-07-15,Organic Search,true,2,0,2,2.0
Pejac · Multiple · 2024 Q3,HOPE (1-125),2024-07-15,Referral Artist,true,1,0,1,1.0
Pejac · Multiple · 2024 Q3,HOPE (1-125),2024-07-15,untracked,true,5,0,5,4.0
Pejac · Multiple · 2024 Q3,HOPE (1-125),2024-07-16,AA Meta,true,1,0,1,0.0
Pejac · Multiple · 2024 Q3,HOPE (1-125),2024-07-16,Referral Other,true,1,0,1,0.0
Pejac · Multiple · 2024 Q3,HOPE (1-125),2024-07-19,untracked,true,1,0,1,0.0
Pejac · Multiple · 2024 Q3,HOPE (1-125),2024-07-23,Referral Other,true,1,0,1,0.0
Pejac · Multiple · 2024 Q3,HOPE (126-250),2024-07-03,Direct,true,1,0,1,0.0
Pejac · Multiple · 2024 Q3,HOPE (126-250),2024-07-08,Direct,true,1,0,1,0.0
Pejac · Multiple · 2024 Q3,HOPE (126-250),2024-07-12,untracked,true,1,0,1,1.0
Pejac · Multiple · 2024 Q3,HOPE (126-250),2024-07-16,AA Email Man,true,50,0,50,1.0
Pejac · Multiple · 2024 Q3,HOPE (126-250),2024-07-16,AA Meta,true,3,0,3,0.0
Pejac · Multiple · 2024 Q3,HOPE (126-250),2024-07-16,Direct,true,30,0,30,2.0
Pejac · Multiple · 2024 Q3,HOPE (126-250),2024-07-16,Organic Search,true,7,0,7,0.0
Pejac · Multiple · 2024 Q3,HOPE (126-250),2024-07-16,Referral Artist,true,12,0,12,0.0
Pejac · Multiple · 2024 Q3,HOPE (126-250),2024-07-16,Referral Other,true,6,0,6,0.0
Pejac · Multiple · 2024 Q3,HOPE (126-250),2024-07-16,Referral X,true,1,0,1,1.0
Pejac · Multiple · 2024 Q3,HOPE (126-250),2024-07-16,untracked,true,7,0,7,1.0
Pejac · Multiple · 2024 Q3,HOPE (126-250),2024-07-17,AA Email Man,true,1,0,1,0.0
Pejac · Multiple · 2024 Q3,HOPE (126-250),2024-07-17,Direct,true,1,0,1,0.0
Pejac · Multiple · 2024 Q3,HOPE (126-250),2024-07-19,AA Email Man,true,1,0,1,0.0
Pejac · Multiple · 2024 Q3,HOPE (126-250),2024-07-23,Direct,true,2,0,2,0.0
Pejac · Multiple · 2024 Q3,HOPE (126-250),2024-07-26,AA Email Man,true,1,0,1,1.0
Pejac · Multiple · 2024 Q3,HOPE (251-375),2024-07-03,Direct,true,1,0,1,0.0
Pejac · Multiple · 2024 Q3,HOPE (251-375),2024-07-08,Direct,true,1,0,1,1.0
Pejac · Multiple · 2024 Q3,HOPE (251-375),2024-07-12,untracked,true,1,0,1,1.0
Pejac · Multiple · 2024 Q3,HOPE (251-375),2024-07-16,AA Email Man,true,57,0,57,6.0
Pejac · Multiple · 2024 Q3,HOPE (251-375),2024-07-16,Direct,true,27,0,27,4.0
Pejac · Multiple · 2024 Q3,HOPE (251-375),2024-07-16,Organic Search,true,13,0,13,1.0
Pejac · Multiple · 2024 Q3,HOPE (251-375),2024-07-16,Referral Artist,true,7,0,7,1.0
Pejac · Multiple · 2024 Q3,HOPE (251-375),2024-07-16,Referral Meta,true,3,0,3,0.0
Pejac · Multiple · 2024 Q3,HOPE (251-375),2024-07-16,Referral Other,true,4,0,4,1.0
Pejac · Multiple · 2024 Q3,HOPE (251-375),2024-07-16,untracked,true,7,0,7,0.0
Pejac · Multiple · 2024 Q3,HOPE (251-375),2024-07-18,Direct,true,1,0,1,0.0
Pejac · Multiple · 2024 Q3,HOPE (251-375),2024-07-19,AA Email Man,true,1,0,1,0.0
Pejac · Multiple · 2024 Q3,HOPE (251-375),2024-07-24,Organic Search,true,1,0,1,0.0
Pejac · Multiple · 2024 Q3,HOPE (251-375),2024-10-22,Organic Search,true,1,0,1,0.0
Pejac · Multiple · 2024 Q3,HOPE (376-500),2024-07-08,Direct,true,1,0,1,1.0
Pejac · Multiple · 2024 Q3,HOPE (376-500),2024-07-09,Direct,true,1,0,1,0.0
Pejac · Multiple · 2024 Q3,HOPE (376-500),2024-07-12,untracked,true,1,0,1,1.0
Pejac · Multiple · 2024 Q3,HOPE (376-500),2024-07-17,AA Email Man,true,9,0,9,1.0
Pejac · Multiple · 2024 Q3,HOPE (376-500),2024-07-17,Direct,true,8,0,8,0.0
Pejac · Multiple · 2024 Q3,HOPE (376-500),2024-07-17,Referral Artist,true,1,0,1,0.0
Pejac · Multiple · 2024 Q3,HOPE (376-500),2024-07-17,Referral Other,true,1,0,1,0.0
Pejac · Multiple · 2024 Q3,HOPE (376-500),2024-07-17,untracked,true,2,0,2,1.0
Pejac · Multiple · 2024 Q3,HOPE (376-500),2024-07-19,Direct,true,1,0,1,0.0
Pejac · Multiple · 2024 Q3,HOPE (501-625),2024-07-03,Direct,true,2,0,2,0.0
Pejac · Multiple · 2024 Q3,HOPE (501-625),2024-07-12,untracked,true,1,0,1,1.0
Pejac · Multiple · 2024 Q3,HOPE (501-625),2024-07-17,AA Email Man,true,58,0,58,7.0
Pejac · Multiple · 2024 Q3,HOPE (501-625),2024-07-17,AA Meta,true,2,0,2,1.0
Pejac · Multiple · 2024 Q3,HOPE (501-625),2024-07-17,Direct,true,29,0,29,4.0
Pejac · Multiple · 2024 Q3,HOPE (501-625),2024-07-17,Organic Search,true,6,0,6,1.0
Pejac · Multiple · 2024 Q3,HOPE (501-625),2024-07-17,Referral Artist,true,11,0,11,2.0
Pejac · Multiple · 2024 Q3,HOPE (501-625),2024-07-17,Referral Other,true,3,0,3,0.0
Pejac · Multiple · 2024 Q3,HOPE (501-625),2024-07-17,untracked,true,7,0,7,3.0
Pejac · Multiple · 2024 Q3,HOPE (501-625),2024-07-18,AA Email Man,true,1,0,1,1.0
Pejac · Multiple · 2024 Q3,HOPE (501-625),2024-07-18,Organic Search,true,1,0,1,0.0
Pejac · Multiple · 2024 Q3,HOPE (501-625),2024-07-19,untracked,true,1,0,1,0.0
Pejac · Multiple · 2024 Q3,HOPE (501-625),2024-07-22,AA Email Man,true,1,0,1,0.0
Pejac · Multiple · 2024 Q3,HOPE (501-625),2024-07-23,Direct,true,1,0,1,0.0
Pejac · Multiple · 2024 Q3,HOPE (501-625),2024-07-24,AA Email Man,true,1,0,1,1.0
Pejac · Multiple · 2024 Q3,HOPE (626-750),2024-06-28,Direct,true,1,0,1,0.0
Pejac · Multiple · 2024 Q3,HOPE (626-750),2024-07-03,Direct,true,1,0,1,0.0
Pejac · Multiple · 2024 Q3,HOPE (626-750),2024-07-10,AA Email Man,true,1,0,1,0.0
Pejac · Multiple · 2024 Q3,HOPE (626-750),2024-07-12,untracked,true,1,0,1,1.0
Pejac · Multiple · 2024 Q3,HOPE (626-750),2024-07-17,Direct,true,1,0,1,0.0
Pejac · Multiple · 2024 Q3,HOPE (626-750),2024-07-18,AA Email Man,true,60,0,60,14.0
Pejac · Multiple · 2024 Q3,HOPE (626-750),2024-07-18,AA Meta,true,1,0,1,0.0
Pejac · Multiple · 2024 Q3,HOPE (626-750),2024-07-18,Direct,true,23,0,23,4.0
Pejac · Multiple · 2024 Q3,HOPE (626-750),2024-07-18,Organic Search,true,11,0,11,1.0
Pejac · Multiple · 2024 Q3,HOPE (626-750),2024-07-18,Referral Artist,true,3,0,3,1.0
Pejac · Multiple · 2024 Q3,HOPE (626-750),2024-07-18,Referral Meta,true,2,0,2,1.0
Pejac · Multiple · 2024 Q3,HOPE (626-750),2024-07-18,Referral Other,true,2,0,2,0.0
Pejac · Multiple · 2024 Q3,HOPE (626-750),2024-07-18,untracked,true,15,0,15,4.0
Pejac · Multiple · 2024 Q3,HOPE (626-750),2024-07-23,AA Email Man,true,1,0,1,0.0
Pejac · Multiple · 2024 Q3,HOPE (626-750),2024-07-23,Direct,true,1,0,1,0.0
Pejac · Multiple · 2024 Q3,HOPE (626-750),2024-07-29,Referral Artist,true,1,0,1,0.0
Pejac · Multiple · 2024 Q3,HOPE (751-875),2024-07-02,AA Email Man,true,1,0,1,0.0
Pejac · Multiple · 2024 Q3,HOPE (751-875),2024-07-03,Direct,true,1,0,1,0.0
Pejac · Multiple · 2024 Q3,HOPE (751-875),2024-07-12,untracked,true,1,0,1,1.0
Pejac · Multiple · 2024 Q3,HOPE (751-875),2024-07-17,Referral Artist,true,1,0,1,0.0
Pejac · Multiple · 2024 Q3,HOPE (751-875),2024-07-18,AA Email Man,true,48,0,48,12.0
Pejac · Multiple · 2024 Q3,HOPE (751-875),2024-07-18,Direct,true,20,0,20,3.0
Pejac · Multiple · 2024 Q3,HOPE (751-875),2024-07-18,Organic Search,true,7,0,7,1.0
Pejac · Multiple · 2024 Q3,HOPE (751-875),2024-07-18,Referral Artist,true,20,0,20,2.0
Pejac · Multiple · 2024 Q3,HOPE (751-875),2024-07-18,Referral Other,true,4,0,4,0.0
Pejac · Multiple · 2024 Q3,HOPE (751-875),2024-07-18,untracked,true,13,0,13,2.0
Pejac · Multiple · 2024 Q3,HOPE (751-875),2024-07-19,AA Email Man,true,1,0,1,0.0
Pejac · Multiple · 2024 Q3,HOPE (751-875),2024-07-19,Direct,true,1,0,1,0.0
Pejac · Multiple · 2024 Q3,HOPE (751-875),2024-07-19,Organic Search,true,1,0,1,0.0
Pejac · Multiple · 2024 Q3,HOPE (751-875),2024-07-23,AA Email Man,true,1,0,1,1.0
Pejac · Multiple · 2024 Q3,HOPE (751-875),2024-07-24,AA Email Man,true,1,0,1,1.0
Pejac · Multiple · 2024 Q3,HOPE (751-875),2024-07-24,Direct,true,1,0,1,0.0
Pejac · Multiple · 2024 Q3,HOPE (751-875),2024-07-26,Referral Other,true,1,0,1,0.0
Pejac · Multiple · 2024 Q3,HOPE (751-875),2024-08-10,Organic Search,true,1,0,1,0.0
Pejac · Multiple · 2024 Q3,HOPE (751-875),2024-10-22,Organic Search,true,1,0,1,0.0
Pejac · Multiple · 2024 Q3,HOPE (876-1000),2024-06-28,Direct,true,2,0,2,0.0
Pejac · Multiple · 2024 Q3,HOPE (876-1000),2024-07-03,Direct,true,1,0,1,0.0
Pejac · Multiple · 2024 Q3,HOPE (876-1000),2024-07-03,Referral Other,true,1,0,1,0.0
Pejac · Multiple · 2024 Q3,HOPE (876-1000),2024-07-12,untracked,true,1,0,1,1.0
Pejac · Multiple · 2024 Q3,HOPE (876-1000),2024-07-17,Direct,true,1,0,1,0.0
Pejac · Multiple · 2024 Q3,HOPE (876-1000),2024-07-17,untracked,true,1,0,1,0.0
Pejac · Multiple · 2024 Q3,HOPE (876-1000),2024-07-19,AA Email Man,true,9,0,9,4.0
Pejac · Multiple · 2024 Q3,HOPE (876-1000),2024-07-19,Direct,true,4,0,4,2.0
Pejac · Multiple · 2024 Q3,HOPE (876-1000),2024-07-19,Referral Artist,true,2,0,2,1.0
Pejac · Multiple · 2024 Q3,HOPE (876-1000),2024-07-19,Referral Meta,true,1,0,1,0.0
Pejac · Multiple · 2024 Q3,HOPE (876-1000),2024-07-19,Referral Other,true,1,0,1,0.0
Pejac · Multiple · 2024 Q3,HOPE (876-1000),2024-07-23,Referral Other,true,1,0,1,0.0
Pejac · Multiple · 2024 Q3,HOPE (876-1000),2025-01-28,AA Email Man,true,1,0,1,0.0
Pejac · Multiple · 2024 Q3,HOPE (876-1000),2026-04-11,Direct,true,1,0,1,0.0
Pejac · Multiple · 2024 Q3,HOPE (Triptych),2024-06-28,AA Email Man,true,1,0,1,0.0
Pejac · Multiple · 2024 Q3,HOPE (Triptych),2024-06-28,Direct,true,10,5,10,4.0
Pejac · Multiple · 2024 Q3,HOPE (Triptych),2024-06-28,Organic Search,true,1,0,1,0.0
Pejac · Multiple · 2024 Q3,HOPE (Triptych),2024-06-28,Referral Other,true,1,0,1,0.0
Pejac · Multiple · 2024 Q3,HOPE (Triptych),2024-06-28,untracked,true,1,0,1,0.0
Pejac · Multiple · 2024 Q3,HOPE (Triptych),2024-06-29,AA Email Man,true,1,1,1,0.0
Pejac · Multiple · 2024 Q3,HOPE (Triptych),2024-06-29,Direct,true,2,1,2,0.0
Pejac · Multiple · 2024 Q3,HOPE (Triptych),2024-06-29,untracked,true,2,0,2,0.0
Pejac · Multiple · 2024 Q3,HOPE (Triptych),2024-06-30,Direct,true,2,0,2,0.0
Pejac · Multiple · 2024 Q3,HOPE (Triptych),2024-06-30,Organic Search,true,1,0,1,1.0
Pejac · Multiple · 2024 Q3,HOPE (Triptych),2024-07-01,AA Email Man,true,1,0,1,0.0
Pejac · Multiple · 2024 Q3,HOPE (Triptych),2024-07-01,Direct,true,1,0,1,0.0
Pejac · Multiple · 2024 Q3,HOPE (Triptych),2024-07-01,Referral Other,true,1,0,1,0.0
Pejac · Multiple · 2024 Q3,HOPE (Triptych),2024-07-02,Direct,true,3,0,3,1.0
Pejac · Multiple · 2024 Q3,HOPE (Triptych),2024-07-02,Referral Artist,true,1,0,1,0.0
Pejac · Multiple · 2024 Q3,HOPE (Triptych),2024-07-03,AA Email Man,true,7,0,7,1.0
Pejac · Multiple · 2024 Q3,HOPE (Triptych),2024-07-03,Direct,true,6,1,6,2.0
Pejac · Multiple · 2024 Q3,HOPE (Triptych),2024-07-03,Referral Artist,true,1,0,1,0.0
Pejac · Multiple · 2024 Q3,HOPE (Triptych),2024-07-03,Referral Other,true,1,0,1,0.0
Pejac · Multiple · 2024 Q3,HOPE (Triptych),2024-07-03,untracked,true,3,0,3,0.0
Pejac · Multiple · 2024 Q3,HOPE (Triptych),2024-07-04,AA Email Man,true,1,0,1,0.0
Pejac · Multiple · 2024 Q3,HOPE (Triptych),2024-07-04,Direct,true,3,0,3,2.0
Pejac · Multiple · 2024 Q3,HOPE (Triptych),2024-07-04,Referral Artist,true,3,0,3,0.0
Pejac · Multiple · 2024 Q3,HOPE (Triptych),2024-07-04,Referral Other,true,3,0,3,1.0
Pejac · Multiple · 2024 Q3,HOPE (Triptych),2024-07-04,untracked,true,1,0,1,0.0
Pejac · Multiple · 2024 Q3,HOPE (Triptych),2024-07-05,Direct,true,5,0,5,0.0
Pejac · Multiple · 2024 Q3,HOPE (Triptych),2024-07-05,Referral Artist,true,1,0,1,0.0
Pejac · Multiple · 2024 Q3,HOPE (Triptych),2024-07-05,untracked,true,2,2,2,0.0
Pejac · Multiple · 2024 Q3,HOPE (Triptych),2024-07-06,AA Email Man,true,3,0,3,2.0
Pejac · Multiple · 2024 Q3,HOPE (Triptych),2024-07-06,Direct,true,1,1,1,0.0
Pejac · Multiple · 2024 Q3,HOPE (Triptych),2024-07-07,AA Email Man,true,1,0,1,0.0
Pejac · Multiple · 2024 Q3,HOPE (Triptych),2024-07-08,AA Email Man,true,3,0,3,0.0
Pejac · Multiple · 2024 Q3,HOPE (Triptych),2024-07-08,Direct,true,3,0,3,0.0
Pejac · Multiple · 2024 Q3,HOPE (Triptych),2024-07-08,Referral Other,true,2,0,2,0.0
Pejac · Multiple · 2024 Q3,HOPE (Triptych),2024-07-09,AA Email Man,true,1,0,1,0.0
Pejac · Multiple · 2024 Q3,HOPE (Triptych),2024-07-09,Direct,true,3,0,3,0.0
Pejac · Multiple · 2024 Q3,HOPE (Triptych),2024-07-09,Organic Search,true,1,0,1,0.0
Pejac · Multiple · 2024 Q3,HOPE (Triptych),2024-07-09,Referral Artist,true,1,0,1,0.0
Pejac · Multiple · 2024 Q3,HOPE (Triptych),2024-07-09,Referral Other,true,1,0,1,1.0
Pejac · Multiple · 2024 Q3,HOPE (Triptych),2024-07-09,untracked,true,3,0,3,0.0
Pejac · Multiple · 2024 Q3,HOPE (Triptych),2024-07-10,AA Email Man,true,1,0,1,0.0
Pejac · Multiple · 2024 Q3,HOPE (Triptych),2024-07-10,untracked,true,1,0,1,0.0
Pejac · Multiple · 2024 Q3,HOPE (Triptych),2024-07-13,Referral Artist,true,1,0,1,0.0
Pejac · Multiple · 2024 Q3,HOPE (Triptych),2024-07-16,untracked,true,1,0,1,1.0
Pejac · Multiple · 2024 Q3,HOPE (Triptych),2024-07-17,AA Email Man,true,1,0,1,0.0
Pejac · Multiple · 2024 Q3,HOPE (Triptych),2024-07-17,Direct,true,1,0,1,0.0
Pejac · Multiple · 2024 Q3,HOPE (Triptych),2024-07-17,Organic Search,true,1,0,1,0.0
Pejac · Multiple · 2024 Q3,HOPE (Triptych),2024-07-18,AA Email Man,true,1,0,1,0.0
Pejac · Multiple · 2024 Q3,HOPE (Triptych),2024-07-24,Direct,true,1,0,1,1.0
Pejac · Multiple · 2024 Q3,HOPE (Triptych),2024-10-31,Direct,true,1,0,1,0.0
Pejac · Multiple · 2026 Q1,SELF-DEFENCE 10am,2026-02-03,AA Email Auto,true,6,0,6,4.0
Pejac · Multiple · 2026 Q1,SELF-DEFENCE 10am,2026-02-03,AA Email Man,true,2,0,2,0.0
Pejac · Multiple · 2026 Q1,SELF-DEFENCE 10am,2026-02-03,Direct,true,1,0,1,0.0
Pejac · Multiple · 2026 Q1,SELF-DEFENCE 10am,2026-02-03,Organic Search,true,3,0,3,1.0
Pejac · Multiple · 2026 Q1,SELF-DEFENCE 10am,2026-02-03,Referral Other,true,2,0,2,2.0
Pejac · Multiple · 2026 Q1,SELF-DEFENCE 10am,2026-02-04,AA Email Auto,true,1,0,1,0.0
Pejac · Multiple · 2026 Q1,SELF-DEFENCE 10am,2026-02-04,Direct,true,1,0,1,0.0
Pejac · Multiple · 2026 Q1,SELF-DEFENCE 10am,2026-02-06,Direct,true,1,0,1,0.0
Pejac · Multiple · 2026 Q1,SELF-DEFENCE 10am (Special Edition),2026-02-03,Direct,true,1,0,1,1.0
Pejac · Multiple · 2026 Q1,SELF-DEFENCE 11am,2026-02-03,AA Email Auto,true,6,0,6,2.0
Pejac · Multiple · 2026 Q1,SELF-DEFENCE 11am,2026-02-03,AA Email Man,true,2,0,2,1.0
Pejac · Multiple · 2026 Q1,SELF-DEFENCE 11am,2026-02-03,AA Meta,true,1,0,1,1.0
Pejac · Multiple · 2026 Q1,SELF-DEFENCE 11am,2026-02-03,Direct,true,1,0,1,1.0
Pejac · Multiple · 2026 Q1,SELF-DEFENCE 11am,2026-02-03,Organic Search,true,1,0,1,0.0
Pejac · Multiple · 2026 Q1,SELF-DEFENCE 11am,2026-02-03,Other,true,1,0,1,1.0
Pejac · Multiple · 2026 Q1,SELF-DEFENCE 11am,2026-02-03,Referral Artist,true,2,0,2,0.0
Pejac · Multiple · 2026 Q1,SELF-DEFENCE 11am (Special Edition),2026-02-03,AA Email Auto,true,1,0,1,1.0
Pejac · Multiple · 2026 Q1,SELF-DEFENCE 12pm,2026-02-03,AA Email Auto,true,5,0,5,2.0
Pejac · Multiple · 2026 Q1,SELF-DEFENCE 12pm,2026-02-03,Organic Search,true,1,0,1,0.0
Pejac · Multiple · 2026 Q1,SELF-DEFENCE 12pm,2026-02-03,Referral Artist,true,1,0,1,1.0
Pejac · Multiple · 2026 Q1,SELF-DEFENCE 12pm,2026-02-04,AA Email Man,true,1,0,1,0.0
Pejac · Multiple · 2026 Q1,SELF-DEFENCE 12pm,2026-02-04,untracked,true,1,0,1,1.0
Pejac · Multiple · 2026 Q1,SELF-DEFENCE 12pm (Special Edition),2026-02-03,AA Email Auto,true,1,0,1,1.0
Pejac · Multiple · 2026 Q1,SELF-DEFENCE 1am,2026-01-27,Direct,true,1,0,1,0.0
Pejac · Multiple · 2026 Q1,SELF-DEFENCE 1am,2026-02-03,untracked,true,1,0,1,0.0
Pejac · Multiple · 2026 Q1,SELF-DEFENCE 1am,2026-02-06,AA Email Auto,true,1,0,1,0.0
Pejac · Multiple · 2026 Q1,SELF-DEFENCE 1am,2026-02-06,Direct,true,1,0,1,0.0
Pejac · Multiple · 2026 Q1,SELF-DEFENCE 1am,2026-09-21,Organic Search,true,1,0,1,0.0
Pejac · Multiple · 2026 Q1,SELF-DEFENCE 1am (Special Edition),2026-02-06,AA Email Man,true,1,0,1,1.0
Pejac · Multiple · 2026 Q1,SELF-DEFENCE 2am,2026-02-06,AA Email Auto,true,1,0,1,0.0
Pejac · Multiple · 2026 Q1,SELF-DEFENCE 2am,2026-02-06,Organic Search,true,1,0,1,0.0
Pejac · Multiple · 2026 Q1,SELF-DEFENCE 2am (Special Edition),2026-02-06,AA Email Auto,true,1,0,1,1.0
Pejac · Multiple · 2026 Q1,SELF-DEFENCE 2am (Special Edition),2026-02-20,Direct,true,1,0,1,0.0
Pejac · Multiple · 2026 Q1,SELF-DEFENCE 3am,2026-02-06,AA Email Auto,true,2,0,2,0.0
Pejac · Multiple · 2026 Q1,SELF-DEFENCE 3am,2026-02-06,Referral Artist,true,1,0,1,0.0
Pejac · Multiple · 2026 Q1,SELF-DEFENCE 3am (Special Edition),2026-02-06,AA Email Auto,true,1,0,1,1.0
Pejac · Multiple · 2026 Q1,SELF-DEFENCE 3am (Special Edition),2026-04-03,Direct,true,1,0,1,1.0
Pejac · Multiple · 2026 Q1,SELF-DEFENCE 4am,2026-02-05,AA Email Auto,true,1,0,1,0.0
Pejac · Multiple · 2026 Q1,SELF-DEFENCE 4am,2026-02-05,Organic Search,true,1,0,1,0.0
Pejac · Multiple · 2026 Q1,SELF-DEFENCE 4am,2026-02-05,Referral Artist,true,2,0,2,0.0
Pejac · Multiple · 2026 Q1,SELF-DEFENCE 4am (Special Edition),2026-02-05,AA Email Auto,true,1,0,1,1.0
Pejac · Multiple · 2026 Q1,SELF-DEFENCE 4am (Special Edition),2026-03-31,Organic Search,true,1,0,1,0.0
Pejac · Multiple · 2026 Q1,SELF-DEFENCE 5am,2026-02-05,AA Email Auto,true,1,0,1,0.0
Pejac · Multiple · 2026 Q1,SELF-DEFENCE 5am,2026-02-05,AA Email Man,true,1,0,1,1.0
Pejac · Multiple · 2026 Q1,SELF-DEFENCE 5am,2026-02-05,Direct,true,1,0,1,0.0
Pejac · Multiple · 2026 Q1,SELF-DEFENCE 5am,2026-02-05,Organic Search,true,1,0,1,0.0
Pejac · Multiple · 2026 Q1,SELF-DEFENCE 5am (Special Edition),2026-02-05,AA Email Auto,true,1,0,1,1.0
Pejac · Multiple · 2026 Q1,SELF-DEFENCE 5am (Special Edition),2026-02-24,Referral Artist,true,1,0,1,1.0
Pejac · Multiple · 2026 Q1,SELF-DEFENCE 6am,2026-02-05,Direct,true,2,0,2,2.0
Pejac · Multiple · 2026 Q1,SELF-DEFENCE 6am,2026-02-05,Other,true,1,0,1,1.0
Pejac · Multiple · 2026 Q1,SELF-DEFENCE 6am,2026-02-09,AA Email Auto,true,1,0,1,1.0
Pejac · Multiple · 2026 Q1,SELF-DEFENCE 6am (Special Edition),2026-02-05,Referral Artist,true,1,0,1,1.0
Pejac · Multiple · 2026 Q1,SELF-DEFENCE 7am,2026-02-04,AA Email Auto,true,3,0,3,2.0
Pejac · Multiple · 2026 Q1,SELF-DEFENCE 7am,2026-02-04,AA Meta,true,1,0,1,1.0
Pejac · Multiple · 2026 Q1,SELF-DEFENCE 7am,2026-02-04,Direct,true,2,0,2,2.0
Pejac · Multiple · 2026 Q1,SELF-DEFENCE 7am,2026-02-04,Referral Artist,true,2,0,2,1.0
Pejac · Multiple · 2026 Q1,SELF-DEFENCE 7am,2026-02-04,Referral Meta,true,1,0,1,0.0
Pejac · Multiple · 2026 Q1,SELF-DEFENCE 7am,2026-02-04,untracked,true,1,0,1,1.0
Pejac · Multiple · 2026 Q1,SELF-DEFENCE 7am,2026-02-05,AA Meta,true,1,0,1,0.0
Pejac · Multiple · 2026 Q1,SELF-DEFENCE 7am (Special Edition),2026-02-04,AA Email Auto,true,1,0,1,1.0
Pejac · Multiple · 2026 Q1,SELF-DEFENCE 8am,2026-02-04,AA Email Auto,true,3,0,3,1.0
Pejac · Multiple · 2026 Q1,SELF-DEFENCE 8am,2026-02-04,Other,true,2,0,2,2.0
Pejac · Multiple · 2026 Q1,SELF-DEFENCE 8am,2026-02-04,Referral Artist,true,1,0,1,1.0
Pejac · Multiple · 2026 Q1,SELF-DEFENCE 8am (Special Edition),2026-02-04,Direct,true,1,0,1,1.0
Pejac · Multiple · 2026 Q1,SELF-DEFENCE 9am,2026-02-04,AA Email Auto,true,1,0,1,1.0
Pejac · Multiple · 2026 Q1,SELF-DEFENCE 9am,2026-02-05,AA Email Man,true,1,0,1,0.0
Pejac · Multiple · 2026 Q1,SELF-DEFENCE 9am (Special Edition),2026-02-04,Other,true,1,0,1,1.0
Pejac · Multiple · 2026 Q1,SELF-DEFENCE Set: Northern Lights,2026-01-21,AA Email Auto,true,1,0,1,1.0
Pejac · Multiple · 2026 Q1,SELF-DEFENCE Set: Northern Lights,2026-01-21,Referral Artist,true,1,0,1,1.0
Pejac · Multiple · 2026 Q1,SELF-DEFENCE Set: Northern Lights,2026-01-21,Referral Other,true,3,0,3,2.0
Pejac · Multiple · 2026 Q1,SELF-DEFENCE Set: Northern Lights,2026-01-22,Direct,true,1,0,1,0.0
Pejac · Multiple · 2026 Q1,SELF-DEFENCE Set: Northern Lights,2026-01-22,Referral Artist,true,1,0,1,0.0
Pejac · Multiple · 2026 Q1,SELF-DEFENCE Set: Northern Lights,2026-01-22,Referral Other,true,2,0,2,1.0
Pejac · Multiple · 2026 Q1,SELF-DEFENCE Set: Northern Lights,2026-01-22,untracked,true,1,0,1,0.0
Pejac · Multiple · 2026 Q1,SELF-DEFENCE Set: Northern Lights,2026-01-27,Referral Artist,true,1,0,1,1.0
Pejac · Multiple · 2026 Q1,SELF-DEFENCE Set: Northern Lights,2026-01-28,Referral Other,true,1,0,1,0.0
Pejac · Multiple · 2026 Q1,SELF-DEFENCE Set: Northern Lights,2026-02-03,AA Email Auto,true,2,0,2,0.0
Pejac · Multiple · 2026 Q1,SELF-DEFENCE Set: Northern Lights,2026-02-03,Other,true,1,0,1,0.0
Pejac · Multiple · 2026 Q1,SELF-DEFENCE Set: Northern Lights,2026-02-04,AA Email Auto,true,1,0,1,0.0
Pejac · Multiple · 2026 Q1,SELF-DEFENCE Set: Northern Lights,2026-02-04,Organic Search,true,1,0,1,0.0
Pejac · Multiple · 2026 Q1,SELF-DEFENCE Set: Northern Lights,2026-02-05,AA Email Auto,true,1,0,1,0.0
Pejac · Multiple · 2026 Q1,SELF-DEFENCE Set: Northern Lights,2026-02-06,Referral Other,true,1,0,1,0.0
Peter Halley · Rising High II · 2024 Q2,Rising High II,2024-04-25,Direct,true,1,0,0,0.0
Peter Halley · Rising High II · 2024 Q2,Rising High II,2024-05-01,AA Meta,true,1,1,0,0.0
Peter Halley · Rising High II · 2024 Q2,Rising High II,2024-05-04,Referral Other,true,1,0,0,0.0
Peter Halley · Rising High II · 2024 Q2,Rising High II,2024-05-07,AA Meta,true,1,0,0,0.0
Peter Halley · Rising High II · 2024 Q2,Rising High II,2024-05-08,untracked,true,1,0,0,0.0
Peter Halley · Rising High II · 2024 Q2,Rising High II,2024-05-09,AA Email Man,true,2,0,0,0.0
Peter Halley · Rising High II · 2024 Q2,Rising High II,2024-05-09,AA Meta,true,2,0,0,0.0
Peter Halley · Rising High II · 2024 Q2,Rising High II,2024-05-09,Direct,true,1,0,0,0.0
Peter Halley · Rising High II · 2024 Q2,Rising High II,2024-05-09,Organic Search,true,2,0,0,0.0
Peter Halley · Rising High II · 2024 Q2,Rising High II,2024-05-09,Referral Artist,true,1,0,0,0.0
Peter Halley · Rising High II · 2024 Q2,Rising High II,2024-05-16,AA Email Man,true,4,0,0,0.0
Peter Halley · Rising High II · 2024 Q2,Rising High II,2024-05-16,Direct,true,1,0,0,0.0
Peter Halley · Rising High II · 2024 Q2,Rising High II,2024-05-16,Organic Search,true,2,0,0,0.0
Peter Halley · Rising High II · 2024 Q2,Rising High II,2024-05-17,AA Email Man,true,1,0,0,0.0
Peter Halley · Rising High II · 2024 Q2,Rising High II,2024-05-17,Direct,true,1,0,0,0.0
Peter Halley · Rising High II · 2024 Q2,Rising High II,2024-05-21,Organic Search,true,1,0,0,0.0
Peter Halley · Rising High II · 2024 Q2,Rising High II,2024-05-22,AA Email Man,true,1,0,0,0.0
Peter Halley · Rising High II · 2024 Q2,Rising High II,2024-05-23,Direct,true,1,0,0,0.0
Peter Halley · Rising High II · 2024 Q2,Rising High II,2024-06-14,Direct,true,1,0,0,0.0
Peter Halley · Rising High II · 2024 Q2,Rising High II,2024-06-26,untracked,true,1,0,0,0.0
Peter Halley · Rising High II · 2024 Q2,Rising High II,2024-08-03,Direct,true,1,0,0,0.0
Peter Halley · Rising High II · 2024 Q2,Rising High II,2024-11-14,Direct,true,2,0,0,0.0
Peter Halley · Rising High II · 2024 Q2,Rising High II,2025-01-27,Referral Other,true,1,0,0,0.0
Peter Halley · Rising High II · 2024 Q2,Rising High II,2025-01-29,Direct,true,2,0,0,0.0
Peter Halley · Rising High II · 2024 Q2,Rising High II,2025-03-13,Direct,true,1,0,0,0.0
Peter Halley · Rising High II · 2024 Q2,Rising High II,2025-07-12,Referral Other,true,1,0,0,0.0
Peter Halley · Rising High II · 2024 Q2,Rising High II,2025-09-08,untracked,true,1,0,0,0.0
Piet Mondrian Estate · Multiple · 2026 Q3,"Composition with Large Red Plane, Yellow, Black, Gray, and Blue",2026-07-22,AA Email Auto,true,4,4,4,2.0
Piet Mondrian Estate · Multiple · 2026 Q3,"Composition with Large Red Plane, Yellow, Black, Gray, and Blue",2026-07-22,AA Meta,true,2,2,2,1.0
Piet Mondrian Estate · Multiple · 2026 Q3,"Composition with Large Red Plane, Yellow, Black, Gray, and Blue",2026-07-22,Direct,true,1,1,1,0.0
Piet Mondrian Estate · Multiple · 2026 Q3,"Composition with Large Red Plane, Yellow, Black, Gray, and Blue",2026-07-22,Organic Search,true,1,1,1,0.0
Piet Mondrian Estate · Multiple · 2026 Q3,"Composition with Large Red Plane, Yellow, Black, Gray, and Blue",2026-07-22,Referral Artist,true,1,1,1,0.0
Piet Mondrian Estate · Multiple · 2026 Q3,"Composition with Large Red Plane, Yellow, Black, Gray, and Blue",2026-07-22,Referral Other,true,23,23,23,14.0
Piet Mondrian Estate · Multiple · 2026 Q3,"Composition with Large Red Plane, Yellow, Black, Gray, and Blue",2026-07-22,untracked,true,1,1,1,1.0
Piet Mondrian Estate · Multiple · 2026 Q3,"Composition with Large Red Plane, Yellow, Black, Gray, and Blue",2026-07-23,AA Email Auto,true,2,2,2,1.0
Piet Mondrian Estate · Multiple · 2026 Q3,"Composition with Large Red Plane, Yellow, Black, Gray, and Blue",2026-07-23,AA Meta,true,1,1,1,0.0
Piet Mondrian Estate · Multiple · 2026 Q3,"Composition with Large Red Plane, Yellow, Black, Gray, and Blue",2026-07-23,Referral Other,true,14,14,14,4.0
Piet Mondrian Estate · Multiple · 2026 Q3,"Composition with Large Red Plane, Yellow, Black, Gray, and Blue",2026-07-23,untracked,true,1,1,1,1.0
Piet Mondrian Estate · Multiple · 2026 Q3,"Composition with Large Red Plane, Yellow, Black, Gray, and Blue",2026-07-24,Referral Other,true,4,4,4,1.0
Piet Mondrian Estate · Multiple · 2026 Q3,"Composition with Large Red Plane, Yellow, Black, Gray, and Blue",2026-07-27,AA Email Man,true,16,0,16,16.0
Piet Mondrian Estate · Multiple · 2026 Q3,"Composition with Large Red Plane, Yellow, Black, Gray, and Blue",2026-07-27,Direct,true,5,0,5,4.0
Piet Mondrian Estate · Multiple · 2026 Q3,"Composition with Large Red Plane, Yellow, Black, Gray, and Blue",2026-07-27,Organic Search,true,1,0,1,1.0
Piet Mondrian Estate · Multiple · 2026 Q3,"Composition with Large Red Plane, Yellow, Black, Gray, and Blue",2026-07-27,Paid Social,true,1,0,1,1.0
Piet Mondrian Estate · Multiple · 2026 Q3,"Composition with Large Red Plane, Yellow, Black, Gray, and Blue",2026-07-27,Referral Other,true,1,0,1,1.0
Piet Mondrian Estate · Multiple · 2026 Q3,"Composition with Large Red Plane, Yellow, Black, Gray, and Blue",2026-07-28,Direct,true,1,0,1,1.0
Piet Mondrian Estate · Multiple · 2026 Q3,"Composition with Large Red Plane, Yellow, Black, Gray, and Blue",2026-07-28,Referral Other,true,2,0,2,0.0
Piet Mondrian Estate · Multiple · 2026 Q3,"Composition with Large Red Plane, Yellow, Black, Gray, and Blue",2026-07-29,AA Email Man,true,3,0,3,2.0
Piet Mondrian Estate · Multiple · 2026 Q3,"Composition with Large Red Plane, Yellow, Black, Gray, and Blue",2026-07-29,AA Meta,true,2,0,2,2.0
Piet Mondrian Estate · Multiple · 2026 Q3,"Composition with Large Red Plane, Yellow, Black, Gray, and Blue",2026-07-29,Direct,true,3,0,3,3.0
Piet Mondrian Estate · Multiple · 2026 Q3,"Composition with Large Red Plane, Yellow, Black, Gray, and Blue",2026-07-29,Organic Search,true,3,0,3,3.0
Piet Mondrian Estate · Multiple · 2026 Q3,"Composition with Large Red Plane, Yellow, Black, Gray, and Blue",2026-07-29,Paid Social,true,5,0,5,5.0
Piet Mondrian Estate · Multiple · 2026 Q3,"Composition with Large Red Plane, Yellow, Black, Gray, and Blue",2026-07-29,untracked,true,2,0,2,1.0
Piet Mondrian Estate · Multiple · 2026 Q3,"Composition with Large Red Plane, Yellow, Black, Gray, and Blue",2026-07-31,Direct,true,1,0,1,1.0
Piet Mondrian Estate · Multiple · 2026 Q3,"Composition with Large Red Plane, Yellow, Black, Gray, and Blue",2026-07-31,Organic Search,true,2,0,2,2.0
Piet Mondrian Estate · Multiple · 2026 Q3,"Composition with Large Red Plane, Yellow, Black, Gray, and Blue",2026-07-31,Paid Social,true,14,0,14,14.0
Piet Mondrian Estate · Multiple · 2026 Q3,"Composition with Large Red Plane, Yellow, Black, Gray, and Blue",2026-07-31,Referral Meta,true,1,0,1,1.0
Piet Mondrian Estate · Multiple · 2026 Q3,"Composition with Large Red Plane, Yellow, Black, Gray, and Blue",2026-08-03,AA Email Man,true,2,0,2,2.0
Piet Mondrian Estate · Multiple · 2026 Q3,"Composition with Large Red Plane, Yellow, Black, Gray, and Blue",2026-08-03,AA Meta,true,3,0,3,3.0
Piet Mondrian Estate · Multiple · 2026 Q3,"Composition with Large Red Plane, Yellow, Black, Gray, and Blue",2026-08-03,Direct,true,4,0,4,4.0
Piet Mondrian Estate · Multiple · 2026 Q3,"Composition with Large Red Plane, Yellow, Black, Gray, and Blue",2026-08-03,Organic Search,true,4,0,4,4.0
Piet Mondrian Estate · Multiple · 2026 Q3,"Composition with Large Red Plane, Yellow, Black, Gray, and Blue",2026-08-03,Other,true,1,0,1,1.0
Piet Mondrian Estate · Multiple · 2026 Q3,"Composition with Large Red Plane, Yellow, Black, Gray, and Blue",2026-08-03,Paid Social,true,16,0,16,16.0
Piet Mondrian Estate · Multiple · 2026 Q3,"Composition with Large Red Plane, Yellow, Black, Gray, and Blue",2026-08-03,untracked,true,1,0,1,1.0
Piet Mondrian Estate · Multiple · 2026 Q3,"Composition with Large Red Plane, Yellow, Black, Gray, and Blue",2026-08-04,AA Email Man,true,1,0,1,0.0
Piet Mondrian Estate · Multiple · 2026 Q3,"Composition with Large Red Plane, Yellow, Black, Gray, and Blue",2026-08-05,AA Email Man,true,1,0,1,1.0
Piet Mondrian Estate · Multiple · 2026 Q3,"Composition with Large Red Plane, Yellow, Black, Gray, and Blue",2026-08-05,Direct,true,2,0,2,2.0
Piet Mondrian Estate · Multiple · 2026 Q3,"Composition with Large Red Plane, Yellow, Black, Gray, and Blue",2026-08-05,Organic Search,true,4,0,4,3.0
Piet Mondrian Estate · Multiple · 2026 Q3,"Composition with Large Red Plane, Yellow, Black, Gray, and Blue",2026-08-05,Other,true,1,0,1,1.0
Piet Mondrian Estate · Multiple · 2026 Q3,"Composition with Large Red Plane, Yellow, Black, Gray, and Blue",2026-08-05,Paid Social,true,6,0,6,6.0
Piet Mondrian Estate · Multiple · 2026 Q3,"Composition with Large Red Plane, Yellow, Black, Gray, and Blue",2026-08-05,Referral Other,true,1,0,1,1.0
Piet Mondrian Estate · Multiple · 2026 Q3,"Composition with Large Red Plane, Yellow, Black, Gray, and Blue",2026-08-06,AA Email Man,true,1,0,1,1.0
Piet Mondrian Estate · Multiple · 2026 Q3,"Composition with Large Red Plane, Yellow, Black, Gray, and Blue",2026-08-07,AA Email Man,true,5,0,5,5.0
Piet Mondrian Estate · Multiple · 2026 Q3,"Composition with Large Red Plane, Yellow, Black, Gray, and Blue",2026-08-07,Direct,true,1,0,1,1.0
Piet Mondrian Estate · Multiple · 2026 Q3,"Composition with Large Red Plane, Yellow, Black, Gray, and Blue",2026-08-07,Organic Search,true,2,0,2,2.0
Piet Mondrian Estate · Multiple · 2026 Q3,"Composition with Large Red Plane, Yellow, Black, Gray, and Blue",2026-08-07,Paid Social,true,2,0,2,2.0
Piet Mondrian Estate · Multiple · 2026 Q3,"Composition with Large Red Plane, Yellow, Black, Gray, and Blue",2026-08-07,untracked,true,1,0,1,1.0
Piet Mondrian Estate · Multiple · 2026 Q3,"Composition with Large Red Plane, Yellow, Black, Gray, and Blue",2026-08-09,Paid Social,true,1,0,1,1.0
Piet Mondrian Estate · Multiple · 2026 Q3,"Composition with Large Red Plane, Yellow, Black, Gray, and Blue",2026-08-10,AA Email Man,true,1,0,1,1.0
Piet Mondrian Estate · Multiple · 2026 Q3,"Composition with Large Red Plane, Yellow, Black, Gray, and Blue",2026-08-10,Direct,true,1,0,1,1.0
Piet Mondrian Estate · Multiple · 2026 Q3,"Composition with Large Red Plane, Yellow, Black, Gray, and Blue",2026-08-10,Organic Search,true,1,0,1,1.0
Piet Mondrian Estate · Multiple · 2026 Q3,"Composition with Large Red Plane, Yellow, Black, Gray, and Blue",2026-08-10,Paid Social,true,1,0,1,1.0
Piet Mondrian Estate · Multiple · 2026 Q3,"Composition with Large Red Plane, Yellow, Black, Gray, and Blue",2026-08-11,AA Email Man,true,1,0,1,0.0
Piet Mondrian Estate · Multiple · 2026 Q3,"Composition with Large Red Plane, Yellow, Black, Gray, and Blue",2026-08-11,Paid Social,true,1,0,1,1.0
Piet Mondrian Estate · Multiple · 2026 Q3,"Composition with Large Red Plane, Yellow, Black, Gray, and Blue",2026-08-12,AA Email Man,true,1,0,1,1.0
Piet Mondrian Estate · Multiple · 2026 Q3,"Composition with Large Red Plane, Yellow, Black, Gray, and Blue",2026-08-12,Paid Social,true,1,0,1,1.0
Piet Mondrian Estate · Multiple · 2026 Q3,"Composition with Large Red Plane, Yellow, Black, Gray, and Blue",2026-08-14,AA Email Auto,true,1,0,1,1.0
Piet Mondrian Estate · Multiple · 2026 Q3,"Composition with Large Red Plane, Yellow, Black, Gray, and Blue",2026-08-14,AA Email Man,true,2,0,2,2.0
Piet Mondrian Estate · Multiple · 2026 Q3,"Composition with Large Red Plane, Yellow, Black, Gray, and Blue",2026-08-14,Direct,true,1,0,1,1.0
Piet Mondrian Estate · Multiple · 2026 Q3,"Composition with Large Red Plane, Yellow, Black, Gray, and Blue",2026-08-14,Organic Search,true,3,0,3,3.0
Piet Mondrian Estate · Multiple · 2026 Q3,"Composition with Large Red Plane, Yellow, Black, Gray, and Blue",2026-08-14,Paid Social,true,2,0,2,2.0
Piet Mondrian Estate · Multiple · 2026 Q3,"Composition with Large Red Plane, Yellow, Black, Gray, and Blue",2026-08-14,untracked,true,1,0,1,1.0
Piet Mondrian Estate · Multiple · 2026 Q3,"Composition with Large Red Plane, Yellow, Black, Gray, and Blue",2026-08-17,AA Email Man,true,1,0,1,1.0
Piet Mondrian Estate · Multiple · 2026 Q3,"Composition with Large Red Plane, Yellow, Black, Gray, and Blue",2026-08-17,Direct,true,1,0,1,0.0
Piet Mondrian Estate · Multiple · 2026 Q3,"Composition with Large Red Plane, Yellow, Black, Gray, and Blue",2026-08-18,AA Email Auto,true,3,0,3,0.0
Piet Mondrian Estate · Multiple · 2026 Q3,"Composition with Large Red Plane, Yellow, Black, Gray, and Blue",2026-08-18,AA Email Man,true,41,0,41,15.0
Piet Mondrian Estate · Multiple · 2026 Q3,"Composition with Large Red Plane, Yellow, Black, Gray, and Blue",2026-08-18,AA Meta,true,5,0,5,2.0
Piet Mondrian Estate · Multiple · 2026 Q3,"Composition with Large Red Plane, Yellow, Black, Gray, and Blue",2026-08-18,Direct,true,16,0,16,4.0
Piet Mondrian Estate · Multiple · 2026 Q3,"Composition with Large Red Plane, Yellow, Black, Gray, and Blue",2026-08-18,Organic Search,true,8,0,8,3.0
Piet Mondrian Estate · Multiple · 2026 Q3,"Composition with Large Red Plane, Yellow, Black, Gray, and Blue",2026-08-18,Other,true,1,0,1,0.0
Piet Mondrian Estate · Multiple · 2026 Q3,"Composition with Large Red Plane, Yellow, Black, Gray, and Blue",2026-08-18,Paid Social,true,14,0,14,6.0
Piet Mondrian Estate · Multiple · 2026 Q3,"Composition with Large Red Plane, Yellow, Black, Gray, and Blue",2026-08-18,Referral Other,true,1,0,1,1.0
Piet Mondrian Estate · Multiple · 2026 Q3,"Composition with Large Red Plane, Yellow, Black, Gray, and Blue",2026-08-18,untracked,true,5,0,5,3.0
Piet Mondrian Estate · Multiple · 2026 Q3,"Composition with Large Red Plane, Yellow, Black, Gray, and Blue",2026-08-19,Paid Social,true,1,0,1,0.0
Piet Mondrian Estate · Multiple · 2026 Q3,"Composition with Large Red Plane, Yellow, Black, Gray, and Blue",2026-08-20,Direct,true,1,0,1,0.0
Piet Mondrian Estate · Multiple · 2026 Q3,"Composition with Large Red Plane, Yellow, Black, Gray, and Blue",2026-08-20,untracked,true,1,0,1,1.0
Piet Mondrian Estate · Multiple · 2026 Q3,"Composition with Large Red Plane, Yellow, Black, Gray, and Blue",2026-08-26,Direct,true,1,0,1,0.0
Piet Mondrian Estate · Multiple · 2026 Q3,"Composition with Large Red Plane, Yellow, Black, Gray, and Blue",2026-09-12,Referral Other,true,1,0,1,1.0
Piet Mondrian Estate · Multiple · 2026 Q3,"Composition with Large Red Plane, Yellow, Black, Gray, and Blue",2026-09-24,Direct,true,1,0,1,0.0
Piet Mondrian Estate · Multiple · 2026 Q3,"Composition with Red, Yellow, Black, Blue, and Gray",2026-07-22,AA Email Auto,true,4,4,4,3.0
Piet Mondrian Estate · Multiple · 2026 Q3,"Composition with Red, Yellow, Black, Blue, and Gray",2026-07-22,AA Email Man,true,3,3,3,0.0
Piet Mondrian Estate · Multiple · 2026 Q3,"Composition with Red, Yellow, Black, Blue, and Gray",2026-07-22,AA Meta,true,1,1,1,0.0
Piet Mondrian Estate · Multiple · 2026 Q3,"Composition with Red, Yellow, Black, Blue, and Gray",2026-07-22,Direct,true,1,1,1,0.0
Piet Mondrian Estate · Multiple · 2026 Q3,"Composition with Red, Yellow, Black, Blue, and Gray",2026-07-22,Referral Artist,true,1,1,1,0.0
Piet Mondrian Estate · Multiple · 2026 Q3,"Composition with Red, Yellow, Black, Blue, and Gray",2026-07-22,Referral Other,true,24,24,24,12.0
Piet Mondrian Estate · Multiple · 2026 Q3,"Composition with Red, Yellow, Black, Blue, and Gray",2026-07-23,AA Email Auto,true,2,2,2,1.0
Piet Mondrian Estate · Multiple · 2026 Q3,"Composition with Red, Yellow, Black, Blue, and Gray",2026-07-23,Referral Other,true,14,14,14,8.0
Piet Mondrian Estate · Multiple · 2026 Q3,"Composition with Red, Yellow, Black, Blue, and Gray",2026-07-24,Referral Other,true,5,4,5,1.0
Piet Mondrian Estate · Multiple · 2026 Q3,"Composition with Red, Yellow, Black, Blue, and Gray",2026-07-27,AA Email Auto,true,1,0,1,1.0
Piet Mondrian Estate · Multiple · 2026 Q3,"Composition with Red, Yellow, Black, Blue, and Gray",2026-07-27,AA Email Man,true,15,0,15,15.0
Piet Mondrian Estate · Multiple · 2026 Q3,"Composition with Red, Yellow, Black, Blue, and Gray",2026-07-27,AA Meta,true,1,0,1,1.0
Piet Mondrian Estate · Multiple · 2026 Q3,"Composition with Red, Yellow, Black, Blue, and Gray",2026-07-27,Direct,true,6,0,6,5.0
Piet Mondrian Estate · Multiple · 2026 Q3,"Composition with Red, Yellow, Black, Blue, and Gray",2026-07-27,Organic Search,true,1,0,1,1.0
Piet Mondrian Estate · Multiple · 2026 Q3,"Composition with Red, Yellow, Black, Blue, and Gray",2026-07-28,Direct,true,2,0,2,2.0
Piet Mondrian Estate · Multiple · 2026 Q3,"Composition with Red, Yellow, Black, Blue, and Gray",2026-07-28,Referral Other,true,2,0,2,0.0
Piet Mondrian Estate · Multiple · 2026 Q3,"Composition with Red, Yellow, Black, Blue, and Gray",2026-07-29,AA Email Man,true,4,0,4,3.0
Piet Mondrian Estate · Multiple · 2026 Q3,"Composition with Red, Yellow, Black, Blue, and Gray",2026-07-29,Direct,true,6,0,6,5.0
Piet Mondrian Estate · Multiple · 2026 Q3,"Composition with Red, Yellow, Black, Blue, and Gray",2026-07-29,Organic Search,true,4,0,4,4.0
Piet Mondrian Estate · Multiple · 2026 Q3,"Composition with Red, Yellow, Black, Blue, and Gray",2026-07-29,Other,true,1,0,1,1.0
Piet Mondrian Estate · Multiple · 2026 Q3,"Composition with Red, Yellow, Black, Blue, and Gray",2026-07-29,Paid Social,true,12,0,12,12.0
Piet Mondrian Estate · Multiple · 2026 Q3,"Composition with Red, Yellow, Black, Blue, and Gray",2026-07-31,AA Email Man,true,3,0,3,3.0
Piet Mondrian Estate · Multiple · 2026 Q3,"Composition with Red, Yellow, Black, Blue, and Gray",2026-07-31,AA Meta,true,1,0,1,1.0
Piet Mondrian Estate · Multiple · 2026 Q3,"Composition with Red, Yellow, Black, Blue, and Gray",2026-07-31,Direct,true,1,0,1,1.0
Piet Mondrian Estate · Multiple · 2026 Q3,"Composition with Red, Yellow, Black, Blue, and Gray",2026-07-31,Paid Social,true,10,0,10,10.0
Piet Mondrian Estate · Multiple · 2026 Q3,"Composition with Red, Yellow, Black, Blue, and Gray",2026-07-31,Referral Other,true,1,0,1,1.0
Piet Mondrian Estate · Multiple · 2026 Q3,"Composition with Red, Yellow, Black, Blue, and Gray",2026-07-31,untracked,true,2,0,2,2.0
Piet Mondrian Estate · Multiple · 2026 Q3,"Composition with Red, Yellow, Black, Blue, and Gray",2026-08-03,AA Email Man,true,2,0,2,2.0
Piet Mondrian Estate · Multiple · 2026 Q3,"Composition with Red, Yellow, Black, Blue, and Gray",2026-08-03,AA Meta,true,1,0,1,1.0
Piet Mondrian Estate · Multiple · 2026 Q3,"Composition with Red, Yellow, Black, Blue, and Gray",2026-08-03,Direct,true,3,0,3,3.0
Piet Mondrian Estate · Multiple · 2026 Q3,"Composition with Red, Yellow, Black, Blue, and Gray",2026-08-03,Organic Search,true,1,0,1,1.0
Piet Mondrian Estate · Multiple · 2026 Q3,"Composition with Red, Yellow, Black, Blue, and Gray",2026-08-03,Paid Social,true,15,0,15,15.0
Piet Mondrian Estate · Multiple · 2026 Q3,"Composition with Red, Yellow, Black, Blue, and Gray",2026-08-03,Referral Other,true,1,0,1,1.0
Piet Mondrian Estate · Multiple · 2026 Q3,"Composition with Red, Yellow, Black, Blue, and Gray",2026-08-03,untracked,true,2,0,2,2.0
Piet Mondrian Estate · Multiple · 2026 Q3,"Composition with Red, Yellow, Black, Blue, and Gray",2026-08-04,AA Email Man,true,2,0,2,1.0
Piet Mondrian Estate · Multiple · 2026 Q3,"Composition with Red, Yellow, Black, Blue, and Gray",2026-08-04,Paid Social,true,1,0,1,1.0
Piet Mondrian Estate · Multiple · 2026 Q3,"Composition with Red, Yellow, Black, Blue, and Gray",2026-08-05,AA Email Man,true,2,0,2,2.0
Piet Mondrian Estate · Multiple · 2026 Q3,"Composition with Red, Yellow, Black, Blue, and Gray",2026-08-05,Direct,true,1,0,1,1.0
Piet Mondrian Estate · Multiple · 2026 Q3,"Composition with Red, Yellow, Black, Blue, and Gray",2026-08-05,Organic Search,true,2,0,2,1.0
Piet Mondrian Estate · Multiple · 2026 Q3,"Composition with Red, Yellow, Black, Blue, and Gray",2026-08-05,Paid Social,true,8,0,8,8.0
Piet Mondrian Estate · Multiple · 2026 Q3,"Composition with Red, Yellow, Black, Blue, and Gray",2026-08-05,Referral Other,true,1,0,1,1.0
Piet Mondrian Estate · Multiple · 2026 Q3,"Composition with Red, Yellow, Black, Blue, and Gray",2026-08-06,AA Email Man,true,1,0,1,1.0
Piet Mondrian Estate · Multiple · 2026 Q3,"Composition with Red, Yellow, Black, Blue, and Gray",2026-08-07,AA Email Man,true,6,0,6,6.0
Piet Mondrian Estate · Multiple · 2026 Q3,"Composition with Red, Yellow, Black, Blue, and Gray",2026-08-07,AA Meta,true,1,0,1,1.0
Piet Mondrian Estate · Multiple · 2026 Q3,"Composition with Red, Yellow, Black, Blue, and Gray",2026-08-07,Paid Social,true,3,0,3,3.0
Piet Mondrian Estate · Multiple · 2026 Q3,"Composition with Red, Yellow, Black, Blue, and Gray",2026-08-10,AA Meta,true,1,0,1,1.0
Piet Mondrian Estate · Multiple · 2026 Q3,"Composition with Red, Yellow, Black, Blue, and Gray",2026-08-10,Direct,true,1,0,1,1.0
Piet Mondrian Estate · Multiple · 2026 Q3,"Composition with Red, Yellow, Black, Blue, and Gray",2026-08-10,Organic Search,true,1,0,1,0.0
Piet Mondrian Estate · Multiple · 2026 Q3,"Composition with Red, Yellow, Black, Blue, and Gray",2026-08-10,Paid Social,true,1,0,1,1.0
Piet Mondrian Estate · Multiple · 2026 Q3,"Composition with Red, Yellow, Black, Blue, and Gray",2026-08-11,AA Email Man,true,1,0,1,0.0
Piet Mondrian Estate · Multiple · 2026 Q3,"Composition with Red, Yellow, Black, Blue, and Gray",2026-08-11,Paid Social,true,1,0,1,1.0
Piet Mondrian Estate · Multiple · 2026 Q3,"Composition with Red, Yellow, Black, Blue, and Gray",2026-08-12,AA Email Man,true,1,0,1,1.0
Piet Mondrian Estate · Multiple · 2026 Q3,"Composition with Red, Yellow, Black, Blue, and Gray",2026-08-12,Paid Social,true,1,0,1,1.0
Piet Mondrian Estate · Multiple · 2026 Q3,"Composition with Red, Yellow, Black, Blue, and Gray",2026-08-14,AA Email Man,true,1,0,1,1.0
Piet Mondrian Estate · Multiple · 2026 Q3,"Composition with Red, Yellow, Black, Blue, and Gray",2026-08-14,Direct,true,1,0,1,1.0
Piet Mondrian Estate · Multiple · 2026 Q3,"Composition with Red, Yellow, Black, Blue, and Gray",2026-08-14,Organic Search,true,3,0,3,2.0
Piet Mondrian Estate · Multiple · 2026 Q3,"Composition with Red, Yellow, Black, Blue, and Gray",2026-08-18,AA Email Auto,true,1,0,1,0.0
Piet Mondrian Estate · Multiple · 2026 Q3,"Composition with Red, Yellow, Black, Blue, and Gray",2026-08-18,AA Email Man,true,33,0,33,13.0
Piet Mondrian Estate · Multiple · 2026 Q3,"Composition with Red, Yellow, Black, Blue, and Gray",2026-08-18,AA Meta,true,5,0,5,2.0
Piet Mondrian Estate · Multiple · 2026 Q3,"Composition with Red, Yellow, Black, Blue, and Gray",2026-08-18,Direct,true,14,0,14,4.0
Piet Mondrian Estate · Multiple · 2026 Q3,"Composition with Red, Yellow, Black, Blue, and Gray",2026-08-18,Organic Search,true,5,0,5,3.0
Piet Mondrian Estate · Multiple · 2026 Q3,"Composition with Red, Yellow, Black, Blue, and Gray",2026-08-18,Paid Social,true,28,0,28,11.0
Piet Mondrian Estate · Multiple · 2026 Q3,"Composition with Red, Yellow, Black, Blue, and Gray",2026-08-18,Referral Meta,true,1,0,1,1.0
Piet Mondrian Estate · Multiple · 2026 Q3,"Composition with Red, Yellow, Black, Blue, and Gray",2026-08-18,Referral Other,true,2,0,2,2.0
Piet Mondrian Estate · Multiple · 2026 Q3,"Composition with Red, Yellow, Black, Blue, and Gray",2026-08-18,untracked,true,4,0,4,1.0
Piet Mondrian Estate · Multiple · 2026 Q3,"Composition with Red, Yellow, Black, Blue, and Gray",2026-08-19,Paid Social,true,1,0,1,0.0
Piet Mondrian Estate · Multiple · 2026 Q3,"Composition with Red, Yellow, Black, Blue, and Gray",2026-08-20,untracked,true,1,0,1,1.0
Piet Mondrian Estate · Multiple · 2026 Q3,"Composition with Red, Yellow, Black, Blue, and Gray",2026-08-28,AA Meta,true,1,0,1,0.0
Piet Mondrian Estate · Multiple · 2026 Q3,"Composition with Red, Yellow, Black, Blue, and Gray",2026-09-12,Referral Other,true,1,0,1,1.0
Piet Mondrian Estate · Multiple · 2026 Q3,"Composition with Red, Yellow, Black, Blue, and Gray",2026-09-16,Organic Search,true,1,0,1,1.0
Piet Mondrian Estate · Multiple · 2026 Q3,"Composition with Red, Yellow, Black, Blue, and Gray",2026-09-23,AA Meta,true,1,0,1,1.0
Piet Mondrian Estate · Multiple · 2026 Q3,"Tableau No.1 with Red, Blue, Yellow, Black, and Gray",2026-07-22,AA Email Auto,true,5,5,5,2.0
Piet Mondrian Estate · Multiple · 2026 Q3,"Tableau No.1 with Red, Blue, Yellow, Black, and Gray",2026-07-22,AA Email Man,true,1,1,1,1.0
Piet Mondrian Estate · Multiple · 2026 Q3,"Tableau No.1 with Red, Blue, Yellow, Black, and Gray",2026-07-22,AA Meta,true,1,1,1,0.0
Piet Mondrian Estate · Multiple · 2026 Q3,"Tableau No.1 with Red, Blue, Yellow, Black, and Gray",2026-07-22,Direct,true,3,3,3,1.0
Piet Mondrian Estate · Multiple · 2026 Q3,"Tableau No.1 with Red, Blue, Yellow, Black, and Gray",2026-07-22,Referral Artist,true,1,1,1,0.0
Piet Mondrian Estate · Multiple · 2026 Q3,"Tableau No.1 with Red, Blue, Yellow, Black, and Gray",2026-07-22,Referral Other,true,33,33,33,21.0
Piet Mondrian Estate · Multiple · 2026 Q3,"Tableau No.1 with Red, Blue, Yellow, Black, and Gray",2026-07-22,untracked,true,1,1,1,1.0
Piet Mondrian Estate · Multiple · 2026 Q3,"Tableau No.1 with Red, Blue, Yellow, Black, and Gray",2026-07-23,AA Email Auto,true,4,4,4,2.0
Piet Mondrian Estate · Multiple · 2026 Q3,"Tableau No.1 with Red, Blue, Yellow, Black, and Gray",2026-07-23,Referral Other,true,15,15,15,9.0
Piet Mondrian Estate · Multiple · 2026 Q3,"Tableau No.1 with Red, Blue, Yellow, Black, and Gray",2026-07-24,Organic Search,true,1,1,1,0.0
Piet Mondrian Estate · Multiple · 2026 Q3,"Tableau No.1 with Red, Blue, Yellow, Black, and Gray",2026-07-24,Referral Other,true,5,5,5,0.0
Piet Mondrian Estate · Multiple · 2026 Q3,"Tableau No.1 with Red, Blue, Yellow, Black, and Gray",2026-07-27,AA Email Man,true,20,0,20,20.0
Piet Mondrian Estate · Multiple · 2026 Q3,"Tableau No.1 with Red, Blue, Yellow, Black, and Gray",2026-07-27,Direct,true,2,0,2,1.0
Piet Mondrian Estate · Multiple · 2026 Q3,"Tableau No.1 with Red, Blue, Yellow, Black, and Gray",2026-07-27,Organic Search,true,1,0,1,1.0
Piet Mondrian Estate · Multiple · 2026 Q3,"Tableau No.1 with Red, Blue, Yellow, Black, and Gray",2026-07-27,Paid Social,true,1,0,1,1.0
Piet Mondrian Estate · Multiple · 2026 Q3,"Tableau No.1 with Red, Blue, Yellow, Black, and Gray",2026-07-27,untracked,true,1,0,1,1.0
Piet Mondrian Estate · Multiple · 2026 Q3,"Tableau No.1 with Red, Blue, Yellow, Black, and Gray",2026-07-28,Direct,true,1,0,1,1.0
Piet Mondrian Estate · Multiple · 2026 Q3,"Tableau No.1 with Red, Blue, Yellow, Black, and Gray",2026-07-28,Referral Other,true,1,0,1,0.0
Piet Mondrian Estate · Multiple · 2026 Q3,"Tableau No.1 with Red, Blue, Yellow, Black, and Gray",2026-07-29,AA Email Man,true,2,0,2,2.0
Piet Mondrian Estate · Multiple · 2026 Q3,"Tableau No.1 with Red, Blue, Yellow, Black, and Gray",2026-07-29,Direct,true,5,0,5,5.0
Piet Mondrian Estate · Multiple · 2026 Q3,"Tableau No.1 with Red, Blue, Yellow, Black, and Gray",2026-07-29,Organic Search,true,3,0,3,3.0
Piet Mondrian Estate · Multiple · 2026 Q3,"Tableau No.1 with Red, Blue, Yellow, Black, and Gray",2026-07-29,Paid Social,true,12,0,12,12.0
Piet Mondrian Estate · Multiple · 2026 Q3,"Tableau No.1 with Red, Blue, Yellow, Black, and Gray",2026-07-29,untracked,true,1,0,1,1.0
Piet Mondrian Estate · Multiple · 2026 Q3,"Tableau No.1 with Red, Blue, Yellow, Black, and Gray",2026-07-31,AA Email Man,true,3,0,3,3.0
Piet Mondrian Estate · Multiple · 2026 Q3,"Tableau No.1 with Red, Blue, Yellow, Black, and Gray",2026-07-31,Direct,true,1,0,1,1.0
Piet Mondrian Estate · Multiple · 2026 Q3,"Tableau No.1 with Red, Blue, Yellow, Black, and Gray",2026-07-31,Organic Search,true,2,0,2,2.0
Piet Mondrian Estate · Multiple · 2026 Q3,"Tableau No.1 with Red, Blue, Yellow, Black, and Gray",2026-07-31,Paid Social,true,10,0,10,10.0
Piet Mondrian Estate · Multiple · 2026 Q3,"Tableau No.1 with Red, Blue, Yellow, Black, and Gray",2026-08-03,AA Email Man,true,1,0,1,1.0
Piet Mondrian Estate · Multiple · 2026 Q3,"Tableau No.1 with Red, Blue, Yellow, Black, and Gray",2026-08-03,AA Meta,true,1,0,1,1.0
Piet Mondrian Estate · Multiple · 2026 Q3,"Tableau No.1 with Red, Blue, Yellow, Black, and Gray",2026-08-03,Direct,true,3,0,3,3.0
Piet Mondrian Estate · Multiple · 2026 Q3,"Tableau No.1 with Red, Blue, Yellow, Black, and Gray",2026-08-03,Paid Social,true,17,0,17,17.0
Piet Mondrian Estate · Multiple · 2026 Q3,"Tableau No.1 with Red, Blue, Yellow, Black, and Gray",2026-08-03,Referral Other,true,1,0,1,1.0
Piet Mondrian Estate · Multiple · 2026 Q3,"Tableau No.1 with Red, Blue, Yellow, Black, and Gray",2026-08-03,untracked,true,1,0,1,1.0
Piet Mondrian Estate · Multiple · 2026 Q3,"Tableau No.1 with Red, Blue, Yellow, Black, and Gray",2026-08-04,AA Email Man,true,1,0,1,0.0
Piet Mondrian Estate · Multiple · 2026 Q3,"Tableau No.1 with Red, Blue, Yellow, Black, and Gray",2026-08-04,Paid Social,true,1,0,1,1.0
Piet Mondrian Estate · Multiple · 2026 Q3,"Tableau No.1 with Red, Blue, Yellow, Black, and Gray",2026-08-05,AA Email Man,true,1,0,1,1.0
Piet Mondrian Estate · Multiple · 2026 Q3,"Tableau No.1 with Red, Blue, Yellow, Black, and Gray",2026-08-05,AA Meta,true,2,0,2,2.0
Piet Mondrian Estate · Multiple · 2026 Q3,"Tableau No.1 with Red, Blue, Yellow, Black, and Gray",2026-08-05,Direct,true,1,0,1,1.0
Piet Mondrian Estate · Multiple · 2026 Q3,"Tableau No.1 with Red, Blue, Yellow, Black, and Gray",2026-08-05,Organic Search,true,3,0,3,2.0
Piet Mondrian Estate · Multiple · 2026 Q3,"Tableau No.1 with Red, Blue, Yellow, Black, and Gray",2026-08-05,Paid Social,true,6,0,6,6.0
Piet Mondrian Estate · Multiple · 2026 Q3,"Tableau No.1 with Red, Blue, Yellow, Black, and Gray",2026-08-05,Referral Other,true,1,0,1,1.0
Piet Mondrian Estate · Multiple · 2026 Q3,"Tableau No.1 with Red, Blue, Yellow, Black, and Gray",2026-08-06,AA Email Man,true,2,0,2,1.0
Piet Mondrian Estate · Multiple · 2026 Q3,"Tableau No.1 with Red, Blue, Yellow, Black, and Gray",2026-08-07,AA Email Man,true,6,0,6,6.0
Piet Mondrian Estate · Multiple · 2026 Q3,"Tableau No.1 with Red, Blue, Yellow, Black, and Gray",2026-08-07,Organic Search,true,1,0,1,1.0
Piet Mondrian Estate · Multiple · 2026 Q3,"Tableau No.1 with Red, Blue, Yellow, Black, and Gray",2026-08-07,Paid Social,true,3,0,3,3.0
Piet Mondrian Estate · Multiple · 2026 Q3,"Tableau No.1 with Red, Blue, Yellow, Black, and Gray",2026-08-10,Paid Social,true,2,0,2,2.0
Piet Mondrian Estate · Multiple · 2026 Q3,"Tableau No.1 with Red, Blue, Yellow, Black, and Gray",2026-08-11,AA Email Man,true,1,0,1,0.0
Piet Mondrian Estate · Multiple · 2026 Q3,"Tableau No.1 with Red, Blue, Yellow, Black, and Gray",2026-08-11,Paid Social,true,1,0,1,1.0
Piet Mondrian Estate · Multiple · 2026 Q3,"Tableau No.1 with Red, Blue, Yellow, Black, and Gray",2026-08-12,AA Email Man,true,1,0,1,1.0
Piet Mondrian Estate · Multiple · 2026 Q3,"Tableau No.1 with Red, Blue, Yellow, Black, and Gray",2026-08-12,Paid Social,true,1,0,1,1.0
Piet Mondrian Estate · Multiple · 2026 Q3,"Tableau No.1 with Red, Blue, Yellow, Black, and Gray",2026-08-14,AA Email Man,true,2,0,2,2.0
Piet Mondrian Estate · Multiple · 2026 Q3,"Tableau No.1 with Red, Blue, Yellow, Black, and Gray",2026-08-14,Organic Search,true,3,0,3,3.0
Piet Mondrian Estate · Multiple · 2026 Q3,"Tableau No.1 with Red, Blue, Yellow, Black, and Gray",2026-08-18,AA Email Auto,true,2,0,2,1.0
Piet Mondrian Estate · Multiple · 2026 Q3,"Tableau No.1 with Red, Blue, Yellow, Black, and Gray",2026-08-18,AA Email Man,true,35,0,35,16.0
Piet Mondrian Estate · Multiple · 2026 Q3,"Tableau No.1 with Red, Blue, Yellow, Black, and Gray",2026-08-18,AA Meta,true,7,0,7,3.0
Piet Mondrian Estate · Multiple · 2026 Q3,"Tableau No.1 with Red, Blue, Yellow, Black, and Gray",2026-08-18,Direct,true,15,0,15,6.0
Piet Mondrian Estate · Multiple · 2026 Q3,"Tableau No.1 with Red, Blue, Yellow, Black, and Gray",2026-08-18,Organic Search,true,9,0,9,3.0
Piet Mondrian Estate · Multiple · 2026 Q3,"Tableau No.1 with Red, Blue, Yellow, Black, and Gray",2026-08-18,Paid Social,true,14,0,14,5.0
Piet Mondrian Estate · Multiple · 2026 Q3,"Tableau No.1 with Red, Blue, Yellow, Black, and Gray",2026-08-18,Referral Other,true,1,0,1,1.0
Piet Mondrian Estate · Multiple · 2026 Q3,"Tableau No.1 with Red, Blue, Yellow, Black, and Gray",2026-08-18,untracked,true,5,0,5,2.0
Piet Mondrian Estate · Multiple · 2026 Q3,"Tableau No.1 with Red, Blue, Yellow, Black, and Gray",2026-08-19,AA Email Auto,true,1,0,1,0.0
Piet Mondrian Estate · Multiple · 2026 Q3,"Tableau No.1 with Red, Blue, Yellow, Black, and Gray",2026-08-19,AA Email Man,true,2,0,2,1.0
Piet Mondrian Estate · Multiple · 2026 Q3,"Tableau No.1 with Red, Blue, Yellow, Black, and Gray",2026-08-20,AA Email Man,true,1,0,1,1.0
Piet Mondrian Estate · Multiple · 2026 Q3,"Tableau No.1 with Red, Blue, Yellow, Black, and Gray",2026-08-20,untracked,true,1,0,1,1.0
Piet Mondrian Estate · Multiple · 2026 Q3,"Tableau No.1 with Red, Blue, Yellow, Black, and Gray",2026-08-22,AA Email Man,true,1,0,1,0.0
Piet Mondrian Estate · Multiple · 2026 Q3,"Tableau No.1 with Red, Blue, Yellow, Black, and Gray",2026-08-22,Direct,true,1,0,1,0.0
Piet Mondrian Estate · Multiple · 2026 Q3,"Tableau No.1 with Red, Blue, Yellow, Black, and Gray",2026-08-24,Direct,true,1,0,1,0.0
Piet Mondrian Estate · Multiple · 2026 Q3,"Tableau No.1 with Red, Blue, Yellow, Black, and Gray",2026-08-28,Paid Social,true,1,0,1,1.0
Piet Mondrian Estate · Multiple · 2026 Q3,"Tableau No.1 with Red, Blue, Yellow, Black, and Gray",2026-09-12,Referral Other,true,1,0,1,1.0
Piet Mondrian Estate · Multiple · 2026 Q3,"Tableau No.1 with Red, Blue, Yellow, Black, and Gray",2026-09-23,AA Meta,true,1,0,1,1.0
Prune Nourry · Mater Earth · 2023 Q1,Mater Earth,2023-01-31,Direct,true,1,0,0,0.0
Prune Nourry · Mater Earth · 2023 Q1,Mater Earth,2023-03-06,untracked,true,1,0,0,0.0
Prune Nourry · Mater Earth · 2023 Q1,Mater Earth,2023-03-09,Direct,true,1,0,0,0.0
Prune Nourry · Mater Earth · 2023 Q1,Mater Earth,2023-03-23,Referral Artist,true,1,0,0,0.0
Prune Nourry · Mater Earth · 2023 Q1,Mater Earth,2023-03-23,untracked,true,1,0,0,0.0
Prune Nourry · Mater Earth · 2023 Q1,Mater Earth,2023-03-28,AA Email Auto,true,2,0,0,0.0
Prune Nourry · Mater Earth · 2023 Q1,Mater Earth,2023-03-28,AA Meta,true,1,0,0,0.0
Prune Nourry · Mater Earth · 2023 Q1,Mater Earth,2023-03-28,Direct,true,1,0,0,0.0
Prune Nourry · Mater Earth · 2023 Q1,Mater Earth,2023-03-28,Organic Search,true,2,0,0,0.0
Prune Nourry · Mater Earth · 2023 Q1,Mater Earth,2023-03-28,Referral Artist,true,1,0,0,0.0
Prune Nourry · Mater Earth · 2023 Q1,Mater Earth,2023-03-28,untracked,true,1,0,0,0.0
Prune Nourry · Mater Earth · 2023 Q1,Mater Earth,2023-03-29,Referral Artist,true,1,0,0,0.0
Robert Longo · Multiple · 2025 Q2,"Untitled (Eric, from the series “Men in the Cities”)",2025-04-01,Untracked,false,2,0,2,1.0
Robert Longo · Multiple · 2025 Q2,"Untitled (Eric, from the series “Men in the Cities”)",2025-04-03,Untracked,false,1,0,1,1.0
Robert Longo · Multiple · 2025 Q2,"Untitled (Eric, from the series “Men in the Cities”)",2025-04-05,Untracked,false,1,0,1,0.0
Robert Longo · Multiple · 2025 Q2,"Untitled (Eric, from the series “Men in the Cities”)",2025-04-08,Untracked,false,2,0,2,1.0
Robert Longo · Multiple · 2025 Q2,"Untitled (Eric, from the series “Men in the Cities”)",2025-04-10,Untracked,false,1,0,1,1.0
Robert Longo · Multiple · 2025 Q2,"Untitled (Eric, from the series “Men in the Cities”)",2025-04-11,Untracked,false,1,0,1,0.0
Robert Longo · Multiple · 2025 Q2,"Untitled (Eric, from the series “Men in the Cities”)",2025-04-12,Untracked,false,6,0,6,2.0
Robert Longo · Multiple · 2025 Q2,"Untitled (Eric, from the series “Men in the Cities”)",2025-04-14,Untracked,false,1,0,1,1.0
Robert Longo · Multiple · 2025 Q2,"Untitled (Eric, from the series “Men in the Cities”)",2025-04-15,Untracked,false,1,0,1,0.0
Robert Longo · Multiple · 2025 Q2,"Untitled (Eric, from the series “Men in the Cities”)",2025-04-16,Untracked,false,1,0,1,0.0
Robert Longo · Multiple · 2025 Q2,"Untitled (Eric, from the series “Men in the Cities”)",2025-04-17,Untracked,false,1,0,1,0.0
Robert Longo · Multiple · 2025 Q2,"Untitled (Eric, from the series “Men in the Cities”)",2025-04-22,Untracked,false,1,0,1,0.0
Robert Longo · Multiple · 2025 Q2,"Untitled (Eric, from the series “Men in the Cities”)",2025-04-25,Untracked,false,1,0,1,0.0
Robert Longo · Multiple · 2025 Q2,"Untitled (Eric, from the series “Men in the Cities”)",2025-04-28,Untracked,false,4,0,4,4.0
Robert Longo · Multiple · 2025 Q2,"Untitled (Eric, from the series “Men in the Cities”)",2025-04-29,Untracked,false,253,251,253,99.0
Robert Longo · Multiple · 2025 Q2,"Untitled (Eric, from the series “Men in the Cities”)",2025-04-30,Untracked,false,307,99,307,92.0
Robert Longo · Multiple · 2025 Q2,"Untitled (Eric, from the series “Men in the Cities”)",2025-05-01,Untracked,false,211,4,211,72.0
Robert Longo · Multiple · 2025 Q2,"Untitled (Eric, from the series “Men in the Cities”)",2025-05-02,Untracked,false,191,5,191,51.0
Robert Longo · Multiple · 2025 Q2,"Untitled (Eric, from the series “Men in the Cities”)",2025-05-03,Untracked,false,3,0,3,0.0
Robert Longo · Multiple · 2025 Q2,"Untitled (Eric, from the series “Men in the Cities”)",2025-05-04,Untracked,false,41,0,41,1.0
Robert Longo · Multiple · 2025 Q2,"Untitled (Eric, from the series “Men in the Cities”)",2025-05-05,Untracked,false,1,1,1,1.0
Robert Longo · Multiple · 2025 Q2,"Untitled (Eric, from the series “Men in the Cities”)",2025-05-06,Untracked,false,7,0,7,2.0
Robert Longo · Multiple · 2025 Q2,"Untitled (Eric, from the series “Men in the Cities”)",2025-05-08,Untracked,false,8,0,8,2.0
Robert Longo · Multiple · 2025 Q2,"Untitled (Eric, from the series “Men in the Cities”)",2025-05-09,Untracked,false,1,0,1,1.0
Robert Longo · Multiple · 2025 Q2,"Untitled (Eric, from the series “Men in the Cities”)",2025-05-12,Untracked,false,2,0,2,0.0
Robert Longo · Multiple · 2025 Q2,"Untitled (Eric, from the series “Men in the Cities”)",2025-05-13,Untracked,false,2,0,2,1.0
Robert Longo · Multiple · 2025 Q2,"Untitled (Eric, from the series “Men in the Cities”)",2025-05-15,Untracked,false,1,0,1,1.0
Robert Longo · Multiple · 2025 Q2,"Untitled (Eric, from the series “Men in the Cities”)",2025-05-16,Untracked,false,1,0,1,0.0
Robert Longo · Multiple · 2025 Q2,"Untitled (Eric, from the series “Men in the Cities”)",2025-05-17,Untracked,false,1,0,1,0.0
Robert Longo · Multiple · 2025 Q2,"Untitled (Eric, from the series “Men in the Cities”)",2025-05-19,Untracked,false,1,0,1,0.0
Robert Longo · Multiple · 2025 Q2,"Untitled (Eric, from the series “Men in the Cities”)",2025-05-20,Untracked,false,1,0,1,0.0
Robert Longo · Multiple · 2025 Q2,"Untitled (Eric, from the series “Men in the Cities”)",2025-05-29,Untracked,false,4,0,4,0.0
Robert Longo · Multiple · 2025 Q2,"Untitled (Eric, from the series “Men in the Cities”)",2025-06-05,Untracked,false,1,0,1,0.0
Robert Longo · Multiple · 2025 Q2,"Untitled (Eric, from the series “Men in the Cities”)",2025-06-09,Untracked,false,1,0,1,0.0
Robert Longo · Multiple · 2025 Q2,"Untitled (Eric, from the series “Men in the Cities”)",2025-06-16,Untracked,false,1,0,1,0.0
Robert Longo · Multiple · 2025 Q2,"Untitled (Eric, from the series “Men in the Cities”)",2025-09-11,Untracked,false,1,0,1,1.0
Robert Longo · Multiple · 2025 Q2,"Untitled (Eric, from the series “Men in the Cities”)",2025-09-15,Untracked,false,1,0,1,0.0
Robert Longo · Multiple · 2025 Q2,"Untitled (Eric, from the series “Men in the Cities”)",2025-09-18,Untracked,false,1,0,1,0.0
Robert Longo · Multiple · 2025 Q2,"Untitled (Eric, from the series “Men in the Cities”)",2025-11-03,Untracked,false,1,0,1,0.0
Robert Longo · Multiple · 2025 Q2,"Untitled (Eric, from the series “Men in the Cities”)",2026-01-17,Untracked,false,14,0,14,0.0
Robert Longo · Multiple · 2025 Q2,"Untitled (Eric, from the series “Men in the Cities”)",2026-09-08,Untracked,false,1,0,1,1.0
Robert Longo · Multiple · 2025 Q2,"Untitled (Eric, from the series “Men in the Cities”) & Untitled (Falling Flag)",2025-04-01,Untracked,false,2,0,2,1.0
Robert Longo · Multiple · 2025 Q2,"Untitled (Eric, from the series “Men in the Cities”) & Untitled (Falling Flag)",2025-04-02,Untracked,false,1,0,1,0.0
Robert Longo · Multiple · 2025 Q2,"Untitled (Eric, from the series “Men in the Cities”) & Untitled (Falling Flag)",2025-04-03,Untracked,false,1,0,1,0.0
Robert Longo · Multiple · 2025 Q2,"Untitled (Eric, from the series “Men in the Cities”) & Untitled (Falling Flag)",2025-04-07,Untracked,false,2,0,2,0.0
Robert Longo · Multiple · 2025 Q2,"Untitled (Eric, from the series “Men in the Cities”) & Untitled (Falling Flag)",2025-04-09,Untracked,false,1,0,1,1.0
Robert Longo · Multiple · 2025 Q2,"Untitled (Eric, from the series “Men in the Cities”) & Untitled (Falling Flag)",2025-04-22,Untracked,false,1,0,1,0.0
Robert Longo · Multiple · 2025 Q2,"Untitled (Eric, from the series “Men in the Cities”) & Untitled (Falling Flag)",2025-04-29,Untracked,false,81,64,81,25.0
Robert Longo · Multiple · 2025 Q2,"Untitled (Eric, from the series “Men in the Cities”) & Untitled (Falling Flag)",2025-04-30,Untracked,false,52,24,52,14.0
Robert Longo · Multiple · 2025 Q2,"Untitled (Eric, from the series “Men in the Cities”) & Untitled (Falling Flag)",2025-05-01,Untracked,false,25,0,25,7.0
Robert Longo · Multiple · 2025 Q2,"Untitled (Eric, from the series “Men in the Cities”) & Untitled (Falling Flag)",2025-05-02,Untracked,false,24,0,24,4.0
Robert Longo · Multiple · 2025 Q2,"Untitled (Eric, from the series “Men in the Cities”) & Untitled (Falling Flag)",2025-08-28,Untracked,false,1,0,1,0.0
Robert Longo · Multiple · 2025 Q2,Untitled (Falling Flag),2025-04-03,Untracked,false,1,0,1,1.0
Robert Longo · Multiple · 2025 Q2,Untitled (Falling Flag),2025-04-22,Untracked,false,1,1,1,0.0
Robert Longo · Multiple · 2025 Q2,Untitled (Falling Flag),2025-04-24,Untracked,false,1,0,1,1.0
Robert Longo · Multiple · 2025 Q2,Untitled (Falling Flag),2025-04-29,Untracked,false,29,29,29,10.0
Robert Longo · Multiple · 2025 Q2,Untitled (Falling Flag),2025-04-30,Untracked,false,50,9,50,14.0
Robert Longo · Multiple · 2025 Q2,Untitled (Falling Flag),2025-05-01,Untracked,false,73,0,73,22.0
Robert Longo · Multiple · 2025 Q2,Untitled (Falling Flag),2025-05-02,Untracked,false,42,0,42,11.0
Robert Longo · Multiple · 2025 Q2,Untitled (Falling Flag),2025-05-04,Untracked,false,10,0,10,0.0
Robert Longo · Multiple · 2025 Q2,Untitled (Falling Flag),2025-05-05,Untracked,false,1,1,1,1.0
Robert Longo · Multiple · 2025 Q2,Untitled (Falling Flag),2025-05-06,Untracked,false,1,1,1,0.0
Robert Longo · Multiple · 2025 Q2,Untitled (Falling Flag),2025-05-07,Untracked,false,2,0,2,1.0
Robert Longo · Multiple · 2025 Q2,Untitled (Falling Flag),2025-05-08,Untracked,false,3,0,3,1.0
Robert Longo · Multiple · 2025 Q2,Untitled (Falling Flag),2025-05-09,Untracked,false,2,0,2,0.0
Robert Longo · Multiple · 2025 Q2,Untitled (Falling Flag),2025-05-13,Untracked,false,1,0,1,0.0
Robert Longo · Multiple · 2025 Q2,Untitled (Falling Flag),2025-05-23,Untracked,false,1,0,1,0.0
Robert Longo · Multiple · 2025 Q2,Untitled (Falling Flag),2025-06-05,Untracked,false,1,0,1,0.0
Robert Longo · Multiple · 2025 Q2,Untitled (Falling Flag),2025-06-10,Untracked,false,1,0,1,0.0
Robert Longo · Multiple · 2025 Q2,Untitled (Falling Flag),2026-05-05,Untracked,false,1,0,1,0.0
Robert Longo · Multiple · 2025 Q2,Untitled (Falling Flag),2026-06-18,Untracked,false,1,0,1,0.0
Robert Longo · Multiple · 2025 Q2,Untitled (Falling Flag),2026-07-02,Untracked,false,1,0,1,0.0
Robert Longo · Multiple · 2025 Q2,Untitled (Falling Flag),2026-07-10,Untracked,false,9,0,9,0.0
Robert Longo · Multiple · 2025 Q2,Untitled (Falling Flag),2026-08-13,Untracked,false,2,0,2,0.0
"Robert Longo · Untitled (Sandy, from the series “Men in the Cities”) · 2026 Q3","Untitled (Sandy, from the series “Men in the Cities”)",2026-09-03,AA Email Man,true,2,2,2,1.0
"Robert Longo · Untitled (Sandy, from the series “Men in the Cities”) · 2026 Q3","Untitled (Sandy, from the series “Men in the Cities”)",2026-09-03,Referral Other,true,14,14,14,11.0
"Robert Longo · Untitled (Sandy, from the series “Men in the Cities”) · 2026 Q3","Untitled (Sandy, from the series “Men in the Cities”)",2026-09-04,Direct,true,1,0,1,0.0
"Robert Longo · Untitled (Sandy, from the series “Men in the Cities”) · 2026 Q3","Untitled (Sandy, from the series “Men in the Cities”)",2026-09-04,Referral Other,true,5,5,5,3.0
"Robert Longo · Untitled (Sandy, from the series “Men in the Cities”) · 2026 Q3","Untitled (Sandy, from the series “Men in the Cities”)",2026-09-05,Referral Other,true,6,5,6,2.0
"Robert Longo · Untitled (Sandy, from the series “Men in the Cities”) · 2026 Q3","Untitled (Sandy, from the series “Men in the Cities”)",2026-09-07,Referral Other,true,1,1,1,1.0
"Robert Longo · Untitled (Sandy, from the series “Men in the Cities”) · 2026 Q3","Untitled (Sandy, from the series “Men in the Cities”)",2026-09-09,AA Email Man,true,4,0,4,3.0
"Robert Longo · Untitled (Sandy, from the series “Men in the Cities”) · 2026 Q3","Untitled (Sandy, from the series “Men in the Cities”)",2026-09-09,Referral Meta,true,1,0,1,1.0
"Robert Longo · Untitled (Sandy, from the series “Men in the Cities”) · 2026 Q3","Untitled (Sandy, from the series “Men in the Cities”)",2026-09-09,Referral Other,true,1,0,1,1.0
"Robert Longo · Untitled (Sandy, from the series “Men in the Cities”) · 2026 Q3","Untitled (Sandy, from the series “Men in the Cities”)",2026-09-10,AA Email Man,true,1,0,1,1.0
"Robert Longo · Untitled (Sandy, from the series “Men in the Cities”) · 2026 Q3","Untitled (Sandy, from the series “Men in the Cities”)",2026-09-10,Referral Other,true,1,0,1,1.0
"Robert Longo · Untitled (Sandy, from the series “Men in the Cities”) · 2026 Q3","Untitled (Sandy, from the series “Men in the Cities”)",2026-09-10,untracked,true,1,0,1,0.0
"Robert Longo · Untitled (Sandy, from the series “Men in the Cities”) · 2026 Q3","Untitled (Sandy, from the series “Men in the Cities”)",2026-09-11,AA Email Man,true,2,0,2,2.0
"Robert Longo · Untitled (Sandy, from the series “Men in the Cities”) · 2026 Q3","Untitled (Sandy, from the series “Men in the Cities”)",2026-09-11,AA Meta,true,1,0,1,0.0
"Robert Longo · Untitled (Sandy, from the series “Men in the Cities”) · 2026 Q3","Untitled (Sandy, from the series “Men in the Cities”)",2026-09-12,AA Email Man,true,1,0,1,0.0
"Robert Longo · Untitled (Sandy, from the series “Men in the Cities”) · 2026 Q3","Untitled (Sandy, from the series “Men in the Cities”)",2026-09-14,AA Email Man,true,1,0,1,1.0
"Robert Longo · Untitled (Sandy, from the series “Men in the Cities”) · 2026 Q3","Untitled (Sandy, from the series “Men in the Cities”)",2026-09-14,Direct,true,2,0,2,1.0
"Robert Longo · Untitled (Sandy, from the series “Men in the Cities”) · 2026 Q3","Untitled (Sandy, from the series “Men in the Cities”)",2026-09-14,Paid Social,true,2,0,2,2.0
"Robert Longo · Untitled (Sandy, from the series “Men in the Cities”) · 2026 Q3","Untitled (Sandy, from the series “Men in the Cities”)",2026-09-16,AA Email Man,true,1,0,1,1.0
"Robert Longo · Untitled (Sandy, from the series “Men in the Cities”) · 2026 Q3","Untitled (Sandy, from the series “Men in the Cities”)",2026-09-16,Paid Social,true,1,0,1,1.0
"Robert Longo · Untitled (Sandy, from the series “Men in the Cities”) · 2026 Q3","Untitled (Sandy, from the series “Men in the Cities”)",2026-09-18,AA Email Man,true,3,0,3,3.0
"Robert Longo · Untitled (Sandy, from the series “Men in the Cities”) · 2026 Q3","Untitled (Sandy, from the series “Men in the Cities”)",2026-09-18,Paid Social,true,2,0,2,2.0
"Robert Longo · Untitled (Sandy, from the series “Men in the Cities”) · 2026 Q3","Untitled (Sandy, from the series “Men in the Cities”)",2026-09-21,AA Email Man,true,2,0,2,0.0
"Robert Longo · Untitled (Sandy, from the series “Men in the Cities”) · 2026 Q3","Untitled (Sandy, from the series “Men in the Cities”)",2026-09-21,Paid Social,true,1,0,1,0.0
"Robert Longo · Untitled (Sandy, from the series “Men in the Cities”) · 2026 Q3","Untitled (Sandy, from the series “Men in the Cities”)",2026-09-22,Direct,true,1,0,1,1.0
"Robert Longo · Untitled (Sandy, from the series “Men in the Cities”) · 2026 Q3","Untitled (Sandy, from the series “Men in the Cities”)",2026-09-22,Referral Other,true,1,1,1,1.0
"Robert Longo · Untitled (Sandy, from the series “Men in the Cities”) · 2026 Q3","Untitled (Sandy, from the series “Men in the Cities”)",2026-09-23,AA Meta,true,1,0,1,1.0
"Robert Longo · Untitled (Sandy, from the series “Men in the Cities”) · 2026 Q3","Untitled (Sandy, from the series “Men in the Cities”)",2026-09-23,Organic Search,true,1,0,1,1.0
"Robert Longo · Untitled (Sandy, from the series “Men in the Cities”) · 2026 Q3","Untitled (Sandy, from the series “Men in the Cities”)",2026-09-23,Paid Social,true,1,0,1,0.0
Roby Dwi Antono · CLEMENTINE · 2023 Q4,CLEMENTINE,2023-10-09,Direct,true,2,0,0,0.0
Roby Dwi Antono · CLEMENTINE · 2023 Q4,CLEMENTINE,2023-10-09,Referral Other,true,1,0,0,0.0
Roby Dwi Antono · CLEMENTINE · 2023 Q4,CLEMENTINE,2023-10-10,Direct,true,1,0,0,0.0
Roby Dwi Antono · CLEMENTINE · 2023 Q4,CLEMENTINE,2023-10-13,AA Email Man,true,1,1,0,0.0
Roby Dwi Antono · CLEMENTINE · 2023 Q4,CLEMENTINE,2023-10-16,Referral Other,true,1,0,0,0.0
Roby Dwi Antono · CLEMENTINE · 2023 Q4,CLEMENTINE,2023-10-17,untracked,true,1,0,0,0.0
Roby Dwi Antono · CLEMENTINE · 2023 Q4,CLEMENTINE,2023-10-18,AA Email Man,true,1,0,0,0.0
Roby Dwi Antono · CLEMENTINE · 2023 Q4,CLEMENTINE,2023-10-20,Direct,true,1,0,0,0.0
Roby Dwi Antono · CLEMENTINE · 2023 Q4,CLEMENTINE,2023-10-25,Direct,true,1,0,0,0.0
Roby Dwi Antono · CLEMENTINE · 2023 Q4,CLEMENTINE,2023-10-26,AA Email Man,true,1,0,0,0.0
Roby Dwi Antono · CLEMENTINE · 2023 Q4,CLEMENTINE,2023-10-28,Direct,true,1,0,0,0.0
Roby Dwi Antono · CLEMENTINE · 2023 Q4,CLEMENTINE,2023-10-28,Referral Artist,true,1,0,0,0.0
Roby Dwi Antono · CLEMENTINE · 2023 Q4,CLEMENTINE,2023-10-29,Direct,true,1,0,0,0.0
Roby Dwi Antono · CLEMENTINE · 2023 Q4,CLEMENTINE,2023-10-31,AA Email Man,true,6,0,0,0.0
Roby Dwi Antono · CLEMENTINE · 2023 Q4,CLEMENTINE,2023-10-31,AA Meta,true,1,0,0,0.0
Roby Dwi Antono · CLEMENTINE · 2023 Q4,CLEMENTINE,2023-10-31,Direct,true,5,0,0,0.0
Roby Dwi Antono · CLEMENTINE · 2023 Q4,CLEMENTINE,2023-10-31,Organic Search,true,4,0,0,0.0
Roby Dwi Antono · CLEMENTINE · 2023 Q4,CLEMENTINE,2023-10-31,Referral Artist,true,3,0,0,0.0
Roby Dwi Antono · CLEMENTINE · 2023 Q4,CLEMENTINE,2023-10-31,Referral Other,true,3,0,0,0.0
Roby Dwi Antono · CLEMENTINE · 2023 Q4,CLEMENTINE,2023-10-31,untracked,true,1,0,0,0.0
Roby Dwi Antono · CLEMENTINE · 2023 Q4,CLEMENTINE,2023-11-01,Organic Search,true,1,0,0,0.0
Roby Dwi Antono · CLEMENTINE · 2023 Q4,CLEMENTINE,2023-11-01,Referral Other,true,1,0,0,0.0
Roby Dwi Antono · CLEMENTINE · 2023 Q4,CLEMENTINE,2023-11-05,Direct,true,1,0,0,0.0
Roby Dwi Antono · CLEMENTINE · 2023 Q4,CLEMENTINE,2023-11-08,Organic Search,true,1,0,0,0.0
Roby Dwi Antono · CLEMENTINE · 2023 Q4,CLEMENTINE,2023-11-13,Referral Artist,true,1,0,0,0.0
Roby Dwi Antono · HAYU · 2023 Q1,HAYU,2022-12-16,AA Email Man,true,1,0,0,0.0
Roby Dwi Antono · HAYU · 2023 Q1,HAYU,2022-12-16,Direct,true,1,0,0,0.0
Roby Dwi Antono · HAYU · 2023 Q1,HAYU,2022-12-16,Referral Other,true,3,0,0,0.0
Roby Dwi Antono · HAYU · 2023 Q1,HAYU,2022-12-19,Referral Other,true,1,0,0,0.0
Roby Dwi Antono · HAYU · 2023 Q1,HAYU,2022-12-19,untracked,true,1,0,0,0.0
Roby Dwi Antono · HAYU · 2023 Q1,HAYU,2022-12-20,AA Email Man,true,1,0,0,0.0
Roby Dwi Antono · HAYU · 2023 Q1,HAYU,2022-12-20,Direct,true,1,0,0,0.0
Roby Dwi Antono · HAYU · 2023 Q1,HAYU,2022-12-20,Organic Search,true,1,0,0,0.0
Roby Dwi Antono · HAYU · 2023 Q1,HAYU,2022-12-21,AA Email Man,true,3,3,0,0.0
Roby Dwi Antono · HAYU · 2023 Q1,HAYU,2022-12-21,untracked,true,2,2,0,0.0
Roby Dwi Antono · HAYU · 2023 Q1,HAYU,2022-12-30,Organic Search,true,1,0,0,0.0
Roby Dwi Antono · HAYU · 2023 Q1,HAYU,2023-01-05,AA Email Auto,true,1,0,0,0.0
Roby Dwi Antono · HAYU · 2023 Q1,HAYU,2023-01-05,AA Email Man,true,1,0,0,0.0
Roby Dwi Antono · HAYU · 2023 Q1,HAYU,2023-01-05,Direct,true,3,0,0,0.0
Roby Dwi Antono · HAYU · 2023 Q1,HAYU,2023-01-05,Referral Other,true,1,0,0,0.0
Roby Dwi Antono · HAYU · 2023 Q1,HAYU,2023-01-05,untracked,true,1,0,0,0.0
Roby Dwi Antono · HAYU · 2023 Q1,HAYU,2023-01-06,Direct,true,2,0,0,0.0
Roby Dwi Antono · HAYU · 2023 Q1,HAYU,2023-01-06,Organic Search,true,1,0,0,0.0
Roby Dwi Antono · HAYU · 2023 Q1,HAYU,2023-01-07,AA Email Man,true,1,0,0,0.0
Roby Dwi Antono · HAYU · 2023 Q1,HAYU,2023-01-07,Direct,true,2,0,0,0.0
Roby Dwi Antono · HAYU · 2023 Q1,HAYU,2023-01-09,AA Email Man,true,1,0,0,0.0
Roby Dwi Antono · HAYU · 2023 Q1,HAYU,2023-01-09,Direct,true,1,0,0,0.0
Roby Dwi Antono · HAYU · 2023 Q1,HAYU,2023-01-09,Organic Search,true,2,0,0,0.0
Roby Dwi Antono · HAYU · 2023 Q1,HAYU,2023-01-09,Referral Other,true,1,0,0,0.0
Roby Dwi Antono · HAYU · 2023 Q1,HAYU,2023-01-10,AA Email Man,true,2,0,0,0.0
Roby Dwi Antono · HAYU · 2023 Q1,HAYU,2023-01-10,Direct,true,3,0,0,0.0
Roby Dwi Antono · HAYU · 2023 Q1,HAYU,2023-01-10,Referral Other,true,1,0,0,0.0
Roby Dwi Antono · HAYU · 2023 Q1,HAYU,2023-01-11,AA Email Man,true,1,0,0,0.0
Roby Dwi Antono · HAYU · 2023 Q1,HAYU,2023-01-11,Direct,true,2,0,0,0.0
Roby Dwi Antono · HAYU · 2023 Q1,HAYU,2023-01-11,Referral Other,true,1,0,0,0.0
Roby Dwi Antono · HAYU · 2023 Q1,HAYU,2023-01-11,untracked,true,1,0,0,0.0
Roby Dwi Antono · HAYU · 2023 Q1,HAYU,2023-01-12,Direct,true,2,0,0,0.0
Roby Dwi Antono · HAYU · 2023 Q1,HAYU,2023-01-12,untracked,true,1,0,0,0.0
Roby Dwi Antono · HAYU · 2023 Q1,HAYU,2023-01-17,Direct,true,1,0,0,0.0
Roby Dwi Antono · HAYU · 2023 Q1,HAYU,2023-02-23,untracked,true,1,0,0,0.0
Roby Dwi Antono · KIRA (Black) · 2021 Q4,KIRA (Black),2025-02-13,Untracked,false,1,0,0,0.0
Roby Dwi Antono · KIRA (Burnished Gold) · 2021 Q4,KIRA (Burnished Gold),2025-08-23,Untracked,false,1,0,0,0.0
Roby Dwi Antono · KIRA (Burnished Gold) · 2021 Q4,KIRA (Burnished Gold),2025-11-07,Untracked,false,1,0,0,0.0
Roby Dwi Antono · Multiple · 2022 Q2,BULAN,2023-08-10,untracked,true,1,1,0,0.0
Roby Dwi Antono · Multiple · 2022 Q2,BULAN,2023-08-24,Referral Other,true,1,0,0,0.0
Roby Dwi Antono · Multiple · 2022 Q2,BULAN,2024-05-29,Direct,true,1,0,0,0.0
Roby Dwi Antono · Multiple · 2022 Q2,CLARA,2023-02-27,untracked,true,1,0,0,0.0
Roby Dwi Antono · Multiple · 2022 Q2,CLARA,2023-03-28,untracked,true,1,0,0,0.0
Roby Dwi Antono · Multiple · 2022 Q2,KINASIH,2023-08-10,AA Email Man,true,1,1,0,0.0
Roby Dwi Antono · Multiple · 2022 Q2,OKTA,2023-03-11,Direct,true,1,0,0,0.0
Rooo Lou · Earnest · 2023 Q2,Earnest,2023-03-07,Referral Other,true,1,0,0,0.0
Rooo Lou · Earnest · 2023 Q2,Earnest,2023-03-10,AA Email Man,true,1,1,0,0.0
Rooo Lou · Earnest · 2023 Q2,Earnest,2023-03-10,Referral Other,true,1,0,0,0.0
Rooo Lou · Earnest · 2023 Q2,Earnest,2023-03-14,AA Email Auto,true,1,0,0,0.0
Rooo Lou · Earnest · 2023 Q2,Earnest,2023-03-14,Direct,true,3,0,0,0.0
Rooo Lou · Earnest · 2023 Q2,Earnest,2023-03-15,Direct,true,1,0,0,0.0
Rooo Lou · Earnest · 2023 Q2,Earnest,2023-03-15,untracked,true,1,0,0,0.0
Rooo Lou · Earnest · 2023 Q2,Earnest,2023-03-20,Referral Other,true,1,0,0,0.0
Rooo Lou · Earnest · 2023 Q2,Earnest,2023-03-22,Referral Other,true,1,0,0,0.0
Rooo Lou · Earnest · 2023 Q2,Earnest,2023-03-29,Referral Other,true,1,0,0,0.0
Rooo Lou · Earnest · 2023 Q2,Earnest,2023-04-05,AA Email Auto,true,1,0,0,0.0
Rooo Lou · Earnest · 2023 Q2,Earnest,2023-04-05,AA Meta,true,1,0,0,0.0
Rooo Lou · Earnest · 2023 Q2,Earnest,2023-04-05,Direct,true,2,0,0,0.0
Rooo Lou · Earnest · 2023 Q2,Earnest,2023-04-05,Organic Search,true,1,0,0,0.0
Rooo Lou · Earnest · 2023 Q2,Earnest,2023-04-05,untracked,true,1,0,0,0.0
Rooo Lou · Earnest · 2023 Q2,Earnest,2023-04-06,AA Email Auto,true,1,0,0,0.0
Rooo Lou · Earnest · 2023 Q2,Earnest,2023-04-07,Direct,true,1,0,0,0.0
Rooo Lou · Earnest · 2023 Q2,Earnest,2023-04-08,untracked,true,1,0,0,0.0
Rooo Lou · Earnest · 2023 Q2,Earnest,2023-04-23,Direct,true,1,0,0,0.0
Rooo Lou · Earnest · 2023 Q2,Earnest,2023-05-11,Direct,true,1,0,0,0.0
Rooo Lou · Earnest · 2023 Q2,Earnest,2023-06-17,Direct,true,1,0,0,0.0
Rooo Lou · Earnest · 2023 Q2,Earnest,2023-07-25,Referral Other,true,1,0,0,0.0
Rooo Lou · Earnest · 2023 Q2,Earnest,2023-08-20,untracked,true,1,0,0,0.0
Rooo Lou · Earnest · 2023 Q2,Earnest,2023-09-24,Organic Search,true,1,0,0,0.0
Rooo Lou · Earnest · 2023 Q2,Earnest,2023-10-01,Direct,true,1,0,0,0.0
Rooo Lou · Earnest · 2023 Q2,Earnest,2023-10-12,Direct,true,1,0,0,0.0
Rooo Lou · Earnest · 2023 Q2,Earnest,2023-12-07,untracked,true,1,0,0,0.0
SETH · Little Sower · 2023 Q4,Little Sower,2023-10-17,Direct,true,1,0,0,0.0
SETH · Little Sower · 2023 Q4,Little Sower,2023-10-18,Direct,true,1,0,0,0.0
SETH · Little Sower · 2023 Q4,Little Sower,2023-10-20,Direct,true,1,0,0,0.0
SETH · Little Sower · 2023 Q4,Little Sower,2023-10-20,Referral Other,true,1,0,0,0.0
SETH · Little Sower · 2023 Q4,Little Sower,2023-10-22,Referral Artist,true,2,0,0,0.0
SETH · Little Sower · 2023 Q4,Little Sower,2023-10-25,Direct,true,1,0,0,0.0
SETH · Little Sower · 2023 Q4,Little Sower,2023-10-25,untracked,true,1,1,0,0.0
SETH · Little Sower · 2023 Q4,Little Sower,2023-10-27,AA Meta,true,1,0,0,0.0
SETH · Little Sower · 2023 Q4,Little Sower,2023-10-27,Direct,true,1,1,0,0.0
SETH · Little Sower · 2023 Q4,Little Sower,2023-10-27,Referral Artist,true,4,0,0,0.0
SETH · Little Sower · 2023 Q4,Little Sower,2023-10-27,untracked,true,2,0,0,0.0
SETH · Little Sower · 2023 Q4,Little Sower,2023-10-28,Referral Other,true,1,0,0,0.0
SETH · Little Sower · 2023 Q4,Little Sower,2023-10-29,AA Email Man,true,1,0,0,0.0
SETH · Little Sower · 2023 Q4,Little Sower,2023-10-29,Referral Artist,true,2,0,0,0.0
SETH · Little Sower · 2023 Q4,Little Sower,2023-10-29,Referral Other,true,1,0,0,0.0
SETH · Little Sower · 2023 Q4,Little Sower,2023-10-30,AA Meta,true,1,0,0,0.0
SETH · Little Sower · 2023 Q4,Little Sower,2023-10-30,Referral Artist,true,1,0,0,0.0
SETH · Little Sower · 2023 Q4,Little Sower,2023-10-31,Referral Artist,true,1,0,0,0.0
SETH · Little Sower · 2023 Q4,Little Sower,2023-11-01,Direct,true,1,0,0,0.0
SETH · Little Sower · 2023 Q4,Little Sower,2023-11-01,Referral Other,true,1,0,0,0.0
SETH · Little Sower · 2023 Q4,Little Sower,2023-11-02,Organic Search,true,1,0,0,0.0
SETH · Little Sower · 2023 Q4,Little Sower,2023-11-02,Referral Artist,true,6,0,0,0.0
SETH · Little Sower · 2023 Q4,Little Sower,2023-11-02,untracked,true,2,0,0,0.0
Salvador Dali Estate · Multiple · 2026 Q3,Millet's Architectonic Angelus,2026-08-19,AA Email Auto,true,3,3,3,1.0
Salvador Dali Estate · Multiple · 2026 Q3,Millet's Architectonic Angelus,2026-08-19,Referral Other,true,9,9,9,4.0
Salvador Dali Estate · Multiple · 2026 Q3,Millet's Architectonic Angelus,2026-08-20,Referral Other,true,3,3,3,0.0
Salvador Dali Estate · Multiple · 2026 Q3,Millet's Architectonic Angelus,2026-08-21,Referral Other,true,2,2,2,2.0
Salvador Dali Estate · Multiple · 2026 Q3,Millet's Architectonic Angelus,2026-08-24,AA Email Auto,true,1,0,1,0.0
Salvador Dali Estate · Multiple · 2026 Q3,Millet's Architectonic Angelus,2026-08-24,AA Email Man,true,28,0,28,12.0
Salvador Dali Estate · Multiple · 2026 Q3,Millet's Architectonic Angelus,2026-08-24,AA Meta,true,2,0,2,1.0
Salvador Dali Estate · Multiple · 2026 Q3,Millet's Architectonic Angelus,2026-08-24,Direct,true,1,0,1,1.0
Salvador Dali Estate · Multiple · 2026 Q3,Millet's Architectonic Angelus,2026-08-24,Organic Search,true,1,0,1,0.0
Salvador Dali Estate · Multiple · 2026 Q3,Millet's Architectonic Angelus,2026-08-24,Referral Other,true,1,0,1,0.0
Salvador Dali Estate · Multiple · 2026 Q3,Millet's Architectonic Angelus,2026-08-24,untracked,true,1,0,1,1.0
Salvador Dali Estate · Multiple · 2026 Q3,Millet's Architectonic Angelus,2026-08-26,AA Email Man,true,4,0,4,1.0
Salvador Dali Estate · Multiple · 2026 Q3,Millet's Architectonic Angelus,2026-08-26,Direct,true,1,0,1,1.0
Salvador Dali Estate · Multiple · 2026 Q3,Millet's Architectonic Angelus,2026-08-28,AA Email Auto,true,3,0,3,2.0
Salvador Dali Estate · Multiple · 2026 Q3,Millet's Architectonic Angelus,2026-08-28,AA Email Man,true,10,0,10,3.0
Salvador Dali Estate · Multiple · 2026 Q3,Millet's Architectonic Angelus,2026-08-28,AA Meta,true,1,0,1,0.0
Salvador Dali Estate · Multiple · 2026 Q3,Millet's Architectonic Angelus,2026-08-28,Direct,true,3,0,3,1.0
Salvador Dali Estate · Multiple · 2026 Q3,Millet's Architectonic Angelus,2026-08-28,Organic Search,true,6,0,6,2.0
Salvador Dali Estate · Multiple · 2026 Q3,Millet's Architectonic Angelus,2026-08-28,Other,true,1,0,1,1.0
Salvador Dali Estate · Multiple · 2026 Q3,Millet's Architectonic Angelus,2026-08-28,Paid Social,true,17,0,17,12.0
Salvador Dali Estate · Multiple · 2026 Q3,Millet's Architectonic Angelus,2026-08-28,Referral Meta,true,1,0,1,1.0
Salvador Dali Estate · Multiple · 2026 Q3,Millet's Architectonic Angelus,2026-08-28,Referral Other,true,1,0,1,1.0
Salvador Dali Estate · Multiple · 2026 Q3,Millet's Architectonic Angelus,2026-08-28,untracked,true,1,0,1,0.0
Salvador Dali Estate · Multiple · 2026 Q3,Millet's Architectonic Angelus,2026-09-02,AA Email Man,true,2,0,2,2.0
Salvador Dali Estate · Multiple · 2026 Q3,Millet's Architectonic Angelus,2026-09-02,AA Meta,true,3,0,3,3.0
Salvador Dali Estate · Multiple · 2026 Q3,Millet's Architectonic Angelus,2026-09-02,Direct,true,7,0,7,6.0
Salvador Dali Estate · Multiple · 2026 Q3,Millet's Architectonic Angelus,2026-09-02,Organic Search,true,6,0,6,3.0
Salvador Dali Estate · Multiple · 2026 Q3,Millet's Architectonic Angelus,2026-09-02,Paid Social,true,39,0,39,33.0
Salvador Dali Estate · Multiple · 2026 Q3,Millet's Architectonic Angelus,2026-09-04,AA Email Man,true,3,0,3,3.0
Salvador Dali Estate · Multiple · 2026 Q3,Millet's Architectonic Angelus,2026-09-04,AA Meta,true,1,0,1,1.0
Salvador Dali Estate · Multiple · 2026 Q3,Millet's Architectonic Angelus,2026-09-04,Direct,true,3,0,3,3.0
Salvador Dali Estate · Multiple · 2026 Q3,Millet's Architectonic Angelus,2026-09-04,Organic Search,true,11,0,11,11.0
Salvador Dali Estate · Multiple · 2026 Q3,Millet's Architectonic Angelus,2026-09-04,Paid Social,true,27,0,27,27.0
Salvador Dali Estate · Multiple · 2026 Q3,Millet's Architectonic Angelus,2026-09-04,untracked,true,1,0,1,1.0
Salvador Dali Estate · Multiple · 2026 Q3,Millet's Architectonic Angelus,2026-09-07,AA Email Man,true,1,0,1,1.0
Salvador Dali Estate · Multiple · 2026 Q3,Millet's Architectonic Angelus,2026-09-07,Direct,true,2,0,2,2.0
Salvador Dali Estate · Multiple · 2026 Q3,Millet's Architectonic Angelus,2026-09-07,Organic Search,true,5,0,5,5.0
Salvador Dali Estate · Multiple · 2026 Q3,Millet's Architectonic Angelus,2026-09-07,Paid Social,true,23,0,23,23.0
Salvador Dali Estate · Multiple · 2026 Q3,Millet's Architectonic Angelus,2026-09-08,Organic Search,true,2,0,2,1.0
Salvador Dali Estate · Multiple · 2026 Q3,Millet's Architectonic Angelus,2026-09-08,Referral Other,true,1,0,1,0.0
Salvador Dali Estate · Multiple · 2026 Q3,Millet's Architectonic Angelus,2026-09-09,AA Email Man,true,4,0,4,3.0
Salvador Dali Estate · Multiple · 2026 Q3,Millet's Architectonic Angelus,2026-09-09,Direct,true,3,0,3,1.0
Salvador Dali Estate · Multiple · 2026 Q3,Millet's Architectonic Angelus,2026-09-09,Organic Search,true,3,0,3,2.0
Salvador Dali Estate · Multiple · 2026 Q3,Millet's Architectonic Angelus,2026-09-09,Paid Social,true,10,0,10,7.0
Salvador Dali Estate · Multiple · 2026 Q3,Millet's Architectonic Angelus,2026-09-09,untracked,true,2,0,2,2.0
Salvador Dali Estate · Multiple · 2026 Q3,Millet's Architectonic Angelus,2026-09-10,Direct,true,1,0,1,0.0
Salvador Dali Estate · Multiple · 2026 Q3,Millet's Architectonic Angelus,2026-09-10,Organic Search,true,2,0,2,0.0
Salvador Dali Estate · Multiple · 2026 Q3,Millet's Architectonic Angelus,2026-09-11,AA Email Man,true,19,0,19,10.0
Salvador Dali Estate · Multiple · 2026 Q3,Millet's Architectonic Angelus,2026-09-11,AA Meta,true,5,0,5,2.0
Salvador Dali Estate · Multiple · 2026 Q3,Millet's Architectonic Angelus,2026-09-11,AA X,true,1,0,1,0.0
Salvador Dali Estate · Multiple · 2026 Q3,Millet's Architectonic Angelus,2026-09-11,Direct,true,16,0,16,5.0
Salvador Dali Estate · Multiple · 2026 Q3,Millet's Architectonic Angelus,2026-09-11,Organic Search,true,10,0,10,4.0
Salvador Dali Estate · Multiple · 2026 Q3,Millet's Architectonic Angelus,2026-09-11,Other,true,1,0,1,0.0
Salvador Dali Estate · Multiple · 2026 Q3,Millet's Architectonic Angelus,2026-09-11,Paid Social,true,65,0,65,24.0
Salvador Dali Estate · Multiple · 2026 Q3,Millet's Architectonic Angelus,2026-09-11,Referral Meta,true,1,0,1,1.0
Salvador Dali Estate · Multiple · 2026 Q3,Millet's Architectonic Angelus,2026-09-11,Referral Other,true,1,0,1,0.0
Salvador Dali Estate · Multiple · 2026 Q3,Millet's Architectonic Angelus,2026-09-11,untracked,true,5,0,5,3.0
Salvador Dali Estate · Multiple · 2026 Q3,Millet's Architectonic Angelus,2026-09-18,Paid Social,true,1,0,1,0.0
Salvador Dali Estate · Multiple · 2026 Q3,Millet's Architectonic Angelus,2026-09-19,AA Email Man,true,1,0,1,0.0
Salvador Dali Estate · Multiple · 2026 Q3,Millet's Architectonic Angelus,2026-09-21,untracked,true,2,0,2,2.0
Salvador Dali Estate · Multiple · 2026 Q3,Millet's Architectonic Angelus,2026-09-24,AA Email Man,true,1,0,1,1.0
Salvador Dali Estate · Multiple · 2026 Q3,The Phantom Cart,2026-08-19,AA Email Auto,true,1,1,1,0.0
Salvador Dali Estate · Multiple · 2026 Q3,The Phantom Cart,2026-08-19,Referral Other,true,4,4,4,1.0
Salvador Dali Estate · Multiple · 2026 Q3,The Phantom Cart,2026-08-20,Referral Other,true,3,3,3,1.0
Salvador Dali Estate · Multiple · 2026 Q3,The Phantom Cart,2026-08-20,untracked,true,1,1,1,0.0
Salvador Dali Estate · Multiple · 2026 Q3,The Phantom Cart,2026-08-21,Direct,true,1,0,1,1.0
Salvador Dali Estate · Multiple · 2026 Q3,The Phantom Cart,2026-08-24,AA Email Auto,true,1,0,1,0.0
Salvador Dali Estate · Multiple · 2026 Q3,The Phantom Cart,2026-08-24,AA Email Man,true,24,0,24,18.0
Salvador Dali Estate · Multiple · 2026 Q3,The Phantom Cart,2026-08-24,AA Meta,true,1,0,1,0.0
Salvador Dali Estate · Multiple · 2026 Q3,The Phantom Cart,2026-08-24,Direct,true,3,0,3,3.0
Salvador Dali Estate · Multiple · 2026 Q3,The Phantom Cart,2026-08-24,Organic Search,true,1,0,1,1.0
Salvador Dali Estate · Multiple · 2026 Q3,The Phantom Cart,2026-08-25,AA Meta,true,1,0,1,0.0
Salvador Dali Estate · Multiple · 2026 Q3,The Phantom Cart,2026-08-26,AA Email Man,true,1,0,1,1.0
Salvador Dali Estate · Multiple · 2026 Q3,The Phantom Cart,2026-08-28,AA Email Auto,true,1,0,1,1.0
Salvador Dali Estate · Multiple · 2026 Q3,The Phantom Cart,2026-08-28,AA Email Man,true,14,0,14,4.0
Salvador Dali Estate · Multiple · 2026 Q3,The Phantom Cart,2026-08-28,Direct,true,1,0,1,0.0
Salvador Dali Estate · Multiple · 2026 Q3,The Phantom Cart,2026-08-28,Organic Search,true,3,0,3,1.0
Salvador Dali Estate · Multiple · 2026 Q3,The Phantom Cart,2026-08-28,Other,true,1,0,1,1.0
Salvador Dali Estate · Multiple · 2026 Q3,The Phantom Cart,2026-08-28,Paid Social,true,19,0,19,10.0
Salvador Dali Estate · Multiple · 2026 Q3,The Phantom Cart,2026-08-28,Referral Other,true,2,0,2,1.0
Salvador Dali Estate · Multiple · 2026 Q3,The Phantom Cart,2026-08-30,AA Email Man,true,1,0,1,0.0
Salvador Dali Estate · Multiple · 2026 Q3,The Phantom Cart,2026-09-02,AA Email Man,true,3,0,3,3.0
Salvador Dali Estate · Multiple · 2026 Q3,The Phantom Cart,2026-09-02,AA Meta,true,1,0,1,0.0
Salvador Dali Estate · Multiple · 2026 Q3,The Phantom Cart,2026-09-02,Direct,true,3,0,3,3.0
Salvador Dali Estate · Multiple · 2026 Q3,The Phantom Cart,2026-09-02,Organic Search,true,5,0,5,4.0
Salvador Dali Estate · Multiple · 2026 Q3,The Phantom Cart,2026-09-02,Paid Social,true,38,0,38,36.0
Salvador Dali Estate · Multiple · 2026 Q3,The Phantom Cart,2026-09-02,Referral Meta,true,1,0,1,1.0
Salvador Dali Estate · Multiple · 2026 Q3,The Phantom Cart,2026-09-02,untracked,true,1,0,1,1.0
Salvador Dali Estate · Multiple · 2026 Q3,The Phantom Cart,2026-09-04,AA Email Man,true,1,0,1,1.0
Salvador Dali Estate · Multiple · 2026 Q3,The Phantom Cart,2026-09-04,AA Meta,true,2,0,2,2.0
Salvador Dali Estate · Multiple · 2026 Q3,The Phantom Cart,2026-09-04,Direct,true,1,0,1,1.0
Salvador Dali Estate · Multiple · 2026 Q3,The Phantom Cart,2026-09-04,Organic Search,true,4,0,4,4.0
Salvador Dali Estate · Multiple · 2026 Q3,The Phantom Cart,2026-09-04,Paid Social,true,29,0,29,29.0
Salvador Dali Estate · Multiple · 2026 Q3,The Phantom Cart,2026-09-04,Referral Meta,true,1,0,1,1.0
Salvador Dali Estate · Multiple · 2026 Q3,The Phantom Cart,2026-09-04,untracked,true,2,0,2,2.0
Salvador Dali Estate · Multiple · 2026 Q3,The Phantom Cart,2026-09-07,AA Email Man,true,1,0,1,1.0
Salvador Dali Estate · Multiple · 2026 Q3,The Phantom Cart,2026-09-07,Direct,true,2,0,2,2.0
Salvador Dali Estate · Multiple · 2026 Q3,The Phantom Cart,2026-09-07,Organic Search,true,6,0,6,6.0
Salvador Dali Estate · Multiple · 2026 Q3,The Phantom Cart,2026-09-07,Paid Social,true,30,0,30,28.0
Salvador Dali Estate · Multiple · 2026 Q3,The Phantom Cart,2026-09-07,Referral Meta,true,1,0,1,1.0
Salvador Dali Estate · Multiple · 2026 Q3,The Phantom Cart,2026-09-07,untracked,true,1,0,1,1.0
Salvador Dali Estate · Multiple · 2026 Q3,The Phantom Cart,2026-09-08,Organic Search,true,1,0,1,1.0
Salvador Dali Estate · Multiple · 2026 Q3,The Phantom Cart,2026-09-08,Referral Other,true,1,0,1,0.0
Salvador Dali Estate · Multiple · 2026 Q3,The Phantom Cart,2026-09-09,AA Email Man,true,1,0,1,1.0
Salvador Dali Estate · Multiple · 2026 Q3,The Phantom Cart,2026-09-09,Direct,true,3,0,3,3.0
Salvador Dali Estate · Multiple · 2026 Q3,The Phantom Cart,2026-09-09,Organic Search,true,3,0,3,3.0
Salvador Dali Estate · Multiple · 2026 Q3,The Phantom Cart,2026-09-09,Paid Social,true,13,0,13,12.0
Salvador Dali Estate · Multiple · 2026 Q3,The Phantom Cart,2026-09-10,Organic Search,true,3,0,3,0.0
Salvador Dali Estate · Multiple · 2026 Q3,The Phantom Cart,2026-09-10,Paid Social,true,1,0,1,0.0
Salvador Dali Estate · Multiple · 2026 Q3,The Phantom Cart,2026-09-11,AA Email Auto,true,1,0,1,1.0
Salvador Dali Estate · Multiple · 2026 Q3,The Phantom Cart,2026-09-11,AA Email Man,true,22,0,22,14.0
Salvador Dali Estate · Multiple · 2026 Q3,The Phantom Cart,2026-09-11,AA Meta,true,6,0,6,1.0
Salvador Dali Estate · Multiple · 2026 Q3,The Phantom Cart,2026-09-11,Direct,true,19,0,19,9.0
Salvador Dali Estate · Multiple · 2026 Q3,The Phantom Cart,2026-09-11,Organic Search,true,18,0,18,9.0
Salvador Dali Estate · Multiple · 2026 Q3,The Phantom Cart,2026-09-11,Other,true,2,0,2,1.0
Salvador Dali Estate · Multiple · 2026 Q3,The Phantom Cart,2026-09-11,Paid Social,true,74,0,74,34.0
Salvador Dali Estate · Multiple · 2026 Q3,The Phantom Cart,2026-09-11,Referral Meta,true,1,0,1,1.0
Salvador Dali Estate · Multiple · 2026 Q3,The Phantom Cart,2026-09-11,Referral Other,true,1,0,1,0.0
Salvador Dali Estate · Multiple · 2026 Q3,The Phantom Cart,2026-09-11,untracked,true,2,0,2,0.0
Salvador Dali Estate · Multiple · 2026 Q3,The Phantom Cart,2026-09-15,Paid Social,true,1,0,1,0.0
Salvador Dali Estate · Multiple · 2026 Q3,The Phantom Cart,2026-09-19,AA Email Man,true,1,0,1,0.0
Salvador Dali Estate · Multiple · 2026 Q3,The Phantom Cart,2026-09-21,untracked,true,2,0,2,2.0
Salvador Dali Estate · Multiple · 2026 Q3,The Phantom Cart,2026-09-23,Paid Social,true,1,0,1,0.0
Salvador Dali Estate · Multiple · 2026 Q3,The Phantom Cart,2026-09-24,Direct,true,1,0,1,0.0
Salvador Dali Estate · Multiple · 2026 Q3,The Phantom Cart,2026-09-24,untracked,true,1,0,1,0.0
Salvador Dali Estate · Multiple · 2026 Q3,The Spectre of Sex Appeal,2026-08-19,AA Email Auto,true,2,2,2,0.0
Salvador Dali Estate · Multiple · 2026 Q3,The Spectre of Sex Appeal,2026-08-19,Referral Other,true,3,3,3,1.0
Salvador Dali Estate · Multiple · 2026 Q3,The Spectre of Sex Appeal,2026-08-20,Referral Other,true,3,3,3,2.0
Salvador Dali Estate · Multiple · 2026 Q3,The Spectre of Sex Appeal,2026-08-21,Referral Other,true,1,1,1,1.0
Salvador Dali Estate · Multiple · 2026 Q3,The Spectre of Sex Appeal,2026-08-24,AA Email Auto,true,1,0,1,0.0
Salvador Dali Estate · Multiple · 2026 Q3,The Spectre of Sex Appeal,2026-08-24,AA Email Man,true,21,0,21,10.0
Salvador Dali Estate · Multiple · 2026 Q3,The Spectre of Sex Appeal,2026-08-24,AA Meta,true,1,0,1,0.0
Salvador Dali Estate · Multiple · 2026 Q3,The Spectre of Sex Appeal,2026-08-24,Direct,true,1,0,1,1.0
Salvador Dali Estate · Multiple · 2026 Q3,The Spectre of Sex Appeal,2026-08-24,Organic Search,true,1,0,1,0.0
Salvador Dali Estate · Multiple · 2026 Q3,The Spectre of Sex Appeal,2026-08-24,Referral Other,true,1,0,1,0.0
Salvador Dali Estate · Multiple · 2026 Q3,The Spectre of Sex Appeal,2026-08-28,AA Email Man,true,3,0,3,0.0
Salvador Dali Estate · Multiple · 2026 Q3,The Spectre of Sex Appeal,2026-08-28,AA Meta,true,1,0,1,0.0
Salvador Dali Estate · Multiple · 2026 Q3,The Spectre of Sex Appeal,2026-08-28,Direct,true,5,0,5,1.0
Salvador Dali Estate · Multiple · 2026 Q3,The Spectre of Sex Appeal,2026-08-28,Organic Search,true,2,0,2,1.0
Salvador Dali Estate · Multiple · 2026 Q3,The Spectre of Sex Appeal,2026-08-28,Other,true,2,0,2,2.0
Salvador Dali Estate · Multiple · 2026 Q3,The Spectre of Sex Appeal,2026-08-28,Paid Social,true,17,0,17,8.0
Salvador Dali Estate · Multiple · 2026 Q3,The Spectre of Sex Appeal,2026-08-28,Referral Other,true,1,0,1,1.0
Salvador Dali Estate · Multiple · 2026 Q3,The Spectre of Sex Appeal,2026-09-02,AA Email Man,true,3,0,3,3.0
Salvador Dali Estate · Multiple · 2026 Q3,The Spectre of Sex Appeal,2026-09-02,AA Meta,true,3,0,3,2.0
Salvador Dali Estate · Multiple · 2026 Q3,The Spectre of Sex Appeal,2026-09-02,Direct,true,4,0,4,2.0
Salvador Dali Estate · Multiple · 2026 Q3,The Spectre of Sex Appeal,2026-09-02,Organic Search,true,9,0,9,4.0
Salvador Dali Estate · Multiple · 2026 Q3,The Spectre of Sex Appeal,2026-09-02,Paid Social,true,31,0,31,18.0
Salvador Dali Estate · Multiple · 2026 Q3,The Spectre of Sex Appeal,2026-09-02,untracked,true,1,0,1,1.0
Salvador Dali Estate · Multiple · 2026 Q3,The Spectre of Sex Appeal,2026-09-04,AA Email Man,true,1,0,1,1.0
Salvador Dali Estate · Multiple · 2026 Q3,The Spectre of Sex Appeal,2026-09-04,AA Meta,true,1,0,1,0.0
Salvador Dali Estate · Multiple · 2026 Q3,The Spectre of Sex Appeal,2026-09-04,Direct,true,2,0,2,2.0
Salvador Dali Estate · Multiple · 2026 Q3,The Spectre of Sex Appeal,2026-09-04,Organic Search,true,2,0,2,2.0
Salvador Dali Estate · Multiple · 2026 Q3,The Spectre of Sex Appeal,2026-09-04,Paid Social,true,15,0,15,9.0
Salvador Dali Estate · Multiple · 2026 Q3,The Spectre of Sex Appeal,2026-09-04,Referral Other,true,1,0,1,0.0
Salvador Dali Estate · Multiple · 2026 Q3,The Spectre of Sex Appeal,2026-09-07,AA Email Man,true,4,0,4,2.0
Salvador Dali Estate · Multiple · 2026 Q3,The Spectre of Sex Appeal,2026-09-07,AA Meta,true,1,0,1,1.0
Salvador Dali Estate · Multiple · 2026 Q3,The Spectre of Sex Appeal,2026-09-07,Direct,true,4,0,4,2.0
Salvador Dali Estate · Multiple · 2026 Q3,The Spectre of Sex Appeal,2026-09-07,Other,true,1,0,1,0.0
Salvador Dali Estate · Multiple · 2026 Q3,The Spectre of Sex Appeal,2026-09-07,Paid Social,true,13,0,13,8.0
Salvador Dali Estate · Multiple · 2026 Q3,The Spectre of Sex Appeal,2026-09-07,untracked,true,1,0,1,0.0
Salvador Dali Estate · Multiple · 2026 Q3,The Spectre of Sex Appeal,2026-09-08,AA Email Man,true,1,0,1,0.0
Salvador Dali Estate · Multiple · 2026 Q3,The Spectre of Sex Appeal,2026-09-08,Direct,true,1,0,1,0.0
Salvador Dali Estate · Multiple · 2026 Q3,The Spectre of Sex Appeal,2026-09-08,Organic Search,true,1,0,1,1.0
Salvador Dali Estate · Multiple · 2026 Q3,The Spectre of Sex Appeal,2026-09-08,Paid Social,true,3,0,3,0.0
Salvador Dali Estate · Multiple · 2026 Q3,The Spectre of Sex Appeal,2026-09-08,Referral Other,true,1,0,1,0.0
Salvador Dali Estate · Multiple · 2026 Q3,The Spectre of Sex Appeal,2026-09-09,AA Email Man,true,2,0,2,1.0
Salvador Dali Estate · Multiple · 2026 Q3,The Spectre of Sex Appeal,2026-09-09,Direct,true,2,0,2,0.0
Salvador Dali Estate · Multiple · 2026 Q3,The Spectre of Sex Appeal,2026-09-09,Organic Search,true,1,0,1,0.0
Salvador Dali Estate · Multiple · 2026 Q3,The Spectre of Sex Appeal,2026-09-09,Paid Social,true,9,0,9,4.0
Salvador Dali Estate · Multiple · 2026 Q3,The Spectre of Sex Appeal,2026-09-09,untracked,true,1,0,1,1.0
Salvador Dali Estate · Multiple · 2026 Q3,The Spectre of Sex Appeal,2026-09-10,Direct,true,1,0,1,0.0
Salvador Dali Estate · Multiple · 2026 Q3,The Spectre of Sex Appeal,2026-09-10,Organic Search,true,3,0,3,0.0
Salvador Dali Estate · Multiple · 2026 Q3,The Spectre of Sex Appeal,2026-09-10,Paid Social,true,1,0,1,0.0
Salvador Dali Estate · Multiple · 2026 Q3,The Spectre of Sex Appeal,2026-09-11,AA Email Man,true,17,0,17,10.0
Salvador Dali Estate · Multiple · 2026 Q3,The Spectre of Sex Appeal,2026-09-11,Direct,true,10,0,10,2.0
Salvador Dali Estate · Multiple · 2026 Q3,The Spectre of Sex Appeal,2026-09-11,Organic Search,true,13,0,13,5.0
Salvador Dali Estate · Multiple · 2026 Q3,The Spectre of Sex Appeal,2026-09-11,Other,true,2,0,2,0.0
Salvador Dali Estate · Multiple · 2026 Q3,The Spectre of Sex Appeal,2026-09-11,Paid Social,true,57,0,57,16.0
Salvador Dali Estate · Multiple · 2026 Q3,The Spectre of Sex Appeal,2026-09-11,Referral Other,true,1,0,1,0.0
Salvador Dali Estate · Multiple · 2026 Q3,The Spectre of Sex Appeal,2026-09-11,untracked,true,3,0,3,2.0
Salvador Dali Estate · Multiple · 2026 Q3,The Spectre of Sex Appeal,2026-09-12,Paid Social,true,1,0,1,0.0
Salvador Dali Estate · Multiple · 2026 Q3,The Spectre of Sex Appeal,2026-09-14,Organic Search,true,1,1,1,0.0
Salvador Dali Estate · Multiple · 2026 Q3,The Spectre of Sex Appeal,2026-09-14,Paid Social,true,2,2,2,0.0
Salvador Dali Estate · Multiple · 2026 Q3,The Spectre of Sex Appeal,2026-09-15,Paid Social,true,3,1,3,0.0
Salvador Dali Estate · Multiple · 2026 Q3,The Spectre of Sex Appeal,2026-09-19,AA Email Man,true,1,0,1,0.0
Salvador Dali Estate · Multiple · 2026 Q3,The Spectre of Sex Appeal,2026-09-21,untracked,true,2,0,2,2.0
Salvador Dali Estate · Multiple · 2026 Q3,The Spectre of Sex Appeal,2026-09-22,Paid Social,true,1,0,1,0.0
Salvador Dali Estate · Multiple · 2026 Q3,The Spectre of Sex Appeal,2026-09-24,AA Email Man,true,2,0,2,2.0
Sarah Morris · Industry (Spiderweb) · 2023 Q2,Industry (Spiderweb),2022-09-06,untracked,true,1,0,1,0.0
Sarah Morris · Industry (Spiderweb) · 2023 Q2,Industry (Spiderweb),2022-09-12,untracked,true,1,0,1,0.0
Sarah Morris · Industry (Spiderweb) · 2023 Q2,Industry (Spiderweb),2026-01-15,Referral Other,true,1,0,1,1.0
Sayre Gomez · America's Tire · 2025 Q2,America's Tire,2025-03-28,untracked,true,1,1,1,0.0
Sayre Gomez · America's Tire · 2025 Q2,America's Tire,2025-03-31,Referral Artist,true,1,0,1,1.0
Sayre Gomez · America's Tire · 2025 Q2,America's Tire,2025-04-03,AA Email Man,true,1,0,1,0.0
Sayre Gomez · America's Tire · 2025 Q2,America's Tire,2025-04-07,Direct,true,1,0,1,1.0
Sayre Gomez · America's Tire · 2025 Q2,America's Tire,2025-04-08,Direct,true,1,0,1,0.0
Sayre Gomez · America's Tire · 2025 Q2,America's Tire,2025-04-29,AA Email Man,true,2,0,2,1.0
Sayre Gomez · America's Tire · 2025 Q2,America's Tire,2025-04-29,Direct,true,1,0,1,0.0
Sayre Gomez · America's Tire · 2025 Q2,America's Tire,2025-04-29,Paid Social,true,2,0,2,1.0
Sayre Gomez · America's Tire · 2025 Q2,America's Tire,2026-01-17,untracked,true,1,0,1,1.0
Sayre Gomez · America's Tire · 2025 Q2,America's Tire,2026-02-08,Referral Other,true,1,0,1,1.0
Sayre Gomez · America's Tire · 2025 Q2,America's Tire,2026-03-04,Referral Other,true,1,0,1,0.0
Sayre Gomez · America's Tire · 2025 Q2,America's Tire,2026-07-04,Referral Other,true,1,0,1,0.0
Scott Kahn · INGERSOLL'S BRANCH · 2022 Q4,INGERSOLL'S BRANCH,2023-06-26,untracked,true,1,0,1,0.0
Scott Kahn · INGERSOLL'S BRANCH · 2022 Q4,INGERSOLL'S BRANCH,2024-12-03,untracked,true,1,0,1,1.0
Shigeki Matsuyama · Multiple · 2023 Q2,Portrait of dazzle #150,2023-05-16,Untracked,false,1,0,0,0.0
Shirin Neshat · Multiple · 2025 Q1,Quartet,2025-02-25,Untracked,false,3,3,3,2.0
Shirin Neshat · Multiple · 2025 Q1,Quartet,2025-02-26,Untracked,false,9,1,9,3.0
Shirin Neshat · Multiple · 2025 Q1,Quartet,2025-02-27,Untracked,false,9,0,9,1.0
Shirin Neshat · Multiple · 2025 Q1,Quartet,2025-02-28,Untracked,false,5,0,5,2.0
Shirin Neshat · Multiple · 2025 Q1,Unveiling Diptych,2025-02-10,Untracked,false,1,0,1,0.0
Shirin Neshat · Multiple · 2025 Q1,Unveiling Diptych,2025-02-20,Untracked,false,1,0,1,0.0
Shirin Neshat · Multiple · 2025 Q1,Unveiling Diptych,2025-02-25,Untracked,false,7,7,7,2.0
Shirin Neshat · Multiple · 2025 Q1,Unveiling Diptych,2025-02-26,Untracked,false,31,5,31,12.0
Shirin Neshat · Multiple · 2025 Q1,Unveiling Diptych,2025-02-27,Untracked,false,14,0,14,2.0
Shirin Neshat · Multiple · 2025 Q1,Unveiling Diptych,2025-02-28,Untracked,false,13,0,13,3.0
Shirin Neshat · Multiple · 2025 Q1,"Unveiling series #1, 1993",2025-02-25,Untracked,false,34,34,34,5.0
Shirin Neshat · Multiple · 2025 Q1,"Unveiling series #1, 1993",2025-02-26,Untracked,false,48,13,48,13.0
Shirin Neshat · Multiple · 2025 Q1,"Unveiling series #1, 1993",2025-02-27,Untracked,false,29,0,29,7.0
Shirin Neshat · Multiple · 2025 Q1,"Unveiling series #1, 1993",2025-02-28,Untracked,false,35,0,35,7.0
Shirin Neshat · Multiple · 2025 Q1,"Unveiling series #1, 1993",2025-03-04,Untracked,false,1,0,1,0.0
Shirin Neshat · Multiple · 2025 Q1,"Unveiling series #1, 1993",2025-03-07,Untracked,false,1,0,1,0.0
Shirin Neshat · Multiple · 2025 Q1,"Unveiling series #1, 1993",2025-03-14,Untracked,false,1,0,1,0.0
Shirin Neshat · Multiple · 2025 Q1,"Unveiling series #1, 1993",2025-05-18,Untracked,false,1,0,1,0.0
Shirin Neshat · Multiple · 2025 Q1,"Unveiling series #1, 1993",2025-05-19,Untracked,false,1,0,1,0.0
Shirin Neshat · Multiple · 2025 Q1,"Unveiling series #1, 1993",2025-06-03,Untracked,false,1,0,1,0.0
Shirin Neshat · Multiple · 2025 Q1,"Unveiling series #1, 1993",2026-01-07,Untracked,false,1,0,1,0.0
Shirin Neshat · Multiple · 2025 Q1,"Unveiling series #1, 1993",2026-03-05,Untracked,false,1,0,1,0.0
Shirin Neshat · Multiple · 2025 Q1,"Unveiling series #1, 1993",2026-07-14,Direct,true,1,0,1,0.0
Shirin Neshat · Multiple · 2025 Q1,"Unveiling series #1, 1993 & Unveiling series #2, 1993",2025-01-27,Referral Other,true,1,0,1,0.0
Shirin Neshat · Multiple · 2025 Q1,"Unveiling series #1, 1993 & Unveiling series #2, 1993",2025-01-29,Untracked,false,1,0,1,0.0
Shirin Neshat · Multiple · 2025 Q1,"Unveiling series #1, 1993 & Unveiling series #2, 1993",2025-02-03,Untracked,false,1,0,1,0.0
Shirin Neshat · Multiple · 2025 Q1,"Unveiling series #1, 1993 & Unveiling series #2, 1993 & Women Without Men #1, 2009 & Women Without Men #2, 2009",2025-01-22,Untracked,false,1,0,1,0.0
Shirin Neshat · Multiple · 2025 Q1,"Unveiling series #2, 1993",2025-02-25,Untracked,false,12,12,12,4.0
Shirin Neshat · Multiple · 2025 Q1,"Unveiling series #2, 1993",2025-02-26,Untracked,false,22,1,22,12.0
Shirin Neshat · Multiple · 2025 Q1,"Unveiling series #2, 1993",2025-02-27,Untracked,false,11,0,11,4.0
Shirin Neshat · Multiple · 2025 Q1,"Unveiling series #2, 1993",2025-02-28,Untracked,false,7,0,7,1.0
Shirin Neshat · Multiple · 2025 Q1,"Unveiling series #2, 1993",2025-03-04,Untracked,false,1,0,1,0.0
Shirin Neshat · Multiple · 2025 Q1,"Unveiling series #2, 1993",2025-03-07,Untracked,false,1,0,1,0.0
Shirin Neshat · Multiple · 2025 Q1,"Unveiling series #2, 1993",2025-03-12,Untracked,false,1,0,1,0.0
Shirin Neshat · Multiple · 2025 Q1,"Unveiling series #2, 1993",2025-05-18,Untracked,false,1,0,1,0.0
Shirin Neshat · Multiple · 2025 Q1,"Unveiling series #2, 1993",2025-05-19,Untracked,false,1,0,1,0.0
Shirin Neshat · Multiple · 2025 Q1,"Unveiling series #2, 1993",2026-01-26,Untracked,false,1,0,1,0.0
Shirin Neshat · Multiple · 2025 Q1,"Women Without Men #1, 2009",2025-02-25,Untracked,false,9,9,9,6.0
Shirin Neshat · Multiple · 2025 Q1,"Women Without Men #1, 2009",2025-02-26,Untracked,false,19,1,19,5.0
Shirin Neshat · Multiple · 2025 Q1,"Women Without Men #1, 2009",2025-02-27,Untracked,false,12,0,12,3.0
Shirin Neshat · Multiple · 2025 Q1,"Women Without Men #1, 2009",2025-02-28,Untracked,false,20,0,20,5.0
Shirin Neshat · Multiple · 2025 Q1,"Women Without Men #1, 2009",2025-03-25,Untracked,false,1,0,1,0.0
Shirin Neshat · Multiple · 2025 Q1,"Women Without Men #1, 2009",2025-03-31,Untracked,false,1,0,1,0.0
Shirin Neshat · Multiple · 2025 Q1,"Women Without Men #1, 2009",2025-04-01,Untracked,false,1,0,1,0.0
Shirin Neshat · Multiple · 2025 Q1,"Women Without Men #1, 2009",2025-07-28,Untracked,false,1,0,1,0.0
Shirin Neshat · Multiple · 2025 Q1,"Women Without Men #1, 2009",2026-02-23,Untracked,false,1,0,1,0.0
Shirin Neshat · Multiple · 2025 Q1,"Women Without Men #2, 2009",2025-02-25,Untracked,false,9,9,9,4.0
Shirin Neshat · Multiple · 2025 Q1,"Women Without Men #2, 2009",2025-02-26,Untracked,false,22,5,22,8.0
Shirin Neshat · Multiple · 2025 Q1,"Women Without Men #2, 2009",2025-02-27,Untracked,false,12,0,12,3.0
Shirin Neshat · Multiple · 2025 Q1,"Women Without Men #2, 2009",2025-02-28,Untracked,false,17,0,17,1.0
Shirin Neshat · Multiple · 2025 Q1,"Women Without Men #2, 2009",2025-03-07,Untracked,false,1,0,1,1.0
Shirin Neshat · Multiple · 2025 Q1,"Women Without Men #2, 2009",2025-07-21,Untracked,false,1,0,1,0.0
Shirin Neshat · Multiple · 2025 Q1,"Women Without Men #2, 2009",2026-02-23,Untracked,false,1,0,1,0.0
Shirin Neshat · Multiple · 2025 Q1,"Women Without Men #2, 2009",2026-02-25,Untracked,false,1,0,1,1.0
Shirin Neshat · Multiple · 2025 Q1,Women Without Men Diptych,2025-02-25,Untracked,false,5,5,5,2.0
Shirin Neshat · Multiple · 2025 Q1,Women Without Men Diptych,2025-02-26,Untracked,false,7,1,7,4.0
Shirin Neshat · Multiple · 2025 Q1,Women Without Men Diptych,2025-02-27,Untracked,false,9,0,9,3.0
Shirin Neshat · Multiple · 2025 Q1,Women Without Men Diptych,2025-02-28,Untracked,false,4,0,4,1.0
Shirin Neshat · Multiple · 2026 Q2,"Fervor, 2000",2026-04-09,Organic Search,true,1,0,1,0.0
Shirin Neshat · Multiple · 2026 Q2,"Fervor, 2000",2026-04-12,Untracked,false,1,0,1,0.0
Shirin Neshat · Multiple · 2026 Q2,"Fervor, 2000",2026-04-27,Untracked,false,6,6,6,2.0
Shirin Neshat · Multiple · 2026 Q2,"Fervor, 2000",2026-04-28,Untracked,false,13,3,13,5.0
Shirin Neshat · Multiple · 2026 Q2,"Fervor, 2000",2026-04-29,Untracked,false,10,0,10,4.0
Shirin Neshat · Multiple · 2026 Q2,"Fervor, 2000",2026-04-30,Untracked,false,8,0,8,5.0
Shirin Neshat · Multiple · 2026 Q2,"Fervor, 2000",2026-06-05,Untracked,false,1,0,1,0.0
Shirin Neshat · Multiple · 2026 Q2,"Fervor, 2000",2026-06-19,Untracked,false,1,0,1,0.0
Shirin Neshat · Multiple · 2026 Q2,"Untitled (Chest), from Unveiling series, 1993",2026-04-21,Untracked,false,1,0,1,0.0
Shirin Neshat · Multiple · 2026 Q2,"Untitled (Chest), from Unveiling series, 1993",2026-04-27,Untracked,false,24,24,24,14.0
Shirin Neshat · Multiple · 2026 Q2,"Untitled (Chest), from Unveiling series, 1993",2026-04-28,Untracked,false,38,16,38,19.0
Shirin Neshat · Multiple · 2026 Q2,"Untitled (Chest), from Unveiling series, 1993",2026-04-29,Untracked,false,18,0,18,5.5
Shirin Neshat · Multiple · 2026 Q2,"Untitled (Chest), from Unveiling series, 1993",2026-04-30,Untracked,false,9,0,9,6.0
Shirin Neshat · Multiple · 2026 Q2,"Untitled (Chest), from Unveiling series, 1993",2026-05-01,Untracked,false,1,0,1,0.0
Shirin Neshat · Multiple · 2026 Q2,"Untitled (Chest), from Unveiling series, 1993",2026-06-19,Untracked,false,1,0,1,0.0
Shirin Neshat · Multiple · 2026 Q2,"Untitled (Chest), from Unveiling series, 1993",2026-07-16,Untracked,false,1,0,1,1.0
Shirin Neshat · Multiple · 2026 Q2,"Untitled from Women of Allah series, 1994",2026-04-10,Untracked,false,1,0,1,1.0
Shirin Neshat · Multiple · 2026 Q2,"Untitled from Women of Allah series, 1994",2026-04-27,Untracked,false,31,31,31,16.0
Shirin Neshat · Multiple · 2026 Q2,"Untitled from Women of Allah series, 1994",2026-04-28,Untracked,false,41,15,41,12.0
Shirin Neshat · Multiple · 2026 Q2,"Untitled from Women of Allah series, 1994",2026-04-29,Untracked,false,33,0,33,8.5
Shirin Neshat · Multiple · 2026 Q2,"Untitled from Women of Allah series, 1994",2026-04-30,Untracked,false,24,0,24,10.0
Shirin Neshat · Multiple · 2026 Q2,"Untitled from Women of Allah series, 1994",2026-05-01,Untracked,false,2,0,2,1.0
Shirin Neshat · Multiple · 2026 Q2,"Untitled from Women of Allah series, 1994",2026-05-06,Untracked,false,1,0,1,1.0
Shirin Neshat · Multiple · 2026 Q2,"Untitled from Women of Allah series, 1994",2026-06-19,Untracked,false,1,0,1,0.0
Shirin Neshat · Multiple · 2026 Q2,"Untitled from Women of Allah series, 1994",2026-07-16,Direct,true,1,0,1,0.0
Shirin Neshat · Multiple · 2026 Q2,"Untitled, from Unveiling series, 1993",2026-04-24,Untracked,false,1,0,1,1.0
Shirin Neshat · Multiple · 2026 Q2,"Untitled, from Unveiling series, 1993",2026-04-27,Untracked,false,10,10,10,4.0
Shirin Neshat · Multiple · 2026 Q2,"Untitled, from Unveiling series, 1993",2026-04-28,Untracked,false,21,9,21,5.0
Shirin Neshat · Multiple · 2026 Q2,"Untitled, from Unveiling series, 1993",2026-04-29,Untracked,false,19,0,19,10.0
Shirin Neshat · Multiple · 2026 Q2,"Untitled, from Unveiling series, 1993",2026-04-30,Untracked,false,11,0,11,5.0
Shirin Neshat · Multiple · 2026 Q2,"Untitled, from Unveiling series, 1993",2026-05-01,Untracked,false,1,0,1,1.0
Shirin Neshat · Multiple · 2026 Q2,"Untitled, from Unveiling series, 1993",2026-05-06,Untracked,false,1,0,1,0.0
Shirin Neshat · Multiple · 2026 Q2,"Untitled, from Unveiling series, 1993",2026-06-19,Untracked,false,1,0,1,0.0
Shirin Neshat · Multiple · 2026 Q2,"Untitled, from Unveiling series, 1993",2026-07-16,Direct,true,1,0,1,0.0
Slawn · Ugly Bastard · 2024 Q3,Ugly Bastard,2024-07-18,Referral Other,true,1,0,0,0.0
Slawn · Ugly Bastard · 2024 Q3,Ugly Bastard,2024-07-23,AA Meta,true,1,0,0,0.0
Slawn · Ugly Bastard · 2024 Q3,Ugly Bastard,2024-07-23,Direct,true,1,0,0,0.0
Slawn · Ugly Bastard · 2024 Q3,Ugly Bastard,2024-07-23,Referral Meta,true,1,0,0,0.0
Slawn · Ugly Bastard · 2024 Q3,Ugly Bastard,2024-07-26,Direct,true,1,0,0,0.0
Slawn · Ugly Bastard · 2024 Q3,Ugly Bastard,2024-08-01,Direct,true,1,0,0,0.0
Slawn · Ugly Bastard · 2024 Q3,Ugly Bastard,2024-08-05,untracked,true,1,0,0,0.0
Slawn · Ugly Bastard · 2024 Q3,Ugly Bastard,2024-08-06,Direct,true,2,0,0,0.0
Slawn · Ugly Bastard · 2024 Q3,Ugly Bastard,2024-08-06,untracked,true,1,0,0,0.0
Slawn · Ugly Bastard · 2024 Q3,Ugly Bastard,2024-08-07,Organic Search,true,1,0,0,0.0
Slawn · Ugly Bastard · 2024 Q3,Ugly Bastard,2024-08-08,AA Email Man,true,19,0,0,0.0
Slawn · Ugly Bastard · 2024 Q3,Ugly Bastard,2024-08-08,AA Meta,true,6,0,0,0.0
Slawn · Ugly Bastard · 2024 Q3,Ugly Bastard,2024-08-08,Direct,true,12,0,0,0.0
Slawn · Ugly Bastard · 2024 Q3,Ugly Bastard,2024-08-08,Organic Search,true,4,0,0,0.0
Slawn · Ugly Bastard · 2024 Q3,Ugly Bastard,2024-08-08,Referral Artist,true,9,0,0,0.0
Slawn · Ugly Bastard · 2024 Q3,Ugly Bastard,2024-08-08,Referral Meta,true,19,0,0,0.0
Slawn · Ugly Bastard · 2024 Q3,Ugly Bastard,2024-08-08,untracked,true,8,0,0,0.0
Slawn · Ugly Bastard · 2024 Q3,Ugly Bastard,2024-08-09,AA Email Man,true,1,0,0,0.0
Slawn · Ugly Bastard · 2024 Q3,Ugly Bastard,2024-08-09,Referral Meta,true,1,0,0,0.0
Slawn · Ugly Bastard · 2024 Q3,Ugly Bastard,2024-08-10,AA Email Man,true,1,0,0,0.0
Slawn · Ugly Bastard · 2024 Q3,Ugly Bastard,2024-08-14,untracked,true,1,0,0,0.0
Slawn · Ugly Bastard · 2024 Q3,Ugly Bastard,2024-09-20,untracked,true,1,0,0,0.0
Slawn · Ugly Bastard · 2024 Q3,Ugly Bastard,2024-12-02,Organic Search,true,1,0,0,0.0
Slawn · Ugly Bastard · 2024 Q3,Ugly Bastard,2024-12-07,Direct,true,1,0,0,0.0
Slawn · Ugly Bastard · 2024 Q3,Ugly Bastard,2024-12-13,Direct,true,1,0,0,0.0
Snowfro · Chromie Squiggle #8107 · 2023 Q4,Chromie Squiggle #8107,2023-12-07,Untracked,false,66,0,66,36.0
Snowfro · Chromie Squiggle #8107 · 2023 Q4,Chromie Squiggle #8107,2023-12-08,Untracked,false,15,0,15,11.0
Snowfro · Chromie Squiggle #8107 · 2023 Q4,Chromie Squiggle #8107,2023-12-09,Untracked,false,27,0,27,16.0
Snowfro · Chromie Squiggle #8107 · 2023 Q4,Chromie Squiggle #8107,2023-12-10,Untracked,false,20,0,20,13.0
Snowfro · Chromie Squiggle #8107 · 2023 Q4,Chromie Squiggle #8107,2023-12-11,Untracked,false,17,0,17,7.0
Snowfro · Chromie Squiggle #8107 · 2023 Q4,Chromie Squiggle #8107,2023-12-12,Untracked,false,18,0,18,6.0
Snowfro · Chromie Squiggle #8107 · 2023 Q4,Chromie Squiggle #8107,2023-12-13,Untracked,false,33,0,33,16.0
Snowfro · Chromie Squiggle #8107 · 2023 Q4,Chromie Squiggle #8107,2023-12-14,Untracked,false,60,0,60,24.0
Snowfro · Chromie Squiggle #8107 · 2023 Q4,Chromie Squiggle #8107,2023-12-15,Untracked,false,1,0,1,1.0
Snowfro · Chromie Squiggle #8107 · 2023 Q4,Chromie Squiggle #8107,2023-12-16,Untracked,false,1,0,1,0.0
Snowfro · Chromie Squiggle #8107 · 2023 Q4,Chromie Squiggle #8107,2023-12-18,Untracked,false,1,0,1,1.0
Snowfro · Chromie Squiggle #8107 · 2023 Q4,Chromie Squiggle #8107,2023-12-23,Untracked,false,1,0,1,1.0
Snowfro · Chromie Squiggle #8107 · 2023 Q4,Chromie Squiggle #8107,2024-01-03,Untracked,false,1,0,1,1.0
Snowfro · Chromie Squiggle #8107 · 2023 Q4,Chromie Squiggle #8107,2024-01-24,Untracked,false,1,0,1,0.0
Snowfro · Chromie Squiggle #8107 · 2023 Q4,Chromie Squiggle #8107,2024-03-12,Untracked,false,5,0,5,0.0
Snowfro · Chromie Squiggle #8107 · 2023 Q4,Chromie Squiggle #8107,2026-01-01,Untracked,false,1,0,1,0.0
So Youn Lee · Ready? · 2023 Q4,Ready?,2023-09-19,AA Email Man,true,1,0,1,0.0
So Youn Lee · Ready? · 2023 Q4,Ready?,2023-09-22,AA Email Man,true,1,1,1,0.0
So Youn Lee · Ready? · 2023 Q4,Ready?,2023-09-22,untracked,true,1,1,1,1.0
So Youn Lee · Ready? · 2023 Q4,Ready?,2023-09-24,Direct,true,1,1,1,0.0
So Youn Lee · Ready? · 2023 Q4,Ready?,2023-09-26,Direct,true,1,0,1,1.0
So Youn Lee · Ready? · 2023 Q4,Ready?,2023-10-06,AA Email Man,true,1,0,1,0.0
So Youn Lee · Ready? · 2023 Q4,Ready?,2023-10-10,AA Email Auto,true,1,0,1,0.0
So Youn Lee · Ready? · 2023 Q4,Ready?,2023-10-10,AA Email Man,true,2,0,2,1.0
So Youn Lee · Ready? · 2023 Q4,Ready?,2023-10-10,AA Meta,true,5,0,5,1.0
So Youn Lee · Ready? · 2023 Q4,Ready?,2023-10-10,Direct,true,3,0,3,0.0
So Youn Lee · Ready? · 2023 Q4,Ready?,2023-10-10,Organic Search,true,1,0,1,0.0
So Youn Lee · Ready? · 2023 Q4,Ready?,2023-10-10,Other,true,1,0,1,0.0
So Youn Lee · Ready? · 2023 Q4,Ready?,2023-10-10,Referral Meta,true,2,0,2,1.0
So Youn Lee · Ready? · 2023 Q4,Ready?,2023-10-10,Referral Other,true,2,0,2,0.0
So Youn Lee · Ready? · 2023 Q4,Ready?,2023-10-10,untracked,true,1,0,1,0.0
So Youn Lee · Ready? · 2023 Q4,Ready?,2023-10-11,AA Meta,true,1,0,1,0.0
So Youn Lee · Ready? · 2023 Q4,Ready?,2023-10-11,Direct,true,1,0,1,1.0
So Youn Lee · Ready? · 2023 Q4,Ready?,2023-10-12,Direct,true,1,0,1,0.0
So Youn Lee · Ready? · 2023 Q4,Ready?,2023-10-15,AA Meta,true,1,0,1,0.0
So Youn Lee · Ready? · 2023 Q4,Ready?,2023-11-11,AA Meta,true,1,0,1,1.0
So Youn Lee · Ready? · 2023 Q4,Ready?,2023-12-08,Referral Other,true,1,0,1,0.0
So Youn Lee · Ready? · 2023 Q4,Ready?,2024-02-12,Referral Other,true,1,0,1,0.0
So Youn Lee · Ready? · 2023 Q4,Ready?,2024-03-15,Direct,true,1,0,1,0.0
So Youn Lee · Ready? · 2023 Q4,Ready?,2024-03-24,Organic Search,true,1,0,1,0.0
So Youn Lee · Ready? · 2023 Q4,Ready?,2024-03-29,Organic Search,true,1,0,1,0.0
So Youn Lee · Ready? · 2023 Q4,Ready?,2024-04-20,Direct,true,1,0,1,0.0
So Youn Lee · Ready? · 2023 Q4,Ready?,2024-07-01,Direct,true,1,0,1,0.0
So Youn Lee · Ready? · 2023 Q4,Ready?,2024-07-02,AA Email Man,true,1,0,1,0.0
So Youn Lee · Ready? · 2023 Q4,Ready?,2024-07-04,AA Meta,true,1,0,1,0.0
So Youn Lee · Ready? · 2023 Q4,Ready?,2024-09-18,Direct,true,1,0,1,0.0
So Youn Lee · Ready? · 2023 Q4,Ready?,2024-09-19,Referral Other,true,1,0,1,0.0
So Youn Lee · Ready? · 2023 Q4,Ready?,2024-10-14,Referral Other,true,1,0,1,1.0
So Youn Lee · Ready? · 2023 Q4,Ready?,2024-12-07,Referral Other,true,1,0,1,0.0
So Youn Lee · Ready? · 2023 Q4,Ready?,2025-01-29,Referral Other,true,1,0,1,0.0
So Youn Lee · Ready? · 2023 Q4,Ready?,2025-02-08,AA Email Man,true,1,0,1,0.0
So Youn Lee · Ready? · 2023 Q4,Ready?,2025-04-16,untracked,true,1,0,1,1.0
So Youn Lee · Ready? · 2023 Q4,Ready?,2025-05-02,Referral Other,true,1,0,1,0.0
So Youn Lee · Ready? · 2023 Q4,Ready?,2025-07-02,Referral Other,true,1,0,1,1.0
So Youn Lee · Ready? · 2023 Q4,Ready?,2025-08-22,Referral Other,true,1,0,1,0.0
So Youn Lee · Ready? · 2023 Q4,Ready?,2025-08-25,Referral Other,true,1,0,1,1.0
So Youn Lee · Ready? · 2023 Q4,Ready?,2025-09-03,untracked,true,1,0,1,0.0
So Youn Lee · Ready? · 2023 Q4,Ready?,2025-09-19,Direct,true,1,0,1,0.0
Sola Olulode · Laying in the Grass (Hand-finished) · 2021 Q4,Laying in the Grass (Hand-finished),2023-03-14,Untracked,false,1,0,0,0.0
Sola Olulode · Laying in the Grass (Hand-finished) · 2021 Q4,Laying in the Grass (Hand-finished),2023-05-01,Untracked,false,1,0,0,0.0
Sola Olulode · Laying in the Grass (Hand-finished) · 2021 Q4,Laying in the Grass (Hand-finished),2023-06-11,Untracked,false,1,0,0,0.0
Sola Olulode · Laying in the Grass (Hand-finished) · 2021 Q4,Laying in the Grass (Hand-finished),2024-09-22,Untracked,false,1,0,0,0.0
Sola Olulode · Laying in the Grass (Hand-finished) · 2021 Q4,Laying in the Grass (Hand-finished),2025-03-12,Untracked,false,1,0,0,0.0
Stickymonger · Multiple · 2022 Q2,Midnight Ride,2024-05-22,untracked,true,1,0,0,0.0
Stickymonger · Multiple · 2022 Q2,Waiting - West 4th,2024-05-22,untracked,true,1,0,0,0.0
"Stickymonger · Obsession, No Joke · 2021 Q1","Obsession, No Joke",2023-05-18,untracked,true,1,0,0,0.0
Susumu Kamijo · The Sinner at Dusk · 2021 Q1,The Sinner at Dusk,2025-08-29,Untracked,false,1,0,0,0.0
TIDE · Multiple · 2024 Q4,Sit,2024-08-23,Referral Other,true,1,0,0,0.0
TIDE · Multiple · 2024 Q4,Sit,2024-08-26,Referral Other,true,1,1,0,0.0
TIDE · Multiple · 2024 Q4,Sit,2024-08-26,untracked,true,3,3,0,0.0
TIDE · Multiple · 2024 Q4,Sit,2024-08-27,Referral Other,true,4,4,0,0.0
TIDE · Multiple · 2024 Q4,Sit,2024-08-27,untracked,true,1,1,0,0.0
TIDE · Multiple · 2024 Q4,Sit,2024-08-28,Referral Other,true,1,1,0,0.0
TIDE · Multiple · 2024 Q4,Sit,2024-08-29,Direct,true,1,0,0,0.0
TIDE · Multiple · 2024 Q4,Sit,2024-08-30,AA Email Man,true,1,0,0,0.0
TIDE · Multiple · 2024 Q4,Sit,2024-08-30,Direct,true,1,1,0,0.0
TIDE · Multiple · 2024 Q4,Sit,2024-08-31,Referral Other,true,1,0,0,0.0
TIDE · Multiple · 2024 Q4,Sit,2024-09-02,Direct,true,2,1,0,0.0
TIDE · Multiple · 2024 Q4,Sit,2024-09-02,untracked,true,1,0,0,0.0
TIDE · Multiple · 2024 Q4,Sit,2024-09-03,AA Email Man,true,1,0,0,0.0
TIDE · Multiple · 2024 Q4,Sit,2024-09-17,Direct,true,1,0,0,0.0
TIDE · Multiple · 2024 Q4,Sit,2024-09-23,Referral Other,true,1,0,0,0.0
TIDE · Multiple · 2024 Q4,Sit,2024-09-24,AA Email Man,true,3,0,0,0.0
TIDE · Multiple · 2024 Q4,Sit,2024-09-24,AA Meta,true,1,0,0,0.0
TIDE · Multiple · 2024 Q4,Sit,2024-09-24,Referral Artist,true,2,0,0,0.0
TIDE · Multiple · 2024 Q4,Sit,2024-09-24,Referral Other,true,1,0,0,0.0
TIDE · Multiple · 2024 Q4,Sit,2024-09-25,AA Meta,true,1,0,0,0.0
TIDE · Multiple · 2024 Q4,Sit,2024-10-20,Organic Search,true,1,0,0,0.0
TIDE · Multiple · 2024 Q4,Sit,2025-02-26,untracked,true,1,0,0,0.0
TIDE · Multiple · 2024 Q4,Sit (Life-size),2024-11-15,untracked,true,1,0,0,0.0
TIDE · Multiple · 2024 Q4,Sit (Life-size),2024-11-22,Untracked,false,1,0,0,0.0
Takahiro Komuro · Sphinx - Kira · 2023 Q4,Sphinx - Kira,2023-11-07,Referral Other,true,1,0,0,0.0
Takahiro Komuro · Sphinx - Kira · 2023 Q4,Sphinx - Kira,2023-12-07,Referral Meta,true,1,0,0,0.0
Takahiro Komuro · Sphinx - Kira · 2023 Q4,Sphinx - Kira,2023-12-13,Referral Artist,true,1,0,0,0.0
Takashi Murakami · Multiple · 2026 Q2,"Flowers of Heaven, 2018",2026-04-09,Direct,true,6,0,6,2.0
Takashi Murakami · Multiple · 2026 Q2,"Flowers of Heaven, 2018",2026-04-09,Organic Search,true,2,0,2,0.0
Takashi Murakami · Multiple · 2026 Q2,"Flowers of Heaven, 2018",2026-04-10,AA Email Man,true,2,0,2,0.0
Takashi Murakami · Multiple · 2026 Q2,"Flowers of Heaven, 2018",2026-04-10,Direct,true,1,0,1,0.0
Takashi Murakami · Multiple · 2026 Q2,"Flowers of Heaven, 2018",2026-04-10,Organic Search,true,1,0,1,0.0
Takashi Murakami · Multiple · 2026 Q2,"Flowers of Heaven, 2018",2026-04-13,Direct,true,1,0,1,0.0
Takashi Murakami · Multiple · 2026 Q2,"Flowers of Heaven, 2018",2026-04-14,Direct,true,3,0,3,1.0
Takashi Murakami · Multiple · 2026 Q2,"Flowers of Heaven, 2018",2026-04-14,untracked,true,1,0,1,0.0
Takashi Murakami · Multiple · 2026 Q2,"Flowers of Heaven, 2018",2026-04-15,Direct,true,1,0,1,0.0
Takashi Murakami · Multiple · 2026 Q2,"Flowers of Heaven, 2018",2026-04-21,Direct,true,1,0,1,0.0
Takashi Murakami · Multiple · 2026 Q2,"Flowers of Heaven, 2018",2026-04-21,Organic Search,true,2,0,2,0.0
Takashi Murakami · Multiple · 2026 Q2,"Flowers of Heaven, 2018",2026-04-21,Referral Other,true,1,0,1,0.0
Takashi Murakami · Multiple · 2026 Q2,"Flowers of Heaven, 2018",2026-04-22,Direct,true,1,0,1,1.0
Takashi Murakami · Multiple · 2026 Q2,"Flowers of Heaven, 2018",2026-04-22,untracked,true,1,0,1,1.0
Takashi Murakami · Multiple · 2026 Q2,"Flowers of Heaven, 2018",2026-04-24,AA Email Man,true,1,0,1,0.0
Takashi Murakami · Multiple · 2026 Q2,"Flowers of Heaven, 2018",2026-04-25,Direct,true,1,0,1,0.0
Takashi Murakami · Multiple · 2026 Q2,"Flowers of Heaven, 2018",2026-04-28,Direct,true,2,0,2,2.0
Takashi Murakami · Multiple · 2026 Q2,"Flowers of Heaven, 2018",2026-04-30,AA Email Auto,true,9,9,9,4.0
Takashi Murakami · Multiple · 2026 Q2,"Flowers of Heaven, 2018",2026-04-30,AA Email Man,true,7,7,7,4.0
Takashi Murakami · Multiple · 2026 Q2,"Flowers of Heaven, 2018",2026-04-30,AA Meta,true,3,3,3,0.0
Takashi Murakami · Multiple · 2026 Q2,"Flowers of Heaven, 2018",2026-04-30,Direct,true,2,2,2,0.0
Takashi Murakami · Multiple · 2026 Q2,"Flowers of Heaven, 2018",2026-04-30,Organic Search,true,2,2,2,0.0
Takashi Murakami · Multiple · 2026 Q2,"Flowers of Heaven, 2018",2026-04-30,Referral Other,true,38,38,38,15.0
Takashi Murakami · Multiple · 2026 Q2,"Flowers of Heaven, 2018",2026-04-30,untracked,true,6,5,6,3.0
Takashi Murakami · Multiple · 2026 Q2,"Flowers of Heaven, 2018",2026-05-01,AA Email Auto,true,2,1,2,2.0
Takashi Murakami · Multiple · 2026 Q2,"Flowers of Heaven, 2018",2026-05-01,AA Meta,true,2,1,2,0.0
Takashi Murakami · Multiple · 2026 Q2,"Flowers of Heaven, 2018",2026-05-01,Direct,true,3,0,3,2.0
Takashi Murakami · Multiple · 2026 Q2,"Flowers of Heaven, 2018",2026-05-01,Referral Other,true,5,5,5,2.0
Takashi Murakami · Multiple · 2026 Q2,"Flowers of Heaven, 2018",2026-05-01,untracked,true,1,0,1,0.0
Takashi Murakami · Multiple · 2026 Q2,"Flowers of Heaven, 2018",2026-05-02,Direct,true,1,0,1,1.0
Takashi Murakami · Multiple · 2026 Q2,"Flowers of Heaven, 2018",2026-05-03,Referral Other,true,1,0,1,0.0
Takashi Murakami · Multiple · 2026 Q2,"Flowers of Heaven, 2018",2026-05-05,AA Email Man,true,2,0,2,0.0
Takashi Murakami · Multiple · 2026 Q2,"Flowers of Heaven, 2018",2026-05-05,Direct,true,2,0,2,1.0
Takashi Murakami · Multiple · 2026 Q2,"Flowers of Heaven, 2018",2026-05-06,Referral Other,true,1,0,1,0.0
Takashi Murakami · Multiple · 2026 Q2,"Flowers of Heaven, 2018",2026-05-07,Direct,true,3,0,3,1.0
Takashi Murakami · Multiple · 2026 Q2,"Flowers of Heaven, 2018",2026-05-08,Direct,true,1,0,1,0.0
Takashi Murakami · Multiple · 2026 Q2,"Flowers of Heaven, 2018",2026-05-09,Direct,true,1,0,1,1.0
Takashi Murakami · Multiple · 2026 Q2,"Flowers of Heaven, 2018",2026-05-09,Referral Other,true,1,1,1,1.0
Takashi Murakami · Multiple · 2026 Q2,"Flowers of Heaven, 2018",2026-05-12,AA Email Auto,true,1,0,1,1.0
Takashi Murakami · Multiple · 2026 Q2,"Flowers of Heaven, 2018",2026-05-14,AA Email Man,true,1,0,1,1.0
Takashi Murakami · Multiple · 2026 Q2,"Flowers of Heaven, 2018",2026-05-15,Direct,true,1,0,1,1.0
Takashi Murakami · Multiple · 2026 Q2,"Flowers of Heaven, 2018",2026-05-25,Referral Other,true,1,0,1,0.0
Takashi Murakami · Multiple · 2026 Q2,"Flowers of Heaven, 2018",2026-05-27,AA Email Auto,true,2,0,2,2.0
Takashi Murakami · Multiple · 2026 Q2,"Flowers of Heaven, 2018",2026-05-27,AA Email Man,true,30,0,30,29.0
Takashi Murakami · Multiple · 2026 Q2,"Flowers of Heaven, 2018",2026-05-27,AA Meta,true,4,0,4,4.0
Takashi Murakami · Multiple · 2026 Q2,"Flowers of Heaven, 2018",2026-05-27,Direct,true,10,0,10,10.0
Takashi Murakami · Multiple · 2026 Q2,"Flowers of Heaven, 2018",2026-05-27,Organic Search,true,5,0,5,5.0
Takashi Murakami · Multiple · 2026 Q2,"Flowers of Heaven, 2018",2026-05-27,Other,true,1,0,1,1.0
Takashi Murakami · Multiple · 2026 Q2,"Flowers of Heaven, 2018",2026-05-27,Paid Social,true,1,0,1,1.0
Takashi Murakami · Multiple · 2026 Q2,"Flowers of Heaven, 2018",2026-05-27,Referral Other,true,2,0,2,2.0
Takashi Murakami · Multiple · 2026 Q2,"Flowers of Heaven, 2018",2026-05-27,untracked,true,2,0,2,2.0
Takashi Murakami · Multiple · 2026 Q2,"Flowers of Heaven, 2018",2026-05-28,Referral Other,true,1,0,1,1.0
Takashi Murakami · Multiple · 2026 Q2,"Flowers of Heaven, 2018",2026-06-01,untracked,true,1,0,1,1.0
Takashi Murakami · Multiple · 2026 Q2,"Flowers of Heaven, 2018",2026-06-02,Direct,true,1,0,1,0.0
Takashi Murakami · Multiple · 2026 Q2,"Flowers of Heaven, 2018",2026-06-03,Direct,true,1,0,1,1.0
Takashi Murakami · Multiple · 2026 Q2,"Flowers of Heaven, 2018",2026-06-11,AA Email Man,true,1,0,1,0.0
Takashi Murakami · Multiple · 2026 Q2,"Flowers of Heaven, 2018",2026-07-28,AA Email Man,true,1,0,1,1.0
Takashi Murakami · Multiple · 2026 Q2,"Flowers of Heaven, 2018",2026-08-04,AA Email Man,true,1,0,1,1.0
Takashi Murakami · Multiple · 2026 Q2,Lollipop Flowers Rainbow,2026-04-09,Direct,true,3,0,3,1.0
Takashi Murakami · Multiple · 2026 Q2,Lollipop Flowers Rainbow,2026-04-09,Organic Search,true,1,0,1,0.0
Takashi Murakami · Multiple · 2026 Q2,Lollipop Flowers Rainbow,2026-04-09,untracked,true,1,0,1,0.0
Takashi Murakami · Multiple · 2026 Q2,Lollipop Flowers Rainbow,2026-04-10,AA Email Man,true,2,0,2,0.0
Takashi Murakami · Multiple · 2026 Q2,Lollipop Flowers Rainbow,2026-04-10,Organic Search,true,1,0,1,0.0
Takashi Murakami · Multiple · 2026 Q2,Lollipop Flowers Rainbow,2026-04-13,Referral Other,true,1,0,1,1.0
Takashi Murakami · Multiple · 2026 Q2,Lollipop Flowers Rainbow,2026-04-13,untracked,true,1,0,1,0.0
Takashi Murakami · Multiple · 2026 Q2,Lollipop Flowers Rainbow,2026-04-14,Direct,true,1,0,1,0.0
Takashi Murakami · Multiple · 2026 Q2,Lollipop Flowers Rainbow,2026-04-14,Organic Search,true,1,0,1,0.0
Takashi Murakami · Multiple · 2026 Q2,Lollipop Flowers Rainbow,2026-04-14,untracked,true,1,0,1,0.0
Takashi Murakami · Multiple · 2026 Q2,Lollipop Flowers Rainbow,2026-04-15,Referral Other,true,1,0,1,0.0
Takashi Murakami · Multiple · 2026 Q2,Lollipop Flowers Rainbow,2026-04-16,Direct,true,1,0,1,1.0
Takashi Murakami · Multiple · 2026 Q2,Lollipop Flowers Rainbow,2026-04-17,Direct,true,1,0,1,1.0
Takashi Murakami · Multiple · 2026 Q2,Lollipop Flowers Rainbow,2026-04-20,Referral Other,true,1,0,1,0.0
Takashi Murakami · Multiple · 2026 Q2,Lollipop Flowers Rainbow,2026-04-21,Referral Other,true,2,0,2,0.0
Takashi Murakami · Multiple · 2026 Q2,Lollipop Flowers Rainbow,2026-04-22,untracked,true,1,0,1,1.0
Takashi Murakami · Multiple · 2026 Q2,Lollipop Flowers Rainbow,2026-04-28,Direct,true,2,0,2,1.0
Takashi Murakami · Multiple · 2026 Q2,Lollipop Flowers Rainbow,2026-04-29,Direct,true,1,0,1,0.0
Takashi Murakami · Multiple · 2026 Q2,Lollipop Flowers Rainbow,2026-04-30,AA Email Auto,true,9,9,9,3.0
Takashi Murakami · Multiple · 2026 Q2,Lollipop Flowers Rainbow,2026-04-30,AA Email Man,true,4,4,4,2.0
Takashi Murakami · Multiple · 2026 Q2,Lollipop Flowers Rainbow,2026-04-30,Direct,true,2,2,2,0.0
Takashi Murakami · Multiple · 2026 Q2,Lollipop Flowers Rainbow,2026-04-30,Referral Other,true,20,20,20,6.0
Takashi Murakami · Multiple · 2026 Q2,Lollipop Flowers Rainbow,2026-04-30,untracked,true,4,3,4,0.0
Takashi Murakami · Multiple · 2026 Q2,Lollipop Flowers Rainbow,2026-05-01,AA Email Auto,true,5,4,5,2.0
Takashi Murakami · Multiple · 2026 Q2,Lollipop Flowers Rainbow,2026-05-01,AA Email Man,true,4,4,4,2.0
Takashi Murakami · Multiple · 2026 Q2,Lollipop Flowers Rainbow,2026-05-01,AA Meta,true,2,1,2,0.0
Takashi Murakami · Multiple · 2026 Q2,Lollipop Flowers Rainbow,2026-05-01,Direct,true,1,1,1,1.0
Takashi Murakami · Multiple · 2026 Q2,Lollipop Flowers Rainbow,2026-05-01,Referral Other,true,7,7,7,4.0
Takashi Murakami · Multiple · 2026 Q2,Lollipop Flowers Rainbow,2026-05-01,untracked,true,1,0,1,0.0
Takashi Murakami · Multiple · 2026 Q2,Lollipop Flowers Rainbow,2026-05-05,Direct,true,1,0,1,1.0
Takashi Murakami · Multiple · 2026 Q2,Lollipop Flowers Rainbow,2026-05-06,Referral Other,true,1,0,1,0.0
Takashi Murakami · Multiple · 2026 Q2,Lollipop Flowers Rainbow,2026-05-07,Direct,true,3,2,3,0.0
Takashi Murakami · Multiple · 2026 Q2,Lollipop Flowers Rainbow,2026-05-11,AA Email Auto,true,1,0,1,1.0
Takashi Murakami · Multiple · 2026 Q2,Lollipop Flowers Rainbow,2026-05-12,AA Email Auto,true,1,0,1,1.0
Takashi Murakami · Multiple · 2026 Q2,Lollipop Flowers Rainbow,2026-05-12,AA Email Man,true,1,0,1,1.0
Takashi Murakami · Multiple · 2026 Q2,Lollipop Flowers Rainbow,2026-05-25,Referral Other,true,1,0,1,0.0
Takashi Murakami · Multiple · 2026 Q2,Lollipop Flowers Rainbow,2026-05-26,Referral Other,true,1,0,1,1.0
Takashi Murakami · Multiple · 2026 Q2,Lollipop Flowers Rainbow,2026-05-27,AA Email Auto,true,2,0,2,2.0
Takashi Murakami · Multiple · 2026 Q2,Lollipop Flowers Rainbow,2026-05-27,AA Email Man,true,43,0,43,43.0
Takashi Murakami · Multiple · 2026 Q2,Lollipop Flowers Rainbow,2026-05-27,AA Meta,true,12,0,12,12.0
Takashi Murakami · Multiple · 2026 Q2,Lollipop Flowers Rainbow,2026-05-27,Direct,true,18,0,18,18.0
Takashi Murakami · Multiple · 2026 Q2,Lollipop Flowers Rainbow,2026-05-27,Organic Search,true,2,0,2,2.0
Takashi Murakami · Multiple · 2026 Q2,Lollipop Flowers Rainbow,2026-05-27,Other,true,1,0,1,1.0
Takashi Murakami · Multiple · 2026 Q2,Lollipop Flowers Rainbow,2026-05-27,Paid Social,true,2,0,2,2.0
Takashi Murakami · Multiple · 2026 Q2,Lollipop Flowers Rainbow,2026-05-27,Referral Artist,true,2,0,2,2.0
Takashi Murakami · Multiple · 2026 Q2,Lollipop Flowers Rainbow,2026-05-27,Referral Meta,true,1,0,1,1.0
Takashi Murakami · Multiple · 2026 Q2,Lollipop Flowers Rainbow,2026-05-27,Referral Other,true,2,0,2,2.0
Takashi Murakami · Multiple · 2026 Q2,Lollipop Flowers Rainbow,2026-05-27,untracked,true,3,0,3,2.0
Takashi Murakami · Multiple · 2026 Q2,Lollipop Flowers Rainbow,2026-05-28,Referral Other,true,1,0,1,1.0
Takashi Murakami · Multiple · 2026 Q2,Lollipop Flowers Rainbow,2026-06-01,untracked,true,1,0,1,1.0
Takashi Murakami · Multiple · 2026 Q2,Lollipop Flowers Rainbow,2026-06-02,Direct,true,1,0,1,0.0
Takashi Murakami · Multiple · 2026 Q2,Lollipop Flowers Rainbow,2026-06-03,Direct,true,1,0,1,1.0
Takashi Murakami · Multiple · 2026 Q2,Lollipop Flowers Rainbow,2026-06-03,untracked,true,1,0,1,0.0
Takashi Murakami · Multiple · 2026 Q2,Lollipop Flowers Rainbow,2026-06-05,Direct,true,2,0,2,0.0
Takashi Murakami · Multiple · 2026 Q2,Lollipop Flowers Rainbow,2026-06-08,AA Email Man,true,1,0,1,0.0
Takashi Murakami · Multiple · 2026 Q2,Lollipop Flowers Rainbow,2026-07-28,AA Email Man,true,1,0,1,1.0
Takashi Murakami · Multiple · 2026 Q2,"Mid-summer Pandas Golden Sky, 2021",2026-04-08,Direct,true,1,0,1,0.0
Takashi Murakami · Multiple · 2026 Q2,"Mid-summer Pandas Golden Sky, 2021",2026-04-09,Direct,true,5,0,5,3.0
Takashi Murakami · Multiple · 2026 Q2,"Mid-summer Pandas Golden Sky, 2021",2026-04-09,Organic Search,true,1,0,1,0.0
Takashi Murakami · Multiple · 2026 Q2,"Mid-summer Pandas Golden Sky, 2021",2026-04-09,Referral Other,true,1,0,1,0.0
Takashi Murakami · Multiple · 2026 Q2,"Mid-summer Pandas Golden Sky, 2021",2026-04-10,AA Email Man,true,2,0,2,0.0
Takashi Murakami · Multiple · 2026 Q2,"Mid-summer Pandas Golden Sky, 2021",2026-04-14,Direct,true,1,0,1,0.0
Takashi Murakami · Multiple · 2026 Q2,"Mid-summer Pandas Golden Sky, 2021",2026-04-15,Direct,true,1,0,1,1.0
Takashi Murakami · Multiple · 2026 Q2,"Mid-summer Pandas Golden Sky, 2021",2026-04-16,Direct,true,2,0,2,2.0
Takashi Murakami · Multiple · 2026 Q2,"Mid-summer Pandas Golden Sky, 2021",2026-04-17,Direct,true,1,0,1,1.0
Takashi Murakami · Multiple · 2026 Q2,"Mid-summer Pandas Golden Sky, 2021",2026-04-18,untracked,true,1,0,1,0.0
Takashi Murakami · Multiple · 2026 Q2,"Mid-summer Pandas Golden Sky, 2021",2026-04-20,Referral Other,true,1,0,1,0.0
Takashi Murakami · Multiple · 2026 Q2,"Mid-summer Pandas Golden Sky, 2021",2026-04-21,Organic Search,true,1,0,1,0.0
Takashi Murakami · Multiple · 2026 Q2,"Mid-summer Pandas Golden Sky, 2021",2026-04-21,Referral Other,true,1,0,1,0.0
Takashi Murakami · Multiple · 2026 Q2,"Mid-summer Pandas Golden Sky, 2021",2026-04-22,Direct,true,1,0,1,1.0
Takashi Murakami · Multiple · 2026 Q2,"Mid-summer Pandas Golden Sky, 2021",2026-04-28,Direct,true,1,0,1,1.0
Takashi Murakami · Multiple · 2026 Q2,"Mid-summer Pandas Golden Sky, 2021",2026-04-30,AA Email Auto,true,14,14,14,6.0
Takashi Murakami · Multiple · 2026 Q2,"Mid-summer Pandas Golden Sky, 2021",2026-04-30,AA Email Man,true,2,2,2,0.0
Takashi Murakami · Multiple · 2026 Q2,"Mid-summer Pandas Golden Sky, 2021",2026-04-30,Direct,true,2,2,2,0.0
Takashi Murakami · Multiple · 2026 Q2,"Mid-summer Pandas Golden Sky, 2021",2026-04-30,Organic Search,true,1,1,1,0.0
Takashi Murakami · Multiple · 2026 Q2,"Mid-summer Pandas Golden Sky, 2021",2026-04-30,Referral Other,true,20,20,20,10.0
Takashi Murakami · Multiple · 2026 Q2,"Mid-summer Pandas Golden Sky, 2021",2026-04-30,untracked,true,5,4,5,1.0
Takashi Murakami · Multiple · 2026 Q2,"Mid-summer Pandas Golden Sky, 2021",2026-05-01,Direct,true,8,0,8,0.0
Takashi Murakami · Multiple · 2026 Q2,"Mid-summer Pandas Golden Sky, 2021",2026-05-01,Referral Other,true,1,0,1,0.0
Takashi Murakami · Multiple · 2026 Q2,"Mid-summer Pandas Golden Sky, 2021",2026-05-01,untracked,true,1,0,1,1.0
Takashi Murakami · Multiple · 2026 Q2,"Mid-summer Pandas Golden Sky, 2021",2026-05-02,AA Email Man,true,1,0,1,1.0
Takashi Murakami · Multiple · 2026 Q2,"Mid-summer Pandas Golden Sky, 2021",2026-05-04,Direct,true,1,0,1,1.0
Takashi Murakami · Multiple · 2026 Q2,"Mid-summer Pandas Golden Sky, 2021",2026-05-04,untracked,true,1,0,1,0.0
Takashi Murakami · Multiple · 2026 Q2,"Mid-summer Pandas Golden Sky, 2021",2026-05-05,AA Email Man,true,1,0,1,0.0
Takashi Murakami · Multiple · 2026 Q2,"Mid-summer Pandas Golden Sky, 2021",2026-05-05,Direct,true,1,0,1,0.0
Takashi Murakami · Multiple · 2026 Q2,"Mid-summer Pandas Golden Sky, 2021",2026-05-06,Referral Other,true,2,1,2,0.0
Takashi Murakami · Multiple · 2026 Q2,"Mid-summer Pandas Golden Sky, 2021",2026-05-07,Direct,true,2,0,2,1.0
Takashi Murakami · Multiple · 2026 Q2,"Mid-summer Pandas Golden Sky, 2021",2026-05-07,Referral Other,true,1,1,1,0.0
Takashi Murakami · Multiple · 2026 Q2,"Mid-summer Pandas Golden Sky, 2021",2026-05-08,AA Email Man,true,1,1,1,0.0
Takashi Murakami · Multiple · 2026 Q2,"Mid-summer Pandas Golden Sky, 2021",2026-05-08,Direct,true,1,0,1,0.0
Takashi Murakami · Multiple · 2026 Q2,"Mid-summer Pandas Golden Sky, 2021",2026-05-11,Organic Search,true,1,0,1,0.0
Takashi Murakami · Multiple · 2026 Q2,"Mid-summer Pandas Golden Sky, 2021",2026-05-12,untracked,true,1,0,1,1.0
Takashi Murakami · Multiple · 2026 Q2,"Mid-summer Pandas Golden Sky, 2021",2026-05-14,Direct,true,2,0,2,2.0
Takashi Murakami · Multiple · 2026 Q2,"Mid-summer Pandas Golden Sky, 2021",2026-05-22,Direct,true,1,0,1,1.0
Takashi Murakami · Multiple · 2026 Q2,"Mid-summer Pandas Golden Sky, 2021",2026-05-27,AA Email Auto,true,4,0,4,4.0
Takashi Murakami · Multiple · 2026 Q2,"Mid-summer Pandas Golden Sky, 2021",2026-05-27,AA Email Man,true,42,0,42,42.0
Takashi Murakami · Multiple · 2026 Q2,"Mid-summer Pandas Golden Sky, 2021",2026-05-27,AA Meta,true,6,0,6,6.0
Takashi Murakami · Multiple · 2026 Q2,"Mid-summer Pandas Golden Sky, 2021",2026-05-27,Direct,true,16,0,16,16.0
Takashi Murakami · Multiple · 2026 Q2,"Mid-summer Pandas Golden Sky, 2021",2026-05-27,Organic Search,true,8,0,8,8.0
Takashi Murakami · Multiple · 2026 Q2,"Mid-summer Pandas Golden Sky, 2021",2026-05-27,Other,true,1,0,1,1.0
Takashi Murakami · Multiple · 2026 Q2,"Mid-summer Pandas Golden Sky, 2021",2026-05-27,Paid Social,true,2,0,2,2.0
Takashi Murakami · Multiple · 2026 Q2,"Mid-summer Pandas Golden Sky, 2021",2026-05-27,Referral Other,true,4,0,4,4.0
Takashi Murakami · Multiple · 2026 Q2,"Mid-summer Pandas Golden Sky, 2021",2026-05-27,untracked,true,6,0,6,5.0
Takashi Murakami · Multiple · 2026 Q2,"Mid-summer Pandas Golden Sky, 2021",2026-06-01,untracked,true,1,0,1,1.0
Takashi Murakami · Multiple · 2026 Q2,"Mid-summer Pandas Golden Sky, 2021",2026-06-02,Direct,true,1,0,1,0.0
Takashi Murakami · Multiple · 2026 Q2,"Mid-summer Pandas Golden Sky, 2021",2026-06-05,AA Email Man,true,1,0,1,0.0
Takashi Murakami · Multiple · 2026 Q2,"Mid-summer Pandas Golden Sky, 2021",2026-06-05,Direct,true,1,0,1,0.0
Takashi Murakami · Multiple · 2026 Q2,"Mid-summer Pandas Golden Sky, 2021",2026-06-05,Organic Search,true,1,0,1,0.0
Takashi Murakami · Multiple · 2026 Q2,"Mid-summer Pandas Golden Sky, 2021",2026-06-06,Direct,true,1,0,1,0.0
Takashi Murakami · Multiple · 2026 Q2,"Mid-summer Pandas Golden Sky, 2021",2026-06-10,Direct,true,1,0,1,0.0
Takashi Murakami · Multiple · 2026 Q2,"Mid-summer Pandas Golden Sky, 2021",2026-09-04,Direct,true,1,0,1,0.0
Takashi Murakami · Multiple · 2026 Q2,Set of 4,2026-04-23,Direct,true,1,0,1,0.0
Takashi Murakami · Multiple · 2026 Q2,Set of 4,2026-04-23,Referral Other,true,3,0,3,0.0
Takashi Murakami · Multiple · 2026 Q2,Set of Four,2026-04-30,AA Email Auto,true,4,4,4,2.0
Takashi Murakami · Multiple · 2026 Q2,Set of Four,2026-04-30,AA Email Man,true,6,6,6,1.0
Takashi Murakami · Multiple · 2026 Q2,Set of Four,2026-04-30,AA Meta,true,1,1,1,0.0
Takashi Murakami · Multiple · 2026 Q2,Set of Four,2026-04-30,Organic Search,true,1,1,1,0.0
Takashi Murakami · Multiple · 2026 Q2,Set of Four,2026-04-30,Referral Other,true,26,26,26,5.0
Takashi Murakami · Multiple · 2026 Q2,Set of Four,2026-04-30,untracked,true,2,2,2,1.0
Takashi Murakami · Multiple · 2026 Q2,Set of Four,2026-05-01,AA Email Auto,true,7,6,7,1.0
Takashi Murakami · Multiple · 2026 Q2,Set of Four,2026-05-01,AA Email Man,true,3,3,3,0.0
Takashi Murakami · Multiple · 2026 Q2,Set of Four,2026-05-01,AA Meta,true,1,1,1,0.0
Takashi Murakami · Multiple · 2026 Q2,Set of Four,2026-05-01,Direct,true,1,0,1,0.0
Takashi Murakami · Multiple · 2026 Q2,Set of Four,2026-05-01,Referral Artist,true,1,1,1,0.0
Takashi Murakami · Multiple · 2026 Q2,Set of Four,2026-05-01,Referral Other,true,11,11,11,1.0
Takashi Murakami · Multiple · 2026 Q2,Set of Four,2026-05-01,untracked,true,1,0,1,1.0
Takashi Murakami · Multiple · 2026 Q2,Set of Four,2026-05-03,Direct,true,1,0,1,1.0
Takashi Murakami · Multiple · 2026 Q2,Set of Four,2026-05-04,Other,true,1,0,1,1.0
Takashi Murakami · Multiple · 2026 Q2,Set of Four,2026-05-04,Referral Other,true,1,0,1,1.0
Takashi Murakami · Multiple · 2026 Q2,Set of Four,2026-05-05,Organic Search,true,1,0,1,1.0
Takashi Murakami · Multiple · 2026 Q2,Set of Four,2026-05-05,untracked,true,1,0,1,0.0
Takashi Murakami · Multiple · 2026 Q2,Set of Four,2026-05-06,AA Meta,true,1,0,1,1.0
Takashi Murakami · Multiple · 2026 Q2,Set of Four,2026-05-06,Direct,true,2,0,2,2.0
Takashi Murakami · Multiple · 2026 Q2,Set of Four,2026-05-11,Organic Search,true,1,0,1,1.0
Takashi Murakami · Multiple · 2026 Q2,Set of Four,2026-05-15,AA Email Man,true,9,0,9,8.0
Takashi Murakami · Multiple · 2026 Q2,Set of Four,2026-05-15,AA Meta,true,2,0,2,2.0
Takashi Murakami · Multiple · 2026 Q2,Set of Four,2026-05-15,Direct,true,1,0,1,1.0
Takashi Murakami · Multiple · 2026 Q2,Set of Four,2026-05-16,AA Email Man,true,1,0,1,1.0
Takashi Murakami · Multiple · 2026 Q2,Set of Four,2026-05-16,AA Meta,true,1,0,1,1.0
Takashi Murakami · Multiple · 2026 Q2,Set of Four,2026-05-18,AA Email Man,true,3,0,3,3.0
Takashi Murakami · Multiple · 2026 Q2,Set of Four,2026-05-18,Direct,true,1,0,1,1.0
Takashi Murakami · Multiple · 2026 Q2,Set of Four,2026-05-21,AA Meta,true,2,0,2,2.0
Takashi Murakami · Multiple · 2026 Q2,Set of Four,2026-05-21,Direct,true,1,0,1,1.0
Takashi Murakami · Multiple · 2026 Q2,Set of Four,2026-05-25,Direct,true,1,0,1,1.0
Takashi Murakami · Multiple · 2026 Q2,Set of Four,2026-05-26,AA Email Man,true,1,0,1,1.0
Takashi Murakami · Multiple · 2026 Q2,Set of Four,2026-05-27,AA Email Man,true,4,0,4,4.0
Takashi Murakami · Multiple · 2026 Q2,Set of Four,2026-05-27,Direct,true,2,0,2,2.0
Takashi Murakami · Multiple · 2026 Q2,Set of Four,2026-05-27,Other,true,1,0,1,1.0
Takashi Murakami · Multiple · 2026 Q2,Set of Four,2026-05-27,Referral Other,true,1,0,1,1.0
Takashi Murakami · Multiple · 2026 Q2,"Tan Tan Bo Communicating with Someone, Somewhere in the Universe, 2014",2026-04-08,Direct,true,1,0,1,0.0
Takashi Murakami · Multiple · 2026 Q2,"Tan Tan Bo Communicating with Someone, Somewhere in the Universe, 2014",2026-04-08,Organic Search,true,1,0,1,0.0
Takashi Murakami · Multiple · 2026 Q2,"Tan Tan Bo Communicating with Someone, Somewhere in the Universe, 2014",2026-04-09,Direct,true,2,0,2,0.0
Takashi Murakami · Multiple · 2026 Q2,"Tan Tan Bo Communicating with Someone, Somewhere in the Universe, 2014",2026-04-09,Organic Search,true,1,0,1,0.0
Takashi Murakami · Multiple · 2026 Q2,"Tan Tan Bo Communicating with Someone, Somewhere in the Universe, 2014",2026-04-10,AA Email Man,true,2,0,2,0.0
Takashi Murakami · Multiple · 2026 Q2,"Tan Tan Bo Communicating with Someone, Somewhere in the Universe, 2014",2026-04-12,Direct,true,1,0,1,0.0
Takashi Murakami · Multiple · 2026 Q2,"Tan Tan Bo Communicating with Someone, Somewhere in the Universe, 2014",2026-04-14,Direct,true,1,0,1,0.0
Takashi Murakami · Multiple · 2026 Q2,"Tan Tan Bo Communicating with Someone, Somewhere in the Universe, 2014",2026-04-14,Referral Other,true,1,0,1,0.0
Takashi Murakami · Multiple · 2026 Q2,"Tan Tan Bo Communicating with Someone, Somewhere in the Universe, 2014",2026-04-21,Referral Other,true,1,0,1,0.0
Takashi Murakami · Multiple · 2026 Q2,"Tan Tan Bo Communicating with Someone, Somewhere in the Universe, 2014",2026-04-22,Direct,true,1,0,1,1.0
Takashi Murakami · Multiple · 2026 Q2,"Tan Tan Bo Communicating with Someone, Somewhere in the Universe, 2014",2026-04-30,AA Email Auto,true,4,4,4,2.0
Takashi Murakami · Multiple · 2026 Q2,"Tan Tan Bo Communicating with Someone, Somewhere in the Universe, 2014",2026-04-30,AA Email Man,true,4,4,4,2.0
Takashi Murakami · Multiple · 2026 Q2,"Tan Tan Bo Communicating with Someone, Somewhere in the Universe, 2014",2026-04-30,Direct,true,2,2,2,0.0
Takashi Murakami · Multiple · 2026 Q2,"Tan Tan Bo Communicating with Someone, Somewhere in the Universe, 2014",2026-04-30,Referral Other,true,4,4,4,1.0
Takashi Murakami · Multiple · 2026 Q2,"Tan Tan Bo Communicating with Someone, Somewhere in the Universe, 2014",2026-04-30,untracked,true,1,1,1,1.0
Takashi Murakami · Multiple · 2026 Q2,"Tan Tan Bo Communicating with Someone, Somewhere in the Universe, 2014",2026-05-01,AA Email Auto,true,1,1,1,0.0
Takashi Murakami · Multiple · 2026 Q2,"Tan Tan Bo Communicating with Someone, Somewhere in the Universe, 2014",2026-05-01,AA Email Man,true,1,1,1,0.0
Takashi Murakami · Multiple · 2026 Q2,"Tan Tan Bo Communicating with Someone, Somewhere in the Universe, 2014",2026-05-01,Direct,true,8,1,8,1.0
Takashi Murakami · Multiple · 2026 Q2,"Tan Tan Bo Communicating with Someone, Somewhere in the Universe, 2014",2026-05-01,Organic Search,true,1,1,1,0.0
Takashi Murakami · Multiple · 2026 Q2,"Tan Tan Bo Communicating with Someone, Somewhere in the Universe, 2014",2026-05-01,Referral Other,true,4,4,4,2.0
Takashi Murakami · Multiple · 2026 Q2,"Tan Tan Bo Communicating with Someone, Somewhere in the Universe, 2014",2026-05-01,untracked,true,1,0,1,1.0
Takashi Murakami · Multiple · 2026 Q2,"Tan Tan Bo Communicating with Someone, Somewhere in the Universe, 2014",2026-05-02,AA Email Man,true,1,0,1,1.0
Takashi Murakami · Multiple · 2026 Q2,"Tan Tan Bo Communicating with Someone, Somewhere in the Universe, 2014",2026-05-02,Direct,true,1,0,1,0.0
Takashi Murakami · Multiple · 2026 Q2,"Tan Tan Bo Communicating with Someone, Somewhere in the Universe, 2014",2026-05-02,Referral Other,true,1,0,1,1.0
Takashi Murakami · Multiple · 2026 Q2,"Tan Tan Bo Communicating with Someone, Somewhere in the Universe, 2014",2026-05-04,untracked,true,1,0,1,0.0
Takashi Murakami · Multiple · 2026 Q2,"Tan Tan Bo Communicating with Someone, Somewhere in the Universe, 2014",2026-05-06,Referral Other,true,1,0,1,0.0
Takashi Murakami · Multiple · 2026 Q2,"Tan Tan Bo Communicating with Someone, Somewhere in the Universe, 2014",2026-05-07,Direct,true,1,0,1,1.0
Takashi Murakami · Multiple · 2026 Q2,"Tan Tan Bo Communicating with Someone, Somewhere in the Universe, 2014",2026-05-09,Referral Other,true,1,1,1,1.0
Takashi Murakami · Multiple · 2026 Q2,"Tan Tan Bo Communicating with Someone, Somewhere in the Universe, 2014",2026-05-14,Direct,true,2,0,2,2.0
Takashi Murakami · Multiple · 2026 Q2,"Tan Tan Bo Communicating with Someone, Somewhere in the Universe, 2014",2026-05-27,AA Email Auto,true,3,0,3,1.0
Takashi Murakami · Multiple · 2026 Q2,"Tan Tan Bo Communicating with Someone, Somewhere in the Universe, 2014",2026-05-27,AA Email Man,true,54,0,54,27.0
Takashi Murakami · Multiple · 2026 Q2,"Tan Tan Bo Communicating with Someone, Somewhere in the Universe, 2014",2026-05-27,AA Meta,true,5,0,5,2.0
Takashi Murakami · Multiple · 2026 Q2,"Tan Tan Bo Communicating with Someone, Somewhere in the Universe, 2014",2026-05-27,Direct,true,38,0,38,16.0
Takashi Murakami · Multiple · 2026 Q2,"Tan Tan Bo Communicating with Someone, Somewhere in the Universe, 2014",2026-05-27,Organic Search,true,17,0,17,8.0
Takashi Murakami · Multiple · 2026 Q2,"Tan Tan Bo Communicating with Someone, Somewhere in the Universe, 2014",2026-05-27,Other,true,2,0,2,2.0
Takashi Murakami · Multiple · 2026 Q2,"Tan Tan Bo Communicating with Someone, Somewhere in the Universe, 2014",2026-05-27,Paid Social,true,2,0,2,1.0
Takashi Murakami · Multiple · 2026 Q2,"Tan Tan Bo Communicating with Someone, Somewhere in the Universe, 2014",2026-05-27,Referral Other,true,5,0,5,2.0
Takashi Murakami · Multiple · 2026 Q2,"Tan Tan Bo Communicating with Someone, Somewhere in the Universe, 2014",2026-05-27,untracked,true,4,0,4,3.0
Takashi Murakami · Multiple · 2026 Q2,"Tan Tan Bo Communicating with Someone, Somewhere in the Universe, 2014",2026-06-01,untracked,true,1,0,1,1.0
Takashi Murakami · Multiple · 2026 Q2,"Tan Tan Bo Communicating with Someone, Somewhere in the Universe, 2014",2026-06-02,Direct,true,1,0,1,0.0
Takashi Murakami · Multiple · 2026 Q2,"Tan Tan Bo Communicating with Someone, Somewhere in the Universe, 2014",2026-06-03,AA Email Man,true,1,0,1,0.0
Takashi Murakami · Multiple · 2026 Q2,"Tan Tan Bo Communicating with Someone, Somewhere in the Universe, 2014",2026-06-10,Direct,true,1,0,1,0.0
Takashi Murakami · Multiple · 2026 Q2,"Tan Tan Bo Communicating with Someone, Somewhere in the Universe, 2014",2026-07-10,Organic Search,true,1,0,1,0.0
Takashi Murakami · Multiple · 2026 Q2,"Tan Tan Bo Communicating with Someone, Somewhere in the Universe, 2014",2026-08-28,AA Meta,true,1,0,1,0.0
Takashi Murakami · Multiple · 2026 Q2,"Tan Tan Bo Communicating with Someone, Somewhere in the Universe, 2014",2026-09-04,Direct,true,1,0,1,0.0
Takashi Murakami · Multiple · 2026 Q2,"[Set of 4] Flowers of Heaven, 2018, Lollipop Flowers Rainbow, Mid-summer Pandas Golden Sky, 2021, Tan Tan Bo Communicating with Someone, Somewhere in the Universe, 2014",2026-04-09,Direct,true,1,0,1,0.0
Takashi Murakami · Multiple · 2026 Q2,"[Set of 4] Flowers of Heaven, 2018, Lollipop Flowers Rainbow, Mid-summer Pandas Golden Sky, 2021, Tan Tan Bo Communicating with Someone, Somewhere in the Universe, 2014",2026-04-14,untracked,true,1,0,1,0.0
Taku Obata · B BOY JUSHI · 2025 Q1,B BOY JUSHI,2025-01-08,Direct,true,1,0,0,0.0
Taku Obata · B BOY JUSHI · 2025 Q1,B BOY JUSHI,2025-01-13,AA Email Man,true,2,2,0,0.0
Taku Obata · B BOY JUSHI · 2025 Q1,B BOY JUSHI,2025-01-13,Direct,true,1,1,0,0.0
Taku Obata · B BOY JUSHI · 2025 Q1,B BOY JUSHI,2025-01-13,Other,true,1,1,0,0.0
Taku Obata · B BOY JUSHI · 2025 Q1,B BOY JUSHI,2025-01-13,Referral Meta,true,3,3,0,0.0
Taku Obata · B BOY JUSHI · 2025 Q1,B BOY JUSHI,2025-01-13,Referral Other,true,4,4,0,0.0
Taku Obata · B BOY JUSHI · 2025 Q1,B BOY JUSHI,2025-01-14,AA Email Man,true,3,3,0,0.0
Taku Obata · B BOY JUSHI · 2025 Q1,B BOY JUSHI,2025-01-14,AA Meta,true,1,1,0,0.0
Taku Obata · B BOY JUSHI · 2025 Q1,B BOY JUSHI,2025-01-14,Direct,true,1,1,0,0.0
Taku Obata · B BOY JUSHI · 2025 Q1,B BOY JUSHI,2025-01-14,Referral Meta,true,3,3,0,0.0
Taku Obata · B BOY JUSHI · 2025 Q1,B BOY JUSHI,2025-01-14,Referral Other,true,8,8,0,0.0
Taku Obata · B BOY JUSHI · 2025 Q1,B BOY JUSHI,2025-01-15,Direct,true,1,1,0,0.0
Taku Obata · B BOY JUSHI · 2025 Q1,B BOY JUSHI,2025-01-15,Organic Search,true,1,1,0,0.0
Taku Obata · B BOY JUSHI · 2025 Q1,B BOY JUSHI,2025-01-15,Referral Other,true,2,2,0,0.0
Taku Obata · B BOY JUSHI · 2025 Q1,B BOY JUSHI,2025-01-16,AA Meta,true,1,1,0,0.0
Taku Obata · B BOY JUSHI · 2025 Q1,B BOY JUSHI,2025-01-17,AA Email Man,true,1,1,0,0.0
Taku Obata · B BOY JUSHI · 2025 Q1,B BOY JUSHI,2025-01-17,Organic Search,true,1,1,0,0.0
Taku Obata · B BOY JUSHI · 2025 Q1,B BOY JUSHI,2025-01-17,Referral Other,true,6,6,0,0.0
Taku Obata · B BOY JUSHI · 2025 Q1,B BOY JUSHI,2025-01-18,AA Email Man,true,1,1,0,0.0
Taku Obata · B BOY JUSHI · 2025 Q1,B BOY JUSHI,2025-01-18,Referral Other,true,2,2,0,0.0
Taku Obata · B BOY JUSHI · 2025 Q1,B BOY JUSHI,2025-01-20,AA Email Man,true,1,0,0,0.0
Taku Obata · B BOY JUSHI · 2025 Q1,B BOY JUSHI,2025-01-21,AA Meta,true,1,0,0,0.0
Taku Obata · B BOY JUSHI · 2025 Q1,B BOY JUSHI,2025-01-21,Direct,true,1,0,0,0.0
Taku Obata · B BOY JUSHI · 2025 Q1,B BOY JUSHI,2025-01-22,AA Email Man,true,1,0,0,0.0
Taku Obata · B BOY JUSHI · 2025 Q1,B BOY JUSHI,2025-01-22,Direct,true,1,0,0,0.0
Taku Obata · B BOY JUSHI · 2025 Q1,B BOY JUSHI,2025-01-24,AA Meta,true,1,0,0,0.0
Taku Obata · B BOY JUSHI · 2025 Q1,B BOY JUSHI,2025-01-27,AA Email Man,true,4,0,0,0.0
Taku Obata · B BOY JUSHI · 2025 Q1,B BOY JUSHI,2025-01-27,Referral Artist,true,1,0,0,0.0
Taku Obata · B BOY JUSHI · 2025 Q1,B BOY JUSHI,2025-01-27,Referral Other,true,1,0,0,0.0
Taku Obata · B BOY JUSHI · 2025 Q1,B BOY JUSHI,2025-01-28,Direct,true,1,0,0,0.0
Taku Obata · B BOY JUSHI · 2025 Q1,B BOY JUSHI,2025-02-12,Referral Artist,true,1,0,0,0.0
Taku Obata · B BOY JUSHI · 2025 Q1,B BOY JUSHI,2025-02-21,AA Email Auto,true,1,0,0,0.0
Taku Obata · B BOY JUSHI · 2025 Q1,B BOY JUSHI,2025-02-21,AA Email Man,true,6,0,0,0.0
Taku Obata · B BOY JUSHI · 2025 Q1,B BOY JUSHI,2025-02-21,AA Meta,true,32,0,0,0.0
Taku Obata · B BOY JUSHI · 2025 Q1,B BOY JUSHI,2025-02-21,AA Other,true,1,0,0,0.0
Taku Obata · B BOY JUSHI · 2025 Q1,B BOY JUSHI,2025-02-21,Direct,true,9,0,0,0.0
Taku Obata · B BOY JUSHI · 2025 Q1,B BOY JUSHI,2025-02-21,Organic Search,true,5,0,0,0.0
Taku Obata · B BOY JUSHI · 2025 Q1,B BOY JUSHI,2025-02-21,Paid Social,true,2,0,0,0.0
Taku Obata · B BOY JUSHI · 2025 Q1,B BOY JUSHI,2025-02-21,Referral Artist,true,27,0,0,0.0
Taku Obata · B BOY JUSHI · 2025 Q1,B BOY JUSHI,2025-02-21,Referral Meta,true,1,0,0,0.0
Taku Obata · B BOY JUSHI · 2025 Q1,B BOY JUSHI,2025-02-21,Referral Other,true,7,0,0,0.0
Taku Obata · B BOY JUSHI · 2025 Q1,B BOY JUSHI,2025-03-20,AA Email Man,true,1,0,0,0.0
Taku Obata · B BOY SEIDOU · 2024 Q4,B BOY SEIDOU,2024-09-13,Direct,true,1,0,0,0.0
Taku Obata · B BOY SEIDOU · 2024 Q4,B BOY SEIDOU,2024-09-14,Referral Other,true,1,0,0,0.0
Taku Obata · B BOY SEIDOU · 2024 Q4,B BOY SEIDOU,2024-09-17,Referral Other,true,1,1,0,0.0
Taku Obata · B BOY SEIDOU · 2024 Q4,B BOY SEIDOU,2024-09-18,Organic Search,true,1,0,0,0.0
Taku Obata · B BOY SEIDOU · 2024 Q4,B BOY SEIDOU,2024-09-19,Referral Other,true,1,1,0,0.0
Taku Obata · B BOY SEIDOU · 2024 Q4,B BOY SEIDOU,2024-09-19,untracked,true,1,0,0,0.0
Taku Obata · B BOY SEIDOU · 2024 Q4,B BOY SEIDOU,2024-09-20,AA Meta,true,1,0,0,0.0
Taku Obata · B BOY SEIDOU · 2024 Q4,B BOY SEIDOU,2024-09-20,Organic Search,true,1,0,0,0.0
Taku Obata · B BOY SEIDOU · 2024 Q4,B BOY SEIDOU,2024-09-20,Referral Artist,true,1,0,0,0.0
Taku Obata · B BOY SEIDOU · 2024 Q4,B BOY SEIDOU,2024-09-30,Referral Other,true,1,0,0,0.0
Taku Obata · B BOY SEIDOU · 2024 Q4,B BOY SEIDOU,2024-10-01,AA Email Man,true,1,0,0,0.0
Taku Obata · B BOY SEIDOU · 2024 Q4,B BOY SEIDOU,2024-10-01,AA Meta,true,3,0,0,0.0
Taku Obata · B BOY SEIDOU · 2024 Q4,B BOY SEIDOU,2024-10-01,Direct,true,1,0,0,0.0
Taku Obata · B BOY SEIDOU · 2024 Q4,B BOY SEIDOU,2024-10-01,Paid Social,true,5,0,0,0.0
Taku Obata · B BOY SEIDOU · 2024 Q4,B BOY SEIDOU,2024-10-01,Referral Artist,true,1,0,0,0.0
Taku Obata · B BOY SEIDOU · 2024 Q4,B BOY SEIDOU,2024-10-01,Referral Meta,true,2,0,0,0.0
Taku Obata · B BOY SEIDOU · 2024 Q4,B BOY SEIDOU,2024-10-02,Direct,true,1,0,0,0.0
Tau Lewis · Poppy · 2021 Q3,Poppy,2023-06-21,Untracked,false,1,0,0,0.0
Taylor Lee · Multiple · 2023 Q4,Beach Ball Strong Woman,2023-11-13,Direct,true,1,0,0,0.0
Taylor Lee · Multiple · 2023 Q4,Happy Face Strong Woman,2023-11-13,Direct,true,1,0,0,0.0
Taylor Lee · Multiple · 2023 Q4,Tubie Series,2023-10-27,Organic Search,true,1,0,0,0.0
Taylor Lee · Multiple · 2023 Q4,Tubie Series,2023-11-13,AA Email Man,true,1,0,0,0.0
Taylor Lee · Multiple · 2023 Q4,Tubie Series,2023-11-13,AA Meta,true,1,0,0,0.0
Taylor Lee · Multiple · 2023 Q4,Tubie Series,2023-11-13,Direct,true,1,0,0,0.0
Taylor Lee · Multiple · 2023 Q4,Tubie Series,2023-11-14,AA Email Man,true,1,0,0,0.0
Taylor Lee · Multiple · 2023 Q4,Tubie Series,2023-11-16,Referral Other,true,1,0,0,0.0
Taylor Lee · Multiple · 2023 Q4,Tubie Series,2023-12-02,Organic Search,true,1,0,0,0.0
Taylor Lee · Multiple · 2023 Q4,Tubie Series,2024-03-07,Referral Other,true,1,0,0,0.0
Thenjiwe Niki Nkosi · Multiple · 2021 Q4,Landing,2023-02-06,Untracked,false,1,0,0,0.0
Thenjiwe Niki Nkosi · Multiple · 2021 Q4,Landing,2023-06-04,Untracked,false,1,0,0,0.0
Thenjiwe Niki Nkosi · Multiple · 2021 Q4,Landing,2023-06-22,untracked,true,1,0,0,0.0
Thenjiwe Niki Nkosi · Multiple · 2021 Q4,Landing,2023-12-16,Untracked,false,1,0,0,0.0
Thenjiwe Niki Nkosi · Multiple · 2021 Q4,Landing,2024-04-12,Untracked,false,1,0,0,0.0
Tom Sachs · Too Darn Hot · 2022 Q4,Too Darn Hot,2023-01-19,Untracked,false,2,0,0,0.0
Tom Sachs · Too Darn Hot · 2022 Q4,Too Darn Hot,2023-02-04,Untracked,false,1,0,0,0.0
Tom Sachs · Too Darn Hot · 2022 Q4,Too Darn Hot,2023-06-28,Untracked,false,1,0,0,0.0
Tom Sachs · Too Darn Hot · 2022 Q4,Too Darn Hot,2023-08-16,Referral Other,true,1,0,0,0.0
Tom Sachs · Too Darn Hot · 2022 Q4,Too Darn Hot,2023-09-19,AA Email Man,true,1,0,0,0.0
Tom Sachs · Too Darn Hot · 2022 Q4,Too Darn Hot,2024-04-26,Untracked,false,1,0,0,0.0
Tom Sachs · Too Darn Hot · 2022 Q4,Too Darn Hot,2024-06-12,Untracked,false,1,0,0,0.0
Tom Sachs · Too Darn Hot · 2022 Q4,Too Darn Hot,2024-10-03,Direct,true,1,0,0,0.0
Tom Sachs · Too Darn Hot · 2022 Q4,Too Darn Hot,2025-06-04,Untracked,false,1,0,0,0.0
Tomokazu Matsuyama · Morning Sun Dance · 2025 Q3,Morning Sun Dance,2025-09-10,Organic Search,true,1,0,1,0.0
Tomokazu Matsuyama · Morning Sun Dance · 2025 Q3,Morning Sun Dance,2025-09-12,AA Email Man,true,1,0,1,0.0
Tomokazu Matsuyama · Morning Sun Dance · 2025 Q3,Morning Sun Dance,2025-09-12,AA Meta,true,1,0,1,0.0
Tomokazu Matsuyama · Morning Sun Dance · 2025 Q3,Morning Sun Dance,2025-09-15,Referral Other,true,1,1,1,0.0
Tomokazu Matsuyama · Morning Sun Dance · 2025 Q3,Morning Sun Dance,2025-09-16,Referral Other,true,5,5,5,0.0
Tomokazu Matsuyama · Morning Sun Dance · 2025 Q3,Morning Sun Dance,2025-09-18,AA Email Man,true,2,2,2,0.0
Tomokazu Matsuyama · Morning Sun Dance · 2025 Q3,Morning Sun Dance,2025-09-18,Direct,true,1,1,1,0.0
Tomokazu Matsuyama · Morning Sun Dance · 2025 Q3,Morning Sun Dance,2025-09-18,Referral Other,true,1,1,1,0.0
Tomokazu Matsuyama · Morning Sun Dance · 2025 Q3,Morning Sun Dance,2025-09-19,AA Email Man,true,3,3,3,0.0
Tomokazu Matsuyama · Morning Sun Dance · 2025 Q3,Morning Sun Dance,2025-09-19,Referral Other,true,1,1,1,0.0
Tomokazu Matsuyama · Morning Sun Dance · 2025 Q3,Morning Sun Dance,2025-09-20,AA Email Man,true,1,1,1,0.0
Tomokazu Matsuyama · Morning Sun Dance · 2025 Q3,Morning Sun Dance,2025-09-20,Direct,true,1,1,1,0.0
Tomokazu Matsuyama · Morning Sun Dance · 2025 Q3,Morning Sun Dance,2025-09-22,AA Email Man,true,4,0,4,0.0
Tomokazu Matsuyama · Morning Sun Dance · 2025 Q3,Morning Sun Dance,2025-09-22,Direct,true,2,0,2,0.0
Tomokazu Matsuyama · Morning Sun Dance · 2025 Q3,Morning Sun Dance,2025-09-22,Organic Search,true,1,0,1,0.0
Tomokazu Matsuyama · Morning Sun Dance · 2025 Q3,Morning Sun Dance,2025-09-24,Direct,true,1,0,1,0.0
Tomokazu Matsuyama · Morning Sun Dance · 2025 Q3,Morning Sun Dance,2025-09-24,Referral Other,true,1,0,1,0.0
Tomokazu Matsuyama · Morning Sun Dance · 2025 Q3,Morning Sun Dance,2025-09-29,AA Email Man,true,8,0,8,0.0
Tomokazu Matsuyama · Morning Sun Dance · 2025 Q3,Morning Sun Dance,2025-09-29,AA Meta,true,1,0,1,0.0
Tomokazu Matsuyama · Morning Sun Dance · 2025 Q3,Morning Sun Dance,2025-09-29,Organic Search,true,1,0,1,0.0
Tomokazu Matsuyama · Morning Sun Dance · 2025 Q3,Morning Sun Dance,2025-09-30,untracked,true,7,0,7,0.0
Tomokazu Matsuyama · Morning Sun Dance · 2025 Q3,Morning Sun Dance,2025-11-19,untracked,true,14,0,14,0.0
Tomokazu Matsuyama · Morning Sun Dance · 2025 Q3,Morning Sun Dance,2026-01-12,AA Email Man,true,1,0,1,0.0
Tomokazu Matsuyama · Perfect All Alone Ironic · 2023 Q4,Perfect All Alone Ironic,2023-11-13,untracked,true,1,1,0,0.0
Tomokazu Matsuyama · Perfect All Alone Ironic · 2023 Q4,Perfect All Alone Ironic,2023-11-14,AA Email Man,true,5,5,0,0.0
Tomokazu Matsuyama · Perfect All Alone Ironic · 2023 Q4,Perfect All Alone Ironic,2023-11-14,Direct,true,2,2,0,0.0
Tomokazu Matsuyama · Perfect All Alone Ironic · 2023 Q4,Perfect All Alone Ironic,2023-11-14,untracked,true,1,1,0,0.0
Tomokazu Matsuyama · Perfect All Alone Ironic · 2023 Q4,Perfect All Alone Ironic,2023-11-15,AA Email Man,true,10,10,0,0.0
Tomokazu Matsuyama · Perfect All Alone Ironic · 2023 Q4,Perfect All Alone Ironic,2023-11-15,Organic Search,true,1,1,0,0.0
Tomokazu Matsuyama · Perfect All Alone Ironic · 2023 Q4,Perfect All Alone Ironic,2023-11-15,untracked,true,1,1,0,0.0
Tomokazu Matsuyama · Perfect All Alone Ironic · 2023 Q4,Perfect All Alone Ironic,2023-11-16,AA Email Man,true,2,2,0,0.0
Tomokazu Matsuyama · Perfect All Alone Ironic · 2023 Q4,Perfect All Alone Ironic,2023-11-16,untracked,true,1,1,0,0.0
Tomokazu Matsuyama · Perfect All Alone Ironic · 2023 Q4,Perfect All Alone Ironic,2023-11-17,AA Email Man,true,2,2,0,0.0
Tomokazu Matsuyama · Perfect All Alone Ironic · 2023 Q4,Perfect All Alone Ironic,2023-11-17,Direct,true,1,0,0,0.0
Tomokazu Matsuyama · Perfect All Alone Ironic · 2023 Q4,Perfect All Alone Ironic,2023-11-17,Referral Other,true,1,0,0,0.0
Tomokazu Matsuyama · Perfect All Alone Ironic · 2023 Q4,Perfect All Alone Ironic,2023-11-21,Direct,true,1,0,0,0.0
Tomokazu Matsuyama · Perfect All Alone Ironic · 2023 Q4,Perfect All Alone Ironic,2023-11-22,Direct,true,1,1,0,0.0
Tomokazu Matsuyama · Perfect All Alone Ironic · 2023 Q4,Perfect All Alone Ironic,2023-11-23,AA Email Man,true,1,1,0,0.0
Tomokazu Matsuyama · Perfect All Alone Ironic · 2023 Q4,Perfect All Alone Ironic,2023-11-24,Direct,true,1,1,0,0.0
Tomokazu Matsuyama · Perfect All Alone Ironic · 2023 Q4,Perfect All Alone Ironic,2023-11-25,Direct,true,3,3,0,0.0
Tomokazu Matsuyama · Perfect All Alone Ironic · 2023 Q4,Perfect All Alone Ironic,2023-11-25,Referral Other,true,2,0,0,0.0
Tomokazu Matsuyama · Perfect All Alone Ironic · 2023 Q4,Perfect All Alone Ironic,2023-11-27,Referral Artist,true,1,1,0,0.0
Tomokazu Matsuyama · Perfect All Alone Ironic · 2023 Q4,Perfect All Alone Ironic,2023-11-28,Direct,true,1,1,0,0.0
Tomokazu Matsuyama · Perfect All Alone Ironic · 2023 Q4,Perfect All Alone Ironic,2023-11-30,Direct,true,1,0,0,0.0
Tomokazu Matsuyama · Perfect All Alone Ironic · 2023 Q4,Perfect All Alone Ironic,2023-12-04,Direct,true,1,1,0,0.0
Tomokazu Matsuyama · Perfect All Alone Ironic · 2023 Q4,Perfect All Alone Ironic,2023-12-04,Referral Artist,true,1,1,0,0.0
Tomokazu Matsuyama · Perfect All Alone Ironic · 2023 Q4,Perfect All Alone Ironic,2023-12-05,AA Email Man,true,6,0,0,0.0
Tomokazu Matsuyama · Perfect All Alone Ironic · 2023 Q4,Perfect All Alone Ironic,2023-12-05,AA Meta,true,1,0,0,0.0
Tomokazu Matsuyama · Perfect All Alone Ironic · 2023 Q4,Perfect All Alone Ironic,2023-12-05,Direct,true,2,0,0,0.0
Tomokazu Matsuyama · Perfect All Alone Ironic · 2023 Q4,Perfect All Alone Ironic,2023-12-05,Organic Search,true,3,0,0,0.0
Tomokazu Matsuyama · Perfect All Alone Ironic · 2023 Q4,Perfect All Alone Ironic,2023-12-05,Referral Other,true,1,0,0,0.0
Tomokazu Matsuyama · Perfect All Alone Ironic · 2023 Q4,Perfect All Alone Ironic,2023-12-06,Direct,true,1,0,0,0.0
Tomokazu Matsuyama · Perfect All Alone Ironic · 2023 Q4,Perfect All Alone Ironic,2023-12-06,Organic Search,true,1,0,0,0.0
Tomokazu Matsuyama · Perfect All Alone Ironic · 2023 Q4,Perfect All Alone Ironic,2024-01-02,untracked,true,10,0,0,0.0
Tomokazu Matsuyama · Perfect All Alone Ironic · 2023 Q4,Perfect All Alone Ironic,2024-05-03,untracked,true,14,0,0,0.0
Tomás Sánchez · En el paisaje interior · 2022 Q1,En el paisaje interior,2024-01-29,Referral Other,true,1,0,0,0.0
Tomás Sánchez · Inner Love · 2024 Q1,Inner Love,2024-01-11,Untracked,false,3,0,3,0.0
Tomás Sánchez · Inner Love · 2024 Q1,Inner Love,2024-01-16,Untracked,false,3,0,3,1.0
Tomás Sánchez · Inner Love · 2024 Q1,Inner Love,2024-01-17,Untracked,false,189,188,189,49.0
Tomás Sánchez · Inner Love · 2024 Q1,Inner Love,2024-01-18,Untracked,false,274,61,274,69.0
Tomás Sánchez · Inner Love · 2024 Q1,Inner Love,2024-01-19,Untracked,false,149,8,149,32.0
Tomás Sánchez · Inner Love · 2024 Q1,Inner Love,2024-01-21,Untracked,false,1,0,1,0.0
Tomás Sánchez · Inner Love · 2024 Q1,Inner Love,2024-01-22,Referral Other,true,1,0,1,0.0
Tomás Sánchez · Inner Love · 2024 Q1,Inner Love,2024-01-22,Untracked,false,3,0,3,1.0
Tomás Sánchez · Inner Love · 2024 Q1,Inner Love,2024-01-23,Untracked,false,2,0,2,1.0
Tomás Sánchez · Inner Love · 2024 Q1,Inner Love,2024-01-29,Untracked,false,2,0,2,0.0
Tomás Sánchez · Inner Love · 2024 Q1,Inner Love,2024-02-28,Untracked,false,1,0,1,0.0
Tomás Sánchez · Inner Love · 2024 Q1,Inner Love,2024-05-01,Untracked,false,1,0,1,0.0
Tomás Sánchez · Inner Love · 2024 Q1,Inner Love,2024-07-25,Untracked,false,1,0,1,0.0
Tomás Sánchez · Inner Love · 2024 Q1,Inner Love,2024-07-29,Untracked,false,1,0,1,0.0
Tomás Sánchez · Inner Love · 2024 Q1,Inner Love,2024-07-31,Untracked,false,1,0,1,0.0
Tomás Sánchez · Inner Love · 2024 Q1,Inner Love,2024-08-05,Untracked,false,1,0,1,0.0
Tomás Sánchez · Inner Love · 2024 Q1,Inner Love,2024-09-17,Untracked,false,1,0,1,1.0
Tomás Sánchez · Inner Love · 2024 Q1,Inner Love,2024-10-21,Untracked,false,2,0,2,1.0
Tomás Sánchez · Inner Love · 2024 Q1,Inner Love,2025-04-07,Untracked,false,1,0,1,0.0
Tomás Sánchez · Inner Love · 2024 Q1,Inner Love,2025-04-09,Untracked,false,1,0,1,0.0
Tomás Sánchez · Meditador en la orilla (Hand-finished) · 2020 Q4,Meditador en la orilla (Hand-finished),2023-06-01,Untracked,false,1,0,0,0.0
Tomás Sánchez · Meditador en la orilla · 2020 Q3,Meditador en la orilla,2024-01-05,Untracked,false,1,0,0,0.0
Tomás Sánchez · Meditador en la orilla · 2020 Q3,Meditador en la orilla,2024-08-07,Untracked,false,1,0,0,0.0
Tomás Sánchez · Multiple · 2021 Q1,Contemplar al Otro en Tarde Rosa,2023-11-14,Untracked,false,1,0,0,0.0
Tomás Sánchez · Multiple · 2021 Q1,Contemplar al Otro en Tarde Rosa,2024-07-27,Untracked,false,1,0,0,0.0
Tomás Sánchez · Multiple · 2021 Q1,Encontrar al Meditador,2023-01-25,Untracked,false,1,0,0,0.0
Tomás Sánchez · Multiple · 2021 Q1,Encontrar al Meditador,2023-02-24,Untracked,false,1,0,0,0.0
Tomás Sánchez · Multiple · 2021 Q1,Encontrar al Meditador,2023-03-02,Untracked,false,1,0,0,0.0
Tomás Sánchez · Multiple · 2021 Q1,Encontrar al Meditador,2023-03-18,Untracked,false,1,0,0,0.0
Tomás Sánchez · Multiple · 2021 Q1,Encontrar al Meditador,2023-04-11,Untracked,false,1,0,0,0.0
Tomás Sánchez · Multiple · 2021 Q1,Encontrar al Meditador,2023-04-24,Untracked,false,1,0,0,0.0
Tomás Sánchez · Multiple · 2021 Q1,Encontrar al Meditador,2023-04-30,Untracked,false,1,0,0,0.0
Tomás Sánchez · Multiple · 2021 Q1,Encontrar al Meditador,2024-08-13,Untracked,false,1,0,0,0.0
Tomás Sánchez · Multiple · 2021 Q1,Encontrar al Meditador,2024-09-12,Untracked,false,1,0,0,0.0
Tomás Sánchez · Multiple · 2025 Q1,Cascada Como Ícono,2025-02-27,Untracked,false,1,0,1,1.0
Tomás Sánchez · Multiple · 2025 Q1,Cascada como ícono,2025-03-05,Untracked,false,1,0,1,0.0
Tomás Sánchez · Multiple · 2025 Q1,Cascada como ícono,2025-03-30,Untracked,false,60,60,60,17.0
Tomás Sánchez · Multiple · 2025 Q1,Cascada como ícono,2025-03-31,Untracked,false,147,32,147,29.0
Tomás Sánchez · Multiple · 2025 Q1,Cascada como ícono,2025-04-01,Untracked,false,105,0,105,20.0
Tomás Sánchez · Multiple · 2025 Q1,Cascada como ícono,2025-04-02,Untracked,false,63,1,63,15.0
Tomás Sánchez · Multiple · 2025 Q1,Cascada como ícono,2025-04-03,Untracked,false,2,0,2,0.0
Tomás Sánchez · Multiple · 2025 Q1,Cascada como ícono,2025-04-04,Untracked,false,1,0,1,0.0
Tomás Sánchez · Multiple · 2025 Q1,Cascada como ícono,2025-04-24,Untracked,false,2,0,2,1.0
Tomás Sánchez · Multiple · 2025 Q1,Cascada como ícono,2025-05-19,Untracked,false,1,0,1,0.0
Tomás Sánchez · Multiple · 2025 Q1,Cascada como ícono,2025-05-23,Untracked,false,1,0,1,0.0
Tomás Sánchez · Multiple · 2025 Q1,Cascada como ícono,2025-06-06,Untracked,false,2,0,2,0.0
Tomás Sánchez · Multiple · 2025 Q1,Cascada como ícono,2025-06-25,Untracked,false,1,0,1,0.0
Tomás Sánchez · Multiple · 2025 Q1,Cascada como ícono,2025-07-28,Untracked,false,1,0,1,0.0
Tomás Sánchez · Multiple · 2025 Q1,Cascada como ícono,2025-08-23,Untracked,false,1,0,1,0.0
Tomás Sánchez · Multiple · 2025 Q1,Cascada como ícono,2026-01-27,Untracked,false,1,0,1,0.0
Tomás Sánchez · Multiple · 2025 Q1,El Testigo,2025-02-26,Untracked,false,1,0,1,0.0
Tomás Sánchez · Multiple · 2025 Q1,El Testigo,2025-02-27,Untracked,false,1,0,1,1.0
Tomás Sánchez · Multiple · 2025 Q1,El testigo,2025-03-05,Untracked,false,1,0,1,0.0
Tomás Sánchez · Multiple · 2025 Q1,El testigo,2025-03-25,Untracked,false,1,0,1,1.0
Tomás Sánchez · Multiple · 2025 Q1,El testigo,2025-03-27,Untracked,false,1,0,1,0.0
Tomás Sánchez · Multiple · 2025 Q1,El testigo,2025-03-30,Untracked,false,58,58,58,11.0
Tomás Sánchez · Multiple · 2025 Q1,El testigo,2025-03-31,Untracked,false,144,28,144,29.0
Tomás Sánchez · Multiple · 2025 Q1,El testigo,2025-04-01,Untracked,false,96,0,96,18.0
Tomás Sánchez · Multiple · 2025 Q1,El testigo,2025-04-02,Untracked,false,68,1,68,18.0
Tomás Sánchez · Multiple · 2025 Q1,El testigo,2025-04-03,Untracked,false,3,0,3,1.0
Tomás Sánchez · Multiple · 2025 Q1,El testigo,2025-04-04,Untracked,false,1,0,1,0.0
Tomás Sánchez · Multiple · 2025 Q1,El testigo,2025-04-07,Untracked,false,3,0,3,0.0
Tomás Sánchez · Multiple · 2025 Q1,El testigo,2025-04-09,Untracked,false,2,0,2,0.0
Tomás Sánchez · Multiple · 2025 Q1,El testigo,2025-04-15,Untracked,false,1,0,1,0.0
Tomás Sánchez · Multiple · 2025 Q1,El testigo,2025-06-03,Untracked,false,1,0,1,0.0
Tomás Sánchez · Multiple · 2025 Q1,El testigo,2025-06-06,Untracked,false,1,0,1,0.0
Tomás Sánchez · Multiple · 2025 Q1,El testigo,2025-06-13,Referral Other,true,1,0,1,0.0
Tomás Sánchez · Multiple · 2025 Q1,El testigo,2026-01-29,Untracked,false,1,0,1,0.0
Tomás Sánchez · Multiple · 2025 Q1,El testigo,2026-01-30,Untracked,false,2,0,2,1.0
Tomás Sánchez · Multiple · 2025 Q1,El testigo,2026-05-07,Untracked,false,1,0,1,0.0
Tomás Sánchez · Multiple · 2025 Q1,El testigo & Cascada como ícono,2025-03-30,Untracked,false,15,13,15,6.0
Tomás Sánchez · Multiple · 2025 Q1,El testigo & Cascada como ícono,2025-03-31,Untracked,false,15,12,15,2.0
Tomás Sánchez · Multiple · 2025 Q1,El testigo & Cascada como ícono,2025-04-01,Untracked,false,5,0,5,3.0
Tomás Sánchez · Multiple · 2025 Q1,El testigo & Cascada como ícono,2025-04-02,Untracked,false,1,0,1,0.0
Tomás Sánchez · Multiple · 2025 Q1,El testigo & Cascada como ícono,2025-08-12,untracked,true,1,0,1,0.0
Tomás Sánchez · Multiple · 2026 Q1,Autorretrato en tarde rosa,2026-01-09,Untracked,false,1,0,1,1.0
Tomás Sánchez · Multiple · 2026 Q1,Autorretrato en tarde rosa,2026-01-13,Untracked,false,1,0,1,0.0
Tomás Sánchez · Multiple · 2026 Q1,Autorretrato en tarde rosa,2026-01-26,Untracked,false,52,52,52,17.0
Tomás Sánchez · Multiple · 2026 Q1,Autorretrato en tarde rosa,2026-01-27,Untracked,false,107,36,107,36.0
Tomás Sánchez · Multiple · 2026 Q1,Autorretrato en tarde rosa,2026-01-28,Untracked,false,69,1,69,15.5
Tomás Sánchez · Multiple · 2026 Q1,Autorretrato en tarde rosa,2026-01-29,Untracked,false,67,3,67,21.0
Tomás Sánchez · Multiple · 2026 Q1,Autorretrato en tarde rosa,2026-01-30,Untracked,false,3,0,3,1.0
Tomás Sánchez · Multiple · 2026 Q1,Autorretrato en tarde rosa,2026-02-02,Untracked,false,4,0,4,3.0
Tomás Sánchez · Multiple · 2026 Q1,Autorretrato en tarde rosa,2026-02-04,Untracked,false,1,0,1,0.0
Tomás Sánchez · Multiple · 2026 Q1,Autorretrato en tarde rosa,2026-02-06,Untracked,false,1,0,1,0.0
Tomás Sánchez · Multiple · 2026 Q1,Autorretrato en tarde rosa,2026-02-09,Untracked,false,1,0,1,0.0
Tomás Sánchez · Multiple · 2026 Q1,Autorretrato en tarde rosa,2026-02-10,Untracked,false,1,0,1,0.0
Tomás Sánchez · Multiple · 2026 Q1,Autorretrato en tarde rosa,2026-02-11,Untracked,false,2,0,2,1.0
Tomás Sánchez · Multiple · 2026 Q1,Autorretrato en tarde rosa,2026-02-24,Untracked,false,1,0,1,0.0
Tomás Sánchez · Multiple · 2026 Q1,Autorretrato en tarde rosa,2026-03-04,Untracked,false,1,0,1,0.0
Tomás Sánchez · Multiple · 2026 Q1,Autorretrato en tarde rosa,2026-03-09,Untracked,false,1,0,1,0.0
Tomás Sánchez · Multiple · 2026 Q1,Autorretrato en tarde rosa,2026-03-10,Untracked,false,1,0,1,0.0
Tomás Sánchez · Multiple · 2026 Q1,Autorretrato en tarde rosa,2026-04-11,Untracked,false,1,0,1,0.0
Tomás Sánchez · Multiple · 2026 Q1,Autorretrato en tarde rosa,2026-05-05,Untracked,false,1,0,1,0.0
Tomás Sánchez · Multiple · 2026 Q1,Pensamiento - Nube,2025-12-19,Untracked,false,1,0,1,1.0
Tomás Sánchez · Multiple · 2026 Q1,Pensamiento-nube,2026-01-20,Untracked,false,1,0,1,0.0
Tomás Sánchez · Multiple · 2026 Q1,Pensamiento-nube,2026-01-26,Untracked,false,31,31,31,14.0
Tomás Sánchez · Multiple · 2026 Q1,Pensamiento-nube,2026-01-27,Untracked,false,68,16,68,15.0
Tomás Sánchez · Multiple · 2026 Q1,Pensamiento-nube,2026-01-28,Untracked,false,55,3,55,15.5
Tomás Sánchez · Multiple · 2026 Q1,Pensamiento-nube,2026-01-29,Untracked,false,49,0,49,13.0
Tomás Sánchez · Multiple · 2026 Q1,Pensamiento-nube,2026-01-30,Untracked,false,1,0,1,1.0
Tomás Sánchez · Multiple · 2026 Q1,Pensamiento-nube,2026-02-02,Untracked,false,3,0,3,1.0
Tomás Sánchez · Multiple · 2026 Q1,Pensamiento-nube,2026-02-03,Untracked,false,1,0,1,1.0
Tomás Sánchez · Multiple · 2026 Q1,Pensamiento-nube,2026-02-09,Untracked,false,1,0,1,1.0
Tomás Sánchez · Multiple · 2026 Q1,Pensamiento-nube,2026-02-17,Untracked,false,1,0,1,0.0
Tomás Sánchez · Multiple · 2026 Q1,Pensamiento-nube,2026-02-23,Untracked,false,1,0,1,0.0
Tomás Sánchez · Multiple · 2026 Q1,Pensamiento-nube,2026-03-04,Untracked,false,1,0,1,0.0
Tomás Sánchez · Multiple · 2026 Q1,Pensamiento-nube,2026-03-09,Untracked,false,1,0,1,0.0
Tomás Sánchez · Multiple · 2026 Q1,Pensamiento-nube,2026-03-10,Untracked,false,1,0,1,0.0
Tomás Sánchez · Multiple · 2026 Q1,Pensamiento-nube,2026-03-18,Untracked,false,1,0,1,0.0
Tomás Sánchez · Multiple · 2026 Q1,Pensamiento-nube & Autorretrato en tarde rosa,2026-01-26,Untracked,false,40,39,40,8.0
Tomás Sánchez · Multiple · 2026 Q1,Pensamiento-nube & Autorretrato en tarde rosa,2026-01-27,Untracked,false,76,34,76,22.0
Tomás Sánchez · Multiple · 2026 Q1,Pensamiento-nube & Autorretrato en tarde rosa,2026-01-28,Untracked,false,18,1,18,3.0
Tomás Sánchez · Multiple · 2026 Q1,Pensamiento-nube & Autorretrato en tarde rosa,2026-01-29,Untracked,false,14,1,14,5.0
Tomás Sánchez · Sonido de aguas en la noche · 2022 Q1,Sonido de aguas en la noche,2023-05-24,Direct,true,1,0,1,0.0
Tomás Sánchez · Sonido de aguas en la noche · 2022 Q1,Sonido de aguas en la noche,2023-10-05,Direct,true,1,0,1,0.0
Tomás Sánchez · Sonido de aguas en la noche · 2022 Q1,Sonido de aguas en la noche,2026-01-29,Referral Other,true,1,0,1,1.0
Trudy Benson · Red Sky · 2019 Q4,Red Sky,2023-01-13,Untracked,false,1,0,0,0.0
Trudy Benson · Red Sky · 2019 Q4,Red Sky,2023-03-15,Untracked,false,1,0,0,0.0
Trudy Benson · Red Sky · 2019 Q4,Red Sky,2024-04-14,Untracked,false,1,0,0,0.0
Trudy Benson · Red Sky · 2019 Q4,Red Sky,2024-09-27,Untracked,false,1,0,0,0.0
Trudy Benson · Red Sky · 2019 Q4,Red Sky,2025-09-06,Untracked,false,1,0,0,0.0
Trudy Benson · Red Sky · 2019 Q4,Red Sky,2026-05-22,Untracked,false,1,0,0,0.0
Tschabalala Self · Multiple · 2023 Q3,Artist Bag (Tschabalala Self),2023-08-03,Untracked,false,1,0,0,0.0
Tschabalala Self · Multiple · 2023 Q3,Artist Bag (Tschabalala Self),2023-08-07,Untracked,false,1,0,0,0.0
Tschabalala Self · Multiple · 2023 Q3,Artist Bag (Tschabalala Self),2024-04-09,Untracked,false,2,0,0,0.0
Tschabalala Self · Multiple · 2023 Q3,Artist Bag (Tschabalala Self),2024-05-06,Untracked,false,1,0,0,0.0
Tschabalala Self · Multiple · 2023 Q3,Artist Bag (Tschabalala Self),2024-07-24,Untracked,false,1,0,0,0.0
Tschabalala Self · Multiple · 2023 Q3,Artist Bag (Tschabalala Self),2025-03-02,Untracked,false,1,0,0,0.0
Tschabalala Self · Multiple · 2023 Q3,Artist Bag (Tschabalala Self),2025-03-11,Untracked,false,1,0,0,0.0
Tschabalala Self · Multiple · 2023 Q3,Artist Bag (Tschabalala Self),2025-06-27,Untracked,false,2,0,0,0.0
Tschabalala Self · Multiple · 2023 Q3,Artist Bag (Tschabalala Self),2025-07-02,Untracked,false,1,0,0,0.0
Tschabalala Self · Multiple · 2023 Q3,Artist Bag (Tschabalala Self),2025-07-11,Untracked,false,1,0,0,0.0
Tschabalala Self · Multiple · 2023 Q3,Artist Bag (Tschabalala Self),2026-09-23,Untracked,false,1,0,0,0.0
Tschabalala Self · Multiple · 2026 Q3,Yellow Sapphire,2026-07-09,AA Email Man,true,3,3,3,3.0
Tschabalala Self · Multiple · 2026 Q3,Yellow Sapphire,2026-07-09,Referral Other,true,7,7,7,7.0
Tschabalala Self · Multiple · 2026 Q3,Yellow Sapphire,2026-07-10,AA Email Man,true,8,8,8,8.0
Tschabalala Self · Multiple · 2026 Q3,Yellow Sapphire,2026-07-10,Direct,true,1,1,1,1.0
Tschabalala Self · Multiple · 2026 Q3,Yellow Sapphire,2026-07-10,Referral Other,true,26,26,26,26.0
Tschabalala Self · Multiple · 2026 Q3,Yellow Sapphire,2026-07-11,Direct,true,2,0,2,2.0
Tschabalala Self · Multiple · 2026 Q3,Yellow Sapphire,2026-07-11,Organic Search,true,1,1,1,1.0
Tschabalala Self · Multiple · 2026 Q3,Yellow Sapphire,2026-07-11,Referral Other,true,6,6,6,6.0
Tschabalala Self · Multiple · 2026 Q3,Yellow Sapphire,2026-07-11,untracked,true,1,1,1,1.0
Tschabalala Self · Multiple · 2026 Q3,Yellow Sapphire,2026-07-12,Direct,true,1,0,1,1.0
Tschabalala Self · Multiple · 2026 Q3,Yellow Sapphire,2026-07-12,Organic Search,true,1,1,1,1.0
Tschabalala Self · Multiple · 2026 Q3,Yellow Sapphire,2026-07-12,Referral Other,true,3,3,3,3.0
Tschabalala Self · Multiple · 2026 Q3,Yellow Sapphire,2026-07-13,Referral Other,true,2,2,2,2.0
Tschabalala Self · Multiple · 2026 Q3,Yellow Sapphire,2026-07-14,AA Email Man,true,3,3,3,3.0
Tschabalala Self · Multiple · 2026 Q3,Yellow Sapphire,2026-07-14,Referral Other,true,7,7,7,7.0
Tschabalala Self · Multiple · 2026 Q3,Yellow Sapphire,2026-07-15,AA Email Man,true,3,3,3,3.0
Tschabalala Self · Multiple · 2026 Q3,Yellow Sapphire,2026-07-15,Referral Other,true,11,11,11,11.0
Tschabalala Self · Multiple · 2026 Q3,Yellow Sapphire,2026-07-27,Direct,true,1,0,1,0.0
Tschabalala Self · Multiple · 2026 Q3,Yellow Sapphire,2026-07-30,Referral Other,true,1,1,1,1.0
Tschabalala Self · Multiple · 2026 Q3,Yellow Sapphire,2026-08-03,Direct,true,2,0,2,0.0
Tschabalala Self · Multiple · 2026 Q3,Yellow Sapphire,2026-08-18,AA Meta,true,1,0,1,0.0
Tschabalala Self · Multiple · 2026 Q3,Yellow Sapphire,2026-08-25,Direct,true,1,0,1,0.0
Tschabalala Self · Multiple · 2026 Q3,Yellow Sapphire,2026-08-25,Paid Social,true,1,0,1,0.0
Tschabalala Self · Multiple · 2026 Q3,Yellow Sapphire,2026-09-01,AA Email Man,true,4,0,4,0.0
Tschabalala Self · Multiple · 2026 Q3,Yellow Sapphire,2026-09-01,Direct,true,2,0,2,0.0
Tschabalala Self · Multiple · 2026 Q3,Yellow Sapphire,2026-09-01,Organic Search,true,1,0,1,0.0
Tschabalala Self · Multiple · 2026 Q3,Yellow Sapphire,2026-09-04,AA Email Man,true,1,0,1,0.0
Tschabalala Self · Seated Bronze · 2022 Q4,Seated Bronze,2026-08-27,Direct,true,1,0,0,0.0
Tunji Adeniyi-Jones · Violet Dance (Hand-finished) · 2021 Q4,Violet Dance (Hand-finished),2023-05-02,Direct,true,1,0,0,0.0
Tunji Adeniyi-Jones · Violet Dance (Hand-finished) · 2021 Q4,Violet Dance (Hand-finished),2025-08-06,Untracked,false,1,0,0,0.0
Urs Fischer · Multiple · 2026 Q2,Problem Painting,2026-06-01,AA Email Auto,true,1,1,1,0.0
Urs Fischer · Multiple · 2026 Q2,Problem Painting,2026-06-01,AA Email Man,true,5,5,5,2.0
Urs Fischer · Multiple · 2026 Q2,Problem Painting,2026-06-01,Direct,true,4,0,4,2.0
Urs Fischer · Multiple · 2026 Q2,Problem Painting,2026-06-01,Organic Search,true,1,0,1,0.0
Urs Fischer · Multiple · 2026 Q2,Problem Painting,2026-06-01,Referral Other,true,9,7,9,6.0
Urs Fischer · Multiple · 2026 Q2,Problem Painting,2026-06-02,Direct,true,2,0,2,2.0
Urs Fischer · Multiple · 2026 Q2,Problem Painting,2026-06-02,Organic Search,true,1,1,1,0.0
Urs Fischer · Multiple · 2026 Q2,Problem Painting,2026-06-02,Referral Other,true,3,3,3,2.0
Urs Fischer · Multiple · 2026 Q2,Problem Painting,2026-06-04,Direct,true,2,0,2,2.0
Urs Fischer · Multiple · 2026 Q2,Problem Painting,2026-06-05,AA Email Auto,true,4,0,4,3.0
Urs Fischer · Multiple · 2026 Q2,Problem Painting,2026-06-05,AA Email Man,true,2,0,2,1.0
Urs Fischer · Multiple · 2026 Q2,Problem Painting,2026-06-05,Direct,true,1,0,1,1.0
Urs Fischer · Multiple · 2026 Q2,Problem Painting,2026-06-05,Referral Other,true,1,0,1,0.0
Urs Fischer · Multiple · 2026 Q2,Problem Painting,2026-06-06,Direct,true,1,0,1,1.0
Urs Fischer · Multiple · 2026 Q2,Problem Painting,2026-06-08,AA Email Auto,true,6,0,6,5.0
Urs Fischer · Multiple · 2026 Q2,Problem Painting,2026-06-08,Direct,true,6,0,6,6.0
Urs Fischer · Multiple · 2026 Q2,Problem Painting,2026-06-09,Direct,true,2,0,2,0.0
Urs Fischer · Multiple · 2026 Q2,Problem Painting,2026-06-09,Organic Search,true,1,0,1,0.0
Urs Fischer · Multiple · 2026 Q2,Problem Painting,2026-06-10,AA Email Auto,true,3,0,3,2.0
Urs Fischer · Multiple · 2026 Q2,Problem Painting,2026-06-10,AA Email Man,true,1,0,1,0.0
Urs Fischer · Multiple · 2026 Q2,Problem Painting,2026-06-10,Direct,true,3,0,3,2.0
Urs Fischer · Multiple · 2026 Q2,Problem Painting,2026-06-10,Organic Search,true,1,0,1,0.0
Urs Fischer · Multiple · 2026 Q2,Problem Painting,2026-06-12,AA Email Auto,true,1,0,1,0.0
Urs Fischer · Multiple · 2026 Q2,Problem Painting,2026-06-12,AA Email Man,true,1,0,1,0.0
Urs Fischer · Multiple · 2026 Q2,Problem Painting,2026-06-12,Direct,true,2,0,2,2.0
Urs Fischer · Multiple · 2026 Q2,Problem Painting,2026-06-12,Organic Search,true,1,0,1,0.0
Urs Fischer · Multiple · 2026 Q2,Problem Painting,2026-06-12,Paid Social,true,1,0,1,1.0
Urs Fischer · Multiple · 2026 Q2,Problem Painting,2026-06-15,AA Meta,true,2,0,2,2.0
Urs Fischer · Multiple · 2026 Q2,Problem Painting,2026-06-15,Organic Search,true,1,0,1,1.0
Urs Fischer · Multiple · 2026 Q2,Problem Painting,2026-06-15,Paid Social,true,3,0,3,2.0
Urs Fischer · Multiple · 2026 Q2,Problem Painting,2026-06-15,Referral Artist,true,2,0,2,1.0
Urs Fischer · Multiple · 2026 Q2,Problem Painting,2026-06-17,Direct,true,3,0,3,0.0
Urs Fischer · Multiple · 2026 Q2,Problem Painting,2026-06-19,Paid Social,true,2,0,2,0.0
Urs Fischer · Multiple · 2026 Q2,Problem Painting,2026-06-22,Direct,true,1,0,1,0.0
Urs Fischer · Multiple · 2026 Q2,Problem Painting,2026-06-24,AA Email Man,true,1,0,1,1.0
Urs Fischer · Multiple · 2026 Q2,Problem Painting,2026-06-24,Organic Search,true,1,0,1,1.0
Urs Fischer · Multiple · 2026 Q2,Problem Painting,2026-06-24,Paid Social,true,1,0,1,1.0
Urs Fischer · Multiple · 2026 Q2,Problem Painting,2026-06-25,AA Email Auto,true,6,0,6,3.0
Urs Fischer · Multiple · 2026 Q2,Problem Painting,2026-06-25,AA Email Man,true,5,0,5,4.0
Urs Fischer · Multiple · 2026 Q2,Problem Painting,2026-06-25,Direct,true,1,0,1,0.0
Urs Fischer · Multiple · 2026 Q2,Problem Painting,2026-06-25,Organic Search,true,3,0,3,1.0
Urs Fischer · Multiple · 2026 Q2,Problem Painting,2026-06-25,Paid Social,true,9,0,9,4.0
Urs Fischer · Multiple · 2026 Q2,Problem Painting,2026-06-25,Referral Artist,true,3,0,3,2.0
Urs Fischer · Multiple · 2026 Q2,Problem Painting,2026-09-01,Direct,true,1,0,1,1.0
Vhils · Multiple · 2024 Q3,Blur,2024-09-19,AA Email Man,true,4,4,4,1.0
Vhils · Multiple · 2024 Q3,Blur,2024-09-19,AA Meta,true,1,1,1,0.0
Vhils · Multiple · 2024 Q3,Blur,2024-09-19,Direct,true,3,3,3,0.0
Vhils · Multiple · 2024 Q3,Blur,2024-09-19,Paid Social,true,1,1,1,0.0
Vhils · Multiple · 2024 Q3,Blur,2024-09-19,Referral Other,true,1,1,1,0.0
Vhils · Multiple · 2024 Q3,Blur,2024-09-20,AA Email Man,true,1,1,1,0.0
Vhils · Multiple · 2024 Q3,Blur,2024-09-20,Paid Social,true,1,1,1,0.0
Vhils · Multiple · 2024 Q3,Blur,2024-09-20,Referral Other,true,2,2,2,0.0
Vhils · Multiple · 2024 Q3,Blur,2024-09-20,untracked,true,1,1,1,0.0
Vhils · Multiple · 2024 Q3,Blur,2024-09-21,AA Email Man,true,1,1,1,0.0
Vhils · Multiple · 2024 Q3,Blur,2024-09-22,Referral Other,true,1,1,1,0.0
Vhils · Multiple · 2024 Q3,Blur,2024-09-23,AA Email Auto,true,1,1,1,0.0
Vhils · Multiple · 2024 Q3,Blur,2024-09-23,AA Meta,true,1,1,1,0.0
Vhils · Multiple · 2024 Q3,Blur,2024-09-23,Direct,true,3,3,3,0.0
Vhils · Multiple · 2024 Q3,Blur,2024-09-23,Organic Search,true,1,1,1,0.0
Vhils · Multiple · 2024 Q3,Blur,2024-09-23,Paid Social,true,5,5,5,0.0
Vhils · Multiple · 2024 Q3,Blur,2024-09-23,Referral Meta,true,1,1,1,0.0
Vhils · Multiple · 2024 Q3,Blur,2024-09-23,Referral Other,true,3,2,3,0.0
Vhils · Multiple · 2024 Q3,Blur,2024-09-24,Direct,true,1,0,1,0.0
Vhils · Multiple · 2024 Q3,Blur,2024-09-24,Paid Social,true,1,0,1,0.0
Vhils · Multiple · 2024 Q3,Blur,2024-09-24,Referral Artist,true,1,0,1,0.0
Vhils · Multiple · 2024 Q3,Blur,2024-09-24,Referral Other,true,3,0,3,0.0
Vhils · Multiple · 2024 Q3,Blur,2024-12-10,Direct,true,1,0,1,0.0
Vhils · Multiple · 2024 Q3,Dissipate,2024-09-23,Untracked,false,38,38,38,3.0
Vhils · Multiple · 2024 Q3,Dissipate,2024-09-24,Untracked,false,96,22,96,17.0
Vhils · Multiple · 2024 Q3,Dissipate,2024-09-25,Untracked,false,46,0,46,10.0
Vhils · Multiple · 2024 Q3,Dissipate,2024-09-26,Untracked,false,27,0,27,3.0
Vhils · Multiple · 2024 Q3,Dissipate,2024-10-01,Untracked,false,1,0,1,0.0
Vhils · Multiple · 2024 Q3,Dissipate,2024-12-17,Untracked,false,1,0,1,0.0
Wang Yan Cheng · Between Two Poles · 2020 Q4,Between Two Poles,2025-07-23,Untracked,false,1,0,1,0.0
Wang Yan Cheng · Between Two Poles · 2020 Q4,Between Two Poles,2026-03-17,Untracked,false,1,0,1,0.0
"Wang Zhibo · 15℃, Nationalistic Optimism by the Sea · 2024 Q3","15℃, Nationalistic Optimism by the Sea",2024-07-26,AA Email Man,true,1,0,1,1.0
"Wang Zhibo · 15℃, Nationalistic Optimism by the Sea · 2024 Q3","15℃, Nationalistic Optimism by the Sea",2024-08-13,Organic Search,true,1,0,1,0.0
"Wang Zhibo · 15℃, Nationalistic Optimism by the Sea · 2024 Q3","15℃, Nationalistic Optimism by the Sea",2026-01-21,Referral Other,true,1,0,1,1.0
Will Cotton · The Cowgirl · 2025 Q1,The Cowgirl,2025-01-16,AA Email Man,true,1,1,1,1.0
Will Cotton · The Cowgirl · 2025 Q1,The Cowgirl,2025-01-17,AA Email Man,true,1,1,1,1.0
Will Cotton · The Cowgirl · 2025 Q1,The Cowgirl,2025-01-17,Referral Meta,true,1,1,1,0.0
Will Cotton · The Cowgirl · 2025 Q1,The Cowgirl,2025-01-17,Referral Other,true,1,1,1,1.0
Will Cotton · The Cowgirl · 2025 Q1,The Cowgirl,2025-01-21,Direct,true,1,0,1,1.0
Will Cotton · The Cowgirl · 2025 Q1,The Cowgirl,2025-01-25,Direct,true,1,0,1,0.0
Will Cotton · The Cowgirl · 2025 Q1,The Cowgirl,2025-01-27,AA Email Man,true,3,0,3,1.0
Will Cotton · The Cowgirl · 2025 Q1,The Cowgirl,2025-01-27,AA Meta,true,1,0,1,0.0
Will Cotton · The Cowgirl · 2025 Q1,The Cowgirl,2025-01-27,Direct,true,4,0,4,2.0
Will Cotton · The Cowgirl · 2025 Q1,The Cowgirl,2025-01-27,Organic Search,true,1,0,1,0.0
Will Cotton · The Cowgirl · 2025 Q1,The Cowgirl,2025-01-27,Referral Artist,true,1,0,1,1.0
Will Cotton · The Cowgirl · 2025 Q1,The Cowgirl,2025-01-27,Referral Meta,true,2,0,2,1.0
Will Cotton · The Cowgirl · 2025 Q1,The Cowgirl,2025-01-27,Referral Other,true,1,0,1,0.0
Will Cotton · The Cowgirl · 2025 Q1,The Cowgirl,2025-01-27,untracked,true,1,0,1,0.0
Will Cotton · The Cowgirl · 2025 Q1,The Cowgirl,2025-01-28,Referral Other,true,1,0,1,1.0
Will Cotton · The Cowgirl · 2025 Q1,The Cowgirl,2025-02-14,AA Email Auto,true,1,0,1,0.0
Will Cotton · The Cowgirl · 2025 Q1,The Cowgirl,2025-02-14,AA Email Man,true,26,0,26,11.0
Will Cotton · The Cowgirl · 2025 Q1,The Cowgirl,2025-02-14,AA Meta,true,1,0,1,1.0
Will Cotton · The Cowgirl · 2025 Q1,The Cowgirl,2025-02-14,Direct,true,7,0,7,1.0
Will Cotton · The Cowgirl · 2025 Q1,The Cowgirl,2025-02-14,Organic Search,true,6,0,6,3.0
Will Cotton · The Cowgirl · 2025 Q1,The Cowgirl,2025-02-14,Paid Social,true,26,0,26,10.0
Will Cotton · The Cowgirl · 2025 Q1,The Cowgirl,2025-02-14,Referral Meta,true,3,0,3,3.0
Will Cotton · The Cowgirl · 2025 Q1,The Cowgirl,2025-02-14,Referral Other,true,8,0,8,4.0
Will Cotton · The Cowgirl · 2025 Q1,The Cowgirl,2025-02-18,AA Email Man,true,1,0,1,0.0
Will Cotton · The Cowgirl · 2025 Q1,The Cowgirl,2026-07-23,AA Email Auto,true,1,0,1,0.0
William Blake · Multiple · 2025 Q4,Night the First,2025-11-20,AA Email Man,true,2,0,2,0.0
William Blake · Multiple · 2025 Q4,Night the First,2025-11-20,Organic Search,true,1,0,1,1.0
William Blake · Multiple · 2025 Q4,"Night the First, Night the Second, Night the Third",2025-11-26,untracked,true,1,0,1,1.0
William Blake · Multiple · 2025 Q4,"Night the First, Night the Second, Night the Third",2025-12-06,Organic Search,true,1,1,1,1.0
William Blake · Multiple · 2025 Q4,"Night the First, Night the Second, Night the Third",2025-12-10,Referral Other,true,1,0,1,0.0
William Blake · Multiple · 2025 Q4,Night the Second,2025-11-20,Organic Search,true,1,0,1,1.0
William Blake · Multiple · 2025 Q4,Night the Third,2025-11-19,Direct,true,1,0,1,0.0
William Blake · Multiple · 2025 Q4,Night the Third,2025-11-20,Organic Search,true,1,0,1,1.0
William Blake · Multiple · 2025 Q4,Night the Third,2025-12-05,Organic Search,true,1,0,1,0.0
William Mapan · Centrifuge · 2024 Q1,Centrifuge,2024-01-16,Direct,true,1,0,0,0.0
William Mapan · Centrifuge · 2024 Q1,Centrifuge,2024-01-17,AA X,true,1,0,0,0.0
William Mapan · Centrifuge · 2024 Q1,Centrifuge,2024-01-17,Direct,true,2,0,0,0.0
William Mapan · Centrifuge · 2024 Q1,Centrifuge,2024-01-17,untracked,true,1,0,0,0.0
William Mapan · Centrifuge · 2024 Q1,Centrifuge,2024-01-18,AA X,true,1,0,0,0.0
William Mapan · Centrifuge · 2024 Q1,Centrifuge,2024-01-18,Direct,true,1,0,0,0.0
William Mapan · Centrifuge · 2024 Q1,Centrifuge,2024-01-18,Organic Search,true,1,0,0,0.0
William Mapan · Centrifuge · 2024 Q1,Centrifuge,2024-01-19,Direct,true,1,0,0,0.0
William Mapan · Centrifuge · 2024 Q1,Centrifuge,2024-01-19,Organic Search,true,1,0,0,0.0
William Mapan · Centrifuge · 2024 Q1,Centrifuge,2024-01-20,AA Email Man,true,1,1,0,0.0
William Mapan · Centrifuge · 2024 Q1,Centrifuge,2024-01-20,AA X,true,1,1,0,0.0
William Mapan · Centrifuge · 2024 Q1,Centrifuge,2024-01-23,Organic Search,true,1,0,0,0.0
William Mapan · Centrifuge · 2024 Q1,Centrifuge,2024-01-24,AA X,true,4,0,0,0.0
William Mapan · Centrifuge · 2024 Q1,Centrifuge,2024-01-24,Direct,true,6,0,0,0.0
William Mapan · Centrifuge · 2024 Q1,Centrifuge,2024-01-24,Organic Search,true,2,0,0,0.0
William Mapan · Centrifuge · 2024 Q1,Centrifuge,2024-01-24,Referral Other,true,1,0,0,0.0
William Mapan · Centrifuge · 2024 Q1,Centrifuge,2024-01-24,Referral X,true,1,0,0,0.0
William Mapan · Centrifuge · 2024 Q1,Centrifuge,2024-01-24,untracked,true,3,0,0,0.0
William Mapan · Centrifuge · 2024 Q1,Centrifuge,2024-01-25,AA Email Man,true,1,0,0,0.0
William Mapan · Centrifuge · 2024 Q1,Centrifuge,2024-01-25,Direct,true,2,0,0,0.0
William Mapan · Centrifuge · 2024 Q1,Centrifuge,2024-01-26,AA Email Man,true,1,0,0,0.0
William Mapan · Centrifuge · 2024 Q1,Centrifuge,2024-02-21,untracked,true,1,0,0,0.0
Woo Kuk Won · Multiple · 2024 Q4,Breakfast on the Beach,2024-10-21,Direct,true,1,0,1,0.0
Woo Kuk Won · Multiple · 2024 Q4,Breakfast on the Beach,2024-10-23,AA Email Man,true,4,4,4,0.0
Woo Kuk Won · Multiple · 2024 Q4,Breakfast on the Beach,2024-10-23,Direct,true,1,1,1,0.0
Woo Kuk Won · Multiple · 2024 Q4,Breakfast on the Beach,2024-10-23,Organic Search,true,2,2,2,0.0
Woo Kuk Won · Multiple · 2024 Q4,Breakfast on the Beach,2024-10-23,Referral Artist,true,1,1,1,0.0
Woo Kuk Won · Multiple · 2024 Q4,Breakfast on the Beach,2024-10-23,Referral Other,true,2,1,2,0.0
Woo Kuk Won · Multiple · 2024 Q4,Breakfast on the Beach,2024-10-23,untracked,true,1,1,1,0.0
Woo Kuk Won · Multiple · 2024 Q4,Breakfast on the Beach,2024-10-24,Direct,true,5,0,5,0.0
Woo Kuk Won · Multiple · 2024 Q4,Breakfast on the Beach,2024-10-24,Organic Search,true,1,0,1,0.0
Woo Kuk Won · Multiple · 2024 Q4,Breakfast on the Beach,2024-10-28,Referral Other,true,1,0,1,0.0
Woo Kuk Won · Multiple · 2024 Q4,Breakfast on the Beach,2024-10-30,Direct,true,1,0,1,0.0
Woo Kuk Won · Multiple · 2024 Q4,Breakfast on the Beach,2024-10-31,Referral Other,true,2,0,2,0.0
Woo Kuk Won · Multiple · 2024 Q4,Breakfast on the Beach,2024-11-01,Direct,true,2,0,2,0.0
Woo Kuk Won · Multiple · 2024 Q4,Breakfast on the Beach,2024-11-18,Direct,true,1,0,1,0.0
Woo Kuk Won · Multiple · 2024 Q4,Breakfast on the Beach,2024-11-19,AA Email Man,true,2,0,2,1.0
Woo Kuk Won · Multiple · 2024 Q4,Breakfast on the Beach,2024-11-19,Direct,true,4,0,4,1.0
Woo Kuk Won · Multiple · 2024 Q4,Breakfast on the Beach,2024-11-19,Organic Search,true,2,0,2,1.0
Woo Kuk Won · Multiple · 2024 Q4,Breakfast on the Beach,2024-11-19,Referral Artist,true,1,0,1,0.0
Woo Kuk Won · Multiple · 2024 Q4,Breakfast on the Beach,2024-11-22,AA Email Man,true,1,0,1,0.0
Woo Kuk Won · Multiple · 2024 Q4,Breakfast on the Beach,2024-12-18,Direct,true,1,0,1,0.0
Woo Kuk Won · Multiple · 2024 Q4,Valley of the Shadow of Death,2024-10-23,AA Email Man,true,9,9,9,2.0
Woo Kuk Won · Multiple · 2024 Q4,Valley of the Shadow of Death,2024-10-23,AA Meta,true,1,1,1,0.0
Woo Kuk Won · Multiple · 2024 Q4,Valley of the Shadow of Death,2024-10-23,Direct,true,3,3,3,0.0
Woo Kuk Won · Multiple · 2024 Q4,Valley of the Shadow of Death,2024-10-23,Referral Other,true,3,2,3,1.0
Woo Kuk Won · Multiple · 2024 Q4,Valley of the Shadow of Death,2024-10-24,Direct,true,2,0,2,0.0
Woo Kuk Won · Multiple · 2024 Q4,Valley of the Shadow of Death,2024-10-24,Organic Search,true,1,0,1,0.0
Woo Kuk Won · Multiple · 2024 Q4,Valley of the Shadow of Death,2024-10-28,Referral Other,true,1,0,1,0.0
Woo Kuk Won · Multiple · 2024 Q4,Valley of the Shadow of Death,2024-10-31,Referral Other,true,2,0,2,0.0
Woo Kuk Won · Multiple · 2024 Q4,Valley of the Shadow of Death,2024-11-01,Direct,true,5,0,5,0.0
Woo Kuk Won · Multiple · 2024 Q4,Valley of the Shadow of Death,2024-11-18,Direct,true,1,0,1,0.0
Woo Kuk Won · Multiple · 2024 Q4,Valley of the Shadow of Death,2024-11-19,AA Email Man,true,2,0,2,1.0
Woo Kuk Won · Multiple · 2024 Q4,Valley of the Shadow of Death,2024-11-19,AA Meta,true,1,0,1,1.0
Woo Kuk Won · Multiple · 2024 Q4,Valley of the Shadow of Death,2024-11-19,Direct,true,1,0,1,1.0
Woo Kuk Won · Multiple · 2024 Q4,Valley of the Shadow of Death,2024-11-19,Referral Artist,true,1,0,1,1.0
Woo Kuk Won · Multiple · 2024 Q4,Valley of the Shadow of Death,2024-12-10,Direct,true,1,0,1,1.0
Woo Kuk Won · Multiple · 2024 Q4,Valley of the Shadow of Death,2024-12-18,Direct,true,2,0,2,0.0
Woo Kuk Won · Multiple · 2024 Q4,Valley of the Shadow of Death & Breakfast on the Beach [Diptych],2024-10-23,AA Email Man,true,5,4,5,1.0
Woo Kuk Won · Multiple · 2024 Q4,Valley of the Shadow of Death & Breakfast on the Beach [Diptych],2024-10-23,AA Meta,true,1,1,1,0.0
Woo Kuk Won · Multiple · 2024 Q4,Valley of the Shadow of Death & Breakfast on the Beach [Diptych],2024-10-23,Direct,true,2,2,2,0.0
Woo Kuk Won · Multiple · 2024 Q4,Valley of the Shadow of Death & Breakfast on the Beach [Diptych],2024-10-23,Referral Other,true,2,2,2,0.0
Woo Kuk Won · Multiple · 2024 Q4,Valley of the Shadow of Death & Breakfast on the Beach [Diptych],2024-11-19,AA Meta,true,1,0,1,1.0
Woo Kuk Won · Multiple · 2024 Q4,Valley of the Shadow of Death & Breakfast on the Beach [Diptych],2024-11-19,Direct,true,4,0,4,4.0
Woo Kuk Won · Multiple · 2024 Q4,Valley of the Shadow of Death & Breakfast on the Beach [Diptych],2024-11-19,untracked,true,1,0,1,0.0
Woo Kuk Won · Multiple · 2025 Q3,Waterfall (Amida),2025-08-28,AA Email Man,true,5,5,5,1.0
Woo Kuk Won · Multiple · 2025 Q3,Waterfall (Amida),2025-08-28,Direct,true,3,2,3,0.0
Woo Kuk Won · Multiple · 2025 Q3,Waterfall (Amida),2025-08-28,Organic Search,true,1,0,1,1.0
Woo Kuk Won · Multiple · 2025 Q3,Waterfall (Amida),2025-08-28,Referral Artist,true,3,3,3,1.0
Woo Kuk Won · Multiple · 2025 Q3,Waterfall (Amida),2025-08-28,Referral Other,true,13,8,13,1.0
Woo Kuk Won · Multiple · 2025 Q3,Waterfall (Amida),2025-08-28,untracked,true,1,1,1,0.0
Woo Kuk Won · Multiple · 2025 Q3,Waterfall (Amida),2025-08-29,Direct,true,1,0,1,0.0
Woo Kuk Won · Multiple · 2025 Q3,Waterfall (Amida),2025-08-30,Referral Artist,true,1,0,1,1.0
Woo Kuk Won · Multiple · 2025 Q3,Waterfall (Amida),2025-09-05,Direct,true,2,0,2,0.0
Woo Kuk Won · Multiple · 2025 Q3,Waterfall (Amida),2025-09-08,Direct,true,1,0,1,0.0
Woo Kuk Won · Multiple · 2025 Q3,Waterfall (Amida),2025-09-09,Referral Other,true,1,0,1,0.0
Woo Kuk Won · Multiple · 2025 Q3,Waterfall (Amida),2025-09-17,AA Email Man,true,1,0,1,0.0
Woo Kuk Won · Multiple · 2025 Q3,Waterfall (Amida),2025-09-24,Referral Other,true,1,0,1,0.0
Woo Kuk Won · Multiple · 2025 Q3,Waterfall (Amida),2025-09-30,AA Email Man,true,1,0,1,1.0
Woo Kuk Won · Multiple · 2025 Q3,Waterfall (Amida),2025-09-30,Organic Search,true,3,0,3,3.0
Woo Kuk Won · Multiple · 2025 Q3,Waterfall (Amida),2025-09-30,Referral Artist,true,1,0,1,1.0
Woo Kuk Won · Multiple · 2025 Q3,Waterfall (Amida),2025-09-30,Referral Other,true,1,0,1,1.0
Woo Kuk Won · Multiple · 2025 Q3,Waterfall (Amida),2025-10-13,Direct,true,1,0,1,0.0
Woo Kuk Won · Multiple · 2025 Q3,Waterfall (Kirifuri),2025-08-28,AA Email Man,true,6,6,6,1.0
Woo Kuk Won · Multiple · 2025 Q3,Waterfall (Kirifuri),2025-08-28,AA Meta,true,1,1,1,1.0
Woo Kuk Won · Multiple · 2025 Q3,Waterfall (Kirifuri),2025-08-28,Direct,true,2,2,2,0.0
Woo Kuk Won · Multiple · 2025 Q3,Waterfall (Kirifuri),2025-08-28,Referral Artist,true,1,1,1,1.0
Woo Kuk Won · Multiple · 2025 Q3,Waterfall (Kirifuri),2025-08-28,Referral Other,true,8,6,8,3.0
Woo Kuk Won · Multiple · 2025 Q3,Waterfall (Kirifuri),2025-08-28,untracked,true,2,2,2,0.0
Woo Kuk Won · Multiple · 2025 Q3,Waterfall (Kirifuri),2025-08-29,AA Email Man,true,1,0,1,0.0
Woo Kuk Won · Multiple · 2025 Q3,Waterfall (Kirifuri),2025-08-29,Direct,true,1,0,1,0.0
Woo Kuk Won · Multiple · 2025 Q3,Waterfall (Kirifuri),2025-08-30,Referral Artist,true,1,0,1,1.0
Woo Kuk Won · Multiple · 2025 Q3,Waterfall (Kirifuri),2025-09-04,AA Email Man,true,1,0,1,0.0
Woo Kuk Won · Multiple · 2025 Q3,Waterfall (Kirifuri),2025-09-05,Direct,true,1,0,1,0.0
Woo Kuk Won · Multiple · 2025 Q3,Waterfall (Kirifuri),2025-09-07,Direct,true,1,0,1,0.0
Woo Kuk Won · Multiple · 2025 Q3,Waterfall (Kirifuri),2025-09-09,AA Email Man,true,1,0,1,0.0
Woo Kuk Won · Multiple · 2025 Q3,Waterfall (Kirifuri),2025-09-09,Direct,true,1,0,1,0.0
Woo Kuk Won · Multiple · 2025 Q3,Waterfall (Kirifuri),2025-09-18,Organic Search,true,1,0,1,0.0
Woo Kuk Won · Multiple · 2025 Q3,Waterfall (Kirifuri),2025-09-24,Referral Other,true,1,0,1,0.0
Woo Kuk Won · Multiple · 2025 Q3,Waterfall (Kirifuri),2025-09-30,AA Email Man,true,6,0,6,5.0
Woo Kuk Won · Multiple · 2025 Q3,Waterfall (Kirifuri),2025-09-30,Direct,true,1,0,1,1.0
Woo Kuk Won · Multiple · 2025 Q3,Waterfall (Kirifuri),2025-09-30,Organic Search,true,3,0,3,0.0
Woo Kuk Won · Multiple · 2025 Q3,Waterfall (Kirifuri),2025-09-30,Referral Artist,true,1,0,1,0.0
Woo Kuk Won · Multiple · 2025 Q3,Waterfall (Kirifuri),2025-10-13,Direct,true,1,0,1,0.0
Woo Kuk Won · Multiple · 2025 Q3,Waterfall (Kirifuri) & Waterfall (Amida),2025-09-03,AA Email Man,true,1,0,1,0.0
Woo Kuk Won · Multiple · 2025 Q3,Waterfall (Kirifuri) & Waterfall (Amida),2025-09-03,Direct,true,1,0,1,1.0
Woo Kuk Won · Multiple · 2025 Q3,Waterfall (Kirifuri) & Waterfall (Amida),2025-09-03,Referral Artist,true,1,0,1,0.0
Woo Kuk Won · Multiple · 2025 Q3,"Waterfall (Kirifuri), Waterfall (Amida), Waterfall (Ono), Waterfall (Rōben)",2025-09-03,AA Email Man,true,2,0,2,2.0
Woo Kuk Won · Multiple · 2025 Q3,"Waterfall (Kirifuri), Waterfall (Amida), Waterfall (Ono), Waterfall (Rōben)",2025-09-03,Organic Search,true,1,0,1,1.0
Woo Kuk Won · Multiple · 2025 Q3,"Waterfall (Kirifuri), Waterfall (Amida), Waterfall (Ono), Waterfall (Rōben)",2025-09-03,Referral Artist,true,1,0,1,0.0
Woo Kuk Won · Multiple · 2025 Q3,"Waterfall (Kirifuri), Waterfall (Amida), Waterfall (Ono), Waterfall (Rōben)",2025-09-04,AA Meta,true,1,0,1,1.0
Woo Kuk Won · Multiple · 2025 Q3,Waterfall (Ono),2025-08-28,AA Email Auto,true,1,1,1,1.0
Woo Kuk Won · Multiple · 2025 Q3,Waterfall (Ono),2025-08-28,AA Email Man,true,6,6,6,0.0
Woo Kuk Won · Multiple · 2025 Q3,Waterfall (Ono),2025-08-28,AA Meta,true,1,1,1,1.0
Woo Kuk Won · Multiple · 2025 Q3,Waterfall (Ono),2025-08-28,Direct,true,4,3,4,1.0
Woo Kuk Won · Multiple · 2025 Q3,Waterfall (Ono),2025-08-28,Organic Search,true,1,0,1,1.0
Woo Kuk Won · Multiple · 2025 Q3,Waterfall (Ono),2025-08-28,Referral Other,true,9,7,9,2.0
Woo Kuk Won · Multiple · 2025 Q3,Waterfall (Ono),2025-08-28,untracked,true,1,1,1,0.0
Woo Kuk Won · Multiple · 2025 Q3,Waterfall (Ono),2025-08-29,Direct,true,3,0,3,0.0
Woo Kuk Won · Multiple · 2025 Q3,Waterfall (Ono),2025-08-30,Referral Artist,true,1,0,1,1.0
Woo Kuk Won · Multiple · 2025 Q3,Waterfall (Ono),2025-09-03,Direct,true,1,0,1,0.0
Woo Kuk Won · Multiple · 2025 Q3,Waterfall (Ono),2025-09-04,AA Email Man,true,1,0,1,0.0
Woo Kuk Won · Multiple · 2025 Q3,Waterfall (Ono),2025-09-05,Direct,true,1,0,1,0.0
Woo Kuk Won · Multiple · 2025 Q3,Waterfall (Ono),2025-09-09,AA Email Man,true,1,0,1,0.0
Woo Kuk Won · Multiple · 2025 Q3,Waterfall (Ono),2025-09-09,Organic Search,true,1,0,1,0.0
Woo Kuk Won · Multiple · 2025 Q3,Waterfall (Ono),2025-09-17,Referral Artist,true,1,0,1,1.0
Woo Kuk Won · Multiple · 2025 Q3,Waterfall (Ono),2025-09-24,Referral Other,true,1,0,1,0.0
Woo Kuk Won · Multiple · 2025 Q3,Waterfall (Ono),2025-09-30,AA Email Man,true,5,0,5,2.0
Woo Kuk Won · Multiple · 2025 Q3,Waterfall (Ono),2025-09-30,AA Meta,true,1,0,1,1.0
Woo Kuk Won · Multiple · 2025 Q3,Waterfall (Ono),2025-09-30,Direct,true,2,0,2,1.0
Woo Kuk Won · Multiple · 2025 Q3,Waterfall (Ono),2025-09-30,Referral Artist,true,3,0,3,3.0
Woo Kuk Won · Multiple · 2025 Q3,Waterfall (Rōben),2025-08-28,AA Email Man,true,8,8,8,2.0
Woo Kuk Won · Multiple · 2025 Q3,Waterfall (Rōben),2025-08-28,AA Meta,true,1,1,1,0.0
Woo Kuk Won · Multiple · 2025 Q3,Waterfall (Rōben),2025-08-28,Direct,true,1,0,1,1.0
Woo Kuk Won · Multiple · 2025 Q3,Waterfall (Rōben),2025-08-28,Organic Search,true,1,0,1,1.0
Woo Kuk Won · Multiple · 2025 Q3,Waterfall (Rōben),2025-08-28,Referral Artist,true,4,4,4,1.0
Woo Kuk Won · Multiple · 2025 Q3,Waterfall (Rōben),2025-08-28,Referral Other,true,11,6,11,3.0
Woo Kuk Won · Multiple · 2025 Q3,Waterfall (Rōben),2025-08-28,untracked,true,1,1,1,0.0
Woo Kuk Won · Multiple · 2025 Q3,Waterfall (Rōben),2025-08-29,Direct,true,1,0,1,0.0
Woo Kuk Won · Multiple · 2025 Q3,Waterfall (Rōben),2025-08-30,Referral Artist,true,1,0,1,1.0
Woo Kuk Won · Multiple · 2025 Q3,Waterfall (Rōben),2025-09-02,Referral Other,true,1,0,1,0.0
Woo Kuk Won · Multiple · 2025 Q3,Waterfall (Rōben),2025-09-03,AA Email Man,true,1,0,1,0.0
Woo Kuk Won · Multiple · 2025 Q3,Waterfall (Rōben),2025-09-05,Direct,true,2,0,2,0.0
Woo Kuk Won · Multiple · 2025 Q3,Waterfall (Rōben),2025-09-08,Direct,true,4,0,4,0.0
Woo Kuk Won · Multiple · 2025 Q3,Waterfall (Rōben),2025-09-09,Referral Other,true,1,0,1,0.0
Woo Kuk Won · Multiple · 2025 Q3,Waterfall (Rōben),2025-09-17,Direct,true,1,0,1,1.0
Woo Kuk Won · Multiple · 2025 Q3,Waterfall (Rōben),2025-09-24,Referral Other,true,1,0,1,0.0
Woo Kuk Won · Multiple · 2025 Q3,Waterfall (Rōben),2025-09-30,AA Email Man,true,1,0,1,1.0
Woo Kuk Won · Multiple · 2025 Q3,Waterfall (Rōben),2025-09-30,Direct,true,2,0,2,1.0
Woo Kuk Won · Multiple · 2025 Q3,Waterfall (Rōben),2025-09-30,Referral Other,true,1,0,1,1.0
Woo Kuk Won · Multiple · 2025 Q3,Waterfall (Rōben),2025-12-02,Referral Other,true,1,0,1,0.0
Woo Kuk Won · Multiple · 2025 Q3,Waterfall (Rōben),2026-07-08,Referral Other,true,1,0,1,1.0
Yoon Hyup · Ambre Roulette · 2026 Q3,Ambre Roulette,2026-06-23,AA Email Man,true,5,5,5,2.0
Yoon Hyup · Ambre Roulette · 2026 Q3,Ambre Roulette,2026-06-23,AA Meta,true,1,1,1,0.0
Yoon Hyup · Ambre Roulette · 2026 Q3,Ambre Roulette,2026-06-23,Referral Artist,true,1,1,1,0.0
Yoon Hyup · Ambre Roulette · 2026 Q3,Ambre Roulette,2026-06-23,Referral Other,true,9,9,9,5.0
Yoon Hyup · Ambre Roulette · 2026 Q3,Ambre Roulette,2026-06-23,untracked,true,2,2,2,2.0
Yoon Hyup · Ambre Roulette · 2026 Q3,Ambre Roulette,2026-06-24,AA Email Man,true,4,4,4,0.0
Yoon Hyup · Ambre Roulette · 2026 Q3,Ambre Roulette,2026-06-24,AA Meta,true,1,1,1,1.0
Yoon Hyup · Ambre Roulette · 2026 Q3,Ambre Roulette,2026-06-24,Referral Other,true,8,8,8,2.0
Yoon Hyup · Ambre Roulette · 2026 Q3,Ambre Roulette,2026-06-24,untracked,true,1,1,1,0.0
Yoon Hyup · Ambre Roulette · 2026 Q3,Ambre Roulette,2026-06-25,AA Email Man,true,1,1,1,0.0
Yoon Hyup · Ambre Roulette · 2026 Q3,Ambre Roulette,2026-06-25,Referral Artist,true,2,2,2,0.0
Yoon Hyup · Ambre Roulette · 2026 Q3,Ambre Roulette,2026-06-25,Referral Other,true,5,5,5,2.0
Yoon Hyup · Ambre Roulette · 2026 Q3,Ambre Roulette,2026-06-29,AA Email Man,true,9,0,9,3.0
Yoon Hyup · Ambre Roulette · 2026 Q3,Ambre Roulette,2026-06-29,AA Meta,true,4,0,4,1.0
Yoon Hyup · Ambre Roulette · 2026 Q3,Ambre Roulette,2026-06-29,Direct,true,5,0,5,2.0
Yoon Hyup · Ambre Roulette · 2026 Q3,Ambre Roulette,2026-06-29,Organic Search,true,1,0,1,0.0
Yoon Hyup · Ambre Roulette · 2026 Q3,Ambre Roulette,2026-06-29,Referral Artist,true,14,0,14,4.0
Yoon Hyup · Ambre Roulette · 2026 Q3,Ambre Roulette,2026-06-29,untracked,true,2,0,2,1.0
Yoon Hyup · Ambre Roulette · 2026 Q3,Ambre Roulette,2026-07-01,Direct,true,1,0,1,0.0
Yoon Hyup · Ambre Roulette · 2026 Q3,Ambre Roulette,2026-07-03,Direct,true,1,0,1,0.0
Yoon Hyup · Ambre Roulette · 2026 Q3,Ambre Roulette,2026-07-06,AA Email Man,true,7,0,7,2.0
Yoon Hyup · Ambre Roulette · 2026 Q3,Ambre Roulette,2026-07-06,AA Meta,true,1,0,1,0.0
Yoon Hyup · Ambre Roulette · 2026 Q3,Ambre Roulette,2026-07-06,Direct,true,5,0,5,0.0
Yoon Hyup · Ambre Roulette · 2026 Q3,Ambre Roulette,2026-07-06,Organic Search,true,1,0,1,1.0
Yoon Hyup · Ambre Roulette · 2026 Q3,Ambre Roulette,2026-07-06,Paid Social,true,1,0,1,0.0
Yoon Hyup · Ambre Roulette · 2026 Q3,Ambre Roulette,2026-07-06,Referral Artist,true,1,0,1,0.0
Yoon Hyup · Ambre Roulette · 2026 Q3,Ambre Roulette,2026-07-07,AA Email Man,true,1,0,1,1.0
Yoon Hyup · Ambre Roulette · 2026 Q3,Ambre Roulette,2026-07-08,AA Meta,true,1,0,1,1.0
Yoon Hyup · Ambre Roulette · 2026 Q3,Ambre Roulette,2026-07-08,Organic Search,true,1,0,1,0.0
Yoon Hyup · Ambre Roulette · 2026 Q3,Ambre Roulette,2026-07-08,Referral Artist,true,3,0,3,1.0
Yoon Hyup · Ambre Roulette · 2026 Q3,Ambre Roulette,2026-07-10,Referral Artist,true,1,0,1,0.0
Yoon Hyup · Ambre Roulette · 2026 Q3,Ambre Roulette,2026-07-10,Referral Meta,true,1,0,1,0.0
Yoon Hyup · Ambre Roulette · 2026 Q3,Ambre Roulette,2026-07-13,AA Email Man,true,3,0,3,1.0
Yoon Hyup · Ambre Roulette · 2026 Q3,Ambre Roulette,2026-07-13,Direct,true,1,0,1,1.0
Yoon Hyup · Ambre Roulette · 2026 Q3,Ambre Roulette,2026-07-13,Organic Search,true,1,0,1,0.0
Yoon Hyup · Ambre Roulette · 2026 Q3,Ambre Roulette,2026-07-13,Paid Social,true,4,0,4,4.0
Yoon Hyup · Ambre Roulette · 2026 Q3,Ambre Roulette,2026-07-13,Referral Artist,true,1,0,1,1.0
Yoon Hyup · Ambre Roulette · 2026 Q3,Ambre Roulette,2026-07-15,AA Email Man,true,1,0,1,1.0
Yoon Hyup · Ambre Roulette · 2026 Q3,Ambre Roulette,2026-07-15,AA Meta,true,1,0,1,0.0
Yoon Hyup · Ambre Roulette · 2026 Q3,Ambre Roulette,2026-07-15,Organic Search,true,1,0,1,0.0
Yoon Hyup · Ambre Roulette · 2026 Q3,Ambre Roulette,2026-07-15,Paid Social,true,5,0,5,4.0
Yoon Hyup · Ambre Roulette · 2026 Q3,Ambre Roulette,2026-07-17,AA Meta,true,1,0,1,0.0
Yoon Hyup · Ambre Roulette · 2026 Q3,Ambre Roulette,2026-07-17,Direct,true,3,0,3,2.0
Yoon Hyup · Ambre Roulette · 2026 Q3,Ambre Roulette,2026-07-17,Organic Search,true,1,0,1,0.0
Yoon Hyup · Ambre Roulette · 2026 Q3,Ambre Roulette,2026-07-17,Paid Social,true,3,0,3,1.0
Yoon Hyup · Ambre Roulette · 2026 Q3,Ambre Roulette,2026-07-17,Referral Artist,true,2,0,2,1.0
Yoon Hyup · Ambre Roulette · 2026 Q3,Ambre Roulette,2026-07-20,AA Email Man,true,2,0,2,1.0
Yoon Hyup · Ambre Roulette · 2026 Q3,Ambre Roulette,2026-07-20,AA Meta,true,2,0,2,1.0
Yoon Hyup · Ambre Roulette · 2026 Q3,Ambre Roulette,2026-07-20,Direct,true,1,0,1,0.0
Yoon Hyup · Ambre Roulette · 2026 Q3,Ambre Roulette,2026-07-20,Organic Search,true,1,0,1,0.0
Yoon Hyup · Ambre Roulette · 2026 Q3,Ambre Roulette,2026-07-20,Paid Social,true,7,0,7,4.0
Yoon Hyup · Ambre Roulette · 2026 Q3,Ambre Roulette,2026-07-20,Referral Artist,true,1,0,1,0.0
Yoon Hyup · Ambre Roulette · 2026 Q3,Ambre Roulette,2026-07-22,Organic Search,true,1,0,1,1.0
Yoon Hyup · Ambre Roulette · 2026 Q3,Ambre Roulette,2026-07-22,Paid Social,true,7,0,7,4.0
Yoon Hyup · Ambre Roulette · 2026 Q3,Ambre Roulette,2026-07-23,AA Email Man,true,8,0,8,4.0
Yoon Hyup · Ambre Roulette · 2026 Q3,Ambre Roulette,2026-07-23,AA Meta,true,1,0,1,0.0
Yoon Hyup · Ambre Roulette · 2026 Q3,Ambre Roulette,2026-07-23,Direct,true,3,0,3,2.0
Yoon Hyup · Ambre Roulette · 2026 Q3,Ambre Roulette,2026-07-23,Organic Search,true,2,0,2,0.0
Yoon Hyup · Ambre Roulette · 2026 Q3,Ambre Roulette,2026-07-23,Paid Social,true,19,0,19,13.0
Yoon Hyup · Ambre Roulette · 2026 Q3,Ambre Roulette,2026-07-23,Referral Artist,true,10,0,10,6.0
Yoon Hyup · Ambre Roulette · 2026 Q3,Ambre Roulette,2026-07-23,untracked,true,1,0,1,0.0
Yoon Hyup · Ambre Roulette · 2026 Q3,Ambre Roulette,2026-08-04,AA Email Man,true,1,0,1,1.0
Yoon Hyup · City Fountain · 2024 Q3,City Fountain,2024-08-23,AA Email Man,true,8,8,8,2.0
Yoon Hyup · City Fountain · 2024 Q3,City Fountain,2024-08-23,Direct,true,1,1,1,0.0
Yoon Hyup · City Fountain · 2024 Q3,City Fountain,2024-08-23,Referral Other,true,19,19,19,4.0
Yoon Hyup · City Fountain · 2024 Q3,City Fountain,2024-08-23,untracked,true,16,16,16,5.0
Yoon Hyup · City Fountain · 2024 Q3,City Fountain,2024-08-24,AA Email Man,true,7,7,7,1.0
Yoon Hyup · City Fountain · 2024 Q3,City Fountain,2024-08-24,Referral Other,true,14,14,14,1.0
Yoon Hyup · City Fountain · 2024 Q3,City Fountain,2024-08-24,untracked,true,9,9,9,1.0
Yoon Hyup · City Fountain · 2024 Q3,City Fountain,2024-08-25,Organic Search,true,1,1,1,1.0
Yoon Hyup · City Fountain · 2024 Q3,City Fountain,2024-08-25,Referral Other,true,4,4,4,0.0
Yoon Hyup · City Fountain · 2024 Q3,City Fountain,2024-08-25,untracked,true,5,5,5,3.0
Yoon Hyup · City Fountain · 2024 Q3,City Fountain,2024-08-27,Referral Artist,true,1,0,1,0.0
Yoon Hyup · City Fountain · 2024 Q3,City Fountain,2024-08-27,untracked,true,1,0,1,0.0
Yoon Hyup · City Fountain · 2024 Q3,City Fountain,2024-08-29,Direct,true,1,0,1,0.0
Yoon Hyup · City Fountain · 2024 Q3,City Fountain,2024-08-29,Referral Other,true,1,0,1,0.0
Yoon Hyup · City Fountain · 2024 Q3,City Fountain,2024-08-30,Referral Other,true,1,1,1,0.0
Yoon Hyup · City Fountain · 2024 Q3,City Fountain,2024-08-31,AA Email Man,true,1,1,1,0.0
Yoon Hyup · City Fountain · 2024 Q3,City Fountain,2024-08-31,Direct,true,1,0,1,0.0
Yoon Hyup · City Fountain · 2024 Q3,City Fountain,2024-08-31,Referral Other,true,2,1,2,1.0
Yoon Hyup · City Fountain · 2024 Q3,City Fountain,2024-09-02,Direct,true,1,0,1,0.0
Yoon Hyup · City Fountain · 2024 Q3,City Fountain,2024-09-04,Direct,true,1,0,1,1.0
Yoon Hyup · City Fountain · 2024 Q3,City Fountain,2024-09-05,Organic Search,true,1,0,1,0.0
Yoon Hyup · City Fountain · 2024 Q3,City Fountain,2024-09-09,AA Meta,true,1,0,1,0.0
Yoon Hyup · City Fountain · 2024 Q3,City Fountain,2024-09-09,Direct,true,1,1,1,0.0
Yoon Hyup · City Fountain · 2024 Q3,City Fountain,2024-09-09,Referral Other,true,1,1,1,0.0
Yoon Hyup · City Fountain · 2024 Q3,City Fountain,2024-09-10,AA Meta,true,1,1,1,0.0
Yoon Hyup · City Fountain · 2024 Q3,City Fountain,2024-09-10,Direct,true,1,1,1,0.0
Yoon Hyup · City Fountain · 2024 Q3,City Fountain,2024-09-18,AA Email Man,true,12,0,12,4.0
Yoon Hyup · City Fountain · 2024 Q3,City Fountain,2024-09-18,AA Meta,true,5,0,5,1.0
Yoon Hyup · City Fountain · 2024 Q3,City Fountain,2024-09-18,Direct,true,23,0,23,3.0
Yoon Hyup · City Fountain · 2024 Q3,City Fountain,2024-09-18,Organic Search,true,4,0,4,1.0
Yoon Hyup · City Fountain · 2024 Q3,City Fountain,2024-09-18,Referral Meta,true,4,0,4,1.0
Yoon Hyup · City Fountain · 2024 Q3,City Fountain,2024-09-18,Referral Other,true,4,0,4,1.0
Yoon Hyup · City Fountain · 2024 Q3,City Fountain,2024-09-18,untracked,true,46,0,46,11.0
Yoon Hyup · City Fountain · 2024 Q3,City Fountain,2024-09-20,Referral Other,true,1,0,1,0.0
Yoon Hyup · City Fountain · 2024 Q3,City Fountain,2024-12-15,Referral Other,true,1,0,1,1.0
Yoon Hyup · In The City · 2023 Q4,In The City,2023-11-06,AA Email Man,true,21,21,0,0.0
Yoon Hyup · In The City · 2023 Q4,In The City,2023-11-06,Direct,true,5,5,0,0.0
Yoon Hyup · In The City · 2023 Q4,In The City,2023-11-06,Organic Search,true,1,1,0,0.0
Yoon Hyup · In The City · 2023 Q4,In The City,2023-11-06,Referral Other,true,1,1,0,0.0
Yoon Hyup · In The City · 2023 Q4,In The City,2023-11-06,untracked,true,3,3,0,0.0
Yoon Hyup · In The City · 2023 Q4,In The City,2023-11-07,AA Email Man,true,10,10,0,0.0
Yoon Hyup · In The City · 2023 Q4,In The City,2023-11-07,Direct,true,5,5,0,0.0
Yoon Hyup · In The City · 2023 Q4,In The City,2023-11-07,untracked,true,2,2,0,0.0
Yoon Hyup · In The City · 2023 Q4,In The City,2023-11-08,AA Email Man,true,3,3,0,0.0
Yoon Hyup · In The City · 2023 Q4,In The City,2023-11-08,Direct,true,3,2,0,0.0
Yoon Hyup · In The City · 2023 Q4,In The City,2023-11-08,Organic Search,true,2,2,0,0.0
Yoon Hyup · In The City · 2023 Q4,In The City,2023-11-08,untracked,true,1,1,0,0.0
Yoon Hyup · In The City · 2023 Q4,In The City,2023-11-09,AA Email Man,true,1,1,0,0.0
Yoon Hyup · In The City · 2023 Q4,In The City,2023-11-09,Direct,true,1,0,0,0.0
Yoon Hyup · In The City · 2023 Q4,In The City,2023-11-10,AA Email Man,true,3,3,0,0.0
Yoon Hyup · In The City · 2023 Q4,In The City,2023-11-10,Direct,true,3,1,0,0.0
Yoon Hyup · In The City · 2023 Q4,In The City,2023-11-13,AA Email Man,true,1,0,0,0.0
Yoon Hyup · In The City · 2023 Q4,In The City,2023-11-13,Direct,true,1,0,0,0.0
Yoon Hyup · In The City · 2023 Q4,In The City,2023-11-13,Referral Artist,true,1,0,0,0.0
Yoon Hyup · In The City · 2023 Q4,In The City,2023-11-14,untracked,true,2,0,0,0.0
Yoon Hyup · In The City · 2023 Q4,In The City,2023-11-15,Direct,true,2,0,0,0.0
Yoon Hyup · In The City · 2023 Q4,In The City,2023-11-16,AA Email Man,true,3,3,0,0.0
Yoon Hyup · In The City · 2023 Q4,In The City,2023-11-16,Direct,true,1,1,0,0.0
Yoon Hyup · In The City · 2023 Q4,In The City,2023-11-17,AA Email Man,true,1,1,0,0.0
Yoon Hyup · In The City · 2023 Q4,In The City,2023-11-17,Organic Search,true,2,1,0,0.0
Yoon Hyup · In The City · 2023 Q4,In The City,2023-11-17,untracked,true,1,1,0,0.0
Yoon Hyup · In The City · 2023 Q4,In The City,2023-11-20,AA Email Auto,true,1,0,0,0.0
Yoon Hyup · In The City · 2023 Q4,In The City,2023-11-20,AA Email Man,true,18,0,0,0.0
Yoon Hyup · In The City · 2023 Q4,In The City,2023-11-20,AA Meta,true,8,0,0,0.0
Yoon Hyup · In The City · 2023 Q4,In The City,2023-11-20,Direct,true,26,0,0,0.0
Yoon Hyup · In The City · 2023 Q4,In The City,2023-11-20,Organic Search,true,10,0,0,0.0
Yoon Hyup · In The City · 2023 Q4,In The City,2023-11-20,Referral Artist,true,24,0,0,0.0
Yoon Hyup · In The City · 2023 Q4,In The City,2023-11-20,Referral Meta,true,8,0,0,0.0
Yoon Hyup · In The City · 2023 Q4,In The City,2023-11-20,Referral Other,true,6,0,0,0.0
Yoon Hyup · In The City · 2023 Q4,In The City,2023-11-20,untracked,true,14,0,0,0.0
Yoon Hyup · In The City · 2023 Q4,In The City,2023-11-21,Direct,true,1,0,0,0.0
Yoon Hyup · In The City · 2023 Q4,In The City,2023-11-21,Organic Search,true,1,0,0,0.0
Yoon Hyup · In The City · 2023 Q4,In The City,2023-11-22,Direct,true,1,0,0,0.0
Yoon Hyup · In The City · 2023 Q4,In The City,2023-11-29,Referral Artist,true,1,0,0,0.0
Yoon Hyup · In The City · 2023 Q4,In The City,2023-12-11,AA Meta,true,1,0,0,0.0
Yoon Hyup · In The City · 2023 Q4,In The City,2024-08-06,Direct,true,1,0,0,0.0
Yoon Hyup · In The City · 2023 Q4,In The City,2024-10-29,Direct,true,1,0,0,0.0
Yoon Hyup · In The City · 2023 Q4,In The City,2024-11-01,AA Email Man,true,1,0,0,0.0
Yoon Hyup · Night in Paris - Golden Light AP · 2022 Q4,Night in Paris - Golden Light AP,2024-10-11,Organic Search,true,1,0,0,0.0
Yoon Hyup · Night in Paris - Golden Light AP · 2022 Q4,Night in Paris - Golden Light AP,2024-10-18,Referral Other,true,1,0,0,0.0
Yoon Hyup · Night in Paris - Golden Light AP · 2022 Q4,Night in Paris - Golden Light AP,2024-12-15,Referral Other,true,1,0,0,0.0
Yoon Hyup · Summer in San Sebastian · 2025 Q3,Summer in San Sebastian,2025-05-30,Direct,true,2,0,2,0.0
Yoon Hyup · Summer in San Sebastian · 2025 Q3,Summer in San Sebastian,2025-06-03,Direct,true,1,0,1,0.0
Yoon Hyup · Summer in San Sebastian · 2025 Q3,Summer in San Sebastian,2025-06-05,AA Email Man,true,8,8,8,2.0
Yoon Hyup · Summer in San Sebastian · 2025 Q3,Summer in San Sebastian,2025-06-05,Direct,true,5,5,5,0.0
Yoon Hyup · Summer in San Sebastian · 2025 Q3,Summer in San Sebastian,2025-06-05,Organic Search,true,1,1,1,0.0
Yoon Hyup · Summer in San Sebastian · 2025 Q3,Summer in San Sebastian,2025-06-05,Referral Other,true,11,11,11,5.0
Yoon Hyup · Summer in San Sebastian · 2025 Q3,Summer in San Sebastian,2025-06-05,untracked,true,3,3,3,1.0
Yoon Hyup · Summer in San Sebastian · 2025 Q3,Summer in San Sebastian,2025-06-06,AA Email Man,true,5,5,5,1.0
Yoon Hyup · Summer in San Sebastian · 2025 Q3,Summer in San Sebastian,2025-06-06,Direct,true,1,1,1,0.0
Yoon Hyup · Summer in San Sebastian · 2025 Q3,Summer in San Sebastian,2025-06-06,Organic Search,true,1,0,1,0.0
Yoon Hyup · Summer in San Sebastian · 2025 Q3,Summer in San Sebastian,2025-06-06,Referral Other,true,13,13,13,4.0
Yoon Hyup · Summer in San Sebastian · 2025 Q3,Summer in San Sebastian,2025-06-06,untracked,true,2,2,2,0.0
Yoon Hyup · Summer in San Sebastian · 2025 Q3,Summer in San Sebastian,2025-06-07,Direct,true,1,1,1,0.0
Yoon Hyup · Summer in San Sebastian · 2025 Q3,Summer in San Sebastian,2025-06-07,Referral Other,true,11,11,11,3.0
Yoon Hyup · Summer in San Sebastian · 2025 Q3,Summer in San Sebastian,2025-06-08,AA Email Man,true,1,1,1,0.0
Yoon Hyup · Summer in San Sebastian · 2025 Q3,Summer in San Sebastian,2025-06-08,Referral Other,true,4,4,4,3.0
Yoon Hyup · Summer in San Sebastian · 2025 Q3,Summer in San Sebastian,2025-06-09,Referral Other,true,3,3,3,0.0
Yoon Hyup · Summer in San Sebastian · 2025 Q3,Summer in San Sebastian,2025-06-09,untracked,true,1,1,1,0.0
Yoon Hyup · Summer in San Sebastian · 2025 Q3,Summer in San Sebastian,2025-06-10,Referral Artist,true,1,0,1,0.0
Yoon Hyup · Summer in San Sebastian · 2025 Q3,Summer in San Sebastian,2025-06-10,Referral Other,true,3,2,3,0.0
Yoon Hyup · Summer in San Sebastian · 2025 Q3,Summer in San Sebastian,2025-06-11,Direct,true,1,0,1,1.0
Yoon Hyup · Summer in San Sebastian · 2025 Q3,Summer in San Sebastian,2025-06-11,Referral Artist,true,1,0,1,0.0
Yoon Hyup · Summer in San Sebastian · 2025 Q3,Summer in San Sebastian,2025-06-13,Referral Other,true,1,0,1,0.0
Yoon Hyup · Summer in San Sebastian · 2025 Q3,Summer in San Sebastian,2025-06-16,Referral Artist,true,1,0,1,0.0
Yoon Hyup · Summer in San Sebastian · 2025 Q3,Summer in San Sebastian,2025-06-16,Referral Other,true,1,0,1,0.0
Yoon Hyup · Summer in San Sebastian · 2025 Q3,Summer in San Sebastian,2025-06-21,AA Email Man,true,1,0,1,0.0
Yoon Hyup · Summer in San Sebastian · 2025 Q3,Summer in San Sebastian,2025-06-27,AA Email Man,true,1,0,1,1.0
Yoon Hyup · Summer in San Sebastian · 2025 Q3,Summer in San Sebastian,2025-06-28,Referral Other,true,1,1,1,0.0
Yoon Hyup · Summer in San Sebastian · 2025 Q3,Summer in San Sebastian,2025-07-04,Direct,true,2,2,2,1.0
Yoon Hyup · Summer in San Sebastian · 2025 Q3,Summer in San Sebastian,2025-07-07,AA Email Man,true,1,1,1,1.0
Yoon Hyup · Summer in San Sebastian · 2025 Q3,Summer in San Sebastian,2025-07-07,Direct,true,1,0,1,0.0
Yoon Hyup · Summer in San Sebastian · 2025 Q3,Summer in San Sebastian,2025-07-07,Referral Artist,true,1,1,1,0.0
Yoon Hyup · Summer in San Sebastian · 2025 Q3,Summer in San Sebastian,2025-07-07,Referral Other,true,1,1,1,0.0
Yoon Hyup · Summer in San Sebastian · 2025 Q3,Summer in San Sebastian,2025-07-08,AA Email Man,true,38,0,38,18.0
Yoon Hyup · Summer in San Sebastian · 2025 Q3,Summer in San Sebastian,2025-07-08,AA Meta,true,8,0,8,4.0
Yoon Hyup · Summer in San Sebastian · 2025 Q3,Summer in San Sebastian,2025-07-08,Direct,true,17,0,17,3.0
Yoon Hyup · Summer in San Sebastian · 2025 Q3,Summer in San Sebastian,2025-07-08,Organic Search,true,2,0,2,2.0
Yoon Hyup · Summer in San Sebastian · 2025 Q3,Summer in San Sebastian,2025-07-08,Paid Social,true,2,0,2,1.0
Yoon Hyup · Summer in San Sebastian · 2025 Q3,Summer in San Sebastian,2025-07-08,Referral Artist,true,10,0,10,5.0
Yoon Hyup · Summer in San Sebastian · 2025 Q3,Summer in San Sebastian,2025-07-08,Referral Meta,true,1,0,1,0.0
Yoon Hyup · Summer in San Sebastian · 2025 Q3,Summer in San Sebastian,2025-07-08,Referral Other,true,5,0,5,1.0
Yoon Hyup · Summer in San Sebastian · 2025 Q3,Summer in San Sebastian,2025-07-09,AA Meta,true,1,0,1,0.0
Yoon Hyup · Summer in San Sebastian · 2025 Q3,Summer in San Sebastian,2025-07-09,Direct,true,1,0,1,0.0
Yoon Hyup · Summer in San Sebastian · 2025 Q3,Summer in San Sebastian,2025-07-16,AA Email Man,true,1,0,1,0.0
Yoon Hyup · Summer in San Sebastian · 2025 Q3,Summer in San Sebastian,2025-11-24,Direct,true,1,0,1,0.0
Yoon Hyup · Summer in San Sebastian · 2025 Q3,Summer in San Sebastian,2026-07-10,Referral Other,true,1,0,1,0.0
Yoon Hyup · Summer in San Sebastian · 2025 Q3,Summer in San Sebastian,2026-07-17,untracked,true,1,0,1,0.0
Yoon Hyup · Summer in San Sebastian · 2025 Q3,Summer in San Sebastian,2026-07-22,Direct,true,1,0,1,0.0
Yu Nagaba · Fishbowl · 2023 Q1,Fishbowl,2023-03-02,Untracked,false,281,0,0,0.0
Yu Nagaba · Fishbowl · 2023 Q1,Fishbowl,2023-03-03,Untracked,false,94,0,0,0.0
Yu Nagaba · Fishbowl · 2023 Q1,Fishbowl,2023-03-05,Untracked,false,1,0,0,0.0
Yu Nagaba · Fishbowl · 2023 Q1,Fishbowl,2023-03-06,Untracked,false,1,0,0,0.0
Yu Nagaba · Fishbowl · 2023 Q1,Fishbowl,2023-03-08,Untracked,false,1,0,0,0.0
Yu Nagaba · Fishbowl · 2023 Q1,Fishbowl,2023-04-03,Untracked,false,1,0,0,0.0
Yu Nagaba · Fishbowl · 2023 Q1,Fishbowl,2023-04-11,Untracked,false,1,0,0,0.0
Yu Nagaba · Fishbowl · 2023 Q1,Fishbowl,2024-10-28,Untracked,false,1,0,0,0.0
Yu Nagaba · Fishbowl · 2023 Q1,Fishbowl,2024-11-05,Untracked,false,1,0,0,0.0
Yuichi Hirako · Green Master / Bloom AP · 2022 Q3,Green Master / Bloom AP,2024-08-15,Referral Other,true,1,0,0,0.0
Yutaka Hashimoto · Study_for_Null_Portrait of someone#166 · 2024 Q1,Study_for_Null_Portrait of someone#166,2024-01-15,AA Email Man,true,3,3,0,0.0
Yutaka Hashimoto · Study_for_Null_Portrait of someone#166 · 2024 Q1,Study_for_Null_Portrait of someone#166,2024-01-15,Direct,true,2,0,0,0.0
Yutaka Hashimoto · Study_for_Null_Portrait of someone#166 · 2024 Q1,Study_for_Null_Portrait of someone#166,2024-01-17,AA Email Man,true,2,2,0,0.0
Yutaka Hashimoto · Study_for_Null_Portrait of someone#166 · 2024 Q1,Study_for_Null_Portrait of someone#166,2024-01-19,Direct,true,1,0,0,0.0
Yutaka Hashimoto · Study_for_Null_Portrait of someone#166 · 2024 Q1,Study_for_Null_Portrait of someone#166,2024-01-20,untracked,true,1,0,0,0.0
Yutaka Hashimoto · Study_for_Null_Portrait of someone#166 · 2024 Q1,Study_for_Null_Portrait of someone#166,2024-01-22,AA Email Auto,true,1,0,0,0.0
Yutaka Hashimoto · Study_for_Null_Portrait of someone#166 · 2024 Q1,Study_for_Null_Portrait of someone#166,2024-01-22,Direct,true,1,0,0,0.0
Yutaka Hashimoto · Study_for_Null_Portrait of someone#166 · 2024 Q1,Study_for_Null_Portrait of someone#166,2024-01-22,Referral Other,true,1,0,0,0.0
Yutaka Hashimoto · Study_for_Null_Portrait of someone#166 · 2024 Q1,Study_for_Null_Portrait of someone#166,2024-01-24,Direct,true,3,0,0,0.0
Yutaka Hashimoto · Study_for_Null_Portrait of someone#166 · 2024 Q1,Study_for_Null_Portrait of someone#166,2024-01-24,untracked,true,1,0,0,0.0
Yutaka Hashimoto · Study_for_Null_Portrait of someone#166 · 2024 Q1,Study_for_Null_Portrait of someone#166,2024-01-25,AA Email Man,true,7,7,0,0.0
Yutaka Hashimoto · Study_for_Null_Portrait of someone#166 · 2024 Q1,Study_for_Null_Portrait of someone#166,2024-01-27,Referral Other,true,1,0,0,0.0
Yutaka Hashimoto · Study_for_Null_Portrait of someone#166 · 2024 Q1,Study_for_Null_Portrait of someone#166,2024-01-29,Direct,true,1,0,0,0.0
Yutaka Hashimoto · Study_for_Null_Portrait of someone#166 · 2024 Q1,Study_for_Null_Portrait of someone#166,2024-01-30,AA Email Man,true,2,0,0,0.0
Yutaka Hashimoto · Study_for_Null_Portrait of someone#166 · 2024 Q1,Study_for_Null_Portrait of someone#166,2024-01-30,AA Meta,true,1,0,0,0.0
Yutaka Hashimoto · Study_for_Null_Portrait of someone#166 · 2024 Q1,Study_for_Null_Portrait of someone#166,2024-01-30,Direct,true,9,0,0,0.0
Yutaka Hashimoto · Study_for_Null_Portrait of someone#166 · 2024 Q1,Study_for_Null_Portrait of someone#166,2024-01-30,Organic Search,true,4,0,0,0.0
Yutaka Hashimoto · Study_for_Null_Portrait of someone#166 · 2024 Q1,Study_for_Null_Portrait of someone#166,2024-01-30,Referral Artist,true,4,0,0,0.0
Yutaka Hashimoto · Study_for_Null_Portrait of someone#166 · 2024 Q1,Study_for_Null_Portrait of someone#166,2024-01-30,Referral Meta,true,1,0,0,0.0
Yutaka Hashimoto · Study_for_Null_Portrait of someone#166 · 2024 Q1,Study_for_Null_Portrait of someone#166,2024-01-30,Referral Other,true,2,0,0,0.0
Yutaka Hashimoto · Study_for_Null_Portrait of someone#166 · 2024 Q1,Study_for_Null_Portrait of someone#166,2024-01-30,untracked,true,2,0,0,0.0
Yutaka Hashimoto · Study_for_Null_Portrait of someone#166 · 2024 Q1,Study_for_Null_Portrait of someone#166,2024-10-24,Paid Social,true,1,0,0,0.0
Zeng Fanzhi · Multiple · 2026 Q3,Ephemerality (13),2026-07-02,untracked,true,1,0,1,0.0
Zeng Fanzhi · Multiple · 2026 Q3,Ephemerality (13),2026-07-28,Referral Other,true,5,5,5,3.0
Zeng Fanzhi · Multiple · 2026 Q3,Ephemerality (13),2026-07-29,Organic Search,true,1,1,1,1.0
Zeng Fanzhi · Multiple · 2026 Q3,Ephemerality (13),2026-07-29,Referral Other,true,3,3,3,1.0
Zeng Fanzhi · Multiple · 2026 Q3,Ephemerality (13),2026-07-30,Referral Other,true,3,3,3,2.0
Zeng Fanzhi · Multiple · 2026 Q3,Ephemerality (13),2026-08-03,AA Email Man,true,2,0,2,0.0
Zeng Fanzhi · Multiple · 2026 Q3,Ephemerality (13),2026-08-03,Organic Search,true,1,0,1,0.0
Zeng Fanzhi · Multiple · 2026 Q3,Ephemerality (13),2026-08-03,Paid Social,true,1,0,1,0.0
Zeng Fanzhi · Multiple · 2026 Q3,Ephemerality (13),2026-08-05,Direct,true,1,0,1,0.0
Zeng Fanzhi · Multiple · 2026 Q3,Ephemerality (13),2026-08-05,Paid Social,true,1,0,1,1.0
Zeng Fanzhi · Multiple · 2026 Q3,Ephemerality (13),2026-08-07,Direct,true,1,0,1,0.0
Zeng Fanzhi · Multiple · 2026 Q3,Ephemerality (13),2026-08-07,Paid Social,true,1,0,1,1.0
Zeng Fanzhi · Multiple · 2026 Q3,Ephemerality (13),2026-08-10,Other,true,1,0,1,0.0
Zeng Fanzhi · Multiple · 2026 Q3,Ephemerality (13),2026-08-10,Paid Social,true,2,0,2,1.0
Zeng Fanzhi · Multiple · 2026 Q3,Ephemerality (13),2026-08-14,untracked,true,1,0,1,0.0
Zeng Fanzhi · Multiple · 2026 Q3,Ephemerality (13),2026-08-26,AA Email Man,true,1,0,1,0.0
Zeng Fanzhi · Multiple · 2026 Q3,Ephemerality (13),2026-08-26,Direct,true,3,0,3,2.0
Zeng Fanzhi · Multiple · 2026 Q3,Ephemerality (13),2026-08-26,Organic Search,true,2,0,2,1.0
Zeng Fanzhi · Multiple · 2026 Q3,Ephemerality (13),2026-08-26,Paid Social,true,3,0,3,2.0
Zeng Fanzhi · Multiple · 2026 Q3,Ephemerality (15),2026-07-28,Referral Other,true,4,4,4,3.0
Zeng Fanzhi · Multiple · 2026 Q3,Ephemerality (15),2026-07-29,AA Email Man,true,1,1,1,1.0
Zeng Fanzhi · Multiple · 2026 Q3,Ephemerality (15),2026-07-29,Organic Search,true,1,1,1,1.0
Zeng Fanzhi · Multiple · 2026 Q3,Ephemerality (15),2026-07-29,Referral Other,true,4,4,4,3.0
Zeng Fanzhi · Multiple · 2026 Q3,Ephemerality (15),2026-07-30,Referral Other,true,2,2,2,0.0
Zeng Fanzhi · Multiple · 2026 Q3,Ephemerality (15),2026-08-03,Direct,true,2,0,2,2.0
Zeng Fanzhi · Multiple · 2026 Q3,Ephemerality (15),2026-08-03,Paid Social,true,1,0,1,0.0
Zeng Fanzhi · Multiple · 2026 Q3,Ephemerality (15),2026-08-04,AA Email Man,true,1,0,1,0.0
Zeng Fanzhi · Multiple · 2026 Q3,Ephemerality (15),2026-08-05,Paid Social,true,1,0,1,1.0
Zeng Fanzhi · Multiple · 2026 Q3,Ephemerality (15),2026-08-07,Paid Social,true,1,0,1,0.0
Zeng Fanzhi · Multiple · 2026 Q3,Ephemerality (15),2026-08-10,AA Email Man,true,1,0,1,0.0
Zeng Fanzhi · Multiple · 2026 Q3,Ephemerality (15),2026-08-10,Paid Social,true,2,0,2,0.0
Zeng Fanzhi · Multiple · 2026 Q3,Ephemerality (15),2026-08-14,AA Email Man,true,1,0,1,1.0
Zeng Fanzhi · Multiple · 2026 Q3,Ephemerality (15),2026-08-14,Organic Search,true,1,0,1,1.0
Zeng Fanzhi · Multiple · 2026 Q3,Ephemerality (15),2026-08-19,Paid Social,true,1,0,1,0.0
Zeng Fanzhi · Multiple · 2026 Q3,Ephemerality (15),2026-08-24,AA Email Man,true,1,0,1,0.0
Zeng Fanzhi · Multiple · 2026 Q3,Ephemerality (15),2026-08-26,AA Email Man,true,1,0,1,1.0
Zeng Fanzhi · Multiple · 2026 Q3,Ephemerality (15),2026-08-26,Organic Search,true,1,0,1,0.0
Zeng Fanzhi · Rainbow (Mask Series 1997 no.8) · 2026 Q3,Rainbow (Mask Series 1997 no.8),2026-06-24,AA Email Man,true,3,3,3,3.0
Zeng Fanzhi · Rainbow (Mask Series 1997 no.8) · 2026 Q3,Rainbow (Mask Series 1997 no.8),2026-06-24,Referral Other,true,19,19,19,10.0
Zeng Fanzhi · Rainbow (Mask Series 1997 no.8) · 2026 Q3,Rainbow (Mask Series 1997 no.8),2026-06-24,untracked,true,1,1,1,1.0
Zeng Fanzhi · Rainbow (Mask Series 1997 no.8) · 2026 Q3,Rainbow (Mask Series 1997 no.8),2026-06-25,Referral Other,true,2,2,2,2.0
Zeng Fanzhi · Rainbow (Mask Series 1997 no.8) · 2026 Q3,Rainbow (Mask Series 1997 no.8),2026-06-26,Referral Other,true,2,2,2,0.0
Zeng Fanzhi · Rainbow (Mask Series 1997 no.8) · 2026 Q3,Rainbow (Mask Series 1997 no.8),2026-06-29,AA Email Man,true,19,0,19,14.0
Zeng Fanzhi · Rainbow (Mask Series 1997 no.8) · 2026 Q3,Rainbow (Mask Series 1997 no.8),2026-06-29,Direct,true,3,0,3,1.0
Zeng Fanzhi · Rainbow (Mask Series 1997 no.8) · 2026 Q3,Rainbow (Mask Series 1997 no.8),2026-06-29,Other,true,1,0,1,0.0
Zeng Fanzhi · Rainbow (Mask Series 1997 no.8) · 2026 Q3,Rainbow (Mask Series 1997 no.8),2026-06-29,Referral Other,true,1,0,1,1.0
Zeng Fanzhi · Rainbow (Mask Series 1997 no.8) · 2026 Q3,Rainbow (Mask Series 1997 no.8),2026-06-29,untracked,true,2,0,2,1.0
Zeng Fanzhi · Rainbow (Mask Series 1997 no.8) · 2026 Q3,Rainbow (Mask Series 1997 no.8),2026-06-30,Direct,true,1,0,1,1.0
Zeng Fanzhi · Rainbow (Mask Series 1997 no.8) · 2026 Q3,Rainbow (Mask Series 1997 no.8),2026-07-01,AA Email Man,true,1,0,1,0.0
Zeng Fanzhi · Rainbow (Mask Series 1997 no.8) · 2026 Q3,Rainbow (Mask Series 1997 no.8),2026-07-06,AA Email Man,true,2,0,2,1.0
Zeng Fanzhi · Rainbow (Mask Series 1997 no.8) · 2026 Q3,Rainbow (Mask Series 1997 no.8),2026-07-06,AA Meta,true,1,0,1,1.0
Zeng Fanzhi · Rainbow (Mask Series 1997 no.8) · 2026 Q3,Rainbow (Mask Series 1997 no.8),2026-07-06,Organic Search,true,2,0,2,1.0
Zeng Fanzhi · Rainbow (Mask Series 1997 no.8) · 2026 Q3,Rainbow (Mask Series 1997 no.8),2026-07-06,Paid Social,true,3,0,3,0.0
Zeng Fanzhi · Rainbow (Mask Series 1997 no.8) · 2026 Q3,Rainbow (Mask Series 1997 no.8),2026-07-06,Referral Meta,true,1,0,1,1.0
Zeng Fanzhi · Rainbow (Mask Series 1997 no.8) · 2026 Q3,Rainbow (Mask Series 1997 no.8),2026-07-06,Referral Other,true,1,0,1,0.0
Zeng Fanzhi · Rainbow (Mask Series 1997 no.8) · 2026 Q3,Rainbow (Mask Series 1997 no.8),2026-07-07,AA Email Man,true,1,0,1,0.0
Zeng Fanzhi · Rainbow (Mask Series 1997 no.8) · 2026 Q3,Rainbow (Mask Series 1997 no.8),2026-07-08,Direct,true,1,0,1,1.0
Zeng Fanzhi · Rainbow (Mask Series 1997 no.8) · 2026 Q3,Rainbow (Mask Series 1997 no.8),2026-07-08,Organic Search,true,2,0,2,1.0
Zeng Fanzhi · Rainbow (Mask Series 1997 no.8) · 2026 Q3,Rainbow (Mask Series 1997 no.8),2026-07-08,Paid Social,true,2,0,2,1.0
Zeng Fanzhi · Rainbow (Mask Series 1997 no.8) · 2026 Q3,Rainbow (Mask Series 1997 no.8),2026-07-08,Referral Other,true,1,0,1,0.0
Zeng Fanzhi · Rainbow (Mask Series 1997 no.8) · 2026 Q3,Rainbow (Mask Series 1997 no.8),2026-07-10,AA Meta,true,1,0,1,1.0
Zeng Fanzhi · Rainbow (Mask Series 1997 no.8) · 2026 Q3,Rainbow (Mask Series 1997 no.8),2026-07-10,Organic Search,true,1,0,1,1.0
Zeng Fanzhi · Rainbow (Mask Series 1997 no.8) · 2026 Q3,Rainbow (Mask Series 1997 no.8),2026-07-10,Paid Social,true,10,0,10,8.0
Zeng Fanzhi · Rainbow (Mask Series 1997 no.8) · 2026 Q3,Rainbow (Mask Series 1997 no.8),2026-07-10,untracked,true,1,0,1,0.0
Zeng Fanzhi · Rainbow (Mask Series 1997 no.8) · 2026 Q3,Rainbow (Mask Series 1997 no.8),2026-07-13,Organic Search,true,1,0,1,1.0
Zeng Fanzhi · Rainbow (Mask Series 1997 no.8) · 2026 Q3,Rainbow (Mask Series 1997 no.8),2026-07-13,Other,true,1,0,1,0.0
Zeng Fanzhi · Rainbow (Mask Series 1997 no.8) · 2026 Q3,Rainbow (Mask Series 1997 no.8),2026-07-13,Paid Social,true,9,0,9,5.0
Zeng Fanzhi · Rainbow (Mask Series 1997 no.8) · 2026 Q3,Rainbow (Mask Series 1997 no.8),2026-07-14,Direct,true,1,0,1,0.0
Zeng Fanzhi · Rainbow (Mask Series 1997 no.8) · 2026 Q3,Rainbow (Mask Series 1997 no.8),2026-07-15,AA Email Man,true,2,0,2,1.0
Zeng Fanzhi · Rainbow (Mask Series 1997 no.8) · 2026 Q3,Rainbow (Mask Series 1997 no.8),2026-07-15,Direct,true,1,0,1,0.0
Zeng Fanzhi · Rainbow (Mask Series 1997 no.8) · 2026 Q3,Rainbow (Mask Series 1997 no.8),2026-07-17,AA Email Man,true,1,0,1,0.0
Zeng Fanzhi · Rainbow (Mask Series 1997 no.8) · 2026 Q3,Rainbow (Mask Series 1997 no.8),2026-07-17,Organic Search,true,2,0,2,0.0
Zeng Fanzhi · Rainbow (Mask Series 1997 no.8) · 2026 Q3,Rainbow (Mask Series 1997 no.8),2026-07-17,Paid Social,true,1,0,1,1.0
Zeng Fanzhi · Rainbow (Mask Series 1997 no.8) · 2026 Q3,Rainbow (Mask Series 1997 no.8),2026-07-20,Organic Search,true,1,0,1,0.0
Zeng Fanzhi · Rainbow (Mask Series 1997 no.8) · 2026 Q3,Rainbow (Mask Series 1997 no.8),2026-07-20,Paid Social,true,1,0,1,0.0
Zeng Fanzhi · Rainbow (Mask Series 1997 no.8) · 2026 Q3,Rainbow (Mask Series 1997 no.8),2026-07-21,untracked,true,2,0,2,0.0
Zeng Fanzhi · Rainbow (Mask Series 1997 no.8) · 2026 Q3,Rainbow (Mask Series 1997 no.8),2026-07-22,AA Email Man,true,19,0,19,6.0
Zeng Fanzhi · Rainbow (Mask Series 1997 no.8) · 2026 Q3,Rainbow (Mask Series 1997 no.8),2026-07-22,AA Meta,true,6,0,6,4.0
Zeng Fanzhi · Rainbow (Mask Series 1997 no.8) · 2026 Q3,Rainbow (Mask Series 1997 no.8),2026-07-22,Direct,true,12,0,12,6.0
Zeng Fanzhi · Rainbow (Mask Series 1997 no.8) · 2026 Q3,Rainbow (Mask Series 1997 no.8),2026-07-22,Organic Search,true,6,0,6,2.0
Zeng Fanzhi · Rainbow (Mask Series 1997 no.8) · 2026 Q3,Rainbow (Mask Series 1997 no.8),2026-07-22,Paid Social,true,26,0,26,18.0
Zeng Fanzhi · Rainbow (Mask Series 1997 no.8) · 2026 Q3,Rainbow (Mask Series 1997 no.8),2026-07-22,Referral Other,true,1,0,1,0.0
Zeng Fanzhi · Rainbow (Mask Series 1997 no.8) · 2026 Q3,Rainbow (Mask Series 1997 no.8),2026-07-22,untracked,true,2,0,2,1.0
Zeng Fanzhi · Rainbow (Mask Series 1997 no.8) · 2026 Q3,Rainbow (Mask Series 1997 no.8),2026-08-07,Direct,true,2,0,2,0.0
Zeng Fanzhi · Rainbow (Mask Series 1997 no.8) · 2026 Q3,Rainbow (Mask Series 1997 no.8),2026-08-17,untracked,true,1,0,1,0.0
Zeng Fanzhi · Rainbow (Mask Series 1997 no.8) · 2026 Q3,Rainbow (Mask Series 1997 no.8),2026-09-02,Direct,true,3,0,3,0.0
Zhang Huan · Amitabha · 2021 Q3,Amitabha,2026-09-10,Referral Other,true,1,0,0,0.0
Zhang Ruyi · Forced Separation · 2024 Q3,Forced Separation,2024-06-21,Organic Search,true,1,0,1,0.0
Zhang Ruyi · Forced Separation · 2024 Q3,Forced Separation,2024-07-01,Organic Search,true,1,0,1,1.0
Zhang Ruyi · Forced Separation · 2024 Q3,Forced Separation,2024-07-16,Organic Search,true,2,0,2,2.0
Zhang Ruyi · Forced Separation · 2024 Q3,Forced Separation,2024-07-19,Direct,true,1,0,1,1.0
Zhang Ruyi · Forced Separation · 2024 Q3,Forced Separation,2025-07-27,Referral Other,true,1,0,1,1.0
Zhang Ruyi · Forced Separation · 2024 Q3,Forced Separation,2026-01-31,Paid Social,true,1,0,1,1.0
